ISO-10303-21;
HEADER;
FILE_DESCRIPTION (( 'STEP AP203' ),
    '1' );
FILE_NAME ('90591A250_Zinc-Plated Steel Hex Nut.STEP',
    '2021-09-15T01:01:13',
    ( 'Administrator' ),
    ( 'Managed by Terraform' ),
    'SwSTEP 2.0',
    'SolidWorks 2017',
    '' );
FILE_SCHEMA (( 'CONFIG_CONTROL_DESIGN' ));
ENDSEC;

DATA;
#1 = CARTESIAN_POINT ( 'NONE',  ( 0.0000000000000000000, 0.04626930998349729200, 0.01771653543307159400 ) ) ;
#2 = CIRCLE ( 'NONE', #1295, 0.1082677165354333100 ) ;
#3 = CARTESIAN_POINT ( 'NONE',  ( -0.03409548833798281600, 0.05905511811025827800, -0.01263123359578752600 ) ) ;
#4 = CARTESIAN_POINT ( 'NONE',  ( 0.01510866044838415700, -0.05863249873571917800, -0.04724409448818899000 ) ) ;
#5 = VERTEX_POINT ( 'NONE', #1535 ) ;
#6 = CARTESIAN_POINT ( 'NONE',  ( 0.04007039786128555700, 0.02313465499174862900, -0.02739501312335945000 ) ) ;
#7 = EDGE_LOOP ( 'NONE', ( #2051, #1477, #786, #1521, #1019, #1232 ) ) ;
#8 = ADVANCED_FACE ( 'NONE', ( #1044 ), #1434, .F. ) ;
#9 = CARTESIAN_POINT ( 'NONE',  ( 2.959098164867040700E-017, 0.1250167905725567400, 0.04724409448818896200 ) ) ;
#10 = EDGE_LOOP ( 'NONE', ( #1540, #456, #1856 ) ) ;
#11 = ORIENTED_EDGE ( 'NONE', *, *, #51, .F. ) ;
#12 = CARTESIAN_POINT ( 'NONE',  ( -0.05801229239004522500, -0.01578165805671808900, -0.04724409448818896200 ) ) ;
#13 = CARTESIAN_POINT ( 'NONE',  ( 0.01631310448108417800, -0.05167927259506352500, 0.04120403249227448700 ) ) ;
#14 = CARTESIAN_POINT ( 'NONE',  ( -0.05342719714838074800, -9.814416896276861300E-018, -0.03887795275590553300 ) ) ;
#15 = VERTEX_POINT ( 'NONE', #1831 ) ;
#16 = CARTESIAN_POINT ( 'NONE',  ( 0.02671359857419038800, -0.04626930998349723700, -0.03231627296587920300 ) ) ;
#17 = CARTESIAN_POINT ( 'NONE',  ( 0.05442668657899959300, 8.006211322231958800E-018, -0.04155017894639081300 ) ) ;
#18 = DIRECTION ( 'NONE',  ( 1.000000000000000000, 0.0000000000000000000, 0.0000000000000000000 ) ) ;
#19 = ADVANCED_FACE ( 'NONE', ( #1096 ), #1331, .F. ) ;
#20 = FACE_OUTER_BOUND ( 'NONE', #671, .T. ) ;
#21 = CARTESIAN_POINT ( 'NONE',  ( 0.0000000000000000000, 0.06012060212079763800, -0.01242618110236177500 ) ) ;
#22 = AXIS2_PLACEMENT_3D ( 'NONE', #1173, #1354, #690 ) ;
#23 = CARTESIAN_POINT ( 'NONE',  ( 0.05114323250695514100, 0.02952755905511817600, 0.02427821522309786900 ) ) ;
#24 = CARTESIAN_POINT ( 'NONE',  ( 0.06012060212079763800, -1.538336318343141000E-015, -0.04724409448818898300 ) ) ;
#25 =( BOUNDED_CURVE ( )  B_SPLINE_CURVE ( 2, ( #175, #1316, #342, #1137, #1131, #3, #1625, #1776, #26 ),
 .UNSPECIFIED., .F., .F. ) 
 B_SPLINE_CURVE_WITH_KNOTS ( ( 3, 2, 2, 2, 3 ),
 ( 0.01342498056069665500, 0.01420972010297278200, 0.01577919918752542000, 0.01734867827207805400, 0.01813341781435435000 ),
 .UNSPECIFIED. ) 
 CURVE ( )  GEOMETRIC_REPRESENTATION_ITEM ( )  RATIONAL_B_SPLINE_CURVE ( ( 0.9330127018922194100, 0.9330127018922357300, 1.000000000000000000, 0.8660254037844388200, 1.000000000000000000, 0.8660254037844388200, 1.000000000000000000, 0.9330127018922209600, 0.9330127018922194100 ) ) 
 REPRESENTATION_ITEM ( '' )  );
#26 = CARTESIAN_POINT ( 'NONE',  ( -0.05905511811023634500, -2.401863396669588400E-017, -0.009350393700787051900 ) ) ;
#27 = DIRECTION ( 'NONE',  ( 0.0000000000000000000, 0.0000000000000000000, 1.000000000000000000 ) ) ;
#28 = CARTESIAN_POINT ( 'NONE',  ( 7.362650295004641100E-018, -0.06012060212079763800, -0.02349901574803150300 ) ) ;
#29 = CARTESIAN_POINT ( 'NONE',  ( 0.06942129163656979300, 4.250828129770007000E-018, -0.05671751968503952600 ) ) ;
#30 = CARTESIAN_POINT ( 'NONE',  ( 0.0000000000000000000, 0.04626930998349725000, -0.02411417322834627900 ) ) ;
#31 = CARTESIAN_POINT ( 'NONE',  ( -0.004172434503391293100, 0.06009455714964164600, -0.04724409448818785900 ) ) ;
#32 = VERTEX_POINT ( 'NONE', #1393 ) ;
#33 = CARTESIAN_POINT ( 'NONE',  ( -0.1082677165354332000, 0.01058853404967257500, -0.04724409448818902400 ) ) ;
#34 = CARTESIAN_POINT ( 'NONE',  ( -0.01483751773819388200, -0.05094510311978681100, 0.04007043202120497100 ) ) ;
#35 = ORIENTED_EDGE ( 'NONE', *, *, #1971, .F. ) ;
#36 = VERTEX_POINT ( 'NONE', #598 ) ;
#37 = CARTESIAN_POINT ( 'NONE',  ( 7.362650295004641100E-018, -0.06012060212079763800, -0.02226870078740127500 ) ) ;
#38 = AXIS2_PLACEMENT_3D ( 'NONE', #613, #762, #1098 ) ;
#39 = ORIENTED_EDGE ( 'NONE', *, *, #479, .F. ) ;
#40 = CARTESIAN_POINT ( 'NONE',  ( -0.04140478498904280600, 0.02230097620622352100, -0.06014429801667566700 ) ) ;
#41 = CARTESIAN_POINT ( 'NONE',  ( 0.0000000000000000000, 0.0000000000000000000, -0.04724409448818896200 ) ) ;
#42 = AXIS2_PLACEMENT_3D ( 'NONE', #1253, #285, #1415 ) ;
#43 = CARTESIAN_POINT ( 'NONE',  ( -0.09943424894521167600, 0.06760840017737072800, -0.04051850128094586900 ) ) ;
#44 = DIRECTION ( 'NONE',  ( 0.8660254037844394800, 0.4999999999999983900, 0.0000000000000000000 ) ) ;
#45 = ADVANCED_FACE ( 'NONE', ( #1922 ), #1682, .F. ) ;
#46 = CARTESIAN_POINT ( 'NONE',  ( -0.06942129163656979300, -1.275248438931002000E-017, -0.04687500000000002800 ) ) ;
#47 = CARTESIAN_POINT ( 'NONE',  ( 0.03849596672596652900, 0.04680051792845389000, -0.04724409448818896200 ) ) ;
#48 = CYLINDRICAL_SURFACE ( 'NONE', #124, 0.05905511811023634500 ) ;
#49 = CARTESIAN_POINT ( 'NONE',  ( 0.03409548833797015900, -0.05905511811023642100, -0.002788713910760662200 ) ) ;
#50 = CARTESIAN_POINT ( 'NONE',  ( 0.0000000000000000000, 0.05905511811023634500, -0.03149606299212597000 ) ) ;
#51 = EDGE_CURVE ( 'NONE', #36, #1333, #577, .T. ) ;
#52 = CARTESIAN_POINT ( 'NONE',  ( 0.05206596872742735900, -0.03006030106039880500, 0.04006725721784890100 ) ) ;
#53 = CARTESIAN_POINT ( 'NONE',  ( 0.05342719714838074800, 3.271472298758954000E-018, -0.009350393700787029300 ) ) ;
#54 = CARTESIAN_POINT ( 'NONE',  ( -0.01166390629447409100, 0.05909922417976705400, -0.04724409448818786500 ) ) ;
#55 = CARTESIAN_POINT ( 'NONE',  ( -0.07249863532867310800, 0.08315968394966696800, -0.04631812580440718100 ) ) ;
#56 = FACE_OUTER_BOUND ( 'NONE', #7, .T. ) ;
#57 = VERTEX_POINT ( 'NONE', #935 ) ;
#58 = CARTESIAN_POINT ( 'NONE',  ( -0.02671359857419036000, -0.04626930998349725700, -0.01591207349081336400 ) ) ;
#59 = CARTESIAN_POINT ( 'NONE',  ( 0.03409548833797013800, 0.05905511811023643500, 0.003772965879265661200 ) ) ;
#60 = EDGE_LOOP ( 'NONE', ( #1048, #2056, #2032 ) ) ;
#61 = DIRECTION ( 'NONE',  ( 1.000000000000000000, 0.0000000000000000000, 0.0000000000000000000 ) ) ;
#62 = ORIENTED_EDGE ( 'NONE', *, *, #1414, .F. ) ;
#63 = CARTESIAN_POINT ( 'NONE',  ( 7.362650295004641100E-018, -0.06012060212079763800, -0.04318405511811052000 ) ) ;
#64 = AXIS2_PLACEMENT_3D ( 'NONE', #1015, #213, #563 ) ;
#65 =( BOUNDED_SURFACE ( )  B_SPLINE_SURFACE ( 1, 2, ( 
 ( #1518, #569, #1824, #1514, #1817, #1673, #730, #1364, #389, #1666, #720, #882, #1813, #1670, #84, #1213, #1779, #1820, #884, #1225, #1662, #1981, #1365, #250, #1388, #1837, #246, #1054, #414, #406, #839, #1531, #523, #679, #1219, #1379, #579, #1680, #1515, #740, #1933, #722, #571, #237, #1626, #1972, #1200, #1986, #231, #1330, #392, #358, #1038, #997, #28, #564, #897, #1994, #1160, #193, #1483, #533, #71, #716, #878, #1032, #63, #1373, #1675, #399, #1522, #734, #891 ),
 ( #1827, #1046, #77, #1399, #299, #530, #1337, #773, #1090, #333, #310, #790, #965, #1429, #1574, #1592, #1448, #952, #488, #1899, #147, #644, #1746, #638, #808, #1105, #1583, #1877, #2058, #782, #480, #958, #120, #1743, #465, #2052, #624, #628, #1259, #1288, #1730, #1117, #282, #945, #635, #1736, #1421, #472, #298, #1883, #800, #797, #1891, #1565, #1722, #2037, #144, #135, #938, #1274, #1896, #1280, #483, #304, #2046, #2034, #1095, #129, #1266, #290, #1435, #1112, #1443 ) ),
 .UNSPECIFIED., .F., .F., .F. ) 
 B_SPLINE_SURFACE_WITH_KNOTS ( ( 2, 2 ),
 ( 3, 2, 2, 2, 2, 2, 2, 2, 2, 2, 2, 2, 2, 2, 2, 2, 2, 2, 2, 2, 2, 2, 2, 2, 2, 2, 2, 2, 2, 2, 2, 2, 2, 2, 2, 2, 3 ),
 ( 0.0000000000000000000, 1.000000000000000000 ),
 ( 0.0000000000000000000, 0.02777777777777777600, 0.05555555555555555200, 0.08333333333333332900, 0.1111111111111111000, 0.1388888888888889000, 0.1666666666666666600, 0.1944444444444444500, 0.2222222222222222100, 0.2500000000000000000, 0.2777777777777777900, 0.3055555555555555800, 0.3333333333333333100, 0.3611111111111111000, 0.3888888888888889000, 0.4166666666666666900, 0.4444444444444444200, 0.4722222222222222100, 0.5000000000000000000, 0.5277777777777777900, 0.5555555555555555800, 0.5833333333333333700, 0.6111111111111111600, 0.6388888888888888400, 0.6666666666666666300, 0.6944444444444444200, 0.7222222222222222100, 0.7500000000000000000, 0.7777777777777777900, 0.8055555555555555800, 0.8333333333333333700, 0.8611111111111111600, 0.8888888888888888400, 0.9166666666666666300, 0.9444444444444444200, 0.9665423619280527600, 0.9762077855473333400 ),
 .UNSPECIFIED. ) 
 GEOMETRIC_REPRESENTATION_ITEM ( )  RATIONAL_B_SPLINE_SURFACE ( (
 ( 1.000000000000000000, 0.8660254037844387100, 1.000000000000000000, 0.8660254037844387100, 1.000000000000000000, 0.8660254037844387100, 1.000000000000000000, 0.8660254037844387100, 1.000000000000000000, 0.8660254037844387100, 1.000000000000000000, 0.8660254037844387100, 1.000000000000000000, 0.8660254037844387100, 1.000000000000000000, 0.8660254037844387100, 1.000000000000000000, 0.8660254037844387100, 1.000000000000000000, 0.8660254037844387100, 1.000000000000000000, 0.8660254037844387100, 1.000000000000000000, 0.8660254037844387100, 1.000000000000000000, 0.8660254037844387100, 1.000000000000000000, 0.8660254037844387100, 1.000000000000000000, 0.8660254037844387100, 1.000000000000000000, 0.8660254037844387100, 1.000000000000000000, 0.8660254037844387100, 1.000000000000000000, 0.8660254037844387100, 1.000000000000000000, 0.8660254037844387100, 1.000000000000000000, 0.8660254037844387100, 1.000000000000000000, 0.8660254037844387100, 1.000000000000000000, 0.8660254037844387100, 1.000000000000000000, 0.8660254037844387100, 1.000000000000000000, 0.8660254037844387100, 1.000000000000000000, 0.8660254037844387100, 1.000000000000000000, 0.8660254037844387100, 1.000000000000000000, 0.8660254037844387100, 1.000000000000000000, 0.8660254037844387100, 1.000000000000000000, 0.8660254037844387100, 1.000000000000000000, 0.8660254037844387100, 1.000000000000000000, 0.8660254037844387100, 1.000000000000000000, 0.8660254037844387100, 1.000000000000000000, 0.8660254037844387100, 1.000000000000000000, 0.8660254037844387100, 1.000000000000000000, 0.8934198554054361100, 0.9564140561370759700, 0.9564140561370759700, 0.9564140561370759700),
 ( 1.000000000000000000, 0.8660254037844387100, 1.000000000000000000, 0.8660254037844387100, 1.000000000000000000, 0.8660254037844387100, 1.000000000000000000, 0.8660254037844387100, 1.000000000000000000, 0.8660254037844387100, 1.000000000000000000, 0.8660254037844387100, 1.000000000000000000, 0.8660254037844387100, 1.000000000000000000, 0.8660254037844387100, 1.000000000000000000, 0.8660254037844387100, 1.000000000000000000, 0.8660254037844387100, 1.000000000000000000, 0.8660254037844387100, 1.000000000000000000, 0.8660254037844387100, 1.000000000000000000, 0.8660254037844387100, 1.000000000000000000, 0.8660254037844387100, 1.000000000000000000, 0.8660254037844387100, 1.000000000000000000, 0.8660254037844387100, 1.000000000000000000, 0.8660254037844387100, 1.000000000000000000, 0.8660254037844387100, 1.000000000000000000, 0.8660254037844387100, 1.000000000000000000, 0.8660254037844387100, 1.000000000000000000, 0.8660254037844387100, 1.000000000000000000, 0.8660254037844387100, 1.000000000000000000, 0.8660254037844387100, 1.000000000000000000, 0.8660254037844387100, 1.000000000000000000, 0.8660254037844387100, 1.000000000000000000, 0.8660254037844387100, 1.000000000000000000, 0.8660254037844387100, 1.000000000000000000, 0.8660254037844387100, 1.000000000000000000, 0.8660254037844387100, 1.000000000000000000, 0.8660254037844387100, 1.000000000000000000, 0.8660254037844387100, 1.000000000000000000, 0.8660254037844387100, 1.000000000000000000, 0.8660254037844387100, 1.000000000000000000, 0.8660254037844387100, 1.000000000000000000, 0.8934198554054361100, 0.9564140561370759700, 0.9564140561370759700, 0.9564140561370759700) ) ) 
 REPRESENTATION_ITEM ( '' )  SURFACE ( )  );
#66 = B_SPLINE_CURVE_WITH_KNOTS ( 'NONE', 3,
 ( #761, #596, #1076, #1695, #754, #769 ),
 .UNSPECIFIED., .F., .F.,
 ( 4, 2, 4 ),
 ( 0.01015424562801886700, 0.01095756196919233300, 0.01176087831036580000 ),
 .UNSPECIFIED. ) ;
#67 = CARTESIAN_POINT ( 'NONE',  ( 0.04007039786128556400, -0.02313465499174861500, -0.01099081364829361500 ) ) ;
#68 = CARTESIAN_POINT ( 'NONE',  ( 0.04007039786128556400, -0.02313465499174861500, 0.05052493438320324000 ) ) ;
#69 = CARTESIAN_POINT ( 'NONE',  ( -0.02671359857419039800, 0.04626930998349723000, 0.01689632545931830600 ) ) ;
#70 = CARTESIAN_POINT ( 'NONE',  ( 0.03568816752523808200, -0.1044122174449757400, -0.04724409448818933000 ) ) ;
#71 = CARTESIAN_POINT ( 'NONE',  ( 0.05206596872742735200, 0.03006030106039882600, -0.03662237532808417700 ) ) ;
#72 = CARTESIAN_POINT ( 'NONE',  ( -0.06544890403616283900, -0.006880377151261480800, -0.06618457047831310900 ) ) ;
#73 = FACE_BOUND ( 'NONE', #2007, .T. ) ;
#74 = CARTESIAN_POINT ( 'NONE',  ( 0.0000000000000000000, 0.04626930998349725000, 0.01525590551181172500 ) ) ;
#75 = CARTESIAN_POINT ( 'NONE',  ( 0.03409548833797011700, -0.05905511811023633800, -0.04215879265091872900 ) ) ;
#76 = EDGE_CURVE ( 'NONE', #1100, #751, #439, .T. ) ;
#77 = CARTESIAN_POINT ( 'NONE',  ( 0.04007039786128555700, 0.02313465499174862900, 0.05380577427821640900 ) ) ;
#78 = CARTESIAN_POINT ( 'NONE',  ( 0.05905511811023632400, -8.842757468402484300E-013, 0.0004921259842033140600 ) ) ;
#79 = B_SPLINE_CURVE_WITH_KNOTS ( 'NONE', 3,
 ( #1209, #1371, #1970, #1503, #228, #1530 ),
 .UNSPECIFIED., .F., .F.,
 ( 4, 2, 4 ),
 ( 0.008273727765215285100, 0.008853338932077972600, 0.009432950098940660200 ),
 .UNSPECIFIED. ) ;
#80 = CARTESIAN_POINT ( 'NONE',  ( 0.05905511811023634500, -0.01582377120656238600, 0.002073657505147695800 ) ) ;
#81 = CARTESIAN_POINT ( 'NONE',  ( -0.03740308463080464800, 0.04733160336135272500, 0.04724409448818869100 ) ) ;
#82 = ORIENTED_EDGE ( 'NONE', *, *, #975, .T. ) ;
#83 = ORIENTED_EDGE ( 'NONE', *, *, #2050, .T. ) ;
#84 = CARTESIAN_POINT ( 'NONE',  ( 0.05206596872742735200, 0.03006030106039882600, 0.04211778215223183100 ) ) ;
#85 = ORIENTED_EDGE ( 'NONE', *, *, #51, .T. ) ;
#86 = CARTESIAN_POINT ( 'NONE',  ( 0.0000000000000000000, 0.0000000000000000000, -0.04724409448818896200 ) ) ;
#87 = CARTESIAN_POINT ( 'NONE',  ( 0.02671359857419036700, 0.04626930998349724300, 0.05544619422572298600 ) ) ;
#88 = CARTESIAN_POINT ( 'NONE',  ( -0.02890418385546575400, 0.04103362134297790200, -0.03720310512917023000 ) ) ;
#89 = EDGE_CURVE ( 'NONE', #5, #1669, #1642, .T. ) ;
#90 =( BOUNDED_CURVE ( )  B_SPLINE_CURVE ( 2, ( #674, #1775, #1141, #836, #993, #153, #1294, #319, #831, #494, #1, #506, #811, #1752, #1130, #1464, #988, #159, #1301, #325, #499, #1603, #656, #817, #173, #976, #1135, #167, #1315, #1308, #332, #660, #823, #197, #859, #210, #548, #1651, #1810, #527, #1637, #361, #1327 ),
 .UNSPECIFIED., .F., .F. ) 
 B_SPLINE_CURVE_WITH_KNOTS ( ( 3, 2, 2, 2, 2, 2, 2, 2, 2, 2, 2, 2, 2, 2, 2, 2, 2, 2, 2, 2, 2, 3 ),
 ( 0.2079371552300692000, 0.2299146224475200600, 0.2586539502534604400, 0.2873932780594008500, 0.3161326058653412500, 0.3448719336712816100, 0.3736112614772220100, 0.4023505892831623600, 0.4310899170891028300, 0.4598292448950431800, 0.4885685727009835300, 0.5173079005069238800, 0.5460472283128643400, 0.5747865561188046900, 0.6035258839247451500, 0.6322652117306855100, 0.6610045395366258600, 0.6897438673425662100, 0.7184831951485065600, 0.7472225229544469100, 0.7759618507603873700, 0.7924296081918971200 ),
 .UNSPECIFIED. ) 
 CURVE ( )  GEOMETRIC_REPRESENTATION_ITEM ( )  RATIONAL_B_SPLINE_CURVE ( ( 0.9517893381323985200, 0.8975472802919870500, 1.000000000000000000, 0.8660254037844387100, 1.000000000000000000, 0.8660254037844387100, 1.000000000000000000, 0.8660254037844387100, 1.000000000000000000, 0.8660254037844387100, 1.000000000000000000, 0.8660254037844387100, 1.000000000000000000, 0.8660254037844387100, 1.000000000000000000, 0.8660254037844387100, 1.000000000000000000, 0.8660254037844387100, 1.000000000000000000, 0.8660254037844387100, 1.000000000000000000, 0.8660254037844387100, 1.000000000000000000, 0.8660254037844387100, 1.000000000000000000, 0.8660254037844387100, 1.000000000000000000, 0.8660254037844387100, 1.000000000000000000, 0.8660254037844387100, 1.000000000000000000, 0.8660254037844387100, 1.000000000000000000, 0.8660254037844387100, 1.000000000000000000, 0.8660254037844387100, 1.000000000000000000, 0.8660254037844387100, 1.000000000000000000, 0.8660254037844387100, 1.000000000000000000, 0.9232319848480838900, 0.9344407700275174600 ) ) 
 REPRESENTATION_ITEM ( '' )  );
#91 = DIRECTION ( 'NONE',  ( -0.0000000000000000000, -0.0000000000000000000, -1.000000000000000000 ) ) ;
#92 = AXIS2_PLACEMENT_3D ( 'NONE', #41, #220, #706 ) ;
#93 = CARTESIAN_POINT ( 'NONE',  ( 5.666356237004658600E-018, -0.04626930998349725000, -0.05118110236220494600 ) ) ;
#94 = LOCAL_TIME ( 20, 1, 13.00000000000000000, #1991 ) ;
#95 = CARTESIAN_POINT ( 'NONE',  ( 0.0000000000000000000, -1.067128122525102800E-017, -0.04724409448818896200 ) ) ;
#96 = CARTESIAN_POINT ( 'NONE',  ( -0.05905511811023628900, -0.01582377120656247900, 0.01367437399091637500 ) ) ;
#97 = APPROVAL_STATUS ( 'not_yet_approved' ) ;
#98 = CARTESIAN_POINT ( 'NONE',  ( -0.05413385826771647400, 0.09376259292941786800, -0.04724409448818896200 ) ) ;
#99 = CARTESIAN_POINT ( 'NONE',  ( 0.0000000000000000000, 0.04626930998349725000, -0.02165354330708643300 ) ) ;
#100 = CARTESIAN_POINT ( 'NONE',  ( 0.05114323250695518300, 0.02952755905511820000, 0.02181758530183805500 ) ) ;
#101 = EDGE_CURVE ( 'NONE', #1529, #265, #337, .T. ) ;
#102 = CARTESIAN_POINT ( 'NONE',  ( 0.02646040228435715300, -0.05032671472353259000, -0.04371348226316557800 ) ) ;
#103 = CARTESIAN_POINT ( 'NONE',  ( 0.05705472124648497400, -0.01935989882561743200, 0.04724409448818899700 ) ) ;
#104 = FACE_OUTER_BOUND ( 'NONE', #1051, .T. ) ;
#105 = CARTESIAN_POINT ( 'NONE',  ( 0.05854505493354463000, 0.01575818707552390300, 0.04724409448818300800 ) ) ;
#106 = CARTESIAN_POINT ( 'NONE',  ( -0.05413385826771647400, 0.09376259292941786800, -0.04724409448818896200 ) ) ;
#107 = CARTESIAN_POINT ( 'NONE',  ( 5.666356237004658600E-018, -0.04626930998349725000, 0.02755905511811106900 ) ) ;
#108 = ORIENTED_EDGE ( 'NONE', *, *, #998, .T. ) ;
#109 = CARTESIAN_POINT ( 'NONE',  ( 0.04732266654138385400, 0.02568802374410076100, -0.04055122302701189700 ) ) ;
#110 = ORIENTED_EDGE ( 'NONE', *, *, #1546, .T. ) ;
#111 = CARTESIAN_POINT ( 'NONE',  ( 0.1082677165354327500, -0.06250839528628260300, 0.03757401208418190800 ) ) ;
#112 = CARTESIAN_POINT ( 'NONE',  ( 0.1082677165354327300, -0.01057991308003364100, 0.04724409448818929500 ) ) ;
#113 = CARTESIAN_POINT ( 'NONE',  ( -0.05801229239004522500, -0.01578165805671808900, -0.04724409448818896200 ) ) ;
#114 = ORIENTED_EDGE ( 'NONE', *, *, #986, .T. ) ;
#115 = CARTESIAN_POINT ( 'NONE',  ( 0.03012658352660641000, 0.05217619179918976000, 0.04724409448818895500 ) ) ;
#116 = CARTESIAN_POINT ( 'NONE',  ( -0.02671359857419036000, -0.04626930998349725700, 0.04314304461942364300 ) ) ;
#117 = CARTESIAN_POINT ( 'NONE',  ( -0.05342719714838074800, -9.814416896276861300E-018, 0.002952755905512314100 ) ) ;
#118 = DIRECTION ( 'NONE',  ( 0.0000000000000000000, 0.0000000000000000000, 1.000000000000000000 ) ) ;
#119 = EDGE_CURVE ( 'NONE', #1455, #956, #1089, .T. ) ;
#120 = CARTESIAN_POINT ( 'NONE',  ( -0.04007039786128555000, -0.02313465499174864600, 0.004593175853018900000 ) ) ;
#121 = CARTESIAN_POINT ( 'NONE',  ( -0.03615692286924326900, -0.04677612644361207200, -0.04599072391346022800 ) ) ;
#122 = APPROVAL_ROLE ( '' ) ;
#123 = CARTESIAN_POINT ( 'NONE',  ( -0.05295800116400207300, -0.02936143180721125700, -0.04724409448818890600 ) ) ;
#124 = AXIS2_PLACEMENT_3D ( 'NONE', #572, #559, #748 ) ;
#125 = CIRCLE ( 'NONE', #2002, 0.1082677165354333100 ) ;
#126 = CARTESIAN_POINT ( 'NONE',  ( 0.04056825503836925000, 0.04340026595110543800, 0.04533673600109296800 ) ) ;
#127 = CARTESIAN_POINT ( 'NONE',  ( 0.0000000000000000000, 0.04626930998349725000, 0.03740157480315057400 ) ) ;
#128 = CIRCLE ( 'NONE', #1715, 0.06012060212079777700 ) ;
#129 = CARTESIAN_POINT ( 'NONE',  ( -0.02671359857419036000, -0.04626930998349725700, -0.05282152230971153000 ) ) ;
#130 = CARTESIAN_POINT ( 'NONE',  ( 0.06332225008511191400, -0.08845767244022426100, 0.04724409448818935000 ) ) ;
#131 = CARTESIAN_POINT ( 'NONE',  ( -0.04781790142519173900, -0.03665200343388145400, 0.04724409448818942700 ) ) ;
#132 = DIRECTION ( 'NONE',  ( -1.000000000000000000, 0.0000000000000000000, 0.0000000000000000000 ) ) ;
#133 = CARTESIAN_POINT ( 'NONE',  ( 0.0000000000000000000, 0.04626930998349725000, 0.03494094488189072900 ) ) ;
#134 =( BOUNDED_SURFACE ( )  B_SPLINE_SURFACE ( 1, 2, ( 
 ( #1528, #87, #1196, #719, #68, #568, #728, #1218, #737, #2031, #1551, #937, #127, #764, #1411, #449, #1876, #267, #107, #1241, #460, #1557, #617, #288, #779, #1705, #2023, #1403, #1236, #438, #623, #1087, #280, #117, #1711, #260, #1394, #1265, #1064, #1093, #913, #1427, #1728, #1868, #430, #1250, #1072, #1542, #99, #2017, #1564, #2003, #469, #772, #929, #1720, #1418, #1080, #606, #1572, #789, #600, #1861, #627, #1257, #1881, #93, #1698, #759, #919, #1851, #274, #2010 ),
 ( #1581, #141, #2045, #302, #2035, #1278, #944, #1890, #296, #1272, #478, #1102, #133, #1441, #1433, #632, #1735, #949, #794, #1110, #2064, #1756, #562, #69, #543, #1155, #830, #1921, #196, #518, #1936, #1320, #1140, #1341, #1472, #513, #367, #1002, #858, #695, #187, #338, #987, #355, #1335, #1012, #1622, #360, #30, #689, #1796, #172, #1494, #16, #205, #1314, #1148, #1636, #1487, #849, #1165, #1789, #1172, #1614, #536, #179, #348, #666, #1944, #673, #1007, #40, #1644 ) ),
 .UNSPECIFIED., .F., .F., .F. ) 
 B_SPLINE_SURFACE_WITH_KNOTS ( ( 2, 2 ),
 ( 3, 2, 2, 2, 2, 2, 2, 2, 2, 2, 2, 2, 2, 2, 2, 2, 2, 2, 2, 2, 2, 2, 2, 2, 2, 2, 2, 2, 2, 2, 2, 2, 2, 2, 2, 2, 3 ),
 ( 0.0000000000000000000, 1.000000000000000000 ),
 ( 0.0000000000000000000, 0.02777777777777777600, 0.05555555555555555200, 0.08333333333333332900, 0.1111111111111111000, 0.1388888888888889000, 0.1666666666666666600, 0.1944444444444444500, 0.2222222222222222100, 0.2500000000000000000, 0.2777777777777777900, 0.3055555555555555800, 0.3333333333333333100, 0.3611111111111111000, 0.3888888888888889000, 0.4166666666666666900, 0.4444444444444444200, 0.4722222222222222100, 0.5000000000000000000, 0.5277777777777777900, 0.5555555555555555800, 0.5833333333333333700, 0.6111111111111111600, 0.6388888888888888400, 0.6666666666666666300, 0.6944444444444444200, 0.7222222222222222100, 0.7500000000000000000, 0.7777777777777777900, 0.8055555555555555800, 0.8333333333333333700, 0.8611111111111111600, 0.8888888888888888400, 0.9166666666666666300, 0.9444444444444444200, 0.9665418982571633000, 0.9762073172397349700 ),
 .UNSPECIFIED. ) 
 GEOMETRIC_REPRESENTATION_ITEM ( )  RATIONAL_B_SPLINE_SURFACE ( (
 ( 1.000000000000000000, 0.8660254037844387100, 1.000000000000000000, 0.8660254037844387100, 1.000000000000000000, 0.8660254037844387100, 1.000000000000000000, 0.8660254037844387100, 1.000000000000000000, 0.8660254037844387100, 1.000000000000000000, 0.8660254037844387100, 1.000000000000000000, 0.8660254037844387100, 1.000000000000000000, 0.8660254037844387100, 1.000000000000000000, 0.8660254037844387100, 1.000000000000000000, 0.8660254037844387100, 1.000000000000000000, 0.8660254037844387100, 1.000000000000000000, 0.8660254037844387100, 1.000000000000000000, 0.8660254037844387100, 1.000000000000000000, 0.8660254037844387100, 1.000000000000000000, 0.8660254037844387100, 1.000000000000000000, 0.8660254037844387100, 1.000000000000000000, 0.8660254037844387100, 1.000000000000000000, 0.8660254037844387100, 1.000000000000000000, 0.8660254037844387100, 1.000000000000000000, 0.8660254037844387100, 1.000000000000000000, 0.8660254037844387100, 1.000000000000000000, 0.8660254037844387100, 1.000000000000000000, 0.8660254037844387100, 1.000000000000000000, 0.8660254037844387100, 1.000000000000000000, 0.8660254037844387100, 1.000000000000000000, 0.8660254037844387100, 1.000000000000000000, 0.8660254037844387100, 1.000000000000000000, 0.8660254037844387100, 1.000000000000000000, 0.8660254037844387100, 1.000000000000000000, 0.8660254037844387100, 1.000000000000000000, 0.8660254037844387100, 1.000000000000000000, 0.8660254037844387100, 1.000000000000000000, 0.8660254037844387100, 1.000000000000000000, 0.8660254037844387100, 1.000000000000000000, 0.8934220917297630600, 0.9564114126524840800, 0.9564114126524840800, 0.9564114126524840800),
 ( 1.000000000000000000, 0.8660254037844387100, 1.000000000000000000, 0.8660254037844387100, 1.000000000000000000, 0.8660254037844387100, 1.000000000000000000, 0.8660254037844387100, 1.000000000000000000, 0.8660254037844387100, 1.000000000000000000, 0.8660254037844387100, 1.000000000000000000, 0.8660254037844387100, 1.000000000000000000, 0.8660254037844387100, 1.000000000000000000, 0.8660254037844387100, 1.000000000000000000, 0.8660254037844387100, 1.000000000000000000, 0.8660254037844387100, 1.000000000000000000, 0.8660254037844387100, 1.000000000000000000, 0.8660254037844387100, 1.000000000000000000, 0.8660254037844387100, 1.000000000000000000, 0.8660254037844387100, 1.000000000000000000, 0.8660254037844387100, 1.000000000000000000, 0.8660254037844387100, 1.000000000000000000, 0.8660254037844387100, 1.000000000000000000, 0.8660254037844387100, 1.000000000000000000, 0.8660254037844387100, 1.000000000000000000, 0.8660254037844387100, 1.000000000000000000, 0.8660254037844387100, 1.000000000000000000, 0.8660254037844387100, 1.000000000000000000, 0.8660254037844387100, 1.000000000000000000, 0.8660254037844387100, 1.000000000000000000, 0.8660254037844387100, 1.000000000000000000, 0.8660254037844387100, 1.000000000000000000, 0.8660254037844387100, 1.000000000000000000, 0.8660254037844387100, 1.000000000000000000, 0.8660254037844387100, 1.000000000000000000, 0.8660254037844387100, 1.000000000000000000, 0.8660254037844387100, 1.000000000000000000, 0.8660254037844387100, 1.000000000000000000, 0.8660254037844387100, 1.000000000000000000, 0.8934220917297630600, 0.9564114126524840800, 0.9564114126524840800, 0.9564114126524840800) ) ) 
 REPRESENTATION_ITEM ( '' )  SURFACE ( )  );
#135 = CARTESIAN_POINT ( 'NONE',  ( -0.05342719714838074800, -9.814416896276861300E-018, -0.03641732283464568800 ) ) ;
#136 = VERTEX_POINT ( 'NONE', #271 ) ;
#137 = CARTESIAN_POINT ( 'NONE',  ( 0.1082677165354327500, -0.05232608165359453600, -0.04051339284258087500 ) ) ;
#138 = CARTESIAN_POINT ( 'NONE',  ( -0.03409548833798278800, -0.05905511811025837600, -0.02575459317584017800 ) ) ;
#139 = ORIENTED_EDGE ( 'NONE', *, *, #2000, .T. ) ;
#140 = DIRECTION ( 'NONE',  ( 0.0000000000000000000, 0.0000000000000000000, -1.000000000000000000 ) ) ;
#141 = CARTESIAN_POINT ( 'NONE',  ( 0.02671359857419036700, 0.04626930998349724300, 0.05298556430446314100 ) ) ;
#142 = ORIENTED_EDGE ( 'NONE', *, *, #540, .T. ) ;
#143 = ORIENTED_EDGE ( 'NONE', *, *, #1763, .T. ) ;
#144 = CARTESIAN_POINT ( 'NONE',  ( -0.04007039786128555000, -0.02313465499174864600, -0.03477690288713910400 ) ) ;
#145 = CARTESIAN_POINT ( 'NONE',  ( -0.02619448964807919600, -0.03814050023827204900, -0.03339280235088849100 ) ) ;
#146 = CARTESIAN_POINT ( 'NONE',  ( 0.05413385826771639100, -0.09376259292941734000, 0.04724409448818896200 ) ) ;
#147 = CARTESIAN_POINT ( 'NONE',  ( -0.04007039786128555000, -0.02313465499174864600, 0.02427821522309790000 ) ) ;
#148 = CARTESIAN_POINT ( 'NONE',  ( 0.0000000000000000000, 0.0000000000000000000, -0.04724409448818896200 ) ) ;
#149 = VECTOR ( 'NONE', #1058, 39.37007874015748900 ) ;
#150 = CARTESIAN_POINT ( 'NONE',  ( 0.02940996589735782700, -0.04655757380545460400, 0.04173894154237959400 ) ) ;
#151 = CC_DESIGN_APPROVAL ( #1791, ( #886 ) ) ;
#152 = CARTESIAN_POINT ( 'NONE',  ( -0.02671359857419039800, 0.04626930998349723000, -0.04215879265091870100 ) ) ;
#153 = CARTESIAN_POINT ( 'NONE',  ( -0.02671359857419038100, -0.04626930998349729200, 0.02591863517060451600 ) ) ;
#154 = DIRECTION ( 'NONE',  ( 0.0000000000000000000, 0.0000000000000000000, 1.000000000000000000 ) ) ;
#155 = CARTESIAN_POINT ( 'NONE',  ( -0.03922882094140011500, -0.04612472445943374000, -0.04724409448818895500 ) ) ;
#156 = CARTESIAN_POINT ( 'NONE',  ( -0.02671359857419036000, -0.04626930998349725700, -0.05528215223097136800 ) ) ;
#157 = EDGE_CURVE ( 'NONE', #826, #136, #1693, .T. ) ;
#158 = FACE_OUTER_BOUND ( 'NONE', #702, .T. ) ;
#159 = CARTESIAN_POINT ( 'NONE',  ( -0.02671359857419038100, -0.04626930998349729200, 0.006233595800525511100 ) ) ;
#160 = ORIENTED_EDGE ( 'NONE', *, *, #498, .T. ) ;
#161 = AXIS2_PLACEMENT_3D ( 'NONE', #393, #91, #1239 ) ;
#162 = CARTESIAN_POINT ( 'NONE',  ( 0.05905511811023631000, 0.01582377120656246200, -0.01585318506420212900 ) ) ;
#163 = DIRECTION ( 'NONE',  ( 0.7071067811865486800, 0.0000000000000000000, 0.7071067811865462400 ) ) ;
#164 = VERTEX_POINT ( 'NONE', #1108 ) ;
#165 = ORIENTED_EDGE ( 'NONE', *, *, #1111, .F. ) ;
#166 = CARTESIAN_POINT ( 'NONE',  ( 0.05342719714838074800, 3.271472298758954400E-018, 0.03001968503937097600 ) ) ;
#167 = CARTESIAN_POINT ( 'NONE',  ( 0.02671359857419041200, -0.04626930998349728500, -0.01017060367454032300 ) ) ;
#168 = CARTESIAN_POINT ( 'NONE',  ( 0.04997049283857755300, -0.03418837632965389400, -0.04724409448819140400 ) ) ;
#169 = CARTESIAN_POINT ( 'NONE',  ( 0.04007039786128556400, -0.02313465499174861500, -0.03067585301837262200 ) ) ;
#170 = VECTOR ( 'NONE', #1214, 39.37007874015748100 ) ;
#171 = AXIS2_PLACEMENT_3D ( 'NONE', #95, #433, #1544 ) ;
#172 = CARTESIAN_POINT ( 'NONE',  ( 0.05342719714838074800, 3.271472298758954400E-018, -0.02903543307086603500 ) ) ;
#173 = CARTESIAN_POINT ( 'NONE',  ( 0.04007039786128559200, 0.02313465499174865000, -0.005249343832020572300 ) ) ;
#174 = FACE_OUTER_BOUND ( 'NONE', #1262, .T. ) ;
#175 = CARTESIAN_POINT ( 'NONE',  ( 0.05905511811023634500, 8.483152768142064600E-015, -0.01919291338582608900 ) ) ;
#176 = CARTESIAN_POINT ( 'NONE',  ( -0.02671359857419039800, 0.04626930998349723000, 0.03658136482939731300 ) ) ;
#177 = CARTESIAN_POINT ( 'NONE',  ( -0.03409548833798592400, -0.05905511811026380900, 0.03330052493439995800 ) ) ;
#178 = ADVANCED_FACE ( 'NONE', ( #1661 ), #2024, .F. ) ;
#179 = CARTESIAN_POINT ( 'NONE',  ( 0.02671359857419038800, -0.04626930998349723700, -0.05200131233595820700 ) ) ;
#180 = DIRECTION ( 'NONE',  ( 0.0000000000000000000, 0.0000000000000000000, 1.000000000000000000 ) ) ;
#181 = CARTESIAN_POINT ( 'NONE',  ( 0.02199847620868277500, 0.04070523419469510700, 0.03339280235088849100 ) ) ;
#182 = CARTESIAN_POINT ( 'NONE',  ( -0.04431338334450478400, -0.02709216001750380500, 0.03859044491322850800 ) ) ;
#183 = ORIENTED_EDGE ( 'NONE', *, *, #324, .T. ) ;
#184 = CARTESIAN_POINT ( 'NONE',  ( 0.05206596872742735900, -0.03006030106039880500, 0.0006971784776908948800 ) ) ;
#185 = EDGE_CURVE ( 'NONE', #1805, #806, #1124, .T. ) ;
#186 = ORIENTED_EDGE ( 'NONE', *, *, #1854, .T. ) ;
#187 = CARTESIAN_POINT ( 'NONE',  ( 0.04007039786128556400, -0.02313465499174861500, -0.01099081364829361500 ) ) ;
#188 = CARTESIAN_POINT ( 'NONE',  ( 0.04864174263871599800, 0.03553570894752813800, -0.04724409448818660300 ) ) ;
#189 = VERTEX_POINT ( 'NONE', #1577 ) ;
#190 = AXIS2_PLACEMENT_3D ( 'NONE', #1203, #1367, #1650 ) ;
#191 = CARTESIAN_POINT ( 'NONE',  ( -0.05973893998735307200, 0.006763567738604134300, -0.04724409448818980100 ) ) ;
#192 = CARTESIAN_POINT ( 'NONE',  ( 0.04494546645032053400, 0.09906751341861094700, -0.04724409448818914200 ) ) ;
#193 = CARTESIAN_POINT ( 'NONE',  ( -0.03471064581828493800, 0.06012060212079762400, -0.03170111548556443800 ) ) ;
#194 = CARTESIAN_POINT ( 'NONE',  ( -0.03471064581828488300, -0.06012060212079765900, 0.03514599737532914800 ) ) ;
#195 = ORIENTED_EDGE ( 'NONE', *, *, #841, .T. ) ;
#196 = CARTESIAN_POINT ( 'NONE',  ( 0.04007039786128556400, -0.02313465499174861500, 0.008694225721785390000 ) ) ;
#197 = CARTESIAN_POINT ( 'NONE',  ( -0.02671359857419042200, 0.04626930998349726400, -0.02001312335957981800 ) ) ;
#198 = DIRECTION ( 'NONE',  ( 1.000000000000000000, 0.0000000000000000000, 0.0000000000000000000 ) ) ;
#199 = PERSON_AND_ORGANIZATION ( #1182, #545 ) ;
#200 = CARTESIAN_POINT ( 'NONE',  ( -0.05029356920643765500, -0.007004810066784558100, 0.03778223246294752600 ) ) ;
#201 = EDGE_CURVE ( 'NONE', #1333, #1100, #1395, .T. ) ;
#202 = CARTESIAN_POINT ( 'NONE',  ( 0.0000000000000000000, 0.06012060212079763800, 0.007258858267717230300 ) ) ;
#203 = AXIS2_PLACEMENT_3D ( 'NONE', #1595, #1289, #1731 ) ;
#204 = ADVANCED_FACE ( 'NONE', ( #158 ), #970, .T. ) ;
#205 = CARTESIAN_POINT ( 'NONE',  ( 5.666356237004658600E-018, -0.04626930998349725000, -0.03395669291338577300 ) ) ;
#206 = CARTESIAN_POINT ( 'NONE',  ( -0.1082677165354332300, 0.02130521396801338100, -0.04630778788116300700 ) ) ;
#207 = CARTESIAN_POINT ( 'NONE',  ( 0.005942382514750860400, -0.05347952678109384900, 0.04081797891815741600 ) ) ;
#208 = CARTESIAN_POINT ( 'NONE',  ( -0.05206596872742733800, -0.03006030106039884300, -0.04523458005249344400 ) ) ;
#209 = CARTESIAN_POINT ( 'NONE',  ( 0.0000000000000000000, 0.0000000000000000000, 0.04724409448818896200 ) ) ;
#210 = CARTESIAN_POINT ( 'NONE',  ( 0.02671359857419039100, 0.04626930998349729200, -0.02329396325459299000 ) ) ;
#211 = ORIENTED_EDGE ( 'NONE', *, *, #422, .T. ) ;
#212 = CARTESIAN_POINT ( 'NONE',  ( -0.1082677165354332400, 0.06250839528627849500, -0.03757401208417870300 ) ) ;
#213 = DIRECTION ( 'NONE',  ( 0.0000000000000000000, 0.0000000000000000000, 1.000000000000000000 ) ) ;
#214 = ORIENTED_EDGE ( 'NONE', *, *, #975, .F. ) ;
#215 = VERTEX_POINT ( 'NONE', #455 ) ;
#216 = CARTESIAN_POINT ( 'NONE',  ( 0.0000000000000000000, 0.06012060212079763800, 0.02694389763779623000 ) ) ;
#217 = ORIENTED_EDGE ( 'NONE', *, *, #1546, .F. ) ;
#218 = B_SPLINE_CURVE_WITH_KNOTS ( 'NONE', 3,
 ( #450, #1721, #618, #931, #1251, #275 ),
 .UNSPECIFIED., .F., .F.,
 ( 4, 2, 4 ),
 ( 0.008546303792089642000, 0.009350274710054253700, 0.01015424562801886700 ),
 .UNSPECIFIED. ) ;
#219 = CARTESIAN_POINT ( 'NONE',  ( -0.05342719714838074800, -9.814416896276861300E-018, 0.0004921259842524691800 ) ) ;
#220 = DIRECTION ( 'NONE',  ( -0.0000000000000000000, -0.0000000000000000000, 1.000000000000000000 ) ) ;
#221 = CARTESIAN_POINT ( 'NONE',  ( 0.05905511811023634500, -2.470488065145862200E-016, 0.02017716535433143600 ) ) ;
#222 = CARTESIAN_POINT ( 'NONE',  ( 0.05413385826771664700, -0.09376259292941777100, -0.04724409448818896200 ) ) ;
#223 = CARTESIAN_POINT ( 'NONE',  ( -0.05206596872742733800, -0.03006030106039884300, -0.06491961942257244700 ) ) ;
#224 =( BOUNDED_CURVE ( )  B_SPLINE_CURVE ( 2, ( #946, #1275, #1901, #966, #1437 ),
 .UNSPECIFIED., .F., .F. ) 
 B_SPLINE_CURVE_WITH_KNOTS ( ( 3, 2, 3 ),
 ( 0.9248752315904966700, 0.9387641204793855100, 0.9572301341296977100 ),
 .UNSPECIFIED. ) 
 CURVE ( )  GEOMETRIC_REPRESENTATION_ITEM ( )  RATIONAL_B_SPLINE_CURVE ( ( 0.9330127018922194100, 0.9330127018922196300, 1.000000000000000000, 0.9109368379895816900, 0.9402878686897164800 ) ) 
 REPRESENTATION_ITEM ( '' )  );
#225 = CARTESIAN_POINT ( 'NONE',  ( 0.02671359857419037000, 0.04626930998349724300, -0.02575459317585286300 ) ) ;
#226 = CYLINDRICAL_SURFACE ( 'NONE', #161, 0.05905511811023634500 ) ;
#227 = CARTESIAN_POINT ( 'NONE',  ( -0.05114323250695521100, -0.02952755905511824900, -0.007709973753280420900 ) ) ;
#228 = CARTESIAN_POINT ( 'NONE',  ( -0.03272882350021585200, -0.03407089234375526600, -0.03373745109500671900 ) ) ;
#229 = CYLINDRICAL_SURFACE ( 'NONE', #22, 0.05905511811023634500 ) ;
#230 = EDGE_CURVE ( 'NONE', #1025, #875, #607, .T. ) ;
#231 = CARTESIAN_POINT ( 'NONE',  ( 0.0000000000000000000, 0.06012060212079763800, -0.01365649606299200500 ) ) ;
#232 = DIRECTION ( 'NONE',  ( 0.0000000000000000000, 0.0000000000000000000, -1.000000000000000000 ) ) ;
#233 = B_SPLINE_CURVE_WITH_KNOTS ( 'NONE', 3,
 ( #907, #1683, #1057, #98 ),
 .UNSPECIFIED., .F., .F.,
 ( 4, 4 ),
 ( 2.380742992387857500E-007, 0.001606744326298682500 ),
 .UNSPECIFIED. ) ;
#234 = CARTESIAN_POINT ( 'NONE',  ( -0.02671359857419039500, 0.04626930998349723000, -0.002788713910760693800 ) ) ;
#235 = CARTESIAN_POINT ( 'NONE',  ( 0.05905511811023632400, -8.842757468402484300E-013, 0.0004921259842033140600 ) ) ;
#236 = DIRECTION ( 'NONE',  ( -0.0000000000000000000, -0.0000000000000000000, -1.000000000000000000 ) ) ;
#237 = CARTESIAN_POINT ( 'NONE',  ( -0.03471064581828488300, -0.06012060212079765900, -0.005454396325459092200 ) ) ;
#238 = CARTESIAN_POINT ( 'NONE',  ( 0.0000000000000000000, 0.0000000000000000000, -0.04724409448818896200 ) ) ;
#239 = ORIENTED_EDGE ( 'NONE', *, *, #1307, .F. ) ;
#240 = CARTESIAN_POINT ( 'NONE',  ( 0.05342719714838074800, 3.271472298758954000E-018, 0.01033464566929197600 ) ) ;
#241 = PLANE ( 'NONE',  #2041 ) ;
#242 = ORIENTED_EDGE ( 'NONE', *, *, #869, .F. ) ;
#243 = CARTESIAN_POINT ( 'NONE',  ( 0.02813305060315295100, 0.04437366917754975700, -0.03955690435270740900 ) ) ;
#244 = ORIENTED_EDGE ( 'NONE', *, *, #297, .T. ) ;
#245 = VERTEX_POINT ( 'NONE', #934 ) ;
#246 = CARTESIAN_POINT ( 'NONE',  ( 0.05206596872742735200, 0.03006030106039882600, 0.02243274278215282700 ) ) ;
#247 = B_SPLINE_CURVE_WITH_KNOTS ( 'NONE', 3,
 ( #459, #2049, #2022, #477, #2030, #622 ),
 .UNSPECIFIED., .F., .F.,
 ( 4, 2, 4 ),
 ( 0.004580851406117005000, 0.005385276343559234500, 0.006189701281001464900 ),
 .UNSPECIFIED. ) ;
#248 = CARTESIAN_POINT ( 'NONE',  ( -0.03576908120675981200, -0.1043655019091680000, 0.04631812580440742400 ) ) ;
#249 = PERSON_AND_ORGANIZATION ( #1182, #545 ) ;
#250 = CARTESIAN_POINT ( 'NONE',  ( -0.03471064581828493800, 0.06012060212079762400, 0.02735400262467258000 ) ) ;
#251 = PLANE ( 'NONE',  #698 ) ;
#252 = VECTOR ( 'NONE', #1220, 39.37007874015748100 ) ;
#253 = CARTESIAN_POINT ( 'NONE',  ( -0.05413385826771639100, 0.09376259292941771500, 0.04724409448818896200 ) ) ;
#254 = CARTESIAN_POINT ( 'NONE',  ( -0.06012060212079764500, -1.190180500273511500E-014, 0.04724409448818894800 ) ) ;
#255 = CARTESIAN_POINT ( 'NONE',  ( 0.1082677165354327500, -0.06250839528627823200, 0.04724409448818896200 ) ) ;
#256 = EDGE_CURVE ( 'NONE', #1780, #1665, #1340, .T. ) ;
#257 = ADVANCED_FACE ( 'NONE', ( #104 ), #501, .F. ) ;
#258 = CARTESIAN_POINT ( 'NONE',  ( 0.0000000000000000000, 0.0000000000000000000, 0.04724409448818896200 ) ) ;
#259 = DIRECTION ( 'NONE',  ( -0.0000000000000000000, -0.0000000000000000000, -1.000000000000000000 ) ) ;
#260 = CARTESIAN_POINT ( 'NONE',  ( -0.02671359857419039800, 0.04626930998349723000, -0.0003280839895008493800 ) ) ;
#261 = CARTESIAN_POINT ( 'NONE',  ( 0.05413385826771664700, -0.09376259292941777100, -0.04724409448818896200 ) ) ;
#262 = ORIENTED_EDGE ( 'NONE', *, *, #230, .T. ) ;
#263 = ORIENTED_EDGE ( 'NONE', *, *, #2036, .T. ) ;
#264 = CARTESIAN_POINT ( 'NONE',  ( -0.05114323250695512100, -0.02952755905511819700, 0.01443569553805836400 ) ) ;
#265 = VERTEX_POINT ( 'NONE', #1739 ) ;
#266 = CARTESIAN_POINT ( 'NONE',  ( -0.03568816752523809600, 0.1044122174449761100, 0.04724409448818912100 ) ) ;
#267 = CARTESIAN_POINT ( 'NONE',  ( 0.02671359857419038800, -0.04626930998349723700, 0.02919947506561765300 ) ) ;
#268 = EDGE_CURVE ( 'NONE', #1853, #315, #1405, .T. ) ;
#269 = CARTESIAN_POINT ( 'NONE',  ( 7.232166136696982700E-018, -0.05905511811023634500, 0.01771653543307153200 ) ) ;
#270 =( NAMED_UNIT ( * ) PLANE_ANGLE_UNIT ( ) SI_UNIT ( $, .RADIAN. ) );
#271 = CARTESIAN_POINT ( 'NONE',  ( 0.05905511811023634500, 8.483152768142064600E-015, -0.01919291338582608900 ) ) ;
#272 = CARTESIAN_POINT ( 'NONE',  ( -0.05905511811023634500, -2.516237844130044700E-017, -0.02657480314960622400 ) ) ;
#273 = CARTESIAN_POINT ( 'NONE',  ( -0.05905511811023635100, -0.01582377120656235800, -0.006010665379162636300 ) ) ;
#274 = CARTESIAN_POINT ( 'NONE',  ( -0.04140478498904280600, 0.02230097620622352100, -0.05768366809541580100 ) ) ;
#275 = CARTESIAN_POINT ( 'NONE',  ( -0.1082677165354332000, -5.914624404477027300E-017, 0.04724409448818896200 ) ) ;
#276 = VECTOR ( 'NONE', #1116, 39.37007874015748100 ) ;
#277 = CARTESIAN_POINT ( 'NONE',  ( -0.05866456468727684200, -0.01650022957819820300, -0.04534316309867420000 ) ) ;
#278 = VECTOR ( 'NONE', #1458, 39.37007874015748100 ) ;
#279 = CARTESIAN_POINT ( 'NONE',  ( 0.007882502769973615700, -0.05973117196352161600, 0.04724409448818899700 ) ) ;
#280 = CARTESIAN_POINT ( 'NONE',  ( -0.04007039786128555000, -0.02313465499174864600, 0.004593175853018900000 ) ) ;
#281 = DIRECTION ( 'NONE',  ( 1.000000000000000000, 0.0000000000000000000, 0.0000000000000000000 ) ) ;
#282 = CARTESIAN_POINT ( 'NONE',  ( 5.666356237004658600E-018, -0.04626930998349725000, -0.01181102362204693300 ) ) ;
#283 = AXIS2_PLACEMENT_3D ( 'NONE', #148, #473, #1107 ) ;
#284 = CARTESIAN_POINT ( 'NONE',  ( -0.03146394054074162100, -0.04982022061799105300, -0.04579366193051760700 ) ) ;
#285 = DIRECTION ( 'NONE',  ( 0.0000000000000000000, 0.0000000000000000000, 1.000000000000000000 ) ) ;
#286 = CARTESIAN_POINT ( 'NONE',  ( -0.05114323250697419600, -0.02952755905512920500, -0.02739501312334676300 ) ) ;
#287 = CARTESIAN_POINT ( 'NONE',  ( 7.232166136696982700E-018, -0.05905511811023634500, -0.02165354330708647200 ) ) ;
#288 = CARTESIAN_POINT ( 'NONE',  ( -0.02671359857419039800, 0.04626930998349723000, 0.01935695538057815100 ) ) ;
#289 = EDGE_LOOP ( 'NONE', ( #183, #85, #1104, #1949 ) ) ;
#290 = CARTESIAN_POINT ( 'NONE',  ( -0.05037025687009773900, -0.005294775877689921400, -0.05572692302180032300 ) ) ;
#291 = ORIENTED_EDGE ( 'NONE', *, *, #708, .T. ) ;
#292 = CARTESIAN_POINT ( 'NONE',  ( 0.05905511811023634500, 4.117480108576436500E-017, 0.02263779527559129200 ) ) ;
#293 = ORIENTED_EDGE ( 'NONE', *, *, #693, .F. ) ;
#294 = ORIENTED_EDGE ( 'NONE', *, *, #1224, .T. ) ;
#295 = CARTESIAN_POINT ( 'NONE',  ( -0.09943424894521167600, 0.06760840017737072800, 0.04051850128094586900 ) ) ;
#296 = CARTESIAN_POINT ( 'NONE',  ( -0.04007039786128555000, -0.02313465499174864600, 0.04150262467191705900 ) ) ;
#297 = EDGE_CURVE ( 'NONE', #1127, #505, #1205, .T. ) ;
#298 = CARTESIAN_POINT ( 'NONE',  ( 0.0000000000000000000, 0.04626930998349725000, -0.02165354330708643300 ) ) ;
#299 = CARTESIAN_POINT ( 'NONE',  ( 0.04007039786128556400, -0.02313465499174861500, 0.05052493438320324000 ) ) ;
#300 = CARTESIAN_POINT ( 'NONE',  ( -0.05704738149891762400, -0.01938098217456534300, 0.04724409448818894800 ) ) ;
#301 = CARTESIAN_POINT ( 'NONE',  ( 0.03109618463535512900, 0.05111062312729578600, 0.04576822796049400500 ) ) ;
#302 = CARTESIAN_POINT ( 'NONE',  ( 0.05342719714838074800, 3.271472298758954400E-018, 0.04970472440944998000 ) ) ;
#303 = CIRCLE ( 'NONE', #1525, 0.05905511811023634500 ) ;
#304 = CARTESIAN_POINT ( 'NONE',  ( 0.05342719714838074800, 3.271472298758954400E-018, -0.04625984251968518600 ) ) ;
#305 = DIRECTION ( 'NONE',  ( 1.000000000000000000, 0.0000000000000000000, 0.0000000000000000000 ) ) ;
#306 = CARTESIAN_POINT ( 'NONE',  ( 0.05905511811023634500, 7.232166136696982700E-018, 0.04724409448818896200 ) ) ;
#307 = CARTESIAN_POINT ( 'NONE',  ( 0.0000000000000000000, 0.0000000000000000000, 0.04724409448818896200 ) ) ;
#308 = EDGE_CURVE ( 'NONE', #1210, #1100, #1755, .T. ) ;
#309 = ORIENTED_EDGE ( 'NONE', *, *, #89, .T. ) ;
#310 = CARTESIAN_POINT ( 'NONE',  ( -0.04007039786128558500, 0.02313465499174859100, 0.04068241469816374200 ) ) ;
#311 = AXIS2_PLACEMENT_3D ( 'NONE', #983, #27, #1169 ) ;
#312 = ORIENTED_EDGE ( 'NONE', *, *, #1238, .T. ) ;
#313 = CARTESIAN_POINT ( 'NONE',  ( -0.1082677165354331700, -0.06250839528627795400, 0.04724409448818896200 ) ) ;
#314 = CARTESIAN_POINT ( 'NONE',  ( 0.03475806457566332800, -0.04957640875038966900, -0.04724409448818896200 ) ) ;
#315 = VERTEX_POINT ( 'NONE', #2060 ) ;
#316 = CONICAL_SURFACE ( 'NONE', #1744, 0.1082677165354333100, 1.047197551196600100 ) ;
#317 = CARTESIAN_POINT ( 'NONE',  ( 0.04007039786128555700, 0.02313465499174862900, 0.03166010498687756000 ) ) ;
#318 = ORIENTED_EDGE ( 'NONE', *, *, #856, .T. ) ;
#319 = CARTESIAN_POINT ( 'NONE',  ( -0.05342719714838078900, -9.814416896276870500E-018, 0.02263779527559135100 ) ) ;
#320 = VERTEX_POINT ( 'NONE', #2065 ) ;
#321 = CARTESIAN_POINT ( 'NONE',  ( -0.04494546645032043000, -0.09906751341861061400, -0.04724409448818936400 ) ) ;
#322 = CARTESIAN_POINT ( 'NONE',  ( -0.03022227653794670700, -0.05209680172637375100, -0.04724409448818895500 ) ) ;
#323 = CARTESIAN_POINT ( 'NONE',  ( -0.05037001497165320700, -0.005295194858086120900, -0.05818752323421860800 ) ) ;
#324 = EDGE_CURVE ( 'NONE', #1210, #36, #1369, .T. ) ;
#325 = CARTESIAN_POINT ( 'NONE',  ( -0.05342719714838078900, -9.814416896276870500E-018, 0.002952755905512340500 ) ) ;
#326 = CARTESIAN_POINT ( 'NONE',  ( -0.03295614444862623300, 0.03684633108551095500, 0.03584880870046777700 ) ) ;
#327 = CONICAL_SURFACE ( 'NONE', #1589, 0.1082677165354333100, 1.047197551196600100 ) ;
#328 = CARTESIAN_POINT ( 'NONE',  ( -0.01544496133448863300, -0.04404134345341966700, -0.03339280235088851900 ) ) ;
#329 = VECTOR ( 'NONE', #1906, 39.37007874015748100 ) ;
#330 = CARTESIAN_POINT ( 'NONE',  ( -0.04007039786128558500, 0.02313465499174859100, -0.04051837270341211700 ) ) ;
#331 = ADVANCED_FACE ( 'NONE', ( #56 ), #1940, .F. ) ;
#332 = CARTESIAN_POINT ( 'NONE',  ( -0.04007039786128558500, -0.02313465499174866700, -0.01509186351706007800 ) ) ;
#333 = CARTESIAN_POINT ( 'NONE',  ( -0.05342719714838074800, -9.814416896276861300E-018, 0.04232283464567031300 ) ) ;
#334 = CARTESIAN_POINT ( 'NONE',  ( 0.05114323250697892800, -0.02952755905513188700, 0.03822178477691971100 ) ) ;
#335 = CARTESIAN_POINT ( 'NONE',  ( -0.04007039786128558500, 0.02313465499174859100, -0.02083333333333311400 ) ) ;
#336 = EDGE_CURVE ( 'NONE', #1045, #1761, #876, .T. ) ;
#337 = LINE ( 'NONE', #306, #1199 ) ;
#338 = CARTESIAN_POINT ( 'NONE',  ( 0.02671359857419038800, -0.04626930998349723700, -0.01263123359580019400 ) ) ;
#339 = DIRECTION ( 'NONE',  ( 1.000000000000000000, 0.0000000000000000000, 0.0000000000000000000 ) ) ;
#340 = EDGE_LOOP ( 'NONE', ( #633, #108, #1260, #431 ) ) ;
#341 = AXIS2_PLACEMENT_3D ( 'NONE', #1271, #1432, #1086 ) ;
#342 = CARTESIAN_POINT ( 'NONE',  ( 0.05114323250697416800, 0.02952755905512916700, -0.01755249343830728900 ) ) ;
#343 = CARTESIAN_POINT ( 'NONE',  ( -0.006340612195060793700, -0.04824369621073966400, -0.03563316057679175700 ) ) ;
#344 = ORIENTED_EDGE ( 'NONE', *, *, #1178, .F. ) ;
#345 = EDGE_LOOP ( 'NONE', ( #503, #1311, #369, #601 ) ) ;
#346 = CARTESIAN_POINT ( 'NONE',  ( -0.02671359857419036000, -0.04626930998349725700, -0.01591207349081336400 ) ) ;
#347 = ORIENTED_EDGE ( 'NONE', *, *, #405, .F. ) ;
#348 = CARTESIAN_POINT ( 'NONE',  ( 5.666356237004658600E-018, -0.04626930998349725000, -0.05364173228346479100 ) ) ;
#349 = DIRECTION ( 'NONE',  ( -0.0000000000000000000, -0.0000000000000000000, 1.000000000000000000 ) ) ;
#350 = CARTESIAN_POINT ( 'NONE',  ( -0.03409548833797013800, 0.05905511811023633100, -0.01017060367454038400 ) ) ;
#351 = DIRECTION ( 'NONE',  ( 1.000000000000000000, 0.0000000000000000000, 0.0000000000000000000 ) ) ;
#352 = VERTEX_POINT ( 'NONE', #1773 ) ;
#353 = CARTESIAN_POINT ( 'NONE',  ( 7.362650295004641100E-018, -0.06012060212079763800, -0.002583661417322277100 ) ) ;
#354 = PERSON_AND_ORGANIZATION ( #1182, #545 ) ;
#355 = CARTESIAN_POINT ( 'NONE',  ( -0.02671359857419036000, -0.04626930998349725700, -0.01591207349081336400 ) ) ;
#356 = CYLINDRICAL_SURFACE ( 'NONE', #1401, 0.05905511811023634500 ) ;
#357 = CARTESIAN_POINT ( 'NONE',  ( 0.01774063442655416500, 0.1147742305107910000, -0.04294923502109829200 ) ) ;
#358 = CARTESIAN_POINT ( 'NONE',  ( 0.06942129163656979300, 4.250828129770007000E-018, -0.01857775590551176400 ) ) ;
#359 = CARTESIAN_POINT ( 'NONE',  ( -0.03471064581828488300, -0.06012060212079765900, -0.004224081364828854800 ) ) ;
#360 = CARTESIAN_POINT ( 'NONE',  ( -0.02671359857419039800, 0.04626930998349723000, -0.02247375328083968700 ) ) ;
#361 = CARTESIAN_POINT ( 'NONE',  ( -0.01435853200240012700, -0.04626930998349729900, -0.03237778704170438100 ) ) ;
#362 = CARTESIAN_POINT ( 'NONE',  ( -0.05905511811023639300, 0.01582377120656230600, 0.01191617719018719400 ) ) ;
#363 = DIRECTION ( 'NONE',  ( 0.0000000000000000000, 0.0000000000000000000, -1.000000000000000000 ) ) ;
#364 = VERTEX_POINT ( 'NONE', #531 ) ;
#365 = CARTESIAN_POINT ( 'NONE',  ( 0.05206596872742735200, 0.03006030106039882600, -0.01570702099737493800 ) ) ;
#366 = ORIENTED_EDGE ( 'NONE', *, *, #1927, .F. ) ;
#367 = CARTESIAN_POINT ( 'NONE',  ( 0.0000000000000000000, 0.04626930998349725000, -0.004429133858267280200 ) ) ;
#368 = CARTESIAN_POINT ( 'NONE',  ( 0.0000000000000000000, 0.0000000000000000000, 0.04724409448818896200 ) ) ;
#369 = ORIENTED_EDGE ( 'NONE', *, *, #739, .T. ) ;
#370 = AXIS2_PLACEMENT_3D ( 'NONE', #1571, #626, #1727 ) ;
#371 = CARTESIAN_POINT ( 'NONE',  ( -0.1082677165354332400, 0.06250839528627849500, -0.03757401208417870300 ) ) ;
#372 = CARTESIAN_POINT ( 'NONE',  ( 0.0000000000000000000, 0.05905511811023939100, -0.03395669291338405900 ) ) ;
#373 = CARTESIAN_POINT ( 'NONE',  ( 0.03471064581828491700, -0.06012060212079762400, 0.01874179790026331600 ) ) ;
#374 = CARTESIAN_POINT ( 'NONE',  ( -0.02671359857419036000, -0.04626930998349725700, 0.02345800524934464300 ) ) ;
#375 = CARTESIAN_POINT ( 'NONE',  ( -0.02606558022068392400, 0.05430868351397261800, -0.04724409448818894800 ) ) ;
#376 = CARTESIAN_POINT ( 'NONE',  ( -0.1082677165354332400, 0.04215903278891799200, -0.04292145282689090200 ) ) ;
#377 = LOCAL_TIME ( 20, 1, 13.00000000000000000, #542 ) ;
#378 = DIRECTION ( 'NONE',  ( -1.000000000000000000, 0.0000000000000000000, 0.0000000000000000000 ) ) ;
#379 = APPROVAL_PERSON_ORGANIZATION ( #1652, #1791, #620 ) ;
#380 = CARTESIAN_POINT ( 'NONE',  ( 0.06942129163656979300, 4.250828129770007000E-018, 0.02202263779527647800 ) ) ;
#381 = LINE ( 'NONE', #1473, #278 ) ;
#382 = CC_DESIGN_PERSON_AND_ORGANIZATION_ASSIGNMENT ( #437, #1092, ( #1390 ) ) ;
#383 = CARTESIAN_POINT ( 'NONE',  ( -0.04007039786128555000, -0.02313465499174864600, 0.002132545931759055300 ) ) ;
#384 = CARTESIAN_POINT ( 'NONE',  ( 7.232166136696995000E-018, -0.05905511811023644900, -0.004429133858267249000 ) ) ;
#385 = DIRECTION ( 'NONE',  ( 1.000000000000000000, 0.0000000000000000000, 0.0000000000000000000 ) ) ;
#386 = CARTESIAN_POINT ( 'NONE',  ( 0.03387847356377633700, 0.03727152526925898300, 0.03734846555778115200 ) ) ;
#387 = CARTESIAN_POINT ( 'NONE',  ( 0.05342719714838074800, 3.271472298758954000E-018, 0.03001968503937097300 ) ) ;
#388 = CARTESIAN_POINT ( 'NONE',  ( -0.06012060212079863000, 0.004976662782235009200, 0.04724409448818897600 ) ) ;
#389 = CARTESIAN_POINT ( 'NONE',  ( -0.05206596872742733800, -0.03006030106039884300, 0.05196030183727132900 ) ) ;
#390 = ORIENTED_EDGE ( 'NONE', *, *, #2012, .F. ) ;
#391 = EDGE_LOOP ( 'NONE', ( #1902, #423, #165, #1616 ) ) ;
#392 = CARTESIAN_POINT ( 'NONE',  ( 0.05206596872742735200, 0.03006030106039882600, -0.01693733595800517600 ) ) ;
#393 = CARTESIAN_POINT ( 'NONE',  ( 0.0000000000000000000, 0.0000000000000000000, 0.04724409448818896200 ) ) ;
#394 = AXIS2_PLACEMENT_3D ( 'NONE', #1208, #236, #1370 ) ;
#395 = ORIENTED_EDGE ( 'NONE', *, *, #1318, .T. ) ;
#396 = B_SPLINE_CURVE_WITH_KNOTS ( 'NONE', 3,
 ( #1249, #1850, #912, #1402 ),
 .UNSPECIFIED., .F., .F.,
 ( 4, 4 ),
 ( 2.380742992387856200E-007, 0.001606744326298677100 ),
 .UNSPECIFIED. ) ;
#397 = CARTESIAN_POINT ( 'NONE',  ( -0.04113385071948068300, 0.04412343071396553800, 0.04724409448818895500 ) ) ;
#398 = CARTESIAN_POINT ( 'NONE',  ( 0.008705633977613449300, -0.04544294206361181000, -0.03339280235088847000 ) ) ;
#399 = CARTESIAN_POINT ( 'NONE',  ( -0.06544921834990864700, -0.006879832743884206600, -0.04772987577770589100 ) ) ;
#400 = CARTESIAN_POINT ( 'NONE',  ( -0.01051367275550132100, 0.05658351344708025700, 0.04416343297389793700 ) ) ;
#401 = CARTESIAN_POINT ( 'NONE',  ( 5.666356237004658600E-018, -0.04626930998349725000, -0.01427165354330677900 ) ) ;
#402 = CARTESIAN_POINT ( 'NONE',  ( -0.05905511811023634500, -1.140770738970594100E-014, 0.03001968503937158300 ) ) ;
#403 = CARTESIAN_POINT ( 'NONE',  ( 0.1082677165354327500, -0.06250839528628260300, -0.03757401208418190800 ) ) ;
#404 = CIRCLE ( 'NONE', #283, 0.1082677165354333100 ) ;
#405 = EDGE_CURVE ( 'NONE', #1638, #352, #551, .T. ) ;
#406 = CARTESIAN_POINT ( 'NONE',  ( 0.03471064581828491700, -0.06012060212079762400, 0.01751148293963307500 ) ) ;
#407 = CARTESIAN_POINT ( 'NONE',  ( 0.02252061472020357900, 0.04759252616958272600, 0.03963675767450104000 ) ) ;
#408 = CARTESIAN_POINT ( 'NONE',  ( 0.05905511811026381600, -0.01582377120656973000, 0.03898310632406171200 ) ) ;
#409 = AXIS2_PLACEMENT_3D ( 'NONE', #307, #140, #1586 ) ;
#410 = B_SPLINE_CURVE_WITH_KNOTS ( 'NONE', 3,
 ( #1681, #1510, #1814, #879, #1033, #1039 ),
 .UNSPECIFIED., .F., .F.,
 ( 4, 2, 4 ),
 ( 0.004580851406117005000, 0.005385276343559234500, 0.006189701281001464900 ),
 .UNSPECIFIED. ) ;
#411 = CARTESIAN_POINT ( 'NONE',  ( 0.05905511811023634500, 6.862466847627394900E-018, 0.04232283464567029200 ) ) ;
#412 = CARTESIAN_POINT ( 'NONE',  ( 0.0000000000000000000, -1.067128122525102800E-017, 0.04617861047762753700 ) ) ;
#413 = CARTESIAN_POINT ( 'NONE',  ( 0.05264648308586614100, 0.01339826826579753600, -0.04103433399321952700 ) ) ;
#414 = CARTESIAN_POINT ( 'NONE',  ( 0.05206596872742735900, -0.03006030106039880500, 0.01915190288713966200 ) ) ;
#415 = DIRECTION ( 'NONE',  ( -1.000000000000000000, 0.0000000000000000000, 0.0000000000000000000 ) ) ;
#416 = ORIENTED_EDGE ( 'NONE', *, *, #655, .F. ) ;
#417 = CARTESIAN_POINT ( 'NONE',  ( 0.03576908120675988800, 0.1043655019091683900, 0.04631812580440718800 ) ) ;
#418 = CARTESIAN_POINT ( 'NONE',  ( 0.0000000000000000000, 0.05905511811023643500, 0.005413385826772247600 ) ) ;
#419 = EDGE_LOOP ( 'NONE', ( #312, #827, #682, #344, #1550, #1258 ) ) ;
#420 = ADVANCED_FACE ( 'NONE', ( #1256 ), #451, .T. ) ;
#421 = CARTESIAN_POINT ( 'NONE',  ( 0.06332225008511191400, -0.08845767244022424700, -0.04724409448818933000 ) ) ;
#422 = EDGE_CURVE ( 'NONE', #57, #1121, #2, .T. ) ;
#423 = ORIENTED_EDGE ( 'NONE', *, *, #1279, .T. ) ;
#424 = EDGE_LOOP ( 'NONE', ( #977, #848, #1504 ) ) ;
#425 = CARTESIAN_POINT ( 'NONE',  ( 0.05905511811023637900, -0.01582377120656232700, -0.03729642123501031300 ) ) ;
#426 = APPROVAL_STATUS ( 'not_yet_approved' ) ;
#427 = AXIS2_PLACEMENT_3D ( 'NONE', #313, #784, #1449 ) ;
#428 = DIRECTION ( 'NONE',  ( -0.0000000000000000000, -0.0000000000000000000, -1.000000000000000000 ) ) ;
#429 = CARTESIAN_POINT ( 'NONE',  ( -0.07249863532867310800, 0.08315968394966696800, 0.04631812580440718100 ) ) ;
#430 = CARTESIAN_POINT ( 'NONE',  ( -0.04007039786128555000, -0.02313465499174864600, -0.01509186351706010500 ) ) ;
#431 = ORIENTED_EDGE ( 'NONE', *, *, #963, .F. ) ;
#432 = CARTESIAN_POINT ( 'NONE',  ( -0.1082677165354331800, -0.05232608165385555000, -0.04051339284250520700 ) ) ;
#433 = DIRECTION ( 'NONE',  ( -0.0000000000000000000, -0.0000000000000000000, -1.000000000000000000 ) ) ;
#434 = LOCAL_TIME ( 20, 1, 13.00000000000000000, #961 ) ;
#435 = CARTESIAN_POINT ( 'NONE',  ( -0.03409548833797007600, -0.05905511811023636500, 0.01607611548556495500 ) ) ;
#436 = CARTESIAN_POINT ( 'NONE',  ( -0.05402828889710586300, -0.02666402454215674100, 0.04724409448818894800 ) ) ;
#437 = PERSON_AND_ORGANIZATION ( #1182, #545 ) ;
#438 = CARTESIAN_POINT ( 'NONE',  ( 0.02671359857419038800, -0.04626930998349723700, 0.009514435695538649200 ) ) ;
#439 = B_SPLINE_CURVE_WITH_KNOTS ( 'NONE', 3,
 ( #1733, #1085, #105, #1888, #2042, #1270, #476, #115, #2029, #1248, #1874, #1555, #458, #1578 ),
 .UNSPECIFIED., .F., .F.,
 ( 4, 2, 2, 2, 2, 2, 4 ),
 ( 0.006283184161426068500, 0.006881273954538341000, 0.007479363747650614300, 0.007778408644206750100, 0.008077453540762885900, 0.008376498437319022600, 0.008675543333875159300 ),
 .UNSPECIFIED. ) ;
#440 = LINE ( 'NONE', #2018, #1749 ) ;
#441 = CARTESIAN_POINT ( 'NONE',  ( 0.1082677165354327000, 0.06250839528627870300, 0.03757401208417891100 ) ) ;
#442 = CARTESIAN_POINT ( 'NONE',  ( -0.05905511811026093600, -0.01582377120657470200, 0.03089878343975165800 ) ) ;
#443 = EDGE_CURVE ( 'NONE', #320, #364, #1306, .T. ) ;
#444 = CARTESIAN_POINT ( 'NONE',  ( 0.04300229230132350500, -0.03596349018432278000, -0.04291272303652910600 ) ) ;
#445 = SECURITY_CLASSIFICATION_LEVEL ( 'unclassified' ) ;
#446 = CARTESIAN_POINT ( 'NONE',  ( 0.05972730051261405200, -0.007909309480831011900, 0.04724409448818899000 ) ) ;
#447 = CARTESIAN_POINT ( 'NONE',  ( -0.05114323250695512100, -0.02952755905511819700, -0.02493438320209964400 ) ) ;
#448 = CARTESIAN_POINT ( 'NONE',  ( 0.008833467590221539400, 0.1199167856814645400, 0.04051850128094596600 ) ) ;
#449 = CARTESIAN_POINT ( 'NONE',  ( 0.05342719714838074800, 3.271472298758954400E-018, 0.03248031496063082100 ) ) ;
#450 = CARTESIAN_POINT ( 'NONE',  ( -0.1082677165354332400, 0.06250839528627849500, 0.03757401208417870300 ) ) ;
#451 = CONICAL_SURFACE ( 'NONE', #1147, 0.1082677165354333100, 1.047197551196600100 ) ;
#452 = ORIENTED_EDGE ( 'NONE', *, *, #1111, .T. ) ;
#453 = CARTESIAN_POINT ( 'NONE',  ( -0.06012060212079777700, -1.067128122525102800E-017, -0.04724409448818896200 ) ) ;
#454 = CARTESIAN_POINT ( 'NONE',  ( 0.1082677165354327800, -0.04192367320864386800, 0.04297097840275692500 ) ) ;
#455 = CARTESIAN_POINT ( 'NONE',  ( 0.05905511811023634500, -2.470488065145862200E-016, 0.02017716535433143600 ) ) ;
#456 = ORIENTED_EDGE ( 'NONE', *, *, #896, .T. ) ;
#457 = ORIENTED_EDGE ( 'NONE', *, *, #443, .F. ) ;
#458 = CARTESIAN_POINT ( 'NONE',  ( 0.003972715445597920500, 0.06012060212079763800, 0.04724409448818901000 ) ) ;
#459 = CARTESIAN_POINT ( 'NONE',  ( 0.1082677165354327300, 5.975917486140575200E-017, 0.04724409448818896200 ) ) ;
#460 = CARTESIAN_POINT ( 'NONE',  ( -0.04007039786128555000, -0.02313465499174864600, 0.02427821522309790000 ) ) ;
#461 =( BOUNDED_CURVE ( )  B_SPLINE_CURVE ( 2, ( #500, #1609, #227, #1502, #384, #49, #1191, #1653, #1507 ),
 .UNSPECIFIED., .F., .F. ) 
 B_SPLINE_CURVE_WITH_KNOTS ( ( 3, 2, 2, 2, 3 ),
 ( 0.01813341781435435000, 0.01891800659198057300, 0.02048718414723302600, 0.02205636170248548300, 0.02284095048008978600 ),
 .UNSPECIFIED. ) 
 CURVE ( )  GEOMETRIC_REPRESENTATION_ITEM ( )  RATIONAL_B_SPLINE_CURVE ( ( 0.9330127018922194100, 0.9330127018922194100, 1.000000000000000000, 0.8660254037844388200, 1.000000000000000000, 0.8660254037844388200, 1.000000000000000000, 0.9330127018940911300, 0.9330127018922194100 ) ) 
 REPRESENTATION_ITEM ( '' )  );
#462 = ORIENTED_EDGE ( 'NONE', *, *, #1442, .F. ) ;
#463 = CARTESIAN_POINT ( 'NONE',  ( 0.0000000000000000000, 0.0000000000000000000, 0.04724409448818896200 ) ) ;
#464 = EDGE_CURVE ( 'NONE', #505, #189, #1701, .T. ) ;
#465 = CARTESIAN_POINT ( 'NONE',  ( -0.04007039786128558500, 0.02313465499174859100, 0.001312335958005736600 ) ) ;
#466 = CARTESIAN_POINT ( 'NONE',  ( -0.04449766214299748900, -0.04106825573193499700, -0.04724409448818891300 ) ) ;
#467 = DIRECTION ( 'NONE',  ( -0.0000000000000000000, -0.0000000000000000000, -1.000000000000000000 ) ) ;
#468 = ORIENTED_EDGE ( 'NONE', *, *, #1211, .T. ) ;
#469 = CARTESIAN_POINT ( 'NONE',  ( 0.04007039786128556400, -0.02313465499174861500, -0.02821522309711277700 ) ) ;
#470 =( BOUNDED_CURVE ( )  B_SPLINE_CURVE ( 2, ( #1852, #575, #100, #738, #1840, #1081, #1404, #903, #1243 ),
 .UNSPECIFIED., .F., .F. ) 
 B_SPLINE_CURVE_WITH_KNOTS ( ( 3, 2, 2, 2, 3 ),
 ( 0.03225863422083254100, 0.03304321841035253600, 0.03461238678939830600, 0.03618155516844407500, 0.03696613935796724800 ),
 .UNSPECIFIED. ) 
 CURVE ( )  GEOMETRIC_REPRESENTATION_ITEM ( )  RATIONAL_B_SPLINE_CURVE ( ( 0.9330127018922194100, 0.9330127018924665400, 1.000000000000000000, 0.8660254037844387100, 1.000000000000000000, 0.8660254037844387100, 1.000000000000000000, 0.9330127018921949800, 0.9330127018922194100 ) ) 
 REPRESENTATION_ITEM ( '' )  );
#471 = APPROVAL_PERSON_ORGANIZATION ( #249, #1873, #122 ) ;
#472 = CARTESIAN_POINT ( 'NONE',  ( -0.02671359857419039800, 0.04626930998349723000, -0.02001312335957984900 ) ) ;
#473 = DIRECTION ( 'NONE',  ( -0.0000000000000000000, -0.0000000000000000000, -1.000000000000000000 ) ) ;
#474 = CYLINDRICAL_SURFACE ( 'NONE', #1575, 0.05905511811023634500 ) ;
#475 = CARTESIAN_POINT ( 'NONE',  ( -0.007862136535159856100, -0.06011792989450092500, 0.04724409448818418100 ) ) ;
#476 = CARTESIAN_POINT ( 'NONE',  ( 0.03666947194122443400, 0.04780497728483073400, 0.04724409448818896200 ) ) ;
#477 = CARTESIAN_POINT ( 'NONE',  ( 0.1082677165354327100, 0.04215903278898355100, 0.04292145282689277500 ) ) ;
#478 = CARTESIAN_POINT ( 'NONE',  ( -0.04007039786128558500, 0.02313465499174859100, 0.03822178477690389700 ) ) ;
#479 = EDGE_CURVE ( 'NONE', #1529, #5, #1018, .T. ) ;
#480 = CARTESIAN_POINT ( 'NONE',  ( 5.666356237004658600E-018, -0.04626930998349725000, 0.007874015748032063200 ) ) ;
#481 = CARTESIAN_POINT ( 'NONE',  ( 0.05611339138351518300, 0.01183092761873891400, 0.04416627157205604100 ) ) ;
#482 = VECTOR ( 'NONE', #1563, 39.37007874015748900 ) ;
#483 = CARTESIAN_POINT ( 'NONE',  ( 0.04007039786128555700, 0.02313465499174862900, -0.04461942257217860200 ) ) ;
#484 = VERTEX_POINT ( 'NONE', #714 ) ;
#485 = DIRECTION ( 'NONE',  ( -0.0000000000000000000, -0.0000000000000000000, -1.000000000000000000 ) ) ;
#486 = VERTEX_POINT ( 'NONE', #1667 ) ;
#487 = CARTESIAN_POINT ( 'NONE',  ( 0.03568816752523808200, -0.1044122174449757500, 0.04724409448818932300 ) ) ;
#488 = CARTESIAN_POINT ( 'NONE',  ( 5.666356237004658600E-018, -0.04626930998349725000, 0.02755905511811106900 ) ) ;
#489 = CARTESIAN_POINT ( 'NONE',  ( 0.03409548833797011000, -0.05905511811023633100, 0.01935695538057812000 ) ) ;
#490 = CARTESIAN_POINT ( 'NONE',  ( 0.05375856873166346600, -0.02785521773869160900, -0.04724409448818534000 ) ) ;
#491 = CALENDAR_DATE ( 2021, 14, 9 ) ;
#492 = CARTESIAN_POINT ( 'NONE',  ( 0.05342719714838074800, 3.271472298758954400E-018, -0.04872047244094503100 ) ) ;
#493 = FACE_OUTER_BOUND ( 'NONE', #345, .T. ) ;
#494 = CARTESIAN_POINT ( 'NONE',  ( -0.02671359857419042200, 0.04626930998349726400, 0.01935695538057818200 ) ) ;
#495 = CARTESIAN_POINT ( 'NONE',  ( -0.05905511811023634500, -2.516237844130044700E-017, -0.006889763779527220700 ) ) ;
#496 = CARTESIAN_POINT ( 'NONE',  ( 0.06012060212079745800, -0.007173665593808739200, -0.04724409448818894800 ) ) ;
#497 = CARTESIAN_POINT ( 'NONE',  ( -0.04400534243342734500, 0.01429611428555879600, -0.05957669347810017100 ) ) ;
#498 = EDGE_CURVE ( 'NONE', #245, #265, #1629, .T. ) ;
#499 = CARTESIAN_POINT ( 'NONE',  ( -0.04007039786128562000, 0.02313465499174861100, 0.001312335958005763200 ) ) ;
#500 = CARTESIAN_POINT ( 'NONE',  ( -0.05905511811023634500, -2.401863396669588400E-017, -0.009350393700787051900 ) ) ;
#501 = PLANE ( 'NONE',  #898 ) ;
#502 = ADVANCED_FACE ( 'NONE', ( #1355 ), #316, .T. ) ;
#503 = ORIENTED_EDGE ( 'NONE', *, *, #101, .F. ) ;
#504 = CARTESIAN_POINT ( 'NONE',  ( -0.02671359857419039800, 0.04626930998349723000, 0.01689632545931830600 ) ) ;
#505 = VERTEX_POINT ( 'NONE', #398 ) ;
#506 = CARTESIAN_POINT ( 'NONE',  ( 0.02671359857419039100, 0.04626930998349729200, 0.01607611548556501400 ) ) ;
#507 = ORIENTED_EDGE ( 'NONE', *, *, #1414, .T. ) ;
#508 = CARTESIAN_POINT ( 'NONE',  ( -0.05037074674100686800, 3.431233423813698000E-017, 0.03749423910839808100 ) ) ;
#509 = DIRECTION ( 'NONE',  ( 0.4999999999999984500, -0.8660254037844396000, 0.0000000000000000000 ) ) ;
#510 = CARTESIAN_POINT ( 'NONE',  ( -0.04007039786128555000, -0.02313465499174864600, 0.02181758530183805500 ) ) ;
#511 = AXIS2_PLACEMENT_3D ( 'NONE', #1005, #509, #44 ) ;
#512 = ADVANCED_FACE ( 'NONE', ( #777 ), #629, .T. ) ;
#513 = CARTESIAN_POINT ( 'NONE',  ( -0.02671359857419039800, 0.04626930998349723000, -0.002788713910760693800 ) ) ;
#514 = CARTESIAN_POINT ( 'NONE',  ( -0.04950514789273700900, 0.008306733712153993900, 0.03714942424377119100 ) ) ;
#515 = FACE_OUTER_BOUND ( 'NONE', #340, .T. ) ;
#516 = CARTESIAN_POINT ( 'NONE',  ( 0.02671359857419036700, 0.04626930998349724300, -0.02575459317585286600 ) ) ;
#517 =( BOUNDED_CURVE ( )  B_SPLINE_CURVE ( 2, ( #619, #96, #264, #435, #269, #489, #940, #639, #292 ),
 .UNSPECIFIED., .F., .F. ) 
 B_SPLINE_CURVE_WITH_KNOTS ( ( 3, 2, 2, 2, 3 ),
 ( 0.6748752315904966700, 0.6887641204793855100, 0.7165418982571633000, 0.7443196760349410900, 0.7582085649238299300 ),
 .UNSPECIFIED. ) 
 CURVE ( )  GEOMETRIC_REPRESENTATION_ITEM ( )  RATIONAL_B_SPLINE_CURVE ( ( 0.9330127018922194100, 0.9330127018922196300, 1.000000000000000000, 0.8660254037844387100, 1.000000000000000000, 0.8660254037844387100, 1.000000000000000000, 0.9330127018922196300, 0.9330127018922194100 ) ) 
 REPRESENTATION_ITEM ( '' )  );
#518 = CARTESIAN_POINT ( 'NONE',  ( 0.02671359857419038800, -0.04626930998349723700, 0.007053805774278804900 ) ) ;
#519 = CARTESIAN_POINT ( 'NONE',  ( -0.1082677165354332400, 0.06250839528627849500, 0.04724409448818896200 ) ) ;
#520 = CARTESIAN_POINT ( 'NONE',  ( 0.05114323250695514100, 0.02952755905511817600, -0.01509186351706013300 ) ) ;
#521 = CARTESIAN_POINT ( 'NONE',  ( -0.02158402183534832400, -0.04616498451421157500, -0.03794411924883772700 ) ) ;
#522 = ADVANCED_FACE ( 'NONE', ( #2005 ), #1952, .F. ) ;
#523 = CARTESIAN_POINT ( 'NONE',  ( -0.05206596872742733800, -0.03006030106039884300, 0.01259022309711332700 ) ) ;
#524 = CARTESIAN_POINT ( 'NONE',  ( -0.03471064581828493800, 0.06012060212079762400, 0.008899278215223811000 ) ) ;
#525 = EDGE_CURVE ( 'NONE', #315, #57, #1216, .T. ) ;
#526 = CARTESIAN_POINT ( 'NONE',  ( 0.03409548833797008300, 0.05905511811023634500, 0.02591863517060444600 ) ) ;
#527 = CARTESIAN_POINT ( 'NONE',  ( 0.02671359857419041200, -0.04626930998349728500, -0.02985564304461933700 ) ) ;
#528 = ORIENTED_EDGE ( 'NONE', *, *, #1751, .T. ) ;
#529 = AXIS2_PLACEMENT_3D ( 'NONE', #943, #1109, #132 ) ;
#530 = CARTESIAN_POINT ( 'NONE',  ( 0.02671359857419038800, -0.04626930998349723700, 0.04888451443569665600 ) ) ;
#531 = CARTESIAN_POINT ( 'NONE',  ( -0.05905511811023634500, -2.401863396669588400E-017, -0.009350393700787053600 ) ) ;
#532 = ORIENTED_EDGE ( 'NONE', *, *, #1788, .F. ) ;
#533 = CARTESIAN_POINT ( 'NONE',  ( 0.03471064581828489000, 0.06012060212079763800, -0.03498195538057759200 ) ) ;
#534 = ORIENTED_EDGE ( 'NONE', *, *, #634, .T. ) ;
#535 = CARTESIAN_POINT ( 'NONE',  ( 0.03471064581828491700, -0.06012060212079762400, 0.03842683727034230900 ) ) ;
#536 = CARTESIAN_POINT ( 'NONE',  ( 0.04007039786128556400, -0.02313465499174861500, -0.05036089238845161500 ) ) ;
#537 = CARTESIAN_POINT ( 'NONE',  ( -0.05973893998735307200, 0.006763567738604134300, -0.04724409448818980100 ) ) ;
#538 = CARTESIAN_POINT ( 'NONE',  ( 0.05905511811023634500, 0.01582377120656240300, 0.003831854305876868500 ) ) ;
#539 = CARTESIAN_POINT ( 'NONE',  ( 0.05905511811023634500, 1.349618480033387600E-016, -0.03641732283464571600 ) ) ;
#540 = EDGE_CURVE ( 'NONE', #265, #826, #1764, .T. ) ;
#541 = CARTESIAN_POINT ( 'NONE',  ( -0.06942129163656979300, -1.275248438931002000E-017, -0.02718996062992102400 ) ) ;
#542 = COORDINATED_UNIVERSAL_TIME_OFFSET ( 6, 0, .BEHIND. ) ;
#543 = CARTESIAN_POINT ( 'NONE',  ( 0.0000000000000000000, 0.04626930998349725000, 0.01525590551181172500 ) ) ;
#544 = CARTESIAN_POINT ( 'NONE',  ( 0.06012060212079784600, 0.007552243422046849000, -0.04724409448818895500 ) ) ;
#545 = ORGANIZATION ( 'UNSPECIFIED', 'UNSPECIFIED', '' ) ;
#546 = CARTESIAN_POINT ( 'NONE',  ( -0.05206596872742733800, -0.03006030106039884300, -0.02554954068241444700 ) ) ;
#547 = CARTESIAN_POINT ( 'NONE',  ( -0.05342719714838074800, -9.814416896276861300E-018, 0.02017716535433147400 ) ) ;
#548 = CARTESIAN_POINT ( 'NONE',  ( 0.04007039786128559200, 0.02313465499174865000, -0.02493438320209957800 ) ) ;
#549 = DIRECTION ( 'NONE',  ( 0.0000000000000000000, 0.0000000000000000000, -1.000000000000000000 ) ) ;
#550 = CARTESIAN_POINT ( 'NONE',  ( -0.03409548833797188000, 0.05905511811023937700, -0.03231627296587746800 ) ) ;
#551 = CIRCLE ( 'NONE', #311, 0.1082677165354333100 ) ;
#552 = CARTESIAN_POINT ( 'NONE',  ( 7.362650295004641100E-018, -0.06012060212079763800, 0.01710137795275672900 ) ) ;
#553 = ORIENTED_EDGE ( 'NONE', *, *, #498, .F. ) ;
#554 = CARTESIAN_POINT ( 'NONE',  ( -0.04007039786128558500, 0.02313465499174859100, 0.01853674540682489000 ) ) ;
#555 = CARTESIAN_POINT ( 'NONE',  ( -0.04452105226838545100, 0.04110375895254116800, -0.04724409448818899000 ) ) ;
#556 = EDGE_LOOP ( 'NONE', ( #1532, #214, #1782 ) ) ;
#557 = DIRECTION ( 'NONE',  ( 0.0000000000000000000, 0.0000000000000000000, 1.000000000000000000 ) ) ;
#558 = VERTEX_POINT ( 'NONE', #731 ) ;
#559 = DIRECTION ( 'NONE',  ( -0.0000000000000000000, -0.0000000000000000000, -1.000000000000000000 ) ) ;
#560 = CARTESIAN_POINT ( 'NONE',  ( 5.666356237004658600E-018, -0.04626930998349725000, 0.005413385826772218100 ) ) ;
#561 = CARTESIAN_POINT ( 'NONE',  ( 5.015158507807128100E-017, -0.1250167905725563800, 0.03757401208417903600 ) ) ;
#562 = CARTESIAN_POINT ( 'NONE',  ( -0.04007039786128558500, 0.02313465499174859100, 0.01853674540682489000 ) ) ;
#563 = DIRECTION ( 'NONE',  ( 1.000000000000000000, 0.0000000000000000000, 0.0000000000000000000 ) ) ;
#564 = CARTESIAN_POINT ( 'NONE',  ( -0.03471064581828488300, -0.06012060212079765900, -0.02513943569553809100 ) ) ;
#565 = CIRCLE ( 'NONE', #1607, 0.1082677165354333100 ) ;
#566 = B_SPLINE_CURVE_WITH_KNOTS ( 'NONE', 3,
 ( #261, #421, #1385, #1065, #1863, #403 ),
 .UNSPECIFIED., .F., .F.,
 ( 4, 2, 4 ),
 ( 0.001606744326298680600, 0.002406996759593206700, 0.003207249192887732400 ),
 .UNSPECIFIED. ) ;
#567 = CARTESIAN_POINT ( 'NONE',  ( 5.666356237004658600E-018, -0.04626930998349725000, 0.02509842519685122300 ) ) ;
#568 = CARTESIAN_POINT ( 'NONE',  ( 0.02671359857419038800, -0.04626930998349723700, 0.04888451443569665600 ) ) ;
#569 = CARTESIAN_POINT ( 'NONE',  ( 0.03471064581828489000, 0.06012060212079763800, 0.06344324146981740500 ) ) ;
#570 = CARTESIAN_POINT ( 'NONE',  ( 0.05114323250695777800, 0.02952755905511970200, -0.03723753280839721400 ) ) ;
#571 = CARTESIAN_POINT ( 'NONE',  ( 7.362650295004641100E-018, -0.06012060212079763800, -0.003813976377952506700 ) ) ;
#572 = CARTESIAN_POINT ( 'NONE',  ( 0.0000000000000000000, 0.0000000000000000000, 0.04724409448818896200 ) ) ;
#573 = DIRECTION ( 'NONE',  ( -0.0000000000000000000, -0.0000000000000000000, -1.000000000000000000 ) ) ;
#574 = CARTESIAN_POINT ( 'NONE',  ( -0.03409548833797018000, 0.05905511811023641400, 0.007053805774278834400 ) ) ;
#575 = CARTESIAN_POINT ( 'NONE',  ( 0.05905511811020509200, 0.01582377120661659600, 0.02105626375469906600 ) ) ;
#576 = EDGE_CURVE ( 'NONE', #1805, #1127, #79, .T. ) ;
#577 = LINE ( 'NONE', #1866, #482 ) ;
#578 = EDGE_LOOP ( 'NONE', ( #824, #955, #732, #1177 ) ) ;
#579 = CARTESIAN_POINT ( 'NONE',  ( 0.0000000000000000000, 0.06012060212079763800, 0.006028543307086992000 ) ) ;
#580 = CARTESIAN_POINT ( 'NONE',  ( -0.02562148502723266700, 0.05320757915936354100, 0.04617861047751478700 ) ) ;
#581 = ORIENTED_EDGE ( 'NONE', *, *, #1398, .T. ) ;
#582 = VERTEX_POINT ( 'NONE', #441 ) ;
#583 = CARTESIAN_POINT ( 'NONE',  ( 0.05905511811023634500, 9.230017910058845100E-016, 0.03986220472441049500 ) ) ;
#584 = B_SPLINE_CURVE_WITH_KNOTS ( 'NONE', 3,
 ( #24, #544, #1003, #844, #1488, #188, #1506, #47, #1645, #1969, #1802, #1631, #31, #54, #1190, #1349, #375, #1166, #696, #555, #1797, #1013, #866, #537 ),
 .UNSPECIFIED., .F., .F.,
 ( 4, 2, 2, 2, 2, 2, 2, 2, 2, 2, 2, 4 ),
 ( 0.004379671402816941200, 0.004956021528671906300, 0.005244196591599388800, 0.005532371654526871400, 0.006108721780381837400, 0.006685071906236803400, 0.006973246969164285900, 0.007261422032091769400, 0.007549597095019252800, 0.007837772157946735300, 0.008414122283801700500, 0.008990472409656665600 ),
 .UNSPECIFIED. ) ;
#585 = CARTESIAN_POINT ( 'NONE',  ( -0.05114323250695512100, -0.02952755905511819700, -0.005249343832020637300 ) ) ;
#586 = CARTESIAN_POINT ( 'NONE',  ( 0.05114323250695521800, 0.02952755905511822400, 0.002132545931759083100 ) ) ;
#587 = ORIENTED_EDGE ( 'NONE', *, *, #1307, .T. ) ;
#588 = ADVANCED_FACE ( 'NONE', ( #821 ), #1993, .T. ) ;
#589 = CARTESIAN_POINT ( 'NONE',  ( 0.0000000000000000000, 0.0000000000000000000, 0.04724409448818896200 ) ) ;
#590 = CARTESIAN_POINT ( 'NONE',  ( 7.362650295004641100E-018, -0.06012060212079763800, -0.06163877952755928600 ) ) ;
#591 = EDGE_LOOP ( 'NONE', ( #468, #804, #649, #110, #801, #1640 ) ) ;
#592 = DIRECTION ( 'NONE',  ( 1.000000000000000000, 8.881784197001252300E-016, 0.0000000000000000000 ) ) ;
#593 = CARTESIAN_POINT ( 'NONE',  ( 0.03635451384280269400, 0.03847710775500055900, -0.03995262994798132200 ) ) ;
#594 = FACE_OUTER_BOUND ( 'NONE', #391, .T. ) ;
#595 = EDGE_CURVE ( 'NONE', #729, #1900, #1034, .T. ) ;
#596 = CARTESIAN_POINT ( 'NONE',  ( -0.1082677165354332300, -0.01057991308032385000, 0.04724409448818903100 ) ) ;
#597 = APPROVAL_STATUS ( 'not_yet_approved' ) ;
#598 = CARTESIAN_POINT ( 'NONE',  ( -0.05037074674100686800, 3.431233423813698000E-017, 0.03749423910839808100 ) ) ;
#599 = AXIS2_PLACEMENT_3D ( 'NONE', #763, #2009, #605 ) ;
#600 = CARTESIAN_POINT ( 'NONE',  ( 0.02671359857419036700, 0.04626930998349724300, -0.04297900262467201800 ) ) ;
#601 = ORIENTED_EDGE ( 'NONE', *, *, #540, .F. ) ;
#602 = DIRECTION ( 'NONE',  ( -0.0000000000000000000, -0.0000000000000000000, -1.000000000000000000 ) ) ;
#603 = CARTESIAN_POINT ( 'NONE',  ( 0.003900377151054352200, -0.06012193301141756400, 0.04724409448818416700 ) ) ;
#604 = VECTOR ( 'NONE', #485, 39.37007874015748100 ) ;
#605 = DIRECTION ( 'NONE',  ( 1.000000000000000000, 0.0000000000000000000, 0.0000000000000000000 ) ) ;
#606 = CARTESIAN_POINT ( 'NONE',  ( -0.04007039786128558500, 0.02313465499174859100, -0.03805774278215227200 ) ) ;
#607 = B_SPLINE_CURVE_WITH_KNOTS ( 'NONE', 3,
 ( #113, #785, #123, #466, #155, #322, #1119, #1115, #2055, #1605, #1759, #4, #1753, #314, #1585, #168, #490, #1454, #496, #1132 ),
 .UNSPECIFIED., .F., .F.,
 ( 4, 2, 2, 2, 2, 2, 2, 2, 2, 4 ),
 ( 0.0000000000000000000, 0.0005474589253521177500, 0.001094917850704235700, 0.001368647313380294600, 0.001642376776056353600, 0.002189835701408471000, 0.002737294626760588700, 0.003284753552112706700, 0.003832212477464824000, 0.004379671402816941200 ),
 .UNSPECIFIED. ) ;
#608 = VERTEX_POINT ( 'NONE', #766 ) ;
#609 = CARTESIAN_POINT ( 'NONE',  ( -0.02332050254870926900, 0.04475771151014725600, -0.03748077851597354800 ) ) ;
#610 = EDGE_CURVE ( 'NONE', #215, #1455, #470, .T. ) ;
#611 = ORIENTED_EDGE ( 'NONE', *, *, #595, .T. ) ;
#612 = CARTESIAN_POINT ( 'NONE',  ( -0.05114323250695512100, -0.02952755905511819700, -0.04461942257217863700 ) ) ;
#613 = CARTESIAN_POINT ( 'NONE',  ( 0.0000000000000000000, -1.067128122525102800E-017, 0.04724409448818896200 ) ) ;
#614 = ORIENTED_EDGE ( 'NONE', *, *, #1941, .F. ) ;
#615 = PRODUCT_DEFINITION_FORMATION_WITH_SPECIFIED_SOURCE ( 'ANY', '', #1390, .NOT_KNOWN. ) ;
#616 = CARTESIAN_POINT ( 'NONE',  ( -0.05413385826771639100, 0.09376259292941771500, 0.04724409448818896200 ) ) ;
#617 = CARTESIAN_POINT ( 'NONE',  ( -0.04007039786128558500, 0.02313465499174859100, 0.02099737532808473500 ) ) ;
#618 = CARTESIAN_POINT ( 'NONE',  ( -0.1082677165354332400, 0.04215903278891804800, 0.04292145282689088800 ) ) ;
#619 = CARTESIAN_POINT ( 'NONE',  ( -0.05905511811023634500, -2.516237844130044700E-017, 0.01279527559055178300 ) ) ;
#620 = APPROVAL_ROLE ( '' ) ;
#621 = LINE ( 'NONE', #805, #276 ) ;
#622 = CARTESIAN_POINT ( 'NONE',  ( 0.1082677165354327000, 0.06250839528627870300, 0.03757401208417891100 ) ) ;
#623 = CARTESIAN_POINT ( 'NONE',  ( 5.666356237004658600E-018, -0.04626930998349725000, 0.007874015748032063200 ) ) ;
#624 = CARTESIAN_POINT ( 'NONE',  ( 0.0000000000000000000, 0.04626930998349725000, -0.001968503937007435100 ) ) ;
#625 = CARTESIAN_POINT ( 'NONE',  ( 0.03409548833797011000, -0.05905511811023633100, -0.02001312335957988400 ) ) ;
#626 = DIRECTION ( 'NONE',  ( 0.0000000000000000000, 0.0000000000000000000, 1.000000000000000000 ) ) ;
#627 = CARTESIAN_POINT ( 'NONE',  ( 0.05342719714838074800, 3.271472298758954400E-018, -0.04625984251968518600 ) ) ;
#628 = CARTESIAN_POINT ( 'NONE',  ( 0.02671359857419036700, 0.04626930998349724300, -0.003608923884514020600 ) ) ;
#629 = CONICAL_SURFACE ( 'NONE', #64, 0.1082677165354333100, 1.047197551196600100 ) ;
#630 = CARTESIAN_POINT ( 'NONE',  ( 0.03014242831576065300, -0.05216583188657011200, 0.04724409448818896200 ) ) ;
#631 = ORIENTED_EDGE ( 'NONE', *, *, #1841, .T. ) ;
#632 = CARTESIAN_POINT ( 'NONE',  ( 0.05342719714838074800, 3.271472298758954400E-018, 0.03001968503937097600 ) ) ;
#633 = ORIENTED_EDGE ( 'NONE', *, *, #768, .F. ) ;
#634 = EDGE_CURVE ( 'NONE', #1287, #1805, #1347, .T. ) ;
#635 = CARTESIAN_POINT ( 'NONE',  ( -0.04007039786128555000, -0.02313465499174864600, -0.01509186351706010500 ) ) ;
#636 = CARTESIAN_POINT ( 'NONE',  ( 7.232166136696982700E-018, -0.05905511811023634500, 0.03740157480315053900 ) ) ;
#637 = DATE_AND_TIME ( #1793, #377 ) ;
#638 = CARTESIAN_POINT ( 'NONE',  ( -0.02671359857419039800, 0.04626930998349723000, 0.01935695538057815100 ) ) ;
#639 = CARTESIAN_POINT ( 'NONE',  ( 0.05905511811023631000, -0.01582377120656244800, 0.02175869687522669400 ) ) ;
#640 = VECTOR ( 'NONE', #573, 39.37007874015748100 ) ;
#641 = CARTESIAN_POINT ( 'NONE',  ( 0.05339402904426954200, -0.01715719243843783300, 0.04309684918880199400 ) ) ;
#642 = CARTESIAN_POINT ( 'NONE',  ( -0.1082677165354332400, 0.06250839528627849500, -0.03757401208417870300 ) ) ;
#643 = EDGE_CURVE ( 'NONE', #57, #1900, #566, .T. ) ;
#644 = CARTESIAN_POINT ( 'NONE',  ( -0.05342719714838074800, -9.814416896276861300E-018, 0.02263779527559131900 ) ) ;
#645 = CARTESIAN_POINT ( 'NONE',  ( 0.05114323250695514800, -0.02952755905511815800, 0.04068241469816370700 ) ) ;
#646 = CARTESIAN_POINT ( 'NONE',  ( 0.02671359857419038800, -0.04626930998349723700, -0.01263123359580019400 ) ) ;
#647 = ORIENTED_EDGE ( 'NONE', *, *, #1485, .F. ) ;
#648 = CARTESIAN_POINT ( 'NONE',  ( 0.05905511811023634500, 7.232166136696982700E-018, 0.04724409448818896200 ) ) ;
#649 = ORIENTED_EDGE ( 'NONE', *, *, #1053, .T. ) ;
#650 = DIRECTION ( 'NONE',  ( 1.000000000000000000, 5.462962177226047300E-016, -0.0000000000000000000 ) ) ;
#651 = ORIENTED_EDGE ( 'NONE', *, *, #2000, .F. ) ;
#652 = CARTESIAN_POINT ( 'NONE',  ( 0.03409548833798595900, -0.05905511811026378100, 0.03658136482941314000 ) ) ;
#653 = ORIENTED_EDGE ( 'NONE', *, *, #643, .T. ) ;
#654 = CARTESIAN_POINT ( 'NONE',  ( 0.04007039786128556400, -0.02313465499174861500, -0.01099081364829361500 ) ) ;
#655 = EDGE_CURVE ( 'NONE', #486, #1121, #900, .T. ) ;
#656 = CARTESIAN_POINT ( 'NONE',  ( 0.0000000000000000000, 0.04626930998349729200, -0.001968503937007408600 ) ) ;
#657 = CARTESIAN_POINT ( 'NONE',  ( 0.05661065418407237900, -3.075643266659137600E-014, 0.04373414655146358500 ) ) ;
#658 = CARTESIAN_POINT ( 'NONE',  ( 0.03471064581828489000, 0.06012060212079763800, 0.04498851706036864600 ) ) ;
#659 = CIRCLE ( 'NONE', #1490, 0.06012060212079777700 ) ;
#660 = CARTESIAN_POINT ( 'NONE',  ( -0.05342719714838078900, -9.814416896276870500E-018, -0.01673228346456665700 ) ) ;
#661 = FACE_BOUND ( 'NONE', #1144, .T. ) ;
#662 = CARTESIAN_POINT ( 'NONE',  ( 0.03409548833798591700, 0.05905511811026378100, 0.04314304461943945700 ) ) ;
#663 = ADVANCED_FACE ( 'NONE', ( #1273 ), #1321, .F. ) ;
#664 = CARTESIAN_POINT ( 'NONE',  ( 0.0000000000000000000, 0.04626930998349725000, -0.02411417322834627900 ) ) ;
#665 =( BOUNDED_CURVE ( )  B_SPLINE_CURVE ( 2, ( #1480, #1769, #705, #387, #888, #893, #567, #374, #1984, #547, #554, #1833, #74, #1657, #1041, #240, #871, #1512, #560, #1217, #383, #219, #1976, #234, #727, #1968, #1801, #53, #67, #1376, #401, #58, #1363, #1809, #1189, #1989, #1353, #225, #736, #718, #1348, #1527, #1020 ),
 .UNSPECIFIED., .F., .F. ) 
 B_SPLINE_CURVE_WITH_KNOTS ( ( 3, 2, 2, 2, 2, 2, 2, 2, 2, 2, 2, 2, 2, 2, 2, 2, 2, 2, 2, 2, 2, 3 ),
 ( 0.1798264651870049300, 0.1944444444444444500, 0.2222222222222222100, 0.2500000000000000000, 0.2777777777777777900, 0.3055555555555555800, 0.3333333333333333100, 0.3611111111111111000, 0.3888888888888889000, 0.4166666666666666900, 0.4444444444444444200, 0.4722222222222222100, 0.5000000000000000000, 0.5277777777777777900, 0.5555555555555555800, 0.5833333333333333700, 0.6111111111111111600, 0.6388888888888888400, 0.6666666666666666300, 0.6944444444444444200, 0.7222222222222222100, 0.7448572837965535800 ),
 .UNSPECIFIED. ) 
 CURVE ( )  GEOMETRIC_REPRESENTATION_ITEM ( )  RATIONAL_B_SPLINE_CURVE ( ( 0.9331972969954553900, 0.9294962367338952500, 1.000000000000000000, 0.8660254037844387100, 1.000000000000000000, 0.8660254037844387100, 1.000000000000000000, 0.8660254037844387100, 1.000000000000000000, 0.8660254037844387100, 1.000000000000000000, 0.8660254037844387100, 1.000000000000000000, 0.8660254037844387100, 1.000000000000000000, 0.8660254037844387100, 1.000000000000000000, 0.8660254037844387100, 1.000000000000000000, 0.8660254037844387100, 1.000000000000000000, 0.8660254037844387100, 1.000000000000000000, 0.8660254037844387100, 1.000000000000000000, 0.8660254037844387100, 1.000000000000000000, 0.8660254037844387100, 1.000000000000000000, 0.8660254037844387100, 1.000000000000000000, 0.8660254037844387100, 1.000000000000000000, 0.8660254037844387100, 1.000000000000000000, 0.8660254037844387100, 1.000000000000000000, 0.8660254037844387100, 1.000000000000000000, 0.8660254037844387100, 1.000000000000000000, 0.8908291635495252400, 0.9595767066718488000 ) ) 
 REPRESENTATION_ITEM ( '' )  );
#666 = CARTESIAN_POINT ( 'NONE',  ( -0.02671359857419036000, -0.04626930998349725700, -0.05528215223097136800 ) ) ;
#667 = CARTESIAN_POINT ( 'NONE',  ( -0.04713921209770137500, 0.01625564171544486400, 0.03681437253696356200 ) ) ;
#668 = CARTESIAN_POINT ( 'NONE',  ( -0.05051614337118343100, -0.003521079552433335500, 0.03763963573857467100 ) ) ;
#669 = VERTEX_POINT ( 'NONE', #1699 ) ;
#670 = CARTESIAN_POINT ( 'NONE',  ( 0.0000000000000000000, 0.04626930998349725000, 0.03494094488189072900 ) ) ;
#671 = EDGE_LOOP ( 'NONE', ( #1573, #1128, #1979, #752, #1983, #1924 ) ) ;
#672 = ADVANCED_FACE ( 'NONE', ( #796 ), #1729, .T. ) ;
#673 = CARTESIAN_POINT ( 'NONE',  ( -0.05037001497165320700, -0.005295194858086120900, -0.05818752323421860800 ) ) ;
#674 = CARTESIAN_POINT ( 'NONE',  ( 0.04444373374181692000, 0.01286870535195523500, 0.03339280235088848400 ) ) ;
#675 = ORIENTED_EDGE ( 'NONE', *, *, #1082, .T. ) ;
#676 = ORIENTED_EDGE ( 'NONE', *, *, #781, .T. ) ;
#677 = CARTESIAN_POINT ( 'NONE',  ( 0.05905511811023634500, 1.349618480033387600E-016, -0.01673228346456671200 ) ) ;
#678 = CARTESIAN_POINT ( 'NONE',  ( 2.982827790191875000E-017, 0.1250167905725567400, -0.03757401208417883400 ) ) ;
#679 = CARTESIAN_POINT ( 'NONE',  ( -0.06942129163656979300, -1.275248438931002000E-017, 0.01094980314960674100 ) ) ;
#680 = EDGE_CURVE ( 'NONE', #1078, #1073, #565, .T. ) ;
#681 = CARTESIAN_POINT ( 'NONE',  ( -0.03471064581828493800, 0.06012060212079762400, -0.05015583989501320300 ) ) ;
#682 = ORIENTED_EDGE ( 'NONE', *, *, #336, .T. ) ;
#683 = CARTESIAN_POINT ( 'NONE',  ( -0.03409548833797013800, 0.05905511811023633100, 0.02919947506561761800 ) ) ;
#684 = DIRECTION ( 'NONE',  ( 0.0000000000000000000, 0.0000000000000000000, -1.000000000000000000 ) ) ;
#685 = CARTESIAN_POINT ( 'NONE',  ( -0.05905511811023635800, -7.880502367028174000E-013, 0.01033464566933573100 ) ) ;
#686 = DIMENSIONAL_EXPONENTS ( 1.000000000000000000, 0.0000000000000000000, 0.0000000000000000000, 0.0000000000000000000, 0.0000000000000000000, 0.0000000000000000000, 0.0000000000000000000 ) ;
#687 = CIRCLE ( 'NONE', #1028, 0.1082677165354333100 ) ;
#688 = CARTESIAN_POINT ( 'NONE',  ( 0.03471064581828489000, 0.06012060212079763800, -0.01406660104986836300 ) ) ;
#689 = CARTESIAN_POINT ( 'NONE',  ( 0.02671359857419036700, 0.04626930998349724300, -0.02575459317585286600 ) ) ;
#690 = DIRECTION ( 'NONE',  ( -1.000000000000000000, 0.0000000000000000000, 0.0000000000000000000 ) ) ;
#691 = CARTESIAN_POINT ( 'NONE',  ( -0.03214412134578188700, -0.04171202073990933800, -0.03964578621785575000 ) ) ;
#692 = CARTESIAN_POINT ( 'NONE',  ( -0.03471064581828493800, 0.06012060212079762400, 0.02858431758530281500 ) ) ;
#693 = EDGE_CURVE ( 'NONE', #164, #1672, #218, .T. ) ;
#694 = ADVANCED_FACE ( 'NONE', ( #864 ), #474, .F. ) ;
#695 = CARTESIAN_POINT ( 'NONE',  ( 0.05342719714838074800, 3.271472298758954400E-018, -0.009350393700787029300 ) ) ;
#696 = CARTESIAN_POINT ( 'NONE',  ( -0.03584895099413550100, 0.04841103785216492600, -0.04724409448818896200 ) ) ;
#697 = ORIENTED_EDGE ( 'NONE', *, *, #2050, .F. ) ;
#698 = AXIS2_PLACEMENT_3D ( 'NONE', #1987, #1821, #1047 ) ;
#699 = CARTESIAN_POINT ( 'NONE',  ( 0.05114323250695514100, 0.02952755905511817600, 0.004593175853018861800 ) ) ;
#700 = CARTESIAN_POINT ( 'NONE',  ( -0.04028832123941466400, -0.04317821379728081800, -0.04617861047762750200 ) ) ;
#701 = EDGE_LOOP ( 'NONE', ( #1444, #1613, #242 ) ) ;
#702 = EDGE_LOOP ( 'NONE', ( #1836, #1380, #1905 ) ) ;
#703 = CARTESIAN_POINT ( 'NONE',  ( 0.03471064581828489000, 0.06012060212079763800, 0.005618438320210644400 ) ) ;
#704 = ORIENTED_EDGE ( 'NONE', *, *, #1648, .F. ) ;
#705 = CARTESIAN_POINT ( 'NONE',  ( 0.04007039786128555700, 0.02313465499174862900, 0.03166010498687756000 ) ) ;
#706 = DIRECTION ( 'NONE',  ( 1.000000000000000000, 0.0000000000000000000, 0.0000000000000000000 ) ) ;
#707 = CARTESIAN_POINT ( 'NONE',  ( -0.05905511811024295700, 0.01582377120655701800, -0.02991453147122854300 ) ) ;
#708 = EDGE_CURVE ( 'NONE', #32, #486, #1526, .T. ) ;
#709 = CARTESIAN_POINT ( 'NONE',  ( 7.362650295004641100E-018, -0.06012060212079763800, 0.03678641732283573200 ) ) ;
#710 = SECURITY_CLASSIFICATION ( '', '', #445 ) ;
#711 = B_SPLINE_CURVE_WITH_KNOTS ( 'NONE', 3,
 ( #1264, #1426, #487, #146 ),
 .UNSPECIFIED., .F., .F.,
 ( 4, 4 ),
 ( 2.380742992387853800E-007, 0.001606744326298680100 ),
 .UNSPECIFIED. ) ;
#712 = CONICAL_SURFACE ( 'NONE', #939, 0.1082677165354333100, 1.047197551196600100 ) ;
#713 = CARTESIAN_POINT ( 'NONE',  ( -0.05905511811002522200, -0.01582377120692815600, 0.01121374406967688000 ) ) ;
#714 = CARTESIAN_POINT ( 'NONE',  ( -0.02562148502723266700, 0.05320757915936354100, 0.04617861047751478700 ) ) ;
#715 = CYLINDRICAL_SURFACE ( 'NONE', #394, 0.05905511811023634500 ) ;
#716 = CARTESIAN_POINT ( 'NONE',  ( 0.06942129163656979300, 4.250828129770007000E-018, -0.03826279527559076100 ) ) ;
#717 = DIRECTION ( 'NONE',  ( 0.0000000000000000000, 0.0000000000000000000, -1.000000000000000000 ) ) ;
#718 = CARTESIAN_POINT ( 'NONE',  ( 0.05342719714838074800, 3.271472298758954000E-018, -0.02903543307086603500 ) ) ;
#719 = CARTESIAN_POINT ( 'NONE',  ( 0.05342719714838074800, 3.271472298758954400E-018, 0.05216535433070982500 ) ) ;
#720 = CARTESIAN_POINT ( 'NONE',  ( -0.05206596872742737900, 0.03006030106039877700, 0.04867946194225816800 ) ) ;
#721 = CARTESIAN_POINT ( 'NONE',  ( 0.05114323250695514100, 0.02952755905511817600, -0.03477690288713913800 ) ) ;
#722 = CARTESIAN_POINT ( 'NONE',  ( 0.03471064581828491700, -0.06012060212079762400, -0.002173556430445920800 ) ) ;
#723 = CARTESIAN_POINT ( 'NONE',  ( 0.1082677165354327500, -0.06250839528628260300, 0.03757401208418190800 ) ) ;
#724 = AXIS2_PLACEMENT_3D ( 'NONE', #368, #684, #850 ) ;
#725 = VERTEX_POINT ( 'NONE', #1702 ) ;
#726 = B_SPLINE_CURVE_WITH_KNOTS ( 'NONE', 3,
 ( #1690, #1828, #1359, #1374, #1201, #386, #1366, #885, #407, #868, #1055, #400, #1523, #580 ),
 .UNSPECIFIED., .F., .F.,
 ( 4, 2, 2, 2, 2, 2, 4 ),
 ( 0.0000000000000000000, 0.0002948133805276888400, 0.0005896267610553776800, 0.0008844401415830662400, 0.001179253522110754700, 0.001768880283166131600, 0.002358507044221508500 ),
 .UNSPECIFIED. ) ;
#727 = CARTESIAN_POINT ( 'NONE',  ( 0.0000000000000000000, 0.04626930998349725000, -0.004429133858267280200 ) ) ;
#728 = CARTESIAN_POINT ( 'NONE',  ( 5.666356237004658600E-018, -0.04626930998349725000, 0.04724409448819007200 ) ) ;
#729 = VERTEX_POINT ( 'NONE', #111 ) ;
#730 = CARTESIAN_POINT ( 'NONE',  ( 7.362650295004641100E-018, -0.06012060212079763800, 0.05524114173228450400 ) ) ;
#731 = CARTESIAN_POINT ( 'NONE',  ( 0.05905511811023635100, 4.117480108576436500E-017, 0.02263779527559129200 ) ) ;
#732 = ORIENTED_EDGE ( 'NONE', *, *, #1927, .T. ) ;
#733 = VERTEX_POINT ( 'NONE', #1708 ) ;
#734 = CARTESIAN_POINT ( 'NONE',  ( -0.05379932317934215500, 0.02897796538309404400, -0.04968667079459448300 ) ) ;
#735 = CARTESIAN_POINT ( 'NONE',  ( -0.03471064581828488300, -0.06012060212079765900, -0.06327919947506587000 ) ) ;
#736 = CARTESIAN_POINT ( 'NONE',  ( 0.04007039786128555700, 0.02313465499174862900, -0.02739501312335945000 ) ) ;
#737 = CARTESIAN_POINT ( 'NONE',  ( -0.04007039786128555000, -0.02313465499174864600, 0.04396325459317690400 ) ) ;
#738 = CARTESIAN_POINT ( 'NONE',  ( 0.03409548833797011000, 0.05905511811023639300, 0.02345800524934463900 ) ) ;
#739 = EDGE_CURVE ( 'NONE', #5, #826, #1346, .T. ) ;
#740 = CARTESIAN_POINT ( 'NONE',  ( 0.06942129163656979300, 4.250828129770007000E-018, 0.001107283464567242700 ) ) ;
#741 = FACE_OUTER_BOUND ( 'NONE', #2004, .T. ) ;
#742 = CARTESIAN_POINT ( 'NONE',  ( 0.0000000000000000000, 0.0000000000000000000, 0.04724409448818896200 ) ) ;
#743 = AXIS2_PLACEMENT_3D ( 'NONE', #1966, #232, #1676 ) ;
#744 = B_SPLINE_CURVE_WITH_KNOTS ( 'NONE', 3,
 ( #1839, #1671, #1036, #889 ),
 .UNSPECIFIED., .F., .F.,
 ( 4, 4 ),
 ( 2.380742992387856200E-007, 0.001606744326298677100 ),
 .UNSPECIFIED. ) ;
#745 = CARTESIAN_POINT ( 'NONE',  ( 0.04494546645032053400, 0.09906751341861094700, 0.04724409448818914200 ) ) ;
#746 = DIRECTION ( 'NONE',  ( 0.0000000000000000000, 0.0000000000000000000, -1.000000000000000000 ) ) ;
#747 = DIRECTION ( 'NONE',  ( -1.000000000000000000, 0.0000000000000000000, 0.0000000000000000000 ) ) ;
#748 = DIRECTION ( 'NONE',  ( -1.000000000000000000, 0.0000000000000000000, 0.0000000000000000000 ) ) ;
#749 = DIRECTION ( 'NONE',  ( 1.000000000000000000, 0.0000000000000000000, -0.0000000000000000000 ) ) ;
#750 = EDGE_CURVE ( 'NONE', #245, #1287, #887, .T. ) ;
#751 = VERTEX_POINT ( 'NONE', #1091 ) ;
#752 = ORIENTED_EDGE ( 'NONE', *, *, #268, .F. ) ;
#753 = ADVANCED_FACE ( 'NONE', ( #1299 ), #356, .F. ) ;
#754 = CARTESIAN_POINT ( 'NONE',  ( -0.1082677165354331800, -0.05232608165385561900, 0.04051339284250516500 ) ) ;
#755 = PERSON_AND_ORGANIZATION_ROLE ( 'creator' ) ;
#756 = ORIENTED_EDGE ( 'NONE', *, *, #324, .F. ) ;
#757 = CARTESIAN_POINT ( 'NONE',  ( 5.038888133540527000E-017, -0.1250167905725563800, 0.04724409448818896200 ) ) ;
#758 = CARTESIAN_POINT ( 'NONE',  ( 0.03218116025940457500, 0.03380536786575075900, 0.03339280235088851900 ) ) ;
#759 = CARTESIAN_POINT ( 'NONE',  ( -0.04007039786128555000, -0.02313465499174864600, -0.05446194225721810000 ) ) ;
#760 = DIRECTION ( 'NONE',  ( 1.000000000000000000, 0.0000000000000000000, 0.0000000000000000000 ) ) ;
#761 = CARTESIAN_POINT ( 'NONE',  ( -0.1082677165354332000, -5.914624404477027300E-017, 0.04724409448818896200 ) ) ;
#762 = DIRECTION ( 'NONE',  ( -0.0000000000000000000, -0.0000000000000000000, 1.000000000000000000 ) ) ;
#763 = CARTESIAN_POINT ( 'NONE',  ( 0.0000000000000000000, 0.0000000000000000000, 0.04724409448818896200 ) ) ;
#764 = CARTESIAN_POINT ( 'NONE',  ( 0.02671359857419036700, 0.04626930998349724300, 0.03576115485564398300 ) ) ;
#765 = APPROVAL_DATE_TIME ( #1894, #1873 ) ;
#766 = CARTESIAN_POINT ( 'NONE',  ( -0.03325565513260853700, 0.05008540906360119100, 0.04724409448818896200 ) ) ;
#767 = FACE_OUTER_BOUND ( 'NONE', #1928, .T. ) ;
#768 = EDGE_CURVE ( 'NONE', #1669, #136, #440, .T. ) ;
#769 = CARTESIAN_POINT ( 'NONE',  ( -0.1082677165354331700, -0.06250839528627795400, 0.03757401208417889000 ) ) ;
#770 = FACE_OUTER_BOUND ( 'NONE', #1566, .T. ) ;
#771 = DIRECTION ( 'NONE',  ( 0.0000000000000000000, 0.0000000000000000000, 1.000000000000000000 ) ) ;
#772 = CARTESIAN_POINT ( 'NONE',  ( 0.02671359857419038800, -0.04626930998349723700, -0.02985564304461936100 ) ) ;
#773 = CARTESIAN_POINT ( 'NONE',  ( -0.02671359857419036000, -0.04626930998349725700, 0.04560367454068348800 ) ) ;
#774 = CARTESIAN_POINT ( 'NONE',  ( 0.05905511811023634500, 1.349618480033387600E-016, -0.03641732283464571600 ) ) ;
#775 = PERSON_AND_ORGANIZATION_ROLE ( 'creator' ) ;
#776 = CARTESIAN_POINT ( 'NONE',  ( -0.05973052330790884500, -0.007880074589581297800, 0.04724409448818895500 ) ) ;
#777 = FACE_OUTER_BOUND ( 'NONE', #1452, .T. ) ;
#778 = CARTESIAN_POINT ( 'NONE',  ( 0.05661065418407237900, -3.075643266659137600E-014, 0.04373414655146358500 ) ) ;
#779 = CARTESIAN_POINT ( 'NONE',  ( 0.0000000000000000000, 0.04626930998349725000, 0.01771653543307157000 ) ) ;
#780 = ORIENTED_EDGE ( 'NONE', *, *, #2036, .F. ) ;
#781 = EDGE_CURVE ( 'NONE', #189, #1529, #822, .T. ) ;
#782 = CARTESIAN_POINT ( 'NONE',  ( 0.02671359857419038800, -0.04626930998349723700, 0.009514435695538649200 ) ) ;
#783 = ORIENTED_EDGE ( 'NONE', *, *, #963, .T. ) ;
#784 = DIRECTION ( 'NONE',  ( 0.4999999999999998300, 0.8660254037844388200, -0.0000000000000000000 ) ) ;
#785 = CARTESIAN_POINT ( 'NONE',  ( -0.05610317817232644100, -0.02279943095524808800, -0.04724409448818896200 ) ) ;
#786 = ORIENTED_EDGE ( 'NONE', *, *, #1026, .T. ) ;
#787 = CARTESIAN_POINT ( 'NONE',  ( 0.05905511811023637900, -0.01582377120656232700, -0.01761138186493130900 ) ) ;
#788 = CARTESIAN_POINT ( 'NONE',  ( 0.05682693828466722800, 0.005886618288375824700, 0.04395043065205525600 ) ) ;
#789 = CARTESIAN_POINT ( 'NONE',  ( 0.0000000000000000000, 0.04626930998349725000, -0.04133858267716544700 ) ) ;
#790 = CARTESIAN_POINT ( 'NONE',  ( -0.02671359857419039800, 0.04626930998349723000, 0.03904199475065715800 ) ) ;
#791 = CARTESIAN_POINT ( 'NONE',  ( 0.06012060212079763800, -1.538336318343141000E-015, -0.04724409448818898300 ) ) ;
#792 = CARTESIAN_POINT ( 'NONE',  ( -0.06012060212079685400, -0.003970878288214154500, 0.04724409448818896200 ) ) ;
#793 = DATE_AND_TIME ( #1486, #94 ) ;
#794 = CARTESIAN_POINT ( 'NONE',  ( 5.666356237004658600E-018, -0.04626930998349725000, 0.02509842519685122300 ) ) ;
#795 = EDGE_CURVE ( 'NONE', #1672, #1234, #66, .T. ) ;
#796 = FACE_OUTER_BOUND ( 'NONE', #851, .T. ) ;
#797 = CARTESIAN_POINT ( 'NONE',  ( 0.05342719714838074800, 3.271472298758954400E-018, -0.02657480314960619000 ) ) ;
#798 = CARTESIAN_POINT ( 'NONE',  ( 0.09052708210887712400, -0.07275095534804483500, 0.04294923502109881200 ) ) ;
#799 = CARTESIAN_POINT ( 'NONE',  ( 0.0000000000000000000, 0.04626930998349725000, 0.05462598425196972500 ) ) ;
#800 = CARTESIAN_POINT ( 'NONE',  ( 0.04007039786128555700, 0.02313465499174862900, -0.02493438320209960500 ) ) ;
#801 = ORIENTED_EDGE ( 'NONE', *, *, #1520, .T. ) ;
#802 = CARTESIAN_POINT ( 'NONE',  ( -0.03576908120675980500, -0.1043655019091680200, -0.04631812580440741000 ) ) ;
#803 = CARTESIAN_POINT ( 'NONE',  ( 0.05447492528799665500, -0.01384325275137809700, 0.04322115888930142000 ) ) ;
#804 = ORIENTED_EDGE ( 'NONE', *, *, #405, .T. ) ;
#805 = CARTESIAN_POINT ( 'NONE',  ( 0.05905511811023634500, 7.232166136696982700E-018, 0.04724409448818896200 ) ) ;
#806 = VERTEX_POINT ( 'NONE', #453 ) ;
#807 = EDGE_LOOP ( 'NONE', ( #11, #114, #1686, #1591, #1016, #186, #2033, #1022, #195, #1597 ) ) ;
#808 = CARTESIAN_POINT ( 'NONE',  ( 0.0000000000000000000, 0.04626930998349725000, 0.01771653543307157000 ) ) ;
#809 = CARTESIAN_POINT ( 'NONE',  ( 0.002662095156291469100, -0.04660072002689330500, -0.03339280235088849100 ) ) ;
#810 = CARTESIAN_POINT ( 'NONE',  ( 0.02671359857419038800, -0.04626930998349723700, -0.05200131233595820700 ) ) ;
#811 = CARTESIAN_POINT ( 'NONE',  ( 0.04007039786128559200, 0.02313465499174865000, 0.01443569553805842400 ) ) ;
#812 = CARTESIAN_POINT ( 'NONE',  ( -0.03906673505757894700, 0.03082005344980543600, 0.03618965217958686200 ) ) ;
#813 = SHAPE_DEFINITION_REPRESENTATION ( #1159, #1982 ) ;
#814 = LINE ( 'NONE', #648, #1604 ) ;
#815 = CARTESIAN_POINT ( 'NONE',  ( 0.0000000000000000000, 0.06012060212079763800, 0.04662893700787523000 ) ) ;
#816 = EDGE_CURVE ( 'NONE', #1439, #558, #517, .T. ) ;
#817 = CARTESIAN_POINT ( 'NONE',  ( 0.02671359857419039100, 0.04626930998349729200, -0.003608923884513994200 ) ) ;
#818 = CC_DESIGN_DATE_AND_TIME_ASSIGNMENT ( #637, #1400, ( #710 ) ) ;
#819 = CARTESIAN_POINT ( 'NONE',  ( 0.05413385826771657800, 0.09376259292941781200, -0.04724409448818896200 ) ) ;
#820 = CARTESIAN_POINT ( 'NONE',  ( 0.02671359857419036700, 0.04626930998349724300, 0.03330052493438414400 ) ) ;
#821 = FACE_OUTER_BOUND ( 'NONE', #556, .T. ) ;
#822 =( BOUNDED_CURVE ( )  B_SPLINE_CURVE ( 2, ( #1066, #277, #612, #923, #1083, #915, #1392, #425, #774 ),
 .UNSPECIFIED., .F., .F. ) 
 B_SPLINE_CURVE_WITH_KNOTS ( ( 3, 2, 2, 2, 3 ),
 ( 0.1755170230949216200, 0.1887641204793855100, 0.2165418982571633000, 0.2443196760349410900, 0.2582085649238300400 ),
 .UNSPECIFIED. ) 
 CURVE ( )  GEOMETRIC_REPRESENTATION_ITEM ( )  RATIONAL_B_SPLINE_CURVE ( ( 0.9331557379005379600, 0.9361081171679763700, 1.000000000000000000, 0.8660254037844387100, 1.000000000000000000, 0.8660254037844387100, 1.000000000000000000, 0.9330127018922190800, 0.9330127018922194100 ) ) 
 REPRESENTATION_ITEM ( '' )  );
#823 = CARTESIAN_POINT ( 'NONE',  ( -0.04007039786128562000, 0.02313465499174861100, -0.01837270341207324100 ) ) ;
#824 = ORIENTED_EDGE ( 'NONE', *, *, #1279, .F. ) ;
#825 = CARTESIAN_POINT ( 'NONE',  ( 0.03576908120675988800, 0.1043655019091683900, -0.04631812580440718800 ) ) ;
#826 = VERTEX_POINT ( 'NONE', #1723 ) ;
#827 = ORIENTED_EDGE ( 'NONE', *, *, #1463, .T. ) ;
#828 = CARTESIAN_POINT ( 'NONE',  ( 5.666356237004658600E-018, -0.04626930998349725000, -0.03395669291338577300 ) ) ;
#829 = ORIENTED_EDGE ( 'NONE', *, *, #1751, .F. ) ;
#830 = CARTESIAN_POINT ( 'NONE',  ( 0.04007039786128555700, 0.02313465499174862900, 0.01197506561679855300 ) ) ;
#831 = CARTESIAN_POINT ( 'NONE',  ( -0.04007039786128562000, 0.02313465499174861100, 0.02099737532808476300 ) ) ;
#832 = CARTESIAN_POINT ( 'NONE',  ( 0.01839194609729105000, 0.04286893131912069400, 0.03358160203966739600 ) ) ;
#833 = DIRECTION ( 'NONE',  ( -0.0000000000000000000, -0.0000000000000000000, -1.000000000000000000 ) ) ;
#834 = ADVANCED_FACE ( 'NONE', ( #20 ), #2013, .F. ) ;
#835 = CARTESIAN_POINT ( 'NONE',  ( -0.04007039786128555000, -0.02313465499174864600, -0.03723753280839894900 ) ) ;
#836 = CARTESIAN_POINT ( 'NONE',  ( 0.02671359857419041200, -0.04626930998349728500, 0.02919947506561768000 ) ) ;
#837 = VECTOR ( 'NONE', #1407, 39.37007874015748100 ) ;
#838 = CARTESIAN_POINT ( 'NONE',  ( -0.04913003042545208800, -0.01389934575083301600, 0.03806217297831510100 ) ) ;
#839 = CARTESIAN_POINT ( 'NONE',  ( 7.362650295004641100E-018, -0.06012060212079763800, 0.01587106299212649000 ) ) ;
#840 = CARTESIAN_POINT ( 'NONE',  ( 0.0000000000000000000, 0.06012060212079763800, -0.05179625984251978700 ) ) ;
#841 = EDGE_CURVE ( 'NONE', #751, #608, #128, .T. ) ;
#842 = ADVANCED_FACE ( 'NONE', ( #73, #984 ), #1878, .F. ) ;
#843 = CARTESIAN_POINT ( 'NONE',  ( -0.05905511811023635800, 0.01582377120656236500, 0.03160121656026619600 ) ) ;
#844 = CARTESIAN_POINT ( 'NONE',  ( 0.05447190042973825600, 0.02572200253103537300, -0.04724409448818901700 ) ) ;
#845 = CARTESIAN_POINT ( 'NONE',  ( -0.004540720009344551900, -0.05325740110816321700, 0.04045960925775060600 ) ) ;
#846 = ORIENTED_EDGE ( 'NONE', *, *, #1122, .F. ) ;
#847 = CARTESIAN_POINT ( 'NONE',  ( -0.03471064581828488300, -0.06012060212079765900, 0.01546095800525014800 ) ) ;
#848 = ORIENTED_EDGE ( 'NONE', *, *, #1700, .T. ) ;
#849 = CARTESIAN_POINT ( 'NONE',  ( -0.02671359857419039800, 0.04626930998349723000, -0.04215879265091870100 ) ) ;
#850 = DIRECTION ( 'NONE',  ( 1.000000000000000000, 0.0000000000000000000, 0.0000000000000000000 ) ) ;
#851 = EDGE_LOOP ( 'NONE', ( #318, #83, #880 ) ) ;
#852 = EDGE_LOOP ( 'NONE', ( #528, #1069, #1946, #457 ) ) ;
#853 = CARTESIAN_POINT ( 'NONE',  ( 0.06012060212079763800, -8.736698043272405200E-013, 0.04724409448818894800 ) ) ;
#854 = CARTESIAN_POINT ( 'NONE',  ( -0.05514772372106482200, -0.01641445389128562800, -0.04415287388344334200 ) ) ;
#855 = ADVANCED_FACE ( 'NONE', ( #1627 ), #2039, .T. ) ;
#856 = EDGE_CURVE ( 'NONE', #1073, #729, #1678, .T. ) ;
#857 = CARTESIAN_POINT ( 'NONE',  ( -0.05206596872742737900, 0.03006030106039877700, -0.04851541994750661200 ) ) ;
#858 = CARTESIAN_POINT ( 'NONE',  ( 0.04007039786128555700, 0.02313465499174862900, -0.007709973753280443400 ) ) ;
#859 = CARTESIAN_POINT ( 'NONE',  ( 0.0000000000000000000, 0.04626930998349729200, -0.02165354330708640600 ) ) ;
#860 = CARTESIAN_POINT ( 'NONE',  ( 0.05114323250695520400, -0.02952755905511819000, 0.01853674540682489700 ) ) ;
#861 = APPROVAL_PERSON_ORGANIZATION ( #1674, #1215, #933 ) ;
#862 = LENGTH_MEASURE_WITH_UNIT ( LENGTH_MEASURE( 0.02539999999999999900 ), #1696 );
#863 = CARTESIAN_POINT ( 'NONE',  ( -0.03471064581828493800, 0.06012060212079762400, -0.01078576115485519100 ) ) ;
#864 = FACE_OUTER_BOUND ( 'NONE', #1580, .T. ) ;
#865 = DIRECTION ( 'NONE',  ( -1.000000000000000000, 0.0000000000000000000, 0.0000000000000000000 ) ) ;
#866 = CARTESIAN_POINT ( 'NONE',  ( -0.05887756951837255800, 0.01437158775735579400, -0.04724409448818814300 ) ) ;
#867 = DIRECTION ( 'NONE',  ( 0.0000000000000000000, 0.0000000000000000000, -1.000000000000000000 ) ) ;
#868 = CARTESIAN_POINT ( 'NONE',  ( 0.01243469081427978100, 0.05327309988458915600, 0.04129276688262426700 ) ) ;
#869 = EDGE_CURVE ( 'NONE', #1121, #315, #1832, .T. ) ;
#870 = B_SPLINE_CURVE_WITH_KNOTS ( 'NONE', 3,
 ( #508, #1468, #514, #667, #1765, #812, #326, #1157, #1772, #1323, #1142, #1151, #832, #181 ),
 .UNSPECIFIED., .F., .F.,
 ( 4, 2, 2, 2, 2, 2, 4 ),
 ( 0.006578267845078152000, 0.006894240453336462400, 0.007210213061594772700, 0.007842158278111393400, 0.008474103494628012400, 0.008790076102886323600, 0.009106048711144633000 ),
 .UNSPECIFIED. ) ;
#871 = CARTESIAN_POINT ( 'NONE',  ( 0.04007039786128556400, -0.02313465499174861500, 0.008694225721785390000 ) ) ;
#872 = VECTOR ( 'NONE', #1639, 39.37007874015748100 ) ;
#873 = CARTESIAN_POINT ( 'NONE',  ( 7.232166136696990400E-018, -0.05905511811023640000, 0.01525590551181172300 ) ) ;
#874 = CARTESIAN_POINT ( 'NONE',  ( 7.232166136696984200E-018, -0.05905511811023635100, -0.04379921259842532000 ) ) ;
#875 = VERTEX_POINT ( 'NONE', #791 ) ;
#876 = B_SPLINE_CURVE_WITH_KNOTS ( 'NONE', 3,
 ( #967, #192, #825, #357, #1482, #678 ),
 .UNSPECIFIED., .F., .F.,
 ( 4, 2, 4 ),
 ( 0.001606744326298677100, 0.002406996759593236200, 0.003207249192887794800 ),
 .UNSPECIFIED. ) ;
#877 = ORIENTED_EDGE ( 'NONE', *, *, #1463, .F. ) ;
#878 = CARTESIAN_POINT ( 'NONE',  ( 0.05206596872742735900, -0.03006030106039880500, -0.03990321522309734500 ) ) ;
#879 = CARTESIAN_POINT ( 'NONE',  ( 0.1082677165354327100, 0.04215903278898355100, -0.04292145282689277500 ) ) ;
#880 = ORIENTED_EDGE ( 'NONE', *, *, #1211, .F. ) ;
#881 = CARTESIAN_POINT ( 'NONE',  ( -0.01774063442655409900, -0.1147742305107906000, 0.04294923502109848600 ) ) ;
#882 = CARTESIAN_POINT ( 'NONE',  ( -0.03471064581828493800, 0.06012060212079762400, 0.04703904199475158300 ) ) ;
#883 = CARTESIAN_POINT ( 'NONE',  ( -0.1082677165354332300, -0.01057991308032384100, -0.04724409448818902400 ) ) ;
#884 = CARTESIAN_POINT ( 'NONE',  ( 7.362650295004641100E-018, -0.06012060212079763800, 0.03555610236220549400 ) ) ;
#885 = CARTESIAN_POINT ( 'NONE',  ( 0.02561963061337071300, 0.04535486726262213200, 0.03907591613387413600 ) ) ;
#886 = PRODUCT_DEFINITION ( 'UNKNOWN', '', #615, #2043 ) ;
#887 = B_SPLINE_CURVE_WITH_KNOTS ( 'NONE', 3,
 ( #1857, #121, #284, #1548, #1716, #1252, #1423, #905, #1559, #102, #1244, #1847, #444, #2008, #1689, #2026, #1554, #1842 ),
 .UNSPECIFIED., .F., .F.,
 ( 4, 2, 2, 2, 2, 2, 2, 2, 4 ),
 ( 0.0008382655073808924400, 0.001256192571017388500, 0.001674119634653884500, 0.002092046698290380600, 0.002509973761926877000, 0.002927900825563373100, 0.003345827889199869100, 0.003763754952836365200, 0.004181682016472861200 ),
 .UNSPECIFIED. ) ;
#888 = CARTESIAN_POINT ( 'NONE',  ( 0.04007039786128556400, -0.02313465499174861500, 0.02837926509186439200 ) ) ;
#889 = CARTESIAN_POINT ( 'NONE',  ( 0.05413385826771657800, 0.09376259292941781200, -0.04724409448818896200 ) ) ;
#890 = DIRECTION ( 'NONE',  ( -0.0000000000000000000, -0.0000000000000000000, -1.000000000000000000 ) ) ;
#891 = CARTESIAN_POINT ( 'NONE',  ( -0.05042008277990746300, 0.03937909932390410600, -0.05025427081825725700 ) ) ;
#892 = CARTESIAN_POINT ( 'NONE',  ( -0.1082677165354331700, -0.06250839528627795400, 0.04724409448818896200 ) ) ;
#893 = CARTESIAN_POINT ( 'NONE',  ( 0.02671359857419038800, -0.04626930998349723700, 0.02673884514435781100 ) ) ;
#894 = CARTESIAN_POINT ( 'NONE',  ( 0.05905511811023634500, 6.862466847627394900E-018, 0.002952755905512282000 ) ) ;
#895 = CARTESIAN_POINT ( 'NONE',  ( 0.04348369715965502000, 0.03138459728047108400, -0.04033008954687455200 ) ) ;
#896 = EDGE_CURVE ( 'NONE', #1234, #1078, #1975, .T. ) ;
#897 = CARTESIAN_POINT ( 'NONE',  ( -0.05206596872742733800, -0.03006030106039884300, -0.02677985564304467500 ) ) ;
#898 = AXIS2_PLACEMENT_3D ( 'NONE', #1438, #650, #1588 ) ;
#899 = ORIENTED_EDGE ( 'NONE', *, *, #1799, .F. ) ;
#900 = B_SPLINE_CURVE_WITH_KNOTS ( 'NONE', 3,
 ( #908, #1534, #1685, #2006 ),
 .UNSPECIFIED., .F., .F.,
 ( 4, 4 ),
 ( 2.380742992387856500E-007, 0.001606744326298695300 ),
 .UNSPECIFIED. ) ;
#901 = CARTESIAN_POINT ( 'NONE',  ( 0.05413385826771650200, 0.09376259292941768700, 0.04724409448818896200 ) ) ;
#902 = ORIENTED_EDGE ( 'NONE', *, *, #1904, .F. ) ;
#903 = CARTESIAN_POINT ( 'NONE',  ( -0.05905511811023947400, 0.01582377120655703900, 0.02914058663900668400 ) ) ;
#904 = ORIENTED_EDGE ( 'NONE', *, *, #998, .F. ) ;
#905 = CARTESIAN_POINT ( 'NONE',  ( 0.01108853901493261000, -0.05636496827286421900, -0.04430653140606796700 ) ) ;
#906 = DIRECTION ( 'NONE',  ( -1.000000000000000000, 0.0000000000000000000, 0.0000000000000000000 ) ) ;
#907 = CARTESIAN_POINT ( 'NONE',  ( 2.982827790191875000E-017, 0.1250167905725567400, -0.03757401208417883400 ) ) ;
#908 = CARTESIAN_POINT ( 'NONE',  ( -0.1082677165354331700, -0.06250839528627795400, -0.03757401208417889000 ) ) ;
#909 = EDGE_CURVE ( 'NONE', #1719, #1045, #404, .T. ) ;
#910 = CARTESIAN_POINT ( 'NONE',  ( -0.1082677165354331700, -0.06250839528627795400, -0.03757401208417889000 ) ) ;
#911 = LINE ( 'NONE', #1516, #170 ) ;
#912 = CARTESIAN_POINT ( 'NONE',  ( 0.07257954901019469900, 0.08311296841385928900, 0.04724409448818914200 ) ) ;
#913 = CARTESIAN_POINT ( 'NONE',  ( 0.04007039786128556400, -0.02313465499174861500, -0.008530183727033770200 ) ) ;
#914 = CARTESIAN_POINT ( 'NONE',  ( 0.02518710964258686100, 0.04595976808792565800, -0.03942413250434358100 ) ) ;
#915 = CARTESIAN_POINT ( 'NONE',  ( 0.03409548833797011000, -0.05905511811023633100, -0.03969816272965889800 ) ) ;
#916 = MECHANICAL_CONTEXT ( 'NONE', #1424, 'mechanical' ) ;
#917 = CARTESIAN_POINT ( 'NONE',  ( -0.01577519351541242800, -0.05854031488508263500, 0.04724409448818894100 ) ) ;
#918 = CARTESIAN_POINT ( 'NONE',  ( 0.03987418856303136900, 0.02425858731707250500, 0.03339280235088850500 ) ) ;
#919 = CARTESIAN_POINT ( 'NONE',  ( -0.05037001497165320700, -0.005295194858086120900, -0.05572689331295876300 ) ) ;
#920 = CARTESIAN_POINT ( 'NONE',  ( -0.05905511811023634500, -1.140770738970594100E-014, 0.03001968503937158300 ) ) ;
#921 = CARTESIAN_POINT ( 'NONE',  ( -0.03862553850928577400, 0.03171906533313703000, -0.03665300877803467200 ) ) ;
#922 = ORIENTED_EDGE ( 'NONE', *, *, #680, .F. ) ;
#923 = CARTESIAN_POINT ( 'NONE',  ( -0.03409548833797007600, -0.05905511811023636500, -0.04297900262467205200 ) ) ;
#924 = CARTESIAN_POINT ( 'NONE',  ( 0.1082677165354327500, -0.02107544700771125200, 0.04633353657555013700 ) ) ;
#925 = CARTESIAN_POINT ( 'NONE',  ( -0.05905511811023634500, -1.330517947307491400E-014, -0.02903543307086531600 ) ) ;
#926 = CC_DESIGN_SECURITY_CLASSIFICATION ( #710, ( #615 ) ) ;
#927 = ORIENTED_EDGE ( 'NONE', *, *, #1854, .F. ) ;
#928 = CARTESIAN_POINT ( 'NONE',  ( 0.03409548833797011000, -0.05905511811023633100, -0.0003280839895008874900 ) ) ;
#929 = CARTESIAN_POINT ( 'NONE',  ( 5.666356237004658600E-018, -0.04626930998349725000, -0.03149606299212592800 ) ) ;
#930 = ORIENTED_EDGE ( 'NONE', *, *, #101, .T. ) ;
#931 = CARTESIAN_POINT ( 'NONE',  ( -0.1082677165354332300, 0.02130521396801345100, 0.04630778788116300000 ) ) ;
#932 = CARTESIAN_POINT ( 'NONE',  ( -0.05905511811023634500, 0.0000000000000000000, 0.04724409448818896200 ) ) ;
#933 = APPROVAL_ROLE ( '' ) ;
#934 = CARTESIAN_POINT ( 'NONE',  ( -0.04028832123941466400, -0.04317821379728081800, -0.04617861047762750900 ) ) ;
#935 = CARTESIAN_POINT ( 'NONE',  ( 0.05413385826771664700, -0.09376259292941777100, -0.04724409448818896200 ) ) ;
#936 = CARTESIAN_POINT ( 'NONE',  ( 0.0000000000000000000, 0.0000000000000000000, -0.04724409448818896200 ) ) ;
#937 = CARTESIAN_POINT ( 'NONE',  ( -0.02671359857419039800, 0.04626930998349723000, 0.03904199475065715800 ) ) ;
#938 = CARTESIAN_POINT ( 'NONE',  ( -0.04007039786128558500, 0.02313465499174859100, -0.03805774278215227200 ) ) ;
#939 = AXIS2_PLACEMENT_3D ( 'NONE', #1156, #1790, #1945 ) ;
#940 = CARTESIAN_POINT ( 'NONE',  ( 0.05114323250695514800, -0.02952755905511815800, 0.02099737532808470000 ) ) ;
#941 = LINE ( 'NONE', #9, #329 ) ;
#942 = CARTESIAN_POINT ( 'NONE',  ( 0.04811244008209210300, -0.03691386888249897900, 0.04724409448818898300 ) ) ;
#943 = CARTESIAN_POINT ( 'NONE',  ( 0.0000000000000000000, -1.067128122525102800E-017, -0.04724409448818896200 ) ) ;
#944 = CARTESIAN_POINT ( 'NONE',  ( 5.666356237004658600E-018, -0.04626930998349725000, 0.04478346456693022700 ) ) ;
#945 = CARTESIAN_POINT ( 'NONE',  ( -0.02671359857419036000, -0.04626930998349725700, -0.01345144356955352100 ) ) ;
#946 = CARTESIAN_POINT ( 'NONE',  ( 0.05905511811023634500, 6.862466847627394900E-018, 0.04232283464567029200 ) ) ;
#947 = CARTESIAN_POINT ( 'NONE',  ( -0.04527777071802129000, -0.03974669399221837000, 0.04724409448818899700 ) ) ;
#948 = CARTESIAN_POINT ( 'NONE',  ( -0.04007039786128555000, -0.02313465499174864600, 0.04150262467191705900 ) ) ;
#949 = CARTESIAN_POINT ( 'NONE',  ( 0.02671359857419038800, -0.04626930998349723700, 0.02673884514435780800 ) ) ;
#950 = ORIENTED_EDGE ( 'NONE', *, *, #816, .F. ) ;
#951 = EDGE_CURVE ( 'NONE', #1665, #15, #224, .T. ) ;
#952 = CARTESIAN_POINT ( 'NONE',  ( 0.02671359857419038800, -0.04626930998349723700, 0.02919947506561765300 ) ) ;
#953 = ORIENTED_EDGE ( 'NONE', *, *, #1345, .F. ) ;
#954 = CARTESIAN_POINT ( 'NONE',  ( 0.06012060212079777700, -1.067128122525102800E-017, 0.04724409448818896200 ) ) ;
#955 = ORIENTED_EDGE ( 'NONE', *, *, #1485, .T. ) ;
#956 = VERTEX_POINT ( 'NONE', #2047 ) ;
#957 = CARTESIAN_POINT ( 'NONE',  ( 0.04007039786128555700, 0.02313465499174862900, 0.05134514435695656400 ) ) ;
#958 = CARTESIAN_POINT ( 'NONE',  ( -0.02671359857419036000, -0.04626930998349725700, 0.006233595800525485900 ) ) ;
#959 = CARTESIAN_POINT ( 'NONE',  ( -0.1082677165354331700, -0.06250839528627795400, 0.03757401208417889000 ) ) ;
#960 = CARTESIAN_POINT ( 'NONE',  ( 0.03528284499248052200, -0.04262263768687352800, 0.04200570854141539400 ) ) ;
#961 = COORDINATED_UNIVERSAL_TIME_OFFSET ( 6, 0, .BEHIND. ) ;
#962 = CARTESIAN_POINT ( 'NONE',  ( -0.05342719714838074800, -9.814416896276861300E-018, 0.02017716535433147400 ) ) ;
#963 = EDGE_CURVE ( 'NONE', #136, #364, #25, .T. ) ;
#964 = LINE ( 'NONE', #1050, #149 ) ;
#965 = CARTESIAN_POINT ( 'NONE',  ( 0.0000000000000000000, 0.04626930998349725000, 0.03740157480315057400 ) ) ;
#966 = CARTESIAN_POINT ( 'NONE',  ( 0.04036903484034144000, 0.04818901682448312200, 0.04500000224703049800 ) ) ;
#967 = CARTESIAN_POINT ( 'NONE',  ( 0.05413385826771657800, 0.09376259292941781200, -0.04724409448818896200 ) ) ;
#968 = CARTESIAN_POINT ( 'NONE',  ( 0.02671359857419036700, 0.04626930998349724300, -0.04543963254593185600 ) ) ;
#969 = CARTESIAN_POINT ( 'NONE',  ( 0.04444373374181692000, 0.01286870535195523500, 0.03339280235088848400 ) ) ;
#970 = CONICAL_SURFACE ( 'NONE', #2063, 0.1082677165354333100, 1.047197551196600100 ) ;
#971 = CARTESIAN_POINT ( 'NONE',  ( -0.01347802842131891500, 0.05905511811026377400, 0.04543192651171189900 ) ) ;
#972 = ORIENTED_EDGE ( 'NONE', *, *, #1318, .F. ) ;
#973 = CARTESIAN_POINT ( 'NONE',  ( -0.02671359857419036000, -0.04626930998349725700, 0.02345800524934464600 ) ) ;
#974 = ORIENTED_EDGE ( 'NONE', *, *, #1122, .T. ) ;
#975 = EDGE_CURVE ( 'NONE', #1900, #1001, #1536, .T. ) ;
#976 = CARTESIAN_POINT ( 'NONE',  ( 0.05342719714838078900, 3.271472298758957500E-018, -0.006889763779527158200 ) ) ;
#977 = ORIENTED_EDGE ( 'NONE', *, *, #1687, .T. ) ;
#978 = CARTESIAN_POINT ( 'NONE',  ( 0.0000000000000000000, 0.05905511811026376700, 0.04478346456694604100 ) ) ;
#979 = CARTESIAN_POINT ( 'NONE',  ( -0.05114323250695512100, -0.02952755905511819700, 0.03412073490813736400 ) ) ;
#980 = CARTESIAN_POINT ( 'NONE',  ( 0.05342719714838074800, 3.271472298758954400E-018, -0.009350393700787029300 ) ) ;
#981 = CARTESIAN_POINT ( 'NONE',  ( -0.02562148502723266700, 0.05320757915936354100, 0.04617861047751478700 ) ) ;
#982 = FACE_OUTER_BOUND ( 'NONE', #1412, .T. ) ;
#983 = CARTESIAN_POINT ( 'NONE',  ( 0.0000000000000000000, 0.0000000000000000000, 0.04724409448818896200 ) ) ;
#984 = FACE_OUTER_BOUND ( 'NONE', #1806, .T. ) ;
#985 = CARTESIAN_POINT ( 'NONE',  ( -0.05342719714838074800, -9.814416896276861300E-018, 0.03986220472441046700 ) ) ;
#986 = EDGE_CURVE ( 'NONE', #36, #733, #870, .T. ) ;
#987 = CARTESIAN_POINT ( 'NONE',  ( 5.666356237004658600E-018, -0.04626930998349725000, -0.01427165354330677900 ) ) ;
#988 = CARTESIAN_POINT ( 'NONE',  ( 5.666356237004664000E-018, -0.04626930998349729200, 0.007874015748032089200 ) ) ;
#989 = CC_DESIGN_APPROVAL ( #1215, ( #615 ) ) ;
#990 = CARTESIAN_POINT ( 'NONE',  ( -0.05903701393302084700, -0.001462176757981050500, -0.04617861047750321900 ) ) ;
#991 = CARTESIAN_POINT ( 'NONE',  ( -0.05206596872742733800, -0.03006030106039884300, -0.005864501312335440800 ) ) ;
#992 = CARTESIAN_POINT ( 'NONE',  ( 0.05905511811023637900, 0.01582377120656234100, 0.02351689367595586500 ) ) ;
#993 = CARTESIAN_POINT ( 'NONE',  ( 5.666356237004664000E-018, -0.04626930998349729200, 0.02755905511811109600 ) ) ;
#994 = CARTESIAN_POINT ( 'NONE',  ( -0.05905511811023633100, 0.01582377120656242700, -0.007768862179891810300 ) ) ;
#995 = CARTESIAN_POINT ( 'NONE',  ( 0.005063089238732313200, -0.04675795018605986100, -0.03399897470763658300 ) ) ;
#996 = VERTEX_POINT ( 'NONE', #191 ) ;
#997 = CARTESIAN_POINT ( 'NONE',  ( 0.03471064581828491700, -0.06012060212079762400, -0.02185859580052493600 ) ) ;
#998 = EDGE_CURVE ( 'NONE', #1669, #320, #1106, .T. ) ;
#999 = ORIENTED_EDGE ( 'NONE', *, *, #1496, .T. ) ;
#1000 = CARTESIAN_POINT ( 'NONE',  ( 0.05206596872742735200, 0.03006030106039882600, -0.05507709973753294200 ) ) ;
#1001 = VERTEX_POINT ( 'NONE', #1758 ) ;
#1002 = CARTESIAN_POINT ( 'NONE',  ( 0.02671359857419036700, 0.04626930998349724300, -0.006069553805773866100 ) ) ;
#1003 = CARTESIAN_POINT ( 'NONE',  ( 0.05866524380232530200, 0.01517122849500287600, -0.04724409448818902400 ) ) ;
#1004 = CARTESIAN_POINT ( 'NONE',  ( 0.05905511811023634500, 6.862466847627394900E-018, 0.002952755905512282000 ) ) ;
#1005 = CARTESIAN_POINT ( 'NONE',  ( 2.959098164867040700E-017, 0.1250167905725567400, 0.04724409448818896200 ) ) ;
#1006 = CARTESIAN_POINT ( 'NONE',  ( 0.03471064581828489000, 0.06012060212079763800, -0.03375164041994735400 ) ) ;
#1007 = CARTESIAN_POINT ( 'NONE',  ( -0.04400534243342734500, 0.01429611428555879600, -0.05957669347810017100 ) ) ;
#1008 = CARTESIAN_POINT ( 'NONE',  ( -0.1082677165354333100, -5.914624404477032200E-017, -0.04724409448818896200 ) ) ;
#1009 = CARTESIAN_POINT ( 'NONE',  ( -0.05785000663593784000, -0.009038048225188588200, -0.04517954206406470100 ) ) ;
#1010 = CARTESIAN_POINT ( 'NONE',  ( -0.03471064581828488300, -0.06012060212079765900, -0.04359416010498685900 ) ) ;
#1011 = EDGE_CURVE ( 'NONE', #956, #484, #1829, .T. ) ;
#1012 = CARTESIAN_POINT ( 'NONE',  ( -0.05342719714838074800, -9.814416896276861300E-018, -0.01919291338582652900 ) ) ;
#1013 = CARTESIAN_POINT ( 'NONE',  ( -0.05654843648501525800, 0.02176573589976223100, -0.04724409448818901000 ) ) ;
#1014 = CARTESIAN_POINT ( 'NONE',  ( 0.05905511811026768100, -0.01582377120650821700, 0.01929806695396990200 ) ) ;
#1015 = CARTESIAN_POINT ( 'NONE',  ( 0.0000000000000000000, 0.0000000000000000000, -0.04724409448818896200 ) ) ;
#1016 = ORIENTED_EDGE ( 'NONE', *, *, #1442, .T. ) ;
#1017 = CARTESIAN_POINT ( 'NONE',  ( -0.06942129163656979300, -1.275248438931002000E-017, -0.007504921259842026700 ) ) ;
#1018 =( BOUNDED_CURVE ( )  B_SPLINE_CURVE ( 2, ( #539, #1465, #721, #1964, #50, #1192, #1185, #1659, #1985 ),
 .UNSPECIFIED., .F., .F. ) 
 B_SPLINE_CURVE_WITH_KNOTS ( ( 3, 2, 2, 2, 3 ),
 ( 0.2582085649238300400, 0.2720974538127188800, 0.2998752315904966700, 0.3276530093682744600, 0.3415418982571633000 ),
 .UNSPECIFIED. ) 
 CURVE ( )  GEOMETRIC_REPRESENTATION_ITEM ( )  RATIONAL_B_SPLINE_CURVE ( ( 0.9330127018922194100, 0.9330127018922196300, 1.000000000000000000, 0.8660254037844387100, 1.000000000000000000, 0.8660254037844387100, 1.000000000000000000, 0.9330127018922194100, 0.9330127018922194100 ) ) 
 REPRESENTATION_ITEM ( '' )  );
#1019 = ORIENTED_EDGE ( 'NONE', *, *, #1763, .F. ) ;
#1020 = CARTESIAN_POINT ( 'NONE',  ( 0.008705633977613449300, -0.04544294206361181000, -0.03339280235088847000 ) ) ;
#1021 = CARTESIAN_POINT ( 'NONE',  ( -0.06012060212079764500, -1.190180500273511500E-014, 0.04724409448818894800 ) ) ;
#1022 = ORIENTED_EDGE ( 'NONE', *, *, #76, .T. ) ;
#1023 = CARTESIAN_POINT ( 'NONE',  ( -0.05413385826771647400, 0.09376259292941786800, -0.04724409448818896200 ) ) ;
#1024 = CARTESIAN_POINT ( 'NONE',  ( -0.05905511811023635800, -1.330517947307491400E-014, -0.02903543307086531600 ) ) ;
#1025 = VERTEX_POINT ( 'NONE', #12 ) ;
#1026 = EDGE_CURVE ( 'NONE', #1719, #1859, #1056, .T. ) ;
#1027 = CARTESIAN_POINT ( 'NONE',  ( 0.1082677165354327500, -0.05232608165359453600, 0.04051339284258087500 ) ) ;
#1028 = AXIS2_PLACEMENT_3D ( 'NONE', #936, #467, #2044 ) ;
#1029 = B_SPLINE_CURVE_WITH_KNOTS ( 'NONE', 3,
 ( #1537, #1513, #248, #881, #1517, #561 ),
 .UNSPECIFIED., .F., .F.,
 ( 4, 2, 4 ),
 ( 0.001606744326298695100, 0.002406996759593254000, 0.003207249192887813100 ),
 .UNSPECIFIED. ) ;
#1030 = CARTESIAN_POINT ( 'NONE',  ( -0.05530441856476634600, 0.02408313719683390800, 0.04724409448818899000 ) ) ;
#1031 = CARTESIAN_POINT ( 'NONE',  ( -0.03409548833797013800, 0.05905511811023633100, 0.009514435695538614500 ) ) ;
#1032 = CARTESIAN_POINT ( 'NONE',  ( 0.03471064581828491700, -0.06012060212079762400, -0.04154363517060392900 ) ) ;
#1033 = CARTESIAN_POINT ( 'NONE',  ( 0.1082677165354327000, 0.05239679882965589400, -0.04049297855226293600 ) ) ;
#1034 = LINE ( 'NONE', #255, #1703 ) ;
#1035 = CARTESIAN_POINT ( 'NONE',  ( 0.02199847620868277500, 0.04070523419469510700, 0.03339280235088849100 ) ) ;
#1036 = CARTESIAN_POINT ( 'NONE',  ( 0.07257954901019469900, 0.08311296841385928900, -0.04724409448818914200 ) ) ;
#1037 = CARTESIAN_POINT ( 'NONE',  ( 0.01771111377785894800, -0.1147912742652614500, -0.04347771667685096400 ) ) ;
#1038 = CARTESIAN_POINT ( 'NONE',  ( 0.05206596872742735900, -0.03006030106039880500, -0.02021817585301834800 ) ) ;
#1039 = CARTESIAN_POINT ( 'NONE',  ( 0.1082677165354327000, 0.06250839528627870300, -0.03757401208417891800 ) ) ;
#1040 = B_SPLINE_CURVE_WITH_KNOTS ( 'NONE', 3,
 ( #1816, #81, #397, #1834, #1204, #1030, #1228, #1368, #388, #254 ),
 .UNSPECIFIED., .F., .F.,
 ( 4, 2, 2, 2, 4 ),
 ( 0.0000000000000000000, 0.0003747486222973767700, 0.0007494972445947535300, 0.001124245866892130400, 0.001498994489189507100 ),
 .UNSPECIFIED. ) ;
#1041 = CARTESIAN_POINT ( 'NONE',  ( 0.04007039786128555700, 0.02313465499174862900, 0.01197506561679855300 ) ) ;
#1042 = CARTESIAN_POINT ( 'NONE',  ( 0.05905511811047337700, 0.01582377120615203300, 0.001371224384594286200 ) ) ;
#1043 = CARTESIAN_POINT ( 'NONE',  ( 0.05905511811023634500, -0.01582377120656238900, -0.03975705115627014400 ) ) ;
#1044 = FACE_OUTER_BOUND ( 'NONE', #1543, .T. ) ;
#1045 = VERTEX_POINT ( 'NONE', #819 ) ;
#1046 = CARTESIAN_POINT ( 'NONE',  ( 0.02671359857419036700, 0.04626930998349724300, 0.05544619422572298600 ) ) ;
#1047 = DIRECTION ( 'NONE',  ( 5.462962177226026600E-016, -1.000000000000000000, 0.0000000000000000000 ) ) ;
#1048 = ORIENTED_EDGE ( 'NONE', *, *, #1621, .F. ) ;
#1049 = CARTESIAN_POINT ( 'NONE',  ( 0.05114323250695514800, -0.02952755905511815800, 0.001312335958005698600 ) ) ;
#1050 = CARTESIAN_POINT ( 'NONE',  ( 0.06012060212079777700, -3.308630930246371700E-018, -0.04724409448818896200 ) ) ;
#1051 = EDGE_LOOP ( 'NONE', ( #294, #675, #291, #35, #1740, #293 ) ) ;
#1052 = CARTESIAN_POINT ( 'NONE',  ( -0.004345025116948492300, 0.05141394433808470900, -0.03827299567562519200 ) ) ;
#1053 = EDGE_CURVE ( 'NONE', #352, #1360, #1221, .T. ) ;
#1054 = CARTESIAN_POINT ( 'NONE',  ( 0.06942129163656979300, 4.250828129770007000E-018, 0.02079232283464624600 ) ) ;
#1055 = CARTESIAN_POINT ( 'NONE',  ( 0.004881843932869583100, 0.05546808045128087700, 0.04227658715546991200 ) ) ;
#1056 = B_SPLINE_CURVE_WITH_KNOTS ( 'NONE', 3,
 ( #1023, #1798, #55, #1963, #43, #371 ),
 .UNSPECIFIED., .F., .F.,
 ( 4, 2, 4 ),
 ( 0.001606744326298682500, 0.002406996759593247000, 0.003207249192887811300 ),
 .UNSPECIFIED. ) ;
#1057 = CARTESIAN_POINT ( 'NONE',  ( -0.03568816752523809600, 0.1044122174449761100, -0.04724409448818912100 ) ) ;
#1058 = DIRECTION ( 'NONE',  ( 0.7071067811865486800, 8.659560562354947600E-017, -0.7071067811865462400 ) ) ;
#1059 = CARTESIAN_POINT ( 'NONE',  ( -0.01100741987799836800, 0.05015317208936991000, -0.03802683898986568300 ) ) ;
#1060 = CONICAL_SURFACE ( 'NONE', #529, 0.06012060212079777700, 0.7853981633974500600 ) ;
#1061 = ADVANCED_FACE ( 'NONE', ( #1584 ), #1396, .T. ) ;
#1062 = DIRECTION ( 'NONE',  ( -0.0000000000000000000, -0.0000000000000000000, -1.000000000000000000 ) ) ;
#1063 = CARTESIAN_POINT ( 'NONE',  ( 0.1082677165354327000, 0.06250839528627870300, -0.03757401208417891800 ) ) ;
#1064 = CARTESIAN_POINT ( 'NONE',  ( 0.04007039786128555700, 0.02313465499174862900, -0.005249343832020598300 ) ) ;
#1065 = CARTESIAN_POINT ( 'NONE',  ( 0.09052708210887712400, -0.07275095534804483500, -0.04294923502109881200 ) ) ;
#1066 = CARTESIAN_POINT ( 'NONE',  ( -0.05903701393302084700, -0.001462176757981050500, -0.04617861047750321900 ) ) ;
#1067 = DATE_TIME_ROLE ( 'creation_date' ) ;
#1068 = AXIS2_PLACEMENT_3D ( 'NONE', #1812, #890, #378 ) ;
#1069 = ORIENTED_EDGE ( 'NONE', *, *, #1799, .T. ) ;
#1070 = DIRECTION ( 'NONE',  ( -0.8660254037844386000, -0.4999999999999998900, 0.0000000000000000000 ) ) ;
#1071 = CARTESIAN_POINT ( 'NONE',  ( 0.04272699346840411900, 0.01879768931177675300, 0.03339280235088848400 ) ) ;
#1072 = CARTESIAN_POINT ( 'NONE',  ( -0.04007039786128558500, 0.02313465499174859100, -0.01837270341207326900 ) ) ;
#1073 = VERTEX_POINT ( 'NONE', #1956 ) ;
#1074 = CARTESIAN_POINT ( 'NONE',  ( 0.03370784000976398400, 0.04064476729770473400, -0.03982061967725621800 ) ) ;
#1075 = EDGE_LOOP ( 'NONE', ( #309, #2001, #1384, #1641 ) ) ;
#1076 = CARTESIAN_POINT ( 'NONE',  ( -0.1082677165354332000, -0.02107544700813819900, 0.04633353657550264000 ) ) ;
#1077 = CARTESIAN_POINT ( 'NONE',  ( 0.01559497638531638100, -0.05819573408417368800, 0.04724409448818898300 ) ) ;
#1078 = VERTEX_POINT ( 'NONE', #1197 ) ;
#1079 = CARTESIAN_POINT ( 'NONE',  ( 2.982827790191875000E-017, 0.1250167905725567400, 0.03757401208417883400 ) ) ;
#1080 = CARTESIAN_POINT ( 'NONE',  ( -0.05342719714838074800, -9.814416896276861300E-018, -0.03641732283464568800 ) ) ;
#1081 = CARTESIAN_POINT ( 'NONE',  ( -0.03409548833797015900, 0.05905511811023637200, 0.02673884514435781100 ) ) ;
#1082 = EDGE_CURVE ( 'NONE', #1859, #32, #1815, .T. ) ;
#1083 = CARTESIAN_POINT ( 'NONE',  ( 7.232166136696982700E-018, -0.05905511811023634500, -0.04133858267716546100 ) ) ;
#1084 = CARTESIAN_POINT ( 'NONE',  ( -0.1082677165354332000, -0.02107544700813822300, -0.04633353657550264000 ) ) ;
#1085 = CARTESIAN_POINT ( 'NONE',  ( 0.06012060212091171300, 0.007849485955498990500, 0.04724409448818891300 ) ) ;
#1086 = DIRECTION ( 'NONE',  ( 1.000000000000000000, 0.0000000000000000000, 0.0000000000000000000 ) ) ;
#1087 = CARTESIAN_POINT ( 'NONE',  ( -0.02671359857419036000, -0.04626930998349725700, 0.006233595800525485900 ) ) ;
#1088 = CONICAL_SURFACE ( 'NONE', #724, 0.1082677165354333100, 1.047197551196600100 ) ;
#1089 =( BOUNDED_CURVE ( )  B_SPLINE_CURVE ( 2, ( #920, #442, #1707, #177, #1634, #652, #334, #408, #583 ),
 .UNSPECIFIED., .F., .F. ) 
 B_SPLINE_CURVE_WITH_KNOTS ( ( 3, 2, 2, 2, 3 ),
 ( 0.03696613935796724800, 0.03775088886026140000, 0.03932038786485023100, 0.04088988686943905600, 0.04167463637173347100 ),
 .UNSPECIFIED. ) 
 CURVE ( )  GEOMETRIC_REPRESENTATION_ITEM ( )  RATIONAL_B_SPLINE_CURVE ( ( 0.9330127018922194100, 0.9330127018922418400, 1.000000000000000000, 0.8660254037844387100, 1.000000000000000000, 0.8660254037844387100, 1.000000000000000000, 0.9330127018922191900, 0.9330127018922191900 ) ) 
 REPRESENTATION_ITEM ( '' )  );
#1090 = CARTESIAN_POINT ( 'NONE',  ( -0.04007039786128555000, -0.02313465499174864600, 0.04396325459317690400 ) ) ;
#1091 = CARTESIAN_POINT ( 'NONE',  ( 0.0000000000000000000, 0.06012060212079776300, 0.04724409448818896200 ) ) ;
#1092 = PERSON_AND_ORGANIZATION_ROLE ( 'design_owner' ) ;
#1093 = CARTESIAN_POINT ( 'NONE',  ( 0.05342719714838074800, 3.271472298758954400E-018, -0.006889763779527185100 ) ) ;
#1094 = EDGE_CURVE ( 'NONE', #364, #1960, #461, .T. ) ;
#1095 = CARTESIAN_POINT ( 'NONE',  ( 5.666356237004658600E-018, -0.04626930998349725000, -0.05118110236220494600 ) ) ;
#1096 = FACE_OUTER_BOUND ( 'NONE', #1925, .T. ) ;
#1097 = CARTESIAN_POINT ( 'NONE',  ( -0.09055660275757412800, -0.07273391159357295300, 0.04347771667685089400 ) ) ;
#1098 = DIRECTION ( 'NONE',  ( 1.000000000000000000, 0.0000000000000000000, 0.0000000000000000000 ) ) ;
#1099 = CC_DESIGN_PERSON_AND_ORGANIZATION_ASSIGNMENT ( #354, #1245, ( #615 ) ) ;
#1100 = VERTEX_POINT ( 'NONE', #853 ) ;
#1101 = CARTESIAN_POINT ( 'NONE',  ( 0.02671359857419038800, -0.04626930998349723700, 0.04642388451443681100 ) ) ;
#1102 = CARTESIAN_POINT ( 'NONE',  ( -0.02671359857419039800, 0.04626930998349723000, 0.03658136482939731300 ) ) ;
#1103 = ORIENTED_EDGE ( 'NONE', *, *, #1387, .T. ) ;
#1104 = ORIENTED_EDGE ( 'NONE', *, *, #201, .T. ) ;
#1105 = CARTESIAN_POINT ( 'NONE',  ( 0.02671359857419036700, 0.04626930998349724300, 0.01607611548556498600 ) ) ;
#1106 =( BOUNDED_CURVE ( )  B_SPLINE_CURVE ( 2, ( #677, #162, #520, #1453, #1460, #350, #1931, #994, #495 ),
 .UNSPECIFIED., .F., .F. ) 
 B_SPLINE_CURVE_WITH_KNOTS ( ( 3, 2, 2, 2, 3 ),
 ( 0.4248752315904966700, 0.4387641204793855100, 0.4665418982571633000, 0.4943196760349410900, 0.5082085649238299300 ),
 .UNSPECIFIED. ) 
 CURVE ( )  GEOMETRIC_REPRESENTATION_ITEM ( )  RATIONAL_B_SPLINE_CURVE ( ( 0.9330127018922194100, 0.9330127018922196300, 1.000000000000000000, 0.8660254037844387100, 1.000000000000000000, 0.8660254037844387100, 1.000000000000000000, 0.9330127018922196300, 0.9330127018922194100 ) ) 
 REPRESENTATION_ITEM ( '' )  );
#1107 = DIRECTION ( 'NONE',  ( 1.000000000000000000, 1.776356839400250500E-015, 0.0000000000000000000 ) ) ;
#1108 = CARTESIAN_POINT ( 'NONE',  ( -0.1082677165354332400, 0.06250839528627849500, 0.03757401208417870300 ) ) ;
#1109 = DIRECTION ( 'NONE',  ( -0.0000000000000000000, -0.0000000000000000000, -1.000000000000000000 ) ) ;
#1110 = CARTESIAN_POINT ( 'NONE',  ( -0.02671359857419036000, -0.04626930998349725700, 0.02345800524934464600 ) ) ;
#1111 = EDGE_CURVE ( 'NONE', #725, #215, #1422, .T. ) ;
#1112 = CARTESIAN_POINT ( 'NONE',  ( -0.04140440170718480400, 0.02230168055049483100, -0.05768371803868891500 ) ) ;
#1113 = CARTESIAN_POINT ( 'NONE',  ( 0.05413385826771639100, -0.09376259292941734000, 0.04724409448818896200 ) ) ;
#1114 = FACE_OUTER_BOUND ( 'NONE', #1212, .T. ) ;
#1115 = CARTESIAN_POINT ( 'NONE',  ( -0.02046185549965243200, -0.05664568970896422700, -0.04724409448818899700 ) ) ;
#1116 = DIRECTION ( 'NONE',  ( -0.0000000000000000000, -0.0000000000000000000, -1.000000000000000000 ) ) ;
#1117 = CARTESIAN_POINT ( 'NONE',  ( 0.02671359857419038800, -0.04626930998349723700, -0.01017060367454034700 ) ) ;
#1118 = CARTESIAN_POINT ( 'NONE',  ( 0.1082677165354327500, -0.06250839528628260300, -0.03757401208418190800 ) ) ;
#1119 = CARTESIAN_POINT ( 'NONE',  ( -0.02706903319199502300, -0.05380231533255408500, -0.04724409448818899000 ) ) ;
#1120 = CARTESIAN_POINT ( 'NONE',  ( 0.02671359857419038800, -0.04626930998349723700, -0.03231627296587920300 ) ) ;
#1121 = VERTEX_POINT ( 'NONE', #1495 ) ;
#1122 = EDGE_CURVE ( 'NONE', #1358, #1439, #1229, .T. ) ;
#1123 = ORIENTED_EDGE ( 'NONE', *, *, #856, .F. ) ;
#1124 = LINE ( 'NONE', #1872, #1710 ) ;
#1125 = CARTESIAN_POINT ( 'NONE',  ( 0.09943424894520944100, -0.06760840017737147800, 0.04051850128094668100 ) ) ;
#1126 = CARTESIAN_POINT ( 'NONE',  ( 0.05905511811023634500, 6.862466847627394900E-018, 0.04232283464567029200 ) ) ;
#1127 = VERTEX_POINT ( 'NONE', #1977 ) ;
#1128 = ORIENTED_EDGE ( 'NONE', *, *, #655, .T. ) ;
#1129 = CARTESIAN_POINT ( 'NONE',  ( 5.666356237004658600E-018, -0.04626930998349725000, 0.02509842519685122300 ) ) ;
#1130 = CARTESIAN_POINT ( 'NONE',  ( 0.04007039786128559900, -0.02313465499174863600, 0.01115485564304526300 ) ) ;
#1131 = CARTESIAN_POINT ( 'NONE',  ( 0.0000000000000000000, 0.05905511811025832000, -0.01427165354329411700 ) ) ;
#1132 = CARTESIAN_POINT ( 'NONE',  ( 0.06012060212079763800, -1.538336318343141000E-015, -0.04724409448818898300 ) ) ;
#1133 = CARTESIAN_POINT ( 'NONE',  ( 0.05342719714838074800, 3.271472298758954400E-018, -0.02903543307086603500 ) ) ;
#1134 = FACE_OUTER_BOUND ( 'NONE', #1545, .T. ) ;
#1135 = CARTESIAN_POINT ( 'NONE',  ( 0.04007039786128559900, -0.02313465499174863600, -0.008530183727033744200 ) ) ;
#1136 = CIRCLE ( 'NONE', #92, 0.1082677165354333100 ) ;
#1137 = CARTESIAN_POINT ( 'NONE',  ( 0.03409548833798276700, 0.05905511811025832000, -0.01591207349080069700 ) ) ;
#1138 = CARTESIAN_POINT ( 'NONE',  ( -0.05905511811023632400, -0.01582377120656241700, 0.03335941336099537000 ) ) ;
#1139 = CARTESIAN_POINT ( 'NONE',  ( -0.02671359857419039800, 0.04626930998349723000, -0.002788713910760693800 ) ) ;
#1140 = CARTESIAN_POINT ( 'NONE',  ( -0.04007039786128555000, -0.02313465499174864600, 0.002132545931759055300 ) ) ;
#1141 = CARTESIAN_POINT ( 'NONE',  ( 0.04007039786128559900, -0.02313465499174863600, 0.03083989501312426100 ) ) ;
#1142 = CARTESIAN_POINT ( 'NONE',  ( 0.006533166602828371400, 0.04672504873577667400, 0.03411856327412514400 ) ) ;
#1143 = CARTESIAN_POINT ( 'NONE',  ( -0.001068150459602214100, -0.05355698946357206900, 0.04057644604700163400 ) ) ;
#1144 = EDGE_LOOP ( 'NONE', ( #1808, #1281, #2021, #953 ) ) ;
#1145 = CARTESIAN_POINT ( 'NONE',  ( -0.04007039786128558500, 0.02313465499174859100, 0.01853674540682489000 ) ) ;
#1146 = ORIENTED_EDGE ( 'NONE', *, *, #576, .F. ) ;
#1147 = AXIS2_PLACEMENT_3D ( 'NONE', #1786, #363, #18 ) ;
#1148 = CARTESIAN_POINT ( 'NONE',  ( -0.04007039786128555000, -0.02313465499174864600, -0.03723753280839894900 ) ) ;
#1149 = CARTESIAN_POINT ( 'NONE',  ( 0.0000000000000000000, 0.0000000000000000000, 0.04724409448818896200 ) ) ;
#1150 = CLOSED_SHELL ( 'NONE', ( #1911, #1230, #2066, #1998, #753, #1154, #19, #522, #8, #1313, #1538, #1342, #842, #1325, #331, #257, #834, #45, #1953, #694, #1304, #672, #1778, #502, #1061, #420, #1334, #204, #855, #512, #1929, #588, #1170, #1919, #1471, #178, #663 ) ) ;
#1151 = CARTESIAN_POINT ( 'NONE',  ( 0.01457555063783619000, 0.04450050967043771300, 0.03376431441881713700 ) ) ;
#1152 = CARTESIAN_POINT ( 'NONE',  ( 0.001314233433393609300, -0.04754669689358931300, -0.03453600039757391500 ) ) ;
#1153 = CARTESIAN_POINT ( 'NONE',  ( 0.05206596872742735900, -0.03006030106039880500, -0.01898786089238811000 ) ) ;
#1154 = ADVANCED_FACE ( 'NONE', ( #1771 ), #715, .F. ) ;
#1155 = CARTESIAN_POINT ( 'NONE',  ( 0.02671359857419036700, 0.04626930998349724300, 0.01361548556430513700 ) ) ;
#1156 = CARTESIAN_POINT ( 'NONE',  ( 0.0000000000000000000, 0.0000000000000000000, -0.04724409448818896200 ) ) ;
#1157 = CARTESIAN_POINT ( 'NONE',  ( -0.01843941451130361900, 0.04510412894477772200, 0.03513173474058563900 ) ) ;
#1158 = LOCAL_TIME ( 20, 1, 13.00000000000000000, #1293 ) ;
#1159 = PRODUCT_DEFINITION_SHAPE ( 'NONE', 'NONE',  #886 ) ;
#1160 = CARTESIAN_POINT ( 'NONE',  ( -0.05206596872742737900, 0.03006030106039877700, -0.03006069553805784700 ) ) ;
#1161 = FACE_OUTER_BOUND ( 'NONE', #1519, .T. ) ;
#1162 = CARTESIAN_POINT ( 'NONE',  ( 0.05206596872742735200, 0.03006030106039882600, 0.04334809711286206900 ) ) ;
#1163 = AXIS2_PLACEMENT_3D ( 'NONE', #258, #428, #906 ) ;
#1164 = ORIENTED_EDGE ( 'NONE', *, *, #1741, .T. ) ;
#1165 = CARTESIAN_POINT ( 'NONE',  ( 0.0000000000000000000, 0.04626930998349725000, -0.04379921259842529300 ) ) ;
#1166 = CARTESIAN_POINT ( 'NONE',  ( -0.03267862461984842600, 0.05060587979886115000, -0.04724409448818894800 ) ) ;
#1167 = CC_DESIGN_DATE_AND_TIME_ASSIGNMENT ( #793, #1067, ( #886 ) ) ;
#1168 = CARTESIAN_POINT ( 'NONE',  ( -0.05114323250695517600, 0.02952755905511812700, 0.01115485564304519900 ) ) ;
#1169 = DIRECTION ( 'NONE',  ( 1.000000000000000000, 0.0000000000000000000, 0.0000000000000000000 ) ) ;
#1170 = ADVANCED_FACE ( 'NONE', ( #174 ), #65, .T. ) ;
#1171 = CARTESIAN_POINT ( 'NONE',  ( 0.06942129163656979300, 4.250828129770007000E-018, -0.03703248031496053600 ) ) ;
#1172 = CARTESIAN_POINT ( 'NONE',  ( 0.04007039786128555700, 0.02313465499174862900, -0.04708005249343844700 ) ) ;
#1173 = CARTESIAN_POINT ( 'NONE',  ( 0.0000000000000000000, 0.0000000000000000000, 0.04724409448818896200 ) ) ;
#1174 = ORIENTED_EDGE ( 'NONE', *, *, #1387, .F. ) ;
#1175 = CARTESIAN_POINT ( 'NONE',  ( 0.03409548833797014500, -0.05905511811023638600, 0.01689632545931831300 ) ) ;
#1176 = CARTESIAN_POINT ( 'NONE',  ( -0.01022841890833212100, -0.04815563811838374800, -0.03620802844118042200 ) ) ;
#1177 = ORIENTED_EDGE ( 'NONE', *, *, #610, .F. ) ;
#1178 = EDGE_CURVE ( 'NONE', #669, #1761, #941, .T. ) ;
#1179 = ORIENTED_EDGE ( 'NONE', *, *, #951, .F. ) ;
#1180 = CARTESIAN_POINT ( 'NONE',  ( 0.05206596872742735900, -0.03006030106039880500, -0.05835793963254611700 ) ) ;
#1181 = AXIS2_PLACEMENT_3D ( 'NONE', #1446, #154, #2059 ) ;
#1182 = PERSON ( 'UNSPECIFIED', 'UNSPECIFIED', 'UNSPECIFIED', ('UNSPECIFIED'), ('UNSPECIFIED'), ('UNSPECIFIED') ) ;
#1183 = CARTESIAN_POINT ( 'NONE',  ( 0.02742872835678370600, 0.03777054348352568800, 0.03339280235088849800 ) ) ;
#1184 = CARTESIAN_POINT ( 'NONE',  ( 0.0000000000000000000, 0.0000000000000000000, 0.04724409448818896200 ) ) ;
#1185 = CARTESIAN_POINT ( 'NONE',  ( -0.05114323250695517600, 0.02952755905511812700, -0.02821522309711280500 ) ) ;
#1186 = ORIENTED_EDGE ( 'NONE', *, *, #595, .F. ) ;
#1187 = CARTESIAN_POINT ( 'NONE',  ( -0.05206596872742737900, 0.03006030106039877700, 0.03022473753280939900 ) ) ;
#1188 = CALENDAR_DATE ( 2021, 14, 9 ) ;
#1189 = CARTESIAN_POINT ( 'NONE',  ( -0.04007039786128558500, 0.02313465499174859100, -0.02083333333333311400 ) ) ;
#1190 = CARTESIAN_POINT ( 'NONE',  ( -0.01541889099279723600, 0.05823336508142801200, -0.04724409448818894100 ) ) ;
#1191 = CARTESIAN_POINT ( 'NONE',  ( 0.05114323250695523200, -0.02952755905511821000, -0.001148293963254085300 ) ) ;
#1192 = CARTESIAN_POINT ( 'NONE',  ( -0.03409548833797013800, 0.05905511811023633100, -0.02985564304461938200 ) ) ;
#1193 = DIRECTION ( 'NONE',  ( 0.0000000000000000000, 0.0000000000000000000, 1.000000000000000000 ) ) ;
#1194 = B_SPLINE_CURVE_WITH_KNOTS ( 'NONE', 3,
 ( #1079, #1533, #266, #253 ),
 .UNSPECIFIED., .F., .F.,
 ( 4, 4 ),
 ( 2.380742992387857500E-007, 0.001606744326298682500 ),
 .UNSPECIFIED. ) ;
#1195 = CARTESIAN_POINT ( 'NONE',  ( -0.05905511811023634500, -2.516237844130044700E-017, 0.03248031496063077900 ) ) ;
#1196 = CARTESIAN_POINT ( 'NONE',  ( 0.04007039786128555700, 0.02313465499174862900, 0.05380577427821640900 ) ) ;
#1197 = CARTESIAN_POINT ( 'NONE',  ( -0.05413385826771635600, -0.09376259292941731300, 0.04724409448818896200 ) ) ;
#1198 = CARTESIAN_POINT ( 'NONE',  ( 0.03409548833797184500, 0.05905511811023939100, -0.03559711286089063000 ) ) ;
#1199 = VECTOR ( 'NONE', #1570, 39.37007874015748100 ) ;
#1200 = CARTESIAN_POINT ( 'NONE',  ( -0.05206596872742737900, 0.03006030106039877700, -0.01037565616797884100 ) ) ;
#1201 = CARTESIAN_POINT ( 'NONE',  ( 0.03826386746686261100, 0.03098367914556661400, 0.03621261837289194800 ) ) ;
#1202 = VERTEX_POINT ( 'NONE', #969 ) ;
#1203 = CARTESIAN_POINT ( 'NONE',  ( 0.0000000000000000000, 0.0000000000000000000, 0.04724409448818896200 ) ) ;
#1204 = CARTESIAN_POINT ( 'NONE',  ( -0.05066598451018607800, 0.03273429735983318700, 0.04724409448818898300 ) ) ;
#1205 = B_SPLINE_CURVE_WITH_KNOTS ( 'NONE', 3,
 ( #145, #1303, #328, #1748, #809, #1461 ),
 .UNSPECIFIED., .F., .F.,
 ( 4, 2, 4 ),
 ( 0.0000000000000000000, 0.0004682266375000956000, 0.0009364532750001912000 ),
 .UNSPECIFIED. ) ;
#1206 = ORIENTED_EDGE ( 'NONE', *, *, #1011, .T. ) ;
#1207 = CARTESIAN_POINT ( 'NONE',  ( -0.1082677165354331700, -0.04192367320909636000, -0.04297097840266206300 ) ) ;
#1208 = CARTESIAN_POINT ( 'NONE',  ( 0.0000000000000000000, 0.0000000000000000000, 0.04724409448818896200 ) ) ;
#1209 = CARTESIAN_POINT ( 'NONE',  ( -0.04818677913593195200, -2.262212196320370500E-014, -0.03531027150332319300 ) ) ;
#1210 = VERTEX_POINT ( 'NONE', #1770 ) ;
#1211 = EDGE_CURVE ( 'NONE', #1073, #1638, #1246, .T. ) ;
#1212 = EDGE_LOOP ( 'NONE', ( #1712, #1524, #1497, #756, #927, #1179, #1357, #647, #950, #846, #829, #904, #1593, #39, #1457 ) ) ;
#1213 = CARTESIAN_POINT ( 'NONE',  ( 0.06942129163656979300, 4.250828129770007000E-018, 0.04047736220472524700 ) ) ;
#1214 = DIRECTION ( 'NONE',  ( -0.0000000000000000000, -0.0000000000000000000, -1.000000000000000000 ) ) ;
#1215 = APPROVAL ( #597, 'UNSPECIFIED' ) ;
#1216 = B_SPLINE_CURVE_WITH_KNOTS ( 'NONE', 3,
 ( #1825, #1037, #70, #222 ),
 .UNSPECIFIED., .F., .F.,
 ( 4, 4 ),
 ( 2.380742992387853800E-007, 0.001606744326298680600 ),
 .UNSPECIFIED. ) ;
#1217 = CARTESIAN_POINT ( 'NONE',  ( -0.02671359857419036000, -0.04626930998349725700, 0.003772965879265641300 ) ) ;
#1218 = CARTESIAN_POINT ( 'NONE',  ( -0.02671359857419036000, -0.04626930998349725700, 0.04560367454068348800 ) ) ;
#1219 = CARTESIAN_POINT ( 'NONE',  ( -0.05206596872742737900, 0.03006030106039877700, 0.009309383202100163900 ) ) ;
#1220 = DIRECTION ( 'NONE',  ( -0.0000000000000000000, -0.0000000000000000000, -1.000000000000000000 ) ) ;
#1221 = CIRCLE ( 'NONE', #1445, 0.1082677165354333100 ) ;
#1222 = CARTESIAN_POINT ( 'NONE',  ( 0.01774063442655416500, 0.1147742305107910000, 0.04294923502109829200 ) ) ;
#1223 = CARTESIAN_POINT ( 'NONE',  ( -0.04818677913593195200, -2.262212196320370500E-014, -0.03531027150332319300 ) ) ;
#1224 = EDGE_CURVE ( 'NONE', #164, #1859, #1655, .T. ) ;
#1225 = CARTESIAN_POINT ( 'NONE',  ( -0.03471064581828488300, -0.06012060212079765900, 0.03391568241469891700 ) ) ;
#1226 = B_SPLINE_CURVE_WITH_KNOTS ( 'NONE', 3,
 ( #1417, #301, #126, #1889, #1440, #481, #788, #778 ),
 .UNSPECIFIED., .F., .F.,
 ( 4, 2, 2, 4 ),
 ( 0.0005223918689783845600, 0.001420145970826416500, 0.001869023021750432400, 0.002317900072674448400 ),
 .UNSPECIFIED. ) ;
#1227 = CARTESIAN_POINT ( 'NONE',  ( -0.1082677165354332000, -5.914624404477027300E-017, 0.04724409448818896200 ) ) ;
#1228 = CARTESIAN_POINT ( 'NONE',  ( -0.05711660475026033400, 0.01940148986097192300, 0.04724409448818899000 ) ) ;
#1229 =( BOUNDED_CURVE ( )  B_SPLINE_CURVE ( 2, ( #1004, #538, #699, #1356, #1785, #1031, #1168, #362, #1491 ),
 .UNSPECIFIED., .F., .F. ) 
 B_SPLINE_CURVE_WITH_KNOTS ( ( 3, 2, 2, 2, 3 ),
 ( 0.5915418982571633000, 0.6054307871460522500, 0.6332085649238299300, 0.6609863427016077200, 0.6748752315904966700 ),
 .UNSPECIFIED. ) 
 CURVE ( )  GEOMETRIC_REPRESENTATION_ITEM ( )  RATIONAL_B_SPLINE_CURVE ( ( 0.9330127018922194100, 0.9330127018922194100, 1.000000000000000000, 0.8660254037844387100, 1.000000000000000000, 0.8660254037844387100, 1.000000000000000000, 0.9330127018922190800, 0.9330127018922194100 ) ) 
 REPRESENTATION_ITEM ( '' )  );
#1230 = ADVANCED_FACE ( 'NONE', ( #1425 ), #1372, .F. ) ;
#1231 = CARTESIAN_POINT ( 'NONE',  ( -0.04242439508611315500, 0.02595552355429587400, -0.03640706763742171400 ) ) ;
#1232 = ORIENTED_EDGE ( 'NONE', *, *, #1700, .F. ) ;
#1233 = ORIENTED_EDGE ( 'NONE', *, *, #1398, .F. ) ;
#1234 = VERTEX_POINT ( 'NONE', #1608 ) ;
#1235 = DIRECTION ( 'NONE',  ( -0.0000000000000000000, -0.0000000000000000000, -1.000000000000000000 ) ) ;
#1236 = CARTESIAN_POINT ( 'NONE',  ( 0.04007039786128556400, -0.02313465499174861500, 0.01115485564304523500 ) ) ;
#1237 = DIRECTION ( 'NONE',  ( -0.0000000000000000000, -0.0000000000000000000, -1.000000000000000000 ) ) ;
#1238 = EDGE_CURVE ( 'NONE', #582, #1688, #381, .T. ) ;
#1239 = DIRECTION ( 'NONE',  ( -1.000000000000000000, 0.0000000000000000000, 0.0000000000000000000 ) ) ;
#1240 = CARTESIAN_POINT ( 'NONE',  ( 2.982827790191875000E-017, 0.1250167905725567400, 0.03757401208417883400 ) ) ;
#1241 = CARTESIAN_POINT ( 'NONE',  ( -0.02671359857419036000, -0.04626930998349725700, 0.02591863517060449100 ) ) ;
#1242 = DATE_AND_TIME ( #1582, #434 ) ;
#1243 = CARTESIAN_POINT ( 'NONE',  ( -0.05905511811023634500, -1.140770738970594100E-014, 0.03001968503937158300 ) ) ;
#1244 = CARTESIAN_POINT ( 'NONE',  ( 0.03106556012056048800, -0.04738240355179560600, -0.04351237903939732300 ) ) ;
#1245 = PERSON_AND_ORGANIZATION_ROLE ( 'design_supplier' ) ;
#1246 = CIRCLE ( 'NONE', #1943, 0.1082677165354333100 ) ;
#1247 = CARTESIAN_POINT ( 'NONE',  ( 0.05819098121594483400, -0.01561144798259366000, 0.04724409448818899000 ) ) ;
#1248 = CARTESIAN_POINT ( 'NONE',  ( 0.01940213465803765400, 0.05703977419596598800, 0.04724409448818895500 ) ) ;
#1249 = CARTESIAN_POINT ( 'NONE',  ( 0.1082677165354327000, 0.06250839528627870300, 0.03757401208417891100 ) ) ;
#1250 = CARTESIAN_POINT ( 'NONE',  ( -0.05342719714838074800, -9.814416896276861300E-018, -0.01673228346456668400 ) ) ;
#1251 = CARTESIAN_POINT ( 'NONE',  ( -0.1082677165354332000, 0.01058853404967257700, 0.04724409448818902400 ) ) ;
#1252 = CARTESIAN_POINT ( 'NONE',  ( -0.005371429190376898800, -0.05772363122316709300, -0.04483821250665273600 ) ) ;
#1253 = CARTESIAN_POINT ( 'NONE',  ( 0.0000000000000000000, 0.0000000000000000000, 0.0000000000000000000 ) ) ;
#1254 = CARTESIAN_POINT ( 'NONE',  ( -0.05820301806389788200, -0.01556405083606392400, 0.04724409448818894800 ) ) ;
#1255 =( GEOMETRIC_REPRESENTATION_CONTEXT ( 3 ) GLOBAL_UNCERTAINTY_ASSIGNED_CONTEXT ( ( #1855 ) ) GLOBAL_UNIT_ASSIGNED_CONTEXT ( ( #1560, #270, #2019 ) ) REPRESENTATION_CONTEXT ( 'NONE', 'WORKASPACE' ) );
#1256 = FACE_OUTER_BOUND ( 'NONE', #424, .T. ) ;
#1257 = CARTESIAN_POINT ( 'NONE',  ( 0.04007039786128556400, -0.02313465499174861500, -0.04790026246719177000 ) ) ;
#1258 = ORIENTED_EDGE ( 'NONE', *, *, #1741, .F. ) ;
#1259 = CARTESIAN_POINT ( 'NONE',  ( 0.04007039786128555700, 0.02313465499174862900, -0.005249343832020598300 ) ) ;
#1260 = ORIENTED_EDGE ( 'NONE', *, *, #443, .T. ) ;
#1261 = CARTESIAN_POINT ( 'NONE',  ( 0.06012060212074060000, -0.003924309326717835900, 0.04724409448818892000 ) ) ;
#1262 = EDGE_LOOP ( 'NONE', ( #1611, #160, #142, #1409, #783, #1474, #507, #452, #1862, #1406, #1206, #614, #1830, #1146, #1499 ) ) ;
#1263 = CARTESIAN_POINT ( 'NONE',  ( -0.05905511811023632400, -0.01582377120656241700, -0.02569570474924164100 ) ) ;
#1264 = CARTESIAN_POINT ( 'NONE',  ( 5.015158507807128100E-017, -0.1250167905725563800, 0.03757401208417903600 ) ) ;
#1265 = CARTESIAN_POINT ( 'NONE',  ( 0.02671359857419036700, 0.04626930998349724300, -0.003608923884514020600 ) ) ;
#1266 = CARTESIAN_POINT ( 'NONE',  ( -0.04007039786128555000, -0.02313465499174864600, -0.05446194225721810000 ) ) ;
#1267 = AXIS2_PLACEMENT_3D ( 'NONE', #1351, #557, #760 ) ;
#1268 = CARTESIAN_POINT ( 'NONE',  ( -0.07257954901019482400, -0.08311296841385876200, 0.04724409448818935000 ) ) ;
#1269 = CARTESIAN_POINT ( 'NONE',  ( -0.05905511811025499600, -0.01582377120657412600, -0.02815633467048843700 ) ) ;
#1270 = CARTESIAN_POINT ( 'NONE',  ( 0.03975987253869780300, 0.04526596601153713700, 0.04724409448818917000 ) ) ;
#1271 = CARTESIAN_POINT ( 'NONE',  ( 0.0000000000000000000, 0.0000000000000000000, -0.04724409448818896200 ) ) ;
#1272 = CARTESIAN_POINT ( 'NONE',  ( -0.05342719714838074800, -9.814416896276861300E-018, 0.03986220472441046700 ) ) ;
#1273 = FACE_OUTER_BOUND ( 'NONE', #1742, .T. ) ;
#1274 = CARTESIAN_POINT ( 'NONE',  ( -0.02671359857419039800, 0.04626930998349723000, -0.03969816272965886300 ) ) ;
#1275 = CARTESIAN_POINT ( 'NONE',  ( 0.05905511811023631000, 0.01582377120656246200, 0.04320193304603488900 ) ) ;
#1276 = CARTESIAN_POINT ( 'NONE',  ( -0.03409548833797007600, -0.05905511811023636500, -0.02329396325459306300 ) ) ;
#1277 = CARTESIAN_POINT ( 'NONE',  ( -0.04818677913593195200, -2.262212196320370500E-014, -0.03531027150332319300 ) ) ;
#1278 = CARTESIAN_POINT ( 'NONE',  ( 0.02671359857419038800, -0.04626930998349723700, 0.04642388451443681100 ) ) ;
#1279 = EDGE_CURVE ( 'NONE', #558, #215, #814, .T. ) ;
#1280 = CARTESIAN_POINT ( 'NONE',  ( 0.02671359857419036700, 0.04626930998349724300, -0.04297900262467201800 ) ) ;
#1281 = ORIENTED_EDGE ( 'NONE', *, *, #76, .F. ) ;
#1282 = DIRECTION ( 'NONE',  ( 0.0000000000000000000, 0.0000000000000000000, 1.000000000000000000 ) ) ;
#1283 = CARTESIAN_POINT ( 'NONE',  ( 0.03409548833797011000, -0.05905511811023633100, 0.03904199475065711600 ) ) ;
#1284 = CC_DESIGN_APPROVAL ( #1873, ( #710 ) ) ;
#1285 = ORIENTED_EDGE ( 'NONE', *, *, #230, .F. ) ;
#1286 = CARTESIAN_POINT ( 'NONE',  ( 5.015158507807128100E-017, -0.1250167905725563800, 0.03757401208417903600 ) ) ;
#1287 = VERTEX_POINT ( 'NONE', #17 ) ;
#1288 = CARTESIAN_POINT ( 'NONE',  ( 0.05342719714838074800, 3.271472298758954400E-018, -0.006889763779527185100 ) ) ;
#1289 = DIRECTION ( 'NONE',  ( 0.0000000000000000000, 0.0000000000000000000, 1.000000000000000000 ) ) ;
#1290 = CARTESIAN_POINT ( 'NONE',  ( 0.01964960232779464400, -0.05064871409602425500, 0.04133578331865230000 ) ) ;
#1291 = CARTESIAN_POINT ( 'NONE',  ( 0.04007039786128555700, 0.02313465499174862900, -0.04708005249343844700 ) ) ;
#1292 = EDGE_CURVE ( 'NONE', #1202, #1127, #90, .T. ) ;
#1293 = COORDINATED_UNIVERSAL_TIME_OFFSET ( 6, 0, .BEHIND. ) ;
#1294 = CARTESIAN_POINT ( 'NONE',  ( -0.04007039786128558500, -0.02313465499174866700, 0.02427821522309792800 ) ) ;
#1295 = AXIS2_PLACEMENT_3D ( 'NONE', #1918, #833, #351 ) ;
#1296 = CARTESIAN_POINT ( 'NONE',  ( -0.05413385826771662700, -0.09376259292941778500, -0.04724409448818896200 ) ) ;
#1297 = CIRCLE ( 'NONE', #370, 0.05905511811023634500 ) ;
#1298 = CARTESIAN_POINT ( 'NONE',  ( -0.05905511811023634500, -2.516237844130044700E-017, 0.03248031496063077900 ) ) ;
#1299 = FACE_OUTER_BOUND ( 'NONE', #852, .T. ) ;
#1300 = CARTESIAN_POINT ( 'NONE',  ( -0.04007039786128555000, -0.02313465499174864600, -0.05692257217847794500 ) ) ;
#1301 = CARTESIAN_POINT ( 'NONE',  ( -0.04007039786128558500, -0.02313465499174866700, 0.004593175853018926900 ) ) ;
#1302 = CARTESIAN_POINT ( 'NONE',  ( 0.1082677165354333100, 5.914624404477010000E-017, -0.04724409448818896200 ) ) ;
#1303 = CARTESIAN_POINT ( 'NONE',  ( -0.02112211573505785900, -0.04162415265829294600, -0.03339280235088877600 ) ) ;
#1304 = ADVANCED_FACE ( 'NONE', ( #770 ), #1088, .T. ) ;
#1305 = CARTESIAN_POINT ( 'NONE',  ( 5.666356237004658600E-018, -0.04626930998349725000, -0.05364173228346479100 ) ) ;
#1306 = LINE ( 'NONE', #1324, #872 ) ;
#1307 = EDGE_CURVE ( 'NONE', #1001, #1045, #1136, .T. ) ;
#1308 = CARTESIAN_POINT ( 'NONE',  ( -0.02671359857419038100, -0.04626930998349729200, -0.01345144356955349200 ) ) ;
#1309 = ORIENTED_EDGE ( 'NONE', *, *, #1238, .F. ) ;
#1310 = ORIENTED_EDGE ( 'NONE', *, *, #256, .T. ) ;
#1311 = ORIENTED_EDGE ( 'NONE', *, *, #479, .T. ) ;
#1312 = CARTESIAN_POINT ( 'NONE',  ( 0.04007039786128555700, 0.02313465499174862900, 0.01197506561679855300 ) ) ;
#1313 = ADVANCED_FACE ( 'NONE', ( #515 ), #229, .F. ) ;
#1314 = CARTESIAN_POINT ( 'NONE',  ( -0.02671359857419036000, -0.04626930998349725700, -0.03559711286089236500 ) ) ;
#1315 = CARTESIAN_POINT ( 'NONE',  ( 5.666356237004664000E-018, -0.04626930998349729200, -0.01181102362204690900 ) ) ;
#1316 = CARTESIAN_POINT ( 'NONE',  ( 0.05905511811025623100, 0.01582377120657187100, -0.01831381498544908100 ) ) ;
#1317 = CARTESIAN_POINT ( 'NONE',  ( -0.04007039786128558500, 0.02313465499174859100, -0.001148293963254108100 ) ) ;
#1318 = EDGE_CURVE ( 'NONE', #875, #996, #584, .T. ) ;
#1319 = PERSON_AND_ORGANIZATION ( #1182, #545 ) ;
#1320 = CARTESIAN_POINT ( 'NONE',  ( -0.02671359857419036000, -0.04626930998349725700, 0.003772965879265640900 ) ) ;
#1321 = CONICAL_SURFACE ( 'NONE', #171, 0.06012060212079777700, 0.7853981633974500600 ) ;
#1322 = CC_DESIGN_PERSON_AND_ORGANIZATION_ASSIGNMENT ( #1319, #1848, ( #710 ) ) ;
#1323 = CARTESIAN_POINT ( 'NONE',  ( 0.002351015082374371800, 0.04728199885191600900, 0.03428231817078686300 ) ) ;
#1324 = CARTESIAN_POINT ( 'NONE',  ( -0.05905511811023634500, 0.0000000000000000000, 0.04724409448818896200 ) ) ;
#1325 = ADVANCED_FACE ( 'NONE', ( #1967 ), #1937, .F. ) ;
#1326 = CARTESIAN_POINT ( 'NONE',  ( 0.05206596872742735900, -0.03006030106039880500, -0.03867290026246711400 ) ) ;
#1327 = CARTESIAN_POINT ( 'NONE',  ( -0.02619448964807919600, -0.03814050023827204900, -0.03339280235088849100 ) ) ;
#1328 = CARTESIAN_POINT ( 'NONE',  ( 0.05905511811026375300, 0.01582377120656976500, 0.04074130312479087900 ) ) ;
#1329 = CARTESIAN_POINT ( 'NONE',  ( -0.02453538748658694300, -0.04698156759532259200, 0.03966437882338366000 ) ) ;
#1330 = CARTESIAN_POINT ( 'NONE',  ( 0.03471064581828489000, 0.06012060212079763800, -0.01529691601049859200 ) ) ;
#1331 = CYLINDRICAL_SURFACE ( 'NONE', #1959, 0.05905511811023634500 ) ;
#1332 = CARTESIAN_POINT ( 'NONE',  ( -0.05206596872742733800, -0.03006030106039884300, 0.03350557742782256400 ) ) ;
#1333 = VERTEX_POINT ( 'NONE', #1021 ) ;
#1334 = ADVANCED_FACE ( 'NONE', ( #1914 ), #712, .T. ) ;
#1335 = CARTESIAN_POINT ( 'NONE',  ( -0.04007039786128555000, -0.02313465499174864600, -0.01755249343831995200 ) ) ;
#1336 = EDGE_LOOP ( 'NONE', ( #2028, #1478, #653, #1186, #1123, #532 ) ) ;
#1337 = CARTESIAN_POINT ( 'NONE',  ( 5.666356237004658600E-018, -0.04626930998349725000, 0.04724409448819007200 ) ) ;
#1338 = CARTESIAN_POINT ( 'NONE',  ( -0.1082677165354333100, -5.914624404477032200E-017, -0.04724409448818896200 ) ) ;
#1339 = CARTESIAN_POINT ( 'NONE',  ( -0.05206596872742733800, -0.03006030106039884300, 0.01382053805774356200 ) ) ;
#1340 =( BOUNDED_CURVE ( )  B_SPLINE_CURVE ( 2, ( #1298, #1138, #979, #1596, #636, #1283, #645, #1908, #1126 ),
 .UNSPECIFIED., .F., .F. ) 
 B_SPLINE_CURVE_WITH_KNOTS ( ( 3, 2, 2, 2, 3 ),
 ( 0.8415418982571633000, 0.8554307871460522500, 0.8832085649238299300, 0.9109863427016077200, 0.9248752315904966700 ),
 .UNSPECIFIED. ) 
 CURVE ( )  GEOMETRIC_REPRESENTATION_ITEM ( )  RATIONAL_B_SPLINE_CURVE ( ( 0.9330127018922194100, 0.9330127018922194100, 1.000000000000000000, 0.8660254037844387100, 1.000000000000000000, 0.8660254037844387100, 1.000000000000000000, 0.9330127018922190800, 0.9330127018922194100 ) ) 
 REPRESENTATION_ITEM ( '' )  );
#1341 = CARTESIAN_POINT ( 'NONE',  ( -0.05342719714838074800, -9.814416896276861300E-018, 0.0004921259842524691800 ) ) ;
#1342 = ADVANCED_FACE ( 'NONE', ( #661, #1677 ), #241, .T. ) ;
#1343 = CIRCLE ( 'NONE', #341, 0.1082677165354333100 ) ;
#1344 = CARTESIAN_POINT ( 'NONE',  ( 0.03471064581828491700, -0.06012060212079762400, -0.05999835958005270100 ) ) ;
#1345 = EDGE_CURVE ( 'NONE', #608, #1333, #1040, .T. ) ;
#1346 = LINE ( 'NONE', #932, #837 ) ;
#1347 = B_SPLINE_CURVE_WITH_KNOTS ( 'NONE', 3,
 ( #1999, #1391, #413, #109, #895, #593, #1074, #243, #914, #1992, #1553, #1052, #1059, #1378, #609, #88, #1706, #921, #1231, #1694, #1846, #1223 ),
 .UNSPECIFIED., .F., .F.,
 ( 4, 2, 2, 2, 2, 2, 2, 2, 2, 2, 4 ),
 ( 0.004181682016472861200, 0.004693187735065664300, 0.005204693453658467400, 0.005460446312954869400, 0.005716199172251270500, 0.006227704890844073600, 0.006739210609436876700, 0.006994963468733277800, 0.007250716328029678900, 0.007762222046622481100, 0.008273727765215285100 ),
 .UNSPECIFIED. ) ;
#1348 = CARTESIAN_POINT ( 'NONE',  ( 0.04007039786128556400, -0.02313465499174861500, -0.03067585301837262200 ) ) ;
#1349 = CARTESIAN_POINT ( 'NONE',  ( -0.02261375149965443700, 0.05583444502515021200, -0.04724409448818893400 ) ) ;
#1350 = CARTESIAN_POINT ( 'NONE',  ( -0.1082677165354332000, 0.05239679882954223500, -0.04049297855229544400 ) ) ;
#1351 = CARTESIAN_POINT ( 'NONE',  ( 0.0000000000000000000, 0.0000000000000000000, -0.04724409448818896200 ) ) ;
#1352 = CARTESIAN_POINT ( 'NONE',  ( -0.06942129163656979300, -1.275248438931002000E-017, 0.03186515748031598000 ) ) ;
#1353 = CARTESIAN_POINT ( 'NONE',  ( 0.0000000000000000000, 0.04626930998349725000, -0.02411417322834627900 ) ) ;
#1354 = DIRECTION ( 'NONE',  ( -0.0000000000000000000, -0.0000000000000000000, -1.000000000000000000 ) ) ;
#1355 = FACE_OUTER_BOUND ( 'NONE', #10, .T. ) ;
#1356 = CARTESIAN_POINT ( 'NONE',  ( 0.03409548833797008300, 0.05905511811023634500, 0.006233595800525447800 ) ) ;
#1357 = ORIENTED_EDGE ( 'NONE', *, *, #256, .F. ) ;
#1358 = VERTEX_POINT ( 'NONE', #894 ) ;
#1359 = CARTESIAN_POINT ( 'NONE',  ( 0.04300761986612496700, 0.02042056152568061000, 0.03458006737707417600 ) ) ;
#1360 = VERTEX_POINT ( 'NONE', #1377 ) ;
#1361 = AXIS2_PLACEMENT_3D ( 'NONE', #209, #1500, #865 ) ;
#1362 = B_SPLINE_CURVE_WITH_KNOTS ( 'NONE', 3,
 ( #616, #1697, #429, #1541, #295, #1590 ),
 .UNSPECIFIED., .F., .F.,
 ( 4, 2, 4 ),
 ( 0.001606744326298682500, 0.002406996759593247000, 0.003207249192887811300 ),
 .UNSPECIFIED. ) ;
#1363 = CARTESIAN_POINT ( 'NONE',  ( -0.04007039786128555000, -0.02313465499174864600, -0.01755249343831995200 ) ) ;
#1364 = CARTESIAN_POINT ( 'NONE',  ( -0.03471064581828488300, -0.06012060212079765900, 0.05360072178477791300 ) ) ;
#1365 = CARTESIAN_POINT ( 'NONE',  ( -0.05206596872742737900, 0.03006030106039877700, 0.02899442257217916100 ) ) ;
#1366 = CARTESIAN_POINT ( 'NONE',  ( 0.03129976430843205100, 0.04020280617831660500, 0.03793260324734338400 ) ) ;
#1367 = DIRECTION ( 'NONE',  ( 0.0000000000000000000, 0.0000000000000000000, 1.000000000000000000 ) ) ;
#1368 = CARTESIAN_POINT ( 'NONE',  ( -0.05951203574165570000, 0.009850987204679037900, 0.04724409448818899000 ) ) ;
#1369 = B_SPLINE_CURVE_WITH_KNOTS ( 'NONE', 3,
 ( #657, #1913, #2048, #803, #641, #1745, #1898, #960, #150, #1290, #13, #1492, #207, #1143, #845, #1632, #34, #1329, #1932, #1618, #182, #1777, #838, #200, #668, #1610 ),
 .UNSPECIFIED., .F., .F.,
 ( 4, 2, 2, 2, 2, 2, 2, 2, 2, 2, 2, 2, 4 ),
 ( 0.002317900072674448400, 0.002584173058449679900, 0.002850446044224911000, 0.003382992015775373700, 0.003915537987325835900, 0.004181810973101067800, 0.004448083958876298900, 0.004714356944651530000, 0.004980629930426762000, 0.005513175901977224200, 0.006045721873527688100, 0.006311994859302920100, 0.006578267845078152000 ),
 .UNSPECIFIED. ) ;
#1370 = DIRECTION ( 'NONE',  ( -1.000000000000000000, 0.0000000000000000000, 0.0000000000000000000 ) ) ;
#1371 = CARTESIAN_POINT ( 'NONE',  ( -0.04785876464094710600, -0.007599132920148240300, -0.03498225700834187200 ) ) ;
#1372 = CONICAL_SURFACE ( 'NONE', #1885, 0.06012060212079777700, 0.7853981633974500600 ) ;
#1373 = CARTESIAN_POINT ( 'NONE',  ( -0.03471064581828488300, -0.06012060212079765900, -0.04482447506561710500 ) ) ;
#1374 = CARTESIAN_POINT ( 'NONE',  ( 0.04012204121888611500, 0.02755685778444202600, 0.03564802651866780200 ) ) ;
#1375 = B_SPLINE_CURVE_WITH_KNOTS ( 'NONE', 3,
 ( #1035, #1183, #758, #918, #1071, #2016 ),
 .UNSPECIFIED., .F., .F.,
 ( 4, 2, 4 ),
 ( 0.0000000000000000000, 0.0004696788239715807000, 0.0009393576479431616200 ),
 .UNSPECIFIED. ) ;
#1376 = CARTESIAN_POINT ( 'NONE',  ( 0.02671359857419038800, -0.04626930998349723700, -0.01263123359580019100 ) ) ;
#1377 = CARTESIAN_POINT ( 'NONE',  ( -0.05413385826771639100, 0.09376259292941771500, 0.04724409448818896200 ) ) ;
#1378 = CARTESIAN_POINT ( 'NONE',  ( -0.02036586543845915500, 0.04632808653329965200, -0.03761826200234594200 ) ) ;
#1379 = CARTESIAN_POINT ( 'NONE',  ( -0.03471064581828493800, 0.06012060212079762400, 0.007668963254593578000 ) ) ;
#1380 = ORIENTED_EDGE ( 'NONE', *, *, #1660, .F. ) ;
#1381 = DIRECTION ( 'NONE',  ( -1.000000000000000000, 0.0000000000000000000, 0.0000000000000000000 ) ) ;
#1382 = CARTESIAN_POINT ( 'NONE',  ( -0.03409548833797007600, -0.05905511811023636500, -0.003608923884514050100 ) ) ;
#1383 = CARTESIAN_POINT ( 'NONE',  ( -0.05905511811023635800, -7.880502367028174000E-013, 0.01033464566933573100 ) ) ;
#1384 = ORIENTED_EDGE ( 'NONE', *, *, #157, .F. ) ;
#1385 = CARTESIAN_POINT ( 'NONE',  ( 0.07249863532867217900, -0.08315968394966705100, -0.04631812580440747300 ) ) ;
#1386 = ORIENTED_EDGE ( 'NONE', *, *, #693, .T. ) ;
#1387 = EDGE_CURVE ( 'NONE', #1665, #956, #1871, .T. ) ;
#1388 = CARTESIAN_POINT ( 'NONE',  ( 0.0000000000000000000, 0.06012060212079763800, 0.02571358267716599900 ) ) ;
#1389 = CARTESIAN_POINT ( 'NONE',  ( 0.0000000000000000000, -1.067128122525102800E-017, -0.04724409448818896200 ) ) ;
#1390 = PRODUCT ( '90591A250_Zinc-Plated Steel Hex Nut', '90591A250_Zinc-Plated Steel Hex Nut', '', ( #916 ) ) ;
#1391 = CARTESIAN_POINT ( 'NONE',  ( 0.05417121073395054400, 0.006685052882846608700, -0.04129470310134176300 ) ) ;
#1392 = CARTESIAN_POINT ( 'NONE',  ( 0.05114323250695514800, -0.02952755905511815800, -0.03805774278215231400 ) ) ;
#1393 = CARTESIAN_POINT ( 'NONE',  ( -0.1082677165354333100, -5.914624404477032200E-017, -0.04724409448818896200 ) ) ;
#1394 = CARTESIAN_POINT ( 'NONE',  ( 0.0000000000000000000, 0.04626930998349725000, -0.001968503937007435100 ) ) ;
#1395 = B_SPLINE_CURVE_WITH_KNOTS ( 'NONE', 3,
 ( #1724, #792, #776, #1254, #300, #436, #1732, #131, #947, #1549, #1431, #917, #475, #603, #279, #1077, #2020, #2027, #630, #1416, #1886, #942, #2014, #103, #1247, #446, #1261, #1568 ),
 .UNSPECIFIED., .F., .F.,
 ( 4, 2, 2, 2, 2, 2, 2, 2, 2, 2, 2, 2, 2, 4 ),
 ( 0.001498994489189507100, 0.001798006343704292000, 0.002097018198219076500, 0.002396030052733861900, 0.002695041907248646500, 0.003293065616278216400, 0.003891089325307786700, 0.004190101179822571700, 0.004489113034337356200, 0.004788124888852140700, 0.005087136743366926100, 0.005685160452396496900, 0.005984172306911282300, 0.006283184161426067600 ),
 .UNSPECIFIED. ) ;
#1396 = CONICAL_SURFACE ( 'NONE', #1600, 0.1082677165354333100, 1.047197551196600100 ) ;
#1397 = CARTESIAN_POINT ( 'NONE',  ( 0.0000000000000000000, 0.0000000000000000000, 0.04724409448818896200 ) ) ;
#1398 = EDGE_CURVE ( 'NONE', #1287, #875, #964, .T. ) ;
#1399 = CARTESIAN_POINT ( 'NONE',  ( 0.05342719714838074800, 3.271472298758954400E-018, 0.05216535433070982500 ) ) ;
#1400 = DATE_TIME_ROLE ( 'classification_date' ) ;
#1401 = AXIS2_PLACEMENT_3D ( 'NONE', #589, #602, #747 ) ;
#1402 = CARTESIAN_POINT ( 'NONE',  ( 0.05413385826771650200, 0.09376259292941768700, 0.04724409448818896200 ) ) ;
#1403 = CARTESIAN_POINT ( 'NONE',  ( 0.05342719714838074800, 3.271472298758954400E-018, 0.01279527559055182100 ) ) ;
#1404 = CARTESIAN_POINT ( 'NONE',  ( -0.05114323250695521100, 0.02952755905511815500, 0.02837926509186439200 ) ) ;
#1405 = LINE ( 'NONE', #1893, #604 ) ;
#1406 = ORIENTED_EDGE ( 'NONE', *, *, #119, .T. ) ;
#1407 = DIRECTION ( 'NONE',  ( -0.0000000000000000000, -0.0000000000000000000, -1.000000000000000000 ) ) ;
#1408 = CARTESIAN_POINT ( 'NONE',  ( 0.05905511811026045000, -0.01582377120656471000, -0.02007201178617824100 ) ) ;
#1409 = ORIENTED_EDGE ( 'NONE', *, *, #157, .T. ) ;
#1410 = CARTESIAN_POINT ( 'NONE',  ( 7.232166136696982700E-018, -0.05905511811023634500, -0.001968503937007473300 ) ) ;
#1411 = CARTESIAN_POINT ( 'NONE',  ( 0.04007039786128555700, 0.02313465499174862900, 0.03412073490813740500 ) ) ;
#1412 = EDGE_LOOP ( 'NONE', ( #1310, #1103, #1663, #366 ) ) ;
#1413 = CARTESIAN_POINT ( 'NONE',  ( 0.0000000000000000000, 0.0000000000000000000, 0.04724409448818896200 ) ) ;
#1414 = EDGE_CURVE ( 'NONE', #1960, #725, #1619, .T. ) ;
#1415 = DIRECTION ( 'NONE',  ( 1.000000000000000000, 0.0000000000000000000, 0.0000000000000000000 ) ) ;
#1416 = CARTESIAN_POINT ( 'NONE',  ( 0.03665841909986185300, -0.04781213559638961000, 0.04724409448818896200 ) ) ;
#1417 = CARTESIAN_POINT ( 'NONE',  ( 0.02010827530027703100, 0.05552624820264948100, 0.04617861047762753700 ) ) ;
#1418 = CARTESIAN_POINT ( 'NONE',  ( -0.04007039786128555000, -0.02313465499174864600, -0.03477690288713910400 ) ) ;
#1419 = DIRECTION ( 'NONE',  ( 1.000000000000000000, 0.0000000000000000000, 0.0000000000000000000 ) ) ;
#1420 = CYLINDRICAL_SURFACE ( 'NONE', #1361, 0.05905511811023634500 ) ;
#1421 = CARTESIAN_POINT ( 'NONE',  ( -0.04007039786128558500, 0.02313465499174859100, -0.01837270341207326900 ) ) ;
#1422 =( BOUNDED_CURVE ( )  B_SPLINE_CURVE ( 2, ( #685, #713, #1947, #1811, #873, #1175, #860, #1014, #221 ),
 .UNSPECIFIED., .F., .F. ) 
 B_SPLINE_CURVE_WITH_KNOTS ( ( 3, 2, 2, 2, 3 ),
 ( 0.02754981086025145100, 0.02833461475366486400, 0.02990422254053077800, 0.03147383032739668700, 0.03225863422083254100 ),
 .UNSPECIFIED. ) 
 CURVE ( )  GEOMETRIC_REPRESENTATION_ITEM ( )  RATIONAL_B_SPLINE_CURVE ( ( 0.9330127018922194100, 0.9330127018938874100, 1.000000000000000000, 0.8660254037844387100, 1.000000000000000000, 0.8660254037844387100, 1.000000000000000000, 0.9330127018919722700, 0.9330127018922194100 ) ) 
 REPRESENTATION_ITEM ( '' )  );
#1423 = CARTESIAN_POINT ( 'NONE',  ( 0.0002111542995022604700, -0.05780556072305800800, -0.04466879664547716800 ) ) ;
#1424 = APPLICATION_CONTEXT ( 'configuration controlled 3d designs of mechanical parts and assemblies' ) ;
#1425 = FACE_OUTER_BOUND ( 'NONE', #289, .T. ) ;
#1426 = CARTESIAN_POINT ( 'NONE',  ( 0.01771111377785894400, -0.1147912742652614500, 0.04347771667685096400 ) ) ;
#1427 = CARTESIAN_POINT ( 'NONE',  ( 0.02671359857419038800, -0.04626930998349723700, -0.01017060367454034700 ) ) ;
#1428 = AXIS2_PLACEMENT_3D ( 'NONE', #757, #1849, #1070 ) ;
#1429 = CARTESIAN_POINT ( 'NONE',  ( 0.02671359857419036700, 0.04626930998349724300, 0.03576115485564398300 ) ) ;
#1430 = CARTESIAN_POINT ( 'NONE',  ( -0.008833467590221459600, -0.1199167856814641700, -0.04051850128094618100 ) ) ;
#1431 = CARTESIAN_POINT ( 'NONE',  ( -0.03024624289595308200, -0.05254512335100512700, 0.04724409448818893400 ) ) ;
#1432 = DIRECTION ( 'NONE',  ( -0.0000000000000000000, -0.0000000000000000000, -1.000000000000000000 ) ) ;
#1433 = CARTESIAN_POINT ( 'NONE',  ( 0.04007039786128555700, 0.02313465499174862900, 0.03166010498687756000 ) ) ;
#1434 = CYLINDRICAL_SURFACE ( 'NONE', #1163, 0.05905511811023634500 ) ;
#1435 = CARTESIAN_POINT ( 'NONE',  ( -0.04400509291842787100, 0.01429688230312773500, -0.05711611801502613400 ) ) ;
#1436 = EDGE_LOOP ( 'NONE', ( #143, #1386, #217 ) ) ;
#1437 = CARTESIAN_POINT ( 'NONE',  ( 0.02010827530027703100, 0.05552624820264948100, 0.04617861047762753700 ) ) ;
#1438 = CARTESIAN_POINT ( 'NONE',  ( -0.1082677165354332400, 0.06250839528627849500, 0.04724409448818896200 ) ) ;
#1439 = VERTEX_POINT ( 'NONE', #1845 ) ;
#1440 = CARTESIAN_POINT ( 'NONE',  ( 0.05289296997823573300, 0.02318940474962966400, 0.04457442694876628100 ) ) ;
#1441 = CARTESIAN_POINT ( 'NONE',  ( 0.02671359857419036700, 0.04626930998349724300, 0.03330052493438414400 ) ) ;
#1442 = EDGE_CURVE ( 'NONE', #484, #15, #303, .T. ) ;
#1443 = CARTESIAN_POINT ( 'NONE',  ( -0.03880371049594171000, 0.03030647879786192400, -0.05825131806235167600 ) ) ;
#1444 = ORIENTED_EDGE ( 'NONE', *, *, #422, .F. ) ;
#1445 = AXIS2_PLACEMENT_3D ( 'NONE', #1184, #1658, #61 ) ;
#1446 = CARTESIAN_POINT ( 'NONE',  ( 0.0000000000000000000, 0.0000000000000000000, -0.04724409448818896200 ) ) ;
#1447 = CARTESIAN_POINT ( 'NONE',  ( 0.05342719714838074800, 3.271472298758954400E-018, 0.04970472440944998000 ) ) ;
#1448 = CARTESIAN_POINT ( 'NONE',  ( 0.04007039786128556400, -0.02313465499174861500, 0.03083989501312423700 ) ) ;
#1449 = DIRECTION ( 'NONE',  ( -0.8660254037844388200, 0.4999999999999998300, 0.0000000000000000000 ) ) ;
#1450 = CARTESIAN_POINT ( 'NONE',  ( 0.02671359857419038800, -0.04626930998349723700, 0.02673884514435780800 ) ) ;
#1451 = EDGE_CURVE ( 'NONE', #1078, #1853, #1029, .T. ) ;
#1452 = EDGE_LOOP ( 'NONE', ( #902, #416, #1569 ) ) ;
#1453 = CARTESIAN_POINT ( 'NONE',  ( 0.03409548833797008300, 0.05905511811023634500, -0.01345144356955355800 ) ) ;
#1454 = CARTESIAN_POINT ( 'NONE',  ( 0.05880170366889294500, -0.01443109534936999600, -0.04724409448818534000 ) ) ;
#1455 = VERTEX_POINT ( 'NONE', #402 ) ;
#1456 = CARTESIAN_POINT ( 'NONE',  ( 0.02671359857419038800, -0.04626930998349723700, 0.007053805774278804900 ) ) ;
#1457 = ORIENTED_EDGE ( 'NONE', *, *, #781, .F. ) ;
#1458 = DIRECTION ( 'NONE',  ( -0.0000000000000000000, -0.0000000000000000000, -1.000000000000000000 ) ) ;
#1459 = ORIENTED_EDGE ( 'NONE', *, *, #1788, .T. ) ;
#1460 = CARTESIAN_POINT ( 'NONE',  ( 0.0000000000000000000, 0.05905511811023634500, -0.01181102362204697200 ) ) ;
#1461 = CARTESIAN_POINT ( 'NONE',  ( 0.008705633977613449300, -0.04544294206361181000, -0.03339280235088847000 ) ) ;
#1462 = CARTESIAN_POINT ( 'NONE',  ( 0.0000000000000000000, 0.04626930998349725000, -0.04379921259842529300 ) ) ;
#1463 = EDGE_CURVE ( 'NONE', #1688, #1045, #744, .T. ) ;
#1464 = CARTESIAN_POINT ( 'NONE',  ( 0.02671359857419041200, -0.04626930998349728500, 0.009514435695538675200 ) ) ;
#1465 = CARTESIAN_POINT ( 'NONE',  ( 0.05905511811023631000, 0.01582377120656246200, -0.03553822443428113900 ) ) ;
#1466 = VECTOR ( 'NONE', #1997, 39.37007874015748100 ) ;
#1467 = CARTESIAN_POINT ( 'NONE',  ( 0.02671359857419036700, 0.04626930998349724300, 0.01361548556430513700 ) ) ;
#1468 = CARTESIAN_POINT ( 'NONE',  ( -0.05019821195556812400, 0.004178286005349897400, 0.03732170432295937900 ) ) ;
#1469 = CARTESIAN_POINT ( 'NONE',  ( -0.04007039786128555000, -0.02313465499174864600, -0.01755249343831995200 ) ) ;
#1470 = AXIS2_PLACEMENT_3D ( 'NONE', #1397, #2011, #1419 ) ;
#1471 = ADVANCED_FACE ( 'NONE', ( #767 ), #134, .T. ) ;
#1472 = CARTESIAN_POINT ( 'NONE',  ( -0.04007039786128558500, 0.02313465499174859100, -0.001148293963254108100 ) ) ;
#1473 = CARTESIAN_POINT ( 'NONE',  ( 0.1082677165354327000, 0.06250839528627870300, 0.04724409448818896200 ) ) ;
#1474 = ORIENTED_EDGE ( 'NONE', *, *, #1094, .T. ) ;
#1475 = CARTESIAN_POINT ( 'NONE',  ( 0.1082677165354327800, -0.04192367320864386800, -0.04297097840275692500 ) ) ;
#1476 = CARTESIAN_POINT ( 'NONE',  ( 0.008705633977613449300, -0.04544294206361181000, -0.03339280235088847000 ) ) ;
#1477 = ORIENTED_EDGE ( 'NONE', *, *, #1660, .T. ) ;
#1478 = ORIENTED_EDGE ( 'NONE', *, *, #525, .T. ) ;
#1479 = CARTESIAN_POINT ( 'NONE',  ( -0.03471064581828493800, 0.06012060212079762400, -0.03047080052493418600 ) ) ;
#1480 = CARTESIAN_POINT ( 'NONE',  ( 0.02199847620868277500, 0.04070523419469510700, 0.03339280235088849100 ) ) ;
#1481 = DIRECTION ( 'NONE',  ( 0.8660254037844390400, -0.4999999999999992800, 0.0000000000000000000 ) ) ;
#1482 = CARTESIAN_POINT ( 'NONE',  ( 0.008833467590221539400, 0.1199167856814645400, -0.04051850128094596600 ) ) ;
#1483 = CARTESIAN_POINT ( 'NONE',  ( 0.0000000000000000000, 0.06012060212079763800, -0.03334153543307102200 ) ) ;
#1484 = CARTESIAN_POINT ( 'NONE',  ( -0.05206596872742737900, 0.03006030106039877700, -0.009145341207348603100 ) ) ;
#1485 = EDGE_CURVE ( 'NONE', #558, #1780, #1767, .T. ) ;
#1486 = CALENDAR_DATE ( 2021, 14, 9 ) ;
#1487 = CARTESIAN_POINT ( 'NONE',  ( -0.04007039786128558500, 0.02313465499174859100, -0.04051837270341211700 ) ) ;
#1488 = CARTESIAN_POINT ( 'NONE',  ( 0.05271350972529900700, 0.02915633086956111500, -0.04724409448818660300 ) ) ;
#1489 = LINE ( 'NONE', #1664, #640 ) ;
#1490 = AXIS2_PLACEMENT_3D ( 'NONE', #1389, #717, #415 ) ;
#1491 = CARTESIAN_POINT ( 'NONE',  ( -0.05905511811023634500, -2.516237844130044700E-017, 0.01279527559055178300 ) ) ;
#1492 = CARTESIAN_POINT ( 'NONE',  ( 0.009479377439747921000, -0.05309558983567014300, 0.04094579706606029500 ) ) ;
#1493 = CARTESIAN_POINT ( 'NONE',  ( 0.06942129163656979300, 4.250828129770007000E-018, -0.01734744094488152600 ) ) ;
#1494 = CARTESIAN_POINT ( 'NONE',  ( 0.04007039786128556400, -0.02313465499174861500, -0.03067585301837262200 ) ) ;
#1495 = CARTESIAN_POINT ( 'NONE',  ( -0.05413385826771662700, -0.09376259292941778500, -0.04724409448818896200 ) ) ;
#1496 = EDGE_CURVE ( 'NONE', #733, #505, #665, .T. ) ;
#1497 = ORIENTED_EDGE ( 'NONE', *, *, #986, .F. ) ;
#1498 = CARTESIAN_POINT ( 'NONE',  ( 0.06942129163656979300, 4.250828129770007000E-018, 0.002337598425197480700 ) ) ;
#1499 = ORIENTED_EDGE ( 'NONE', *, *, #634, .F. ) ;
#1500 = DIRECTION ( 'NONE',  ( -0.0000000000000000000, -0.0000000000000000000, -1.000000000000000000 ) ) ;
#1501 = ORIENTED_EDGE ( 'NONE', *, *, #1904, .T. ) ;
#1502 = CARTESIAN_POINT ( 'NONE',  ( -0.03409548833797013100, -0.05905511811023644900, -0.006069553805773834000 ) ) ;
#1503 = CARTESIAN_POINT ( 'NONE',  ( -0.03811244638845832900, -0.02842679405122301000, -0.03405224118463592900 ) ) ;
#1504 = ORIENTED_EDGE ( 'NONE', *, *, #1053, .F. ) ;
#1505 = CARTESIAN_POINT ( 'NONE',  ( 0.05206596872742735900, -0.03006030106039880500, 0.02038221784776989700 ) ) ;
#1506 = CARTESIAN_POINT ( 'NONE',  ( 0.04632131388374793900, 0.03851308820054955000, -0.04724409448818895500 ) ) ;
#1507 = CARTESIAN_POINT ( 'NONE',  ( 0.05905511811023632400, -8.842757468402484300E-013, 0.0004921259842033140600 ) ) ;
#1508 = CARTESIAN_POINT ( 'NONE',  ( -0.05114323250695780600, 0.02952755905511964700, -0.03067585301837088400 ) ) ;
#1509 = CIRCLE ( 'NONE', #190, 0.1082677165354333100 ) ;
#1510 = CARTESIAN_POINT ( 'NONE',  ( 0.1082677165354327400, 0.01058853404892859200, -0.04724409448818931600 ) ) ;
#1511 = EDGE_CURVE ( 'NONE', #1439, #725, #1489, .T. ) ;
#1512 = CARTESIAN_POINT ( 'NONE',  ( 0.02671359857419038800, -0.04626930998349723700, 0.007053805774278804900 ) ) ;
#1513 = CARTESIAN_POINT ( 'NONE',  ( -0.04494546645032040900, -0.09906751341861055900, 0.04724409448818936400 ) ) ;
#1514 = CARTESIAN_POINT ( 'NONE',  ( 0.06942129163656979300, 4.250828129770007000E-018, 0.06016240157480425000 ) ) ;
#1515 = CARTESIAN_POINT ( 'NONE',  ( 0.05206596872742735200, 0.03006030106039882600, 0.002747703412073828400 ) ) ;
#1516 = CARTESIAN_POINT ( 'NONE',  ( -0.05905511811023634500, 0.0000000000000000000, 0.04724409448818896200 ) ) ;
#1517 = CARTESIAN_POINT ( 'NONE',  ( -0.008833467590221459600, -0.1199167856814641700, 0.04051850128094618100 ) ) ;
#1518 = CARTESIAN_POINT ( 'NONE',  ( 0.0000000000000000000, 0.06012060212079763800, 0.06508366141732399600 ) ) ;
#1519 = EDGE_LOOP ( 'NONE', ( #1980, #1459, #922 ) ) ;
#1520 = EDGE_CURVE ( 'NONE', #1672, #1078, #1509, .T. ) ;
#1521 = ORIENTED_EDGE ( 'NONE', *, *, #1224, .F. ) ;
#1522 = CARTESIAN_POINT ( 'NONE',  ( -0.05717856357877685500, 0.01857683144228397900, -0.04911907077093170100 ) ) ;
#1523 = CARTESIAN_POINT ( 'NONE',  ( -0.01832523315218454900, 0.05561280943788279900, 0.04518014786124605100 ) ) ;
#1524 = ORIENTED_EDGE ( 'NONE', *, *, #1496, .F. ) ;
#1525 = AXIS2_PLACEMENT_3D ( 'NONE', #412, #746, #592 ) ;
#1526 = B_SPLINE_CURVE_WITH_KNOTS ( 'NONE', 3,
 ( #1338, #883, #1084, #1207, #432, #910 ),
 .UNSPECIFIED., .F., .F.,
 ( 4, 2, 4 ),
 ( 0.01015424562801886500, 0.01095756196919233200, 0.01176087831036579600 ),
 .UNSPECIFIED. ) ;
#1527 = CARTESIAN_POINT ( 'NONE',  ( 0.02948949356449832200, -0.04146131882380798400, -0.03197535045769385500 ) ) ;
#1528 = CARTESIAN_POINT ( 'NONE',  ( 0.0000000000000000000, 0.04626930998349725000, 0.05708661417322957000 ) ) ;
#1529 = VERTEX_POINT ( 'NONE', #1822 ) ;
#1530 = CARTESIAN_POINT ( 'NONE',  ( -0.02619448964807919600, -0.03814050023827204900, -0.03339280235088849100 ) ) ;
#1531 = CARTESIAN_POINT ( 'NONE',  ( -0.03471064581828488300, -0.06012060212079765900, 0.01423064304461991300 ) ) ;
#1532 = ORIENTED_EDGE ( 'NONE', *, *, #1826, .F. ) ;
#1533 = CARTESIAN_POINT ( 'NONE',  ( -0.01771111377785891000, 0.1147912742652618100, 0.04347771667685076300 ) ) ;
#1534 = CARTESIAN_POINT ( 'NONE',  ( -0.09055660275757411400, -0.07273391159357295300, -0.04347771667685089400 ) ) ;
#1535 = CARTESIAN_POINT ( 'NONE',  ( -0.05905511811023634500, -2.516237844130044700E-017, -0.02657480314960622400 ) ) ;
#1536 = B_SPLINE_CURVE_WITH_KNOTS ( 'NONE', 3,
 ( #1118, #137, #1475, #1907, #1617, #1302 ),
 .UNSPECIFIED., .F., .F.,
 ( 4, 2, 4 ),
 ( 0.002973311424052826000, 0.003777081415084915500, 0.004580851406117005000 ),
 .UNSPECIFIED. ) ;
#1537 = CARTESIAN_POINT ( 'NONE',  ( -0.05413385826771635600, -0.09376259292941731300, 0.04724409448818896200 ) ) ;
#1538 = ADVANCED_FACE ( 'NONE', ( #493 ), #1420, .F. ) ;
#1539 = APPLICATION_PROTOCOL_DEFINITION ( 'international standard', 'config_control_design', 1994, #1717 ) ;
#1540 = ORIENTED_EDGE ( 'NONE', *, *, #795, .T. ) ;
#1541 = CARTESIAN_POINT ( 'NONE',  ( -0.09052708210887895600, 0.07275095534804430800, 0.04294923502109821600 ) ) ;
#1542 = CARTESIAN_POINT ( 'NONE',  ( -0.02671359857419039800, 0.04626930998349723000, -0.02001312335957984900 ) ) ;
#1543 = EDGE_LOOP ( 'NONE', ( #899, #974, #1882, #62 ) ) ;
#1544 = DIRECTION ( 'NONE',  ( -1.000000000000000000, 0.0000000000000000000, 0.0000000000000000000 ) ) ;
#1545 = EDGE_LOOP ( 'NONE', ( #611, #82, #263, #1309, #2025, #697 ) ) ;
#1546 = EDGE_CURVE ( 'NONE', #1360, #1672, #1965, .T. ) ;
#1547 = ORIENTED_EDGE ( 'NONE', *, *, #297, .F. ) ;
#1548 = CARTESIAN_POINT ( 'NONE',  ( -0.02154884238844283600, -0.05442695509917890700, -0.04540557288481412300 ) ) ;
#1549 = CARTESIAN_POINT ( 'NONE',  ( -0.03695432960446971800, -0.04806684869430748900, 0.04724409448818898300 ) ) ;
#1550 = ORIENTED_EDGE ( 'NONE', *, *, #1687, .F. ) ;
#1551 = CARTESIAN_POINT ( 'NONE',  ( -0.04007039786128558500, 0.02313465499174859100, 0.04068241469816374200 ) ) ;
#1552 = ORIENTED_EDGE ( 'NONE', *, *, #951, .T. ) ;
#1553 = CARTESIAN_POINT ( 'NONE',  ( 0.009227681051169668900, 0.05125696805765800300, -0.03876093658240192100 ) ) ;
#1554 = CARTESIAN_POINT ( 'NONE',  ( 0.05463542377561418600, -0.005462039660610121400, -0.04175891614300542000 ) ) ;
#1555 = CARTESIAN_POINT ( 'NONE',  ( 0.007881604723050746400, 0.05973069217012016300, 0.04724409448818835800 ) ) ;
#1556 = CARTESIAN_POINT ( 'NONE',  ( 2.982827790191875000E-017, 0.1250167905725567400, -0.03757401208417883400 ) ) ;
#1557 = CARTESIAN_POINT ( 'NONE',  ( -0.05342719714838074800, -9.814416896276861300E-018, 0.02263779527559131900 ) ) ;
#1558 = DIRECTION ( 'NONE',  ( -0.0000000000000000000, -0.0000000000000000000, -1.000000000000000000 ) ) ;
#1559 = CARTESIAN_POINT ( 'NONE',  ( 0.01638138516217958100, -0.05486440505809134900, -0.04411426859214528200 ) ) ;
#1560 =( CONVERSION_BASED_UNIT ( 'INCH', #862 ) LENGTH_UNIT ( ) NAMED_UNIT ( #686 ) );
#1561 = CARTESIAN_POINT ( 'NONE',  ( 0.03409548833798282200, -0.05905511811025833400, -0.02247375328082702400 ) ) ;
#1562 = CC_DESIGN_PERSON_AND_ORGANIZATION_ASSIGNMENT ( #1935, #775, ( #615 ) ) ;
#1563 = DIRECTION ( 'NONE',  ( -0.7071067811865486800, 8.659560562354947600E-017, 0.7071067811865462400 ) ) ;
#1564 = CARTESIAN_POINT ( 'NONE',  ( 0.04007039786128555700, 0.02313465499174862900, -0.02493438320209960500 ) ) ;
#1565 = CARTESIAN_POINT ( 'NONE',  ( 0.02671359857419038800, -0.04626930998349723700, -0.02985564304461936100 ) ) ;
#1566 = EDGE_LOOP ( 'NONE', ( #1164, #347, #631 ) ) ;
#1567 = APPLICATION_PROTOCOL_DEFINITION ( 'international standard', 'config_control_design', 1994, #1424 ) ;
#1568 = CARTESIAN_POINT ( 'NONE',  ( 0.06012060212079763800, -8.736698043272405200E-013, 0.04724409448818894800 ) ) ;
#1569 = ORIENTED_EDGE ( 'NONE', *, *, #708, .F. ) ;
#1570 = DIRECTION ( 'NONE',  ( -0.0000000000000000000, -0.0000000000000000000, -1.000000000000000000 ) ) ;
#1571 = CARTESIAN_POINT ( 'NONE',  ( 0.0000000000000000000, -1.067128122525102800E-017, -0.04617861047762753700 ) ) ;
#1572 = CARTESIAN_POINT ( 'NONE',  ( -0.02671359857419039800, 0.04626930998349723000, -0.03969816272965886300 ) ) ;
#1573 = ORIENTED_EDGE ( 'NONE', *, *, #1971, .T. ) ;
#1574 = CARTESIAN_POINT ( 'NONE',  ( 0.04007039786128555700, 0.02313465499174862900, 0.03412073490813740500 ) ) ;
#1575 = AXIS2_PLACEMENT_3D ( 'NONE', #1413, #1558, #1713 ) ;
#1576 = CARTESIAN_POINT ( 'NONE',  ( 0.1082677165354327500, -0.06250839528628260300, 0.03757401208418190800 ) ) ;
#1577 = CARTESIAN_POINT ( 'NONE',  ( -0.05903701393302084700, -0.001462176757981050500, -0.04617861047750321900 ) ) ;
#1578 = CARTESIAN_POINT ( 'NONE',  ( 0.0000000000000000000, 0.06012060212079776300, 0.04724409448818896200 ) ) ;
#1579 = CARTESIAN_POINT ( 'NONE',  ( 0.04007039786128556400, -0.02313465499174861500, 0.04806430446194339500 ) ) ;
#1580 = EDGE_LOOP ( 'NONE', ( #1174, #1552, #462, #1668 ) ) ;
#1581 = CARTESIAN_POINT ( 'NONE',  ( 0.0000000000000000000, 0.04626930998349725000, 0.05462598425196972500 ) ) ;
#1582 = CALENDAR_DATE ( 2021, 14, 9 ) ;
#1583 = CARTESIAN_POINT ( 'NONE',  ( 0.04007039786128555700, 0.02313465499174862900, 0.01443569553805839800 ) ) ;
#1584 = FACE_OUTER_BOUND ( 'NONE', #1436, .T. ) ;
#1585 = CARTESIAN_POINT ( 'NONE',  ( 0.04052873897642955700, -0.04498129108383627100, -0.04724409448819140400 ) ) ;
#1586 = DIRECTION ( 'NONE',  ( 1.000000000000000000, 0.0000000000000000000, 0.0000000000000000000 ) ) ;
#1587 =( BOUNDED_CURVE ( )  B_SPLINE_CURVE ( 2, ( #1867, #273, #585, #1382, #1410, #928, #1049, #80, #1838 ),
 .UNSPECIFIED., .F., .F. ) 
 B_SPLINE_CURVE_WITH_KNOTS ( ( 3, 2, 2, 2, 3 ),
 ( 0.5082085649238299300, 0.5220974538127188800, 0.5498752315904966700, 0.5776530093682743500, 0.5915418982571633000 ),
 .UNSPECIFIED. ) 
 CURVE ( )  GEOMETRIC_REPRESENTATION_ITEM ( )  RATIONAL_B_SPLINE_CURVE ( ( 0.9330127018922194100, 0.9330127018922190800, 1.000000000000000000, 0.8660254037844387100, 1.000000000000000000, 0.8660254037844387100, 1.000000000000000000, 0.9330127018922194100, 0.9330127018922194100 ) ) 
 REPRESENTATION_ITEM ( '' )  );
#1588 = DIRECTION ( 'NONE',  ( -5.462962177226047300E-016, 1.000000000000000000, 0.0000000000000000000 ) ) ;
#1589 = AXIS2_PLACEMENT_3D ( 'NONE', #238, #1193, #1995 ) ;
#1590 = CARTESIAN_POINT ( 'NONE',  ( -0.1082677165354332400, 0.06250839528627849500, 0.03757401208417870300 ) ) ;
#1591 = ORIENTED_EDGE ( 'NONE', *, *, #1941, .T. ) ;
#1592 = CARTESIAN_POINT ( 'NONE',  ( 0.05342719714838074800, 3.271472298758954400E-018, 0.03248031496063082100 ) ) ;
#1593 = ORIENTED_EDGE ( 'NONE', *, *, #89, .F. ) ;
#1594 = ORIENTED_EDGE ( 'NONE', *, *, #576, .T. ) ;
#1595 = CARTESIAN_POINT ( 'NONE',  ( 0.0000000000000000000, 0.0000000000000000000, -0.04724409448818896200 ) ) ;
#1596 = CARTESIAN_POINT ( 'NONE',  ( -0.03409548833797007600, -0.05905511811023636500, 0.03576115485564395500 ) ) ;
#1597 = ORIENTED_EDGE ( 'NONE', *, *, #1345, .T. ) ;
#1598 = CARTESIAN_POINT ( 'NONE',  ( -0.04007039786128555000, -0.02313465499174864600, 0.002132545931759055300 ) ) ;
#1599 = DIRECTION ( 'NONE',  ( 1.000000000000000000, 0.0000000000000000000, 0.0000000000000000000 ) ) ;
#1600 = AXIS2_PLACEMENT_3D ( 'NONE', #1939, #549, #198 ) ;
#1601 = CARTESIAN_POINT ( 'NONE',  ( 5.666356237004658600E-018, -0.04626930998349725000, -0.01427165354330677900 ) ) ;
#1602 = LOCAL_TIME ( 20, 1, 13.00000000000000000, #2015 ) ;
#1603 = CARTESIAN_POINT ( 'NONE',  ( -0.02671359857419042200, 0.04626930998349726400, -0.0003280839895008227600 ) ) ;
#1604 = VECTOR ( 'NONE', #1623, 39.37007874015748100 ) ;
#1605 = CARTESIAN_POINT ( 'NONE',  ( -0.006468688057874530900, -0.06020254472894499800, -0.04724409448818898300 ) ) ;
#1606 = CARTESIAN_POINT ( 'NONE',  ( 0.0000000000000000000, 0.04626930998349725000, 0.01525590551181172500 ) ) ;
#1607 = AXIS2_PLACEMENT_3D ( 'NONE', #463, #118, #281 ) ;
#1608 = CARTESIAN_POINT ( 'NONE',  ( -0.1082677165354331700, -0.06250839528627795400, 0.03757401208417889000 ) ) ;
#1609 = CARTESIAN_POINT ( 'NONE',  ( -0.05905511811023643500, -0.01582377120656244500, -0.008471295300422411100 ) ) ;
#1610 = CARTESIAN_POINT ( 'NONE',  ( -0.05037074674100686800, 3.431233423813698000E-017, 0.03749423910839808100 ) ) ;
#1611 = ORIENTED_EDGE ( 'NONE', *, *, #750, .F. ) ;
#1612 = CARTESIAN_POINT ( 'NONE',  ( 0.0000000000000000000, 0.04626930998349725000, -0.004429133858267280200 ) ) ;
#1613 = ORIENTED_EDGE ( 'NONE', *, *, #525, .F. ) ;
#1614 = CARTESIAN_POINT ( 'NONE',  ( 0.05342719714838074800, 3.271472298758954400E-018, -0.04872047244094503100 ) ) ;
#1615 = CARTESIAN_POINT ( 'NONE',  ( 0.0000000000000000000, -1.067128122525102800E-017, 0.04724409448818896200 ) ) ;
#1616 = ORIENTED_EDGE ( 'NONE', *, *, #1511, .F. ) ;
#1617 = CARTESIAN_POINT ( 'NONE',  ( 0.1082677165354327300, -0.01057991308003364100, -0.04724409448818929500 ) ) ;
#1618 = CARTESIAN_POINT ( 'NONE',  ( -0.04034711341875039200, -0.03308865579143722300, 0.03883566017828565100 ) ) ;
#1619 =( BOUNDED_CURVE ( )  B_SPLINE_CURVE ( 2, ( #235, #1042, #586, #59, #418, #574, #1679, #1684, #1383 ),
 .UNSPECIFIED., .F., .F. ) 
 B_SPLINE_CURVE_WITH_KNOTS ( ( 3, 2, 2, 2, 3 ),
 ( 0.02284095048008978600, 0.02362576054346508100, 0.02519538067017181000, 0.02676500079687854300, 0.02754981086025145100 ),
 .UNSPECIFIED. ) 
 CURVE ( )  GEOMETRIC_REPRESENTATION_ITEM ( )  RATIONAL_B_SPLINE_CURVE ( ( 0.9330127018922193000, 0.9330127018903475700, 1.000000000000000000, 0.8660254037844387100, 1.000000000000000000, 0.8660254037844387100, 1.000000000000000000, 0.9330127018905514100, 0.9330127018922194100 ) ) 
 REPRESENTATION_ITEM ( '' )  );
#1620 = CARTESIAN_POINT ( 'NONE',  ( -0.05342719714838074800, -9.814416896276861300E-018, -0.01919291338582652900 ) ) ;
#1621 = EDGE_CURVE ( 'NONE', #32, #1719, #125, .T. ) ;
#1622 = CARTESIAN_POINT ( 'NONE',  ( -0.04007039786128558500, 0.02313465499174859100, -0.02083333333333311400 ) ) ;
#1623 = DIRECTION ( 'NONE',  ( -0.0000000000000000000, -0.0000000000000000000, -1.000000000000000000 ) ) ;
#1624 = CC_DESIGN_PERSON_AND_ORGANIZATION_ASSIGNMENT ( #199, #755, ( #886 ) ) ;
#1625 = CARTESIAN_POINT ( 'NONE',  ( -0.05114323250697420200, 0.02952755905512912200, -0.01099081364828095400 ) ) ;
#1626 = CARTESIAN_POINT ( 'NONE',  ( -0.05206596872742733800, -0.03006030106039884300, -0.007094816272965679000 ) ) ;
#1627 = FACE_OUTER_BOUND ( 'NONE', #60, .T. ) ;
#1628 = CARTESIAN_POINT ( 'NONE',  ( -0.06942129163656979300, -1.275248438931002000E-017, 0.01218011811023698100 ) ) ;
#1629 =( BOUNDED_CURVE ( )  B_SPLINE_CURVE ( 2, ( #700, #1646, #874, #75, #1978, #1043, #1818 ),
 .UNSPECIFIED., .F., .F. ) 
 B_SPLINE_CURVE_WITH_KNOTS ( ( 3, 2, 2, 3 ),
 ( 0.0005281779600918972700, 0.001649198252742552700, 0.003221704874510858400, 0.004007958185395008200 ),
 .UNSPECIFIED. ) 
 CURVE ( )  GEOMETRIC_REPRESENTATION_ITEM ( )  RATIONAL_B_SPLINE_CURVE ( ( 0.9451564491572663800, 0.9044911868870649800, 1.000000000000000000, 0.8660254037844387100, 1.000000000000000000, 0.9330127018922194100, 0.9330127018922194100 ) ) 
 REPRESENTATION_ITEM ( '' )  );
#1630 = CARTESIAN_POINT ( 'NONE',  ( 0.0000000000000000000, 0.05905511811023634500, 0.02755905511811103400 ) ) ;
#1631 = CARTESIAN_POINT ( 'NONE',  ( -0.0003976276427704956400, 0.06023994105671663000, -0.04724409448818895500 ) ) ;
#1632 = CARTESIAN_POINT ( 'NONE',  ( -0.01141704987516465800, -0.05195698514145184700, 0.04020503140672276200 ) ) ;
#1633 = CARTESIAN_POINT ( 'NONE',  ( 0.03471064581828491700, -0.06012060212079762400, -0.02062828083989468700 ) ) ;
#1634 = CARTESIAN_POINT ( 'NONE',  ( 7.232166136700344600E-018, -0.05905511811026378800, 0.03494094488190654900 ) ) ;
#1635 = AXIS2_PLACEMENT_3D ( 'NONE', #1954, #1962, #1481 ) ;
#1636 = CARTESIAN_POINT ( 'NONE',  ( -0.05342719714838074800, -9.814416896276861300E-018, -0.03887795275590553300 ) ) ;
#1637 = CARTESIAN_POINT ( 'NONE',  ( 5.666356237004664000E-018, -0.04626930998349729200, -0.03149606299212590100 ) ) ;
#1638 = VERTEX_POINT ( 'NONE', #1860 ) ;
#1639 = DIRECTION ( 'NONE',  ( -0.0000000000000000000, -0.0000000000000000000, -1.000000000000000000 ) ) ;
#1640 = ORIENTED_EDGE ( 'NONE', *, *, #680, .T. ) ;
#1641 = ORIENTED_EDGE ( 'NONE', *, *, #739, .F. ) ;
#1642 =( BOUNDED_CURVE ( )  B_SPLINE_CURVE ( 2, ( #272, #1263, #447, #1276, #287, #625, #1726, #787, #1879 ),
 .UNSPECIFIED., .F., .F. ) 
 B_SPLINE_CURVE_WITH_KNOTS ( ( 3, 2, 2, 2, 3 ),
 ( 0.3415418982571633000, 0.3554307871460521400, 0.3832085649238299300, 0.4109863427016077200, 0.4248752315904966700 ),
 .UNSPECIFIED. ) 
 CURVE ( )  GEOMETRIC_REPRESENTATION_ITEM ( )  RATIONAL_B_SPLINE_CURVE ( ( 0.9330127018922194100, 0.9330127018922194100, 1.000000000000000000, 0.8660254037844387100, 1.000000000000000000, 0.8660254037844387100, 1.000000000000000000, 0.9330127018922190800, 0.9330127018922194100 ) ) 
 REPRESENTATION_ITEM ( '' )  );
#1643 = CARTESIAN_POINT ( 'NONE',  ( -0.05206596872742737900, 0.03006030106039877700, -0.02883038057742760800 ) ) ;
#1644 = CARTESIAN_POINT ( 'NONE',  ( -0.03880422754465826000, 0.03030583812688825800, -0.06071190255525114200 ) ) ;
#1645 = CARTESIAN_POINT ( 'NONE',  ( 0.03228844652930103200, 0.05128685528029484200, -0.04724409448818899000 ) ) ;
#1646 = CARTESIAN_POINT ( 'NONE',  ( -0.02327256213667269400, -0.05905511811023635100, -0.04491891426628701100 ) ) ;
#1647 = CARTESIAN_POINT ( 'NONE',  ( 7.362650295004641100E-018, -0.06012060212079763800, -0.04195374015748026800 ) ) ;
#1648 = EDGE_CURVE ( 'NONE', #733, #1202, #1375, .T. ) ;
#1649 = APPROVAL_DATE_TIME ( #2061, #1791 ) ;
#1650 = DIRECTION ( 'NONE',  ( 1.000000000000000000, 0.0000000000000000000, 0.0000000000000000000 ) ) ;
#1651 = CARTESIAN_POINT ( 'NONE',  ( 0.05342719714838078900, 3.271472298758957500E-018, -0.02657480314960616500 ) ) ;
#1652 = PERSON_AND_ORGANIZATION ( #1182, #545 ) ;
#1653 = CARTESIAN_POINT ( 'NONE',  ( 0.05905511810999949900, -0.01582377120697281100, -0.0003869724161348879100 ) ) ;
#1654 = CARTESIAN_POINT ( 'NONE',  ( 0.05905511811023632400, 6.862466847627393300E-018, -0.03887795275590556100 ) ) ;
#1655 = LINE ( 'NONE', #519, #1819 ) ;
#1656 = CARTESIAN_POINT ( 'NONE',  ( 0.03471064581828489000, 0.06012060212079763800, 0.02530347769028964600 ) ) ;
#1657 = CARTESIAN_POINT ( 'NONE',  ( 0.02671359857419037000, 0.04626930998349724300, 0.01361548556430513900 ) ) ;
#1658 = DIRECTION ( 'NONE',  ( 0.0000000000000000000, 0.0000000000000000000, 1.000000000000000000 ) ) ;
#1659 = CARTESIAN_POINT ( 'NONE',  ( -0.05905511811023635800, 0.01582377120656236500, -0.02745390154997081100 ) ) ;
#1660 = EDGE_CURVE ( 'NONE', #1761, #1719, #233, .T. ) ;
#1661 = FACE_OUTER_BOUND ( 'NONE', #807, .T. ) ;
#1662 = CARTESIAN_POINT ( 'NONE',  ( -0.05206596872742733800, -0.03006030106039884300, 0.03227526246719232500 ) ) ;
#1663 = ORIENTED_EDGE ( 'NONE', *, *, #119, .F. ) ;
#1664 = CARTESIAN_POINT ( 'NONE',  ( -0.05905511811023634500, 0.0000000000000000000, 0.04724409448818896200 ) ) ;
#1665 = VERTEX_POINT ( 'NONE', #411 ) ;
#1666 = CARTESIAN_POINT ( 'NONE',  ( -0.06942129163656979300, -1.275248438931002000E-017, 0.05031988188976474500 ) ) ;
#1667 = CARTESIAN_POINT ( 'NONE',  ( -0.1082677165354331700, -0.06250839528627795400, -0.03757401208417889000 ) ) ;
#1668 = ORIENTED_EDGE ( 'NONE', *, *, #1011, .F. ) ;
#1669 = VERTEX_POINT ( 'NONE', #1996 ) ;
#1670 = CARTESIAN_POINT ( 'NONE',  ( 0.03471064581828489000, 0.06012060212079763800, 0.04375820209973842200 ) ) ;
#1671 = CARTESIAN_POINT ( 'NONE',  ( 0.09055660275757382300, 0.07273391159357360500, -0.04347771667685080400 ) ) ;
#1672 = VERTEX_POINT ( 'NONE', #1227 ) ;
#1673 = CARTESIAN_POINT ( 'NONE',  ( 0.03471064581828491700, -0.06012060212079762400, 0.05688156167979108900 ) ) ;
#1674 = PERSON_AND_ORGANIZATION ( #1182, #545 ) ;
#1675 = CARTESIAN_POINT ( 'NONE',  ( -0.05206596872742733800, -0.03006030106039884300, -0.04646489501312367500 ) ) ;
#1676 = DIRECTION ( 'NONE',  ( -1.000000000000000000, 0.0000000000000000000, 0.0000000000000000000 ) ) ;
#1677 = FACE_OUTER_BOUND ( 'NONE', #591, .T. ) ;
#1678 = B_SPLINE_CURVE_WITH_KNOTS ( 'NONE', 3,
 ( #1113, #130, #1738, #798, #1125, #1576 ),
 .UNSPECIFIED., .F., .F.,
 ( 4, 2, 4 ),
 ( 0.001606744326298680100, 0.002406996759593206300, 0.003207249192887732400 ),
 .UNSPECIFIED. ) ;
#1679 = CARTESIAN_POINT ( 'NONE',  ( -0.05114323250695525200, 0.02952755905511817600, 0.008694225721785419500 ) ) ;
#1680 = CARTESIAN_POINT ( 'NONE',  ( 0.03471064581828489000, 0.06012060212079763800, 0.004388123359580406100 ) ) ;
#1681 = CARTESIAN_POINT ( 'NONE',  ( 0.1082677165354333100, 5.914624404477010000E-017, -0.04724409448818896200 ) ) ;
#1682 = PLANE ( 'NONE',  #1428 ) ;
#1683 = CARTESIAN_POINT ( 'NONE',  ( -0.01771111377785891000, 0.1147912742652618100, -0.04347771667685076300 ) ) ;
#1684 = CARTESIAN_POINT ( 'NONE',  ( -0.05905511811044759900, 0.01582377120619666800, 0.009455547268947728600 ) ) ;
#1685 = CARTESIAN_POINT ( 'NONE',  ( -0.07257954901019483800, -0.08311296841385877600, -0.04724409448818935700 ) ) ;
#1686 = ORIENTED_EDGE ( 'NONE', *, *, #1648, .T. ) ;
#1687 = EDGE_CURVE ( 'NONE', #352, #669, #1988, .T. ) ;
#1688 = VERTEX_POINT ( 'NONE', #1063 ) ;
#1689 = CARTESIAN_POINT ( 'NONE',  ( 0.05113943160765125500, -0.02158940781733911100, -0.04236379124866804900 ) ) ;
#1690 = CARTESIAN_POINT ( 'NONE',  ( 0.04444373374181692000, 0.01286870535195523500, 0.03339280235088848400 ) ) ;
#1691 = ORIENTED_EDGE ( 'NONE', *, *, #185, .F. ) ;
#1692 = DIRECTION ( 'NONE',  ( 0.0000000000000000000, 0.0000000000000000000, 1.000000000000000000 ) ) ;
#1693 =( BOUNDED_CURVE ( )  B_SPLINE_CURVE ( 2, ( #925, #1269, #286, #138, #2040, #1561, #1704, #1408, #1718 ),
 .UNSPECIFIED., .F., .F. ) 
 B_SPLINE_CURVE_WITH_KNOTS ( ( 3, 2, 2, 2, 3 ),
 ( 0.008715943489505002800, 0.009500783001369987900, 0.01107046202510057800, 0.01264014104883116900, 0.01342498056069665500 ),
 .UNSPECIFIED. ) 
 CURVE ( )  GEOMETRIC_REPRESENTATION_ITEM ( )  RATIONAL_B_SPLINE_CURVE ( ( 0.9330127018922194100, 0.9330127018922458300, 1.000000000000000000, 0.8660254037844387100, 1.000000000000000000, 0.8660254037844387100, 1.000000000000000000, 0.9330127018922029800, 0.9330127018922193000 ) ) 
 REPRESENTATION_ITEM ( '' )  );
#1694 = CARTESIAN_POINT ( 'NONE',  ( -0.04732882353273925500, 0.01351338514772318500, -0.03588804306910908100 ) ) ;
#1695 = CARTESIAN_POINT ( 'NONE',  ( -0.1082677165354332000, -0.04192367320909636700, 0.04297097840266205600 ) ) ;
#1696 =( LENGTH_UNIT ( ) NAMED_UNIT ( * ) SI_UNIT ( $, .METRE. ) );
#1697 = CARTESIAN_POINT ( 'NONE',  ( -0.06332225008511242800, 0.08845767244022440000, 0.04724409448818912100 ) ) ;
#1698 = CARTESIAN_POINT ( 'NONE',  ( -0.02671359857419036000, -0.04626930998349725700, -0.05282152230971153000 ) ) ;
#1699 = CARTESIAN_POINT ( 'NONE',  ( 2.982827790191875000E-017, 0.1250167905725567400, 0.03757401208417883400 ) ) ;
#1700 = EDGE_CURVE ( 'NONE', #669, #1360, #1194, .T. ) ;
#1701 = B_SPLINE_CURVE_WITH_KNOTS ( 'NONE', 3,
 ( #1476, #995, #1152, #343, #1176, #1923, #521, #1948, #691, #1766, #1794, #854, #1009, #990 ),
 .UNSPECIFIED., .F., .F.,
 ( 4, 2, 2, 2, 2, 2, 4 ),
 ( 0.0000000000000000000, 0.0002946597040024790500, 0.0005893194080049580900, 0.0008839791120074371900, 0.001178638816009916200, 0.001767958224014874000, 0.002357277632019831900 ),
 .UNSPECIFIED. ) ;
#1702 = CARTESIAN_POINT ( 'NONE',  ( -0.05905511811023635800, -7.880502367028174000E-013, 0.01033464566933573100 ) ) ;
#1703 = VECTOR ( 'NONE', #1237, 39.37007874015748100 ) ;
#1704 = CARTESIAN_POINT ( 'NONE',  ( 0.05114323250697422300, -0.02952755905512917000, -0.02083333333332043600 ) ) ;
#1705 = CARTESIAN_POINT ( 'NONE',  ( 0.02671359857419036700, 0.04626930998349724300, 0.01607611548556498600 ) ) ;
#1706 = CARTESIAN_POINT ( 'NONE',  ( -0.03154526294578485800, 0.03885826845621669100, -0.03706199512845860500 ) ) ;
#1707 = CARTESIAN_POINT ( 'NONE',  ( -0.05114323250697889300, -0.02952755905513192200, 0.03166010498689337400 ) ) ;
#1708 = CARTESIAN_POINT ( 'NONE',  ( 0.02199847620868277500, 0.04070523419469510700, 0.03339280235088849100 ) ) ;
#1709 = CARTESIAN_POINT ( 'NONE',  ( 0.0000000000000000000, 0.0000000000000000000, -0.04724409448818896200 ) ) ;
#1710 = VECTOR ( 'NONE', #1858, 39.37007874015748900 ) ;
#1711 = CARTESIAN_POINT ( 'NONE',  ( -0.04007039786128558500, 0.02313465499174859100, 0.001312335958005736600 ) ) ;
#1712 = ORIENTED_EDGE ( 'NONE', *, *, #464, .F. ) ;
#1713 = DIRECTION ( 'NONE',  ( -1.000000000000000000, 0.0000000000000000000, 0.0000000000000000000 ) ) ;
#1714 = ORIENTED_EDGE ( 'NONE', *, *, #1292, .F. ) ;
#1715 = AXIS2_PLACEMENT_3D ( 'NONE', #2054, #1282, #305 ) ;
#1716 = CARTESIAN_POINT ( 'NONE',  ( -0.01618208191026668900, -0.05605301542207685700, -0.04520894132387275100 ) ) ;
#1717 = APPLICATION_CONTEXT ( 'configuration controlled 3d designs of mechanical parts and assemblies' ) ;
#1718 = CARTESIAN_POINT ( 'NONE',  ( 0.05905511811023635800, 8.483152768142064600E-015, -0.01919291338582608900 ) ) ;
#1719 = VERTEX_POINT ( 'NONE', #106 ) ;
#1720 = CARTESIAN_POINT ( 'NONE',  ( -0.02671359857419036000, -0.04626930998349725700, -0.03313648293963251300 ) ) ;
#1721 = CARTESIAN_POINT ( 'NONE',  ( -0.1082677165354332000, 0.05239679882954224900, 0.04049297855229545100 ) ) ;
#1722 = CARTESIAN_POINT ( 'NONE',  ( 5.666356237004658600E-018, -0.04626930998349725000, -0.03149606299212592800 ) ) ;
#1723 = CARTESIAN_POINT ( 'NONE',  ( -0.05905511811023634500, -1.330517947307491400E-014, -0.02903543307086531600 ) ) ;
#1724 = CARTESIAN_POINT ( 'NONE',  ( -0.06012060212079764500, -1.190180500273511500E-014, 0.04724409448818894800 ) ) ;
#1725 = APPROVAL_DATE_TIME ( #1242, #1215 ) ;
#1726 = CARTESIAN_POINT ( 'NONE',  ( 0.05114323250695514800, -0.02952755905511815800, -0.01837270341207330700 ) ) ;
#1727 = DIRECTION ( 'NONE',  ( -1.000000000000000000, 0.0000000000000000000, 0.0000000000000000000 ) ) ;
#1728 = CARTESIAN_POINT ( 'NONE',  ( 5.666356237004658600E-018, -0.04626930998349725000, -0.01181102362204693300 ) ) ;
#1729 = CONICAL_SURFACE ( 'NONE', #1470, 0.1082677165354333100, 1.047197551196600100 ) ;
#1730 = CARTESIAN_POINT ( 'NONE',  ( 0.04007039786128556400, -0.02313465499174861500, -0.008530183727033770200 ) ) ;
#1731 = DIRECTION ( 'NONE',  ( 1.000000000000000000, 0.0000000000000000000, -0.0000000000000000000 ) ) ;
#1732 = CARTESIAN_POINT ( 'NONE',  ( -0.05218102401078744700, -0.03011746645407336800, 0.04724409448818942000 ) ) ;
#1733 = CARTESIAN_POINT ( 'NONE',  ( 0.06012060212079763800, -8.736698043272405200E-013, 0.04724409448818894800 ) ) ;
#1734 = CARTESIAN_POINT ( 'NONE',  ( 5.666356237004658600E-018, -0.04626930998349725000, 0.04478346456693022700 ) ) ;
#1735 = CARTESIAN_POINT ( 'NONE',  ( 0.04007039786128556400, -0.02313465499174861500, 0.02837926509186439200 ) ) ;
#1736 = CARTESIAN_POINT ( 'NONE',  ( -0.05342719714838074800, -9.814416896276861300E-018, -0.01673228346456668400 ) ) ;
#1737 = ORIENTED_EDGE ( 'NONE', *, *, #1621, .T. ) ;
#1738 = CARTESIAN_POINT ( 'NONE',  ( 0.07249863532867217900, -0.08315968394966705100, 0.04631812580440745900 ) ) ;
#1739 = CARTESIAN_POINT ( 'NONE',  ( 0.05905511811023632400, 6.862466847627394100E-018, -0.03887795275590556100 ) ) ;
#1740 = ORIENTED_EDGE ( 'NONE', *, *, #795, .F. ) ;
#1741 = EDGE_CURVE ( 'NONE', #582, #352, #396, .T. ) ;
#1742 = EDGE_LOOP ( 'NONE', ( #1233, #534, #1951, #139, #972 ) ) ;
#1743 = CARTESIAN_POINT ( 'NONE',  ( -0.05342719714838074800, -9.814416896276861300E-018, 0.002952755905512314100 ) ) ;
#1744 = AXIS2_PLACEMENT_3D ( 'NONE', #1804, #867, #385 ) ;
#1745 = CARTESIAN_POINT ( 'NONE',  ( 0.04922036004832229500, -0.02681056263799863600, 0.04273239855948290200 ) ) ;
#1746 = CARTESIAN_POINT ( 'NONE',  ( -0.04007039786128558500, 0.02313465499174859100, 0.02099737532808473500 ) ) ;
#1747 = CONICAL_SURFACE ( 'NONE', #409, 0.1082677165354333100, 1.047197551196600100 ) ;
#1748 = CARTESIAN_POINT ( 'NONE',  ( -0.003482400687925017800, -0.04654094594284326200, -0.03339280235088850500 ) ) ;
#1749 = VECTOR ( 'NONE', #1062, 39.37007874015748100 ) ;
#1750 = CARTESIAN_POINT ( 'NONE',  ( 0.04007039786128556400, -0.02313465499174861500, -0.05036089238845161500 ) ) ;
#1751 = EDGE_CURVE ( 'NONE', #320, #1358, #1587, .T. ) ;
#1752 = CARTESIAN_POINT ( 'NONE',  ( 0.05342719714838078900, 3.271472298758957500E-018, 0.01279527559055184700 ) ) ;
#1753 = CARTESIAN_POINT ( 'NONE',  ( 0.02211789412552347300, -0.05636259501729697100, -0.04724409448818895500 ) ) ;
#1754 = CARTESIAN_POINT ( 'NONE',  ( -0.05342719714838074800, -9.814416896276861300E-018, 0.0004921259842524691800 ) ) ;
#1755 = LINE ( 'NONE', #954, #1803 ) ;
#1756 = CARTESIAN_POINT ( 'NONE',  ( -0.05342719714838074800, -9.814416896276861300E-018, 0.02017716535433147400 ) ) ;
#1757 = ORIENTED_EDGE ( 'NONE', *, *, #1869, .T. ) ;
#1758 = CARTESIAN_POINT ( 'NONE',  ( 0.1082677165354333100, 5.914624404477010000E-017, -0.04724409448818896200 ) ) ;
#1759 = CARTESIAN_POINT ( 'NONE',  ( 0.0008757903953512765500, -0.06054151071555855700, -0.04724409448818899700 ) ) ;
#1760 = EDGE_LOOP ( 'NONE', ( #780, #587, #877 ) ) ;
#1761 = VERTEX_POINT ( 'NONE', #1556 ) ;
#1762 = CARTESIAN_POINT ( 'NONE',  ( 0.02671359857419036700, 0.04626930998349724300, -0.006069553805773866100 ) ) ;
#1763 = EDGE_CURVE ( 'NONE', #1360, #164, #1362, .T. ) ;
#1764 =( BOUNDED_CURVE ( )  B_SPLINE_CURVE ( 2, ( #1654, #1957, #570, #1198, #372, #550, #1508, #707, #1024 ),
 .UNSPECIFIED., .F., .F. ) 
 B_SPLINE_CURVE_WITH_KNOTS ( ( 3, 2, 2, 2, 3 ),
 ( 0.004007958185395008200, 0.004792622402746616300, 0.006361950837449839400, 0.007931279272153063400, 0.008715943489505002800 ),
 .UNSPECIFIED. ) 
 CURVE ( )  GEOMETRIC_REPRESENTATION_ITEM ( )  RATIONAL_B_SPLINE_CURVE ( ( 0.9330127018922194100, 0.9330127018922194100, 1.000000000000000000, 0.8660254037844387100, 1.000000000000000000, 0.8660254037844387100, 1.000000000000000000, 0.9330127018921912100, 0.9330127018922193000 ) ) 
 REPRESENTATION_ITEM ( '' )  );
#1765 = CARTESIAN_POINT ( 'NONE',  ( -0.04543348222234416100, 0.02014205827044071900, 0.03664878345407083400 ) ) ;
#1766 = CARTESIAN_POINT ( 'NONE',  ( -0.04176885804853498100, -0.03531189325039385500, -0.04128421492228474800 ) ) ;
#1767 =( BOUNDED_CURVE ( )  B_SPLINE_CURVE ( 2, ( #1930, #992, #23, #526, #1630, #683, #1783, #843, #1195 ),
 .UNSPECIFIED., .F., .F. ) 
 B_SPLINE_CURVE_WITH_KNOTS ( ( 3, 2, 2, 2, 3 ),
 ( 0.7582085649238299300, 0.7720974538127188800, 0.7998752315904966700, 0.8276530093682743500, 0.8415418982571633000 ),
 .UNSPECIFIED. ) 
 CURVE ( )  GEOMETRIC_REPRESENTATION_ITEM ( )  RATIONAL_B_SPLINE_CURVE ( ( 0.9330127018922194100, 0.9330127018922190800, 1.000000000000000000, 0.8660254037844387100, 1.000000000000000000, 0.8660254037844387100, 1.000000000000000000, 0.9330127018922194100, 0.9330127018922194100 ) ) 
 REPRESENTATION_ITEM ( '' )  );
#1768 = CARTESIAN_POINT ( 'NONE',  ( 5.666356237004658600E-018, -0.04626930998349725000, 0.005413385826772218100 ) ) ;
#1769 = CARTESIAN_POINT ( 'NONE',  ( 0.03352139413025061900, 0.03447786219285928200, 0.03246442315665527800 ) ) ;
#1770 = CARTESIAN_POINT ( 'NONE',  ( 0.05661065418407237900, -3.075643266659137600E-014, 0.04373414655146358500 ) ) ;
#1771 = FACE_OUTER_BOUND ( 'NONE', #1075, .T. ) ;
#1772 = CARTESIAN_POINT ( 'NONE',  ( -0.01008569528936807500, 0.04729344199226395000, 0.03476540207054239900 ) ) ;
#1773 = CARTESIAN_POINT ( 'NONE',  ( 0.05413385826771650200, 0.09376259292941768700, 0.04724409448818896200 ) ) ;
#1774 = CARTESIAN_POINT ( 'NONE',  ( -0.02671359857419036000, -0.04626930998349725700, 0.003772965879265640900 ) ) ;
#1775 = CARTESIAN_POINT ( 'NONE',  ( 0.04992585403805169200, -0.006064504161821237000, 0.03205029628940637300 ) ) ;
#1776 = CARTESIAN_POINT ( 'NONE',  ( -0.05905511811025813300, 0.01582377120656861000, -0.01022949210113897500 ) ) ;
#1777 = CARTESIAN_POINT ( 'NONE',  ( -0.04817061752252233700, -0.01733998749215420000, 0.03820068972937693000 ) ) ;
#1778 = ADVANCED_FACE ( 'NONE', ( #1161 ), #1747, .T. ) ;
#1779 = CARTESIAN_POINT ( 'NONE',  ( 0.05206596872742735900, -0.03006030106039880500, 0.03883694225721866200 ) ) ;
#1780 = VERTEX_POINT ( 'NONE', #1875 ) ;
#1781 = CARTESIAN_POINT ( 'NONE',  ( 0.0000000000000000000, 0.06012060212079763800, -0.03211122047244077000 ) ) ;
#1782 = ORIENTED_EDGE ( 'NONE', *, *, #643, .F. ) ;
#1783 = CARTESIAN_POINT ( 'NONE',  ( -0.05114323250695517600, 0.02952755905511812700, 0.03083989501312420600 ) ) ;
#1784 = ORIENTED_EDGE ( 'NONE', *, *, #1869, .F. ) ;
#1785 = CARTESIAN_POINT ( 'NONE',  ( 0.0000000000000000000, 0.05905511811023634500, 0.007874015748032033700 ) ) ;
#1786 = CARTESIAN_POINT ( 'NONE',  ( 0.0000000000000000000, 0.0000000000000000000, 0.04724409448818896200 ) ) ;
#1787 = CARTESIAN_POINT ( 'NONE',  ( -0.03471064581828488300, -0.06012060212079765900, -0.02390912073490785900 ) ) ;
#1788 = EDGE_CURVE ( 'NONE', #1853, #1073, #711, .T. ) ;
#1789 = CARTESIAN_POINT ( 'NONE',  ( 0.02671359857419036700, 0.04626930998349724300, -0.04543963254593185600 ) ) ;
#1790 = DIRECTION ( 'NONE',  ( 0.0000000000000000000, 0.0000000000000000000, 1.000000000000000000 ) ) ;
#1791 = APPROVAL ( #426, 'UNSPECIFIED' ) ;
#1792 =( BOUNDED_SURFACE ( )  B_SPLINE_SURFACE ( 1, 2, ( 
 ( #799, #1895, #957, #1447, #1579, #1101, #1734, #116, #948, #985, #1903, #176, #670, #820, #317, #166, #2062, #1450, #1129, #973, #510, #962, #1145, #504, #1606, #1467, #1312, #2067, #2057, #1456, #1768, #1774, #1598, #1754, #1317, #1139, #1612, #1762, #1915, #980, #654, #646, #1601, #346, #1469, #1620, #335, #1909, #664, #516, #6, #1133, #169, #1120, #828, #1920, #835, #14, #330, #152, #1462, #968, #1291, #492, #1750, #810, #1305, #156, #1300, #323, #497 ),
 ( #815, #658, #1162, #1942, #52, #535, #709, #194, #1332, #1352, #1187, #692, #216, #1656, #1958, #380, #1505, #373, #552, #847, #1339, #1628, #1807, #524, #202, #703, #1926, #1498, #184, #1800, #353, #359, #991, #1017, #1484, #863, #21, #688, #365, #1493, #1153, #1633, #37, #1787, #546, #541, #1643, #1479, #1781, #1006, #1950, #1171, #1326, #1795, #1647, #1010, #208, #46, #857, #681, #840, #1934, #1000, #29, #1180, #1344, #590, #735, #223, #72, #1973 ) ),
 .UNSPECIFIED., .F., .F., .F. ) 
 B_SPLINE_SURFACE_WITH_KNOTS ( ( 2, 2 ),
 ( 3, 2, 2, 2, 2, 2, 2, 2, 2, 2, 2, 2, 2, 2, 2, 2, 2, 2, 2, 2, 2, 2, 2, 2, 2, 2, 2, 2, 2, 2, 2, 2, 2, 2, 2, 3 ),
 ( 0.0000000000000000000, 1.000000000000000000 ),
 ( 0.0000000000000000000, 0.02777777777777777600, 0.05555555555555555200, 0.08333333333333332900, 0.1111111111111111000, 0.1388888888888889000, 0.1666666666666666600, 0.1944444444444444500, 0.2222222222222222100, 0.2500000000000000000, 0.2777777777777777900, 0.3055555555555555800, 0.3333333333333333100, 0.3611111111111111000, 0.3888888888888889000, 0.4166666666666666900, 0.4444444444444444200, 0.4722222222222222100, 0.5000000000000000000, 0.5277777777777777900, 0.5555555555555555800, 0.5833333333333333700, 0.6111111111111111600, 0.6388888888888888400, 0.6666666666666666300, 0.6944444444444444200, 0.7222222222222222100, 0.7500000000000000000, 0.7777777777777777900, 0.8055555555555555800, 0.8333333333333333700, 0.8611111111111111600, 0.8888888888888888400, 0.9166666666666666300, 0.9444444444444444200, 0.9665418982571633000 ),
 .UNSPECIFIED. ) 
 GEOMETRIC_REPRESENTATION_ITEM ( )  RATIONAL_B_SPLINE_SURFACE ( (
 ( 1.000000000000000000, 0.8660254037844387100, 1.000000000000000000, 0.8660254037844387100, 1.000000000000000000, 0.8660254037844387100, 1.000000000000000000, 0.8660254037844387100, 1.000000000000000000, 0.8660254037844387100, 1.000000000000000000, 0.8660254037844387100, 1.000000000000000000, 0.8660254037844387100, 1.000000000000000000, 0.8660254037844387100, 1.000000000000000000, 0.8660254037844387100, 1.000000000000000000, 0.8660254037844387100, 1.000000000000000000, 0.8660254037844387100, 1.000000000000000000, 0.8660254037844387100, 1.000000000000000000, 0.8660254037844387100, 1.000000000000000000, 0.8660254037844387100, 1.000000000000000000, 0.8660254037844387100, 1.000000000000000000, 0.8660254037844387100, 1.000000000000000000, 0.8660254037844387100, 1.000000000000000000, 0.8660254037844387100, 1.000000000000000000, 0.8660254037844387100, 1.000000000000000000, 0.8660254037844387100, 1.000000000000000000, 0.8660254037844387100, 1.000000000000000000, 0.8660254037844387100, 1.000000000000000000, 0.8660254037844387100, 1.000000000000000000, 0.8660254037844387100, 1.000000000000000000, 0.8660254037844387100, 1.000000000000000000, 0.8660254037844387100, 1.000000000000000000, 0.8660254037844387100, 1.000000000000000000, 0.8660254037844387100, 1.000000000000000000, 0.8660254037844387100, 1.000000000000000000, 0.8660254037844387100, 1.000000000000000000, 0.8660254037844387100, 1.000000000000000000, 0.8660254037844387100, 1.000000000000000000, 0.8660254037844387100, 1.000000000000000000, 0.8660254037844387100, 1.000000000000000000, 0.8934220917297630600, 0.9564114126524840800),
 ( 1.000000000000000000, 0.8660254037844387100, 1.000000000000000000, 0.8660254037844387100, 1.000000000000000000, 0.8660254037844387100, 1.000000000000000000, 0.8660254037844387100, 1.000000000000000000, 0.8660254037844387100, 1.000000000000000000, 0.8660254037844387100, 1.000000000000000000, 0.8660254037844387100, 1.000000000000000000, 0.8660254037844387100, 1.000000000000000000, 0.8660254037844387100, 1.000000000000000000, 0.8660254037844387100, 1.000000000000000000, 0.8660254037844387100, 1.000000000000000000, 0.8660254037844387100, 1.000000000000000000, 0.8660254037844387100, 1.000000000000000000, 0.8660254037844387100, 1.000000000000000000, 0.8660254037844387100, 1.000000000000000000, 0.8660254037844387100, 1.000000000000000000, 0.8660254037844387100, 1.000000000000000000, 0.8660254037844387100, 1.000000000000000000, 0.8660254037844387100, 1.000000000000000000, 0.8660254037844387100, 1.000000000000000000, 0.8660254037844387100, 1.000000000000000000, 0.8660254037844387100, 1.000000000000000000, 0.8660254037844387100, 1.000000000000000000, 0.8660254037844387100, 1.000000000000000000, 0.8660254037844387100, 1.000000000000000000, 0.8660254037844387100, 1.000000000000000000, 0.8660254037844387100, 1.000000000000000000, 0.8660254037844387100, 1.000000000000000000, 0.8660254037844387100, 1.000000000000000000, 0.8660254037844387100, 1.000000000000000000, 0.8660254037844387100, 1.000000000000000000, 0.8660254037844387100, 1.000000000000000000, 0.8660254037844387100, 1.000000000000000000, 0.8660254037844387100, 1.000000000000000000, 0.8934220917297630600, 0.9564114126524840800) ) ) 
 REPRESENTATION_ITEM ( '' )  SURFACE ( )  );
#1793 = CALENDAR_DATE ( 2021, 14, 9 ) ;
#1794 = CARTESIAN_POINT ( 'NONE',  ( -0.04712393877878007900, -0.02955838531704268300, -0.04222347763523286900 ) ) ;
#1795 = CARTESIAN_POINT ( 'NONE',  ( 0.03471064581828491700, -0.06012060212079762400, -0.04031332020997370500 ) ) ;
#1796 = CARTESIAN_POINT ( 'NONE',  ( 0.04007039786128555700, 0.02313465499174862900, -0.02739501312335945000 ) ) ;
#1797 = CARTESIAN_POINT ( 'NONE',  ( -0.04941192480530071800, 0.03507042365289177200, -0.04724409448818899700 ) ) ;
#1798 = CARTESIAN_POINT ( 'NONE',  ( -0.06332225008511242800, 0.08845767244022440000, -0.04724409448818912100 ) ) ;
#1799 = EDGE_CURVE ( 'NONE', #1358, #1960, #621, .T. ) ;
#1800 = CARTESIAN_POINT ( 'NONE',  ( 0.03471064581828491700, -0.06012060212079762400, -0.0009432414698156910600 ) ) ;
#1801 = CARTESIAN_POINT ( 'NONE',  ( 0.04007039786128555700, 0.02313465499174862900, -0.007709973753280443400 ) ) ;
#1802 = CARTESIAN_POINT ( 'NONE',  ( 0.01101624731673274400, 0.05959208271230975700, -0.04724409448818896200 ) ) ;
#1803 = VECTOR ( 'NONE', #163, 39.37007874015748900 ) ;
#1804 = CARTESIAN_POINT ( 'NONE',  ( 0.0000000000000000000, 0.0000000000000000000, 0.04724409448818896200 ) ) ;
#1805 = VERTEX_POINT ( 'NONE', #1277 ) ;
#1806 = EDGE_LOOP ( 'NONE', ( #239, #1887, #211, #1501, #1737, #2053 ) ) ;
#1807 = CARTESIAN_POINT ( 'NONE',  ( -0.05206596872742737900, 0.03006030106039877700, 0.01053969816273039400 ) ) ;
#1808 = ORIENTED_EDGE ( 'NONE', *, *, #841, .F. ) ;
#1809 = CARTESIAN_POINT ( 'NONE',  ( -0.05342719714838074800, -9.814416896276861300E-018, -0.01919291338582652900 ) ) ;
#1810 = CARTESIAN_POINT ( 'NONE',  ( 0.04007039786128559900, -0.02313465499174863600, -0.02821522309711274900 ) ) ;
#1811 = CARTESIAN_POINT ( 'NONE',  ( -0.03409548833797011000, -0.05905511811023642100, 0.01361548556430514600 ) ) ;
#1812 = CARTESIAN_POINT ( 'NONE',  ( 0.0000000000000000000, 0.0000000000000000000, 0.04724409448818896200 ) ) ;
#1813 = CARTESIAN_POINT ( 'NONE',  ( 0.0000000000000000000, 0.06012060212079763800, 0.04539862204724500600 ) ) ;
#1814 = CARTESIAN_POINT ( 'NONE',  ( 0.1082677165354327400, 0.02130521396744911700, -0.04630778788124267200 ) ) ;
#1815 = B_SPLINE_CURVE_WITH_KNOTS ( 'NONE', 3,
 ( #212, #1350, #376, #206, #33, #1008 ),
 .UNSPECIFIED., .F., .F.,
 ( 4, 2, 4 ),
 ( 0.008546303792089640300, 0.009350274710054253700, 0.01015424562801886500 ),
 .UNSPECIFIED. ) ;
#1816 = CARTESIAN_POINT ( 'NONE',  ( -0.03325565513260853700, 0.05008540906360119100, 0.04724409448818896200 ) ) ;
#1817 = CARTESIAN_POINT ( 'NONE',  ( 0.05206596872742735900, -0.03006030106039880500, 0.05852198162729766600 ) ) ;
#1818 = CARTESIAN_POINT ( 'NONE',  ( 0.05905511811023632400, 6.862466847627393300E-018, -0.03887795275590556100 ) ) ;
#1819 = VECTOR ( 'NONE', #1916, 39.37007874015748100 ) ;
#1820 = CARTESIAN_POINT ( 'NONE',  ( 0.03471064581828491700, -0.06012060212079762400, 0.03719652230971208500 ) ) ;
#1821 = DIRECTION ( 'NONE',  ( -1.000000000000000000, -5.462962177226026600E-016, 0.0000000000000000000 ) ) ;
#1822 = CARTESIAN_POINT ( 'NONE',  ( 0.05905511811023634500, 1.349618480033387600E-016, -0.03641732283464571600 ) ) ;
#1823 = CARTESIAN_POINT ( 'NONE',  ( 0.0000000000000000000, 0.0000000000000000000, 0.04724409448818896200 ) ) ;
#1824 = CARTESIAN_POINT ( 'NONE',  ( 0.05206596872742735200, 0.03006030106039882600, 0.06180282152231083400 ) ) ;
#1825 = CARTESIAN_POINT ( 'NONE',  ( 5.015158507807128100E-017, -0.1250167905725563800, -0.03757401208417903600 ) ) ;
#1826 = EDGE_CURVE ( 'NONE', #1001, #57, #687, .T. ) ;
#1827 = CARTESIAN_POINT ( 'NONE',  ( 0.0000000000000000000, 0.04626930998349725000, 0.05708661417322957000 ) ) ;
#1828 = CARTESIAN_POINT ( 'NONE',  ( 0.04397190402426064100, 0.01671482554095903400, 0.03400929551087124300 ) ) ;
#1829 =( BOUNDED_CURVE ( )  B_SPLINE_CURVE ( 2, ( #1917, #1328, #1912, #662, #978, #971, #981 ),
 .UNSPECIFIED., .F., .F. ) 
 B_SPLINE_CURVE_WITH_KNOTS ( ( 3, 2, 2, 3 ),
 ( 0.04167463637173347100, 0.04245870112366021500, 0.04402683062751371800, 0.04470136259799451600 ),
 .UNSPECIFIED. ) 
 CURVE ( )  GEOMETRIC_REPRESENTATION_ITEM ( )  RATIONAL_B_SPLINE_CURVE ( ( 0.9330127018922191900, 0.9330127018922194100, 1.000000000000000000, 0.8660254037844387100, 1.000000000000000000, 0.9423707365000286700, 0.9343200066230363800 ) ) 
 REPRESENTATION_ITEM ( '' )  );
#1830 = ORIENTED_EDGE ( 'NONE', *, *, #1292, .T. ) ;
#1831 = CARTESIAN_POINT ( 'NONE',  ( 0.02010827530027703100, 0.05552624820264948100, 0.04617861047762753700 ) ) ;
#1832 = B_SPLINE_CURVE_WITH_KNOTS ( 'NONE', 3,
 ( #1296, #321, #802, #1897, #1430, #1892 ),
 .UNSPECIFIED., .F., .F.,
 ( 4, 2, 4 ),
 ( 0.001606744326298695300, 0.002406996759593254400, 0.003207249192887813100 ),
 .UNSPECIFIED. ) ;
#1833 = CARTESIAN_POINT ( 'NONE',  ( -0.02671359857419039500, 0.04626930998349723000, 0.01689632545931830600 ) ) ;
#1834 = CARTESIAN_POINT ( 'NONE',  ( -0.04778217918613428300, 0.03682029556110046100, 0.04724409448818894100 ) ) ;
#1835 = ORIENTED_EDGE ( 'NONE', *, *, #464, .T. ) ;
#1836 = ORIENTED_EDGE ( 'NONE', *, *, #909, .F. ) ;
#1837 = CARTESIAN_POINT ( 'NONE',  ( 0.03471064581828489000, 0.06012060212079763800, 0.02407316272965941100 ) ) ;
#1838 = CARTESIAN_POINT ( 'NONE',  ( 0.05905511811023634500, 6.862466847627394900E-018, 0.002952755905512282000 ) ) ;
#1839 = CARTESIAN_POINT ( 'NONE',  ( 0.1082677165354327000, 0.06250839528627870300, -0.03757401208417891800 ) ) ;
#1840 = CARTESIAN_POINT ( 'NONE',  ( 0.0000000000000000000, 0.05905511811023638600, 0.02509842519685122700 ) ) ;
#1841 = EDGE_CURVE ( 'NONE', #1638, #582, #247, .T. ) ;
#1842 = CARTESIAN_POINT ( 'NONE',  ( 0.05442668657899959300, 8.006211322231958800E-018, -0.04155017894639081300 ) ) ;
#1843 = CIRCLE ( 'NONE', #743, 0.06012060212079777700 ) ;
#1844 = DIRECTION ( 'NONE',  ( 1.000000000000000000, 0.0000000000000000000, 0.0000000000000000000 ) ) ;
#1845 = CARTESIAN_POINT ( 'NONE',  ( -0.05905511811023634500, -2.516237844130044700E-017, 0.01279527559055178300 ) ) ;
#1846 = CARTESIAN_POINT ( 'NONE',  ( -0.04847625128477658200, 0.006706219906040956000, -0.03559974365216468700 ) ) ;
#1847 = CARTESIAN_POINT ( 'NONE',  ( 0.03940922864399254400, -0.04014605096576495700, -0.04310865163857002100 ) ) ;
#1848 = PERSON_AND_ORGANIZATION_ROLE ( 'classification_officer' ) ;
#1849 = DIRECTION ( 'NONE',  ( -0.4999999999999999400, 0.8660254037844387100, 0.0000000000000000000 ) ) ;
#1850 = CARTESIAN_POINT ( 'NONE',  ( 0.09055660275757382300, 0.07273391159357360500, 0.04347771667685080400 ) ) ;
#1851 = CARTESIAN_POINT ( 'NONE',  ( -0.04400534243342734500, 0.01429611428555879600, -0.05711606355684033900 ) ) ;
#1852 = CARTESIAN_POINT ( 'NONE',  ( 0.05905511811023634500, -2.470488065145862200E-016, 0.02017716535433143600 ) ) ;
#1853 = VERTEX_POINT ( 'NONE', #1286 ) ;
#1854 = EDGE_CURVE ( 'NONE', #15, #1210, #1226, .T. ) ;
#1855 = UNCERTAINTY_MEASURE_WITH_UNIT (LENGTH_MEASURE( 1.000000000000000100E-005 ), #1560, 'distance_accuracy_value', 'NONE');
#1856 = ORIENTED_EDGE ( 'NONE', *, *, #1520, .F. ) ;
#1857 = CARTESIAN_POINT ( 'NONE',  ( -0.04028832123941466400, -0.04317821379728081800, -0.04617861047762750900 ) ) ;
#1858 = DIRECTION ( 'NONE',  ( -0.7071067811865486800, 0.0000000000000000000, -0.7071067811865462400 ) ) ;
#1859 = VERTEX_POINT ( 'NONE', #642 ) ;
#1860 = CARTESIAN_POINT ( 'NONE',  ( 0.1082677165354327300, 5.975917486140575200E-017, 0.04724409448818896200 ) ) ;
#1861 = CARTESIAN_POINT ( 'NONE',  ( 0.04007039786128555700, 0.02313465499174862900, -0.04461942257217860200 ) ) ;
#1862 = ORIENTED_EDGE ( 'NONE', *, *, #610, .T. ) ;
#1863 = CARTESIAN_POINT ( 'NONE',  ( 0.09943424894520944100, -0.06760840017737147800, -0.04051850128094668100 ) ) ;
#1864 = CARTESIAN_POINT ( 'NONE',  ( 0.1082677165354327300, 5.975917486140575200E-017, 0.04724409448818896200 ) ) ;
#1865 = DIRECTION ( 'NONE',  ( 1.000000000000000000, 0.0000000000000000000, 0.0000000000000000000 ) ) ;
#1866 = CARTESIAN_POINT ( 'NONE',  ( -0.06012060212079777700, -3.308630930246371700E-018, 0.04724409448818896200 ) ) ;
#1867 = CARTESIAN_POINT ( 'NONE',  ( -0.05905511811023634500, -2.516237844130044700E-017, -0.006889763779527220700 ) ) ;
#1868 = CARTESIAN_POINT ( 'NONE',  ( -0.02671359857419036000, -0.04626930998349725700, -0.01345144356955352100 ) ) ;
#1869 = EDGE_CURVE ( 'NONE', #189, #245, #1297, .T. ) ;
#1870 = LINE ( 'NONE', #892, #252 ) ;
#1871 = LINE ( 'NONE', #1990, #1466 ) ;
#1872 = CARTESIAN_POINT ( 'NONE',  ( -0.06012060212079777700, -1.067128122525102800E-017, -0.04724409448818896200 ) ) ;
#1873 = APPROVAL ( #97, 'UNSPECIFIED' ) ;
#1874 = CARTESIAN_POINT ( 'NONE',  ( 0.01557648147452991300, 0.05820007306701337900, 0.04724409448818835100 ) ) ;
#1875 = CARTESIAN_POINT ( 'NONE',  ( -0.05905511811023634500, -2.516237844130044700E-017, 0.03248031496063077900 ) ) ;
#1876 = CARTESIAN_POINT ( 'NONE',  ( 0.04007039786128556400, -0.02313465499174861500, 0.03083989501312423700 ) ) ;
#1877 = CARTESIAN_POINT ( 'NONE',  ( 0.05342719714838074800, 3.271472298758954400E-018, 0.01279527559055182100 ) ) ;
#1878 = PLANE ( 'NONE',  #203 ) ;
#1879 = CARTESIAN_POINT ( 'NONE',  ( 0.05905511811023634500, 1.349618480033387600E-016, -0.01673228346456671200 ) ) ;
#1880 = CARTESIAN_POINT ( 'NONE',  ( 0.1082677165354327500, -0.06250839528628260300, -0.03757401208418190800 ) ) ;
#1881 = CARTESIAN_POINT ( 'NONE',  ( 0.02671359857419038800, -0.04626930998349723700, -0.04954068241469836200 ) ) ;
#1882 = ORIENTED_EDGE ( 'NONE', *, *, #1511, .T. ) ;
#1883 = CARTESIAN_POINT ( 'NONE',  ( 0.02671359857419036700, 0.04626930998349724300, -0.02329396325459301800 ) ) ;
#1884 = ORIENTED_EDGE ( 'NONE', *, *, #750, .T. ) ;
#1885 = AXIS2_PLACEMENT_3D ( 'NONE', #1615, #349, #1599 ) ;
#1886 = CARTESIAN_POINT ( 'NONE',  ( 0.03969459246502565100, -0.04532730501797761800, 0.04724409448818897600 ) ) ;
#1887 = ORIENTED_EDGE ( 'NONE', *, *, #1826, .T. ) ;
#1888 = CARTESIAN_POINT ( 'NONE',  ( 0.05255288033090635400, 0.03023307271853789600, 0.04724409448818302200 ) ) ;
#1889 = CARTESIAN_POINT ( 'NONE',  ( 0.05040168315806100400, 0.02856929721127022100, 0.04475497891363110200 ) ) ;
#1890 = CARTESIAN_POINT ( 'NONE',  ( -0.02671359857419036000, -0.04626930998349725700, 0.04314304461942364300 ) ) ;
#1891 = CARTESIAN_POINT ( 'NONE',  ( 0.04007039786128556400, -0.02313465499174861500, -0.02821522309711277700 ) ) ;
#1892 = CARTESIAN_POINT ( 'NONE',  ( 5.015158507807128100E-017, -0.1250167905725563800, -0.03757401208417903600 ) ) ;
#1893 = CARTESIAN_POINT ( 'NONE',  ( 5.038888133540527000E-017, -0.1250167905725563800, 0.04724409448818896200 ) ) ;
#1894 = DATE_AND_TIME ( #1188, #1158 ) ;
#1895 = CARTESIAN_POINT ( 'NONE',  ( 0.02671359857419036700, 0.04626930998349724300, 0.05298556430446314100 ) ) ;
#1896 = CARTESIAN_POINT ( 'NONE',  ( 0.0000000000000000000, 0.04626930998349725000, -0.04133858267716544700 ) ) ;
#1897 = CARTESIAN_POINT ( 'NONE',  ( -0.01774063442655408200, -0.1147742305107906000, -0.04294923502109847900 ) ) ;
#1898 = CARTESIAN_POINT ( 'NONE',  ( 0.04526512390984600800, -0.03269011377609812300, 0.04251360194744505800 ) ) ;
#1899 = CARTESIAN_POINT ( 'NONE',  ( -0.02671359857419036000, -0.04626930998349725700, 0.02591863517060449100 ) ) ;
#1900 = VERTEX_POINT ( 'NONE', #1880 ) ;
#1901 = CARTESIAN_POINT ( 'NONE',  ( 0.05114323250695514100, 0.02952755905511817600, 0.04396325459317687600 ) ) ;
#1902 = ORIENTED_EDGE ( 'NONE', *, *, #816, .T. ) ;
#1903 = CARTESIAN_POINT ( 'NONE',  ( -0.04007039786128558500, 0.02313465499174859100, 0.03822178477690389700 ) ) ;
#1904 = EDGE_CURVE ( 'NONE', #1121, #32, #1343, .T. ) ;
#1905 = ORIENTED_EDGE ( 'NONE', *, *, #336, .F. ) ;
#1906 = DIRECTION ( 'NONE',  ( -0.0000000000000000000, -0.0000000000000000000, -1.000000000000000000 ) ) ;
#1907 = CARTESIAN_POINT ( 'NONE',  ( 0.1082677165354327500, -0.02107544700771125200, -0.04633353657555013700 ) ) ;
#1908 = CARTESIAN_POINT ( 'NONE',  ( 0.05905511811023637900, -0.01582377120656232700, 0.04144373624530570100 ) ) ;
#1909 = CARTESIAN_POINT ( 'NONE',  ( -0.02671359857419039800, 0.04626930998349723000, -0.02247375328083968700 ) ) ;
#1910 = MANIFOLD_SOLID_BREP ( 'Cut-Extrude3', #1150 ) ;
#1911 = ADVANCED_FACE ( 'NONE', ( #741 ), #1060, .F. ) ;
#1912 = CARTESIAN_POINT ( 'NONE',  ( 0.05114323250697890000, 0.02952755905513189000, 0.04150262467193286500 ) ) ;
#1913 = CARTESIAN_POINT ( 'NONE',  ( 0.05648235488001452500, -0.003491930417383141400, 0.04360584724740761800 ) ) ;
#1914 = FACE_OUTER_BOUND ( 'NONE', #1760, .T. ) ;
#1915 = CARTESIAN_POINT ( 'NONE',  ( 0.04007039786128555700, 0.02313465499174862900, -0.007709973753280443400 ) ) ;
#1916 = DIRECTION ( 'NONE',  ( -0.0000000000000000000, -0.0000000000000000000, -1.000000000000000000 ) ) ;
#1917 = CARTESIAN_POINT ( 'NONE',  ( 0.05905511811023634500, 9.230017910058845100E-016, 0.03986220472441049500 ) ) ;
#1918 = CARTESIAN_POINT ( 'NONE',  ( 0.0000000000000000000, 0.0000000000000000000, -0.04724409448818896200 ) ) ;
#1919 = ADVANCED_FACE ( 'NONE', ( #1114 ), #1792, .T. ) ;
#1920 = CARTESIAN_POINT ( 'NONE',  ( -0.02671359857419036000, -0.04626930998349725700, -0.03559711286089236500 ) ) ;
#1921 = CARTESIAN_POINT ( 'NONE',  ( 0.05342719714838074800, 3.271472298758954400E-018, 0.01033464566929197600 ) ) ;
#1922 = FACE_OUTER_BOUND ( 'NONE', #1336, .T. ) ;
#1923 = CARTESIAN_POINT ( 'NONE',  ( -0.01780677873412759400, -0.04712330021167311000, -0.03735687208000568900 ) ) ;
#1924 = ORIENTED_EDGE ( 'NONE', *, *, #896, .F. ) ;
#1925 = EDGE_LOOP ( 'NONE', ( #676, #930, #553, #1784 ) ) ;
#1926 = CARTESIAN_POINT ( 'NONE',  ( 0.05206596872742735200, 0.03006030106039882600, 0.003978018372704058400 ) ) ;
#1927 = EDGE_CURVE ( 'NONE', #1780, #1455, #911, .T. ) ;
#1928 = EDGE_LOOP ( 'NONE', ( #1547, #1714, #704, #999 ) ) ;
#1929 = ADVANCED_FACE ( 'NONE', ( #1938 ), #327, .T. ) ;
#1930 = CARTESIAN_POINT ( 'NONE',  ( 0.05905511811023634500, 4.117480108576436500E-017, 0.02263779527559129200 ) ) ;
#1931 = CARTESIAN_POINT ( 'NONE',  ( -0.05114323250695517600, 0.02952755905511812700, -0.008530183727033799700 ) ) ;
#1932 = CARTESIAN_POINT ( 'NONE',  ( -0.03051505802090671800, -0.04298955755003661800, 0.03937930946711323800 ) ) ;
#1933 = CARTESIAN_POINT ( 'NONE',  ( 0.05206596872742735900, -0.03006030106039880500, -0.0005331364829393433800 ) ) ;
#1934 = CARTESIAN_POINT ( 'NONE',  ( 0.03471064581828489000, 0.06012060212079763800, -0.05343667979002635800 ) ) ;
#1935 = PERSON_AND_ORGANIZATION ( #1182, #545 ) ;
#1936 = CARTESIAN_POINT ( 'NONE',  ( 5.666356237004658600E-018, -0.04626930998349725000, 0.005413385826772218100 ) ) ;
#1937 = PLANE ( 'NONE',  #1635 ) ;
#1938 = FACE_OUTER_BOUND ( 'NONE', #701, .T. ) ;
#1939 = CARTESIAN_POINT ( 'NONE',  ( 0.0000000000000000000, 0.0000000000000000000, 0.04724409448818896200 ) ) ;
#1940 = PLANE ( 'NONE',  #511 ) ;
#1941 = EDGE_CURVE ( 'NONE', #1202, #484, #726, .T. ) ;
#1942 = CARTESIAN_POINT ( 'NONE',  ( 0.06942129163656979300, 4.250828129770007000E-018, 0.04170767716535548500 ) ) ;
#1943 = AXIS2_PLACEMENT_3D ( 'NONE', #1149, #180, #339 ) ;
#1944 = CARTESIAN_POINT ( 'NONE',  ( -0.04007039786128555000, -0.02313465499174864600, -0.05692257217847794500 ) ) ;
#1945 = DIRECTION ( 'NONE',  ( 1.000000000000000000, 0.0000000000000000000, 0.0000000000000000000 ) ) ;
#1946 = ORIENTED_EDGE ( 'NONE', *, *, #1094, .F. ) ;
#1947 = CARTESIAN_POINT ( 'NONE',  ( -0.05114323250695517600, -0.02952755905511822800, 0.01197506561679856000 ) ) ;
#1948 = CARTESIAN_POINT ( 'NONE',  ( -0.02874755291046663900, -0.04345372112370194500, -0.03908798024780389000 ) ) ;
#1949 = ORIENTED_EDGE ( 'NONE', *, *, #308, .F. ) ;
#1950 = CARTESIAN_POINT ( 'NONE',  ( 0.05206596872742735200, 0.03006030106039882600, -0.03539206036745394500 ) ) ;
#1951 = ORIENTED_EDGE ( 'NONE', *, *, #185, .T. ) ;
#1952 = CYLINDRICAL_SURFACE ( 'NONE', #1068, 0.05905511811023634500 ) ;
#1953 = ADVANCED_FACE ( 'NONE', ( #1134 ), #251, .F. ) ;
#1954 = CARTESIAN_POINT ( 'NONE',  ( 0.1082677165354327000, 0.06250839528627870300, 0.04724409448818896200 ) ) ;
#1955 = ORIENTED_EDGE ( 'NONE', *, *, #2012, .T. ) ;
#1956 = CARTESIAN_POINT ( 'NONE',  ( 0.05413385826771639100, -0.09376259292941734000, 0.04724409448818896200 ) ) ;
#1957 = CARTESIAN_POINT ( 'NONE',  ( 0.05905511811023938400, 0.01582377120656321800, -0.03799885435553921500 ) ) ;
#1958 = CARTESIAN_POINT ( 'NONE',  ( 0.05206596872742735200, 0.03006030106039882600, 0.02366305774278306500 ) ) ;
#1959 = AXIS2_PLACEMENT_3D ( 'NONE', #742, #1235, #1381 ) ;
#1960 = VERTEX_POINT ( 'NONE', #78 ) ;
#1961 = B_SPLINE_CURVE_WITH_KNOTS ( 'NONE', 3,
 ( #723, #1027, #454, #924, #112, #1864 ),
 .UNSPECIFIED., .F., .F.,
 ( 4, 2, 4 ),
 ( 0.002973311424052826000, 0.003777081415084915500, 0.004580851406117005000 ),
 .UNSPECIFIED. ) ;
#1962 = DIRECTION ( 'NONE',  ( -0.4999999999999992800, -0.8660254037844390400, 0.0000000000000000000 ) ) ;
#1963 = CARTESIAN_POINT ( 'NONE',  ( -0.09052708210887895600, 0.07275095534804430800, -0.04294923502109821600 ) ) ;
#1964 = CARTESIAN_POINT ( 'NONE',  ( 0.03409548833797008300, 0.05905511811023634500, -0.03313648293963255400 ) ) ;
#1965 = CIRCLE ( 'NONE', #599, 0.1082677165354333100 ) ;
#1966 = CARTESIAN_POINT ( 'NONE',  ( 0.0000000000000000000, -1.067128122525102800E-017, -0.04724409448818896200 ) ) ;
#1967 = FACE_OUTER_BOUND ( 'NONE', #419, .T. ) ;
#1968 = CARTESIAN_POINT ( 'NONE',  ( 0.02671359857419037000, 0.04626930998349724300, -0.006069553805773867000 ) ) ;
#1969 = CARTESIAN_POINT ( 'NONE',  ( 0.01843090562855846000, 0.05773375980766030900, -0.04724409448818901000 ) ) ;
#1970 = CARTESIAN_POINT ( 'NONE',  ( -0.04568925174366192400, -0.01514962641529909000, -0.03464911894113698700 ) ) ;
#1971 = EDGE_CURVE ( 'NONE', #1234, #486, #1870, .T. ) ;
#1972 = CARTESIAN_POINT ( 'NONE',  ( -0.06942129163656979300, -1.275248438931002000E-017, -0.008735236220472255400 ) ) ;
#1973 = CARTESIAN_POINT ( 'NONE',  ( -0.05717888778918784500, 0.01857583350912481900, -0.06757374072219465800 ) ) ;
#1974 = PRODUCT_RELATED_PRODUCT_CATEGORY ( 'detail', '', ( #1390 ) ) ;
#1975 = B_SPLINE_CURVE_WITH_KNOTS ( 'NONE', 3,
 ( #959, #1097, #1268, #2038 ),
 .UNSPECIFIED., .F., .F.,
 ( 4, 4 ),
 ( 2.380742992387856500E-007, 0.001606744326298695100 ),
 .UNSPECIFIED. ) ;
#1976 = CARTESIAN_POINT ( 'NONE',  ( -0.04007039786128558500, 0.02313465499174859100, -0.001148293963254108100 ) ) ;
#1977 = CARTESIAN_POINT ( 'NONE',  ( -0.02619448964807919600, -0.03814050023827204900, -0.03339280235088849100 ) ) ;
#1978 = CARTESIAN_POINT ( 'NONE',  ( 0.05114323250695515500, -0.02952755905511816200, -0.04051837270341214500 ) ) ;
#1979 = ORIENTED_EDGE ( 'NONE', *, *, #869, .T. ) ;
#1980 = ORIENTED_EDGE ( 'NONE', *, *, #1451, .T. ) ;
#1981 = CARTESIAN_POINT ( 'NONE',  ( -0.06942129163656979300, -1.275248438931002000E-017, 0.03063484251968574800 ) ) ;
#1982 = ADVANCED_BREP_SHAPE_REPRESENTATION ( '90591A250_Zinc-Plated Steel Hex Nut', ( #1910, #42 ), #1255 ) ;
#1983 = ORIENTED_EDGE ( 'NONE', *, *, #1451, .F. ) ;
#1984 = CARTESIAN_POINT ( 'NONE',  ( -0.04007039786128555000, -0.02313465499174864600, 0.02181758530183805500 ) ) ;
#1985 = CARTESIAN_POINT ( 'NONE',  ( -0.05905511811023634500, -2.516237844130044700E-017, -0.02657480314960622400 ) ) ;
#1986 = CARTESIAN_POINT ( 'NONE',  ( -0.03471064581828493800, 0.06012060212079762400, -0.01201607611548541900 ) ) ;
#1987 = CARTESIAN_POINT ( 'NONE',  ( 0.1082677165354327500, -0.06250839528627823200, 0.04724409448818896200 ) ) ;
#1988 = B_SPLINE_CURVE_WITH_KNOTS ( 'NONE', 3,
 ( #901, #745, #417, #1222, #448, #1240 ),
 .UNSPECIFIED., .F., .F.,
 ( 4, 2, 4 ),
 ( 0.001606744326298677100, 0.002406996759593236200, 0.003207249192887794800 ),
 .UNSPECIFIED. ) ;
#1989 = CARTESIAN_POINT ( 'NONE',  ( -0.02671359857419039500, 0.04626930998349723000, -0.02247375328083969100 ) ) ;
#1990 = CARTESIAN_POINT ( 'NONE',  ( 0.05905511811023634500, 7.232166136696982700E-018, 0.04724409448818896200 ) ) ;
#1991 = COORDINATED_UNIVERSAL_TIME_OFFSET ( 6, 0, .BEHIND. ) ;
#1992 = CARTESIAN_POINT ( 'NONE',  ( 0.01586689200869067000, 0.04987114071855968500, -0.03902294972632126100 ) ) ;
#1993 = CONICAL_SURFACE ( 'NONE', #1267, 0.1082677165354333100, 1.047197551196600100 ) ;
#1994 = CARTESIAN_POINT ( 'NONE',  ( -0.06942129163656979300, -1.275248438931002000E-017, -0.02842027559055126600 ) ) ;
#1995 = DIRECTION ( 'NONE',  ( 1.000000000000000000, 0.0000000000000000000, 0.0000000000000000000 ) ) ;
#1996 = CARTESIAN_POINT ( 'NONE',  ( 0.05905511811023634500, 1.349618480033387600E-016, -0.01673228346456671200 ) ) ;
#1997 = DIRECTION ( 'NONE',  ( -0.0000000000000000000, -0.0000000000000000000, -1.000000000000000000 ) ) ;
#1998 = ADVANCED_FACE ( 'NONE', ( #594 ), #48, .F. ) ;
#1999 = CARTESIAN_POINT ( 'NONE',  ( 0.05442668657899959300, 8.006211322231958800E-018, -0.04155017894639081300 ) ) ;
#2000 = EDGE_CURVE ( 'NONE', #806, #996, #659, .T. ) ;
#2001 = ORIENTED_EDGE ( 'NONE', *, *, #768, .T. ) ;
#2002 = AXIS2_PLACEMENT_3D ( 'NONE', #86, #259, #1844 ) ;
#2003 = CARTESIAN_POINT ( 'NONE',  ( 0.05342719714838074800, 3.271472298758954400E-018, -0.02657480314960619000 ) ) ;
#2004 = EDGE_LOOP ( 'NONE', ( #1884, #581, #1285, #1955, #1691, #1594, #244, #1835, #1757 ) ) ;
#2005 = FACE_OUTER_BOUND ( 'NONE', #578, .T. ) ;
#2006 = CARTESIAN_POINT ( 'NONE',  ( -0.05413385826771662700, -0.09376259292941778500, -0.04724409448818896200 ) ) ;
#2007 = EDGE_LOOP ( 'NONE', ( #262, #395, #651, #390 ) ) ;
#2008 = CARTESIAN_POINT ( 'NONE',  ( 0.04888114815235174200, -0.02668437394950935700, -0.04254272140404728000 ) ) ;
#2009 = DIRECTION ( 'NONE',  ( 0.0000000000000000000, 0.0000000000000000000, 1.000000000000000000 ) ) ;
#2010 = CARTESIAN_POINT ( 'NONE',  ( -0.03880422754465826000, 0.03030583812688825800, -0.05825127263399127600 ) ) ;
#2011 = DIRECTION ( 'NONE',  ( 0.0000000000000000000, 0.0000000000000000000, -1.000000000000000000 ) ) ;
#2012 = EDGE_CURVE ( 'NONE', #1025, #806, #1843, .T. ) ;
#2013 = PLANE ( 'NONE',  #427 ) ;
#2014 = CARTESIAN_POINT ( 'NONE',  ( 0.05252664371234880300, -0.03029321538600980200, 0.04724409448818899000 ) ) ;
#2015 = COORDINATED_UNIVERSAL_TIME_OFFSET ( 6, 0, .BEHIND. ) ;
#2016 = CARTESIAN_POINT ( 'NONE',  ( 0.04444373374181692000, 0.01286870535195523500, 0.03339280235088848400 ) ) ;
#2017 = CARTESIAN_POINT ( 'NONE',  ( 0.02671359857419036700, 0.04626930998349724300, -0.02329396325459301800 ) ) ;
#2018 = CARTESIAN_POINT ( 'NONE',  ( 0.05905511811023634500, 7.232166136696982700E-018, 0.04724409448818896200 ) ) ;
#2019 =( NAMED_UNIT ( * ) SI_UNIT ( $, .STERADIAN. ) SOLID_ANGLE_UNIT ( ) );
#2020 = CARTESIAN_POINT ( 'NONE',  ( 0.01934269280337510800, -0.05706008207620317400, 0.04724409448818895500 ) ) ;
#2021 = ORIENTED_EDGE ( 'NONE', *, *, #201, .F. ) ;
#2022 = CARTESIAN_POINT ( 'NONE',  ( 0.1082677165354327400, 0.02130521396744911700, 0.04630778788124267200 ) ) ;
#2023 = CARTESIAN_POINT ( 'NONE',  ( 0.04007039786128555700, 0.02313465499174862900, 0.01443569553805839800 ) ) ;
#2024 = CONICAL_SURFACE ( 'NONE', #38, 0.06012060212079777700, 0.7853981633974500600 ) ;
#2025 = ORIENTED_EDGE ( 'NONE', *, *, #1841, .F. ) ;
#2026 = CARTESIAN_POINT ( 'NONE',  ( 0.05400128811014562300, -0.01103579166394079300, -0.04196940780911424800 ) ) ;
#2027 = CARTESIAN_POINT ( 'NONE',  ( 0.02662011593160698900, -0.05404962681847658900, 0.04724409448818895500 ) ) ;
#2028 = ORIENTED_EDGE ( 'NONE', *, *, #268, .T. ) ;
#2029 = CARTESIAN_POINT ( 'NONE',  ( 0.02667320525418312400, 0.05402331710552058000, 0.04724409448818894800 ) ) ;
#2030 = CARTESIAN_POINT ( 'NONE',  ( 0.1082677165354327000, 0.05239679882965589400, 0.04049297855226293600 ) ) ;
#2031 = CARTESIAN_POINT ( 'NONE',  ( -0.05342719714838074800, -9.814416896276861300E-018, 0.04232283464567031300 ) ) ;
#2032 = ORIENTED_EDGE ( 'NONE', *, *, #1026, .F. ) ;
#2033 = ORIENTED_EDGE ( 'NONE', *, *, #308, .T. ) ;
#2034 = CARTESIAN_POINT ( 'NONE',  ( 0.02671359857419038800, -0.04626930998349723700, -0.04954068241469836200 ) ) ;
#2035 = CARTESIAN_POINT ( 'NONE',  ( 0.04007039786128556400, -0.02313465499174861500, 0.04806430446194339500 ) ) ;
#2036 = EDGE_CURVE ( 'NONE', #1001, #1688, #410, .T. ) ;
#2037 = CARTESIAN_POINT ( 'NONE',  ( -0.02671359857419036000, -0.04626930998349725700, -0.03313648293963251300 ) ) ;
#2038 = CARTESIAN_POINT ( 'NONE',  ( -0.05413385826771635600, -0.09376259292941731300, 0.04724409448818896200 ) ) ;
#2039 = CONICAL_SURFACE ( 'NONE', #1181, 0.1082677165354333100, 1.047197551196600100 ) ;
#2040 = CARTESIAN_POINT ( 'NONE',  ( 7.232166136699679000E-018, -0.05905511811025836200, -0.02411417322833359100 ) ) ;
#2041 = AXIS2_PLACEMENT_3D ( 'NONE', #1823, #1692, #749 ) ;
#2042 = CARTESIAN_POINT ( 'NONE',  ( 0.04807225920927789300, 0.03694615094186058000, 0.04724409448818916300 ) ) ;
#2043 = DESIGN_CONTEXT ( 'detailed design', #1717, 'design' ) ;
#2044 = DIRECTION ( 'NONE',  ( 1.000000000000000000, 0.0000000000000000000, 0.0000000000000000000 ) ) ;
#2045 = CARTESIAN_POINT ( 'NONE',  ( 0.04007039786128555700, 0.02313465499174862900, 0.05134514435695656400 ) ) ;
#2046 = CARTESIAN_POINT ( 'NONE',  ( 0.04007039786128556400, -0.02313465499174861500, -0.04790026246719177000 ) ) ;
#2047 = CARTESIAN_POINT ( 'NONE',  ( 0.05905511811023634500, 9.230017910058845100E-016, 0.03986220472441049500 ) ) ;
#2048 = CARTESIAN_POINT ( 'NONE',  ( 0.05602114475765769500, -0.007024639452340645000, 0.04347514963428897300 ) ) ;
#2049 = CARTESIAN_POINT ( 'NONE',  ( 0.1082677165354327400, 0.01058853404892859200, 0.04724409448818931600 ) ) ;
#2050 = EDGE_CURVE ( 'NONE', #729, #1638, #1961, .T. ) ;
#2051 = ORIENTED_EDGE ( 'NONE', *, *, #1178, .T. ) ;
#2052 = CARTESIAN_POINT ( 'NONE',  ( -0.02671359857419039800, 0.04626930998349723000, -0.0003280839895008493800 ) ) ;
#2053 = ORIENTED_EDGE ( 'NONE', *, *, #909, .T. ) ;
#2054 = CARTESIAN_POINT ( 'NONE',  ( 0.0000000000000000000, -1.067128122525102800E-017, 0.04724409448818896200 ) ) ;
#2055 = CARTESIAN_POINT ( 'NONE',  ( -0.01698000579233258400, -0.05778487762447430400, -0.04724409448818899000 ) ) ;
#2056 = ORIENTED_EDGE ( 'NONE', *, *, #1082, .F. ) ;
#2057 = CARTESIAN_POINT ( 'NONE',  ( 0.04007039786128556400, -0.02313465499174861500, 0.008694225721785390000 ) ) ;
#2058 = CARTESIAN_POINT ( 'NONE',  ( 0.04007039786128556400, -0.02313465499174861500, 0.01115485564304523500 ) ) ;
#2059 = DIRECTION ( 'NONE',  ( 1.000000000000000000, 0.0000000000000000000, 0.0000000000000000000 ) ) ;
#2060 = CARTESIAN_POINT ( 'NONE',  ( 5.015158507807128100E-017, -0.1250167905725563800, -0.03757401208417903600 ) ) ;
#2061 = DATE_AND_TIME ( #491, #1602 ) ;
#2062 = CARTESIAN_POINT ( 'NONE',  ( 0.04007039786128556400, -0.02313465499174861500, 0.02837926509186439200 ) ) ;
#2063 = AXIS2_PLACEMENT_3D ( 'NONE', #1709, #771, #1865 ) ;
#2064 = CARTESIAN_POINT ( 'NONE',  ( -0.04007039786128555000, -0.02313465499174864600, 0.02181758530183805500 ) ) ;
#2065 = CARTESIAN_POINT ( 'NONE',  ( -0.05905511811023634500, -2.516237844130044700E-017, -0.006889763779527220700 ) ) ;
#2066 = ADVANCED_FACE ( 'NONE', ( #982 ), #226, .F. ) ;
#2067 = CARTESIAN_POINT ( 'NONE',  ( 0.05342719714838074800, 3.271472298758954400E-018, 0.01033464566929197600 ) ) ;
ENDSEC;
END-ISO-10303-21;
