ISO-10303-21;
HEADER;
FILE_DESCRIPTION (( 'STEP AP203' ),
    '1' );
FILE_NAME ('90591A255_Zinc-Plated Steel Hex Nut.STEP',
    '2021-09-15T00:59:47',
    ( 'Administrator' ),
    ( 'Managed by Terraform' ),
    'SwSTEP 2.0',
    'SolidWorks 2017',
    '' );
FILE_SCHEMA (( 'CONFIG_CONTROL_DESIGN' ));
ENDSEC;

DATA;
#1 = CARTESIAN_POINT ( 'NONE',  ( -0.1377952755905514100, -5.914624404477027300E-017, 0.06299212598425199500 ) ) ;
#2 = DIRECTION ( 'NONE',  ( -0.0000000000000000000, -0.0000000000000000000, -1.000000000000000000 ) ) ;
#3 = CARTESIAN_POINT ( 'NONE',  ( -2.789570765205078300E-016, 0.1591122789105269800, 0.05068474837914803400 ) ) ;
#4 = CARTESIAN_POINT ( 'NONE',  ( -0.02403335347129436200, 0.05878839955636388400, 0.04603644604275469000 ) ) ;
#5 = ORIENTED_EDGE ( 'NONE', *, *, #201, .T. ) ;
#6 = CARTESIAN_POINT ( 'NONE',  ( -0.01388659733359009700, -0.06084002610288017500, -0.07571107498437085200 ) ) ;
#7 = ORIENTED_EDGE ( 'NONE', *, *, #1137, .F. ) ;
#8 = FACE_OUTER_BOUND ( 'NONE', #22, .T. ) ;
#9 = CARTESIAN_POINT ( 'NONE',  ( -0.007907461953223988600, 0.06227826294793297600, 0.04530015729011147000 ) ) ;
#10 = CARTESIAN_POINT ( 'NONE',  ( 0.05268900817200258800, -0.03042001305144007000, -0.07020997375327821300 ) ) ;
#11 = CARTESIAN_POINT ( 'NONE',  ( -0.07025201089600342800, -1.290508504161833900E-017, -0.02657480314960404200 ) ) ;
#12 = DIRECTION ( 'NONE',  ( -0.0000000000000000000, -0.0000000000000000000, 1.000000000000000000 ) ) ;
#13 = DIRECTION ( 'NONE',  ( 0.0000000000000000000, 0.0000000000000000000, 1.000000000000000000 ) ) ;
#14 = CARTESIAN_POINT ( 'NONE',  ( 0.03512600544800174200, -0.06084002610288014000, -0.01738845144356738300 ) ) ;
#15 = CARTESIAN_POINT ( 'NONE',  ( 0.07874015748031501500, -3.293984086861149200E-016, -0.05757874015747747900 ) ) ;
#16 = CARTESIAN_POINT ( 'NONE',  ( 0.05268900817200263700, 0.03042001305144012600, -0.01394356955380369300 ) ) ;
#17 = CARTESIAN_POINT ( 'NONE',  ( -0.07874015748031501500, -3.431233423813696700E-017, 0.01476377952756054000 ) ) ;
#18 = CARTESIAN_POINT ( 'NONE',  ( 0.03512600544800174200, -0.06084002610288014000, -0.04494750656167739000 ) ) ;
#19 = CARTESIAN_POINT ( 'NONE',  ( -0.06678578811224814000, -0.004658766457619449200, 0.04954607900139929700 ) ) ;
#20 = ORIENTED_EDGE ( 'NONE', *, *, #1491, .T. ) ;
#21 = CARTESIAN_POINT ( 'NONE',  ( 0.07874015748031501500, -1.601242264446392100E-016, -0.002460629921257471100 ) ) ;
#22 = EDGE_LOOP ( 'NONE', ( #1689, #697, #718, #1568, #2025, #1644, #2024, #245, #1741, #444 ) ) ;
#23 = CARTESIAN_POINT ( 'NONE',  ( -0.01973399274286345700, 0.06850320558515123100, -0.05389331620284484200 ) ) ;
#24 = VERTEX_POINT ( 'NONE', #804 ) ;
#25 = FACE_OUTER_BOUND ( 'NONE', #47, .T. ) ;
#26 = CARTESIAN_POINT ( 'NONE',  ( 7.450754322693361400E-018, -0.06084002610288016100, 0.06299212598425346600 ) ) ;
#27 = CARTESIAN_POINT ( 'NONE',  ( 0.0000000000000000000, 0.0000000000000000000, 0.06299212598425199500 ) ) ;
#28 = ORIENTED_EDGE ( 'NONE', *, *, #1049, .F. ) ;
#29 = CARTESIAN_POINT ( 'NONE',  ( -0.06889763779527534300, -0.1193342091828949500, 0.06299212598425199500 ) ) ;
#30 = EDGE_CURVE ( 'NONE', #1660, #1343, #1973, .T. ) ;
#31 = CARTESIAN_POINT ( 'NONE',  ( 0.07189629695054340600, 0.02307492610279404700, -0.05812296698749781800 ) ) ;
#32 = CARTESIAN_POINT ( 'NONE',  ( 0.04231789310153160500, 0.04444498328370343600, 0.04360031699203137400 ) ) ;
#33 = PERSON_AND_ORGANIZATION ( #765, #793 ) ;
#34 = DIRECTION ( 'NONE',  ( 0.0000000000000000000, 0.0000000000000000000, 1.000000000000000000 ) ) ;
#35 = CARTESIAN_POINT ( 'NONE',  ( -0.03512600544800170000, -0.06084002610288017500, 0.03313648293963428900 ) ) ;
#36 = CARTESIAN_POINT ( 'NONE',  ( 0.05268900817200264400, -0.03042001305144010500, 0.03658136482939802800 ) ) ;
#37 = ADVANCED_FACE ( 'NONE', ( #1773 ), #197, .F. ) ;
#38 = B_SPLINE_CURVE_WITH_KNOTS ( 'NONE', 3,
 ( #1878, #2043, #591, #431, #1563, #1734 ),
 .UNSPECIFIED., .F., .F.,
 ( 4, 2, 4 ),
 ( 0.002044882221487520200, 0.003063384235218486800, 0.004081886248949452900 ),
 .UNSPECIFIED. ) ;
#39 = CARTESIAN_POINT ( 'NONE',  ( -0.09237394300347906400, -0.1057801580513607100, 0.06299212598425238400 ) ) ;
#40 = CARTESIAN_POINT ( 'NONE',  ( 0.0000000000000000000, 0.06084002610288023100, -0.06446850393700534500 ) ) ;
#41 = CARTESIAN_POINT ( 'NONE',  ( 0.1152538353287216200, 0.09257044605835278200, -0.05819856179979897300 ) ) ;
#42 = AXIS2_PLACEMENT_3D ( 'NONE', #1321, #833, #814 ) ;
#43 = CARTESIAN_POINT ( 'NONE',  ( -0.03512600544800179000, 0.06084002610288021700, 0.02050524934383385700 ) ) ;
#44 = ORIENTED_EDGE ( 'NONE', *, *, #321, .T. ) ;
#45 = CARTESIAN_POINT ( 'NONE',  ( 0.0000000000000000000, 0.0000000000000000000, 0.06299212598425199500 ) ) ;
#46 = LINE ( 'NONE', #1637, #1489 ) ;
#47 = EDGE_LOOP ( 'NONE', ( #1397, #1692, #902, #952 ) ) ;
#48 = LINE ( 'NONE', #846, #1601 ) ;
#49 = CARTESIAN_POINT ( 'NONE',  ( -0.07874015748031501500, -3.431233423813696700E-017, -0.04035433070865946500 ) ) ;
#50 = CARTESIAN_POINT ( 'NONE',  ( 0.06948280738460116400, 0.04011591754755040900, 0.0006971784776923974800 ) ) ;
#51 = CARTESIAN_POINT ( 'NONE',  ( 0.03512600544800177600, -0.06084002610288021700, -0.02083333333333115700 ) ) ;
#52 = B_SPLINE_CURVE_WITH_KNOTS ( 'NONE', 3,
 ( #1732, #604, #913, #429, #1430, #1725, #943, #762, #1091, #1257, #271, #256, #1265, #449, #1903, #1084, #1098, #265, #1719, #1072, #437, #778, #2079, #1241, #754, #1594, #93, #612 ),
 .UNSPECIFIED., .F., .F.,
 ( 4, 2, 2, 2, 2, 2, 2, 2, 2, 2, 2, 2, 2, 4 ),
 ( 0.001998649448576118000, 0.002795660061665125400, 0.003194165368209629100, 0.003592670674754132800, 0.003991175981298636600, 0.004389681287843140300, 0.005186691900932146800, 0.005585197207476650500, 0.005983702514021154200, 0.006382207820565658800, 0.006780713127110161700, 0.007577723740199168200, 0.007976229046743672800, 0.008374734353288174800 ),
 .UNSPECIFIED. ) ;
#53 =( BOUNDED_CURVE ( )  B_SPLINE_CURVE ( 2, ( #1740, #244, #770, #2054, #2068, #110, #1437, #596, #617 ),
 .UNSPECIFIED., .F., .T. ) 
 B_SPLINE_CURVE_WITH_KNOTS ( ( 3, 2, 2, 2, 3 ),
 ( 0.7202830929950876400, 0.7341719818839765900, 0.7619497596617543800, 0.7897275374395320600, 0.8036164263284210100 ),
 .UNSPECIFIED. ) 
 CURVE ( )  GEOMETRIC_REPRESENTATION_ITEM ( )  RATIONAL_B_SPLINE_CURVE ( ( 0.9330127018922194100, 0.9330127018922191900, 1.000000000000000000, 0.8660254037844388200, 1.000000000000000000, 0.8660254037844388200, 1.000000000000000000, 0.9330127018922194100, 0.9330127018922194100 ) ) 
 REPRESENTATION_ITEM ( '' )  );
#54 = CARTESIAN_POINT ( 'NONE',  ( 9.642888182262636900E-018, -0.07874015748031507100, 0.01820866141732506800 ) ) ;
#55 = CARTESIAN_POINT ( 'NONE',  ( 0.0000000000000000000, 0.06084002610288023100, 0.07332677165354466200 ) ) ;
#56 = DIRECTION ( 'NONE',  ( 1.000000000000000000, 0.0000000000000000000, 0.0000000000000000000 ) ) ;
#57 = DIRECTION ( 'NONE',  ( 1.000000000000000000, 4.292327424963321700E-016, -0.0000000000000000000 ) ) ;
#58 = CC_DESIGN_APPROVAL ( #1097, ( #1025 ) ) ;
#59 = CARTESIAN_POINT ( 'NONE',  ( -0.08023183509510080400, 1.395368259017570300E-016, -0.06299212598425199500 ) ) ;
#60 = VERTEX_POINT ( 'NONE', #1617 ) ;
#61 = CARTESIAN_POINT ( 'NONE',  ( 0.04021012710450767200, 0.06962718676523425900, 0.06299212598425196800 ) ) ;
#62 = CARTESIAN_POINT ( 'NONE',  ( 0.0000000000000000000, 0.0000000000000000000, 0.06299212598425199500 ) ) ;
#63 = CARTESIAN_POINT ( 'NONE',  ( 0.03512600544800175600, 0.06084002610288023100, -0.03920603674540448100 ) ) ;
#64 = EDGE_CURVE ( 'NONE', #525, #1050, #831, .T. ) ;
#65 = CARTESIAN_POINT ( 'NONE',  ( 0.04632187158973414400, -0.08023183509510079000, 0.07648458005249492200 ) ) ;
#66 = CARTESIAN_POINT ( 'NONE',  ( 0.01853196532713486200, -0.05986469932926128500, -0.04510411778566279100 ) ) ;
#67 = CARTESIAN_POINT ( 'NONE',  ( -0.06761386064784147300, 0.04368572878502523900, 0.06299212598425199500 ) ) ;
#68 = EDGE_LOOP ( 'NONE', ( #634, #783, #1710 ) ) ;
#69 = ADVANCED_FACE ( 'NONE', ( #752 ), #653, .T. ) ;
#70 = ORIENTED_EDGE ( 'NONE', *, *, #64, .T. ) ;
#71 = CARTESIAN_POINT ( 'NONE',  ( 0.09227098167747001300, -0.1058396028006481100, 0.06181362163790848200 ) ) ;
#72 = ORIENTED_EDGE ( 'NONE', *, *, #2122, .T. ) ;
#73 = CIRCLE ( 'NONE', #1108, 0.1377952755905514400 ) ;
#74 = CARTESIAN_POINT ( 'NONE',  ( -0.06948280738460115000, -0.04011591754755043600, 0.06959481627296741600 ) ) ;
#75 = CARTESIAN_POINT ( 'NONE',  ( -0.06724336171947323200, -0.006368443620519725600, -0.05000365260855764400 ) ) ;
#76 = EDGE_LOOP ( 'NONE', ( #1473, #1239, #1578, #1262 ) ) ;
#77 = ORIENTED_EDGE ( 'NONE', *, *, #1986, .F. ) ;
#78 = CARTESIAN_POINT ( 'NONE',  ( 0.02254144026182940500, -0.1460979723074374300, 0.05819856179979918100 ) ) ;
#79 = CARTESIAN_POINT ( 'NONE',  ( -0.08059192902832981700, 0.1125825069915096200, -0.06299212598425210600 ) ) ;
#80 = CARTESIAN_POINT ( 'NONE',  ( 0.06948280738460117800, -0.04011591754755038800, -0.003895997375325930500 ) ) ;
#81 = DIRECTION ( 'NONE',  ( 1.000000000000000000, 0.0000000000000000000, 0.0000000000000000000 ) ) ;
#82 = ADVANCED_FACE ( 'NONE', ( #314 ), #1349, .F. ) ;
#83 = CARTESIAN_POINT ( 'NONE',  ( 0.05770131395596950200, -0.03414657274193772700, -0.04962830517184312100 ) ) ;
#84 = CARTESIAN_POINT ( 'NONE',  ( 0.05268900817200264400, -0.03042001305144010500, -0.07365485564304202800 ) ) ;
#85 = CARTESIAN_POINT ( 'NONE',  ( -0.03512600544800170000, -0.06084002610288017500, 0.03313648293963428900 ) ) ;
#86 = LOCAL_TIME ( 19, 59, 46.00000000000000000, #1908 ) ;
#87 = DIRECTION ( 'NONE',  ( -0.0000000000000000000, -0.0000000000000000000, -1.000000000000000000 ) ) ;
#88 = CARTESIAN_POINT ( 'NONE',  ( 0.06948280738460116400, 0.04011591754755040900, -0.05442093175852760800 ) ) ;
#89 = CARTESIAN_POINT ( 'NONE',  ( -0.02928460106611359400, -0.07521635842833471200, -0.06299212598425220400 ) ) ;
#90 = CARTESIAN_POINT ( 'NONE',  ( 0.07874015748031507100, 0.02109836160874976900, -0.02534406538909407200 ) ) ;
#91 = CARTESIAN_POINT ( 'NONE',  ( 0.05268900817200264400, -0.03042001305144010500, -0.04609580052493202100 ) ) ;
#92 = DIRECTION ( 'NONE',  ( -0.0000000000000000000, -0.0000000000000000000, -1.000000000000000000 ) ) ;
#93 = CARTESIAN_POINT ( 'NONE',  ( 0.08023183509503666000, -0.005242903080536738000, 0.06299212598425200900 ) ) ;
#94 = CARTESIAN_POINT ( 'NONE',  ( -0.03738644782335130700, -0.07152032493970235400, -0.06299212598425199500 ) ) ;
#95 = EDGE_CURVE ( 'NONE', #328, #633, #253, .T. ) ;
#96 = PRODUCT ( '90591A255_Zinc-Plated Steel Hex Nut', '90591A255_Zinc-Plated Steel Hex Nut', '', ( #1119 ) ) ;
#97 = CARTESIAN_POINT ( 'NONE',  ( 0.06709773242106939500, 0.03808297278000952200, 0.05950885648372362300 ) ) ;
#98 = CARTESIAN_POINT ( 'NONE',  ( -0.05268900817200262300, -0.03042001305144014300, 0.02739501312336132000 ) ) ;
#99 = ORIENTED_EDGE ( 'NONE', *, *, #1159, .T. ) ;
#100 = CARTESIAN_POINT ( 'NONE',  ( 0.05268900817200258800, -0.03042001305144007000, 0.04002624671916179400 ) ) ;
#101 = AXIS2_PLACEMENT_3D ( 'NONE', #1760, #1943, #142 ) ;
#102 = FACE_OUTER_BOUND ( 'NONE', #1570, .T. ) ;
#103 = DIRECTION ( 'NONE',  ( 0.0000000000000000000, 0.0000000000000000000, 1.000000000000000000 ) ) ;
#104 = VERTEX_POINT ( 'NONE', #303 ) ;
#105 = FACE_OUTER_BOUND ( 'NONE', #1206, .T. ) ;
#106 = DIRECTION ( 'NONE',  ( 1.000000000000000000, 0.0000000000000000000, 0.0000000000000000000 ) ) ;
#107 = CARTESIAN_POINT ( 'NONE',  ( 0.1377952755905508800, 0.05365667660910997100, -0.05749060914197598500 ) ) ;
#108 = CARTESIAN_POINT ( 'NONE',  ( 0.05268900817200263700, 0.03042001305144012600, -0.04150262467191369300 ) ) ;
#109 = CARTESIAN_POINT ( 'NONE',  ( 0.1377952755905509100, -0.05335750285028891000, 0.05755356636258780100 ) ) ;
#110 = CARTESIAN_POINT ( 'NONE',  ( -0.04546065111729343700, 0.07874015748031498700, 0.03772965879265220000 ) ) ;
#111 = CARTESIAN_POINT ( 'NONE',  ( 0.07546929201194625700, 0.003915555436995615300, 0.05822958290104939700 ) ) ;
#112 = CARTESIAN_POINT ( 'NONE',  ( 0.05268900817200263700, 0.03042001305144012600, 0.04117454068241632000 ) ) ;
#113 = CARTESIAN_POINT ( 'NONE',  ( 0.0000000000000000000, 0.06084002610288023100, -0.009350393700785348400 ) ) ;
#114 = CARTESIAN_POINT ( 'NONE',  ( 0.1377952755905509100, -0.07955613945526814100, 0.05068474837915162200 ) ) ;
#115 = CARTESIAN_POINT ( 'NONE',  ( 0.0000000000000000000, 0.0000000000000000000, 0.06299212598425199500 ) ) ;
#116 = CARTESIAN_POINT ( 'NONE',  ( 0.05840222427236237100, 0.05123540672246769400, 0.06005072051008170100 ) ) ;
#117 = CARTESIAN_POINT ( 'NONE',  ( 0.06948280738460116400, 0.04011591754755040900, -0.08025754593175600500 ) ) ;
#118 = CARTESIAN_POINT ( 'NONE',  ( -0.004581431156590782400, -0.07874015748031501500, -0.06125506746700096200 ) ) ;
#119 = MANIFOLD_SOLID_BREP ( 'Cut-Extrude3', #907 ) ;
#120 = CARTESIAN_POINT ( 'NONE',  ( -0.05268900817200262300, -0.03042001305144014300, 0.05495406824147132400 ) ) ;
#121 = CARTESIAN_POINT ( 'NONE',  ( 0.05286645158190810000, 0.03645038236982861600, 0.04677570168327537700 ) ) ;
#122 = ORIENTED_EDGE ( 'NONE', *, *, #1986, .T. ) ;
#123 = CARTESIAN_POINT ( 'NONE',  ( 0.07874015748031507100, -0.02109836160874974800, 0.05487162444421515200 ) ) ;
#124 = CARTESIAN_POINT ( 'NONE',  ( 0.02078262523373855200, 0.06824138243086340400, 0.05391608226001563100 ) ) ;
#125 = CONICAL_SURFACE ( 'NONE', #405, 0.1377952755905514400, 1.047197551196600100 ) ;
#126 = CARTESIAN_POINT ( 'NONE',  ( -0.04632187158973415100, 0.08023183509510077600, 0.03514599737532991100 ) ) ;
#127 = CARTESIAN_POINT ( 'NONE',  ( -0.01124259757764029300, -0.1526213621726851300, 0.05443228090504943100 ) ) ;
#128 = CARTESIAN_POINT ( 'NONE',  ( 0.06948280738460116400, 0.04011591754755040900, -0.02513943569553600500 ) ) ;
#129 = VERTEX_POINT ( 'NONE', #489 ) ;
#130 = CIRCLE ( 'NONE', #1851, 0.1377952755905514400 ) ;
#131 = DATE_TIME_ROLE ( 'classification_date' ) ;
#132 = CARTESIAN_POINT ( 'NONE',  ( 0.03512600544800177600, -0.06084002610288021700, 0.06184383202099881500 ) ) ;
#133 = CC_DESIGN_DATE_AND_TIME_ASSIGNMENT ( #684, #2112, ( #693 ) ) ;
#134 = CARTESIAN_POINT ( 'NONE',  ( -2.789570765205078300E-016, 0.1591122789105269800, -0.05068474837914803400 ) ) ;
#135 = VERTEX_POINT ( 'NONE', #1748 ) ;
#136 = ORIENTED_EDGE ( 'NONE', *, *, #1291, .F. ) ;
#137 = CARTESIAN_POINT ( 'NONE',  ( 0.06131061816030318500, 2.503656654909394500E-015, -0.04407090904945430700 ) ) ;
#138 = CARTESIAN_POINT ( 'NONE',  ( 0.09264374317946821900, 5.672793177288260000E-018, 0.02595964566929324200 ) ) ;
#139 = CARTESIAN_POINT ( 'NONE',  ( 0.1377952755905509100, 0.0000000000000000000, 0.06299212598425199500 ) ) ;
#140 = CARTESIAN_POINT ( 'NONE',  ( 0.04632187158973414400, -0.08023183509510079000, -0.004470144356953496800 ) ) ;
#141 = CARTESIAN_POINT ( 'NONE',  ( 0.07025201089600351100, 4.301695013872784000E-018, 0.01131889763779715200 ) ) ;
#142 = DIRECTION ( 'NONE',  ( -1.000000000000000000, 0.0000000000000000000, 0.0000000000000000000 ) ) ;
#143 = VERTEX_POINT ( 'NONE', #1914 ) ;
#144 = COORDINATED_UNIVERSAL_TIME_OFFSET ( 6, 0, .BEHIND. ) ;
#145 = DIRECTION ( 'NONE',  ( -0.0000000000000000000, -0.0000000000000000000, -1.000000000000000000 ) ) ;
#146 = CARTESIAN_POINT ( 'NONE',  ( 0.05268900817200263000, 0.03042001305144011900, 0.01706036745407016300 ) ) ;
#147 = EDGE_CURVE ( 'NONE', #1661, #1109, #1102, .T. ) ;
#148 = CARTESIAN_POINT ( 'NONE',  ( 0.0000000000000000000, 0.08023183509510080400, -0.04810531496062766400 ) ) ;
#149 = CARTESIAN_POINT ( 'NONE',  ( 0.04546065111729343000, -0.07874015748031500100, -0.05872703412073277500 ) ) ;
#150 = CARTESIAN_POINT ( 'NONE',  ( -0.07025201089600351100, -1.290508504161835300E-017, 0.02854330708661599600 ) ) ;
#151 = DIRECTION ( 'NONE',  ( 1.000000000000000000, 0.0000000000000000000, 0.0000000000000000000 ) ) ;
#152 = CARTESIAN_POINT ( 'NONE',  ( 0.06948280738460117800, -0.04011591754755038800, 0.02538549868766567400 ) ) ;
#153 = VERTEX_POINT ( 'NONE', #1646 ) ;
#154 = CARTESIAN_POINT ( 'NONE',  ( 0.04552429391308004300, 0.1328288155651425300, -0.06181362163790814900 ) ) ;
#155 = FACE_OUTER_BOUND ( 'NONE', #1949, .T. ) ;
#156 = CARTESIAN_POINT ( 'NONE',  ( 0.05268900817200263700, -0.03042001305144009800, 0.01246719160105182500 ) ) ;
#157 = VERTEX_POINT ( 'NONE', #494 ) ;
#158 = DIRECTION ( 'NONE',  ( 1.000000000000000000, 0.0000000000000000000, 0.0000000000000000000 ) ) ;
#159 = CARTESIAN_POINT ( 'NONE',  ( 0.04632187158973414400, -0.08023183509510079000, -0.08714730971128351000 ) ) ;
#160 = CARTESIAN_POINT ( 'NONE',  ( -0.07874015748031507100, -1.381643325322315600E-015, -0.01624015748031237800 ) ) ;
#161 = CARTESIAN_POINT ( 'NONE',  ( -0.06001931788084928500, 0.02654795526000323600, 0.04816098631897054000 ) ) ;
#162 = CARTESIAN_POINT ( 'NONE',  ( -0.06370622266878071800, -0.02300328514454177300, 0.05033409880691812300 ) ) ;
#163 = CARTESIAN_POINT ( 'NONE',  ( 0.01914612239703751900, 0.05855822235455246400, 0.04412202085201020300 ) ) ;
#164 = EDGE_CURVE ( 'NONE', #1050, #1289, #1780, .T. ) ;
#165 = CARTESIAN_POINT ( 'NONE',  ( -0.05860995145885029800, -0.03592829650653724100, 0.05088012081582853800 ) ) ;
#166 = AXIS2_PLACEMENT_3D ( 'NONE', #949, #474, #1782 ) ;
#167 = DIRECTION ( 'NONE',  ( 0.5000000000000008900, -0.8660254037844381500, 0.0000000000000000000 ) ) ;
#168 = CARTESIAN_POINT ( 'NONE',  ( 0.03512600544800174200, -0.06084002610288014000, -0.07250656167978737600 ) ) ;
#169 = CARTESIAN_POINT ( 'NONE',  ( 0.02681103373369459600, 0.07403499760353544900, 0.06150044836946612400 ) ) ;
#170 = VERTEX_POINT ( 'NONE', #668 ) ;
#171 = CARTESIAN_POINT ( 'NONE',  ( 0.05268900817200258800, -0.03042001305144007000, 0.01246719160105179100 ) ) ;
#172 = FACE_BOUND ( 'NONE', #478, .T. ) ;
#173 = DIRECTION ( 'NONE',  ( 0.8660254037844380400, 0.5000000000000007800, 0.0000000000000000000 ) ) ;
#174 = VERTEX_POINT ( 'NONE', #1795 ) ;
#175 = CARTESIAN_POINT ( 'NONE',  ( -0.07025201089600351100, -1.290508504161835300E-017, -0.03001968503936785000 ) ) ;
#176 = CONICAL_SURFACE ( 'NONE', #1869, 0.1377952755905514400, 1.047197551196600100 ) ;
#177 = EDGE_CURVE ( 'NONE', #1109, #104, #1033, .T. ) ;
#178 = DIRECTION ( 'NONE',  ( -0.0000000000000000000, -0.0000000000000000000, -1.000000000000000000 ) ) ;
#179 = VERTEX_POINT ( 'NONE', #114 ) ;
#180 = VERTEX_POINT ( 'NONE', #1453 ) ;
#181 = AXIS2_PLACEMENT_3D ( 'NONE', #1396, #878, #1038 ) ;
#182 = CARTESIAN_POINT ( 'NONE',  ( -0.03994042933297144900, -0.05674210206074510600, 0.05199328985969888700 ) ) ;
#183 = CARTESIAN_POINT ( 'NONE',  ( 0.05843955576441659000, 0.01692120262442311700, 0.04360031699203129100 ) ) ;
#184 = CARTESIAN_POINT ( 'NONE',  ( 0.07025201089600351100, 4.301695013872784000E-018, -0.04379921259842285000 ) ) ;
#185 =( BOUNDED_CURVE ( )  B_SPLINE_CURVE ( 2, ( #1222, #581, #559, #1681, #736, #1039, #406, #1525, #708 ),
 .UNSPECIFIED., .F., .T. ) 
 B_SPLINE_CURVE_WITH_KNOTS ( ( 3, 2, 2, 2, 3 ),
 ( 0.04007313017324939900, 0.04111839911836545600, 0.04320893700860589000, 0.04529947489884631600, 0.04634474384399064200 ),
 .UNSPECIFIED. ) 
 CURVE ( )  GEOMETRIC_REPRESENTATION_ITEM ( )  RATIONAL_B_SPLINE_CURVE ( ( 0.9330127018922194100, 0.9330127018924860800, 1.000000000000000000, 0.8660254037844387100, 1.000000000000000000, 0.8660254037844387100, 1.000000000000000000, 0.9330127018906742000, 0.9330127018922193000 ) ) 
 REPRESENTATION_ITEM ( '' )  );
#186 = CARTESIAN_POINT ( 'NONE',  ( -0.05334955396219100100, -0.04389456218392910600, 0.05122479589558369400 ) ) ;
#187 = CARTESIAN_POINT ( 'NONE',  ( -0.06819097667594148400, -0.03937007874015835400, -0.04150262467191237500 ) ) ;
#188 = CARTESIAN_POINT ( 'NONE',  ( -0.03416198003647499800, 0.07094343887909083900, 0.06150044836933275100 ) ) ;
#189 = CARTESIAN_POINT ( 'NONE',  ( 0.07012648442957607200, 0.04035858671585820100, -0.06299212598425556200 ) ) ;
#190 = CARTESIAN_POINT ( 'NONE',  ( 0.06217901991268758000, -0.004899185794481060300, -0.04493931080183853600 ) ) ;
#191 = DIRECTION ( 'NONE',  ( 1.000000000000000000, 0.0000000000000000000, 0.0000000000000000000 ) ) ;
#192 = ORIENTED_EDGE ( 'NONE', *, *, #64, .F. ) ;
#193 = FACE_OUTER_BOUND ( 'NONE', #751, .T. ) ;
#194 = CARTESIAN_POINT ( 'NONE',  ( 7.450754322693361400E-018, -0.06084002610288016100, -0.01968503937007654000 ) ) ;
#195 = CARTESIAN_POINT ( 'NONE',  ( 7.450754322693369100E-018, -0.06084002610288023100, 0.03198818897637970000 ) ) ;
#196 = ORIENTED_EDGE ( 'NONE', *, *, #1940, .T. ) ;
#197 = CONICAL_SURFACE ( 'NONE', #1124, 0.08023183509510094200, 0.7853981633974500600 ) ;
#198 = B_SPLINE_CURVE_WITH_KNOTS ( 'NONE', 3,
 ( #1420, #938, #109, #1890, #1230, #1717 ),
 .UNSPECIFIED., .F., .F.,
 ( 4, 2, 4 ),
 ( 0.003792108599009411300, 0.004815123802511511400, 0.005838139006013612400 ),
 .UNSPECIFIED. ) ;
#199 = CARTESIAN_POINT ( 'NONE',  ( 0.0000000000000000000, 0.0000000000000000000, 0.06299212598425199500 ) ) ;
#200 = CARTESIAN_POINT ( 'NONE',  ( -0.05268900817200266500, 0.03042001305144007400, -0.05987532808398702400 ) ) ;
#201 = EDGE_CURVE ( 'NONE', #1343, #580, #664, .T. ) ;
#202 = CARTESIAN_POINT ( 'NONE',  ( 0.08023183509510094200, -8.457152213576634900E-019, -0.06299212598425199500 ) ) ;
#203 = AXIS2_PLACEMENT_3D ( 'NONE', #2087, #650, #1306 ) ;
#204 = CARTESIAN_POINT ( 'NONE',  ( 0.03557996562329080600, 0.07210204556788386800, -0.06299212598425200900 ) ) ;
#205 = ADVANCED_FACE ( 'NONE', ( #1086 ), #309, .T. ) ;
#206 = ADVANCED_BREP_SHAPE_REPRESENTATION ( '90591A255_Zinc-Plated Steel Hex Nut', ( #119, #324 ), #1792 ) ;
#207 = DIRECTION ( 'NONE',  ( 1.000000000000000000, 8.881784197001252300E-016, 0.0000000000000000000 ) ) ;
#208 = APPROVAL_DATE_TIME ( #369, #1097 ) ;
#209 = DIRECTION ( 'NONE',  ( 0.0000000000000000000, 0.0000000000000000000, 1.000000000000000000 ) ) ;
#210 = CARTESIAN_POINT ( 'NONE',  ( -0.1377952755905514400, 0.07955613945526342200, 0.06299212598425199500 ) ) ;
#211 = CARTESIAN_POINT ( 'NONE',  ( 0.06414215297649661400, 0.04931811605272660300, -0.06299212598425134300 ) ) ;
#212 = B_SPLINE_CURVE_WITH_KNOTS ( 'NONE', 3,
 ( #1709, #908, #1223, #1233, #246, #228 ),
 .UNSPECIFIED., .F., .F.,
 ( 4, 2, 4 ),
 ( 0.01298168697682234100, 0.01400405614601538100, 0.01502642531520842000 ),
 .UNSPECIFIED. ) ;
#213 = CARTESIAN_POINT ( 'NONE',  ( -0.03141223022322971900, -0.05675885882160535600, -0.04731461355853007500 ) ) ;
#214 = CARTESIAN_POINT ( 'NONE',  ( 0.03512600544800175600, 0.06084002610288023100, 0.07103018372703548400 ) ) ;
#215 = AXIS2_PLACEMENT_3D ( 'NONE', #1967, #839, #1662 ) ;
#216 = CARTESIAN_POINT ( 'NONE',  ( -0.06819097667594009600, -0.03937007874015754900, -0.03805774278215030800 ) ) ;
#217 = ADVANCED_FACE ( 'NONE', ( #835 ), #665, .F. ) ;
#218 = CARTESIAN_POINT ( 'NONE',  ( -0.05268900817200266500, 0.03042001305144007400, -0.004757217847766979200 ) ) ;
#219 = VERTEX_POINT ( 'NONE', #1336 ) ;
#220 = CARTESIAN_POINT ( 'NONE',  ( -0.04720074444891933500, -0.04573730721603687400, -0.04816930410239406200 ) ) ;
#221 = CARTESIAN_POINT ( 'NONE',  ( 0.06889763779527553800, -0.1193342091828948500, 0.06299212598425199500 ) ) ;
#222 = FACE_OUTER_BOUND ( 'NONE', #829, .T. ) ;
#223 = DIRECTION ( 'NONE',  ( -0.0000000000000000000, -0.0000000000000000000, -1.000000000000000000 ) ) ;
#224 = ORIENTED_EDGE ( 'NONE', *, *, #401, .T. ) ;
#225 = FACE_OUTER_BOUND ( 'NONE', #2075, .T. ) ;
#226 = CARTESIAN_POINT ( 'NONE',  ( -0.04546065111729337400, -0.07874015748031502900, -0.03576115485564112400 ) ) ;
#227 = ORIENTED_EDGE ( 'NONE', *, *, #849, .F. ) ;
#228 = CARTESIAN_POINT ( 'NONE',  ( -0.1377952755905513800, -0.07955613945526304700, -0.05068474837914815900 ) ) ;
#229 = B_SPLINE_CURVE_WITH_KNOTS ( 'NONE', 3,
 ( #519, #1814, #1978, #1172 ),
 .UNSPECIFIED., .F., .F.,
 ( 4, 4 ),
 ( 2.380739282170944100E-007, 0.002044882221487539700 ),
 .UNSPECIFIED. ) ;
#230 = CARTESIAN_POINT ( 'NONE',  ( 0.1377952755905509100, -0.07955613945526814100, -0.05068474837915162200 ) ) ;
#231 = CARTESIAN_POINT ( 'NONE',  ( 0.0000000000000000000, 0.0000000000000000000, 0.06299212598425199500 ) ) ;
#232 = CARTESIAN_POINT ( 'NONE',  ( -0.04546065111729337400, -0.07874015748031502900, 0.01935695538057886600 ) ) ;
#233 = CARTESIAN_POINT ( 'NONE',  ( -0.05185370151792038200, -0.06183928362472516900, -0.06299212598425200900 ) ) ;
#234 = APPROVAL_PERSON_ORGANIZATION ( #319, #1675, #644 ) ;
#235 = CARTESIAN_POINT ( 'NONE',  ( 0.06948280738460116400, 0.04011591754755040900, 0.08337434383202242700 ) ) ;
#236 = CARTESIAN_POINT ( 'NONE',  ( 0.07013255324851624900, 0.04034697491423355100, 0.06299212598424755400 ) ) ;
#237 = CARTESIAN_POINT ( 'NONE',  ( 0.07874015748032235600, 0.02109836160875144500, -0.05634800239696294300 ) ) ;
#238 = CARTESIAN_POINT ( 'NONE',  ( 0.07874015748031501500, -3.431233423813696700E-017, 0.02854330708661553800 ) ) ;
#239 = EDGE_CURVE ( 'NONE', #743, #24, #1173, .T. ) ;
#240 = DIRECTION ( 'NONE',  ( -0.4999999999999990600, -0.8660254037844392600, 0.0000000000000000000 ) ) ;
#241 = CARTESIAN_POINT ( 'NONE',  ( 0.05268900817200264400, -0.03042001305144010500, 0.009022309711287980800 ) ) ;
#242 = CARTESIAN_POINT ( 'NONE',  ( 0.07025201089600342800, 4.301695013872779400E-018, 0.01476377952756096500 ) ) ;
#243 = CC_DESIGN_PERSON_AND_ORGANIZATION_ASSIGNMENT ( #487, #1297, ( #2004 ) ) ;
#244 = CARTESIAN_POINT ( 'NONE',  ( 0.07874015748031507100, 0.02109836160874976900, 0.02977404484712593500 ) ) ;
#245 = ORIENTED_EDGE ( 'NONE', *, *, #510, .T. ) ;
#246 = CARTESIAN_POINT ( 'NONE',  ( -0.1377952755905513800, -0.06659597110413152700, -0.05442602672228269400 ) ) ;
#247 = ORIENTED_EDGE ( 'NONE', *, *, #1561, .F. ) ;
#248 = CYLINDRICAL_SURFACE ( 'NONE', #1730, 0.07874015748031502900 ) ;
#249 = ADVANCED_FACE ( 'NONE', ( #105 ), #1871, .F. ) ;
#250 = CARTESIAN_POINT ( 'NONE',  ( 0.03378086947051692200, 0.06017511101581490100, 0.05158608860272617000 ) ) ;
#251 = CARTESIAN_POINT ( 'NONE',  ( 0.05268900817200264400, -0.03042001305144010500, 0.03658136482939798600 ) ) ;
#252 = ORIENTED_EDGE ( 'NONE', *, *, #1754, .F. ) ;
#253 = LINE ( 'NONE', #1627, #1953 ) ;
#254 = CARTESIAN_POINT ( 'NONE',  ( -0.03512600544800175600, 0.06084002610288014000, 0.02395013123359763000 ) ) ;
#255 = CARTESIAN_POINT ( 'NONE',  ( 0.03512600544800170700, 0.06084002610288016800, 0.07447506561679931300 ) ) ;
#256 = CARTESIAN_POINT ( 'NONE',  ( -0.02103989701918491900, -0.07812645005580659600, 0.06299212598425196800 ) ) ;
#257 = CARTESIAN_POINT ( 'NONE',  ( -0.07318410221674143100, -0.03401446679508807900, -0.06299212598425196800 ) ) ;
#258 = B_SPLINE_CURVE_WITH_KNOTS ( 'NONE', 3,
 ( #1254, #1916, #1310, #1140, #1947, #1 ),
 .UNSPECIFIED., .F., .F.,
 ( 4, 2, 4 ),
 ( 0.01093525921502722600, 0.01195847309592478300, 0.01298168697682234100 ),
 .UNSPECIFIED. ) ;
#259 = CARTESIAN_POINT ( 'NONE',  ( 0.0000000000000000000, 0.08023183509510080400, 0.06040846456693074700 ) ) ;
#260 = CARTESIAN_POINT ( 'NONE',  ( -0.1377952755905513800, -0.07955613945526304700, 0.06299212598425199500 ) ) ;
#261 = CARTESIAN_POINT ( 'NONE',  ( -0.03512600544800179000, 0.06084002610288021700, -0.007053805774276192400 ) ) ;
#262 = AXIS2_PLACEMENT_3D ( 'NONE', #711, #1191, #1531 ) ;
#263 = CARTESIAN_POINT ( 'NONE',  ( 0.0000000000000000000, 0.06084002610288016100, -0.005905511811021537700 ) ) ;
#264 = CALENDAR_DATE ( 2021, 14, 9 ) ;
#265 = CARTESIAN_POINT ( 'NONE',  ( 0.03551907033921861800, -0.07213230743606192900, 0.06299212598425203700 ) ) ;
#266 = CARTESIAN_POINT ( 'NONE',  ( 0.02138495181009117400, -0.07792240769954618400, -0.06299212598425200900 ) ) ;
#267 = CARTESIAN_POINT ( 'NONE',  ( 9.825566003893348200E-018, -0.08023183509510080400, 0.01906988188976574400 ) ) ;
#268 = CARTESIAN_POINT ( 'NONE',  ( -0.08023183509510094200, -8.457152213576634900E-019, 0.06299212598425199500 ) ) ;
#269 = CARTESIAN_POINT ( 'NONE',  ( 0.0000000000000000000, 0.06084002610288023100, 0.04576771653543465500 ) ) ;
#270 = CARTESIAN_POINT ( 'NONE',  ( 0.03512600544800174200, -0.06084002610288014000, 0.01017060367454262700 ) ) ;
#271 = CARTESIAN_POINT ( 'NONE',  ( -0.03552677462522116400, -0.07212706616104258600, 0.06299212598425196800 ) ) ;
#272 = CARTESIAN_POINT ( 'NONE',  ( 0.04296802764293702200, -0.06792432680560393800, -0.06299212598425203700 ) ) ;
#273 = EDGE_CURVE ( 'NONE', #1155, #143, #1960, .T. ) ;
#274 = CARTESIAN_POINT ( 'NONE',  ( 0.1152162815785816600, -0.09259212772610463100, -0.05752594247619728000 ) ) ;
#275 = CARTESIAN_POINT ( 'NONE',  ( 0.05268900817200263700, 0.03042001305144012600, -0.01394356955380369300 ) ) ;
#276 = EDGE_LOOP ( 'NONE', ( #553, #99, #224, #387, #2055, #1138 ) ) ;
#277 = DIRECTION ( 'NONE',  ( 1.000000000000000000, 0.0000000000000000000, 0.0000000000000000000 ) ) ;
#278 =( BOUNDED_CURVE ( )  B_SPLINE_CURVE ( 2, ( #1751, #118, #1103, #149, #1280, #1286, #1757 ),
 .UNSPECIFIED., .F., .F. ) 
 B_SPLINE_CURVE_WITH_KNOTS ( ( 3, 2, 2, 3 ),
 ( 0.1754335937654746300, 0.1786164263284210100, 0.2063942041061988000, 0.2202830929950876400 ),
 .UNSPECIFIED. ) 
 CURVE ( )  GEOMETRIC_REPRESENTATION_ITEM ( )  RATIONAL_B_SPLINE_CURVE ( ( 0.9728157656128546500, 0.9846489265320707000, 1.000000000000000000, 0.8660254037844388200, 1.000000000000000000, 0.9330127018922196300, 0.9330127018922194100 ) ) 
 REPRESENTATION_ITEM ( '' )  );
#279 = CARTESIAN_POINT ( 'NONE',  ( 0.0000000000000000000, 0.06084002610288016100, -0.06102362204724154400 ) ) ;
#280 = AXIS2_PLACEMENT_3D ( 'NONE', #1884, #741, #590 ) ;
#281 = VECTOR ( 'NONE', #92, 39.37007874015748100 ) ;
#282 = CARTESIAN_POINT ( 'NONE',  ( 0.01124259757764022700, 0.1526213621726856300, -0.05443228090504912500 ) ) ;
#283 = ORIENTED_EDGE ( 'NONE', *, *, #467, .F. ) ;
#284 = CARTESIAN_POINT ( 'NONE',  ( -0.03481187221783542400, -0.07228610458045549300, -0.06556065990951913400 ) ) ;
#285 = CYLINDRICAL_SURFACE ( 'NONE', #203, 0.07874015748031502900 ) ;
#286 = VERTEX_POINT ( 'NONE', #673 ) ;
#287 = CARTESIAN_POINT ( 'NONE',  ( -0.07874015748031501500, -3.431233423813696700E-017, -0.01279527559054946000 ) ) ;
#288 = CARTESIAN_POINT ( 'NONE',  ( 0.09264374317946821900, 5.672793177288260000E-018, -0.08255413385826516900 ) ) ;
#289 = PERSON_AND_ORGANIZATION_ROLE ( 'design_owner' ) ;
#290 = CARTESIAN_POINT ( 'NONE',  ( -0.03512600544800173500, -0.06084002610288025100, 0.05725065616798048800 ) ) ;
#291 = DIRECTION ( 'NONE',  ( 0.0000000000000000000, 0.0000000000000000000, -1.000000000000000000 ) ) ;
#292 = EDGE_CURVE ( 'NONE', #877, #174, #1589, .T. ) ;
#293 = CARTESIAN_POINT ( 'NONE',  ( 0.06948280738460116400, 0.04011591754755040900, 0.02825623359580241000 ) ) ;
#294 = CARTESIAN_POINT ( 'NONE',  ( 0.04665832016007507400, -0.05620041969002709200, 0.05565832073143028200 ) ) ;
#295 = CARTESIAN_POINT ( 'NONE',  ( -0.06948280738460115000, -0.04011591754755043600, -0.01135990813648099700 ) ) ;
#296 = CARTESIAN_POINT ( 'NONE',  ( -0.03512600544800179000, 0.06084002610288021700, 0.04806430446194381200 ) ) ;
#297 = CARTESIAN_POINT ( 'NONE',  ( 0.0000000000000000000, 0.07874015748038366800, -0.02312992125980032100 ) ) ;
#298 = CARTESIAN_POINT ( 'NONE',  ( -0.04546065111729337400, -0.07874015748031502900, 0.04691601049868886900 ) ) ;
#299 = CARTESIAN_POINT ( 'NONE',  ( 0.0000000000000000000, 0.0000000000000000000, 0.06299212598425199500 ) ) ;
#300 = CARTESIAN_POINT ( 'NONE',  ( -0.09264374317946821900, -1.701837953186478100E-017, -0.04121555118110016600 ) ) ;
#301 = CARTESIAN_POINT ( 'NONE',  ( -0.05268900817200262300, -0.03042001305144014300, -0.0001640419947486831300 ) ) ;
#302 = CARTESIAN_POINT ( 'NONE',  ( -0.04546065111733308500, 0.07874015748038365500, -0.02083333333329117100 ) ) ;
#303 = CARTESIAN_POINT ( 'NONE',  ( 0.06889763779527559300, 0.1193342091828954200, -0.06299212598425199500 ) ) ;
#304 = CARTESIAN_POINT ( 'NONE',  ( 0.05268900817200263700, -0.03042001305144009800, 0.04002624671916182900 ) ) ;
#305 = ORIENTED_EDGE ( 'NONE', *, *, #840, .T. ) ;
#306 = AXIS2_PLACEMENT_3D ( 'NONE', #548, #557, #1686 ) ;
#307 = DIRECTION ( 'NONE',  ( 1.000000000000000000, 0.0000000000000000000, 0.0000000000000000000 ) ) ;
#308 = CARTESIAN_POINT ( 'NONE',  ( -0.04632187158973407500, -0.08023183509510081700, 0.04605479002624816900 ) ) ;
#309 =( BOUNDED_SURFACE ( )  B_SPLINE_SURFACE ( 1, 2, ( 
 ( #597, #379, #235, #599, #919, #65, #758, #1703, #74, #1077, #1897, #1721, #259, #1553, #909, #731, #1874, #1225, #1880, #2046, #1068, #1235, #748, #126, #453, #1259, #293, #138, #1776, #1277, #267, #459, #1433, #441, #1946, #1315, #659, #2110, #50, #1854, #80, #991, #1400, #385, #2030, #1676, #2019, #1370, #2037, #377, #393, #1840, #1217, #400, #1708, #1742, #1066, #1885, #430, #1580, #1904, #914, #88, #1243, #425, #598, #1733, #756, #284, #777, #1759 ),
 ( #2078, #255, #1586, #852, #354, #1015, #26, #1658, #533, #1171, #1977, #1970, #1350, #1162, #518, #998, #1508, #862, #1832, #35, #540, #685, #1340, #1166, #1665, #365, #1813, #370, #171, #869, #1670, #1654, #342, #695, #688, #1996, #512, #1494, #1026, #1187, #1828, #14, #194, #1987, #1019, #1362, #1649, #679, #1356, #671, #1007, #1806, #841, #18, #349, #1501, #528, #1821, #1000, #1656, #825, #1330, #318, #1312, #10, #325, #830, #6, #515, #522, #1482 ) ),
 .UNSPECIFIED., .F., .F., .T. ) 
 B_SPLINE_SURFACE_WITH_KNOTS ( ( 2, 2 ),
 ( 3, 2, 2, 2, 2, 2, 2, 2, 2, 2, 2, 2, 2, 2, 2, 2, 2, 2, 2, 2, 2, 2, 2, 2, 2, 2, 2, 2, 2, 2, 2, 2, 2, 2, 2, 3 ),
 ( 0.0000000000000000000, 1.000000000000000000 ),
 ( 0.0000000000000000000, 0.02777777777777777600, 0.05555555555555555200, 0.08333333333333332900, 0.1111111111111111000, 0.1388888888888889000, 0.1666666666666666600, 0.1944444444444444500, 0.2222222222222222100, 0.2500000000000000000, 0.2777777777777777900, 0.3055555555555555800, 0.3333333333333333100, 0.3611111111111111000, 0.3888888888888889000, 0.4166666666666666900, 0.4444444444444444200, 0.4722222222222222100, 0.5000000000000000000, 0.5277777777777777900, 0.5555555555555555800, 0.5833333333333333700, 0.6111111111111111600, 0.6388888888888888400, 0.6666666666666666300, 0.6944444444444444200, 0.7222222222222222100, 0.7500000000000000000, 0.7777777777777777900, 0.8055555555555555800, 0.8333333333333333700, 0.8611111111111111600, 0.8888888888888888400, 0.9166666666666666300, 0.9286162721919770700, 0.9379024349138968000 ),
 .UNSPECIFIED. ) 
 GEOMETRIC_REPRESENTATION_ITEM ( )  RATIONAL_B_SPLINE_SURFACE ( (
 ( 1.000000000000000000, 0.8660254037844387100, 1.000000000000000000, 0.8660254037844387100, 1.000000000000000000, 0.8660254037844387100, 1.000000000000000000, 0.8660254037844387100, 1.000000000000000000, 0.8660254037844387100, 1.000000000000000000, 0.8660254037844387100, 1.000000000000000000, 0.8660254037844387100, 1.000000000000000000, 0.8660254037844387100, 1.000000000000000000, 0.8660254037844387100, 1.000000000000000000, 0.8660254037844387100, 1.000000000000000000, 0.8660254037844387100, 1.000000000000000000, 0.8660254037844387100, 1.000000000000000000, 0.8660254037844387100, 1.000000000000000000, 0.8660254037844387100, 1.000000000000000000, 0.8660254037844387100, 1.000000000000000000, 0.8660254037844387100, 1.000000000000000000, 0.8660254037844387100, 1.000000000000000000, 0.8660254037844387100, 1.000000000000000000, 0.8660254037844387100, 1.000000000000000000, 0.8660254037844387100, 1.000000000000000000, 0.8660254037844387100, 1.000000000000000000, 0.8660254037844387100, 1.000000000000000000, 0.8660254037844387100, 1.000000000000000000, 0.8660254037844387100, 1.000000000000000000, 0.8660254037844387100, 1.000000000000000000, 0.8660254037844387100, 1.000000000000000000, 0.8660254037844387100, 1.000000000000000000, 0.8660254037844387100, 1.000000000000000000, 0.8660254037844387100, 1.000000000000000000, 0.8660254037844387100, 1.000000000000000000, 0.8660254037844387100, 1.000000000000000000, 0.8660254037844387100, 1.000000000000000000, 0.8660254037844387100, 1.000000000000000000, 0.9423660312932067300, 0.9343186923315205400, 0.9343186923315205400, 0.9343186923315205400),
 ( 1.000000000000000000, 0.8660254037844387100, 1.000000000000000000, 0.8660254037844387100, 1.000000000000000000, 0.8660254037844387100, 1.000000000000000000, 0.8660254037844387100, 1.000000000000000000, 0.8660254037844387100, 1.000000000000000000, 0.8660254037844387100, 1.000000000000000000, 0.8660254037844387100, 1.000000000000000000, 0.8660254037844387100, 1.000000000000000000, 0.8660254037844387100, 1.000000000000000000, 0.8660254037844387100, 1.000000000000000000, 0.8660254037844387100, 1.000000000000000000, 0.8660254037844387100, 1.000000000000000000, 0.8660254037844387100, 1.000000000000000000, 0.8660254037844387100, 1.000000000000000000, 0.8660254037844387100, 1.000000000000000000, 0.8660254037844387100, 1.000000000000000000, 0.8660254037844387100, 1.000000000000000000, 0.8660254037844387100, 1.000000000000000000, 0.8660254037844387100, 1.000000000000000000, 0.8660254037844387100, 1.000000000000000000, 0.8660254037844387100, 1.000000000000000000, 0.8660254037844387100, 1.000000000000000000, 0.8660254037844387100, 1.000000000000000000, 0.8660254037844387100, 1.000000000000000000, 0.8660254037844387100, 1.000000000000000000, 0.8660254037844387100, 1.000000000000000000, 0.8660254037844387100, 1.000000000000000000, 0.8660254037844387100, 1.000000000000000000, 0.8660254037844387100, 1.000000000000000000, 0.8660254037844387100, 1.000000000000000000, 0.8660254037844387100, 1.000000000000000000, 0.8660254037844387100, 1.000000000000000000, 0.8660254037844387100, 1.000000000000000000, 0.9423660312932067300, 0.9343186923315205400, 0.9343186923315205400, 0.9343186923315205400) ) ) 
 REPRESENTATION_ITEM ( '' )  SURFACE ( )  );
#310 = ORIENTED_EDGE ( 'NONE', *, *, #452, .F. ) ;
#311 = CONICAL_SURFACE ( 'NONE', #280, 0.1377952755905514400, 1.047197551196600100 ) ;
#312 = CARTESIAN_POINT ( 'NONE',  ( 0.02257899401196742500, 0.1460762906396865200, -0.05752594247619659300 ) ) ;
#313 = VERTEX_POINT ( 'NONE', #339 ) ;
#314 = FACE_OUTER_BOUND ( 'NONE', #1080, .T. ) ;
#315 = DIRECTION ( 'NONE',  ( 0.0000000000000000000, 0.0000000000000000000, 1.000000000000000000 ) ) ;
#316 = CARTESIAN_POINT ( 'NONE',  ( -0.05268900817200261600, -0.03042001305144013600, 0.03083989501312516700 ) ) ;
#317 = CARTESIAN_POINT ( 'NONE',  ( -0.06948280738460115000, -0.04011591754755043600, -0.06647801837270100900 ) ) ;
#318 = CARTESIAN_POINT ( 'NONE',  ( 0.05268900817200258100, 0.03042001305144009100, -0.06561679790025988500 ) ) ;
#319 = PERSON_AND_ORGANIZATION ( #765, #793 ) ;
#320 = CARTESIAN_POINT ( 'NONE',  ( 7.450754322693369100E-018, -0.06084002610288022400, 0.007874015748033497800 ) ) ;
#321 = EDGE_CURVE ( 'NONE', #493, #1176, #1711, .T. ) ;
#322 = CARTESIAN_POINT ( 'NONE',  ( 0.07874015748031501500, 1.143744474604565700E-017, 0.0009842519685055390100 ) ) ;
#323 = DIRECTION ( 'NONE',  ( -1.000000000000000000, 0.0000000000000000000, 0.0000000000000000000 ) ) ;
#324 = AXIS2_PLACEMENT_3D ( 'NONE', #788, #1272, #277 ) ;
#325 = CARTESIAN_POINT ( 'NONE',  ( 0.03512600544800174200, -0.06084002610288014000, -0.07250656167978737600 ) ) ;
#326 = CARTESIAN_POINT ( 'NONE',  ( -0.07025201089600351100, -1.290508504161835300E-017, 0.0009842519685059976300 ) ) ;
#327 = DIRECTION ( 'NONE',  ( -0.0000000000000000000, -0.0000000000000000000, -1.000000000000000000 ) ) ;
#328 = VERTEX_POINT ( 'NONE', #3 ) ;
#329 = CARTESIAN_POINT ( 'NONE',  ( -0.06819097667594013800, 0.03937007874015745900, -0.04265091863516862900 ) ) ;
#330 = EDGE_CURVE ( 'NONE', #904, #174, #858, .T. ) ;
#331 = VECTOR ( 'NONE', #2002, 39.37007874015748100 ) ;
#332 = CARTESIAN_POINT ( 'NONE',  ( 0.02681103373369459600, 0.07403499760353544900, 0.06150044836946612400 ) ) ;
#333 = CARTESIAN_POINT ( 'NONE',  ( -0.05268900817200265800, 0.03042001305144007000, -0.02887139107611317800 ) ) ;
#334 = AXIS2_PLACEMENT_3D ( 'NONE', #1012, #373, #1022 ) ;
#335 = VERTEX_POINT ( 'NONE', #704 ) ;
#336 = DIRECTION ( 'NONE',  ( 0.0000000000000000000, 0.0000000000000000000, -1.000000000000000000 ) ) ;
#337 = ORIENTED_EDGE ( 'NONE', *, *, #330, .F. ) ;
#338 = ORIENTED_EDGE ( 'NONE', *, *, #1014, .T. ) ;
#339 = CARTESIAN_POINT ( 'NONE',  ( -0.009131947035207643700, -0.07820882266963852200, -0.06150044836946605400 ) ) ;
#340 = CARTESIAN_POINT ( 'NONE',  ( 0.07025201089600342800, 4.301695013872779400E-018, -0.06791338582676903500 ) ) ;
#341 = CARTESIAN_POINT ( 'NONE',  ( 0.008166452697800762700, 0.07186794778630407900, -0.05493822568415843200 ) ) ;
#342 = CARTESIAN_POINT ( 'NONE',  ( -0.05268900817200256000, -0.03042001305144010800, 0.003280839895015126900 ) ) ;
#343 = CARTESIAN_POINT ( 'NONE',  ( 0.08023183509517227400, 0.005246640264124299200, -0.06299212598425199500 ) ) ;
#344 = B_SPLINE_CURVE_WITH_KNOTS ( 'NONE', 3,
 ( #357, #1830, #372, #1522 ),
 .UNSPECIFIED., .F., .F.,
 ( 4, 4 ),
 ( 2.380739282168740200E-007, 0.002044882221487527100 ),
 .UNSPECIFIED. ) ;
#345 = CARTESIAN_POINT ( 'NONE',  ( 0.07874015748031507100, 0.02109836160874976900, -0.05290312050720407500 ) ) ;
#346 = CALENDAR_DATE ( 2021, 14, 9 ) ;
#347 = CARTESIAN_POINT ( 'NONE',  ( 0.05268900817200263700, 0.03042001305144012600, -0.06906167979002370000 ) ) ;
#348 = CARTESIAN_POINT ( 'NONE',  ( 0.07546470164134012900, 0.009346419080086348900, -0.05865599920599890600 ) ) ;
#349 = CARTESIAN_POINT ( 'NONE',  ( 7.450754322693361400E-018, -0.06084002610288016100, -0.04724409448818654000 ) ) ;
#350 = DIRECTION ( 'NONE',  ( -0.0000000000000000000, -0.0000000000000000000, -1.000000000000000000 ) ) ;
#351 = CARTESIAN_POINT ( 'NONE',  ( 0.03512600544800177600, -0.06084002610288021700, -0.07595144356955119100 ) ) ;
#352 = CARTESIAN_POINT ( 'NONE',  ( 0.02208086391846801300, 0.06944485994409389800, -0.05547799372515502300 ) ) ;
#353 = EDGE_LOOP ( 'NONE', ( #773, #963, #364 ) ) ;
#354 = CARTESIAN_POINT ( 'NONE',  ( 0.05268900817200258800, -0.03042001305144007000, 0.06758530183727180800 ) ) ;
#355 = CARTESIAN_POINT ( 'NONE',  ( -0.06497287780748868500, -0.01844086740089098000, 0.05013986601270593900 ) ) ;
#356 = ORIENTED_EDGE ( 'NONE', *, *, #945, .F. ) ;
#357 = CARTESIAN_POINT ( 'NONE',  ( -2.789570765205078300E-016, 0.1591122789105269800, -0.05068474837914803400 ) ) ;
#358 = ORIENTED_EDGE ( 'NONE', *, *, #876, .T. ) ;
#359 = CARTESIAN_POINT ( 'NONE',  ( -0.07874015748031658300, -0.02109836160875037600, -0.04256847483791113800 ) ) ;
#360 = CONICAL_SURFACE ( 'NONE', #1215, 0.1377952755905514400, 1.047197551196600100 ) ;
#361 = EDGE_CURVE ( 'NONE', #1181, #104, #130, .T. ) ;
#362 = CARTESIAN_POINT ( 'NONE',  ( 0.06062336303922542800, 0.04362885220370629800, -0.05730137270988729800 ) ) ;
#363 = VERTEX_POINT ( 'NONE', #1850 ) ;
#364 = ORIENTED_EDGE ( 'NONE', *, *, #1543, .F. ) ;
#365 = CARTESIAN_POINT ( 'NONE',  ( 0.03512600544800170700, 0.06084002610288016800, 0.01935695538057928900 ) ) ;
#366 = CARTESIAN_POINT ( 'NONE',  ( -0.08023183509510079000, 0.01045569485250063600, -0.06299212598425200900 ) ) ;
#367 = CARTESIAN_POINT ( 'NONE',  ( -0.04546065111729431800, -0.07874015748031666700, -0.03920603674540321800 ) ) ;
#368 = CARTESIAN_POINT ( 'NONE',  ( 0.06816546976453426200, 0.03168785308519993200, -0.05778465040139917800 ) ) ;
#369 = DATE_AND_TIME ( #1612, #1526 ) ;
#370 = CARTESIAN_POINT ( 'NONE',  ( 0.07025201089600342800, 4.301695013872779400E-018, 0.01476377952756096500 ) ) ;
#371 = CARTESIAN_POINT ( 'NONE',  ( 0.03512600544800177600, -0.06084002610288021700, 0.03428477690288885700 ) ) ;
#372 = CARTESIAN_POINT ( 'NONE',  ( -0.04542133258707227500, 0.1328882603144294100, -0.06299212598425209300 ) ) ;
#373 = DIRECTION ( 'NONE',  ( 0.0000000000000000000, 0.0000000000000000000, 1.000000000000000000 ) ) ;
#374 = CARTESIAN_POINT ( 'NONE',  ( 0.06433712777815817100, -0.04432562623164253100, -0.06067256102441877200 ) ) ;
#375 = AXIS2_PLACEMENT_3D ( 'NONE', #398, #1548, #56 ) ;
#376 = ADVANCED_FACE ( 'NONE', ( #882 ), #575, .F. ) ;
#377 = CARTESIAN_POINT ( 'NONE',  ( 0.04632187158973410200, 0.08023183509510080400, -0.02456528871390843300 ) ) ;
#378 = CARTESIAN_POINT ( 'NONE',  ( 0.0000000000000000000, 0.06084002610288023100, -0.009350393700785306800 ) ) ;
#379 = CARTESIAN_POINT ( 'NONE',  ( 0.04632187158973410200, 0.08023183509510080400, 0.08567093175853157700 ) ) ;
#380 = CARTESIAN_POINT ( 'NONE',  ( 0.07874015748036007600, -0.02109836160867187300, 0.02386768743634671800 ) ) ;
#381 = DIRECTION ( 'NONE',  ( 1.000000000000000000, 0.0000000000000000000, 0.0000000000000000000 ) ) ;
#382 = VERTEX_POINT ( 'NONE', #1352 ) ;
#383 = DIRECTION ( 'NONE',  ( 1.000000000000000000, 1.776356839400250500E-015, 0.0000000000000000000 ) ) ;
#384 = CARTESIAN_POINT ( 'NONE',  ( 0.06819097667594011000, -0.03937007874015750100, 0.02624671916010637400 ) ) ;
#385 = CARTESIAN_POINT ( 'NONE',  ( -0.04632187158973407500, -0.08023183509510081700, -0.01078576115485343200 ) ) ;
#386 = CARTESIAN_POINT ( 'NONE',  ( -0.02094792126501226000, 0.07816662484995752500, -0.06299212598425196800 ) ) ;
#387 = ORIENTED_EDGE ( 'NONE', *, *, #1347, .T. ) ;
#388 = CARTESIAN_POINT ( 'NONE',  ( 0.03560144589520052700, 0.07209150565282543300, 0.06299212598425196800 ) ) ;
#389 = CARTESIAN_POINT ( 'NONE',  ( 0.05268900817200263700, 0.03042001305144012600, 0.06873359580052632000 ) ) ;
#390 = EDGE_CURVE ( 'NONE', #633, #1181, #344, .T. ) ;
#391 = EDGE_LOOP ( 'NONE', ( #7, #916, #1945 ) ) ;
#392 = CARTESIAN_POINT ( 'NONE',  ( -0.06115470341567607500, 0.03202592188127356700, -0.05163286568754390400 ) ) ;
#393 = CARTESIAN_POINT ( 'NONE',  ( 0.06948280738460116400, 0.04011591754755040900, -0.02686187664041760400 ) ) ;
#394 = CARTESIAN_POINT ( 'NONE',  ( 7.450754322693369100E-018, -0.06084002610288023100, 0.004429133858269694100 ) ) ;
#395 = ORIENTED_EDGE ( 'NONE', *, *, #658, .F. ) ;
#396 = CARTESIAN_POINT ( 'NONE',  ( 0.04075546985105597100, -0.05868756684907606300, -0.05403907859045230200 ) ) ;
#397 = CARTESIAN_POINT ( 'NONE',  ( -0.06819097667594634100, 0.03937007874016103200, -0.04609580052492749700 ) ) ;
#398 = CARTESIAN_POINT ( 'NONE',  ( 0.0000000000000000000, 0.0000000000000000000, 0.06299212598425199500 ) ) ;
#399 = CARTESIAN_POINT ( 'NONE',  ( 0.07874015748031500100, -0.02109836160874990100, -0.02780554091011486600 ) ) ;
#400 = CARTESIAN_POINT ( 'NONE',  ( 0.04632187158973414400, -0.08023183509510079000, -0.03375164041994510600 ) ) ;
#401 = EDGE_CURVE ( 'NONE', #1605, #1155, #1346, .T. ) ;
#402 = CARTESIAN_POINT ( 'NONE',  ( 0.06889763779527580100, -0.1193342091828952900, -0.06299212598425199500 ) ) ;
#403 = CARTESIAN_POINT ( 'NONE',  ( 0.1377952755905508500, 0.01347751012707286400, 0.06299212598425231500 ) ) ;
#404 = CARTESIAN_POINT ( 'NONE',  ( 0.0000000000000000000, 0.0000000000000000000, -0.06299212598425199500 ) ) ;
#405 = AXIS2_PLACEMENT_3D ( 'NONE', #2036, #1691, #2042 ) ;
#406 = CARTESIAN_POINT ( 'NONE',  ( -0.06819097667594060900, 0.03937007874015772300, 0.03658136482939868700 ) ) ;
#407 = CARTESIAN_POINT ( 'NONE',  ( 1.528331810978151300E-016, -0.1591122789105264300, 0.06299212598425199500 ) ) ;
#408 = ORIENTED_EDGE ( 'NONE', *, *, #1895, .F. ) ;
#409 = CARTESIAN_POINT ( 'NONE',  ( -0.06751802367988162000, 7.069987845099647600E-013, -0.05027831456903272100 ) ) ;
#410 = CARTESIAN_POINT ( 'NONE',  ( 0.06819097667594631300, 0.03937007874016110200, -0.05528215223096416600 ) ) ;
#411 = ORIENTED_EDGE ( 'NONE', *, *, #1245, .F. ) ;
#412 = CARTESIAN_POINT ( 'NONE',  ( 0.07025201089600342800, 4.301695013872779400E-018, 0.06988188976378097200 ) ) ;
#413 = ORIENTED_EDGE ( 'NONE', *, *, #995, .F. ) ;
#414 = LINE ( 'NONE', #785, #554 ) ;
#415 = PLANE ( 'NONE',  #1963 ) ;
#416 =( BOUNDED_CURVE ( )  B_SPLINE_CURVE ( 2, ( #1029, #1364, #1036, #1041, #54, #1823, #535, #380, #1374 ),
 .UNSPECIFIED., .F., .T. ) 
 B_SPLINE_CURVE_WITH_KNOTS ( ( 3, 2, 2, 2, 3 ),
 ( 0.03380177955053425400, 0.03484700465434117900, 0.03693745486190280100, 0.03902790506946442200, 0.04007313017324939900 ),
 .UNSPECIFIED. ) 
 CURVE ( )  GEOMETRIC_REPRESENTATION_ITEM ( )  RATIONAL_B_SPLINE_CURVE ( ( 0.9330127018922194100, 0.9330127018905460800, 1.000000000000000000, 0.8660254037844387100, 1.000000000000000000, 0.8660254037844387100, 1.000000000000000000, 0.9330127018919527300, 0.9330127018922194100 ) ) 
 REPRESENTATION_ITEM ( '' )  );
#417 = ORIENTED_EDGE ( 'NONE', *, *, #1106, .F. ) ;
#418 = VERTEX_POINT ( 'NONE', #864 ) ;
#419 = CARTESIAN_POINT ( 'NONE',  ( 0.0000000000000000000, 0.0000000000000000000, -0.06299212598425199500 ) ) ;
#420 = CARTESIAN_POINT ( 'NONE',  ( 0.03702345572354261800, -0.06197245013482575300, -0.05478337989046840100 ) ) ;
#421 = CARTESIAN_POINT ( 'NONE',  ( -0.05268900817200262300, -0.03042001305144014300, -0.05528215223096869700 ) ) ;
#422 = CARTESIAN_POINT ( 'NONE',  ( 0.07874015748031502900, 9.642888182262632300E-018, 0.06299212598425199500 ) ) ;
#423 = DIRECTION ( 'NONE',  ( 1.000000000000000000, 0.0000000000000000000, -0.0000000000000000000 ) ) ;
#424 = ADVANCED_FACE ( 'NONE', ( #985 ), #1056, .F. ) ;
#425 = CARTESIAN_POINT ( 'NONE',  ( 0.06948280738460117800, -0.04011591754755038800, -0.05901410761154593500 ) ) ;
#426 = CARTESIAN_POINT ( 'NONE',  ( -0.06819097667594009600, -0.03937007874015754900, -0.01049868766404029500 ) ) ;
#427 = CARTESIAN_POINT ( 'NONE',  ( -0.03512600544800173500, -0.06084002610288025100, -0.05298556430445951900 ) ) ;
#428 = CARTESIAN_POINT ( 'NONE',  ( -0.05268900817200260200, 0.03042001305144003900, 0.05380577427821679700 ) ) ;
#429 = CARTESIAN_POINT ( 'NONE',  ( -0.07209556783554618700, -0.03559714463500436600, 0.06299212598425199500 ) ) ;
#430 = CARTESIAN_POINT ( 'NONE',  ( -0.06948280738460120600, 0.04011591754755034600, -0.04523458005249093200 ) ) ;
#431 = CARTESIAN_POINT ( 'NONE',  ( 0.02257899401196742500, 0.1460762906396865200, 0.05752594247619659300 ) ) ;
#432 = EDGE_CURVE ( 'NONE', #1513, #899, #416, .T. ) ;
#433 = B_SPLINE_CURVE_WITH_KNOTS ( 'NONE', 3,
 ( #2031, #744, #71, #1558, #737, #1244 ),
 .UNSPECIFIED., .F., .F.,
 ( 4, 2, 4 ),
 ( 0.002044882221487521100, 0.003063384235218445100, 0.004081886248949368800 ),
 .UNSPECIFIED. ) ;
#434 = CARTESIAN_POINT ( 'NONE',  ( 0.07361568652755715000, 0.01955095980450968100, 0.05882690968322452900 ) ) ;
#435 = CARTESIAN_POINT ( 'NONE',  ( -0.05268900817200266500, 0.03042001305144007400, -0.03231627296587702400 ) ) ;
#436 = CARTESIAN_POINT ( 'NONE',  ( -0.03512600544800170000, -0.06084002610288017500, -0.02198162729658571100 ) ) ;
#437 = CARTESIAN_POINT ( 'NONE',  ( 0.05297609229087046200, -0.06048611067339113700, 0.06299212598425196800 ) ) ;
#438 = ORIENTED_EDGE ( 'NONE', *, *, #1607, .T. ) ;
#439 = CARTESIAN_POINT ( 'NONE',  ( 0.1377952755905509100, 0.07955613945526379700, -0.05068474837914818000 ) ) ;
#440 = CIRCLE ( 'NONE', #456, 0.1377952755905514400 ) ;
#441 = CARTESIAN_POINT ( 'NONE',  ( -0.09264374317946821900, -1.701837953186478100E-017, 0.01218011811023824200 ) ) ;
#442 = CARTESIAN_POINT ( 'NONE',  ( 0.07042185659723301800, 0.03088198496521673800, 0.05925486280272059700 ) ) ;
#443 = CARTESIAN_POINT ( 'NONE',  ( 0.03512600544800177600, -0.06084002610288021700, -0.04839238845144119100 ) ) ;
#444 = ORIENTED_EDGE ( 'NONE', *, *, #1652, .T. ) ;
#445 = CIRCLE ( 'NONE', #1335, 0.07874015748031502900 ) ;
#446 =( NAMED_UNIT ( * ) SI_UNIT ( $, .STERADIAN. ) SOLID_ANGLE_UNIT ( ) );
#447 =( BOUNDED_CURVE ( )  B_SPLINE_CURVE ( 2, ( #1375, #2040, #577, #1687, #891, #1204, #1846, #1227, #710 ),
 .UNSPECIFIED., .F., .T. ) 
 B_SPLINE_CURVE_WITH_KNOTS ( ( 3, 2, 2, 2, 3 ),
 ( 0.5536164263284210100, 0.5675053152173099600, 0.5952830929950876400, 0.6230608707728654300, 0.6369497596617543800 ),
 .UNSPECIFIED. ) 
 CURVE ( )  GEOMETRIC_REPRESENTATION_ITEM ( )  RATIONAL_B_SPLINE_CURVE ( ( 0.9330127018922194100, 0.9330127018922194100, 1.000000000000000000, 0.8660254037844388200, 1.000000000000000000, 0.8660254037844388200, 1.000000000000000000, 0.9330127018922191900, 0.9330127018922194100 ) ) 
 REPRESENTATION_ITEM ( '' )  );
#448 = CARTESIAN_POINT ( 'NONE',  ( -0.05268900817200256000, -0.03042001305144010800, 0.003280839895015126900 ) ) ;
#449 = CARTESIAN_POINT ( 'NONE',  ( 0.005209935965988743600, -0.08023305329669164200, 0.06299212598425200900 ) ) ;
#450 = EDGE_LOOP ( 'NONE', ( #70, #1630, #784, #629 ) ) ;
#451 = CARTESIAN_POINT ( 'NONE',  ( 0.08023183509503614700, -0.004747393178009149000, -0.06299212598425200900 ) ) ;
#452 = EDGE_CURVE ( 'NONE', #1479, #170, #506, .T. ) ;
#453 = CARTESIAN_POINT ( 'NONE',  ( 0.0000000000000000000, 0.08023183509510080400, 0.03284940944882074700 ) ) ;
#454 = CARTESIAN_POINT ( 'NONE',  ( 0.0000000000000000000, 0.07874015748031502900, -0.01968503937007696000 ) ) ;
#455 = CARTESIAN_POINT ( 'NONE',  ( 0.03512600544800177600, -0.06084002610288021700, 0.006725721784778817100 ) ) ;
#456 = AXIS2_PLACEMENT_3D ( 'NONE', #857, #34, #1353 ) ;
#457 = CARTESIAN_POINT ( 'NONE',  ( 0.03512600544800175600, 0.06084002610288023100, -0.01164698162729452300 ) ) ;
#458 = CARTESIAN_POINT ( 'NONE',  ( 0.05786564498118013100, 0.02202765425197288800, 0.04446928787924682400 ) ) ;
#459 = CARTESIAN_POINT ( 'NONE',  ( -0.04632187158973407500, -0.08023183509510081700, 0.01677329396325657300 ) ) ;
#460 = CARTESIAN_POINT ( 'NONE',  ( 0.04546065111729338800, 0.07874015748031501500, -0.02198162729658612400 ) ) ;
#461 = CARTESIAN_POINT ( 'NONE',  ( 0.06948280738460117800, -0.04011591754755038800, -0.002173556430444333100 ) ) ;
#462 = APPROVAL_ROLE ( '' ) ;
#463 = CARTESIAN_POINT ( 'NONE',  ( 7.450754322693369100E-018, -0.06084002610288023100, 0.05954724409448965800 ) ) ;
#464 = CARTESIAN_POINT ( 'NONE',  ( -0.06819097667599959000, 0.03937007874019178600, -0.01853674540678199400 ) ) ;
#465 = CARTESIAN_POINT ( 'NONE',  ( 0.0000000000000000000, 0.0000000000000000000, 0.06299212598425199500 ) ) ;
#466 = DIRECTION ( 'NONE',  ( -0.7071067811865486800, 0.0000000000000000000, -0.7071067811865462400 ) ) ;
#467 = EDGE_CURVE ( 'NONE', #60, #1793, #1011, .T. ) ;
#468 = CARTESIAN_POINT ( 'NONE',  ( 0.04546065111729343000, -0.07874015748031500100, -0.003608923884512794600 ) ) ;
#469 = CARTESIAN_POINT ( 'NONE',  ( 0.09264374317946821900, 5.672793177288260000E-018, 0.02768208661417484500 ) ) ;
#470 = ORIENTED_EDGE ( 'NONE', *, *, #551, .F. ) ;
#471 =( NAMED_UNIT ( * ) PLANE_ANGLE_UNIT ( ) SI_UNIT ( $, .RADIAN. ) );
#472 = CARTESIAN_POINT ( 'NONE',  ( 0.05268900817200264400, -0.03042001305144010500, 0.03658136482939798600 ) ) ;
#473 = EDGE_LOOP ( 'NONE', ( #569, #196, #527, #1928 ) ) ;
#474 = DIRECTION ( 'NONE',  ( -0.0000000000000000000, -0.0000000000000000000, -1.000000000000000000 ) ) ;
#475 = ORIENTED_EDGE ( 'NONE', *, *, #2001, .F. ) ;
#476 = LINE ( 'NONE', #260, #1798 ) ;
#477 = CARTESIAN_POINT ( 'NONE',  ( -0.07874015748031501500, -0.02109836160874986600, 0.04355357240618094200 ) ) ;
#478 = EDGE_LOOP ( 'NONE', ( #856, #2069, #606, #521 ) ) ;
#479 = ORIENTED_EDGE ( 'NONE', *, *, #1211, .F. ) ;
#480 = CARTESIAN_POINT ( 'NONE',  ( -0.1377952755905514400, -5.914624404477027300E-017, -0.06299212598425199500 ) ) ;
#481 = CARTESIAN_POINT ( 'NONE',  ( 0.04632187158973410200, 0.08023183509510080400, 0.03227526246719317200 ) ) ;
#482 = CARTESIAN_POINT ( 'NONE',  ( 7.450754322693361400E-018, -0.06084002610288016100, -0.04724409448818654000 ) ) ;
#483 = CARTESIAN_POINT ( 'NONE',  ( 0.07874015748031644400, -0.02109836160874841900, 0.05142674255445255100 ) ) ;
#484 = EDGE_CURVE ( 'NONE', #1812, #313, #1305, .T. ) ;
#485 = CARTESIAN_POINT ( 'NONE',  ( -0.05720334656222138300, -0.1260859113742804900, 0.06299212598425237000 ) ) ;
#486 = CARTESIAN_POINT ( 'NONE',  ( 0.04632187158973410200, 0.08023183509510080400, -0.05040190288713684200 ) ) ;
#487 = PERSON_AND_ORGANIZATION ( #765, #793 ) ;
#488 = CC_DESIGN_PERSON_AND_ORGANIZATION_ASSIGNMENT ( #1307, #289, ( #96 ) ) ;
#489 = CARTESIAN_POINT ( 'NONE',  ( 0.07874015748031502900, -3.293984086861149700E-016, -0.05757874015747747900 ) ) ;
#490 = CARTESIAN_POINT ( 'NONE',  ( -0.05268900817200265800, 0.03042001305144007000, 0.02624671916010682500 ) ) ;
#491 = CARTESIAN_POINT ( 'NONE',  ( -0.1377952755905514400, 0.01347751012707274800, -0.06299212598425202300 ) ) ;
#492 = DIRECTION ( 'NONE',  ( 0.0000000000000000000, 0.0000000000000000000, 1.000000000000000000 ) ) ;
#493 = VERTEX_POINT ( 'NONE', #910 ) ;
#494 = CARTESIAN_POINT ( 'NONE',  ( -0.06751802367988162000, 7.069987845099647600E-013, -0.05027831456903272100 ) ) ;
#495 = CARTESIAN_POINT ( 'NONE',  ( -0.05268900817200265800, 0.03042001305144007000, -0.001312335958003175000 ) ) ;
#496 = ORIENTED_EDGE ( 'NONE', *, *, #1472, .F. ) ;
#497 = AXIS2_PLACEMENT_3D ( 'NONE', #1500, #13, #532 ) ;
#498 = CARTESIAN_POINT ( 'NONE',  ( 0.05985329548566432900, -0.04308878321601756400, 0.05636493683563460100 ) ) ;
#499 = CARTESIAN_POINT ( 'NONE',  ( -0.03481230152392345000, -0.07228589783169940600, -0.09139730128533424300 ) ) ;
#500 = FACE_OUTER_BOUND ( 'NONE', #1972, .T. ) ;
#501 = CARTESIAN_POINT ( 'NONE',  ( 0.04546065111733302300, -0.07874015748038359900, -0.007053805774236206200 ) ) ;
#502 = EDGE_LOOP ( 'NONE', ( #337, #438, #984, #1761 ) ) ;
#503 = LINE ( 'NONE', #1807, #958 ) ;
#504 = CARTESIAN_POINT ( 'NONE',  ( -0.03512600544800179000, 0.06084002610288021000, 0.02395013123359766200 ) ) ;
#505 = EDGE_CURVE ( 'NONE', #135, #1178, #780, .T. ) ;
#506 = B_SPLINE_CURVE_WITH_KNOTS ( 'NONE', 3,
 ( #871, #699, #32, #1195, #1189, #183 ),
 .UNSPECIFIED., .F., .F.,
 ( 4, 2, 4 ),
 ( 0.0000000000000000000, 0.0006134770824022306200, 0.001226954164804461000 ),
 .UNSPECIFIED. ) ;
#507 = CARTESIAN_POINT ( 'NONE',  ( -0.07874015748031501500, -3.431233423813696700E-017, -0.04035433070865946500 ) ) ;
#508 = VERTEX_POINT ( 'NONE', #1544 ) ;
#509 = CARTESIAN_POINT ( 'NONE',  ( -0.04352130647177648200, 0.04856303077242700400, 0.04704170073547438200 ) ) ;
#510 = EDGE_CURVE ( 'NONE', #1178, #1891, #520, .T. ) ;
#511 = ORIENTED_EDGE ( 'NONE', *, *, #1291, .T. ) ;
#512 = CARTESIAN_POINT ( 'NONE',  ( 0.0000000000000000000, 0.06084002610288016100, -0.005905511811021537700 ) ) ;
#513 = CARTESIAN_POINT ( 'NONE',  ( 0.0000000000000000000, 0.0000000000000000000, 0.06299212598425199500 ) ) ;
#514 = CC_DESIGN_APPROVAL ( #1675, ( #693 ) ) ;
#515 = CARTESIAN_POINT ( 'NONE',  ( -0.02639794056701769500, -0.05481475631633640100, -0.07675652605125142500 ) ) ;
#516 = CARTESIAN_POINT ( 'NONE',  ( -0.03512600544800173500, -0.06084002610288025100, 0.02969160104987048100 ) ) ;
#517 = CARTESIAN_POINT ( 'NONE',  ( 0.04453594560688821400, -0.04144946712684534400, -0.04360031698172340400 ) ) ;
#518 = CARTESIAN_POINT ( 'NONE',  ( 0.05268900817200258100, 0.03042001305144009100, 0.04461942257218012900 ) ) ;
#519 = CARTESIAN_POINT ( 'NONE',  ( -0.1377952755905513800, -0.07955613945526304700, -0.05068474837914815900 ) ) ;
#520 = B_SPLINE_CURVE_WITH_KNOTS ( 'NONE', 3,
 ( #1704, #890, #1411, #1698, #1406, #236, #2039, #1236, #2023, #61, #388, #724, #1564, #1865, #1212, #1881 ),
 .UNSPECIFIED., .F., .F.,
 ( 4, 2, 2, 2, 2, 2, 2, 4 ),
 ( 0.008374734353288174800, 0.008773248495953994000, 0.009171762638619811500, 0.009968790923951448300, 0.01036730506661726800, 0.01076581920928308700, 0.01116433335194890600, 0.01156284749461472400 ),
 .UNSPECIFIED. ) ;
#521 = ORIENTED_EDGE ( 'NONE', *, *, #1332, .F. ) ;
#522 = CARTESIAN_POINT ( 'NONE',  ( -0.03620437761690899900, -0.05009212759710444900, -0.07757595445992257500 ) ) ;
#523 = CARTESIAN_POINT ( 'NONE',  ( -0.04601043801979795600, -0.04536987533384297800, -0.08184022592219229700 ) ) ;
#524 = EDGE_CURVE ( 'NONE', #157, #745, #1503, .T. ) ;
#525 = VERTEX_POINT ( 'NONE', #2047 ) ;
#526 = DIRECTION ( 'NONE',  ( -0.0000000000000000000, -0.0000000000000000000, -1.000000000000000000 ) ) ;
#527 = ORIENTED_EDGE ( 'NONE', *, *, #1699, .T. ) ;
#528 = CARTESIAN_POINT ( 'NONE',  ( -0.05268900817200256000, -0.03042001305144010800, -0.05183727034120488900 ) ) ;
#529 = VERTEX_POINT ( 'NONE', #920 ) ;
#530 = ORIENTED_EDGE ( 'NONE', *, *, #401, .F. ) ;
#531 = CARTESIAN_POINT ( 'NONE',  ( 7.450754322693369100E-018, -0.06084002610288023100, -0.07824803149606035500 ) ) ;
#532 = DIRECTION ( 'NONE',  ( 1.000000000000000000, 0.0000000000000000000, 0.0000000000000000000 ) ) ;
#533 = CARTESIAN_POINT ( 'NONE',  ( -0.05268900817200256000, -0.03042001305144010800, 0.05839895013123513200 ) ) ;
#534 = CARTESIAN_POINT ( 'NONE',  ( 0.05384175602125882600, -0.02932925709018908600, -0.04360031699203132500 ) ) ;
#535 = CARTESIAN_POINT ( 'NONE',  ( 0.06819097667594015100, -0.03937007874015751400, 0.02280183727034339500 ) ) ;
#536 = DATE_AND_TIME ( #346, #86 ) ;
#537 = DIRECTION ( 'NONE',  ( -1.000000000000000000, 0.0000000000000000000, 0.0000000000000000000 ) ) ;
#538 = AXIS2_PLACEMENT_3D ( 'NONE', #45, #1834, #874 ) ;
#539 = PRODUCT_DEFINITION_SHAPE ( 'NONE', 'NONE',  #693 ) ;
#540 = CARTESIAN_POINT ( 'NONE',  ( -0.05268900817200256000, -0.03042001305144010800, 0.03083989501312512900 ) ) ;
#541 = CARTESIAN_POINT ( 'NONE',  ( 0.05268900817200264400, -0.03042001305144010500, -0.01853674540682197900 ) ) ;
#542 = CARTESIAN_POINT ( 'NONE',  ( 0.04546065111729437300, -0.07874015748031663900, -0.03461286089238487700 ) ) ;
#543 = CARTESIAN_POINT ( 'NONE',  ( -0.06889763779527559300, -0.1193342091828954200, -0.06299212598425199500 ) ) ;
#544 = CARTESIAN_POINT ( 'NONE',  ( 0.07972210921486958000, 0.01044898789348907800, -0.06299212598425203700 ) ) ;
#545 = ORIENTED_EDGE ( 'NONE', *, *, #1389, .F. ) ;
#546 = ADVANCED_FACE ( 'NONE', ( #1207 ), #1888, .F. ) ;
#547 = B_SPLINE_CURVE_WITH_KNOTS ( 'NONE', 3,
 ( #1608, #1736, #1417, #926 ),
 .UNSPECIFIED., .F., .F.,
 ( 4, 4 ),
 ( 2.380739282170944100E-007, 0.002044882221487520200 ),
 .UNSPECIFIED. ) ;
#548 = CARTESIAN_POINT ( 'NONE',  ( 0.0000000000000000000, 0.0000000000000000000, 0.06299212598425199500 ) ) ;
#549 = CARTESIAN_POINT ( 'NONE',  ( 0.07874015748031507100, -8.552234934408181900E-013, -0.03001968503941734500 ) ) ;
#550 = CIRCLE ( 'NONE', #262, 0.08023183509510094200 ) ;
#551 = EDGE_CURVE ( 'NONE', #1050, #1268, #1006, .T. ) ;
#552 = PLANE ( 'NONE',  #181 ) ;
#553 = ORIENTED_EDGE ( 'NONE', *, *, #1432, .T. ) ;
#554 = VECTOR ( 'NONE', #1929, 39.37007874015748100 ) ;
#555 = CC_DESIGN_APPROVAL ( #769, ( #2004 ) ) ;
#556 = CARTESIAN_POINT ( 'NONE',  ( -0.07025201089600351100, -1.290508504161835300E-017, 0.02509842519685219800 ) ) ;
#557 = DIRECTION ( 'NONE',  ( -0.0000000000000000000, -0.0000000000000000000, -1.000000000000000000 ) ) ;
#558 = CARTESIAN_POINT ( 'NONE',  ( -0.08023183509509790300, 0.006627168309112157000, 0.06299212598425196800 ) ) ;
#559 = CARTESIAN_POINT ( 'NONE',  ( 0.06819097667594056800, 0.03937007874015779200, 0.02739501312336201400 ) ) ;
#560 = CARTESIAN_POINT ( 'NONE',  ( -0.05268900817200266500, 0.03042001305144007400, 0.02280183727034302100 ) ) ;
#561 = EDGE_CURVE ( 'NONE', #1660, #1661, #1982, .T. ) ;
#562 = B_SPLINE_CURVE_WITH_KNOTS ( 'NONE', 3,
 ( #1955, #485, #1303, #1481, #127, #1131 ),
 .UNSPECIFIED., .F., .F.,
 ( 4, 2, 4 ),
 ( 0.002044882221487539700, 0.003063384235218502000, 0.004081886248949464200 ),
 .UNSPECIFIED. ) ;
#563 = CARTESIAN_POINT ( 'NONE',  ( 0.05049973557569964500, -0.04731210899752287500, -0.05178506544311867900 ) ) ;
#564 = CARTESIAN_POINT ( 'NONE',  ( 0.05268900817200264400, -0.03042001305144010500, 0.06414041994750799300 ) ) ;
#565 = CARTESIAN_POINT ( 'NONE',  ( -0.1377952755905514400, 0.07955613945526342200, -0.05068474837914801300 ) ) ;
#566 = CARTESIAN_POINT ( 'NONE',  ( 0.07025201089600351100, 4.301695013872784700E-018, 0.01131889763779719300 ) ) ;
#567 = CARTESIAN_POINT ( 'NONE',  ( 0.02895406598881911800, -0.06771723632734527600, -0.05624475545795303000 ) ) ;
#568 = CARTESIAN_POINT ( 'NONE',  ( -0.07380585209710031900, 0.03213678962506150800, 0.06299212598425199500 ) ) ;
#569 = ORIENTED_EDGE ( 'NONE', *, *, #1517, .F. ) ;
#570 = CARTESIAN_POINT ( 'NONE',  ( 0.07206048844873290400, -0.02866979699622310100, -0.06009422951309446900 ) ) ;
#571 = CARTESIAN_POINT ( 'NONE',  ( 0.04546065111729343000, -0.07874015748031500100, 0.02395013123359719700 ) ) ;
#572 = FACE_OUTER_BOUND ( 'NONE', #1519, .T. ) ;
#573 = CARTESIAN_POINT ( 'NONE',  ( -0.05837950283643284600, -0.05572006462610526500, -0.06299212598425119000 ) ) ;
#574 = ORIENTED_EDGE ( 'NONE', *, *, #1863, .T. ) ;
#575 = CYLINDRICAL_SURFACE ( 'NONE', #306, 0.07874015748031502900 ) ;
#576 = CARTESIAN_POINT ( 'NONE',  ( 0.1377952755905509100, 0.07955613945526379700, 0.06299212598425199500 ) ) ;
#577 = CARTESIAN_POINT ( 'NONE',  ( 0.06819097667594011000, 0.03937007874015752800, 0.003280839895014705400 ) ) ;
#578 = EDGE_CURVE ( 'NONE', #153, #335, #1021, .T. ) ;
#579 = ORIENTED_EDGE ( 'NONE', *, *, #1360, .F. ) ;
#580 = VERTEX_POINT ( 'NONE', #2073 ) ;
#581 = CARTESIAN_POINT ( 'NONE',  ( 0.07874015748027053700, 0.02109836160882794600, 0.02632916295736778900 ) ) ;
#582 = ADVANCED_FACE ( 'NONE', ( #25 ), #1493, .F. ) ;
#583 =( BOUNDED_CURVE ( )  B_SPLINE_CURVE ( 2, ( #1361, #1024, #1810, #1177, #1669, #1338, #188 ),
 .UNSPECIFIED., .F., .T. ) 
 B_SPLINE_CURVE_WITH_KNOTS ( ( 3, 2, 2, 3 ),
 ( 0.05261461580306015000, 0.05365890342199324000, 0.05574747865985958000, 0.05664588071608860100 ),
 .UNSPECIFIED. ) 
 CURVE ( )  GEOMETRIC_REPRESENTATION_ITEM ( )  RATIONAL_B_SPLINE_CURVE ( ( 0.9330127018922194100, 0.9330127018922246300, 1.000000000000000000, 0.8660254037844386000, 1.000000000000000000, 0.9423707365000291200, 0.9343200066230364900 ) ) 
 REPRESENTATION_ITEM ( '' )  );
#584 = AXIS2_PLACEMENT_3D ( 'NONE', #1465, #291, #2102 ) ;
#585 = CARTESIAN_POINT ( 'NONE',  ( 0.01068530302009077300, -0.07566629582108618000, -0.05901665435733043800 ) ) ;
#586 = CARTESIAN_POINT ( 'NONE',  ( -0.05268900817200266500, 0.03042001305144007400, -0.004757217847767020000 ) ) ;
#587 = ORIENTED_EDGE ( 'NONE', *, *, #1063, .T. ) ;
#588 = CARTESIAN_POINT ( 'NONE',  ( -0.05268900817200256000, -0.03042001305144010800, -0.02427821522309488500 ) ) ;
#589 = PERSON_AND_ORGANIZATION ( #765, #793 ) ;
#590 = DIRECTION ( 'NONE',  ( 1.000000000000000000, 0.0000000000000000000, 0.0000000000000000000 ) ) ;
#591 = CARTESIAN_POINT ( 'NONE',  ( 0.04552429391308004300, 0.1328288155651425300, 0.06181362163790814900 ) ) ;
#592 = EDGE_CURVE ( 'NONE', #493, #1605, #547, .T. ) ;
#593 = CARTESIAN_POINT ( 'NONE',  ( -0.06604328187810812300, -0.01277471350678093800, -0.04972386599964459500 ) ) ;
#594 = CARTESIAN_POINT ( 'NONE',  ( -0.05268900817200262300, -0.03042001305144014300, 0.05495406824147132400 ) ) ;
#595 = CARTESIAN_POINT ( 'NONE',  ( 0.07025201089600342800, 4.301695013872779400E-018, 0.04232283464567097200 ) ) ;
#596 = CARTESIAN_POINT ( 'NONE',  ( -0.07874015748031505700, 0.02109836160874980000, 0.04109209688516015500 ) ) ;
#597 = CARTESIAN_POINT ( 'NONE',  ( 0.0000000000000000000, 0.08023183509510080400, 0.08796751968504075400 ) ) ;
#598 = CARTESIAN_POINT ( 'NONE',  ( 0.04632187158973414400, -0.08023183509510079000, -0.06131069553805511300 ) ) ;
#599 = CARTESIAN_POINT ( 'NONE',  ( 0.09264374317946821900, 5.672793177288260000E-018, 0.08107775590551324900 ) ) ;
#600 = CARTESIAN_POINT ( 'NONE',  ( -0.03512600544800179000, 0.06084002610288021700, 0.02050524934383381900 ) ) ;
#601 = ORIENTED_EDGE ( 'NONE', *, *, #361, .T. ) ;
#602 = CARTESIAN_POINT ( 'NONE',  ( -0.07874015748031502900, 1.054042882950278900E-012, 0.01131889763773605600 ) ) ;
#603 = VECTOR ( 'NONE', #178, 39.37007874015748100 ) ;
#604 = CARTESIAN_POINT ( 'NONE',  ( -0.08023183509510546700, -0.01057098528370091300, 0.06299212598425199500 ) ) ;
#605 = ORIENTED_EDGE ( 'NONE', *, *, #2089, .F. ) ;
#606 = ORIENTED_EDGE ( 'NONE', *, *, #1023, .T. ) ;
#607 = B_SPLINE_CURVE_WITH_KNOTS ( 'NONE', 3,
 ( #960, #1915, #1123, #137 ),
 .UNSPECIFIED., .F., .F.,
 ( 4, 4 ),
 ( 0.0000000000000000000, 6.853977660068172700E-005 ),
 .UNSPECIFIED. ) ;
#608 = CARTESIAN_POINT ( 'NONE',  ( 0.1377952755905509100, -0.07955613945526814100, -0.05068474837915162200 ) ) ;
#609 = CARTESIAN_POINT ( 'NONE',  ( -0.03512600544800179000, 0.06084002610288021700, -0.03461286089238619500 ) ) ;
#610 = UNCERTAINTY_MEASURE_WITH_UNIT (LENGTH_MEASURE( 1.000000000000000100E-005 ), #1459, 'distance_accuracy_value', 'NONE');
#611 = CARTESIAN_POINT ( 'NONE',  ( -0.05268900817200260200, 0.03042001305144003900, 0.02624671916010679100 ) ) ;
#612 = CARTESIAN_POINT ( 'NONE',  ( 0.08023183509510080400, -9.815981079288257500E-013, 0.06299212598425198200 ) ) ;
#613 = CARTESIAN_POINT ( 'NONE',  ( 0.07874015748031508400, 0.02109836160874977200, -0.001229892160747060600 ) ) ;
#614 = CARTESIAN_POINT ( 'NONE',  ( 0.03512600544800175600, 0.06084002610288023100, -0.06676509186351452200 ) ) ;
#615 = CARTESIAN_POINT ( 'NONE',  ( 0.05268900817200258800, -0.03042001305144007000, 0.06758530183727180800 ) ) ;
#616 = EDGE_CURVE ( 'NONE', #60, #1819, #476, .T. ) ;
#617 = CARTESIAN_POINT ( 'NONE',  ( -0.07874015748031501500, -3.431233423813696700E-017, 0.04232283464567054100 ) ) ;
#618 = CARTESIAN_POINT ( 'NONE',  ( 0.1377952755905514400, 0.0000000000000000000, -0.06299212598425199500 ) ) ;
#619 = EDGE_CURVE ( 'NONE', #1109, #1176, #747, .T. ) ;
#620 = CARTESIAN_POINT ( 'NONE',  ( -0.07874015748031505700, 0.02109836160874980000, -0.01402601335105985700 ) ) ;
#621 = CARTESIAN_POINT ( 'NONE',  ( -0.06948280738460120600, 0.04011591754755034600, -0.07107119422571933600 ) ) ;
#622 = CARTESIAN_POINT ( 'NONE',  ( -0.03512600544800173500, -0.06084002610288025100, 0.002132545931760480900 ) ) ;
#623 = CC_DESIGN_PERSON_AND_ORGANIZATION_ASSIGNMENT ( #2035, #631, ( #693 ) ) ;
#624 = ORIENTED_EDGE ( 'NONE', *, *, #764, .F. ) ;
#625 = CARTESIAN_POINT ( 'NONE',  ( -0.07874015748031502900, 1.054042882950278900E-012, 0.01131889763773605600 ) ) ;
#626 = FACE_OUTER_BOUND ( 'NONE', #1849, .T. ) ;
#627 = CARTESIAN_POINT ( 'NONE',  ( 0.06819097667594011000, 0.03937007874015752800, -0.02427821522309530500 ) ) ;
#628 = CARTESIAN_POINT ( 'NONE',  ( 0.0000000000000000000, 0.08023183509510080400, 0.03457185039370234300 ) ) ;
#629 = ORIENTED_EDGE ( 'NONE', *, *, #1699, .F. ) ;
#630 = LINE ( 'NONE', #268, #2022 ) ;
#631 = PERSON_AND_ORGANIZATION_ROLE ( 'creator' ) ;
#632 = CARTESIAN_POINT ( 'NONE',  ( 0.05268900817200258100, 0.03042001305144009100, -0.06561679790025988500 ) ) ;
#633 = VERTEX_POINT ( 'NONE', #1425 ) ;
#634 = ORIENTED_EDGE ( 'NONE', *, *, #1169, .F. ) ;
#635 = DIRECTION ( 'NONE',  ( 1.000000000000000000, 0.0000000000000000000, 0.0000000000000000000 ) ) ;
#636 = EDGE_CURVE ( 'NONE', #1964, #811, #630, .T. ) ;
#637 = CARTESIAN_POINT ( 'NONE',  ( 9.825566003893348200E-018, -0.08023183509510080400, 0.04835137795275734600 ) ) ;
#638 = CARTESIAN_POINT ( 'NONE',  ( 0.0000000000000000000, 0.06084002610288023100, 0.01820866141732465500 ) ) ;
#639 = CARTESIAN_POINT ( 'NONE',  ( 0.07874015748058463300, 0.02109836160842016800, -0.02878894727883774000 ) ) ;
#640 = CARTESIAN_POINT ( 'NONE',  ( 0.0000000000000000000, 0.0000000000000000000, -0.06299212598425199500 ) ) ;
#641 = CARTESIAN_POINT ( 'NONE',  ( 0.06391301191628888400, -0.04873380140118239300, -0.06299212598425196800 ) ) ;
#642 = CARTESIAN_POINT ( 'NONE',  ( 0.07245429313939352700, -0.01836555548863523900, 0.05736174962588333500 ) ) ;
#643 = CARTESIAN_POINT ( 'NONE',  ( 0.06948280738460117800, -0.04011591754755038800, 0.05294455380577568100 ) ) ;
#644 = APPROVAL_ROLE ( '' ) ;
#645 = CARTESIAN_POINT ( 'NONE',  ( 0.05268900817200263700, 0.03042001305144012600, 0.04117454068241632000 ) ) ;
#646 = CARTESIAN_POINT ( 'NONE',  ( 0.06889763779527559300, 0.1193342091828954200, -0.06299212598425199500 ) ) ;
#647 = CARTESIAN_POINT ( 'NONE',  ( 0.07025201089600351100, 4.301695013872784700E-018, -0.04035433070865900700 ) ) ;
#648 = CARTESIAN_POINT ( 'NONE',  ( -0.06948280738460120600, 0.04011591754755034600, 0.03916502624672067000 ) ) ;
#649 = ORIENTED_EDGE ( 'NONE', *, *, #1507, .F. ) ;
#650 = DIRECTION ( 'NONE',  ( -0.0000000000000000000, -0.0000000000000000000, -1.000000000000000000 ) ) ;
#651 = CARTESIAN_POINT ( 'NONE',  ( 0.0000000000000000000, 0.06084002610288022400, 0.02165354330708849800 ) ) ;
#652 = ORIENTED_EDGE ( 'NONE', *, *, #1322, .F. ) ;
#653 = CONICAL_SURFACE ( 'NONE', #1530, 0.1377952755905514400, 1.047197551196600100 ) ;
#654 = CARTESIAN_POINT ( 'NONE',  ( 0.07452102156059742200, -0.009309224912362173300, 0.05771697001661128100 ) ) ;
#655 = DIRECTION ( 'NONE',  ( -1.000000000000000000, 0.0000000000000000000, 0.0000000000000000000 ) ) ;
#656 = CARTESIAN_POINT ( 'NONE',  ( 0.05382537978718984100, 0.06425202243252634000, 0.05985039684662288300 ) ) ;
#657 = CARTESIAN_POINT ( 'NONE',  ( 0.05268900817200263700, -0.03042001305144009800, -0.01509186351705817600 ) ) ;
#658 = EDGE_CURVE ( 'NONE', #1289, #135, #1574, .T. ) ;
#659 = CARTESIAN_POINT ( 'NONE',  ( 0.0000000000000000000, 0.08023183509510080400, 0.005290354330710742400 ) ) ;
#660 = PLANE ( 'NONE',  #851 ) ;
#661 = APPROVAL_DATE_TIME ( #971, #769 ) ;
#662 = CARTESIAN_POINT ( 'NONE',  ( -0.06541263879565197000, 0.01096249803684697300, 0.04886021571482536400 ) ) ;
#663 = DIRECTION ( 'NONE',  ( 0.0000000000000000000, 0.0000000000000000000, 1.000000000000000000 ) ) ;
#664 = B_SPLINE_CURVE_WITH_KNOTS ( 'NONE', 3,
 ( #2120, #1313, #826, #1320, #1809, #1333 ),
 .UNSPECIFIED., .F., .F.,
 ( 4, 2, 4 ),
 ( 0.002044882221487539700, 0.003063384235218502000, 0.004081886248949464200 ),
 .UNSPECIFIED. ) ;
#665 = PLANE ( 'NONE',  #2072 ) ;
#666 = EDGE_CURVE ( 'NONE', #743, #129, #414, .T. ) ;
#667 =( BOUNDED_CURVE ( )  B_SPLINE_CURVE ( 2, ( #1092, #613, #805, #1461, #1290, #1283, #1596, #930, #625 ),
 .UNSPECIFIED., .F., .T. ) 
 B_SPLINE_CURVE_WITH_KNOTS ( ( 3, 2, 2, 2, 3 ),
 ( 0.02753211554191526200, 0.02857705954335611500, 0.03066694754623781200, 0.03275683554911951200, 0.03380177955053425400 ),
 .UNSPECIFIED. ) 
 CURVE ( )  GEOMETRIC_REPRESENTATION_ITEM ( )  RATIONAL_B_SPLINE_CURVE ( ( 0.9330127018922193000, 0.9330127018922189700, 1.000000000000000000, 0.8660254037844386000, 1.000000000000000000, 0.8660254037844386000, 1.000000000000000000, 0.9330127018938926300, 0.9330127018922193000 ) ) 
 REPRESENTATION_ITEM ( '' )  );
#668 = CARTESIAN_POINT ( 'NONE',  ( 0.05843955576441659000, 0.01692120262442311700, 0.04360031699203129100 ) ) ;
#669 = CARTESIAN_POINT ( 'NONE',  ( 0.03512600544800174200, 0.06084002610288022400, -0.03576115485564067300 ) ) ;
#670 = EDGE_LOOP ( 'NONE', ( #587, #1201, #227 ) ) ;
#671 = CARTESIAN_POINT ( 'NONE',  ( 0.03512600544800170700, 0.06084002610288016800, -0.03576115485564071400 ) ) ;
#672 = CARTESIAN_POINT ( 'NONE',  ( 0.07874015748031501500, 1.143744474604565700E-017, 0.0009842519685055390100 ) ) ;
#673 = CARTESIAN_POINT ( 'NONE',  ( -0.08023183509510080400, 1.395368259017570300E-016, -0.06299212598425199500 ) ) ;
#674 = ORIENTED_EDGE ( 'NONE', *, *, #616, .F. ) ;
#675 = CARTESIAN_POINT ( 'NONE',  ( 0.0000000000000000000, 0.06084002610288023100, -0.03690944881889535200 ) ) ;
#676 = CONICAL_SURFACE ( 'NONE', #1377, 0.1377952755905514400, 1.047197551196600100 ) ;
#677 = CARTESIAN_POINT ( 'NONE',  ( -0.04542133258707228800, 0.1328882603144293800, 0.06299212598425209300 ) ) ;
#678 = CIRCLE ( 'NONE', #584, 0.07874015748031502900 ) ;
#679 = CARTESIAN_POINT ( 'NONE',  ( -0.03512600544800175600, 0.06084002610288014000, -0.03116797900262238700 ) ) ;
#680 = CARTESIAN_POINT ( 'NONE',  ( 0.04453594560688821400, -0.04144946712684534400, -0.04360031698172340400 ) ) ;
#681 = PLANE ( 'NONE',  #334 ) ;
#682 = CARTESIAN_POINT ( 'NONE',  ( 0.01282846341106215000, 0.07136346003251382900, -0.05511375717104954900 ) ) ;
#683 = EDGE_CURVE ( 'NONE', #335, #904, #1803, .T. ) ;
#684 = DATE_AND_TIME ( #2118, #868 ) ;
#685 = CARTESIAN_POINT ( 'NONE',  ( -0.07025201089600342800, -1.290508504161833900E-017, 0.02854330708661596100 ) ) ;
#686 = CARTESIAN_POINT ( 'NONE',  ( 0.07874015748031500100, 1.528042618071699900E-015, 0.02509842519685262200 ) ) ;
#687 = CARTESIAN_POINT ( 'NONE',  ( -0.06889763779527581500, 0.1193342091828952200, 0.06299212598425199500 ) ) ;
#688 = CARTESIAN_POINT ( 'NONE',  ( -0.05268900817200260200, 0.03042001305144003900, -0.001312335958003209700 ) ) ;
#689 = CARTESIAN_POINT ( 'NONE',  ( -0.001250529222913795500, -0.07104482094846040200, 0.05366327918734561200 ) ) ;
#690 = CARTESIAN_POINT ( 'NONE',  ( -0.05268900817200266500, 0.03042001305144007400, -0.03231627296587702400 ) ) ;
#691 = EDGE_CURVE ( 'NONE', #143, #418, #258, .T. ) ;
#692 = ORIENTED_EDGE ( 'NONE', *, *, #1607, .F. ) ;
#693 = PRODUCT_DEFINITION ( 'UNKNOWN', '', #2004, #1116 ) ;
#694 = ORIENTED_EDGE ( 'NONE', *, *, #888, .T. ) ;
#695 = CARTESIAN_POINT ( 'NONE',  ( -0.07025201089600342800, -1.290508504161833900E-017, 0.0009842519685059629300 ) ) ;
#696 = CARTESIAN_POINT ( 'NONE',  ( -0.01052145781833962300, 0.08023543559759345500, -0.06299212598425200900 ) ) ;
#697 = ORIENTED_EDGE ( 'NONE', *, *, #1196, .T. ) ;
#698 = ORIENTED_EDGE ( 'NONE', *, *, #2044, .T. ) ;
#699 = CARTESIAN_POINT ( 'NONE',  ( 0.03602018570872805200, 0.04968984625264771800, 0.04360031699203136000 ) ) ;
#700 = CARTESIAN_POINT ( 'NONE',  ( 0.1377952755905509100, 0.0000000000000000000, 0.06299212598425199500 ) ) ;
#701 = CARTESIAN_POINT ( 'NONE',  ( 0.04762008695613224200, 0.05720669653646151500, -0.05660223468170108600 ) ) ;
#702 = ADVANCED_FACE ( 'NONE', ( #1818 ), #360, .T. ) ;
#703 = CARTESIAN_POINT ( 'NONE',  ( 0.05305453145610377500, 0.06041274951433276600, -0.06299212598425137100 ) ) ;
#704 = CARTESIAN_POINT ( 'NONE',  ( -0.07874015748031501500, -3.431233423813696700E-017, -0.01279527559054946000 ) ) ;
#705 = LOCAL_TIME ( 19, 59, 46.00000000000000000, #917 ) ;
#706 = CARTESIAN_POINT ( 'NONE',  ( -0.04546065111729757200, 0.07874015748032214800, -0.04839238845143666700 ) ) ;
#707 = CARTESIAN_POINT ( 'NONE',  ( -0.05082680717619879300, 0.04776650116286943600, -0.05234828356534311500 ) ) ;
#708 = CARTESIAN_POINT ( 'NONE',  ( -0.07874015748031502900, -9.733219729105870800E-013, 0.03887795275596431900 ) ) ;
#709 = CARTESIAN_POINT ( 'NONE',  ( -0.03512600544800173500, -0.06084002610288025100, 0.02969160104987051900 ) ) ;
#710 = CARTESIAN_POINT ( 'NONE',  ( -0.07874015748031501500, -3.431233423813696700E-017, 0.01476377952756054000 ) ) ;
#711 = CARTESIAN_POINT ( 'NONE',  ( 0.0000000000000000000, -1.067128122525102800E-017, -0.06299212598425199500 ) ) ;
#712 = CARTESIAN_POINT ( 'NONE',  ( 0.03512600544800175600, 0.06084002610288023100, -0.01164698162729447900 ) ) ;
#713 = ORIENTED_EDGE ( 'NONE', *, *, #876, .F. ) ;
#714 = B_SPLINE_CURVE_WITH_KNOTS ( 'NONE', 3,
 ( #1720, #763, #1702, #1905, #727, #939 ),
 .UNSPECIFIED., .F., .F.,
 ( 4, 2, 4 ),
 ( 0.01298168697682234100, 0.01400405614601538100, 0.01502642531520842000 ),
 .UNSPECIFIED. ) ;
#715 = CARTESIAN_POINT ( 'NONE',  ( -0.009131947035207643700, -0.07820882266963852200, -0.06150044836946605400 ) ) ;
#716 = CIRCLE ( 'NONE', #497, 0.08023183509510094200 ) ;
#717 = CARTESIAN_POINT ( 'NONE',  ( 0.04891582775154430800, -0.06170295126987833400, -0.06150044836951003300 ) ) ;
#718 = ORIENTED_EDGE ( 'NONE', *, *, #452, .T. ) ;
#719 = CIRCLE ( 'NONE', #997, 0.1377952755905514400 ) ;
#720 = CARTESIAN_POINT ( 'NONE',  ( 9.642888182262630800E-018, -0.07874015748031502900, -0.03346456692913196000 ) ) ;
#721 = ORIENTED_EDGE ( 'NONE', *, *, #1619, .F. ) ;
#722 = EDGE_LOOP ( 'NONE', ( #1492, #1600, #1301, #1571, #1271, #936 ) ) ;
#723 = CARTESIAN_POINT ( 'NONE',  ( -0.07025201089600351100, -1.290508504161835300E-017, -0.03001968503936780500 ) ) ;
#724 = CARTESIAN_POINT ( 'NONE',  ( 0.02591453863161204500, 0.07611231716766310400, 0.06299212598425199500 ) ) ;
#725 = CARTESIAN_POINT ( 'NONE',  ( -0.07874015748032217600, 0.02109836160875179200, -0.04502995035892873300 ) ) ;
#726 = CARTESIAN_POINT ( 'NONE',  ( -0.04413520074462121100, 0.05450655930868823100, -0.05273433404854282300 ) ) ;
#727 = CARTESIAN_POINT ( 'NONE',  ( -0.1377952755905513800, -0.06659597110413152700, 0.05442602672228269400 ) ) ;
#728 = VERTEX_POINT ( 'NONE', #139 ) ;
#729 = CALENDAR_DATE ( 2021, 14, 9 ) ;
#730 = EDGE_CURVE ( 'NONE', #957, #363, #1183, .T. ) ;
#731 = CARTESIAN_POINT ( 'NONE',  ( 0.09264374317946821900, 5.672793177288260000E-018, 0.05351870078740325600 ) ) ;
#732 = CARTESIAN_POINT ( 'NONE',  ( 0.08059192902832905400, -0.1125825069915095400, -0.06299212598425237000 ) ) ;
#733 = CARTESIAN_POINT ( 'NONE',  ( 0.1377952755905509100, 0.06668651969510323900, 0.05439988759559659400 ) ) ;
#734 = CARTESIAN_POINT ( 'NONE',  ( -0.07025201089600342800, -1.290508504161833900E-017, 0.05610236220472596100 ) ) ;
#735 = AXIS2_PLACEMENT_3D ( 'NONE', #1170, #526, #537 ) ;
#736 = CARTESIAN_POINT ( 'NONE',  ( 0.0000000000000000000, 0.07874015748031555600, 0.03198818897638035200 ) ) ;
#737 = CARTESIAN_POINT ( 'NONE',  ( 0.1265526780129084300, -0.08604705619310577800, 0.05443228090505002800 ) ) ;
#738 = CARTESIAN_POINT ( 'NONE',  ( 0.01541536462986804100, -0.07417255335747338600, -0.05835707111460338600 ) ) ;
#739 = CARTESIAN_POINT ( 'NONE',  ( 0.07025201089600351100, 4.301695013872784000E-018, 0.01131889763779715200 ) ) ;
#740 = CARTESIAN_POINT ( 'NONE',  ( 0.06889763779527553800, -0.1193342091828948500, 0.06299212598425199500 ) ) ;
#741 = DIRECTION ( 'NONE',  ( 0.0000000000000000000, 0.0000000000000000000, 1.000000000000000000 ) ) ;
#742 = ADVANCED_FACE ( 'NONE', ( #1157 ), #2053, .T. ) ;
#743 = VERTEX_POINT ( 'NONE', #1117 ) ;
#744 = CARTESIAN_POINT ( 'NONE',  ( 0.08059192902832905400, -0.1125825069915095400, 0.06299212598425237000 ) ) ;
#745 = VERTEX_POINT ( 'NONE', #823 ) ;
#746 = LINE ( 'NONE', #1913, #1205 ) ;
#747 = B_SPLINE_CURVE_WITH_KNOTS ( 'NONE', 3,
 ( #759, #1088, #1100, #107, #1910, #933 ),
 .UNSPECIFIED., .F., .F.,
 ( 4, 2, 4 ),
 ( 0.005838139006013614100, 0.006861999454992881600, 0.007885859903972149100 ),
 .UNSPECIFIED. ) ;
#748 = CARTESIAN_POINT ( 'NONE',  ( -0.06948280738460120600, 0.04011591754755034600, 0.03744258530183907500 ) ) ;
#749 = CARTESIAN_POINT ( 'NONE',  ( 0.03540354447043953700, -0.05061833282590797600, -0.04420225435875670100 ) ) ;
#750 = CARTESIAN_POINT ( 'NONE',  ( -0.07025201089600351100, -1.290508504161835300E-017, -0.03001968503936785000 ) ) ;
#751 = EDGE_LOOP ( 'NONE', ( #1161, #1918, #1566, #408 ) ) ;
#752 = FACE_OUTER_BOUND ( 'NONE', #68, .T. ) ;
#753 = CARTESIAN_POINT ( 'NONE',  ( 0.09237394300347898100, 0.1057801580513612200, -0.06299212598425217600 ) ) ;
#754 = CARTESIAN_POINT ( 'NONE',  ( 0.07765822169535542600, -0.02082666970674900900, 0.06299212598425203700 ) ) ;
#755 = CARTESIAN_POINT ( 'NONE',  ( -0.03416198003647499800, 0.07094343887909083900, 0.06150044836933275800 ) ) ;
#756 = CARTESIAN_POINT ( 'NONE',  ( -0.01831273355170245900, -0.08023183509510081700, -0.06451520884263857400 ) ) ;
#757 = CARTESIAN_POINT ( 'NONE',  ( -0.07877557364897590200, -0.01753013875870307300, -0.06299212598425198200 ) ) ;
#758 = CARTESIAN_POINT ( 'NONE',  ( 9.825566003893348200E-018, -0.08023183509510080400, 0.07418799212598574400 ) ) ;
#759 = CARTESIAN_POINT ( 'NONE',  ( 0.1377952755905514400, 0.0000000000000000000, -0.06299212598425199500 ) ) ;
#760 = CARTESIAN_POINT ( 'NONE',  ( 7.450754322693369100E-018, -0.06084002610288023100, -0.07824803149606035500 ) ) ;
#761 = CARTESIAN_POINT ( 'NONE',  ( -0.05268900817200260200, 0.03042001305144003900, -0.001312335958003209700 ) ) ;
#762 = CARTESIAN_POINT ( 'NONE',  ( -0.05300741391025261300, -0.06045514685101011100, 0.06299212598425206500 ) ) ;
#763 = CARTESIAN_POINT ( 'NONE',  ( -0.1377952755905514100, -0.01346638380171253300, 0.06299212598425199500 ) ) ;
#764 = EDGE_CURVE ( 'NONE', #1793, #1139, #562, .T. ) ;
#765 = PERSON ( 'UNSPECIFIED', 'UNSPECIFIED', 'UNSPECIFIED', ('UNSPECIFIED'), ('UNSPECIFIED'), ('UNSPECIFIED') ) ;
#766 = CARTESIAN_POINT ( 'NONE',  ( -0.04546065111729343700, 0.07874015748031498700, -0.01738845144356780000 ) ) ;
#767 = CARTESIAN_POINT ( 'NONE',  ( -0.03512600544800173500, -0.06084002610288025100, 0.02969160104987048100 ) ) ;
#768 = CARTESIAN_POINT ( 'NONE',  ( 0.07025201089600342800, 4.301695013872779400E-018, -0.01279527559054903900 ) ) ;
#769 = APPROVAL ( #947, 'UNSPECIFIED' ) ;
#770 = CARTESIAN_POINT ( 'NONE',  ( 0.06819097667594011000, 0.03937007874015752800, 0.03083989501312471200 ) ) ;
#771 = CARTESIAN_POINT ( 'NONE',  ( 0.0000000000000000000, 0.0000000000000000000, -0.06299212598425199500 ) ) ;
#772 = CARTESIAN_POINT ( 'NONE',  ( -0.07025201089600351100, -1.290508504161835300E-017, 0.02509842519685215300 ) ) ;
#773 = ORIENTED_EDGE ( 'NONE', *, *, #764, .T. ) ;
#774 = APPLICATION_PROTOCOL_DEFINITION ( 'international standard', 'config_control_design', 1994, #1111 ) ;
#775 = CARTESIAN_POINT ( 'NONE',  ( 0.03512600544800177600, -0.06084002610288021700, 0.006725721784778817100 ) ) ;
#777 = CARTESIAN_POINT ( 'NONE',  ( -0.04774395806091037700, -0.06605821164733810500, -0.06638008831819029700 ) ) ;
#776 = CONICAL_SURFACE ( 'NONE', #215, 0.08023183509510094200, 0.7853981633974500600 ) ;
#778 = CARTESIAN_POINT ( 'NONE',  ( 0.06418281506031446600, -0.04928760410051717000, 0.06299212598425199500 ) ) ;
#779 = ORIENTED_EDGE ( 'NONE', *, *, #1023, .F. ) ;
#780 = LINE ( 'NONE', #1174, #1645 ) ;
#781 = CARTESIAN_POINT ( 'NONE',  ( 0.1377952755905508500, -0.06659597110413444100, -0.05442602672228223600 ) ) ;
#782 = EDGE_CURVE ( 'NONE', #1343, #363, #719, .T. ) ;
#783 = ORIENTED_EDGE ( 'NONE', *, *, #147, .F. ) ;
#784 = ORIENTED_EDGE ( 'NONE', *, *, #1975, .F. ) ;
#785 = CARTESIAN_POINT ( 'NONE',  ( 0.07874015748031502900, 9.642888182262632300E-018, 0.06299212598425199500 ) ) ;
#786 = CARTESIAN_POINT ( 'NONE',  ( 9.825566003893348200E-018, -0.08023183509510080400, -0.006766732283462660600 ) ) ;
#787 = AXIS2_PLACEMENT_3D ( 'NONE', #62, #2016, #1837 ) ;
#788 = CARTESIAN_POINT ( 'NONE',  ( 0.0000000000000000000, 0.0000000000000000000, 0.0000000000000000000 ) ) ;
#789 = CARTESIAN_POINT ( 'NONE',  ( -0.05268900817200262300, -0.03042001305144014300, 0.02739501312336132000 ) ) ;
#790 = DIRECTION ( 'NONE',  ( -0.5000000000000005600, 0.8660254037844383700, 0.0000000000000000000 ) ) ;
#791 = CARTESIAN_POINT ( 'NONE',  ( -0.07874015748031501500, -0.02109836160874986600, -0.01156453783003906500 ) ) ;
#792 = CARTESIAN_POINT ( 'NONE',  ( 0.04632187158973410200, 0.08023183509510080400, 0.05983431758530317900 ) ) ;
#793 = ORGANIZATION ( 'UNSPECIFIED', 'UNSPECIFIED', '' ) ;
#794 = CARTESIAN_POINT ( 'NONE',  ( 0.03512600544800174200, -0.06084002610288014000, -0.04494750656167739000 ) ) ;
#795 = CARTESIAN_POINT ( 'NONE',  ( -0.02075673918105270000, -0.07750035574948802000, -0.06299212598425202300 ) ) ;
#796 = CARTESIAN_POINT ( 'NONE',  ( 0.1377952755905509100, -0.05335750285028892400, -0.05755356636258780100 ) ) ;
#797 = CARTESIAN_POINT ( 'NONE',  ( 0.08023183509510080400, -1.092939345042631100E-012, -0.06299212598425198200 ) ) ;
#798 = EDGE_CURVE ( 'NONE', #135, #1964, #932, .T. ) ;
#799 = CARTESIAN_POINT ( 'NONE',  ( -0.07874015748031507100, -1.381643325322315600E-015, -0.01624015748031237800 ) ) ;
#800 = CARTESIAN_POINT ( 'NONE',  ( -0.04632187158973407500, -0.08023183509510081700, 0.01849573490813816900 ) ) ;
#801 = CARTESIAN_POINT ( 'NONE',  ( 0.07025201089600342800, 4.301695013872779400E-018, -0.04035433070865904200 ) ) ;
#802 = CARTESIAN_POINT ( 'NONE',  ( -0.07874015748031507100, -1.381643325322315600E-015, -0.01624015748031237800 ) ) ;
#803 = ORIENTED_EDGE ( 'NONE', *, *, #975, .T. ) ;
#804 = CARTESIAN_POINT ( 'NONE',  ( -0.07874015748031501500, -3.431233423813696700E-017, -0.04035433070865946500 ) ) ;
#805 = CARTESIAN_POINT ( 'NONE',  ( 0.06819097667594011000, 0.03937007874015752800, -0.0001640419947482900300 ) ) ;
#806 = ORIENTED_EDGE ( 'NONE', *, *, #798, .T. ) ;
#807 = CARTESIAN_POINT ( 'NONE',  ( -0.04632187158973407500, -0.08023183509510081700, -0.009063320209971833000 ) ) ;
#808 = ORIENTED_EDGE ( 'NONE', *, *, #164, .F. ) ;
#809 = CARTESIAN_POINT ( 'NONE',  ( -0.07025201089600342800, -1.290508504161833900E-017, -0.05413385826771404500 ) ) ;
#810 = CARTESIAN_POINT ( 'NONE',  ( -0.04546065111729367300, -0.07874015748031558400, 0.04347112860892618500 ) ) ;
#811 = VERTEX_POINT ( 'NONE', #1284 ) ;
#812 = ORIENTED_EDGE ( 'NONE', *, *, #510, .F. ) ;
#813 = DIRECTION ( 'NONE',  ( 1.000000000000000000, 0.0000000000000000000, 0.0000000000000000000 ) ) ;
#814 = DIRECTION ( 'NONE',  ( -1.000000000000000000, 0.0000000000000000000, 0.0000000000000000000 ) ) ;
#815 = EDGE_CURVE ( 'NONE', #153, #508, #503, .T. ) ;
#816 = CARTESIAN_POINT ( 'NONE',  ( 0.06819097667594011000, -0.03937007874015750100, -0.001312335958003631000 ) ) ;
#817 = CARTESIAN_POINT ( 'NONE',  ( 0.09264374317946821900, 5.672793177288260000E-018, -0.05499507874015516900 ) ) ;
#818 = CC_DESIGN_PERSON_AND_ORGANIZATION_ASSIGNMENT ( #589, #1448, ( #1025 ) ) ;
#819 = CARTESIAN_POINT ( 'NONE',  ( -0.07874015748038341900, 0.02109836160876866700, -0.01747089524078324800 ) ) ;
#820 = PERSON_AND_ORGANIZATION ( #765, #793 ) ;
#821 = CARTESIAN_POINT ( 'NONE',  ( 0.07874015748031501500, 1.143744474604565700E-017, 0.05610236220472555200 ) ) ;
#822 = CARTESIAN_POINT ( 'NONE',  ( 0.06564805621457069100, -0.007974283423986218100, 0.04172080850573737400 ) ) ;
#823 = CARTESIAN_POINT ( 'NONE',  ( 0.04453594560688821400, -0.04144946712684534400, -0.04360031698172340400 ) ) ;
#824 = DIRECTION ( 'NONE',  ( -0.0000000000000000000, -0.0000000000000000000, -1.000000000000000000 ) ) ;
#825 = CARTESIAN_POINT ( 'NONE',  ( 0.0000000000000000000, 0.06084002610288016100, -0.06102362204724154400 ) ) ;
#826 = CARTESIAN_POINT ( 'NONE',  ( -0.04552429391307997300, -0.1328288155651420900, -0.06181362163790839900 ) ) ;
#827 = CARTESIAN_POINT ( 'NONE',  ( -0.05159832812953887200, 0.04062820423295691200, 0.04751824411726658000 ) ) ;
#828 = CARTESIAN_POINT ( 'NONE',  ( 0.05690570023921120300, -0.04664974077907403600, 0.05619594214243828900 ) ) ;
#829 = EDGE_LOOP ( 'NONE', ( #417, #356, #1648, #1667, #395, #808, #192, #1555, #1546, #692, #1300, #1487, #1010, #1005, #1797, #1422 ) ) ;
#830 = CARTESIAN_POINT ( 'NONE',  ( 7.450754322693361400E-018, -0.06084002610288016100, -0.07480314960629654000 ) ) ;
#831 =( BOUNDED_CURVE ( )  B_SPLINE_CURVE ( 2, ( #959, #477, #2094, #298, #1762, #1774, #1938, #123, #2081 ),
 .UNSPECIFIED., .F., .T. ) 
 B_SPLINE_CURVE_WITH_KNOTS ( ( 3, 2, 2, 2, 3 ),
 ( 0.8036164263284210100, 0.8175053152173099600, 0.8452830929950876400, 0.8730608707728654300, 0.8869497596617543800 ),
 .UNSPECIFIED. ) 
 CURVE ( )  GEOMETRIC_REPRESENTATION_ITEM ( )  RATIONAL_B_SPLINE_CURVE ( ( 0.9330127018922194100, 0.9330127018922194100, 1.000000000000000000, 0.8660254037844388200, 1.000000000000000000, 0.8660254037844388200, 1.000000000000000000, 0.9330127018922191900, 0.9330127018922194100 ) ) 
 REPRESENTATION_ITEM ( '' )  );
#832 = FACE_OUTER_BOUND ( 'NONE', #722, .T. ) ;
#833 = DIRECTION ( 'NONE',  ( -0.0000000000000000000, -0.0000000000000000000, -1.000000000000000000 ) ) ;
#834 = ORIENTED_EDGE ( 'NONE', *, *, #1049, .T. ) ;
#835 = FACE_OUTER_BOUND ( 'NONE', #883, .T. ) ;
#836 = CARTESIAN_POINT ( 'NONE',  ( 0.05939797020959734800, -0.01519937985231479100, -0.04360031699203132500 ) ) ;
#837 = VERTEX_POINT ( 'NONE', #1495 ) ;
#838 = CARTESIAN_POINT ( 'NONE',  ( -0.08059192902832983100, 0.1125825069915096100, 0.06299212598425210600 ) ) ;
#839 = DIRECTION ( 'NONE',  ( -0.0000000000000000000, -0.0000000000000000000, -1.000000000000000000 ) ) ;
#840 = EDGE_CURVE ( 'NONE', #1295, #129, #1342, .T. ) ;
#841 = CARTESIAN_POINT ( 'NONE',  ( 0.05268900817200258800, -0.03042001305144007000, -0.04265091863516821300 ) ) ;
#842 = CARTESIAN_POINT ( 'NONE',  ( 0.04972549752332839500, -0.03587348227571229100, -0.04360031699203128400 ) ) ;
#843 = CARTESIAN_POINT ( 'NONE',  ( -0.09227098167747127500, 0.1058396028006480000, 0.06181362163790807300 ) ) ;
#844 = CARTESIAN_POINT ( 'NONE',  ( -0.03512600544800173500, -0.06084002610288025100, -0.02542650918634952300 ) ) ;
#845 = CARTESIAN_POINT ( 'NONE',  ( 0.04891582775154430800, -0.06170295126987833400, -0.06150044836951003300 ) ) ;
#846 = CARTESIAN_POINT ( 'NONE',  ( 0.1377952755905509100, -0.07955613945526318600, 0.06299212598425199500 ) ) ;
#847 = CARTESIAN_POINT ( 'NONE',  ( 0.07874015748038293300, -0.02109836160876937500, -0.003691367681728328000 ) ) ;
#848 = CARTESIAN_POINT ( 'NONE',  ( 7.450754322693369100E-018, -0.06084002610288023100, -0.02312992125984034800 ) ) ;
#849 = EDGE_CURVE ( 'NONE', #418, #1793, #73, .T. ) ;
#850 = ORIENTED_EDGE ( 'NONE', *, *, #177, .T. ) ;
#851 = AXIS2_PLACEMENT_3D ( 'NONE', #1147, #323, #492 ) ;
#852 = CARTESIAN_POINT ( 'NONE',  ( 0.07025201089600342800, 4.301695013872779400E-018, 0.06988188976378097200 ) ) ;
#853 = CARTESIAN_POINT ( 'NONE',  ( 0.02892603903611140600, 0.05352376146984166900, 0.04360031699203764000 ) ) ;
#854 = ORIENTED_EDGE ( 'NONE', *, *, #1276, .T. ) ;
#855 = CARTESIAN_POINT ( 'NONE',  ( -0.1152538353287219100, -0.09257044605835214300, 0.05819856179979909100 ) ) ;
#856 = ORIENTED_EDGE ( 'NONE', *, *, #1093, .T. ) ;
#857 = CARTESIAN_POINT ( 'NONE',  ( 0.0000000000000000000, 0.0000000000000000000, 0.06299212598425199500 ) ) ;
#858 = LINE ( 'NONE', #2006, #1452 ) ;
#859 = CARTESIAN_POINT ( 'NONE',  ( 0.07874015748031498700, 3.419795979067651600E-015, 0.05265748031496273600 ) ) ;
#860 = ORIENTED_EDGE ( 'NONE', *, *, #292, .T. ) ;
#861 = ORIENTED_EDGE ( 'NONE', *, *, #390, .F. ) ;
#862 = CARTESIAN_POINT ( 'NONE',  ( 0.03512600544800174200, -0.06084002610288014000, 0.03772965879265263000 ) ) ;
#863 = CARTESIAN_POINT ( 'NONE',  ( -0.01950574552201149800, -0.06759026444943631900, 0.05295597852437822200 ) ) ;
#864 = CARTESIAN_POINT ( 'NONE',  ( -0.1377952755905514100, -5.914624404477027300E-017, 0.06299212598425199500 ) ) ;
#865 = CARTESIAN_POINT ( 'NONE',  ( 0.07025201089600351100, 4.301695013872784000E-018, -0.01624015748031285000 ) ) ;
#866 = CARTESIAN_POINT ( 'NONE',  ( -0.02254144026182959200, 0.1460979723074379300, 0.05819856179979888300 ) ) ;
#867 = AXIS2_PLACEMENT_3D ( 'NONE', #465, #2105, #1135 ) ;
#868 = LOCAL_TIME ( 19, 59, 46.00000000000000000, #1017 ) ;
#869 = CARTESIAN_POINT ( 'NONE',  ( 0.03512600544800174200, -0.06084002610288014000, 0.01017060367454262700 ) ) ;
#870 = CARTESIAN_POINT ( 'NONE',  ( 0.03512600544800177600, -0.06084002610288021700, 0.006725721784778857000 ) ) ;
#871 = CARTESIAN_POINT ( 'NONE',  ( 0.02892603903611140600, 0.05352376146984166900, 0.04360031699203764000 ) ) ;
#872 = CARTESIAN_POINT ( 'NONE',  ( 0.03512600544800177600, -0.06084002610288021700, -0.02083333333333119200 ) ) ;
#873 = CARTESIAN_POINT ( 'NONE',  ( 0.05268900817200264400, -0.03042001305144010500, 0.009022309711288022500 ) ) ;
#874 = DIRECTION ( 'NONE',  ( -1.000000000000000000, 0.0000000000000000000, 0.0000000000000000000 ) ) ;
#875 = CARTESIAN_POINT ( 'NONE',  ( 0.06889763779527580100, -0.1193342091828952900, -0.06299212598425199500 ) ) ;
#876 = EDGE_CURVE ( 'NONE', #745, #180, #1386, .T. ) ;
#877 = VERTEX_POINT ( 'NONE', #799 ) ;
#878 = DIRECTION ( 'NONE',  ( 0.4999999999999990600, 0.8660254037844392600, -0.0000000000000000000 ) ) ;
#879 = FACE_OUTER_BOUND ( 'NONE', #1344, .T. ) ;
#880 = CARTESIAN_POINT ( 'NONE',  ( 0.0000000000000000000, 0.06084002610288023100, 0.01820866141732469700 ) ) ;
#881 = ORIENTED_EDGE ( 'NONE', *, *, #691, .T. ) ;
#882 = FACE_OUTER_BOUND ( 'NONE', #1772, .T. ) ;
#883 = EDGE_LOOP ( 'NONE', ( #1518, #1595, #1577, #579, #1836, #1060 ) ) ;
#884 = CARTESIAN_POINT ( 'NONE',  ( -0.06772012281622510900, 0.004685967266754177900, -0.05048041370542525500 ) ) ;
#885 = CARTESIAN_POINT ( 'NONE',  ( -0.06889763779527534300, -0.1193342091828949500, 0.06299212598425199500 ) ) ;
#886 = CARTESIAN_POINT ( 'NONE',  ( -0.05268900817200262300, -0.03042001305144014300, 0.02739501312336135900 ) ) ;
#887 = ADVANCED_FACE ( 'NONE', ( #937 ), #1924, .T. ) ;
#888 = EDGE_CURVE ( 'NONE', #1819, #1343, #229, .T. ) ;
#889 = B_SPLINE_CURVE_WITH_KNOTS ( 'NONE', 3,
 ( #646, #2119, #154, #312, #282, #134 ),
 .UNSPECIFIED., .F., .F.,
 ( 4, 2, 4 ),
 ( 0.002044882221487520200, 0.003063384235218486800, 0.004081886248949452900 ),
 .UNSPECIFIED. ) ;
#890 = CARTESIAN_POINT ( 'NONE',  ( 0.08023183509516494700, 0.005243019330294568400, 0.06299212598425202300 ) ) ;
#891 = CARTESIAN_POINT ( 'NONE',  ( 0.0000000000000000000, 0.07874015748031502900, 0.007874015748033041600 ) ) ;
#892 = CARTESIAN_POINT ( 'NONE',  ( 0.08023183509510080400, -1.092939345042631100E-012, -0.06299212598425198200 ) ) ;
#893 = PLANE ( 'NONE',  #1902 ) ;
#894 = CARTESIAN_POINT ( 'NONE',  ( 0.0000000000000000000, 0.06084002610288023100, -0.03690944881889531000 ) ) ;
#895 = CARTESIAN_POINT ( 'NONE',  ( -0.0003301004045658610600, -0.06347798291369022300, -0.04591729697681062200 ) ) ;
#896 = CARTESIAN_POINT ( 'NONE',  ( 0.07625389410016046600, -4.239860767359125300E-013, -0.05901418498931155400 ) ) ;
#897 = ADVANCED_FACE ( 'NONE', ( #1398 ), #676, .T. ) ;
#898 = CARTESIAN_POINT ( 'NONE',  ( 0.06078295879847964800, 0.002634520051446033600, -0.04360031699203142200 ) ) ;
#899 = VERTEX_POINT ( 'NONE', #686 ) ;
#900 = B_SPLINE_CURVE_WITH_KNOTS ( 'NONE', 3,
 ( #1185, #866, #677, #687 ),
 .UNSPECIFIED., .F., .F.,
 ( 4, 4 ),
 ( 2.380739282168740200E-007, 0.002044882221487527600 ),
 .UNSPECIFIED. ) ;
#901 = CARTESIAN_POINT ( 'NONE',  ( -0.06375175483883781200, 0.04915434469851827400, 0.06299212598425198200 ) ) ;
#902 = ORIENTED_EDGE ( 'NONE', *, *, #1186, .T. ) ;
#903 = EDGE_CURVE ( 'NONE', #179, #1661, #48, .T. ) ;
#904 = VERTEX_POINT ( 'NONE', #672 ) ;
#905 = CARTESIAN_POINT ( 'NONE',  ( -0.07874015748031502900, 0.0000000000000000000, 0.06299212598425199500 ) ) ;
#906 = ORIENTED_EDGE ( 'NONE', *, *, #1211, .T. ) ;
#907 = CLOSED_SHELL ( 'NONE', ( #1224, #1242, #37, #2038, #1385, #1726, #82, #424, #1202, #2003, #249, #376, #1877, #1528, #546, #217, #1862, #1399, #2028, #1701, #2011, #742, #1844, #897, #702, #1552, #887, #1075, #1887, #1044, #1682, #1035, #69, #205, #1694, #1520, #1192, #582 ) ) ;
#908 = CARTESIAN_POINT ( 'NONE',  ( -0.1377952755905514100, -0.01346638380171253300, -0.06299212598425199500 ) ) ;
#909 = CARTESIAN_POINT ( 'NONE',  ( 0.06948280738460116400, 0.04011591754755040900, 0.05581528871391241300 ) ) ;
#910 = CARTESIAN_POINT ( 'NONE',  ( 0.1377952755905509100, 0.07955613945526379700, 0.05068474837914818000 ) ) ;
#911 = CARTESIAN_POINT ( 'NONE',  ( 0.05268900817200263700, 0.03042001305144012600, -0.06906167979002370000 ) ) ;
#912 = CARTESIAN_POINT ( 'NONE',  ( 7.450754322693361400E-018, -0.06084002610288016100, 0.03543307086614346700 ) ) ;
#913 = CARTESIAN_POINT ( 'NONE',  ( -0.07815150819237573500, -0.02099071484861154300, 0.06299212598425198200 ) ) ;
#914 = CARTESIAN_POINT ( 'NONE',  ( 0.04632187158973410200, 0.08023183509510080400, -0.05212434383201843700 ) ) ;
#915 = CARTESIAN_POINT ( 'NONE',  ( -0.08023183509510080400, 1.395368259017570300E-016, -0.06299212598425199500 ) ) ;
#916 = ORIENTED_EDGE ( 'NONE', *, *, #1619, .T. ) ;
#917 = COORDINATED_UNIVERSAL_TIME_OFFSET ( 6, 0, .BEHIND. ) ;
#918 = EDGE_CURVE ( 'NONE', #1401, #286, #2012, .T. ) ;
#919 = CARTESIAN_POINT ( 'NONE',  ( 0.06948280738460117800, -0.04011591754755038800, 0.07878116797900407100 ) ) ;
#920 = CARTESIAN_POINT ( 'NONE',  ( 0.01189567098692203200, -0.07934507151990208300, -0.06299212598425199500 ) ) ;
#921 = CARTESIAN_POINT ( 'NONE',  ( -0.05268900817200266500, 0.03042001305144007400, -0.05987532808398702400 ) ) ;
#922 = CARTESIAN_POINT ( 'NONE',  ( 0.06889763779527559300, 0.1193342091828954200, -0.06299212598425199500 ) ) ;
#923 = ORIENTED_EDGE ( 'NONE', *, *, #840, .F. ) ;
#924 = CARTESIAN_POINT ( 'NONE',  ( 0.06889763779527580100, -0.1193342091828952900, -0.06299212598425199500 ) ) ;
#925 = CARTESIAN_POINT ( 'NONE',  ( -0.02075673918105270000, -0.07750035574948802000, -0.06299212598425202300 ) ) ;
#926 = CARTESIAN_POINT ( 'NONE',  ( 0.06889763779527552400, 0.1193342091828952900, 0.06299212598425199500 ) ) ;
#927 = CARTESIAN_POINT ( 'NONE',  ( -0.02639826611103116400, -0.05481459953817351100, -0.08020143514360189600 ) ) ;
#928 = CARTESIAN_POINT ( 'NONE',  ( 0.05268900817200258100, 0.03042001305144009100, 0.04461942257218012900 ) ) ;
#929 = EDGE_LOOP ( 'NONE', ( #72, #1663, #923, #1684 ) ) ;
#930 = CARTESIAN_POINT ( 'NONE',  ( -0.07874015748003261600, 0.02109836160923899900, 0.01008815987725861800 ) ) ;
#931 = CIRCLE ( 'NONE', #375, 0.1377952755905514400 ) ;
#932 = B_SPLINE_CURVE_WITH_KNOTS ( 'NONE', 3,
 ( #1799, #1620, #654, #642, #981, #1777, #969, #498, #828, #1959, #294, #1468, #1933, #965, #1631, #2096, #1152, #689, #1829, #993, #863, #1988, #1484, #182, #1008, #186, #165, #162, #355, #1642, #19, #1325 ),
 .UNSPECIFIED., .F., .F.,
 ( 4, 2, 2, 2, 2, 2, 2, 2, 2, 2, 2, 2, 2, 2, 2, 4 ),
 ( 0.003085095640112636900, 0.003437933654055876500, 0.003790771667999116200, 0.004143609681942356200, 0.004496447695885596300, 0.004849285709828835500, 0.005202123723772074700, 0.005554961737715314800, 0.005907799751658554900, 0.006260637765601795000, 0.006613475779545034200, 0.006966313793488274200, 0.007319151807431513400, 0.008024827835317991900, 0.008377665849261230200, 0.008730503863204470300 ),
 .UNSPECIFIED. ) ;
#933 = CARTESIAN_POINT ( 'NONE',  ( 0.1377952755905509100, 0.07955613945526379700, -0.05068474837914818000 ) ) ;
#934 = CARTESIAN_POINT ( 'NONE',  ( -0.05268900817200262300, -0.03042001305144014300, -0.0001640419947486831300 ) ) ;
#935 = AXIS2_PLACEMENT_3D ( 'NONE', #299, #1636, #158 ) ;
#936 = ORIENTED_EDGE ( 'NONE', *, *, #1491, .F. ) ;
#937 = FACE_OUTER_BOUND ( 'NONE', #2101, .T. ) ;
#938 = CARTESIAN_POINT ( 'NONE',  ( 0.1377952755905508500, -0.06659597110413438500, 0.05442602672228223600 ) ) ;
#939 = CARTESIAN_POINT ( 'NONE',  ( -0.1377952755905513800, -0.07955613945526304700, 0.05068474837914815900 ) ) ;
#940 = CARTESIAN_POINT ( 'NONE',  ( 0.07439463604768797900, 0.01563275950709885600, 0.05867811286964164100 ) ) ;
#941 = CARTESIAN_POINT ( 'NONE',  ( -0.03512600544800173500, -0.06084002610288025100, 0.002132545931760480900 ) ) ;
#942 = CARTESIAN_POINT ( 'NONE',  ( 7.450754322693369100E-018, -0.06084002610288023100, 0.004429133858269653300 ) ) ;
#943 = CARTESIAN_POINT ( 'NONE',  ( -0.06042105084512271900, -0.05304627531694505700, 0.06299212598425206500 ) ) ;
#944 = CARTESIAN_POINT ( 'NONE',  ( 0.1377952755905509100, -0.01346638380171308000, -0.06299212598425231500 ) ) ;
#945 = EDGE_CURVE ( 'NONE', #1479, #1366, #1045, .T. ) ;
#946 = CARTESIAN_POINT ( 'NONE',  ( 9.825566003893348200E-018, -0.08023183509510080400, -0.06188484251968266700 ) ) ;
#947 = APPROVAL_STATUS ( 'not_yet_approved' ) ;
#948 = CARTESIAN_POINT ( 'NONE',  ( 0.0000000000000000000, 0.06084002610288016100, -0.03346456692913153700 ) ) ;
#949 = CARTESIAN_POINT ( 'NONE',  ( 0.0000000000000000000, 0.0000000000000000000, 0.06299212598425199500 ) ) ;
#950 = DIRECTION ( 'NONE',  ( -0.0000000000000000000, -0.0000000000000000000, -1.000000000000000000 ) ) ;
#951 = CARTESIAN_POINT ( 'NONE',  ( 0.04632187158973410200, 0.08023183509510080400, 0.004716207349083166900 ) ) ;
#952 = ORIENTED_EDGE ( 'NONE', *, *, #918, .F. ) ;
#953 = APPLICATION_PROTOCOL_DEFINITION ( 'international standard', 'config_control_design', 1994, #1746 ) ;
#954 = CARTESIAN_POINT ( 'NONE',  ( 7.450754322693361400E-018, -0.06084002610288016100, -0.07480314960629654000 ) ) ;
#955 = FACE_OUTER_BOUND ( 'NONE', #1706, .T. ) ;
#956 = CARTESIAN_POINT ( 'NONE',  ( 0.04127181337648606900, 0.05330111577813626700, 0.04998506924905340300 ) ) ;
#957 = VERTEX_POINT ( 'NONE', #1067 ) ;
#958 = VECTOR ( 'NONE', #327, 39.37007874015748100 ) ;
#959 = CARTESIAN_POINT ( 'NONE',  ( -0.07874015748031501500, -3.431233423813696700E-017, 0.04232283464567054100 ) ) ;
#960 = CARTESIAN_POINT ( 'NONE',  ( 0.06078295879847964800, 0.002634520051446033600, -0.04360031699203142200 ) ) ;
#961 = EDGE_CURVE ( 'NONE', #1629, #179, #433, .T. ) ;
#962 =( BOUNDED_CURVE ( )  B_SPLINE_CURVE ( 2, ( #1471, #822, #304, #1634, #974, #1130, #316, #150, #490, #504, #651, #1314, #146, #1789, #156, #1151, #320, #1480, #979, #326, #495, #1954, #1483, #1640, #2121, #1939, #657, #1145, #1801, #1961, #1628, #992, #333, #1486, #1647, #669, #1805, #647, #968, #996, #517 ),
 .UNSPECIFIED., .F., .T. ) 
 B_SPLINE_CURVE_WITH_KNOTS ( ( 3, 2, 2, 2, 2, 2, 2, 2, 2, 2, 2, 2, 2, 2, 2, 2, 2, 2, 2, 2, 3 ),
 ( 0.2164296224064579700, 0.2393046825439963900, 0.2692177678620214500, 0.2991308531800465600, 0.3290439384980716800, 0.3589570238160967300, 0.3888701091341217900, 0.4187831944521469000, 0.4486962797701720100, 0.4786093650881970700, 0.5085224504062221300, 0.5384355357242471800, 0.5683486210422723500, 0.5982617063602975200, 0.6281747916783225700, 0.6580878769963476300, 0.6880009623143725800, 0.7179140476323977400, 0.7478271329504226900, 0.7777402182684478600, 0.7843268434488686000 ),
 .UNSPECIFIED. ) 
 CURVE ( )  GEOMETRIC_REPRESENTATION_ITEM ( )  RATIONAL_B_SPLINE_CURVE ( ( 0.9517893381197926100, 0.8975472803038918600, 1.000000000000000000, 0.8660254037844387100, 1.000000000000000000, 0.8660254037844387100, 1.000000000000000000, 0.8660254037844387100, 1.000000000000000000, 0.8660254037844387100, 1.000000000000000000, 0.8660254037844387100, 1.000000000000000000, 0.8660254037844387100, 1.000000000000000000, 0.8660254037844387100, 1.000000000000000000, 0.8660254037844387100, 1.000000000000000000, 0.8660254037844387100, 1.000000000000000000, 0.8660254037844387100, 1.000000000000000000, 0.8660254037844387100, 1.000000000000000000, 0.8660254037844387100, 1.000000000000000000, 0.8660254037844387100, 1.000000000000000000, 0.8660254037844387100, 1.000000000000000000, 0.8660254037844387100, 1.000000000000000000, 0.8660254037844387100, 1.000000000000000000, 0.8660254037844387100, 1.000000000000000000, 0.8660254037844387100, 1.000000000000000000, 0.9704998518344620800, 0.9539911030292695900 ) ) 
 REPRESENTATION_ITEM ( '' )  );
#963 = ORIENTED_EDGE ( 'NONE', *, *, #1507, .T. ) ;
#964 = ORIENTED_EDGE ( 'NONE', *, *, #177, .F. ) ;
#965 = CARTESIAN_POINT ( 'NONE',  ( 0.02624307440636065500, -0.06717515652089997600, 0.05472729707642533900 ) ) ;
#966 = CARTESIAN_POINT ( 'NONE',  ( -0.06948280738460115000, -0.04011591754755043600, 0.04375820209973900500 ) ) ;
#967 = CARTESIAN_POINT ( 'NONE',  ( -0.07025201089600351100, -1.290508504161835300E-017, 0.02509842519685215300 ) ) ;
#968 = CARTESIAN_POINT ( 'NONE',  ( 0.05268900817200263700, -0.03042001305144009800, -0.04265091863516817100 ) ) ;
#969 = CARTESIAN_POINT ( 'NONE',  ( 0.06505240517223281900, -0.03542465362019232800, 0.05668799332997455400 ) ) ;
#970 = CARTESIAN_POINT ( 'NONE',  ( 0.04632187158973414400, -0.08023183509510079000, -0.03202919947506351100 ) ) ;
#971 = DATE_AND_TIME ( #264, #705 ) ;
#972 = CARTESIAN_POINT ( 'NONE',  ( 0.05268900817200263700, 0.03042001305144012600, 0.06873359580052632000 ) ) ;
#973 = CARTESIAN_POINT ( 'NONE',  ( 0.0000000000000000000, 0.0000000000000000000, -0.06299212598425199500 ) ) ;
#974 = CARTESIAN_POINT ( 'NONE',  ( 7.450754322693369100E-018, -0.06084002610288022400, 0.03543307086614350100 ) ) ;
#975 = EDGE_CURVE ( 'NONE', #313, #1295, #445, .T. ) ;
#976 = DIRECTION ( 'NONE',  ( 0.0000000000000000000, 0.0000000000000000000, -1.000000000000000000 ) ) ;
#977 = CARTESIAN_POINT ( 'NONE',  ( -0.04632187158973407500, -0.08023183509510081700, -0.06418143044619183100 ) ) ;
#978 = CARTESIAN_POINT ( 'NONE',  ( 1.528331810978151300E-016, -0.1591122789105264300, 0.06299212598425199500 ) ) ;
#979 = CARTESIAN_POINT ( 'NONE',  ( -0.05268900817200261600, -0.03042001305144013600, 0.003280839895015161600 ) ) ;
#980 = ORIENTED_EDGE ( 'NONE', *, *, #1573, .T. ) ;
#981 = CARTESIAN_POINT ( 'NONE',  ( 0.07101432105204022500, -0.02275951233108448500, 0.05718812870798102600 ) ) ;
#982 = LINE ( 'NONE', #422, #281 ) ;
#983 = CARTESIAN_POINT ( 'NONE',  ( 0.0000000000000000000, 0.07874015748031502900, -0.04724409448818695700 ) ) ;
#984 = ORIENTED_EDGE ( 'NONE', *, *, #1895, .T. ) ;
#985 = FACE_OUTER_BOUND ( 'NONE', #929, .T. ) ;
#986 =( BOUNDED_CURVE ( )  B_SPLINE_CURVE ( 2, ( #2113, #1299, #1951, #810, #2092, #1288, #1128, #483, #1937 ),
 .UNSPECIFIED., .F., .T. ) 
 B_SPLINE_CURVE_WITH_KNOTS ( ( 3, 2, 2, 2, 3 ),
 ( 0.04634474384399064200, 0.04738972250381546400, 0.04947967982351330500, 0.05156963714321114600, 0.05261461580306015000 ),
 .UNSPECIFIED. ) 
 CURVE ( )  GEOMETRIC_REPRESENTATION_ITEM ( )  RATIONAL_B_SPLINE_CURVE ( ( 0.9330127018922193000, 0.9330127018937644000, 1.000000000000000000, 0.8660254037844387100, 1.000000000000000000, 0.8660254037844387100, 1.000000000000000000, 0.9330127018922140800, 0.9330127018922194100 ) ) 
 REPRESENTATION_ITEM ( '' )  );
#987 = CARTESIAN_POINT ( 'NONE',  ( 0.02892603903611140600, 0.05352376146984166900, 0.04360031699203764000 ) ) ;
#988 = AXIS2_PLACEMENT_3D ( 'NONE', #576, #240, #1078 ) ;
#989 = CC_DESIGN_PERSON_AND_ORGANIZATION_ASSIGNMENT ( #33, #1769, ( #2004 ) ) ;
#990 = CARTESIAN_POINT ( 'NONE',  ( 0.1377952755905509100, 0.07955613945526379700, 0.06299212598425199500 ) ) ;
#991 = CARTESIAN_POINT ( 'NONE',  ( 0.04632187158973414400, -0.08023183509510079000, -0.006192585301835103400 ) ) ;
#992 = CARTESIAN_POINT ( 'NONE',  ( -0.07025201089600351100, -1.290508504161835300E-017, -0.02657480314960400700 ) ) ;
#993 = CARTESIAN_POINT ( 'NONE',  ( -0.01496554570947974100, -0.06893039766749987900, 0.05314443225747012000 ) ) ;
#994 = CARTESIAN_POINT ( 'NONE',  ( -2.777419176385592300E-016, 0.1591122789105269800, 0.06299212598425199500 ) ) ;
#995 = EDGE_CURVE ( 'NONE', #363, #1819, #212, .T. ) ;
#996 = CARTESIAN_POINT ( 'NONE',  ( 0.04923808200661593900, -0.03639719250305872200, -0.04310217150412498600 ) ) ;
#997 = AXIS2_PLACEMENT_3D ( 'NONE', #1457, #1786, #307 ) ;
#998 = CARTESIAN_POINT ( 'NONE',  ( 0.07025201089600342800, 4.301695013872779400E-018, 0.04232283464567097200 ) ) ;
#999 = CARTESIAN_POINT ( 'NONE',  ( 0.08023183509510080400, -1.092939345042631100E-012, -0.06299212598425198200 ) ) ;
#1000 = CARTESIAN_POINT ( 'NONE',  ( -0.05268900817200260200, 0.03042001305144003900, -0.05643044619422321600 ) ) ;
#1001 = ORIENTED_EDGE ( 'NONE', *, *, #2044, .F. ) ;
#1002 = CARTESIAN_POINT ( 'NONE',  ( -0.04546065111733297400, -0.07874015748038364100, -0.01164698162725453200 ) ) ;
#1003 = CIRCLE ( 'NONE', #1409, 0.1377952755905514400 ) ;
#1004 = CARTESIAN_POINT ( 'NONE',  ( 0.07607437599586626400, 0.004700946965585213500, -0.05883466688499118500 ) ) ;
#1005 = ORIENTED_EDGE ( 'NONE', *, *, #239, .F. ) ;
#1006 = LINE ( 'NONE', #1875, #2104 ) ;
#1007 = CARTESIAN_POINT ( 'NONE',  ( 0.05268900817200258100, 0.03042001305144009100, -0.03805774278214988500 ) ) ;
#1008 = CARTESIAN_POINT ( 'NONE',  ( -0.04357074197487259500, -0.05374950439309621200, 0.05179679584028221200 ) ) ;
#1009 = ORIENTED_EDGE ( 'NONE', *, *, #961, .T. ) ;
#1010 = ORIENTED_EDGE ( 'NONE', *, *, #1712, .F. ) ;
#1011 = B_SPLINE_CURVE_WITH_KNOTS ( 'NONE', 3,
 ( #1504, #855, #39, #29 ),
 .UNSPECIFIED., .F., .F.,
 ( 4, 4 ),
 ( 2.380739282170944100E-007, 0.002044882221487539700 ),
 .UNSPECIFIED. ) ;
#1012 = CARTESIAN_POINT ( 'NONE',  ( 0.0000000000000000000, 0.0000000000000000000, -0.06299212598425199500 ) ) ;
#1013 = CARTESIAN_POINT ( 'NONE',  ( -0.01524071769170909900, 0.06982760732679692300, -0.05407736186360198600 ) ) ;
#1014 = EDGE_CURVE ( 'NONE', #1139, #580, #1296, .T. ) ;
#1015 = CARTESIAN_POINT ( 'NONE',  ( 0.03512600544800174200, -0.06084002610288014000, 0.06528871391076263000 ) ) ;
#1016 = DIRECTION ( 'NONE',  ( -0.0000000000000000000, -0.0000000000000000000, -1.000000000000000000 ) ) ;
#1017 = COORDINATED_UNIVERSAL_TIME_OFFSET ( 6, 0, .BEHIND. ) ;
#1018 = CARTESIAN_POINT ( 'NONE',  ( -0.07874015748031502900, -2.035865164796127200E-016, -0.04379921259842244800 ) ) ;
#1019 = CARTESIAN_POINT ( 'NONE',  ( -0.05268900817200256000, -0.03042001305144010800, -0.02427821522309488500 ) ) ;
#1020 = CARTESIAN_POINT ( 'NONE',  ( -0.06045984359224641100, 0.05300289614070213800, -0.06299212598425200900 ) ) ;
#1021 =( BOUNDED_CURVE ( )  B_SPLINE_CURVE ( 2, ( #1898, #90, #627, #460, #454, #766, #1247, #620, #2083 ),
 .UNSPECIFIED., .F., .T. ) 
 B_SPLINE_CURVE_WITH_KNOTS ( ( 3, 2, 2, 2, 3 ),
 ( 0.3869497596617542700, 0.4008386485506432200, 0.4286164263284210100, 0.4563942041061988000, 0.4702830929950876900 ),
 .UNSPECIFIED. ) 
 CURVE ( )  GEOMETRIC_REPRESENTATION_ITEM ( )  RATIONAL_B_SPLINE_CURVE ( ( 0.9330127018922194100, 0.9330127018922191900, 1.000000000000000000, 0.8660254037844388200, 1.000000000000000000, 0.8660254037844388200, 1.000000000000000000, 0.9330127018922194100, 0.9330127018922194100 ) ) 
 REPRESENTATION_ITEM ( '' )  );
#1022 = DIRECTION ( 'NONE',  ( 1.000000000000000000, 0.0000000000000000000, -0.0000000000000000000 ) ) ;
#1023 = EDGE_CURVE ( 'NONE', #286, #1968, #1864, .T. ) ;
#1024 = CARTESIAN_POINT ( 'NONE',  ( 0.07874015748031414100, 0.02109836160875139900, 0.05388821807547304600 ) ) ;
#1025 = SECURITY_CLASSIFICATION ( '', '', #2085 ) ;
#1026 = CARTESIAN_POINT ( 'NONE',  ( 0.05268900817200258100, 0.03042001305144009100, -0.01049868766403988300 ) ) ;
#1027 = CARTESIAN_POINT ( 'NONE',  ( -0.05303879803800038600, 0.06042835087262570700, -0.06299212598425200900 ) ) ;
#1028 = ORIENTED_EDGE ( 'NONE', *, *, #815, .T. ) ;
#1029 = CARTESIAN_POINT ( 'NONE',  ( -0.07874015748031501500, 1.054042882950278900E-012, 0.01131889763773605500 ) ) ;
#1030 = CARTESIAN_POINT ( 'NONE',  ( -0.05268900817200262300, -0.03042001305144014300, -0.02772309711285869300 ) ) ;
#1031 = CARTESIAN_POINT ( 'NONE',  ( 0.1377952755905509100, 0.07955613945526379700, -0.05068474837914818000 ) ) ;
#1032 = ORIENTED_EDGE ( 'NONE', *, *, #524, .F. ) ;
#1033 = CIRCLE ( 'NONE', #2033, 0.1377952755905514400 ) ;
#1034 = CARTESIAN_POINT ( 'NONE',  ( -0.04020600773898649900, 0.06962765371066874400, -0.06299212598425202300 ) ) ;
#1035 = ADVANCED_FACE ( 'NONE', ( #225 ), #1664, .T. ) ;
#1036 = CARTESIAN_POINT ( 'NONE',  ( -0.06819097667594013800, -0.03937007874015757000, 0.01361548556430673200 ) ) ;
#1037 = CARTESIAN_POINT ( 'NONE',  ( -0.05489211135342875900, 0.05888371556665564900, 0.06299212598425196800 ) ) ;
#1038 = DIRECTION ( 'NONE',  ( -0.8660254037844391500, 0.4999999999999990000, 0.0000000000000000000 ) ) ;
#1039 = CARTESIAN_POINT ( 'NONE',  ( -0.04546065111729374900, 0.07874015748031554200, 0.03428477690288951600 ) ) ;
#1040 = CARTESIAN_POINT ( 'NONE',  ( -0.04890985460486698500, 0.06381504009315529200, -0.06299212598425202300 ) ) ;
#1041 = CARTESIAN_POINT ( 'NONE',  ( -0.04546065111729339500, -0.07874015748031508400, 0.01591207349081589700 ) ) ;
#1042 = CARTESIAN_POINT ( 'NONE',  ( -0.01408896316802964400, 0.07530205954205064500, 0.05869339411501564600 ) ) ;
#1043 = DIRECTION ( 'NONE',  ( -0.0000000000000000000, -0.0000000000000000000, -1.000000000000000000 ) ) ;
#1044 = ADVANCED_FACE ( 'NONE', ( #1768 ), #1626, .T. ) ;
#1045 =( BOUNDED_CURVE ( )  B_SPLINE_CURVE ( 2, ( #853, #1841, #1533, #2020, #36, #371, #195, #709, #886, #556, #560, #43, #880, #1521, #1693, #566, #873, #870, #394, #1363, #1193, #1210, #218, #1371, #378, #712, #2010, #1512, #541, #51, #1200, #1855, #1697, #723, #1671, #1860, #894, #63, #1403, #1062, #898 ),
 .UNSPECIFIED., .F., .T. ) 
 B_SPLINE_CURVE_WITH_KNOTS ( ( 3, 2, 2, 2, 2, 2, 2, 2, 2, 2, 2, 2, 2, 2, 2, 2, 2, 2, 2, 2, 3 ),
 ( 0.1936499619366578400, 0.2093916444740830700, 0.2393047365418091700, 0.2692178286095353000, 0.2991309206772614400, 0.3290440127449875700, 0.3589571048127135900, 0.3888701968804397800, 0.4187832889481658500, 0.4486963810158919900, 0.4786094730836180600, 0.5085225651513443100, 0.5384356572190702700, 0.5683487492867964600, 0.5982618413545226500, 0.6281749334222488400, 0.6580880254899748000, 0.6880011175577007700, 0.7179142096254270700, 0.7478273016931530300, 0.7615747407975723700 ),
 .UNSPECIFIED. ) 
 CURVE ( )  GEOMETRIC_REPRESENTATION_ITEM ( )  RATIONAL_B_SPLINE_CURVE ( ( 0.9331972969954727100, 0.9294962367337302700, 1.000000000000000000, 0.8660254037844387100, 1.000000000000000000, 0.8660254037844387100, 1.000000000000000000, 0.8660254037844387100, 1.000000000000000000, 0.8660254037844387100, 1.000000000000000000, 0.8660254037844387100, 1.000000000000000000, 0.8660254037844387100, 1.000000000000000000, 0.8660254037844387100, 1.000000000000000000, 0.8660254037844387100, 1.000000000000000000, 0.8660254037844387100, 1.000000000000000000, 0.8660254037844387100, 1.000000000000000000, 0.8660254037844387100, 1.000000000000000000, 0.8660254037844387100, 1.000000000000000000, 0.8660254037844387100, 1.000000000000000000, 0.8660254037844387100, 1.000000000000000000, 0.8660254037844387100, 1.000000000000000000, 0.8660254037844387100, 1.000000000000000000, 0.8660254037844387100, 1.000000000000000000, 0.8660254037844387100, 1.000000000000000000, 0.9384280435187861700, 0.9334504852595264500 ) ) 
 REPRESENTATION_ITEM ( '' )  );
#1046 = CARTESIAN_POINT ( 'NONE',  ( -0.07213020518873647400, 0.03552095574628694200, -0.06299212598425195400 ) ) ;
#1047 = CARTESIAN_POINT ( 'NONE',  ( 0.02455283547628782400, -0.07020543720789752800, -0.05697159181895564800 ) ) ;
#1048 = CARTESIAN_POINT ( 'NONE',  ( 0.1377952755905509100, 0.02711671086016509400, 0.06180032068211980400 ) ) ;
#1049 = EDGE_CURVE ( 'NONE', #1605, #328, #38, .T. ) ;
#1050 = VERTEX_POINT ( 'NONE', #1218 ) ;
#1051 = CARTESIAN_POINT ( 'NONE',  ( -0.06742646250843541100, 0.009462284586449968100, -0.05068453942803966700 ) ) ;
#1052 = CARTESIAN_POINT ( 'NONE',  ( 0.07874015748031501500, -1.532617595970118100E-016, -0.02657480314960447600 ) ) ;
#1053 = CONICAL_SURFACE ( 'NONE', #735, 0.08023183509510094200, 0.7853981633974500600 ) ;
#1054 = CARTESIAN_POINT ( 'NONE',  ( 0.0000000000000000000, 0.0000000000000000000, -0.06299212598425199500 ) ) ;
#1055 = ORIENTED_EDGE ( 'NONE', *, *, #1811, .T. ) ;
#1056 = CYLINDRICAL_SURFACE ( 'NONE', #538, 0.07874015748031502900 ) ;
#1057 = CARTESIAN_POINT ( 'NONE',  ( 0.006170275520713730200, -0.06292341324360638300, -0.04566470267131788500 ) ) ;
#1058 = CARTESIAN_POINT ( 'NONE',  ( 0.06082105851331449900, 0.001755493377965272000, -0.04360031699203142200 ) ) ;
#1059 = ORIENTED_EDGE ( 'NONE', *, *, #164, .T. ) ;
#1060 = ORIENTED_EDGE ( 'NONE', *, *, #1276, .F. ) ;
#1061 = CARTESIAN_POINT ( 'NONE',  ( 0.06131061816030318500, 2.503656654909394500E-015, -0.04407090904945430700 ) ) ;
#1062 = CARTESIAN_POINT ( 'NONE',  ( 0.06013785287139634300, 0.01751823557440010000, -0.04247665667953223800 ) ) ;
#1063 = EDGE_CURVE ( 'NONE', #418, #60, #714, .T. ) ;
#1064 = CARTESIAN_POINT ( 'NONE',  ( -0.01308323965212285900, -0.06266067592294065300, -0.04645311312057283400 ) ) ;
#1065 = CARTESIAN_POINT ( 'NONE',  ( 0.0000000000000000000, 0.06084002610288016100, 0.04921259842519846300 ) ) ;
#1066 = CARTESIAN_POINT ( 'NONE',  ( -0.06948280738460115000, -0.04011591754755043600, -0.04064140419947260400 ) ) ;
#1067 = CARTESIAN_POINT ( 'NONE',  ( -0.1377952755905514400, 0.07955613945526342200, -0.05068474837914801300 ) ) ;
#1068 = CARTESIAN_POINT ( 'NONE',  ( -0.06948280738460115000, -0.04011591754755043600, 0.04203576115485740900 ) ) ;
#1069 = CARTESIAN_POINT ( 'NONE',  ( 0.0009027924958324202900, -0.07767103234463945700, -0.06027850323469186700 ) ) ;
#1070 = CARTESIAN_POINT ( 'NONE',  ( 0.0000000000000000000, 0.06084002610288023100, 0.01820866141732465500 ) ) ;
#1071 = CARTESIAN_POINT ( 'NONE',  ( -0.07025201089600342800, -1.290508504161833900E-017, 0.0009842519685059629300 ) ) ;
#1072 = CARTESIAN_POINT ( 'NONE',  ( 0.04892886097395925800, -0.06380040266489706000, 0.06299212598425198200 ) ) ;
#1073 = ORIENTED_EDGE ( 'NONE', *, *, #616, .T. ) ;
#1074 = CARTESIAN_POINT ( 'NONE',  ( -0.08023183509510081700, -0.008704622310308777300, -0.06299212598425198200 ) ) ;
#1075 = ADVANCED_FACE ( 'NONE', ( #1969 ), #176, .T. ) ;
#1076 = B_SPLINE_CURVE_WITH_KNOTS ( 'NONE', 3,
 ( #1378, #79, #2027, #1696, #2009, #565 ),
 .UNSPECIFIED., .F., .F.,
 ( 4, 2, 4 ),
 ( 0.002044882221487527100, 0.003063384235218492000, 0.004081886248949456400 ),
 .UNSPECIFIED. ) ;
#1077 = CARTESIAN_POINT ( 'NONE',  ( -0.09264374317946821900, -1.701837953186478100E-017, 0.06729822834645825300 ) ) ;
#1078 = DIRECTION ( 'NONE',  ( 0.8660254037844391500, -0.4999999999999990000, 0.0000000000000000000 ) ) ;
#1079 = CARTESIAN_POINT ( 'NONE',  ( -0.05268900817200262300, -0.03042001305144014300, -0.02772309711285869300 ) ) ;
#1080 = EDGE_LOOP ( 'NONE', ( #1842, #1028, #247, #411 ) ) ;
#1081 = EDGE_CURVE ( 'NONE', #174, #1513, #667, .T. ) ;
#1082 = CARTESIAN_POINT ( 'NONE',  ( 0.03512600544800170700, 0.06084002610288016800, 0.01935695538057928900 ) ) ;
#1083 = FACE_OUTER_BOUND ( 'NONE', #473, .T. ) ;
#1084 = CARTESIAN_POINT ( 'NONE',  ( 0.02082221874603629200, -0.07766079410027093600, 0.06299212598425199500 ) ) ;
#1085 = ORIENTED_EDGE ( 'NONE', *, *, #361, .F. ) ;
#1086 = FACE_OUTER_BOUND ( 'NONE', #1820, .T. ) ;
#1087 = DIRECTION ( 'NONE',  ( 1.000000000000000000, 0.0000000000000000000, 0.0000000000000000000 ) ) ;
#1088 = CARTESIAN_POINT ( 'NONE',  ( 0.1377952755905508500, 0.01347751012707286400, -0.06299212598425231500 ) ) ;
#1089 = CARTESIAN_POINT ( 'NONE',  ( -0.05268900817200266500, 0.03042001305144007400, 0.05036089238845298200 ) ) ;
#1090 = CARTESIAN_POINT ( 'NONE',  ( -0.03512600544800170000, -0.06084002610288017500, 0.06069553805774429600 ) ) ;
#1091 = CARTESIAN_POINT ( 'NONE',  ( -0.04896838690443069300, -0.06377263218487647100, 0.06299212598425202300 ) ) ;
#1092 = CARTESIAN_POINT ( 'NONE',  ( 0.07874015748031502900, -1.601242264446392100E-016, -0.002460629921257470700 ) ) ;
#1093 = EDGE_CURVE ( 'NONE', #529, #1401, #1896, .T. ) ;
#1094 = DIRECTION ( 'NONE',  ( -0.0000000000000000000, -0.0000000000000000000, -1.000000000000000000 ) ) ;
#1095 = CARTESIAN_POINT ( 'NONE',  ( 0.07025201089600351100, 4.301695013872784000E-018, 0.03887795275590715700 ) ) ;
#1096 = CARTESIAN_POINT ( 'NONE',  ( 7.450754322693361400E-018, -0.06084002610288016100, 0.06299212598425346600 ) ) ;
#1097 = APPROVAL ( #2099, 'UNSPECIFIED' ) ;
#1098 = CARTESIAN_POINT ( 'NONE',  ( 0.02582286931605191900, -0.07614363764687777400, 0.06299212598425202300 ) ) ;
#1099 = CARTESIAN_POINT ( 'NONE',  ( 0.07687335399966448200, -0.02345742040256267400, -0.06299212598425192600 ) ) ;
#1100 = CARTESIAN_POINT ( 'NONE',  ( 0.1377952755905509100, 0.02711671086016508000, -0.06180032068211980400 ) ) ;
#1101 = CARTESIAN_POINT ( 'NONE',  ( 7.450754322693369100E-018, -0.06084002610288023100, 0.004429133858269653300 ) ) ;
#1102 = B_SPLINE_CURVE_WITH_KNOTS ( 'NONE', 3,
 ( #1470, #781, #796, #1932, #944, #1129 ),
 .UNSPECIFIED., .F., .F.,
 ( 4, 2, 4 ),
 ( 0.003792108599009411700, 0.004815123802511513100, 0.005838139006013614100 ),
 .UNSPECIFIED. ) ;
#1103 = CARTESIAN_POINT ( 'NONE',  ( 9.642888182262630800E-018, -0.07874015748031502900, -0.06102362204724196700 ) ) ;
#1104 = CARTESIAN_POINT ( 'NONE',  ( 0.03512600544800175600, 0.06084002610288023100, 0.01591207349081548100 ) ) ;
#1105 = ORIENTED_EDGE ( 'NONE', *, *, #1561, .T. ) ;
#1106 = EDGE_CURVE ( 'NONE', #1366, #1812, #607, .T. ) ;
#1107 = CARTESIAN_POINT ( 'NONE',  ( 0.04632187158973410200, 0.08023183509510080400, -0.07796095800524682800 ) ) ;
#1108 = AXIS2_PLACEMENT_3D ( 'NONE', #27, #663, #1802 ) ;
#1109 = VERTEX_POINT ( 'NONE', #618 ) ;
#1110 = VECTOR ( 'NONE', #1267, 39.37007874015748900 ) ;
#1111 = APPLICATION_CONTEXT ( 'configuration controlled 3d designs of mechanical parts and assemblies' ) ;
#1112 = CARTESIAN_POINT ( 'NONE',  ( -0.05268900817200266500, 0.03042001305144007400, -0.004757217847767020000 ) ) ;
#1113 = ORIENTED_EDGE ( 'NONE', *, *, #730, .T. ) ;
#1114 = DIRECTION ( 'NONE',  ( -0.0000000000000000000, -0.0000000000000000000, 1.000000000000000000 ) ) ;
#1115 = CARTESIAN_POINT ( 'NONE',  ( 0.03042333002111456700, -0.07485212881621167200, -0.06299212598425199500 ) ) ;
#1116 = DESIGN_CONTEXT ( 'detailed design', #1111, 'design' ) ;
#1117 = CARTESIAN_POINT ( 'NONE',  ( 0.07874015748031501500, -1.532617595970118100E-016, -0.05413385826771446900 ) ) ;
#1118 = CARTESIAN_POINT ( 'NONE',  ( 0.09264374317946821900, 5.672793177288260000E-018, 0.0001230314960648396600 ) ) ;
#1119 = MECHANICAL_CONTEXT ( 'NONE', #1746, 'mechanical' ) ;
#1120 = CARTESIAN_POINT ( 'NONE',  ( -0.03512600544800170000, -0.06084002610288017500, -0.04954068241469571100 ) ) ;
#1121 = APPROVAL_DATE_TIME ( #1355, #1675 ) ;
#1122 = DIRECTION ( 'NONE',  ( -0.0000000000000000000, -0.0000000000000000000, -1.000000000000000000 ) ) ;
#1123 = CARTESIAN_POINT ( 'NONE',  ( 0.06115475457824719200, 0.0008793218634018848900, -0.04391504546739835600 ) ) ;
#1124 = AXIS2_PLACEMENT_3D ( 'NONE', #2088, #1114, #2114 ) ;
#1125 = CARTESIAN_POINT ( 'NONE',  ( 9.642888182262630800E-018, -0.07874015748031502900, -0.005905511811021959200 ) ) ;
#1126 = CARTESIAN_POINT ( 'NONE',  ( -0.04632187158973415100, 0.08023183509510077600, -0.01824967191600850400 ) ) ;
#1127 = CARTESIAN_POINT ( 'NONE',  ( 0.03512600544800175600, 0.06084002610288023100, 0.07103018372703548400 ) ) ;
#1128 = CARTESIAN_POINT ( 'NONE',  ( 0.06819097667594058200, -0.03937007874015776400, 0.05036089238845368300 ) ) ;
#1129 = CARTESIAN_POINT ( 'NONE',  ( 0.1377952755905514400, 0.0000000000000000000, -0.06299212598425199500 ) ) ;
#1130 = CARTESIAN_POINT ( 'NONE',  ( -0.03512600544800173500, -0.06084002610288023100, 0.03313648293963432400 ) ) ;
#1131 = CARTESIAN_POINT ( 'NONE',  ( 1.521190891121690400E-016, -0.1591122789105264300, 0.05068474837914835300 ) ) ;
#1132 = CARTESIAN_POINT ( 'NONE',  ( -0.04632187158973415100, 0.08023183509510077600, -0.04580872703411850000 ) ) ;
#1133 = ORIENTED_EDGE ( 'NONE', *, *, #1159, .F. ) ;
#1134 = EDGE_LOOP ( 'NONE', ( #806, #1154, #1715, #1604 ) ) ;
#1135 = DIRECTION ( 'NONE',  ( -1.000000000000000000, 0.0000000000000000000, 0.0000000000000000000 ) ) ;
#1136 = CARTESIAN_POINT ( 'NONE',  ( 0.01606492496274970100, 0.07026193390593739300, 0.05465936308206840300 ) ) ;
#1137 = EDGE_CURVE ( 'NONE', #180, #1812, #1179, .T. ) ;
#1138 = ORIENTED_EDGE ( 'NONE', *, *, #1543, .T. ) ;
#1139 = VERTEX_POINT ( 'NONE', #1588 ) ;
#1140 = CARTESIAN_POINT ( 'NONE',  ( -0.1377952755905514400, 0.02711671086016493100, 0.06180032068211949900 ) ) ;
#1141 = CARTESIAN_POINT ( 'NONE',  ( 9.825566003893348200E-018, -0.08023183509510080400, -0.03432578740157266100 ) ) ;
#1142 = AXIS2_PLACEMENT_3D ( 'NONE', #978, #790, #1788 ) ;
#1143 = CARTESIAN_POINT ( 'NONE',  ( -0.04438016494275579700, 0.06683972114230606100, 0.06299212598425202300 ) ) ;
#1144 = DIRECTION ( 'NONE',  ( 1.000000000000000000, 0.0000000000000000000, 0.0000000000000000000 ) ) ;
#1145 = CARTESIAN_POINT ( 'NONE',  ( 0.03512600544800177600, -0.06084002610288021000, -0.01738845144356734900 ) ) ;
#1146 = CARTESIAN_POINT ( 'NONE',  ( 0.0000000000000000000, 0.0000000000000000000, 0.06299212598425199500 ) ) ;
#1147 = CARTESIAN_POINT ( 'NONE',  ( 0.1377952755905509100, -0.07955613945526318600, 0.06299212598425199500 ) ) ;
#1148 = APPROVAL_PERSON_ORGANIZATION ( #1582, #769, #1779 ) ;
#1149 = CARTESIAN_POINT ( 'NONE',  ( -0.04546065111729343700, 0.07874015748031498700, -0.04494750656167779300 ) ) ;
#1150 = CARTESIAN_POINT ( 'NONE',  ( 0.06819097667594011000, 0.03937007874015752800, 0.05839895013123471600 ) ) ;
#1151 = CARTESIAN_POINT ( 'NONE',  ( 0.03512600544800177600, -0.06084002610288021000, 0.01017060367454266200 ) ) ;
#1152 = CARTESIAN_POINT ( 'NONE',  ( 0.008070956482492166700, -0.07093676032716005100, 0.05400260729543437900 ) ) ;
#1153 = CARTESIAN_POINT ( 'NONE',  ( 0.04546065111729338800, 0.07874015748031501500, -0.04954068241469612700 ) ) ;
#1154 = ORIENTED_EDGE ( 'NONE', *, *, #636, .T. ) ;
#1155 = VERTEX_POINT ( 'NONE', #1753 ) ;
#1156 = CARTESIAN_POINT ( 'NONE',  ( -0.05268900817200260200, 0.03042001305144003900, -0.02887139107611321300 ) ) ;
#1157 = FACE_OUTER_BOUND ( 'NONE', #1232, .T. ) ;
#1158 = CARTESIAN_POINT ( 'NONE',  ( 0.02662872431368151100, 0.06802923452631924600, -0.05566520063961900200 ) ) ;
#1159 = EDGE_CURVE ( 'NONE', #728, #1605, #1324, .T. ) ;
#1160 = ORIENTED_EDGE ( 'NONE', *, *, #1332, .T. ) ;
#1161 = ORIENTED_EDGE ( 'NONE', *, *, #1790, .T. ) ;
#1162 = CARTESIAN_POINT ( 'NONE',  ( 0.03512600544800170700, 0.06084002610288016800, 0.04691601049868929200 ) ) ;
#1163 = CARTESIAN_POINT ( 'NONE',  ( -0.06889763779527581500, 0.1193342091828952200, 0.06299212598425199500 ) ) ;
#1164 = CARTESIAN_POINT ( 'NONE',  ( -0.03512600544800179000, 0.06084002610288021700, -0.06217191601049620200 ) ) ;
#1165 = CARTESIAN_POINT ( 'NONE',  ( 0.06591968625237321100, 0.03580332476702106900, -0.05762675259391729400 ) ) ;
#1166 = CARTESIAN_POINT ( 'NONE',  ( -0.03512600544800175600, 0.06084002610288014000, 0.02395013123359763000 ) ) ;
#1167 = CARTESIAN_POINT ( 'NONE',  ( 0.06819097667594011000, 0.03937007874015752800, -0.05183727034120530500 ) ) ;
#1168 = CARTESIAN_POINT ( 'NONE',  ( 0.0000000000000000000, 0.0000000000000000000, 0.06299212598425199500 ) ) ;
#1169 = EDGE_CURVE ( 'NONE', #1109, #1660, #1690, .T. ) ;
#1170 = CARTESIAN_POINT ( 'NONE',  ( 0.0000000000000000000, -1.067128122525102800E-017, -0.06299212598425199500 ) ) ;
#1171 = CARTESIAN_POINT ( 'NONE',  ( -0.07025201089600342800, -1.290508504161833900E-017, 0.05610236220472596100 ) ) ;
#1172 = CARTESIAN_POINT ( 'NONE',  ( -0.06889763779527559300, -0.1193342091828954200, -0.06299212598425199500 ) ) ;
#1173 =( BOUNDED_CURVE ( )  B_SPLINE_CURVE ( 2, ( #1485, #345, #1167, #1153, #983, #1149, #329, #1979, #507 ),
 .UNSPECIFIED., .F., .T. ) 
 B_SPLINE_CURVE_WITH_KNOTS ( ( 3, 2, 2, 2, 3 ),
 ( 0.2202830929950876400, 0.2341719818839765900, 0.2619497596617543800, 0.2897275374395321700, 0.3036164263284210100 ),
 .UNSPECIFIED. ) 
 CURVE ( )  GEOMETRIC_REPRESENTATION_ITEM ( )  RATIONAL_B_SPLINE_CURVE ( ( 0.9330127018922194100, 0.9330127018922191900, 1.000000000000000000, 0.8660254037844388200, 1.000000000000000000, 0.8660254037844388200, 1.000000000000000000, 0.9330127018922194100, 0.9330127018922194100 ) ) 
 REPRESENTATION_ITEM ( '' )  );
#1174 = CARTESIAN_POINT ( 'NONE',  ( 0.08023183509510094200, -1.067128122525102800E-017, 0.06299212598425199500 ) ) ;
#1175 = CARTESIAN_POINT ( 'NONE',  ( 0.03512600544800175600, 0.06084002610288023100, -0.06676509186351452200 ) ) ;
#1176 = VERTEX_POINT ( 'NONE', #439 ) ;
#1177 = CARTESIAN_POINT ( 'NONE',  ( 0.04546065111729341600, 0.07874015748031504300, 0.05725065616798088300 ) ) ;
#1178 = VERTEX_POINT ( 'NONE', #1749 ) ;
#1179 = LINE ( 'NONE', #1258, #1110 ) ;
#1180 = CARTESIAN_POINT ( 'NONE',  ( 0.005301858995025597900, 0.08023002781553875700, -0.06299212598425199500 ) ) ;
#1181 = VERTEX_POINT ( 'NONE', #2082 ) ;
#1182 = EDGE_LOOP ( 'NONE', ( #44, #1402, #698, #2021, #28, #1266 ) ) ;
#1183 = B_SPLINE_CURVE_WITH_KNOTS ( 'NONE', 3,
 ( #2116, #1638, #1293, #1614, #491, #480 ),
 .UNSPECIFIED., .F., .F.,
 ( 4, 2, 4 ),
 ( 0.01093525921502722600, 0.01195847309592478300, 0.01298168697682234100 ),
 .UNSPECIFIED. ) ;
#1184 = CARTESIAN_POINT ( 'NONE',  ( -0.05268900817200262300, -0.03042001305144014300, -0.05528215223096869700 ) ) ;
#1185 = CARTESIAN_POINT ( 'NONE',  ( -2.789570765205078300E-016, 0.1591122789105269800, 0.05068474837914803400 ) ) ;
#1186 = EDGE_CURVE ( 'NONE', #157, #286, #1542, .T. ) ;
#1187 = CARTESIAN_POINT ( 'NONE',  ( 0.07025201089600342800, 4.301695013872779400E-018, -0.01279527559054903900 ) ) ;
#1188 = CARTESIAN_POINT ( 'NONE',  ( 0.04019100449873182200, 0.06963855566975797600, -0.06299212598425199500 ) ) ;
#1189 = CARTESIAN_POINT ( 'NONE',  ( 0.05619678563770935000, 0.02466689853006178200, 0.04360031699203130400 ) ) ;
#1190 = CARTESIAN_POINT ( 'NONE',  ( 0.07025201089600351100, 4.301695013872784000E-018, -0.07135826771653285000 ) ) ;
#1191 = DIRECTION ( 'NONE',  ( 0.0000000000000000000, 0.0000000000000000000, -1.000000000000000000 ) ) ;
#1192 = ADVANCED_FACE ( 'NONE', ( #8 ), #1597, .F. ) ;
#1193 = CARTESIAN_POINT ( 'NONE',  ( -0.05268900817200262300, -0.03042001305144014300, -0.0001640419947486425900 ) ) ;
#1194 = B_SPLINE_CURVE_WITH_KNOTS ( 'NONE', 3,
 ( #2014, #1388, #1037, #901, #67, #568, #1407, #1705, #558, #1545 ),
 .UNSPECIFIED., .F., .F.,
 ( 4, 2, 2, 2, 4 ),
 ( 0.0000000000000000000, 0.0004996623621440297200, 0.0009993247242880594300, 0.001498987086432088700, 0.001998649448576118000 ),
 .UNSPECIFIED. ) ;
#1195 = CARTESIAN_POINT ( 'NONE',  ( 0.05241105004407806100, 0.03192557672021718900, 0.04360031699203134600 ) ) ;
#1196 = EDGE_CURVE ( 'NONE', #1964, #1479, #1416, .T. ) ;
#1197 = CARTESIAN_POINT ( 'NONE',  ( -0.05378102721522786500, 0.04411560834398123300, -0.05216201240529083600 ) ) ;
#1198 =( BOUNDED_CURVE ( )  B_SPLINE_CURVE ( 2, ( #1216, #1550, #1557, #232, #1532, #571, #384, #1383, #238 ),
 .UNSPECIFIED., .F., .F. ) 
 B_SPLINE_CURVE_WITH_KNOTS ( ( 3, 2, 2, 2, 3 ),
 ( 0.6369497596617543800, 0.6508386485506432200, 0.6786164263284210100, 0.7063942041061988000, 0.7202830929950876400 ),
 .UNSPECIFIED. ) 
 CURVE ( )  GEOMETRIC_REPRESENTATION_ITEM ( )  RATIONAL_B_SPLINE_CURVE ( ( 0.9330127018922194100, 0.9330127018922196300, 1.000000000000000000, 0.8660254037844388200, 1.000000000000000000, 0.8660254037844388200, 1.000000000000000000, 0.9330127018922196300, 0.9330127018922194100 ) ) 
 REPRESENTATION_ITEM ( '' )  );
#1199 = CC_DESIGN_SECURITY_CLASSIFICATION ( #1025, ( #2004 ) ) ;
#1200 = CARTESIAN_POINT ( 'NONE',  ( 7.450754322693369100E-018, -0.06084002610288023100, -0.02312992125984030700 ) ) ;
#1201 = ORIENTED_EDGE ( 'NONE', *, *, #467, .T. ) ;
#1202 = ADVANCED_FACE ( 'NONE', ( #1083 ), #1794, .F. ) ;
#1203 = CARTESIAN_POINT ( 'NONE',  ( -0.01941677629457375400, -0.06129584429865166100, -0.04673806861651710200 ) ) ;
#1204 = CARTESIAN_POINT ( 'NONE',  ( -0.04546065111729343700, 0.07874015748031498700, 0.01017060367454220500 ) ) ;
#1205 = VECTOR ( 'NONE', #87, 39.37007874015748100 ) ;
#1206 = EDGE_LOOP ( 'NONE', ( #1870, #1764, #1055, #77 ) ) ;
#1207 = FACE_OUTER_BOUND ( 'NONE', #1182, .T. ) ;
#1208 = DIRECTION ( 'NONE',  ( -4.292327424963321700E-016, 1.000000000000000000, 0.0000000000000000000 ) ) ;
#1209 = ORIENTED_EDGE ( 'NONE', *, *, #730, .F. ) ;
#1210 = CARTESIAN_POINT ( 'NONE',  ( -0.07025201089600351100, -1.290508504161835300E-017, -0.002460629921257806400 ) ) ;
#1211 = EDGE_CURVE ( 'NONE', #170, #745, #962, .T. ) ;
#1212 = CARTESIAN_POINT ( 'NONE',  ( 0.005300913946309862900, 0.08023183509510080400, 0.06299212598425198200 ) ) ;
#1213 = CARTESIAN_POINT ( 'NONE',  ( 0.06078295879847964800, 0.002634520051446033600, -0.04360031699203142200 ) ) ;
#1214 = CARTESIAN_POINT ( 'NONE',  ( -0.04049104736216527900, 0.05749804687359181400, -0.05292864364504450100 ) ) ;
#1215 = AXIS2_PLACEMENT_3D ( 'NONE', #1146, #976, #151 ) ;
#1216 = CARTESIAN_POINT ( 'NONE',  ( -0.07874015748031501500, -3.431233423813696700E-017, 0.01476377952756054000 ) ) ;
#1217 = CARTESIAN_POINT ( 'NONE',  ( 0.06948280738460117800, -0.04011591754755038800, -0.03145505249343593500 ) ) ;
#1218 = CARTESIAN_POINT ( 'NONE',  ( 0.07874015748031501500, 1.143744474604565700E-017, 0.05610236220472555200 ) ) ;
#1219 = CARTESIAN_POINT ( 'NONE',  ( 0.04035281458368815400, -0.04637779934495562400, -0.04389579762579785800 ) ) ;
#1220 = CARTESIAN_POINT ( 'NONE',  ( 0.06084002610288023100, 0.0008773224806999241300, -0.04360031699203137400 ) ) ;
#1221 = CARTESIAN_POINT ( 'NONE',  ( 0.06078295879847964800, 0.002634520051446033600, -0.04360031699203142200 ) ) ;
#1222 = CARTESIAN_POINT ( 'NONE',  ( 0.07874015748031500100, 1.528042618071699900E-015, 0.02509842519685262200 ) ) ;
#1223 = CARTESIAN_POINT ( 'NONE',  ( -0.1377952755905514400, -0.02682449689608107000, -0.06183307245239995400 ) ) ;
#1224 = ADVANCED_FACE ( 'NONE', ( #1424 ), #776, .F. ) ;
#1225 = CARTESIAN_POINT ( 'NONE',  ( 0.04632187158973414400, -0.08023183509510079000, 0.04892552493438490800 ) ) ;
#1226 = CARTESIAN_POINT ( 'NONE',  ( -0.03700832120426326300, -0.05363197350093082400, -0.04760265267206528100 ) ) ;
#1227 = CARTESIAN_POINT ( 'NONE',  ( -0.07874015748031508400, 0.02109836160874971700, 0.01353304176705015000 ) ) ;
#1228 = EDGE_CURVE ( 'NONE', #1891, #2103, #716, .T. ) ;
#1229 = ORIENTED_EDGE ( 'NONE', *, *, #1975, .T. ) ;
#1230 = CARTESIAN_POINT ( 'NONE',  ( 0.1377952755905509100, -0.01346638380171306900, 0.06299212598425231500 ) ) ;
#1231 = CARTESIAN_POINT ( 'NONE',  ( -0.07874015748031501500, -0.02109836160874986600, -0.03912359294814907200 ) ) ;
#1232 = EDGE_LOOP ( 'NONE', ( #1238, #1133, #980 ) ) ;
#1233 = CARTESIAN_POINT ( 'NONE',  ( -0.1377952755905513800, -0.05335750285028661300, -0.05755356636258798100 ) ) ;
#1234 = ORIENTED_EDGE ( 'NONE', *, *, #995, .T. ) ;
#1235 = CARTESIAN_POINT ( 'NONE',  ( -0.09264374317946821900, -1.701837953186478100E-017, 0.03973917322834825300 ) ) ;
#1236 = CARTESIAN_POINT ( 'NONE',  ( 0.05306742019452089600, 0.06040137898180811300, 0.06299212598425253700 ) ) ;
#1237 = CARTESIAN_POINT ( 'NONE',  ( 0.03512600544800177600, -0.06084002610288021700, -0.07595144356955119100 ) ) ;
#1238 = ORIENTED_EDGE ( 'NONE', *, *, #592, .T. ) ;
#1239 = ORIENTED_EDGE ( 'NONE', *, *, #330, .T. ) ;
#1240 = CARTESIAN_POINT ( 'NONE',  ( 0.001221197892296951200, 0.07412117073950970400, 0.05671753227807124100 ) ) ;
#1241 = CARTESIAN_POINT ( 'NONE',  ( 0.07614263396167474100, -0.02583156799242814600, 0.06299212598425203700 ) ) ;
#1242 = ADVANCED_FACE ( 'NONE', ( #1395 ), #1053, .F. ) ;
#1243 = CARTESIAN_POINT ( 'NONE',  ( 0.09264374317946821900, 5.672793177288260000E-018, -0.05671751968503676400 ) ) ;
#1244 = CARTESIAN_POINT ( 'NONE',  ( 0.1377952755905509100, -0.07955613945526814100, 0.05068474837915162200 ) ) ;
#1245 = EDGE_CURVE ( 'NONE', #24, #1861, #1476, .T. ) ;
#1246 = B_SPLINE_CURVE_WITH_KNOTS ( 'NONE', 3,
 ( #1414, #1421, #1587, #924 ),
 .UNSPECIFIED., .F., .F.,
 ( 4, 4 ),
 ( 2.380739282167979200E-007, 0.002044882221487521100 ),
 .UNSPECIFIED. ) ;
#1247 = CARTESIAN_POINT ( 'NONE',  ( -0.06819097667594013800, 0.03937007874015745900, -0.01509186351705863100 ) ) ;
#1248 = CARTESIAN_POINT ( 'NONE',  ( -0.07025201089600351100, -1.290508504161835300E-017, -0.002460629921257846700 ) ) ;
#1249 = CARTESIAN_POINT ( 'NONE',  ( 7.450754322693361400E-018, -0.06084002610288016100, 0.007874015748033463100 ) ) ;
#1250 = CYLINDRICAL_SURFACE ( 'NONE', #101, 0.07874015748031502900 ) ;
#1251 = CC_DESIGN_DATE_AND_TIME_ASSIGNMENT ( #536, #131, ( #1025 ) ) ;
#1252 = CARTESIAN_POINT ( 'NONE',  ( 0.07874015748031507100, -8.552234934408181900E-013, -0.03001968503941734500 ) ) ;
#1253 = DIRECTION ( 'NONE',  ( 0.0000000000000000000, 0.0000000000000000000, 1.000000000000000000 ) ) ;
#1254 = CARTESIAN_POINT ( 'NONE',  ( -0.1377952755905514400, 0.07955613945526342200, 0.05068474837914801300 ) ) ;
#1255 = CARTESIAN_POINT ( 'NONE',  ( -0.07025201089600351100, -1.290508504161835300E-017, 0.05265748031496216000 ) ) ;
#1256 = CARTESIAN_POINT ( 'NONE',  ( 0.05268900817200258800, -0.03042001305144007000, 0.01246719160105179100 ) ) ;
#1257 = CARTESIAN_POINT ( 'NONE',  ( -0.04021715732748462600, -0.06962350025893493400, 0.06299212598425203700 ) ) ;
#1258 = CARTESIAN_POINT ( 'NONE',  ( 0.08023183509510094200, -8.457152213576634900E-019, -0.06299212598425199500 ) ) ;
#1259 = CARTESIAN_POINT ( 'NONE',  ( 0.04632187158973410200, 0.08023183509510080400, 0.03055282152231157000 ) ) ;
#1260 = CARTESIAN_POINT ( 'NONE',  ( 0.02681103373369459600, 0.07403499760353544900, 0.06150044836946612400 ) ) ;
#1261 = CARTESIAN_POINT ( 'NONE',  ( 0.07025201089600351100, 4.301695013872784000E-018, -0.04379921259842285000 ) ) ;
#1262 = ORIENTED_EDGE ( 'NONE', *, *, #1811, .F. ) ;
#1263 = AXIS2_PLACEMENT_3D ( 'NONE', #115, #1925, #1275 ) ;
#1264 = CARTESIAN_POINT ( 'NONE',  ( 0.03512600544800174200, -0.06084002610288014000, 0.06528871391076263000 ) ) ;
#1265 = CARTESIAN_POINT ( 'NONE',  ( -0.01047605105313077600, -0.08022939213572342900, 0.06299212598425199500 ) ) ;
#1266 = ORIENTED_EDGE ( 'NONE', *, *, #592, .F. ) ;
#1267 = DIRECTION ( 'NONE',  ( 0.7071067811865486800, 8.659560562354947600E-017, -0.7071067811865462400 ) ) ;
#1268 = VERTEX_POINT ( 'NONE', #859 ) ;
#1269 = CARTESIAN_POINT ( 'NONE',  ( 0.03413917246077425400, 0.07107534693188596900, 0.06121288537123863200 ) ) ;
#1270 = CARTESIAN_POINT ( 'NONE',  ( 7.450754322693369100E-018, -0.06084002610288023100, 0.05954724409448965800 ) ) ;
#1271 = ORIENTED_EDGE ( 'NONE', *, *, #1573, .F. ) ;
#1272 = DIRECTION ( 'NONE',  ( 0.0000000000000000000, 0.0000000000000000000, 1.000000000000000000 ) ) ;
#1273 = CARTESIAN_POINT ( 'NONE',  ( -0.03512600544800175600, 0.06084002610288014000, -0.03116797900262238700 ) ) ;
#1274 = CARTESIAN_POINT ( 'NONE',  ( -0.06658203756339369000, 4.346229003497349700E-017, 0.04934232845254481900 ) ) ;
#1275 = DIRECTION ( 'NONE',  ( 1.000000000000000000, 0.0000000000000000000, 0.0000000000000000000 ) ) ;
#1276 = EDGE_CURVE ( 'NONE', #328, #1155, #900, .T. ) ;
#1277 = CARTESIAN_POINT ( 'NONE',  ( 0.04632187158973414400, -0.08023183509510079000, 0.02136646981627490800 ) ) ;
#1278 = CARTESIAN_POINT ( 'NONE',  ( 0.07531606234140665600, 0.007825241292622879200, 0.05837982738395602200 ) ) ;
#1279 = CARTESIAN_POINT ( 'NONE',  ( 0.06948280738460117800, -0.04011591754755038800, -0.02973261154855433600 ) ) ;
#1280 = CARTESIAN_POINT ( 'NONE',  ( 0.06819097667594011000, -0.03937007874015750100, -0.05643044619422363200 ) ) ;
#1281 = CARTESIAN_POINT ( 'NONE',  ( -0.05268900817200266500, 0.03042001305144007400, 0.05036089238845298200 ) ) ;
#1282 = CARTESIAN_POINT ( 'NONE',  ( 0.05043403809934883500, 0.04101068435241350000, 0.04756957990878429200 ) ) ;
#1283 = CARTESIAN_POINT ( 'NONE',  ( -0.04546065111729346400, 0.07874015748031502900, 0.006725721784779210800 ) ) ;
#1284 = CARTESIAN_POINT ( 'NONE',  ( -0.08023183509510080400, 3.528222955260164400E-014, 0.06299212598425199500 ) ) ;
#1285 = CARTESIAN_POINT ( 'NONE',  ( -0.09264374317946821900, -1.701837953186478100E-017, 0.01390255905511984100 ) ) ;
#1286 = CARTESIAN_POINT ( 'NONE',  ( 0.07874015748031500100, -0.02109836160874990100, -0.05536459602822486200 ) ) ;
#1287 = CARTESIAN_POINT ( 'NONE',  ( -0.07025201089600351100, -1.290508504161835300E-017, 0.05265748031496216000 ) ) ;
#1288 = CARTESIAN_POINT ( 'NONE',  ( 0.04546065111729373500, -0.07874015748031555600, 0.04806430446194451900 ) ) ;
#1289 = VERTEX_POINT ( 'NONE', #169 ) ;
#1290 = CARTESIAN_POINT ( 'NONE',  ( 0.0000000000000000000, 0.07874015748031502900, 0.004429133858270054900 ) ) ;
#1291 = EDGE_CURVE ( 'NONE', #1268, #219, #583, .T. ) ;
#1292 = ORIENTED_EDGE ( 'NONE', *, *, #1360, .T. ) ;
#1293 = CARTESIAN_POINT ( 'NONE',  ( -0.1377952755905514600, 0.05365667660910974900, -0.05749060914197574900 ) ) ;
#1294 = CARTESIAN_POINT ( 'NONE',  ( -0.04632187158973407500, -0.08023183509510081700, -0.03662237532808183800 ) ) ;
#1295 = VERTEX_POINT ( 'NONE', #845 ) ;
#1296 = LINE ( 'NONE', #407, #1373 ) ;
#1297 = PERSON_AND_ORGANIZATION_ROLE ( 'creator' ) ;
#1298 = CARTESIAN_POINT ( 'NONE',  ( 0.05268900817200264400, -0.03042001305144010500, 0.009022309711287980800 ) ) ;
#1299 = CARTESIAN_POINT ( 'NONE',  ( -0.07874015748005477900, -0.02109836160920171300, 0.04010869051644460500 ) ) ;
#1300 = ORIENTED_EDGE ( 'NONE', *, *, #683, .F. ) ;
#1301 = ORIENTED_EDGE ( 'NONE', *, *, #619, .T. ) ;
#1302 = CARTESIAN_POINT ( 'NONE',  ( -0.02919248658715767000, 0.05669239731178791300, 0.04629088257814176200 ) ) ;
#1303 = CARTESIAN_POINT ( 'NONE',  ( -0.04552429391307997300, -0.1328288155651420900, 0.06181362163790839900 ) ) ;
#1304 = CARTESIAN_POINT ( 'NONE',  ( -0.04632187158973415100, 0.08023183509510077600, 0.009309383202101504900 ) ) ;
#1305 = B_SPLINE_CURVE_WITH_KNOTS ( 'NONE', 3,
 ( #1983, #190, #1358, #1515, #1999, #83, #1695, #563, #1380, #396, #420, #567, #1047, #738, #585, #1069, #2058, #715 ),
 .UNSPECIFIED., .F., .F.,
 ( 4, 2, 2, 2, 2, 2, 2, 2, 4 ),
 ( 6.853977660068172700E-005, 0.0004504125741004358300, 0.0008322853716001899500, 0.001214158169099943800, 0.001596030966599697900, 0.001977903764099451300, 0.002359776561599205100, 0.002741649359098959900, 0.003123522156598713700 ),
 .UNSPECIFIED. ) ;
#1306 = DIRECTION ( 'NONE',  ( -1.000000000000000000, 0.0000000000000000000, 0.0000000000000000000 ) ) ;
#1307 = PERSON_AND_ORGANIZATION ( #765, #793 ) ;
#1308 = CARTESIAN_POINT ( 'NONE',  ( -0.06227515375235713500, 0.02142832192530996100, 0.04839243347154678600 ) ) ;
#1309 = AXIS2_PLACEMENT_3D ( 'NONE', #973, #1122, #1443 ) ;
#1310 = CARTESIAN_POINT ( 'NONE',  ( -0.1377952755905514600, 0.05365667660910974900, 0.05749060914197574900 ) ) ;
#1311 = CARTESIAN_POINT ( 'NONE',  ( 0.06948280738460117800, -0.04011591754755038800, -0.05729166666666434000 ) ) ;
#1312 = CARTESIAN_POINT ( 'NONE',  ( 0.07025201089600342800, 4.301695013872779400E-018, -0.06791338582676903500 ) ) ;
#1313 = CARTESIAN_POINT ( 'NONE',  ( -0.05720334656222138300, -0.1260859113742804900, -0.06299212598425237000 ) ) ;
#1314 = CARTESIAN_POINT ( 'NONE',  ( 0.03512600544800174200, 0.06084002610288022400, 0.01935695538057933100 ) ) ;
#1315 = CARTESIAN_POINT ( 'NONE',  ( -0.04632187158973415100, 0.08023183509510077600, 0.007586942257219897500 ) ) ;
#1316 = CARTESIAN_POINT ( 'NONE',  ( 9.825566003893348200E-018, -0.08023183509510080400, -0.08944389763779266000 ) ) ;
#1317 = EDGE_LOOP ( 'NONE', ( #470, #1059, #475, #136 ) ) ;
#1318 = DIRECTION ( 'NONE',  ( -0.0000000000000000000, -0.0000000000000000000, -1.000000000000000000 ) ) ;
#1319 = LINE ( 'NONE', #1852, #331 ) ;
#1320 = CARTESIAN_POINT ( 'NONE',  ( -0.02257899401196745600, -0.1460762906396860000, -0.05752594247619687700 ) ) ;
#1321 = CARTESIAN_POINT ( 'NONE',  ( 0.0000000000000000000, 0.0000000000000000000, 0.06299212598425199500 ) ) ;
#1322 = EDGE_CURVE ( 'NONE', #382, #157, #2061, .T. ) ;
#1323 = VERTEX_POINT ( 'NONE', #17 ) ;
#1324 = CIRCLE ( 'NONE', #1263, 0.1377952755905514400 ) ;
#1325 = CARTESIAN_POINT ( 'NONE',  ( -0.06658203756339369000, 4.346229003497349700E-017, 0.04934232845254481900 ) ) ;
#1326 = PRODUCT_RELATED_PRODUCT_CATEGORY ( 'detail', '', ( #96 ) ) ;
#1327 = CARTESIAN_POINT ( 'NONE',  ( 0.07874015748031500100, 0.02109836160874992500, 0.05733309996523595200 ) ) ;
#1328 = CARTESIAN_POINT ( 'NONE',  ( 0.0000000000000000000, 0.0000000000000000000, 0.06299212598425199500 ) ) ;
#1329 = ORIENTED_EDGE ( 'NONE', *, *, #945, .T. ) ;
#1330 = CARTESIAN_POINT ( 'NONE',  ( 0.03512600544800170700, 0.06084002610288016800, -0.06332020997375070700 ) ) ;
#1331 = CARTESIAN_POINT ( 'NONE',  ( 0.07025201089600351100, 4.301695013872784000E-018, 0.06643700787401715700 ) ) ;
#1332 = EDGE_CURVE ( 'NONE', #529, #1968, #550, .T. ) ;
#1333 = CARTESIAN_POINT ( 'NONE',  ( 1.521190891121690400E-016, -0.1591122789105264300, -0.05068474837914835300 ) ) ;
#1334 = CARTESIAN_POINT ( 'NONE',  ( 0.03959484281761400900, 0.06258410428795456400, -0.05622295021297768500 ) ) ;
#1335 = AXIS2_PLACEMENT_3D ( 'NONE', #1572, #1415, #1892 ) ;
#1336 = CARTESIAN_POINT ( 'NONE',  ( -0.03416198003647499800, 0.07094343887909083900, 0.06150044836933275800 ) ) ;
#1337 = CARTESIAN_POINT ( 'NONE',  ( 0.05268900817200264400, -0.03042001305144010500, -0.07365485564304202800 ) ) ;
#1338 = CARTESIAN_POINT ( 'NONE',  ( -0.01797070456175000800, 0.07874015748031502900, 0.06045509081716223700 ) ) ;
#1339 = ORIENTED_EDGE ( 'NONE', *, *, #1404, .T. ) ;
#1340 = CARTESIAN_POINT ( 'NONE',  ( -0.05268900817200260200, 0.03042001305144003900, 0.02624671916010679100 ) ) ;
#1341 = CARTESIAN_POINT ( 'NONE',  ( 0.04891582775154430800, -0.06170295126987833400, -0.06150044836951003300 ) ) ;
#1342 =( BOUNDED_CURVE ( )  B_SPLINE_CURVE ( 2, ( #1341, #1655, #1351, #1509, #15 ),
 .UNSPECIFIED., .F., .T. ) 
 B_SPLINE_CURVE_WITH_KNOTS ( ( 3, 2, 3 ),
 ( 0.0006507131720977171800, 0.001406821427054368200, 0.002448671619427252000 ),
 .UNSPECIFIED. ) 
 CURVE ( )  GEOMETRIC_REPRESENTATION_ITEM ( )  RATIONAL_B_SPLINE_CURVE ( ( 0.9380515338919229700, 0.9513849021218915300, 1.000000000000000000, 0.9330127018922204100, 0.9330127018922194100 ) ) 
 REPRESENTATION_ITEM ( '' )  );
#1343 = VERTEX_POINT ( 'NONE', #543 ) ;
#1344 = EDGE_LOOP ( 'NONE', ( #713, #479, #310, #1329, #721 ) ) ;
#1345 = CARTESIAN_POINT ( 'NONE',  ( -0.01388633893971949500, -0.06084002610288023700, -0.07915593997997788500 ) ) ;
#1346 = CIRCLE ( 'NONE', #2107, 0.1377952755905514400 ) ;
#1347 = EDGE_CURVE ( 'NONE', #1155, #418, #2018, .T. ) ;
#1348 = ORIENTED_EDGE ( 'NONE', *, *, #432, .T. ) ;
#1349 = CYLINDRICAL_SURFACE ( 'NONE', #867, 0.07874015748031502900 ) ;
#1350 = CARTESIAN_POINT ( 'NONE',  ( 0.0000000000000000000, 0.06084002610288016100, 0.04921259842519846300 ) ) ;
#1351 = CARTESIAN_POINT ( 'NONE',  ( 0.06819097667594632700, -0.03937007874016107400, -0.05987532808398250000 ) ) ;
#1352 = CARTESIAN_POINT ( 'NONE',  ( 0.07625389410016046600, -4.239860767359125300E-013, -0.05901418498931155400 ) ) ;
#1353 = DIRECTION ( 'NONE',  ( 1.000000000000000000, 0.0000000000000000000, 0.0000000000000000000 ) ) ;
#1354 = ORIENTED_EDGE ( 'NONE', *, *, #1673, .T. ) ;
#1355 = DATE_AND_TIME ( #729, #1556 ) ;
#1356 = CARTESIAN_POINT ( 'NONE',  ( 0.0000000000000000000, 0.06084002610288016100, -0.03346456692913153700 ) ) ;
#1357 = CARTESIAN_POINT ( 'NONE',  ( 0.02077926497043095600, 0.07767106497469709900, -0.06299212598425232800 ) ) ;
#1358 = CARTESIAN_POINT ( 'NONE',  ( 0.06243859391157453200, -0.009833306914105355600, -0.04577721662604777200 ) ) ;
#1359 = CARTESIAN_POINT ( 'NONE',  ( 0.06889763779527552400, 0.1193342091828952900, 0.06299212598425199500 ) ) ;
#1360 = EDGE_CURVE ( 'NONE', #143, #957, #1319, .T. ) ;
#1361 = CARTESIAN_POINT ( 'NONE',  ( 0.07874015748031498700, 3.419795979067651600E-015, 0.05265748031496273600 ) ) ;
#1362 = CARTESIAN_POINT ( 'NONE',  ( -0.07025201089600342800, -1.290508504161833900E-017, -0.02657480314960404200 ) ) ;
#1363 = CARTESIAN_POINT ( 'NONE',  ( -0.03512600544800173500, -0.06084002610288025100, 0.002132545931760521600 ) ) ;
#1364 = CARTESIAN_POINT ( 'NONE',  ( -0.07874015748059751100, -0.02109836160826067700, 0.01254963539827942500 ) ) ;
#1365 = CARTESIAN_POINT ( 'NONE',  ( 0.06819097667594151100, -0.03937007874015829900, -0.03231627296587569900 ) ) ;
#1366 = VERTEX_POINT ( 'NONE', #1221 ) ;
#1367 = DIRECTION ( 'NONE',  ( -0.0000000000000000000, -0.0000000000000000000, -1.000000000000000000 ) ) ;
#1368 =( BOUNDED_CURVE ( )  B_SPLINE_CURVE ( 2, ( #1679, #237, #410, #2032, #1381, #706, #397, #725, #2007 ),
 .UNSPECIFIED., .F., .T. ) 
 B_SPLINE_CURVE_WITH_KNOTS ( ( 3, 2, 2, 2, 3 ),
 ( 0.002448671619427252000, 0.003493753633532781800, 0.005583917661743816700, 0.007674081689954851200, 0.008719163704060364100 ),
 .UNSPECIFIED. ) 
 CURVE ( )  GEOMETRIC_REPRESENTATION_ITEM ( )  RATIONAL_B_SPLINE_CURVE ( ( 0.9330127018922194100, 0.9330127018922183000, 1.000000000000000000, 0.8660254037844387100, 1.000000000000000000, 0.8660254037844387100, 1.000000000000000000, 0.9330127018922196300, 0.9330127018922194100 ) ) 
 REPRESENTATION_ITEM ( '' )  );
#1369 = VECTOR ( 'NONE', #1390, 39.37007874015748900 ) ;
#1370 = CARTESIAN_POINT ( 'NONE',  ( -0.04632187158973415100, 0.08023183509510077600, -0.01997211286089010200 ) ) ;
#1371 = CARTESIAN_POINT ( 'NONE',  ( -0.03512600544800179000, 0.06084002610288021700, -0.007053805774276151700 ) ) ;
#1372 = ORIENTED_EDGE ( 'NONE', *, *, #619, .F. ) ;
#1373 = VECTOR ( 'NONE', #1886, 39.37007874015748100 ) ;
#1374 = CARTESIAN_POINT ( 'NONE',  ( 0.07874015748031500100, 1.528042618071699900E-015, 0.02509842519685262200 ) ) ;
#1375 = CARTESIAN_POINT ( 'NONE',  ( 0.07874015748031501500, 1.143744474604565700E-017, 0.0009842519685055390100 ) ) ;
#1376 = CARTESIAN_POINT ( 'NONE',  ( 0.07381944781863374000, -0.02307671729119324300, -0.05988605852793457000 ) ) ;
#1377 = AXIS2_PLACEMENT_3D ( 'NONE', #1328, #336, #1971 ) ;
#1378 = CARTESIAN_POINT ( 'NONE',  ( -0.06889763779527582900, 0.1193342091828952500, -0.06299212598425199500 ) ) ;
#1379 = CARTESIAN_POINT ( 'NONE',  ( 0.02589352813890728700, 0.07611940704805424100, -0.06299212598425199500 ) ) ;
#1380 = CARTESIAN_POINT ( 'NONE',  ( 0.04754153779207041800, -0.05130364716501407300, -0.05252911472035223800 ) ) ;
#1381 = CARTESIAN_POINT ( 'NONE',  ( 0.0000000000000000000, 0.07874015748032219000, -0.05068897637794582400 ) ) ;
#1382 = CARTESIAN_POINT ( 'NONE',  ( -0.06586180046373750500, 0.01875439928097572000, -0.05107826155786849400 ) ) ;
#1383 = CARTESIAN_POINT ( 'NONE',  ( 0.07874015748031500100, -0.02109836160874990100, 0.02731256932610514500 ) ) ;
#1384 = CARTESIAN_POINT ( 'NONE',  ( -0.06961827823225860700, 0.04022513187844092800, -0.06299212598425207900 ) ) ;
#1385 = ADVANCED_FACE ( 'NONE', ( #193 ), #1993, .F. ) ;
#1386 = B_SPLINE_CURVE_WITH_KNOTS ( 'NONE', 3,
 ( #680, #842, #534, #836, #1962, #1659 ),
 .UNSPECIFIED., .F., .F.,
 ( 4, 2, 4 ),
 ( 0.0000000000000000000, 0.0005795030461053947700, 0.001159006092210789800 ),
 .UNSPECIFIED. ) ;
#1387 = CARTESIAN_POINT ( 'NONE',  ( -0.06192462532702162900, -0.02487739377486649200, -0.04918886868582613600 ) ) ;
#1388 = CARTESIAN_POINT ( 'NONE',  ( -0.04991712710898096900, 0.06316329505884447900, 0.06299212598425200900 ) ) ;
#1389 = EDGE_CURVE ( 'NONE', #363, #1181, #1003, .T. ) ;
#1390 = DIRECTION ( 'NONE',  ( 0.7071067811865486800, 8.659560562354947600E-017, -0.7071067811865462400 ) ) ;
#1391 = DIRECTION ( 'NONE',  ( -1.000000000000000000, 0.0000000000000000000, 0.0000000000000000000 ) ) ;
#1392 = DIRECTION ( 'NONE',  ( 0.0000000000000000000, 0.0000000000000000000, 1.000000000000000000 ) ) ;
#1393 = ORIENTED_EDGE ( 'NONE', *, *, #1389, .T. ) ;
#1394 = CARTESIAN_POINT ( 'NONE',  ( 0.0000000000000000000, -1.067128122525102800E-017, -0.06299212598425199500 ) ) ;
#1395 = FACE_OUTER_BOUND ( 'NONE', #391, .T. ) ;
#1396 = CARTESIAN_POINT ( 'NONE',  ( -0.1377952755905513800, -0.07955613945526304700, 0.06299212598425199500 ) ) ;
#1397 = ORIENTED_EDGE ( 'NONE', *, *, #1404, .F. ) ;
#1398 = FACE_OUTER_BOUND ( 'NONE', #353, .T. ) ;
#1399 = ADVANCED_FACE ( 'NONE', ( #155 ), #552, .F. ) ;
#1400 = CARTESIAN_POINT ( 'NONE',  ( 9.825566003893348200E-018, -0.08023183509510080400, -0.008489173228344259300 ) ) ;
#1401 = VERTEX_POINT ( 'NONE', #892 ) ;
#1402 = ORIENTED_EDGE ( 'NONE', *, *, #1472, .T. ) ;
#1403 = CARTESIAN_POINT ( 'NONE',  ( 0.05268900817200263700, 0.03042001305144012600, -0.04150262467191365200 ) ) ;
#1404 = EDGE_CURVE ( 'NONE', #382, #1401, #1839, .T. ) ;
#1405 = B_SPLINE_CURVE_WITH_KNOTS ( 'NONE', 3,
 ( #2060, #78, #1567, #740 ),
 .UNSPECIFIED., .F., .F.,
 ( 4, 4 ),
 ( 2.380739282167979200E-007, 0.002044882221487521100 ),
 .UNSPECIFIED. ) ;
#1406 = CARTESIAN_POINT ( 'NONE',  ( 0.07613074931100145800, 0.02585696973472486100, 0.06299212598424756800 ) ) ;
#1407 = CARTESIAN_POINT ( 'NONE',  ( -0.07622126348062316400, 0.02589951450880162800, 0.06299212598425200900 ) ) ;
#1408 = CARTESIAN_POINT ( 'NONE',  ( 0.03512600544800174200, -0.06084002610288014000, -0.01738845144356738300 ) ) ;
#1409 = AXIS2_PLACEMENT_3D ( 'NONE', #404, #223, #383 ) ;
#1410 = CARTESIAN_POINT ( 'NONE',  ( 0.0000000000000000000, 0.0000000000000000000, 0.06299212598425199500 ) ) ;
#1411 = CARTESIAN_POINT ( 'NONE',  ( 0.07972281449323667700, 0.01044453230028157000, 0.06299212598425196800 ) ) ;
#1412 = CARTESIAN_POINT ( 'NONE',  ( 0.03512600544800175600, 0.06084002610288023100, -0.03920603674540451600 ) ) ;
#1413 = CARTESIAN_POINT ( 'NONE',  ( -0.05268900817200256000, -0.03042001305144010800, 0.05839895013123513200 ) ) ;
#1414 = CARTESIAN_POINT ( 'NONE',  ( 1.521190891121690400E-016, -0.1591122789105264300, -0.05068474837914835300 ) ) ;
#1415 = DIRECTION ( 'NONE',  ( 0.0000000000000000000, 0.0000000000000000000, 1.000000000000000000 ) ) ;
#1416 = B_SPLINE_CURVE_WITH_KNOTS ( 'NONE', 3,
 ( #1785, #1796, #662, #1308, #161, #827, #509, #1302, #4, #1958, #9, #2115, #2106, #163, #1467, #987 ),
 .UNSPECIFIED., .F., .F.,
 ( 4, 2, 2, 2, 2, 2, 2, 4 ),
 ( 0.008730503863204470300, 0.009146644382592442800, 0.009562784901980415200, 0.01039506594075636200, 0.01081120646014433400, 0.01122734697953230700, 0.01164348749892028100, 0.01205962801830825400 ),
 .UNSPECIFIED. ) ;
#1417 = CARTESIAN_POINT ( 'NONE',  ( 0.09237394300347898100, 0.1057801580513612200, 0.06299212598425217600 ) ) ;
#1418 = CARTESIAN_POINT ( 'NONE',  ( 0.05268900817200264400, -0.03042001305144010500, -0.01853674540682202100 ) ) ;
#1419 = AXIS2_PLACEMENT_3D ( 'NONE', #1394, #1094, #1728 ) ;
#1420 = CARTESIAN_POINT ( 'NONE',  ( 0.1377952755905509100, -0.07955613945526814100, 0.05068474837915162200 ) ) ;
#1421 = CARTESIAN_POINT ( 'NONE',  ( 0.02254144026182940500, -0.1460979723074374300, -0.05819856179979918100 ) ) ;
#1422 = ORIENTED_EDGE ( 'NONE', *, *, #484, .F. ) ;
#1423 = CARTESIAN_POINT ( 'NONE',  ( -0.06896946575331600000, -0.04190590348708147400, -0.06299212598425119000 ) ) ;
#1424 = FACE_OUTER_BOUND ( 'NONE', #1496, .T. ) ;
#1425 = CARTESIAN_POINT ( 'NONE',  ( -2.789570765205078300E-016, 0.1591122789105269800, -0.05068474837914803400 ) ) ;
#1426 = CARTESIAN_POINT ( 'NONE',  ( 7.450754322693369100E-018, -0.06084002610288023100, 0.03198818897637965800 ) ) ;
#1427 = ORIENTED_EDGE ( 'NONE', *, *, #1445, .F. ) ;
#1428 = FACE_OUTER_BOUND ( 'NONE', #502, .T. ) ;
#1429 = CARTESIAN_POINT ( 'NONE',  ( 7.450754322693361400E-018, -0.06084002610288016100, -0.01968503937007654000 ) ) ;
#1430 = CARTESIAN_POINT ( 'NONE',  ( -0.06962770741772568400, -0.04020635941967630500, 0.06299212598425364700 ) ) ;
#1431 = CARTESIAN_POINT ( 'NONE',  ( -0.08023183509510094200, -1.067128122525102800E-017, -0.06299212598425199500 ) ) ;
#1432 = EDGE_CURVE ( 'NONE', #1629, #728, #931, .T. ) ;
#1433 = CARTESIAN_POINT ( 'NONE',  ( -0.06948280738460115000, -0.04011591754755043600, 0.01447670603674740600 ) ) ;
#1434 = CARTESIAN_POINT ( 'NONE',  ( 0.04087297210483589700, 0.06709241637904066200, 0.06092230686135800100 ) ) ;
#1435 = CARTESIAN_POINT ( 'NONE',  ( -0.03512600544800173500, -0.06084002610288025100, 0.05725065616798048800 ) ) ;
#1436 = CARTESIAN_POINT ( 'NONE',  ( 0.03512600544800170700, 0.06084002610288016800, 0.04691601049868929200 ) ) ;
#1437 = CARTESIAN_POINT ( 'NONE',  ( -0.06819097667594013800, 0.03937007874015745900, 0.04002624671916137800 ) ) ;
#1438 = CARTESIAN_POINT ( 'NONE',  ( 0.04689248894951125000, -0.06527358229614238500, -0.06299212598425203700 ) ) ;
#1439 = CARTESIAN_POINT ( 'NONE',  ( 0.07531790798365117800, -9.221268264828121400E-013, 0.05807819887280225200 ) ) ;
#1440 = CARTESIAN_POINT ( 'NONE',  ( 7.450754322693369100E-018, -0.06084002610288023100, -0.05068897637795034800 ) ) ;
#1441 = CARTESIAN_POINT ( 'NONE',  ( 0.0000000000000000000, 0.06084002610288023100, 0.04576771653543465500 ) ) ;
#1442 = CARTESIAN_POINT ( 'NONE',  ( 0.05843955576441659000, 0.01692120262442311700, 0.04360031699203129100 ) ) ;
#1443 = DIRECTION ( 'NONE',  ( 1.000000000000000000, 0.0000000000000000000, 0.0000000000000000000 ) ) ;
#1444 = CARTESIAN_POINT ( 'NONE',  ( 0.07980118012808866400, -0.009560626547681139200, -0.06299212598425202300 ) ) ;
#1445 = EDGE_CURVE ( 'NONE', #1295, #382, #1514, .T. ) ;
#1446 = CARTESIAN_POINT ( 'NONE',  ( 0.06948280738460117800, -0.04011591754755038800, -0.08485072178477433300 ) ) ;
#1447 = ORIENTED_EDGE ( 'NONE', *, *, #1432, .F. ) ;
#1448 = PERSON_AND_ORGANIZATION_ROLE ( 'classification_officer' ) ;
#1449 = CARTESIAN_POINT ( 'NONE',  ( -0.02639749801354580900, -0.05481496944105674500, -0.07675648907145230000 ) ) ;
#1450 = FACE_OUTER_BOUND ( 'NONE', #276, .T. ) ;
#1451 = ORIENTED_EDGE ( 'NONE', *, *, #30, .F. ) ;
#1452 = VECTOR ( 'NONE', #350, 39.37007874015748100 ) ;
#1453 = CARTESIAN_POINT ( 'NONE',  ( 0.06084002610288022400, 1.383930814271524500E-016, -0.04360031699203134600 ) ) ;
#1454 = CARTESIAN_POINT ( 'NONE',  ( 0.0000000000000000000, -1.067128122525102800E-017, 0.06299212598425199500 ) ) ;
#1455 = EDGE_LOOP ( 'NONE', ( #1372, #850, #496 ) ) ;
#1456 = ORIENTED_EDGE ( 'NONE', *, *, #30, .T. ) ;
#1457 = CARTESIAN_POINT ( 'NONE',  ( 0.0000000000000000000, 0.0000000000000000000, -0.06299212598425199500 ) ) ;
#1458 = CARTESIAN_POINT ( 'NONE',  ( 0.06948280738460116400, 0.04011591754755040900, 0.002419619422574003600 ) ) ;
#1459 =( CONVERSION_BASED_UNIT ( 'INCH', #1935 ) LENGTH_UNIT ( ) NAMED_UNIT ( #2093 ) );
#1460 = CARTESIAN_POINT ( 'NONE',  ( 0.0000000000000000000, 0.06084002610288023100, 0.07332677165354466200 ) ) ;
#1461 = CARTESIAN_POINT ( 'NONE',  ( 0.04546065111729341600, 0.07874015748031504300, 0.002132545931760882400 ) ) ;
#1462 = CARTESIAN_POINT ( 'NONE',  ( -0.06948280738460120600, 0.04011591754755034600, -0.04351213910760933600 ) ) ;
#1463 = FACE_OUTER_BOUND ( 'NONE', #1738, .T. ) ;
#1464 = CARTESIAN_POINT ( 'NONE',  ( -0.03512600544800179000, 0.06084002610288021700, -0.007053805774276192400 ) ) ;
#1465 = CARTESIAN_POINT ( 'NONE',  ( 0.0000000000000000000, -1.067128122525102800E-017, 0.06150044836946609600 ) ) ;
#1466 =( BOUNDED_CURVE ( )  B_SPLINE_CURVE ( 2, ( #49, #1231, #216, #226, #720, #1859, #1538, #399, #1052 ),
 .UNSPECIFIED., .F., .T. ) 
 B_SPLINE_CURVE_WITH_KNOTS ( ( 3, 2, 2, 2, 3 ),
 ( 0.3036164263284210100, 0.3175053152173098500, 0.3452830929950876400, 0.3730608707728654300, 0.3869497596617542700 ),
 .UNSPECIFIED. ) 
 CURVE ( )  GEOMETRIC_REPRESENTATION_ITEM ( )  RATIONAL_B_SPLINE_CURVE ( ( 0.9330127018922194100, 0.9330127018922194100, 1.000000000000000000, 0.8660254037844388200, 1.000000000000000000, 0.8660254037844388200, 1.000000000000000000, 0.9330127018922196300, 0.9330127018922194100 ) ) 
 REPRESENTATION_ITEM ( '' )  );
#1467 = CARTESIAN_POINT ( 'NONE',  ( 0.02417923628438340500, 0.05639031563614318300, 0.04386531621666536100 ) ) ;
#1468 = CARTESIAN_POINT ( 'NONE',  ( 0.03896978343110071200, -0.06134580097185458900, 0.05529020236666403600 ) ) ;
#1469 = CARTESIAN_POINT ( 'NONE',  ( -0.04632187158973415100, 0.08023183509510077600, 0.03686843832021150700 ) ) ;
#1470 = CARTESIAN_POINT ( 'NONE',  ( 0.1377952755905509100, -0.07955613945526814100, -0.05068474837915162200 ) ) ;
#1471 = CARTESIAN_POINT ( 'NONE',  ( 0.05843955576441659700, 0.01692120262442311700, 0.04360031699203129100 ) ) ;
#1472 = EDGE_CURVE ( 'NONE', #1176, #104, #1685, .T. ) ;
#1473 = ORIENTED_EDGE ( 'NONE', *, *, #683, .T. ) ;
#1474 = CARTESIAN_POINT ( 'NONE',  ( 0.07874015748031501500, -0.02109836160874982400, -0.0002464857920048572700 ) ) ;
#1475 = CARTESIAN_POINT ( 'NONE',  ( -0.09264374317946821900, -1.701837953186478100E-017, -0.06877460629921015900 ) ) ;
#1476 = LINE ( 'NONE', #1985, #603 ) ;
#1477 = CARTESIAN_POINT ( 'NONE',  ( 9.642888182271030900E-018, -0.07874015748038361300, -0.009350393700745361300 ) ) ;
#1478 = ORIENTED_EDGE ( 'NONE', *, *, #782, .T. ) ;
#1479 = VERTEX_POINT ( 'NONE', #1724 ) ;
#1480 = CARTESIAN_POINT ( 'NONE',  ( -0.03512600544800173500, -0.06084002610288023100, 0.005577427821524325400 ) ) ;
#1481 = CARTESIAN_POINT ( 'NONE',  ( -0.02257899401196745600, -0.1460762906396860000, 0.05752594247619687700 ) ) ;
#1482 = CARTESIAN_POINT ( 'NONE',  ( -0.04601081466680031300, -0.04536949887787249800, -0.07839538286859373800 ) ) ;
#1483 = CARTESIAN_POINT ( 'NONE',  ( 0.0000000000000000000, 0.06084002610288022400, -0.005905511811021503900 ) ) ;
#1484 = CARTESIAN_POINT ( 'NONE',  ( -0.03218274710482917100, -0.06191458042213354700, 0.05238391177275643400 ) ) ;
#1485 = CARTESIAN_POINT ( 'NONE',  ( 0.07874015748031501500, -1.532617595970118100E-016, -0.05413385826771446900 ) ) ;
#1486 = CARTESIAN_POINT ( 'NONE',  ( -0.03512600544800179000, 0.06084002610288021000, -0.03116797900262234900 ) ) ;
#1487 = ORIENTED_EDGE ( 'NONE', *, *, #578, .F. ) ;
#1488 = CARTESIAN_POINT ( 'NONE',  ( 0.03512600544800175600, 0.06084002610288023100, 0.04347112860892548400 ) ) ;
#1489 = VECTOR ( 'NONE', #824, 39.37007874015748100 ) ;
#1490 = CARTESIAN_POINT ( 'NONE',  ( -0.001227965169546655500, 0.07198310613804974300, -0.05460064772520346900 ) ) ;
#1491 = EDGE_CURVE ( 'NONE', #179, #728, #198, .T. ) ;
#1492 = ORIENTED_EDGE ( 'NONE', *, *, #903, .T. ) ;
#1493 = CONICAL_SURFACE ( 'NONE', #1419, 0.08023183509510094200, 0.7853981633974500600 ) ;
#1494 = CARTESIAN_POINT ( 'NONE',  ( 0.03512600544800170700, 0.06084002610288016800, -0.008202099737530711000 ) ) ;
#1495 = CARTESIAN_POINT ( 'NONE',  ( -0.07874015748031502900, -9.733219729105870800E-013, 0.03887795275596431900 ) ) ;
#1496 = EDGE_LOOP ( 'NONE', ( #358, #1995, #2108, #803, #1783, #1339, #2049, #1160, #779, #1816, #1497 ) ) ;
#1497 = ORIENTED_EDGE ( 'NONE', *, *, #524, .T. ) ;
#1498 = CARTESIAN_POINT ( 'NONE',  ( 0.06819097667599952100, -0.03937007874019179300, -0.004757217847727032900 ) ) ;
#1499 = CARTESIAN_POINT ( 'NONE',  ( -0.03620396801667189600, -0.05009242238744988900, -0.08102079844170419200 ) ) ;
#1500 = CARTESIAN_POINT ( 'NONE',  ( 0.0000000000000000000, -1.067128122525102800E-017, 0.06299212598425199500 ) ) ;
#1501 = CARTESIAN_POINT ( 'NONE',  ( -0.03512600544800170000, -0.06084002610288017500, -0.04954068241469571100 ) ) ;
#1502 = DIRECTION ( 'NONE',  ( 1.000000000000000000, 0.0000000000000000000, 0.0000000000000000000 ) ) ;
#1503 = B_SPLINE_CURVE_WITH_KNOTS ( 'NONE', 3,
 ( #409, #75, #593, #1387, #1534, #1722, #220, #1226, #213, #1203, #1064, #895, #1057, #66, #1559, #749, #1219, #1713 ),
 .UNSPECIFIED., .F., .F.,
 ( 4, 2, 2, 2, 2, 2, 2, 2, 4 ),
 ( 0.008539886756756508200, 0.009025861965507267500, 0.009511837174258028600, 0.009997812383008789600, 0.01048378759175954900, 0.01096976280051030800, 0.01145573800926106900, 0.01194171321801183000, 0.01242768842676259000 ),
 .UNSPECIFIED. ) ;
#1504 = CARTESIAN_POINT ( 'NONE',  ( -0.1377952755905513800, -0.07955613945526304700, 0.05068474837914815900 ) ) ;
#1505 = FACE_OUTER_BOUND ( 'NONE', #450, .T. ) ;
#1506 = CARTESIAN_POINT ( 'NONE',  ( 0.05268900817200264400, -0.03042001305144010500, -0.04609580052493202100 ) ) ;
#1507 = EDGE_CURVE ( 'NONE', #1139, #1629, #1405, .T. ) ;
#1508 = CARTESIAN_POINT ( 'NONE',  ( 0.05268900817200258800, -0.03042001305144007000, 0.04002624671916179400 ) ) ;
#1509 = CARTESIAN_POINT ( 'NONE',  ( 0.07874015748032199600, -0.02109836160875205500, -0.05880947791798374300 ) ) ;
#1510 = CARTESIAN_POINT ( 'NONE',  ( 0.03512600544800175600, 0.06084002610288023100, -0.03920603674540451600 ) ) ;
#1511 = CARTESIAN_POINT ( 'NONE',  ( -0.03268863300041933300, 0.06270217733956316700, -0.05331634795210461000 ) ) ;
#1512 = CARTESIAN_POINT ( 'NONE',  ( 0.07025201089600351100, 4.301695013872784700E-018, -0.01624015748031280800 ) ) ;
#1513 = VERTEX_POINT ( 'NONE', #602 ) ;
#1514 = B_SPLINE_CURVE_WITH_KNOTS ( 'NONE', 3,
 ( #717, #1524, #2034, #374, #2026, #570, #1376, #1868, #1680, #896 ),
 .UNSPECIFIED., .F., .F.,
 ( 4, 2, 2, 2, 4 ),
 ( 0.001050467981199091400, 0.001492480157663224100, 0.001934492334127356800, 0.002376504510591489400, 0.002818516687055622100 ),
 .UNSPECIFIED. ) ;
#1515 = CARTESIAN_POINT ( 'NONE',  ( 0.06174307909938903800, -0.01976913485120329300, -0.04740460621731056700 ) ) ;
#1516 = CARTESIAN_POINT ( 'NONE',  ( 9.642888182262828000E-018, -0.07874015748031663900, -0.03690944881889403300 ) ) ;
#1517 = EDGE_CURVE ( 'NONE', #2015, #899, #982, .T. ) ;
#1518 = ORIENTED_EDGE ( 'NONE', *, *, #95, .T. ) ;
#1519 = EDGE_LOOP ( 'NONE', ( #1085, #861, #1001 ) ) ;
#1520 = ADVANCED_FACE ( 'NONE', ( #879 ), #1826, .T. ) ;
#1521 = CARTESIAN_POINT ( 'NONE',  ( 0.03512600544800175600, 0.06084002610288023100, 0.01591207349081551900 ) ) ;
#1522 = CARTESIAN_POINT ( 'NONE',  ( -0.06889763779527582900, 0.1193342091828952500, -0.06299212598425199500 ) ) ;
#1523 = CARTESIAN_POINT ( 'NONE',  ( 0.07874015748011631300, -0.02109836160909723400, -0.03125042279989716900 ) ) ;
#1524 = CARTESIAN_POINT ( 'NONE',  ( 0.05332038461716644800, -0.05794093266127164200, -0.06128867452432285000 ) ) ;
#1525 = CARTESIAN_POINT ( 'NONE',  ( -0.07874015748057636200, 0.02109836160829824100, 0.03764721499542380400 ) ) ;
#1526 = LOCAL_TIME ( 19, 59, 46.00000000000000000, #144 ) ;
#1527 = CARTESIAN_POINT ( 'NONE',  ( -0.07813204546938440400, 0.02102285835426084800, -0.06299212598425196800 ) ) ;
#1528 = ADVANCED_FACE ( 'NONE', ( #172, #626 ), #681, .F. ) ;
#1529 = CARTESIAN_POINT ( 'NONE',  ( 0.06084002610288022400, 1.383930814271524500E-016, -0.04360031699203134600 ) ) ;
#1530 = AXIS2_PLACEMENT_3D ( 'NONE', #640, #315, #813 ) ;
#1531 = DIRECTION ( 'NONE',  ( -1.000000000000000000, 0.0000000000000000000, 0.0000000000000000000 ) ) ;
#1532 = CARTESIAN_POINT ( 'NONE',  ( 9.642888182262630800E-018, -0.07874015748031502900, 0.02165354330708804300 ) ) ;
#1533 = CARTESIAN_POINT ( 'NONE',  ( 0.05268900817200263700, 0.03042001305144012600, 0.04117454068241636200 ) ) ;
#1534 = CARTESIAN_POINT ( 'NONE',  ( -0.05901271931122369100, -0.03063877968053175700, -0.04894193635988795100 ) ) ;
#1535 = CARTESIAN_POINT ( 'NONE',  ( 0.07025201089600351100, 4.301695013872784000E-018, 0.06643700787401715700 ) ) ;
#1536 = EDGE_LOOP ( 'NONE', ( #545, #1209, #252 ) ) ;
#1537 = CARTESIAN_POINT ( 'NONE',  ( -0.06751802367988162000, 7.069987845099647600E-013, -0.05027831456903272100 ) ) ;
#1538 = CARTESIAN_POINT ( 'NONE',  ( 0.06819097667594011000, -0.03937007874015750100, -0.02887139107611363200 ) ) ;
#1539 = CONICAL_SURFACE ( 'NONE', #1838, 0.1377952755905514400, 1.047197551196600100 ) ;
#1540 = CARTESIAN_POINT ( 'NONE',  ( -0.03559304599374710900, 0.07209857668756281000, -0.06299212598425196800 ) ) ;
#1541 = ORIENTED_EDGE ( 'NONE', *, *, #1652, .F. ) ;
#1542 = LINE ( 'NONE', #1431, #1894 ) ;
#1543 = EDGE_CURVE ( 'NONE', #1793, #1629, #440, .T. ) ;
#1544 = CARTESIAN_POINT ( 'NONE',  ( 0.07874015748031507100, -8.552234934408181900E-013, -0.03001968503941734500 ) ) ;
#1545 = CARTESIAN_POINT ( 'NONE',  ( -0.08023183509510080400, 3.528222955260164400E-014, 0.06299212598425199500 ) ) ;
#1546 = ORIENTED_EDGE ( 'NONE', *, *, #1790, .F. ) ;
#1547 = ORIENTED_EDGE ( 'NONE', *, *, #1863, .F. ) ;
#1548 = DIRECTION ( 'NONE',  ( 0.0000000000000000000, 0.0000000000000000000, 1.000000000000000000 ) ) ;
#1549 = AXIS2_PLACEMENT_3D ( 'NONE', #513, #1822, #1502 ) ;
#1550 = CARTESIAN_POINT ( 'NONE',  ( -0.07874015748031498700, -0.02109836160874994200, 0.01599451728807094200 ) ) ;
#1551 = DIRECTION ( 'NONE',  ( 0.0000000000000000000, 0.0000000000000000000, 1.000000000000000000 ) ) ;
#1552 = ADVANCED_FACE ( 'NONE', ( #500 ), #1539, .T. ) ;
#1553 = CARTESIAN_POINT ( 'NONE',  ( 0.04632187158973410200, 0.08023183509510080400, 0.05811187664042157700 ) ) ;
#1554 = CARTESIAN_POINT ( 'NONE',  ( 0.03512600544800177600, -0.06084002610288021700, 0.06184383202099881500 ) ) ;
#1555 = ORIENTED_EDGE ( 'NONE', *, *, #1940, .F. ) ;
#1556 = LOCAL_TIME ( 19, 59, 46.00000000000000000, #1879 ) ;
#1557 = CARTESIAN_POINT ( 'NONE',  ( -0.06819097667594009600, -0.03937007874015754900, 0.01706036745406970900 ) ) ;
#1558 = CARTESIAN_POINT ( 'NONE',  ( 0.1152162815785816600, -0.09259212772610463100, 0.05752594247619728000 ) ) ;
#1559 = CARTESIAN_POINT ( 'NONE',  ( 0.02456736391649482600, -0.05732537104071575000, -0.04480254931529795100 ) ) ;
#1560 = CARTESIAN_POINT ( 'NONE',  ( 0.1377952755905509100, 0.07955613945526379700, 0.05068474837914818000 ) ) ;
#1561 = EDGE_CURVE ( 'NONE', #1861, #508, #1735, .T. ) ;
#1562 = CARTESIAN_POINT ( 'NONE',  ( -0.03512600544800170000, -0.06084002610288017500, 0.005577427821524290700 ) ) ;
#1563 = CARTESIAN_POINT ( 'NONE',  ( 0.01124259757764022700, 0.1526213621726856300, 0.05443228090504912500 ) ) ;
#1564 = CARTESIAN_POINT ( 'NONE',  ( 0.02080432289066577700, 0.07766474177709416200, 0.06299212598425167600 ) ) ;
#1565 = CARTESIAN_POINT ( 'NONE',  ( 0.03512600544800175600, 0.06084002610288023100, 0.01591207349081548100 ) ) ;
#1566 = ORIENTED_EDGE ( 'NONE', *, *, #432, .F. ) ;
#1567 = CARTESIAN_POINT ( 'NONE',  ( 0.04542133258707203200, -0.1328882603144289400, 0.06299212598425238400 ) ) ;
#1568 = ORIENTED_EDGE ( 'NONE', *, *, #2089, .T. ) ;
#1569 = CARTESIAN_POINT ( 'NONE',  ( 0.0000000000000000000, 0.08023183509510092800, 0.06299212598425199500 ) ) ;
#1570 = EDGE_LOOP ( 'NONE', ( #1952, #1843, #413 ) ) ;
#1571 = ORIENTED_EDGE ( 'NONE', *, *, #321, .F. ) ;
#1572 = CARTESIAN_POINT ( 'NONE',  ( 0.0000000000000000000, -1.067128122525102800E-017, -0.06150044836946609600 ) ) ;
#1573 = EDGE_CURVE ( 'NONE', #728, #493, #1998, .T. ) ;
#1574 = B_SPLINE_CURVE_WITH_KNOTS ( 'NONE', 3,
 ( #1260, #1269, #1434, #1598, #116, #97, #442, #434, #940, #1278, #111, #1439 ),
 .UNSPECIFIED., .F., .F.,
 ( 4, 2, 2, 2, 2, 4 ),
 ( 0.0006965456398348059300, 0.001293683139904263600, 0.001890820639973721200, 0.002487958140043179100, 0.002786526890077908200, 0.003085095640112636900 ),
 .UNSPECIFIED. ) ;
#1575 = CARTESIAN_POINT ( 'NONE',  ( 0.09227098167747001300, -0.1058396028006481100, -0.06181362163790848200 ) ) ;
#1576 = CARTESIAN_POINT ( 'NONE',  ( 0.03512600544800177600, -0.06084002610288021700, 0.03428477690288882200 ) ) ;
#1577 = ORIENTED_EDGE ( 'NONE', *, *, #1754, .T. ) ;
#1578 = ORIENTED_EDGE ( 'NONE', *, *, #292, .F. ) ;
#1579 = CARTESIAN_POINT ( 'NONE',  ( -0.07025201089600342800, -1.290508504161833900E-017, 0.02854330708661596100 ) ) ;
#1580 = CARTESIAN_POINT ( 'NONE',  ( -0.04632187158973415100, 0.08023183509510077600, -0.04753116797900009500 ) ) ;
#1581 = CARTESIAN_POINT ( 'NONE',  ( 0.0000000000000000000, 0.0000000000000000000, -0.06299212598425199500 ) ) ;
#1582 = PERSON_AND_ORGANIZATION ( #765, #793 ) ;
#1583 = CARTESIAN_POINT ( 'NONE',  ( 0.1265526780129084300, -0.08604705619310577800, -0.05443228090505002800 ) ) ;
#1584 = CARTESIAN_POINT ( 'NONE',  ( 0.03512600544800175600, 0.06084002610288023100, 0.04347112860892548400 ) ) ;
#1585 = CARTESIAN_POINT ( 'NONE',  ( 0.03512600544800170700, 0.06084002610288016800, -0.008202099737530711000 ) ) ;
#1586 = CARTESIAN_POINT ( 'NONE',  ( 0.05268900817200258100, 0.03042001305144009100, 0.07217847769029013500 ) ) ;
#1587 = CARTESIAN_POINT ( 'NONE',  ( 0.04542133258707203200, -0.1328882603144289400, -0.06299212598425238400 ) ) ;
#1588 = CARTESIAN_POINT ( 'NONE',  ( 1.521190891121690400E-016, -0.1591122789105264300, 0.05068474837914835300 ) ) ;
#1589 =( BOUNDED_CURVE ( )  B_SPLINE_CURVE ( 2, ( #160, #1974, #1639, #1002, #1477, #501, #1498, #847, #21 ),
 .UNSPECIFIED., .F., .F. ) 
 B_SPLINE_CURVE_WITH_KNOTS ( ( 3, 2, 2, 2, 3 ),
 ( 0.02126093518814600400, 0.02230613191377424000, 0.02439652536503067500, 0.02648691881628710900, 0.02753211554191526200 ),
 .UNSPECIFIED. ) 
 CURVE ( )  GEOMETRIC_REPRESENTATION_ITEM ( )  RATIONAL_B_SPLINE_CURVE ( ( 0.9330127018922194100, 0.9330127018922177400, 1.000000000000000000, 0.8660254037844387100, 1.000000000000000000, 0.8660254037844387100, 1.000000000000000000, 0.9330127018922234100, 0.9330127018922194100 ) ) 
 REPRESENTATION_ITEM ( '' )  );
#1590 = CARTESIAN_POINT ( 'NONE',  ( 7.450754322693369100E-018, -0.06084002610288023100, -0.02312992125984034800 ) ) ;
#1591 = AXIS2_PLACEMENT_3D ( 'NONE', #771, #950, #106 ) ;
#1592 =( LENGTH_UNIT ( ) NAMED_UNIT ( * ) SI_UNIT ( $, .METRE. ) );
#1593 = CARTESIAN_POINT ( 'NONE',  ( 0.05268900817200258100, 0.03042001305144009100, -0.01049868766403988300 ) ) ;
#1594 = CARTESIAN_POINT ( 'NONE',  ( 0.07970600465335243900, -0.01055946921766192500, 0.06299212598425202300 ) ) ;
#1595 = ORIENTED_EDGE ( 'NONE', *, *, #390, .T. ) ;
#1596 = CARTESIAN_POINT ( 'NONE',  ( -0.06819097667594015100, 0.03937007874015746600, 0.009022309711288383300 ) ) ;
#1597 = CONICAL_SURFACE ( 'NONE', #2051, 0.08023183509510094200, 0.7853981633974500600 ) ;
#1598 = CARTESIAN_POINT ( 'NONE',  ( 0.05314274045869763600, 0.05706426427948788100, 0.06033470469807398300 ) ) ;
#1599 = CARTESIAN_POINT ( 'NONE',  ( -0.04632187158973415100, 0.08023183509510077600, -0.07336778215222851400 ) ) ;
#1600 = ORIENTED_EDGE ( 'NONE', *, *, #147, .T. ) ;
#1601 = VECTOR ( 'NONE', #1650, 39.37007874015748100 ) ;
#1602 = CARTESIAN_POINT ( 'NONE',  ( 0.03512600544800170700, 0.06084002610288016800, -0.06332020997375070700 ) ) ;
#1603 = CARTESIAN_POINT ( 'NONE',  ( 0.05662764312709091300, 0.02695338328687297800, 0.04527153450267860900 ) ) ;
#1604 = ORIENTED_EDGE ( 'NONE', *, *, #505, .F. ) ;
#1605 = VERTEX_POINT ( 'NONE', #1359 ) ;
#1606 = CARTESIAN_POINT ( 'NONE',  ( 0.07811938677045045200, -0.01889432032195515300, -0.06299212598425199500 ) ) ;
#1607 = EDGE_CURVE ( 'NONE', #904, #1323, #447, .T. ) ;
#1608 = CARTESIAN_POINT ( 'NONE',  ( 0.1377952755905509100, 0.07955613945526379700, 0.05068474837914818000 ) ) ;
#1609 = CARTESIAN_POINT ( 'NONE',  ( 0.06948280738460116400, 0.04011591754755040900, 0.02997867454068400500 ) ) ;
#1610 = CARTESIAN_POINT ( 'NONE',  ( -0.03512600544800175600, 0.06084002610288014000, -0.05872703412073238000 ) ) ;
#1611 = CARTESIAN_POINT ( 'NONE',  ( 0.04467019259119058700, 0.04939056906204659200, 0.04916533536302626600 ) ) ;
#1612 = CALENDAR_DATE ( 2021, 14, 9 ) ;
#1613 = DIRECTION ( 'NONE',  ( -0.0000000000000000000, -0.0000000000000000000, 1.000000000000000000 ) ) ;
#1614 = CARTESIAN_POINT ( 'NONE',  ( -0.1377952755905514400, 0.02711671086016493100, -0.06180032068211949900 ) ) ;
#1615 = CARTESIAN_POINT ( 'NONE',  ( 0.04632187158973414400, -0.08023183509510079000, 0.02308891076115650700 ) ) ;
#1616 = CARTESIAN_POINT ( 'NONE',  ( 0.03512600544800177600, -0.06084002610288021700, 0.03428477690288882200 ) ) ;
#1617 = CARTESIAN_POINT ( 'NONE',  ( -0.1377952755905513800, -0.07955613945526304700, 0.05068474837914815900 ) ) ;
#1618 = CARTESIAN_POINT ( 'NONE',  ( 0.05769486408553348200, -0.05595676142677835600, -0.06299212598425198200 ) ) ;
#1619 = EDGE_CURVE ( 'NONE', #180, #1366, #2045, .T. ) ;
#1620 = CARTESIAN_POINT ( 'NONE',  ( 0.07513900768052117500, -0.004627265259053520200, 0.05789929856972887000 ) ) ;
#1621 = CARTESIAN_POINT ( 'NONE',  ( 0.09264374317946821900, 5.672793177288260000E-018, 0.05524114173228485100 ) ) ;
#1622 = CARTESIAN_POINT ( 'NONE',  ( -0.05268900817200266500, 0.03042001305144007400, 0.02280183727034298300 ) ) ;
#1623 = ORIENTED_EDGE ( 'NONE', *, *, #1081, .T. ) ;
#1624 = CARTESIAN_POINT ( 'NONE',  ( 0.07874015748031501500, -3.431233423813696700E-017, 0.02854330708661553800 ) ) ;
#1625 = ORIENTED_EDGE ( 'NONE', *, *, #1228, .F. ) ;
#1626 = CONICAL_SURFACE ( 'NONE', #1976, 0.1377952755905514400, 1.047197551196600100 ) ;
#1627 = CARTESIAN_POINT ( 'NONE',  ( -2.777419176385592300E-016, 0.1591122789105269800, 0.06299212598425199500 ) ) ;
#1628 = CARTESIAN_POINT ( 'NONE',  ( -0.05268900817200261600, -0.03042001305144013600, -0.02427821522309485000 ) ) ;
#1629 = VERTEX_POINT ( 'NONE', #221 ) ;
#1630 = ORIENTED_EDGE ( 'NONE', *, *, #551, .T. ) ;
#1631 = CARTESIAN_POINT ( 'NONE',  ( 0.02180611632023446800, -0.06854591064531866100, 0.05454244594730781000 ) ) ;
#1632 = CARTESIAN_POINT ( 'NONE',  ( 0.06948280738460116400, 0.04011591754755040900, -0.05269849081364600500 ) ) ;
#1633 = PLANE ( 'NONE',  #1142 ) ;
#1634 = CARTESIAN_POINT ( 'NONE',  ( 0.03512600544800177600, -0.06084002610288021000, 0.03772965879265267200 ) ) ;
#1635 = AXIS2_PLACEMENT_3D ( 'NONE', #1866, #209, #381 ) ;
#1636 = DIRECTION ( 'NONE',  ( 0.0000000000000000000, 0.0000000000000000000, -1.000000000000000000 ) ) ;
#1637 = CARTESIAN_POINT ( 'NONE',  ( -0.07874015748031502900, 0.0000000000000000000, 0.06299212598425199500 ) ) ;
#1638 = CARTESIAN_POINT ( 'NONE',  ( -0.1377952755905514400, 0.06668651969510298900, -0.05439988759559640600 ) ) ;
#1639 = CARTESIAN_POINT ( 'NONE',  ( -0.06819097667599949300, -0.03937007874019183400, -0.01394356955376370400 ) ) ;
#1640 = CARTESIAN_POINT ( 'NONE',  ( 0.03512600544800174200, 0.06084002610288022400, -0.008202099737530674600 ) ) ;
#1641 = ORIENTED_EDGE ( 'NONE', *, *, #961, .F. ) ;
#1642 = CARTESIAN_POINT ( 'NONE',  ( -0.06650234480924233100, -0.009278506891931968100, 0.04974625403082477700 ) ) ;
#1643 = VECTOR ( 'NONE', #1043, 39.37007874015748100 ) ;
#1644 = ORIENTED_EDGE ( 'NONE', *, *, #658, .T. ) ;
#1645 = VECTOR ( 'NONE', #1856, 39.37007874015748900 ) ;
#1646 = CARTESIAN_POINT ( 'NONE',  ( 0.07874015748031501500, -1.532617595970118100E-016, -0.02657480314960447600 ) ) ;
#1647 = CARTESIAN_POINT ( 'NONE',  ( 0.0000000000000000000, 0.06084002610288022400, -0.03346456692913150200 ) ) ;
#1648 = ORIENTED_EDGE ( 'NONE', *, *, #1196, .F. ) ;
#1649 = CARTESIAN_POINT ( 'NONE',  ( -0.05268900817200260200, 0.03042001305144003900, -0.02887139107611321300 ) ) ;
#1650 = DIRECTION ( 'NONE',  ( -0.0000000000000000000, -0.0000000000000000000, -1.000000000000000000 ) ) ;
#1651 = CARTESIAN_POINT ( 'NONE',  ( -0.05268900817200260200, 0.03042001305144003900, -0.05643044619422321600 ) ) ;
#1652 = EDGE_CURVE ( 'NONE', #2103, #811, #1194, .T. ) ;
#1653 = AXIS2_PLACEMENT_3D ( 'NONE', #1581, #1253, #81 ) ;
#1654 = CARTESIAN_POINT ( 'NONE',  ( -0.03512600544800170000, -0.06084002610288017500, 0.005577427821524290700 ) ) ;
#1655 = CARTESIAN_POINT ( 'NONE',  ( 0.06068289929063449400, -0.05237445023868007900, -0.06063391642139603900 ) ) ;
#1656 = CARTESIAN_POINT ( 'NONE',  ( -0.03512600544800175600, 0.06084002610288014000, -0.05872703412073238000 ) ) ;
#1657 = CARTESIAN_POINT ( 'NONE',  ( 0.07338398875870723300, 0.01852628093588284300, -0.05830044371486546600 ) ) ;
#1658 = CARTESIAN_POINT ( 'NONE',  ( -0.03512600544800170000, -0.06084002610288017500, 0.06069553805774429600 ) ) ;
#1659 = CARTESIAN_POINT ( 'NONE',  ( 0.06084002610288022400, 1.383930814271524500E-016, -0.04360031699203134600 ) ) ;
#1660 = VERTEX_POINT ( 'NONE', #875 ) ;
#1661 = VERTEX_POINT ( 'NONE', #230 ) ;
#1662 = DIRECTION ( 'NONE',  ( -1.000000000000000000, 0.0000000000000000000, 0.0000000000000000000 ) ) ;
#1663 = ORIENTED_EDGE ( 'NONE', *, *, #666, .T. ) ;
#1664 = CONICAL_SURFACE ( 'NONE', #1653, 0.1377952755905514400, 1.047197551196600100 ) ;
#1665 = CARTESIAN_POINT ( 'NONE',  ( 0.0000000000000000000, 0.06084002610288016100, 0.02165354330708846300 ) ) ;
#1666 = ORIENTED_EDGE ( 'NONE', *, *, #239, .T. ) ;
#1667 = ORIENTED_EDGE ( 'NONE', *, *, #798, .F. ) ;
#1668 = CARTESIAN_POINT ( 'NONE',  ( 0.05268900817200264400, -0.03042001305144010500, -0.01853674540682202100 ) ) ;
#1669 = CARTESIAN_POINT ( 'NONE',  ( 0.0000000000000000000, 0.07874015748031502900, 0.05954724409449004700 ) ) ;
#1670 = CARTESIAN_POINT ( 'NONE',  ( 7.450754322693361400E-018, -0.06084002610288016100, 0.007874015748033463100 ) ) ;
#1671 = CARTESIAN_POINT ( 'NONE',  ( -0.05268900817200266500, 0.03042001305144007400, -0.03231627296587698300 ) ) ;
#1672 = CARTESIAN_POINT ( 'NONE',  ( -0.02639749801354583600, -0.05481496944105682100, -0.08020137096121610100 ) ) ;
#1673 = EDGE_CURVE ( 'NONE', #129, #1861, #1368, .T. ) ;
#1674 = CARTESIAN_POINT ( 'NONE',  ( 0.05758276034150239900, 0.04729575412407212300, -0.05712931071525883400 ) ) ;
#1675 = APPROVAL ( #1919, 'UNSPECIFIED' ) ;
#1676 = CARTESIAN_POINT ( 'NONE',  ( -0.09264374317946821900, -1.701837953186478100E-017, -0.01537893700787175800 ) ) ;
#1677 = CARTESIAN_POINT ( 'NONE',  ( 0.01050652361478851900, 0.07971314288463916800, -0.06299212598425234200 ) ) ;
#1678 = DIRECTION ( 'NONE',  ( -0.0000000000000000000, -0.0000000000000000000, -1.000000000000000000 ) ) ;
#1679 = CARTESIAN_POINT ( 'NONE',  ( 0.07874015748031501500, -3.293984086861149200E-016, -0.05757874015747747900 ) ) ;
#1680 = CARTESIAN_POINT ( 'NONE',  ( 0.07647579672006341000, -0.005810848170213695100, -0.05923608760924679200 ) ) ;
#1681 = CARTESIAN_POINT ( 'NONE',  ( 0.04546065111729370700, 0.07874015748031555600, 0.02969160104987117800 ) ) ;
#1682 = ADVANCED_FACE ( 'NONE', ( #102 ), #2071, .T. ) ;
#1683 = CARTESIAN_POINT ( 'NONE',  ( 0.07612865318193486100, 0.02586355586126013900, -0.06299212598425557600 ) ) ;
#1684 = ORIENTED_EDGE ( 'NONE', *, *, #975, .F. ) ;
#1685 = B_SPLINE_CURVE_WITH_KNOTS ( 'NONE', 3,
 ( #1031, #41, #753, #922 ),
 .UNSPECIFIED., .F., .F.,
 ( 4, 4 ),
 ( 2.380739282170944100E-007, 0.002044882221487520200 ),
 .UNSPECIFIED. ) ;
#1686 = DIRECTION ( 'NONE',  ( -1.000000000000000000, 0.0000000000000000000, 0.0000000000000000000 ) ) ;
#1687 = CARTESIAN_POINT ( 'NONE',  ( 0.04546065111729338800, 0.07874015748031501500, 0.005577427821523869200 ) ) ;
#1688 = LINE ( 'NONE', #905, #1643 ) ;
#1689 = ORIENTED_EDGE ( 'NONE', *, *, #636, .F. ) ;
#1690 = CIRCLE ( 'NONE', #1591, 0.1377952755905514400 ) ;
#1691 = DIRECTION ( 'NONE',  ( 0.0000000000000000000, 0.0000000000000000000, -1.000000000000000000 ) ) ;
#1692 = ORIENTED_EDGE ( 'NONE', *, *, #1322, .T. ) ;
#1693 = CARTESIAN_POINT ( 'NONE',  ( 0.05268900817200263700, 0.03042001305144012600, 0.01361548556430635900 ) ) ;
#1694 = ADVANCED_FACE ( 'NONE', ( #222 ), #1893, .T. ) ;
#1695 = CARTESIAN_POINT ( 'NONE',  ( 0.05556723580706363800, -0.03874357985054369800, -0.05032169426482303200 ) ) ;
#1696 = CARTESIAN_POINT ( 'NONE',  ( -0.1152162815785837800, 0.09259212772610390900, -0.05752594247619655800 ) ) ;
#1697 = CARTESIAN_POINT ( 'NONE',  ( -0.05268900817200262300, -0.03042001305144014300, -0.02772309711285865500 ) ) ;
#1698 = CARTESIAN_POINT ( 'NONE',  ( 0.07767678380841762400, 0.02076373431912014900, 0.06299212598425198200 ) ) ;
#1699 = EDGE_CURVE ( 'NONE', #525, #837, #46, .T. ) ;
#1700 = CARTESIAN_POINT ( 'NONE',  ( -0.06460688636380930400, 0.02326697375205033200, -0.05126777931457975100 ) ) ;
#1701 = ADVANCED_FACE ( 'NONE', ( #832 ), #660, .F. ) ;
#1702 = CARTESIAN_POINT ( 'NONE',  ( -0.1377952755905514400, -0.02682449689608107000, 0.06183307245239995400 ) ) ;
#1703 = CARTESIAN_POINT ( 'NONE',  ( -0.04632187158973407500, -0.08023183509510081700, 0.07189140419947656600 ) ) ;
#1704 = CARTESIAN_POINT ( 'NONE',  ( 0.08023183509510080400, -9.815981079288257500E-013, 0.06299212598425198200 ) ) ;
#1705 = CARTESIAN_POINT ( 'NONE',  ( -0.07942310474145816700, 0.01313149997531017900, 0.06299212598425200900 ) ) ;
#1706 = EDGE_LOOP ( 'NONE', ( #1292, #1113, #1234, #674, #2080, #1872 ) ) ;
#1707 = ORIENTED_EDGE ( 'NONE', *, *, #903, .F. ) ;
#1708 = CARTESIAN_POINT ( 'NONE',  ( 9.825566003893348200E-018, -0.08023183509510080400, -0.03604822834645426300 ) ) ;
#1709 = CARTESIAN_POINT ( 'NONE',  ( -0.1377952755905514400, -5.914624404477027300E-017, -0.06299212598425199500 ) ) ;
#1710 = ORIENTED_EDGE ( 'NONE', *, *, #561, .F. ) ;
#1711 = LINE ( 'NONE', #990, #2076 ) ;
#1712 = EDGE_CURVE ( 'NONE', #24, #153, #1466, .T. ) ;
#1713 = CARTESIAN_POINT ( 'NONE',  ( 0.04453594560688821400, -0.04144946712684534400, -0.04360031698172340400 ) ) ;
#1714 = CARTESIAN_POINT ( 'NONE',  ( -0.07025201089600351100, -1.290508504161835300E-017, -0.05757874015747784700 ) ) ;
#1715 = ORIENTED_EDGE ( 'NONE', *, *, #1926, .T. ) ;
#1716 = ORIENTED_EDGE ( 'NONE', *, *, #1014, .F. ) ;
#1717 = CARTESIAN_POINT ( 'NONE',  ( 0.1377952755905509100, 0.0000000000000000000, 0.06299212598425199500 ) ) ;
#1718 = AXIS2_PLACEMENT_3D ( 'NONE', #231, #1367, #1858 ) ;
#1719 = CARTESIAN_POINT ( 'NONE',  ( 0.04022814192567236000, -0.06961480743074710500, 0.06299212598425199500 ) ) ;
#1720 = CARTESIAN_POINT ( 'NONE',  ( -0.1377952755905514100, -5.914624404477027300E-017, 0.06299212598425199500 ) ) ;
#1721 = CARTESIAN_POINT ( 'NONE',  ( -0.04632187158973415100, 0.08023183509510077600, 0.06270505249343991100 ) ) ;
#1722 = CARTESIAN_POINT ( 'NONE',  ( -0.05159883091362146200, -0.04113602741048492200, -0.04843666745763677100 ) ) ;
#1723 = CARTESIAN_POINT ( 'NONE',  ( -0.03512600544800173500, -0.06084002610288025100, -0.02542650918634952300 ) ) ;
#1724 = CARTESIAN_POINT ( 'NONE',  ( 0.02892603903611140600, 0.05352376146984166900, 0.04360031699203764000 ) ) ;
#1725 = CARTESIAN_POINT ( 'NONE',  ( -0.06381090093028707300, -0.04891562020968039800, 0.06299212598425364700 ) ) ;
#1726 = ADVANCED_FACE ( 'NONE', ( #1867 ), #248, .F. ) ;
#1727 = B_SPLINE_CURVE_WITH_KNOTS ( 'NONE', 3,
 ( #1442, #458, #1603, #121, #1282, #1611, #956, #250, #1848, #124, #1136, #1944, #1240, #1042, #2017, #755 ),
 .UNSPECIFIED., .F., .F.,
 ( 4, 2, 2, 2, 2, 2, 2, 4 ),
 ( 0.0000000000000000000, 0.0003915817637731498200, 0.0007831635275462996400, 0.001174745291319449500, 0.001566327055092599300, 0.001957908818865749000, 0.002349490582638899000, 0.003132654110185198500 ),
 .UNSPECIFIED. ) ;
#1728 = DIRECTION ( 'NONE',  ( -1.000000000000000000, 0.0000000000000000000, 0.0000000000000000000 ) ) ;
#1729 = CARTESIAN_POINT ( 'NONE',  ( -0.03512600544800179000, 0.06084002610288021700, -0.06217191601049620200 ) ) ;
#1730 = AXIS2_PLACEMENT_3D ( 'NONE', #1791, #2, #1391 ) ;
#1731 = CARTESIAN_POINT ( 'NONE',  ( 0.05268900817200258100, 0.03042001305144009100, 0.01706036745407012900 ) ) ;
#1732 = CARTESIAN_POINT ( 'NONE',  ( -0.08023183509510080400, 3.528222955260164400E-014, 0.06299212598425199500 ) ) ;
#1733 = CARTESIAN_POINT ( 'NONE',  ( 9.825566003893348200E-018, -0.08023183509510080400, -0.06360728346456426300 ) ) ;
#1734 = CARTESIAN_POINT ( 'NONE',  ( -2.789570765205078300E-016, 0.1591122789105269800, 0.05068474837914803400 ) ) ;
#1735 =( BOUNDED_CURVE ( )  B_SPLINE_CURVE ( 2, ( #1018, #359, #187, #367, #1516, #542, #1365, #1523, #549 ),
 .UNSPECIFIED., .F., .T. ) 
 B_SPLINE_CURVE_WITH_KNOTS ( ( 3, 2, 2, 2, 3 ),
 ( 0.008719163704060364100, 0.009764175844485498800, 0.01185420012533577700, 0.01394422440618605500, 0.01498923654659267900 ),
 .UNSPECIFIED. ) 
 CURVE ( )  GEOMETRIC_REPRESENTATION_ITEM ( )  RATIONAL_B_SPLINE_CURVE ( ( 0.9330127018922193000, 0.9330127018922196300, 1.000000000000000000, 0.8660254037844386000, 1.000000000000000000, 0.8660254037844386000, 1.000000000000000000, 0.9330127018934062400, 0.9330127018922193000 ) ) 
 REPRESENTATION_ITEM ( '' )  );
#1736 = CARTESIAN_POINT ( 'NONE',  ( 0.1152538353287216200, 0.09257044605835278200, 0.05819856179979897300 ) ) ;
#1737 = CARTESIAN_POINT ( 'NONE',  ( 0.0000000000000000000, 0.06084002610288023100, -0.009350393700785348400 ) ) ;
#1738 = EDGE_LOOP ( 'NONE', ( #338, #574, #2029, #1707, #1641, #649 ) ) ;
#1739 = CARTESIAN_POINT ( 'NONE',  ( 0.03512600544800174200, -0.06084002610288014000, 0.03772965879265263000 ) ) ;
#1740 = CARTESIAN_POINT ( 'NONE',  ( 0.07874015748031501500, -3.431233423813696700E-017, 0.02854330708661553800 ) ) ;
#1741 = ORIENTED_EDGE ( 'NONE', *, *, #1228, .T. ) ;
#1742 = CARTESIAN_POINT ( 'NONE',  ( -0.04632187158973407500, -0.08023183509510081700, -0.03834481627296343300 ) ) ;
#1743 = AXIS2_PLACEMENT_3D ( 'NONE', #1815, #1318, #655 ) ;
#1744 = DIRECTION ( 'NONE',  ( -0.0000000000000000000, -0.0000000000000000000, -1.000000000000000000 ) ) ;
#1745 = CARTESIAN_POINT ( 'NONE',  ( 0.05268900817200263700, 0.03042001305144012600, 0.01361548556430631700 ) ) ;
#1746 = APPLICATION_CONTEXT ( 'configuration controlled 3d designs of mechanical parts and assemblies' ) ;
#1747 = CARTESIAN_POINT ( 'NONE',  ( 0.05268900817200263700, 0.03042001305144012600, 0.01361548556430631700 ) ) ;
#1748 = CARTESIAN_POINT ( 'NONE',  ( 0.07531790798365117800, -9.221268264828121400E-013, 0.05807819887280225200 ) ) ;
#1749 = CARTESIAN_POINT ( 'NONE',  ( 0.08023183509510080400, -9.815981079288257500E-013, 0.06299212598425198200 ) ) ;
#1750 = CARTESIAN_POINT ( 'NONE',  ( 0.09264374317946821900, 5.672793177288260000E-018, -0.02743602362204515900 ) ) ;
#1751 = CARTESIAN_POINT ( 'NONE',  ( -0.009131947035207643700, -0.07820882266963852200, -0.06150044836946605400 ) ) ;
#1752 = CARTESIAN_POINT ( 'NONE',  ( 0.07025201089600351100, 4.301695013872784000E-018, 0.03887795275590715700 ) ) ;
#1753 = CARTESIAN_POINT ( 'NONE',  ( -0.06889763779527581500, 0.1193342091828952200, 0.06299212598425199500 ) ) ;
#1754 = EDGE_CURVE ( 'NONE', #1181, #957, #1076, .T. ) ;
#1755 = DIRECTION ( 'NONE',  ( -0.0000000000000000000, -0.0000000000000000000, -1.000000000000000000 ) ) ;
#1756 = CARTESIAN_POINT ( 'NONE',  ( 0.04632187158973414400, -0.08023183509510079000, 0.05064796587926650300 ) ) ;
#1757 = CARTESIAN_POINT ( 'NONE',  ( 0.07874015748031501500, -1.532617595970118100E-016, -0.05413385826771446900 ) ) ;
#1758 = CARTESIAN_POINT ( 'NONE',  ( 0.05268900817200258800, -0.03042001305144007000, -0.07020997375327821300 ) ) ;
#1759 = CARTESIAN_POINT ( 'NONE',  ( -0.06067604390398532300, -0.05983031871422072500, -0.06719951672686144700 ) ) ;
#1760 = CARTESIAN_POINT ( 'NONE',  ( 0.0000000000000000000, 0.0000000000000000000, 0.06299212598425199500 ) ) ;
#1761 = ORIENTED_EDGE ( 'NONE', *, *, #1081, .F. ) ;
#1762 = CARTESIAN_POINT ( 'NONE',  ( 9.642888182262630800E-018, -0.07874015748031502900, 0.04921259842519804700 ) ) ;
#1763 = CARTESIAN_POINT ( 'NONE',  ( 0.07356402304824005700, -0.03237433613309008400, -0.06299212598425195400 ) ) ;
#1764 = ORIENTED_EDGE ( 'NONE', *, *, #578, .T. ) ;
#1765 = CARTESIAN_POINT ( 'NONE',  ( -0.04546065111729337400, -0.07874015748031502900, -0.008202099737531129100 ) ) ;
#1766 = CARTESIAN_POINT ( 'NONE',  ( -0.09264374317946821900, -1.701837953186478100E-017, 0.04146161417322984800 ) ) ;
#1767 = ORIENTED_EDGE ( 'NONE', *, *, #1347, .F. ) ;
#1768 = FACE_OUTER_BOUND ( 'NONE', #1536, .T. ) ;
#1769 = PERSON_AND_ORGANIZATION_ROLE ( 'design_supplier' ) ;
#1770 = CARTESIAN_POINT ( 'NONE',  ( 0.05268900817200258100, 0.03042001305144009100, -0.03805774278214988500 ) ) ;
#1771 = CARTESIAN_POINT ( 'NONE',  ( 0.06819097667599956200, 0.03937007874019184100, -0.02772309711281866600 ) ) ;
#1772 = EDGE_LOOP ( 'NONE', ( #2109, #1666, #1900, #1923 ) ) ;
#1773 = FACE_OUTER_BOUND ( 'NONE', #1134, .T. ) ;
#1774 = CARTESIAN_POINT ( 'NONE',  ( 0.04546065111729343000, -0.07874015748031500100, 0.05150918635170720300 ) ) ;
#1775 = CARTESIAN_POINT ( 'NONE',  ( 0.07148736388392118400, -0.03673063417872513000, -0.06299212598425200900 ) ) ;
#1776 = CARTESIAN_POINT ( 'NONE',  ( 0.06948280738460117800, -0.04011591754755038800, 0.02366305774278407200 ) ) ;
#1777 = CARTESIAN_POINT ( 'NONE',  ( 0.06732229390802439700, -0.03127939648774882800, 0.05684919524082327600 ) ) ;
#1778 = CARTESIAN_POINT ( 'NONE',  ( -0.06948280738460120600, 0.04011591754755034600, 0.01160597112861066900 ) ) ;
#1779 = APPROVAL_ROLE ( '' ) ;
#1780 =( BOUNDED_CURVE ( )  B_SPLINE_CURVE ( 2, ( #821, #1327, #1150, #656, #332 ),
 .UNSPECIFIED., .F., .T. ) 
 B_SPLINE_CURVE_WITH_KNOTS ( ( 3, 2, 3 ),
 ( 0.8869497596617543800, 0.9008386485506432200, 0.9193046622008758100 ),
 .UNSPECIFIED. ) 
 CURVE ( )  GEOMETRIC_REPRESENTATION_ITEM ( )  RATIONAL_B_SPLINE_CURVE ( ( 0.9330127018922194100, 0.9330127018922196300, 1.000000000000000000, 0.9109368379899657200, 0.9402878686894635700 ) ) 
 REPRESENTATION_ITEM ( '' )  );
#1781 = CARTESIAN_POINT ( 'NONE',  ( 0.05268900817200264400, -0.03042001305144010500, 0.06414041994750799300 ) ) ;
#1782 = DIRECTION ( 'NONE',  ( -1.000000000000000000, 0.0000000000000000000, 0.0000000000000000000 ) ) ;
#1783 = ORIENTED_EDGE ( 'NONE', *, *, #1445, .T. ) ;
#1784 = SHAPE_DEFINITION_REPRESENTATION ( #539, #206 ) ;
#1785 = CARTESIAN_POINT ( 'NONE',  ( -0.06658203756339369000, 4.346229003497349700E-017, 0.04934232845254481900 ) ) ;
#1786 = DIRECTION ( 'NONE',  ( -0.0000000000000000000, -0.0000000000000000000, -1.000000000000000000 ) ) ;
#1787 = CARTESIAN_POINT ( 'NONE',  ( 0.06948280738460116400, 0.04011591754755040900, 0.05753772965879400800 ) ) ;
#1788 = DIRECTION ( 'NONE',  ( -0.8660254037844382600, -0.5000000000000004400, 0.0000000000000000000 ) ) ;
#1789 = CARTESIAN_POINT ( 'NONE',  ( 0.07025201089600351100, 4.301695013872784700E-018, 0.01476377952756099600 ) ) ;
#1790 = EDGE_CURVE ( 'NONE', #1323, #2015, #1198, .T. ) ;
#1791 = CARTESIAN_POINT ( 'NONE',  ( 0.0000000000000000000, 0.0000000000000000000, 0.06299212598425199500 ) ) ;
#1792 =( GEOMETRIC_REPRESENTATION_CONTEXT ( 3 ) GLOBAL_UNCERTAINTY_ASSIGNED_CONTEXT ( ( #610 ) ) GLOBAL_UNIT_ASSIGNED_CONTEXT ( ( #1459, #471, #446 ) ) REPRESENTATION_CONTEXT ( 'NONE', 'WORKASPACE' ) );
#1793 = VERTEX_POINT ( 'NONE', #885 ) ;
#1794 = CYLINDRICAL_SURFACE ( 'NONE', #42, 0.07874015748031502900 ) ;
#1795 = CARTESIAN_POINT ( 'NONE',  ( 0.07874015748031502900, -1.601242264446392100E-016, -0.002460629921257471100 ) ) ;
#1796 = CARTESIAN_POINT ( 'NONE',  ( -0.06634173222248580800, 0.005494593600373466100, 0.04910202311163695800 ) ) ;
#1797 = ORIENTED_EDGE ( 'NONE', *, *, #2122, .F. ) ;
#1798 = VECTOR ( 'NONE', #1755, 39.37007874015748100 ) ;
#1799 = CARTESIAN_POINT ( 'NONE',  ( 0.07531790798365117800, -9.221268264828121400E-013, 0.05807819887280225200 ) ) ;
#1800 = CARTESIAN_POINT ( 'NONE',  ( -0.1377952755905514400, 0.07955613945526342200, 0.05068474837914801300 ) ) ;
#1801 = CARTESIAN_POINT ( 'NONE',  ( 7.450754322693369100E-018, -0.06084002610288022400, -0.01968503937007650600 ) ) ;
#1802 = DIRECTION ( 'NONE',  ( 1.000000000000000000, 0.0000000000000000000, 0.0000000000000000000 ) ) ;
#1803 =( BOUNDED_CURVE ( )  B_SPLINE_CURVE ( 2, ( #287, #791, #426, #1765, #1125, #468, #816, #1474, #322 ),
 .UNSPECIFIED., .F., .T. ) 
 B_SPLINE_CURVE_WITH_KNOTS ( ( 3, 2, 2, 2, 3 ),
 ( 0.4702830929950876900, 0.4841719818839765900, 0.5119497596617543800, 0.5397275374395320600, 0.5536164263284210100 ),
 .UNSPECIFIED. ) 
 CURVE ( )  GEOMETRIC_REPRESENTATION_ITEM ( )  RATIONAL_B_SPLINE_CURVE ( ( 0.9330127018922194100, 0.9330127018922194100, 1.000000000000000000, 0.8660254037844388200, 1.000000000000000000, 0.8660254037844388200, 1.000000000000000000, 0.9330127018922194100, 0.9330127018922194100 ) ) 
 REPRESENTATION_ITEM ( '' )  );
#1804 = CARTESIAN_POINT ( 'NONE',  ( -0.1152162815785837800, 0.09259212772610390900, 0.05752594247619655800 ) ) ;
#1805 = CARTESIAN_POINT ( 'NONE',  ( 0.05268900817200263000, 0.03042001305144011900, -0.03805774278214985000 ) ) ;
#1806 = CARTESIAN_POINT ( 'NONE',  ( 0.07025201089600342800, 4.301695013872779400E-018, -0.04035433070865904200 ) ) ;
#1807 = CARTESIAN_POINT ( 'NONE',  ( 0.07874015748031502900, 9.642888182262632300E-018, 0.06299212598425199500 ) ) ;
#1808 = CARTESIAN_POINT ( 'NONE',  ( -0.03512600544800179000, 0.06084002610288021700, -0.03461286089238619500 ) ) ;
#1809 = CARTESIAN_POINT ( 'NONE',  ( -0.01124259757764029300, -0.1526213621726851300, -0.05443228090504943100 ) ) ;
#1810 = CARTESIAN_POINT ( 'NONE',  ( 0.06819097667594012400, 0.03937007874015752800, 0.05495406824147171200 ) ) ;
#1811 = EDGE_CURVE ( 'NONE', #335, #877, #1688, .T. ) ;
#1812 = VERTEX_POINT ( 'NONE', #1061 ) ;
#1813 = CARTESIAN_POINT ( 'NONE',  ( 0.05268900817200258100, 0.03042001305144009100, 0.01706036745407012900 ) ) ;
#1814 = CARTESIAN_POINT ( 'NONE',  ( -0.1152538353287219100, -0.09257044605835214300, -0.05819856179979909100 ) ) ;
#1815 = CARTESIAN_POINT ( 'NONE',  ( 0.0000000000000000000, 0.0000000000000000000, 0.06299212598425199500 ) ) ;
#1816 = ORIENTED_EDGE ( 'NONE', *, *, #1186, .F. ) ;
#1817 = CARTESIAN_POINT ( 'NONE',  ( 0.05268900817200263700, 0.03042001305144012600, -0.04150262467191369300 ) ) ;
#1818 = FACE_OUTER_BOUND ( 'NONE', #670, .T. ) ;
#1819 = VERTEX_POINT ( 'NONE', #1853 ) ;
#1820 = EDGE_LOOP ( 'NONE', ( #1427, #305, #1354, #1105, #122, #860, #1623, #1348, #1994, #1229, #511, #605, #906, #1032, #652 ) ) ;
#1821 = CARTESIAN_POINT ( 'NONE',  ( -0.07025201089600342800, -1.290508504161833900E-017, -0.05413385826771404500 ) ) ;
#1822 = DIRECTION ( 'NONE',  ( 0.0000000000000000000, 0.0000000000000000000, -1.000000000000000000 ) ) ;
#1823 = CARTESIAN_POINT ( 'NONE',  ( 0.04546065111729345700, -0.07874015748031505700, 0.02050524934383422800 ) ) ;
#1824 = EDGE_CURVE ( 'NONE', #899, #837, #185, .T. ) ;
#1825 = CARTESIAN_POINT ( 'NONE',  ( 0.07625389410016046600, -4.239860767359125300E-013, -0.05901418498931155400 ) ) ;
#1826 =( BOUNDED_SURFACE ( )  B_SPLINE_SURFACE ( 1, 2, ( 
 ( #1883, #1907, #2041, #412, #615, #1264, #1096, #1090, #1413, #734, #428, #1901, #1065, #1436, #928, #595, #100, #1739, #912, #85, #2050, #1579, #611, #254, #2064, #1082, #1731, #242, #1256, #270, #1249, #1562, #448, #1071, #761, #2067, #263, #1585, #1593, #768, #1876, #1408, #1429, #436, #588, #11, #1156, #1273, #948, #1942, #1770, #801, #1920, #794, #482, #1120, #1931, #809, #1651, #1610, #279, #1602, #632, #340, #1758, #168, #954, #2091, #1449, #1936, #2100 ),
 ( #1460, #1127, #972, #1331, #1781, #132, #463, #290, #120, #1287, #1281, #296, #1441, #1488, #645, #1752, #472, #1616, #1912, #516, #789, #967, #1622, #2086, #638, #1104, #1747, #141, #1298, #775, #942, #622, #301, #2077, #1112, #1464, #113, #457, #16, #865, #1668, #872, #848, #844, #1030, #175, #690, #1808, #675, #1510, #1817, #184, #1506, #1992, #2000, #1980, #1184, #1835, #200, #1164, #40, #1175, #347, #1190, #1337, #351, #531, #1345, #1672, #1499, #523 ) ),
 .UNSPECIFIED., .F., .F., .T. ) 
 B_SPLINE_SURFACE_WITH_KNOTS ( ( 2, 2 ),
 ( 3, 2, 2, 2, 2, 2, 2, 2, 2, 2, 2, 2, 2, 2, 2, 2, 2, 2, 2, 2, 2, 2, 2, 2, 2, 2, 2, 2, 2, 2, 2, 2, 2, 2, 2, 3 ),
 ( 0.0000000000000000000, 1.000000000000000000 ),
 ( 0.0000000000000000000, 0.02777777777777777600, 0.05555555555555555200, 0.08333333333333332900, 0.1111111111111111000, 0.1388888888888889000, 0.1666666666666666600, 0.1944444444444444500, 0.2222222222222222100, 0.2500000000000000000, 0.2777777777777777900, 0.3055555555555555800, 0.3333333333333333100, 0.3611111111111111000, 0.3888888888888889000, 0.4166666666666666900, 0.4444444444444444200, 0.4722222222222222100, 0.5000000000000000000, 0.5277777777777777900, 0.5555555555555555800, 0.5833333333333333700, 0.6111111111111111600, 0.6388888888888888400, 0.6666666666666666300, 0.6944444444444444200, 0.7222222222222222100, 0.7500000000000000000, 0.7777777777777777900, 0.8055555555555555800, 0.8333333333333333700, 0.8611111111111111600, 0.8888888888888888400, 0.9166666666666666300, 0.9286160626553143800, 0.9379022232818675600 ),
 .UNSPECIFIED. ) 
 GEOMETRIC_REPRESENTATION_ITEM ( )  RATIONAL_B_SPLINE_SURFACE ( (
 ( 1.000000000000000000, 0.8660254037844387100, 1.000000000000000000, 0.8660254037844387100, 1.000000000000000000, 0.8660254037844387100, 1.000000000000000000, 0.8660254037844387100, 1.000000000000000000, 0.8660254037844387100, 1.000000000000000000, 0.8660254037844387100, 1.000000000000000000, 0.8660254037844387100, 1.000000000000000000, 0.8660254037844387100, 1.000000000000000000, 0.8660254037844387100, 1.000000000000000000, 0.8660254037844387100, 1.000000000000000000, 0.8660254037844387100, 1.000000000000000000, 0.8660254037844387100, 1.000000000000000000, 0.8660254037844387100, 1.000000000000000000, 0.8660254037844387100, 1.000000000000000000, 0.8660254037844387100, 1.000000000000000000, 0.8660254037844387100, 1.000000000000000000, 0.8660254037844387100, 1.000000000000000000, 0.8660254037844387100, 1.000000000000000000, 0.8660254037844387100, 1.000000000000000000, 0.8660254037844387100, 1.000000000000000000, 0.8660254037844387100, 1.000000000000000000, 0.8660254037844387100, 1.000000000000000000, 0.8660254037844387100, 1.000000000000000000, 0.8660254037844387100, 1.000000000000000000, 0.8660254037844387100, 1.000000000000000000, 0.8660254037844387100, 1.000000000000000000, 0.8660254037844387100, 1.000000000000000000, 0.8660254037844387100, 1.000000000000000000, 0.8660254037844387100, 1.000000000000000000, 0.8660254037844387100, 1.000000000000000000, 0.8660254037844387100, 1.000000000000000000, 0.8660254037844387100, 1.000000000000000000, 0.8660254037844387100, 1.000000000000000000, 0.9423670419064386100, 0.9343189745673887700, 0.9343189745673887700, 0.9343189745673887700),
 ( 1.000000000000000000, 0.8660254037844387100, 1.000000000000000000, 0.8660254037844387100, 1.000000000000000000, 0.8660254037844387100, 1.000000000000000000, 0.8660254037844387100, 1.000000000000000000, 0.8660254037844387100, 1.000000000000000000, 0.8660254037844387100, 1.000000000000000000, 0.8660254037844387100, 1.000000000000000000, 0.8660254037844387100, 1.000000000000000000, 0.8660254037844387100, 1.000000000000000000, 0.8660254037844387100, 1.000000000000000000, 0.8660254037844387100, 1.000000000000000000, 0.8660254037844387100, 1.000000000000000000, 0.8660254037844387100, 1.000000000000000000, 0.8660254037844387100, 1.000000000000000000, 0.8660254037844387100, 1.000000000000000000, 0.8660254037844387100, 1.000000000000000000, 0.8660254037844387100, 1.000000000000000000, 0.8660254037844387100, 1.000000000000000000, 0.8660254037844387100, 1.000000000000000000, 0.8660254037844387100, 1.000000000000000000, 0.8660254037844387100, 1.000000000000000000, 0.8660254037844387100, 1.000000000000000000, 0.8660254037844387100, 1.000000000000000000, 0.8660254037844387100, 1.000000000000000000, 0.8660254037844387100, 1.000000000000000000, 0.8660254037844387100, 1.000000000000000000, 0.8660254037844387100, 1.000000000000000000, 0.8660254037844387100, 1.000000000000000000, 0.8660254037844387100, 1.000000000000000000, 0.8660254037844387100, 1.000000000000000000, 0.8660254037844387100, 1.000000000000000000, 0.8660254037844387100, 1.000000000000000000, 0.8660254037844387100, 1.000000000000000000, 0.9423670419064386100, 0.9343189745673887700, 0.9343189745673887700, 0.9343189745673887700) ) ) 
 REPRESENTATION_ITEM ( '' )  SURFACE ( )  );
#1827 = CYLINDRICAL_SURFACE ( 'NONE', #166, 0.07874015748031502900 ) ;
#1828 = CARTESIAN_POINT ( 'NONE',  ( 0.05268900817200258800, -0.03042001305144007000, -0.01509186351705821100 ) ) ;
#1829 = CARTESIAN_POINT ( 'NONE',  ( -0.005858732172233473300, -0.07064855268881525800, 0.05349997434097029900 ) ) ;
#1830 = CARTESIAN_POINT ( 'NONE',  ( -0.02254144026182958900, 0.1460979723074379300, -0.05819856179979888300 ) ) ;
#1831 = CARTESIAN_POINT ( 'NONE',  ( -0.02846993499641915100, 0.06494261729240064000, -0.05351245258580357400 ) ) ;
#1832 = CARTESIAN_POINT ( 'NONE',  ( 7.450754322693361400E-018, -0.06084002610288016100, 0.03543307086614346700 ) ) ;
#1833 = CARTESIAN_POINT ( 'NONE',  ( -0.06377630815969327600, 0.04896272476263938100, -0.06299212598425207900 ) ) ;
#1834 = DIRECTION ( 'NONE',  ( -0.0000000000000000000, -0.0000000000000000000, -1.000000000000000000 ) ) ;
#1835 = CARTESIAN_POINT ( 'NONE',  ( -0.07025201089600351100, -1.290508504161835300E-017, -0.05757874015747784700 ) ) ;
#1836 = ORIENTED_EDGE ( 'NONE', *, *, #273, .F. ) ;
#1837 = DIRECTION ( 'NONE',  ( 1.000000000000000000, 0.0000000000000000000, 0.0000000000000000000 ) ) ;
#1838 = AXIS2_PLACEMENT_3D ( 'NONE', #1168, #1984, #191 ) ;
#1839 = LINE ( 'NONE', #202, #1369 ) ;
#1840 = CARTESIAN_POINT ( 'NONE',  ( 0.09264374317946821900, 5.672793177288260000E-018, -0.02915846456692676100 ) ) ;
#1841 = CARTESIAN_POINT ( 'NONE',  ( 0.04407765092273437800, 0.04533532132929931500, 0.04230058612010798000 ) ) ;
#1842 = ORIENTED_EDGE ( 'NONE', *, *, #1712, .T. ) ;
#1843 = ORIENTED_EDGE ( 'NONE', *, *, #888, .F. ) ;
#1844 = ADVANCED_FACE ( 'NONE', ( #1950 ), #125, .T. ) ;
#1845 = DIRECTION ( 'NONE',  ( 1.000000000000000000, 0.0000000000000000000, 0.0000000000000000000 ) ) ;
#1846 = CARTESIAN_POINT ( 'NONE',  ( -0.06819097667594013800, 0.03937007874015745900, 0.01246719160105137100 ) ) ;
#1847 = CARTESIAN_POINT ( 'NONE',  ( -0.07874015748031502900, -2.035865164796127200E-016, -0.04379921259842244800 ) ) ;
#1848 = CARTESIAN_POINT ( 'NONE',  ( 0.02968579725792018500, 0.06316702314155303600, 0.05237108193002678500 ) ) ;
#1849 = EDGE_LOOP ( 'NONE', ( #964, #2098, #1456, #1478, #1393, #601 ) ) ;
#1850 = CARTESIAN_POINT ( 'NONE',  ( -0.1377952755905514400, -5.914624404477027300E-017, -0.06299212598425199500 ) ) ;
#1851 = AXIS2_PLACEMENT_3D ( 'NONE', #1990, #1678, #207 ) ;
#1852 = CARTESIAN_POINT ( 'NONE',  ( -0.1377952755905514400, 0.07955613945526342200, 0.06299212598425199500 ) ) ;
#1853 = CARTESIAN_POINT ( 'NONE',  ( -0.1377952755905513800, -0.07955613945526304700, -0.05068474837914815900 ) ) ;
#1854 = CARTESIAN_POINT ( 'NONE',  ( 0.09264374317946821900, 5.672793177288260000E-018, -0.001599409448816758100 ) ) ;
#1855 = CARTESIAN_POINT ( 'NONE',  ( -0.03512600544800173500, -0.06084002610288025100, -0.02542650918634947700 ) ) ;
#1856 = DIRECTION ( 'NONE',  ( 0.7071067811865486800, 0.0000000000000000000, 0.7071067811865462400 ) ) ;
#1857 = CARTESIAN_POINT ( 'NONE',  ( 0.1377952755905508800, 0.05365667660910995700, 0.05749060914197598500 ) ) ;
#1858 = DIRECTION ( 'NONE',  ( -1.000000000000000000, 0.0000000000000000000, 0.0000000000000000000 ) ) ;
#1859 = CARTESIAN_POINT ( 'NONE',  ( 0.04546065111729343000, -0.07874015748031500100, -0.03116797900262280300 ) ) ;
#1860 = CARTESIAN_POINT ( 'NONE',  ( -0.03512600544800179000, 0.06084002610288021700, -0.03461286089238614600 ) ) ;
#1861 = VERTEX_POINT ( 'NONE', #1847 ) ;
#1862 = ADVANCED_FACE ( 'NONE', ( #955 ), #893, .F. ) ;
#1863 = EDGE_CURVE ( 'NONE', #580, #1660, #1246, .T. ) ;
#1864 = B_SPLINE_CURVE_WITH_KNOTS ( 'NONE', 3,
 ( #915, #1074, #757, #257, #1423, #573, #233, #94, #89, #925 ),
 .UNSPECIFIED., .F., .F.,
 ( 4, 2, 2, 2, 4 ),
 ( 0.009263220640646104700, 0.009926927295202602300, 0.01059063394975910000, 0.01125434060431559600, 0.01191804725887209300 ),
 .UNSPECIFIED. ) ;
#1865 = CARTESIAN_POINT ( 'NONE',  ( 0.01052090424458901700, 0.07971162111083919500, 0.06299212598425167600 ) ) ;
#1866 = CARTESIAN_POINT ( 'NONE',  ( 0.0000000000000000000, 0.0000000000000000000, -0.06299212598425199500 ) ) ;
#1867 = FACE_OUTER_BOUND ( 'NONE', #76, .T. ) ;
#1868 = CARTESIAN_POINT ( 'NONE',  ( 0.07602020742197429500, -0.01171073302872364400, -0.05945938789319677600 ) ) ;
#1869 = AXIS2_PLACEMENT_3D ( 'NONE', #1054, #1551, #635 ) ;
#1870 = ORIENTED_EDGE ( 'NONE', *, *, #815, .F. ) ;
#1871 = CYLINDRICAL_SURFACE ( 'NONE', #1743, 0.07874015748031502900 ) ;
#1872 = ORIENTED_EDGE ( 'NONE', *, *, #691, .F. ) ;
#1873 = ORIENTED_EDGE ( 'NONE', *, *, #201, .F. ) ;
#1874 = CARTESIAN_POINT ( 'NONE',  ( 0.06948280738460117800, -0.04011591754755038800, 0.05122211286089407200 ) ) ;
#1875 = CARTESIAN_POINT ( 'NONE',  ( 0.07874015748031502900, 9.642888182262632300E-018, 0.06299212598425199500 ) ) ;
#1876 = CARTESIAN_POINT ( 'NONE',  ( 0.05268900817200258800, -0.03042001305144007000, -0.01509186351705821100 ) ) ;
#1877 = ADVANCED_FACE ( 'NONE', ( #1921, #1450 ), #415, .T. ) ;
#1878 = CARTESIAN_POINT ( 'NONE',  ( 0.06889763779527552400, 0.1193342091828952900, 0.06299212598425199500 ) ) ;
#1879 = COORDINATED_UNIVERSAL_TIME_OFFSET ( 6, 0, .BEHIND. ) ;
#1880 = CARTESIAN_POINT ( 'NONE',  ( 9.825566003893348200E-018, -0.08023183509510080400, 0.04662893700787574400 ) ) ;
#1881 = CARTESIAN_POINT ( 'NONE',  ( 0.0000000000000000000, 0.08023183509510092800, 0.06299212598425199500 ) ) ;
#1882 = CARTESIAN_POINT ( 'NONE',  ( 0.03512600544800175600, 0.06084002610288023100, -0.01164698162729452300 ) ) ;
#1883 = CARTESIAN_POINT ( 'NONE',  ( 0.0000000000000000000, 0.06084002610288016100, 0.07677165354330846300 ) ) ;
#1884 = CARTESIAN_POINT ( 'NONE',  ( 0.0000000000000000000, 0.0000000000000000000, -0.06299212598425199500 ) ) ;
#1885 = CARTESIAN_POINT ( 'NONE',  ( -0.09264374317946821900, -1.701837953186478100E-017, -0.04293799212598176100 ) ) ;
#1886 = DIRECTION ( 'NONE',  ( -0.0000000000000000000, -0.0000000000000000000, -1.000000000000000000 ) ) ;
#1887 = ADVANCED_FACE ( 'NONE', ( #572 ), #311, .T. ) ;
#1888 = PLANE ( 'NONE',  #988 ) ;
#1889 = CARTESIAN_POINT ( 'NONE',  ( 0.0000000000000000000, 0.06084002610288023100, -0.03690944881889535200 ) ) ;
#1890 = CARTESIAN_POINT ( 'NONE',  ( 0.1377952755905508800, -0.02682449689608217000, 0.06183307245240012000 ) ) ;
#1891 = VERTEX_POINT ( 'NONE', #1569 ) ;
#1892 = DIRECTION ( 'NONE',  ( -1.000000000000000000, 0.0000000000000000000, 0.0000000000000000000 ) ) ;
#1893 =( BOUNDED_SURFACE ( )  B_SPLINE_SURFACE ( 1, 2, ( 
 ( #55, #214, #389, #1535, #564, #1554, #1270, #1435, #594, #1255, #1089, #2059, #269, #1584, #112, #1095, #251, #1576, #1426, #767, #98, #772, #2074, #600, #1070, #1565, #1745, #739, #241, #455, #1101, #941, #934, #1248, #586, #261, #1737, #1882, #275, #1906, #1418, #2066, #1590, #1723, #1079, #750, #435, #609, #1889, #1412, #108, #1261, #91, #443, #1440, #427, #421, #1714, #921, #1729, #1911, #614, #911, #2048, #84, #1237, #760, #1899, #927 ),
 ( #2063, #792, #1787, #1621, #643, #1756, #637, #308, #966, #1766, #648, #1469, #628, #481, #1609, #469, #152, #1615, #2117, #800, #1934, #1285, #1778, #1304, #1930, #951, #1458, #1118, #461, #140, #786, #807, #295, #2097, #2090, #1126, #1941, #1917, #128, #1750, #1279, #970, #1141, #1294, #2111, #300, #1462, #1132, #148, #486, #1632, #817, #1311, #1948, #946, #977, #317, #1475, #621, #1599, #2084, #1107, #117, #288, #1446, #159, #1316, #1956, #499 ) ),
 .UNSPECIFIED., .F., .F., .F. ) 
 B_SPLINE_SURFACE_WITH_KNOTS ( ( 2, 2 ),
 ( 3, 2, 2, 2, 2, 2, 2, 2, 2, 2, 2, 2, 2, 2, 2, 2, 2, 2, 2, 2, 2, 2, 2, 2, 2, 2, 2, 2, 2, 2, 2, 2, 2, 2, 3 ),
 ( 0.0000000000000000000, 1.000000000000000000 ),
 ( 0.0000000000000000000, 0.02777777777777777600, 0.05555555555555555200, 0.08333333333333332900, 0.1111111111111111000, 0.1388888888888889000, 0.1666666666666666600, 0.1944444444444444500, 0.2222222222222222100, 0.2500000000000000000, 0.2777777777777777900, 0.3055555555555555800, 0.3333333333333333100, 0.3611111111111111000, 0.3888888888888889000, 0.4166666666666666900, 0.4444444444444444200, 0.4722222222222222100, 0.5000000000000000000, 0.5277777777777777900, 0.5555555555555555800, 0.5833333333333333700, 0.6111111111111111600, 0.6388888888888888400, 0.6666666666666666300, 0.6944444444444444200, 0.7222222222222222100, 0.7500000000000000000, 0.7777777777777777900, 0.8055555555555555800, 0.8333333333333333700, 0.8611111111111111600, 0.8888888888888888400, 0.9166666666666666300, 0.9286164263284210100 ),
 .UNSPECIFIED. ) 
 GEOMETRIC_REPRESENTATION_ITEM ( )  RATIONAL_B_SPLINE_SURFACE ( (
 ( 1.000000000000000000, 0.8660254037844387100, 1.000000000000000000, 0.8660254037844387100, 1.000000000000000000, 0.8660254037844387100, 1.000000000000000000, 0.8660254037844387100, 1.000000000000000000, 0.8660254037844387100, 1.000000000000000000, 0.8660254037844387100, 1.000000000000000000, 0.8660254037844387100, 1.000000000000000000, 0.8660254037844387100, 1.000000000000000000, 0.8660254037844387100, 1.000000000000000000, 0.8660254037844387100, 1.000000000000000000, 0.8660254037844387100, 1.000000000000000000, 0.8660254037844387100, 1.000000000000000000, 0.8660254037844387100, 1.000000000000000000, 0.8660254037844387100, 1.000000000000000000, 0.8660254037844387100, 1.000000000000000000, 0.8660254037844387100, 1.000000000000000000, 0.8660254037844387100, 1.000000000000000000, 0.8660254037844387100, 1.000000000000000000, 0.8660254037844387100, 1.000000000000000000, 0.8660254037844387100, 1.000000000000000000, 0.8660254037844387100, 1.000000000000000000, 0.8660254037844387100, 1.000000000000000000, 0.8660254037844387100, 1.000000000000000000, 0.8660254037844387100, 1.000000000000000000, 0.8660254037844387100, 1.000000000000000000, 0.8660254037844387100, 1.000000000000000000, 0.8660254037844387100, 1.000000000000000000, 0.8660254037844387100, 1.000000000000000000, 0.8660254037844387100, 1.000000000000000000, 0.8660254037844387100, 1.000000000000000000, 0.8660254037844387100, 1.000000000000000000, 0.8660254037844387100, 1.000000000000000000, 0.8660254037844387100, 1.000000000000000000, 0.9423652878799644300, 0.9343184847365644300),
 ( 1.000000000000000000, 0.8660254037844387100, 1.000000000000000000, 0.8660254037844387100, 1.000000000000000000, 0.8660254037844387100, 1.000000000000000000, 0.8660254037844387100, 1.000000000000000000, 0.8660254037844387100, 1.000000000000000000, 0.8660254037844387100, 1.000000000000000000, 0.8660254037844387100, 1.000000000000000000, 0.8660254037844387100, 1.000000000000000000, 0.8660254037844387100, 1.000000000000000000, 0.8660254037844387100, 1.000000000000000000, 0.8660254037844387100, 1.000000000000000000, 0.8660254037844387100, 1.000000000000000000, 0.8660254037844387100, 1.000000000000000000, 0.8660254037844387100, 1.000000000000000000, 0.8660254037844387100, 1.000000000000000000, 0.8660254037844387100, 1.000000000000000000, 0.8660254037844387100, 1.000000000000000000, 0.8660254037844387100, 1.000000000000000000, 0.8660254037844387100, 1.000000000000000000, 0.8660254037844387100, 1.000000000000000000, 0.8660254037844387100, 1.000000000000000000, 0.8660254037844387100, 1.000000000000000000, 0.8660254037844387100, 1.000000000000000000, 0.8660254037844387100, 1.000000000000000000, 0.8660254037844387100, 1.000000000000000000, 0.8660254037844387100, 1.000000000000000000, 0.8660254037844387100, 1.000000000000000000, 0.8660254037844387100, 1.000000000000000000, 0.8660254037844387100, 1.000000000000000000, 0.8660254037844387100, 1.000000000000000000, 0.8660254037844387100, 1.000000000000000000, 0.8660254037844387100, 1.000000000000000000, 0.8660254037844387100, 1.000000000000000000, 0.9423652878799644300, 0.9343184847365644300) ) ) 
 REPRESENTATION_ITEM ( '' )  SURFACE ( )  );
#1894 = VECTOR ( 'NONE', #466, 39.37007874015748900 ) ;
#1895 = EDGE_CURVE ( 'NONE', #1323, #1513, #746, .T. ) ;
#1896 = B_SPLINE_CURVE_WITH_KNOTS ( 'NONE', 3,
 ( #2070, #266, #1115, #272, #1438, #2065, #1618, #641, #1909, #1775, #1763, #1099, #1606, #1444, #451, #797 ),
 .UNSPECIFIED., .F., .F.,
 ( 4, 2, 2, 2, 2, 2, 2, 4 ),
 ( 0.0000000000000000000, 0.0007213616554966127300, 0.001082042483244919000, 0.001442723310993225000, 0.001803404138741530800, 0.002164084966489836700, 0.002524765794238142700, 0.002885446621986448300 ),
 .UNSPECIFIED. ) ;
#1897 = CARTESIAN_POINT ( 'NONE',  ( -0.06948280738460120600, 0.04011591754755034600, 0.06500164041994907500 ) ) ;
#1898 = CARTESIAN_POINT ( 'NONE',  ( 0.07874015748031501500, -1.532617595970118100E-016, -0.02657480314960447600 ) ) ;
#1899 = CARTESIAN_POINT ( 'NONE',  ( -0.01388678741004725800, -0.06084002610288023100, -0.07915596930160231900 ) ) ;
#1900 = ORIENTED_EDGE ( 'NONE', *, *, #1245, .T. ) ;
#1901 = CARTESIAN_POINT ( 'NONE',  ( -0.03512600544800175600, 0.06084002610288014000, 0.05150918635170763400 ) ) ;
#1902 = AXIS2_PLACEMENT_3D ( 'NONE', #210, #57, #1208 ) ;
#1903 = CARTESIAN_POINT ( 'NONE',  ( 0.01051432661798494000, -0.07971331550978669200, 0.06299212598425200900 ) ) ;
#1904 = CARTESIAN_POINT ( 'NONE',  ( 0.0000000000000000000, 0.08023183509510080400, -0.04982775590550925900 ) ) ;
#1905 = CARTESIAN_POINT ( 'NONE',  ( -0.1377952755905513800, -0.05335750285028661300, 0.05755356636258798100 ) ) ;
#1906 = CARTESIAN_POINT ( 'NONE',  ( 0.07025201089600351100, 4.301695013872784000E-018, -0.01624015748031285000 ) ) ;
#1907 = CARTESIAN_POINT ( 'NONE',  ( 0.03512600544800170700, 0.06084002610288016800, 0.07447506561679931300 ) ) ;
#1908 = COORDINATED_UNIVERSAL_TIME_OFFSET ( 6, 0, .BEHIND. ) ;
#1909 = CARTESIAN_POINT ( 'NONE',  ( 0.06666896493595807200, -0.04488687777749170900, -0.06299212598425202300 ) ) ;
#1910 = CARTESIAN_POINT ( 'NONE',  ( 0.1377952755905509100, 0.06668651969510328000, -0.05439988759559657300 ) ) ;
#1911 = CARTESIAN_POINT ( 'NONE',  ( 0.0000000000000000000, 0.06084002610288023100, -0.06446850393700534500 ) ) ;
#1912 = CARTESIAN_POINT ( 'NONE',  ( 7.450754322693369100E-018, -0.06084002610288023100, 0.03198818897637965800 ) ) ;
#1913 = CARTESIAN_POINT ( 'NONE',  ( -0.07874015748031502900, 0.0000000000000000000, 0.06299212598425199500 ) ) ;
#1914 = CARTESIAN_POINT ( 'NONE',  ( -0.1377952755905514400, 0.07955613945526342200, 0.05068474837914801300 ) ) ;
#1915 = CARTESIAN_POINT ( 'NONE',  ( 0.06097899807724756900, 0.001757503949482045800, -0.04375819547291699000 ) ) ;
#1916 = CARTESIAN_POINT ( 'NONE',  ( -0.1377952755905514400, 0.06668651969510298900, 0.05439988759559640600 ) ) ;
#1917 = CARTESIAN_POINT ( 'NONE',  ( 0.04632187158973410200, 0.08023183509510080400, -0.02284284776902683100 ) ) ;
#1918 = ORIENTED_EDGE ( 'NONE', *, *, #1517, .T. ) ;
#1919 = APPROVAL_STATUS ( 'not_yet_approved' ) ;
#1920 = CARTESIAN_POINT ( 'NONE',  ( 0.05268900817200258800, -0.03042001305144007000, -0.04265091863516821300 ) ) ;
#1921 = FACE_BOUND ( 'NONE', #1991, .T. ) ;
#1922 = CARTESIAN_POINT ( 'NONE',  ( 0.04546065111733302300, 0.07874015748038368200, -0.02542650918630949900 ) ) ;
#1923 = ORIENTED_EDGE ( 'NONE', *, *, #1673, .F. ) ;
#1924 = CONICAL_SURFACE ( 'NONE', #1549, 0.1377952755905514400, 1.047197551196600100 ) ;
#1925 = DIRECTION ( 'NONE',  ( 0.0000000000000000000, 0.0000000000000000000, 1.000000000000000000 ) ) ;
#1926 = EDGE_CURVE ( 'NONE', #811, #1178, #52, .T. ) ;
#1927 = FACE_OUTER_BOUND ( 'NONE', #1317, .T. ) ;
#1928 = ORIENTED_EDGE ( 'NONE', *, *, #1824, .F. ) ;
#1929 = DIRECTION ( 'NONE',  ( -0.0000000000000000000, -0.0000000000000000000, -1.000000000000000000 ) ) ;
#1930 = CARTESIAN_POINT ( 'NONE',  ( 0.0000000000000000000, 0.08023183509510080400, 0.007012795275592340200 ) ) ;
#1931 = CARTESIAN_POINT ( 'NONE',  ( -0.05268900817200256000, -0.03042001305144010800, -0.05183727034120488900 ) ) ;
#1932 = CARTESIAN_POINT ( 'NONE',  ( 0.1377952755905508800, -0.02682449689608217300, -0.06183307245240012000 ) ) ;
#1933 = CARTESIAN_POINT ( 'NONE',  ( 0.03489064427961700900, -0.06354693506469488700, 0.05510404933462653700 ) ) ;
#1934 = CARTESIAN_POINT ( 'NONE',  ( -0.06948280738460115000, -0.04011591754755043600, 0.01619914698162900500 ) ) ;
#1935 = LENGTH_MEASURE_WITH_UNIT ( LENGTH_MEASURE( 0.02539999999999999900 ), #1592 );
#1936 = CARTESIAN_POINT ( 'NONE',  ( -0.03620396801667185400, -0.05009242238744982000, -0.07757591655194037700 ) ) ;
#1937 = CARTESIAN_POINT ( 'NONE',  ( 0.07874015748031498700, 3.419795979067651600E-015, 0.05265748031496273600 ) ) ;
#1938 = CARTESIAN_POINT ( 'NONE',  ( 0.06819097667594011000, -0.03937007874015750100, 0.05380577427821637400 ) ) ;
#1939 = CARTESIAN_POINT ( 'NONE',  ( 0.07025201089600351100, 4.301695013872784700E-018, -0.01279527559054900200 ) ) ;
#1940 = EDGE_CURVE ( 'NONE', #2015, #525, #53, .T. ) ;
#1941 = CARTESIAN_POINT ( 'NONE',  ( 0.0000000000000000000, 0.08023183509510080400, -0.02054625984251766100 ) ) ;
#1942 = CARTESIAN_POINT ( 'NONE',  ( 0.03512600544800170700, 0.06084002610288016800, -0.03576115485564071400 ) ) ;
#1943 = DIRECTION ( 'NONE',  ( -0.0000000000000000000, -0.0000000000000000000, -1.000000000000000000 ) ) ;
#1944 = CARTESIAN_POINT ( 'NONE',  ( 0.006333616161165785000, 0.07320410977258080800, 0.05606521427915455600 ) ) ;
#1945 = ORIENTED_EDGE ( 'NONE', *, *, #1106, .T. ) ;
#1946 = CARTESIAN_POINT ( 'NONE',  ( -0.06948280738460120600, 0.04011591754755034600, 0.009883530183729069900 ) ) ;
#1947 = CARTESIAN_POINT ( 'NONE',  ( -0.1377952755905514400, 0.01347751012707274800, 0.06299212598425202300 ) ) ;
#1948 = CARTESIAN_POINT ( 'NONE',  ( 0.04632187158973414400, -0.08023183509510079000, -0.05958825459317350400 ) ) ;
#1949 = EDGE_LOOP ( 'NONE', ( #1073, #694, #5, #1716, #624, #283 ) ) ;
#1950 = FACE_OUTER_BOUND ( 'NONE', #2056, .T. ) ;
#1951 = CARTESIAN_POINT ( 'NONE',  ( -0.06819097667594055400, -0.03937007874015781300, 0.04117454068241702100 ) ) ;
#1952 = ORIENTED_EDGE ( 'NONE', *, *, #782, .F. ) ;
#1953 = VECTOR ( 'NONE', #145, 39.37007874015748100 ) ;
#1954 = CARTESIAN_POINT ( 'NONE',  ( -0.03512600544800179000, 0.06084002610288021000, -0.003608923884512347500 ) ) ;
#1955 = CARTESIAN_POINT ( 'NONE',  ( -0.06889763779527534300, -0.1193342091828949500, 0.06299212598425199500 ) ) ;
#1956 = CARTESIAN_POINT ( 'NONE',  ( -0.01831298421206443600, -0.08023183509510080400, -0.09035183544333462400 ) ) ;
#1957 = APPROVAL_PERSON_ORGANIZATION ( #820, #1097, #462 ) ;
#1958 = CARTESIAN_POINT ( 'NONE',  ( -0.01346216127267977500, 0.06156631926178290200, 0.04554432757940758700 ) ) ;
#1959 = CARTESIAN_POINT ( 'NONE',  ( 0.05030195003425246700, -0.05321969373482927900, 0.05584216154803690900 ) ) ;
#1960 = B_SPLINE_CURVE_WITH_KNOTS ( 'NONE', 3,
 ( #1163, #838, #843, #1804, #1965, #1800 ),
 .UNSPECIFIED., .F., .F.,
 ( 4, 2, 4 ),
 ( 0.002044882221487527600, 0.003063384235218492000, 0.004081886248949456400 ),
 .UNSPECIFIED. ) ;
#1961 = CARTESIAN_POINT ( 'NONE',  ( -0.03512600544800173500, -0.06084002610288023100, -0.02198162729658568000 ) ) ;
#1962 = CARTESIAN_POINT ( 'NONE',  ( 0.06084002610288025100, -0.007595387886194673500, -0.04360031699203134600 ) ) ;
#1963 = AXIS2_PLACEMENT_3D ( 'NONE', #1410, #103, #423 ) ;
#1964 = VERTEX_POINT ( 'NONE', #1274 ) ;
#1965 = CARTESIAN_POINT ( 'NONE',  ( -0.1265526780129109800, 0.08604705619310484800, 0.05443228090504909100 ) ) ;
#1966 = CARTESIAN_POINT ( 'NONE',  ( 0.0000000000000000000, 0.0000000000000000000, -0.06299212598425199500 ) ) ;
#1967 = CARTESIAN_POINT ( 'NONE',  ( 0.0000000000000000000, -1.067128122525102800E-017, -0.06299212598425199500 ) ) ;
#1968 = VERTEX_POINT ( 'NONE', #795 ) ;
#1969 = FACE_OUTER_BOUND ( 'NONE', #1455, .T. ) ;
#1970 = CARTESIAN_POINT ( 'NONE',  ( -0.03512600544800175600, 0.06084002610288014000, 0.05150918635170763400 ) ) ;
#1971 = DIRECTION ( 'NONE',  ( 1.000000000000000000, 0.0000000000000000000, 0.0000000000000000000 ) ) ;
#1972 = EDGE_LOOP ( 'NONE', ( #1989, #881, #1767 ) ) ;
#1973 = CIRCLE ( 'NONE', #1309, 0.1377952755905514400 ) ;
#1974 = CARTESIAN_POINT ( 'NONE',  ( -0.07874015748038387700, -0.02109836160876776500, -0.01500941971976249400 ) ) ;
#1975 = EDGE_CURVE ( 'NONE', #837, #1268, #986, .T. ) ;
#1976 = AXIS2_PLACEMENT_3D ( 'NONE', #419, #1392, #1087 ) ;
#1977 = CARTESIAN_POINT ( 'NONE',  ( -0.05268900817200260200, 0.03042001305144003900, 0.05380577427821679700 ) ) ;
#1978 = CARTESIAN_POINT ( 'NONE',  ( -0.09237394300347906400, -0.1057801580513607100, -0.06299212598425238400 ) ) ;
#1979 = CARTESIAN_POINT ( 'NONE',  ( -0.07874015748031505700, 0.02109836160874980000, -0.04158506846916985900 ) ) ;
#1980 = CARTESIAN_POINT ( 'NONE',  ( -0.03512600544800173500, -0.06084002610288025100, -0.05298556430445951900 ) ) ;
#1981 = CARTESIAN_POINT ( 'NONE',  ( -0.006006472436097090400, 0.07157514428551639600, -0.05443336381231542900 ) ) ;
#1982 = B_SPLINE_CURVE_WITH_KNOTS ( 'NONE', 3,
 ( #402, #732, #1575, #274, #1583, #608 ),
 .UNSPECIFIED., .F., .F.,
 ( 4, 2, 4 ),
 ( 0.002044882221487521100, 0.003063384235218445100, 0.004081886248949368800 ),
 .UNSPECIFIED. ) ;
#1983 = CARTESIAN_POINT ( 'NONE',  ( 0.06131061816030318500, 2.503656654909394500E-015, -0.04407090904945430700 ) ) ;
#1984 = DIRECTION ( 'NONE',  ( 0.0000000000000000000, 0.0000000000000000000, -1.000000000000000000 ) ) ;
#1985 = CARTESIAN_POINT ( 'NONE',  ( -0.07874015748031502900, 0.0000000000000000000, 0.06299212598425199500 ) ) ;
#1986 = EDGE_CURVE ( 'NONE', #508, #877, #2057, .T. ) ;
#1987 = CARTESIAN_POINT ( 'NONE',  ( -0.03512600544800170000, -0.06084002610288017500, -0.02198162729658571100 ) ) ;
#1988 = CARTESIAN_POINT ( 'NONE',  ( -0.02809456140991561200, -0.06408171671540825700, 0.05257638791467615000 ) ) ;
#1989 = ORIENTED_EDGE ( 'NONE', *, *, #273, .T. ) ;
#1990 = CARTESIAN_POINT ( 'NONE',  ( 0.0000000000000000000, 0.0000000000000000000, -0.06299212598425199500 ) ) ;
#1991 = EDGE_LOOP ( 'NONE', ( #1625, #812, #2052, #1541 ) ) ;
#1992 = CARTESIAN_POINT ( 'NONE',  ( 0.03512600544800177600, -0.06084002610288021700, -0.04839238845144119100 ) ) ;
#1993 = CYLINDRICAL_SURFACE ( 'NONE', #1718, 0.07874015748031502900 ) ;
#1994 = ORIENTED_EDGE ( 'NONE', *, *, #1824, .T. ) ;
#1995 = ORIENTED_EDGE ( 'NONE', *, *, #1137, .T. ) ;
#1996 = CARTESIAN_POINT ( 'NONE',  ( -0.03512600544800175600, 0.06084002610288014000, -0.003608923884512382200 ) ) ;
#1997 = CARTESIAN_POINT ( 'NONE',  ( 0.07767645157556267400, 0.02076451098136287300, -0.06299212598425205100 ) ) ;
#1998 = B_SPLINE_CURVE_WITH_KNOTS ( 'NONE', 3,
 ( #700, #403, #1048, #1857, #733, #1560 ),
 .UNSPECIFIED., .F., .F.,
 ( 4, 2, 4 ),
 ( 0.005838139006013612400, 0.006861999454992879900, 0.007885859903972147400 ),
 .UNSPECIFIED. ) ;
#1999 = CARTESIAN_POINT ( 'NONE',  ( 0.06077567905415336800, -0.02471099199002463300, -0.04818366256525030700 ) ) ;
#2000 = CARTESIAN_POINT ( 'NONE',  ( 7.450754322693369100E-018, -0.06084002610288023100, -0.05068897637795034800 ) ) ;
#2001 = EDGE_CURVE ( 'NONE', #219, #1289, #678, .T. ) ;
#2002 = DIRECTION ( 'NONE',  ( -0.0000000000000000000, -0.0000000000000000000, -1.000000000000000000 ) ) ;
#2003 = ADVANCED_FACE ( 'NONE', ( #1428 ), #285, .F. ) ;
#2004 = PRODUCT_DEFINITION_FORMATION_WITH_SPECIFIED_SOURCE ( 'ANY', '', #96, .NOT_KNOWN. ) ;
#2005 = CARTESIAN_POINT ( 'NONE',  ( 0.04894348449657244500, 0.06379169698104005000, -0.06299212598425199500 ) ) ;
#2006 = CARTESIAN_POINT ( 'NONE',  ( 0.07874015748031502900, 9.642888182262632300E-018, 0.06299212598425199500 ) ) ;
#2007 = CARTESIAN_POINT ( 'NONE',  ( -0.07874015748031501500, -2.035865164796127200E-016, -0.04379921259842244800 ) ) ;
#2008 = CARTESIAN_POINT ( 'NONE',  ( -0.05893410819617928700, 0.03627201406901270400, -0.05180304050864995000 ) ) ;
#2009 = CARTESIAN_POINT ( 'NONE',  ( -0.1265526780129109800, 0.08604705619310484800, -0.05443228090504909100 ) ) ;
#2010 = CARTESIAN_POINT ( 'NONE',  ( 0.05268900817200263700, 0.03042001305144012600, -0.01394356955380365200 ) ) ;
#2011 = ADVANCED_FACE ( 'NONE', ( #1927 ), #1250, .F. ) ;
#2012 = B_SPLINE_CURVE_WITH_KNOTS ( 'NONE', 3,
 ( #999, #343, #544, #1997, #1683, #189, #211, #703, #2005, #1188, #204, #1379, #1357, #1677, #1180, #696, #386, #1540, #1034, #1040, #1027, #1020, #1833, #1384, #1046, #1527, #366, #59 ),
 .UNSPECIFIED., .F., .F.,
 ( 4, 2, 2, 2, 2, 2, 2, 2, 2, 2, 2, 2, 2, 4 ),
 ( 0.002885446621986448300, 0.003284057498152677000, 0.003682668374318905800, 0.004479890126651363300, 0.004878501002817592000, 0.005277111878983819900, 0.005675722755150047800, 0.006074333631316276500, 0.006871555383648734000, 0.007270166259814961900, 0.007668777135981190600, 0.008067388012147420200, 0.008465998888313647200, 0.009263220640646104700 ),
 .UNSPECIFIED. ) ;
#2013 = DIRECTION ( 'NONE',  ( 0.0000000000000000000, 0.0000000000000000000, 1.000000000000000000 ) ) ;
#2014 = CARTESIAN_POINT ( 'NONE',  ( -0.04438016494275579700, 0.06683972114230606100, 0.06299212598425202300 ) ) ;
#2015 = VERTEX_POINT ( 'NONE', #1624 ) ;
#2016 = DIRECTION ( 'NONE',  ( 0.0000000000000000000, 0.0000000000000000000, 1.000000000000000000 ) ) ;
#2017 = CARTESIAN_POINT ( 'NONE',  ( -0.02446439168250352800, 0.07407120800693688100, 0.06011114302242563000 ) ) ;
#2018 = CIRCLE ( 'NONE', #787, 0.1377952755905514400 ) ;
#2019 = CARTESIAN_POINT ( 'NONE',  ( -0.06948280738460120600, 0.04011591754755034600, -0.01767552493438093200 ) ) ;
#2020 = CARTESIAN_POINT ( 'NONE',  ( 0.07025201089600351100, 4.301695013872784700E-018, 0.03887795275590719800 ) ) ;
#2021 = ORIENTED_EDGE ( 'NONE', *, *, #95, .F. ) ;
#2022 = VECTOR ( 'NONE', #2062, 39.37007874015748900 ) ;
#2023 = CARTESIAN_POINT ( 'NONE',  ( 0.04895406386575399500, 0.06378321949877691100, 0.06299212598425198200 ) ) ;
#2024 = ORIENTED_EDGE ( 'NONE', *, *, #505, .T. ) ;
#2025 = ORIENTED_EDGE ( 'NONE', *, *, #2001, .T. ) ;
#2026 = CARTESIAN_POINT ( 'NONE',  ( 0.06728977144621918500, -0.03934352987767438000, -0.06048862222552486200 ) ) ;
#2027 = CARTESIAN_POINT ( 'NONE',  ( -0.09227098167747124800, 0.1058396028006479700, -0.06181362163790807300 ) ) ;
#2028 = ADVANCED_FACE ( 'NONE', ( #1463 ), #1633, .F. ) ;
#2029 = ORIENTED_EDGE ( 'NONE', *, *, #561, .T. ) ;
#2030 = CARTESIAN_POINT ( 'NONE',  ( -0.06948280738460115000, -0.04011591754755043600, -0.01308234908136260400 ) ) ;
#2031 = CARTESIAN_POINT ( 'NONE',  ( 0.06889763779527553800, -0.1193342091828948500, 0.06299212598425199500 ) ) ;
#2032 = CARTESIAN_POINT ( 'NONE',  ( 0.04546065111729753100, 0.07874015748032220400, -0.05298556430445498800 ) ) ;
#2033 = AXIS2_PLACEMENT_3D ( 'NONE', #1966, #12, #1144 ) ;
#2034 = CARTESIAN_POINT ( 'NONE',  ( 0.05737168978725593100, -0.05362438120527044500, -0.06107618796473775900 ) ) ;
#2035 = PERSON_AND_ORGANIZATION ( #765, #793 ) ;
#2036 = CARTESIAN_POINT ( 'NONE',  ( 0.0000000000000000000, 0.0000000000000000000, 0.06299212598425199500 ) ) ;
#2037 = CARTESIAN_POINT ( 'NONE',  ( 0.0000000000000000000, 0.08023183509510080400, -0.02226870078739925900 ) ) ;
#2038 = ADVANCED_FACE ( 'NONE', ( #1505 ), #1827, .F. ) ;
#2039 = CARTESIAN_POINT ( 'NONE',  ( 0.06415154301535737300, 0.04930566008674670100, 0.06299212598425255000 ) ) ;
#2040 = CARTESIAN_POINT ( 'NONE',  ( 0.07874015748031501500, 0.02109836160874984900, 0.002214989729015935400 ) ) ;
#2041 = CARTESIAN_POINT ( 'NONE',  ( 0.05268900817200258100, 0.03042001305144009100, 0.07217847769029013500 ) ) ;
#2042 = DIRECTION ( 'NONE',  ( 1.000000000000000000, 0.0000000000000000000, 0.0000000000000000000 ) ) ;
#2043 = CARTESIAN_POINT ( 'NONE',  ( 0.05720334656222148000, 0.1260859113742808800, 0.06299212598425217600 ) ) ;
#2044 = EDGE_CURVE ( 'NONE', #104, #633, #889, .T. ) ;
#2045 = B_SPLINE_CURVE_WITH_KNOTS ( 'NONE', 3,
 ( #1529, #1220, #1058, #1213 ),
 .UNSPECIFIED., .F., .F.,
 ( 4, 4 ),
 ( 0.001159006092210789800, 0.001225942904076098500 ),
 .UNSPECIFIED. ) ;
#2046 = CARTESIAN_POINT ( 'NONE',  ( -0.04632187158973407500, -0.08023183509510081700, 0.04433234908136657300 ) ) ;
#2047 = CARTESIAN_POINT ( 'NONE',  ( -0.07874015748031501500, -3.431233423813696700E-017, 0.04232283464567054100 ) ) ;
#2048 = CARTESIAN_POINT ( 'NONE',  ( 0.07025201089600351100, 4.301695013872784000E-018, -0.07135826771653285000 ) ) ;
#2049 = ORIENTED_EDGE ( 'NONE', *, *, #1093, .F. ) ;
#2050 = CARTESIAN_POINT ( 'NONE',  ( -0.05268900817200256000, -0.03042001305144010800, 0.03083989501312512900 ) ) ;
#2051 = AXIS2_PLACEMENT_3D ( 'NONE', #1454, #1613, #2095 ) ;
#2052 = ORIENTED_EDGE ( 'NONE', *, *, #1926, .F. ) ;
#2053 = CONICAL_SURFACE ( 'NONE', #935, 0.1377952755905514400, 1.047197551196600100 ) ;
#2054 = CARTESIAN_POINT ( 'NONE',  ( 0.04546065111729338800, 0.07874015748031501500, 0.03313648293963387300 ) ) ;
#2055 = ORIENTED_EDGE ( 'NONE', *, *, #849, .T. ) ;
#2056 = EDGE_LOOP ( 'NONE', ( #1009, #20, #1447 ) ) ;
#2057 =( BOUNDED_CURVE ( )  B_SPLINE_CURVE ( 2, ( #1252, #639, #1771, #1922, #297, #302, #464, #819, #802 ),
 .UNSPECIFIED., .F., .T. ) 
 B_SPLINE_CURVE_WITH_KNOTS ( ( 3, 2, 2, 2, 3 ),
 ( 0.01498923654659267900, 0.01603451965353372100, 0.01812508586737864400, 0.02021565208122357000, 0.02126093518814600400 ),
 .UNSPECIFIED. ) 
 CURVE ( )  GEOMETRIC_REPRESENTATION_ITEM ( )  RATIONAL_B_SPLINE_CURVE ( ( 0.9330127018922193000, 0.9330127018910287000, 1.000000000000000000, 0.8660254037844386000, 1.000000000000000000, 0.8660254037844386000, 1.000000000000000000, 0.9330127018922209600, 0.9330127018922193000 ) ) 
 REPRESENTATION_ITEM ( '' )  );
#2058 = CARTESIAN_POINT ( 'NONE',  ( -0.004142162897541639500, -0.07815984713476613300, -0.06087310947448574400 ) ) ;
#2059 = CARTESIAN_POINT ( 'NONE',  ( -0.03512600544800179000, 0.06084002610288021700, 0.04806430446194381200 ) ) ;
#2060 = CARTESIAN_POINT ( 'NONE',  ( 1.521190891121690400E-016, -0.1591122789105264300, 0.05068474837914835300 ) ) ;
#2061 = B_SPLINE_CURVE_WITH_KNOTS ( 'NONE', 3,
 ( #1825, #1004, #348, #1657, #31, #368, #1165, #362, #1674, #701, #1334, #1158, #352, #682, #341, #1490, #1981, #1013, #23, #1831, #1511, #1214, #726, #707, #1197, #2008, #392, #1700, #1382, #1051, #884, #1537 ),
 .UNSPECIFIED., .F., .F.,
 ( 4, 2, 2, 2, 2, 2, 2, 2, 2, 2, 2, 2, 2, 2, 2, 4 ),
 ( 0.002818516687055622100, 0.003176102316411927100, 0.003533687945768232600, 0.003891273575124537600, 0.004248859204480842600, 0.004964030463193453600, 0.005321616092549759000, 0.005679201721906064500, 0.006036787351262369900, 0.006394372980618674500, 0.006751958609974979100, 0.007109544239331284600, 0.007467129868687591800, 0.007824715498043897200, 0.008182301127400202700, 0.008539886756756508200 ),
 .UNSPECIFIED. ) ;
#2062 = DIRECTION ( 'NONE',  ( -0.7071067811865486800, 8.659560562354947600E-017, 0.7071067811865462400 ) ) ;
#2063 = CARTESIAN_POINT ( 'NONE',  ( 0.0000000000000000000, 0.08023183509510080400, 0.06213090551181234300 ) ) ;
#2064 = CARTESIAN_POINT ( 'NONE',  ( 0.0000000000000000000, 0.06084002610288016100, 0.02165354330708846300 ) ) ;
#2065 = CARTESIAN_POINT ( 'NONE',  ( 0.05424131821938760200, -0.05930788702587911500, -0.06299212598425203700 ) ) ;
#2066 = CARTESIAN_POINT ( 'NONE',  ( 0.03512600544800177600, -0.06084002610288021700, -0.02083333333333119200 ) ) ;
#2067 = CARTESIAN_POINT ( 'NONE',  ( -0.03512600544800175600, 0.06084002610288014000, -0.003608923884512382200 ) ) ;
#2068 = CARTESIAN_POINT ( 'NONE',  ( 0.0000000000000000000, 0.07874015748031502900, 0.03543307086614304300 ) ) ;
#2069 = ORIENTED_EDGE ( 'NONE', *, *, #918, .T. ) ;
#2070 = CARTESIAN_POINT ( 'NONE',  ( 0.01189567098692203200, -0.07934507151990208300, -0.06299212598425199500 ) ) ;
#2071 = CONICAL_SURFACE ( 'NONE', #1635, 0.1377952755905514400, 1.047197551196600100 ) ;
#2072 = AXIS2_PLACEMENT_3D ( 'NONE', #994, #167, #173 ) ;
#2073 = CARTESIAN_POINT ( 'NONE',  ( 1.521190891121690400E-016, -0.1591122789105264300, -0.05068474837914835300 ) ) ;
#2074 = CARTESIAN_POINT ( 'NONE',  ( -0.05268900817200266500, 0.03042001305144007400, 0.02280183727034298300 ) ) ;
#2075 = EDGE_LOOP ( 'NONE', ( #1451, #1547, #1873 ) ) ;
#2076 = VECTOR ( 'NONE', #1016, 39.37007874015748100 ) ;
#2077 = CARTESIAN_POINT ( 'NONE',  ( -0.07025201089600351100, -1.290508504161835300E-017, -0.002460629921257846700 ) ) ;
#2078 = CARTESIAN_POINT ( 'NONE',  ( 0.0000000000000000000, 0.06084002610288016100, 0.07677165354330846300 ) ) ;
#2079 = CARTESIAN_POINT ( 'NONE',  ( 0.07008665258154242500, -0.04045122356626430800, 0.06299212598425203700 ) ) ;
#2080 = ORIENTED_EDGE ( 'NONE', *, *, #1063, .F. ) ;
#2081 = CARTESIAN_POINT ( 'NONE',  ( 0.07874015748031501500, 1.143744474604565700E-017, 0.05610236220472555200 ) ) ;
#2082 = CARTESIAN_POINT ( 'NONE',  ( -0.06889763779527582900, 0.1193342091828952500, -0.06299212598425199500 ) ) ;
#2083 = CARTESIAN_POINT ( 'NONE',  ( -0.07874015748031501500, -3.431233423813696700E-017, -0.01279527559054946000 ) ) ;
#2084 = CARTESIAN_POINT ( 'NONE',  ( 0.0000000000000000000, 0.08023183509510080400, -0.07566437007873766400 ) ) ;
#2085 = SECURITY_CLASSIFICATION_LEVEL ( 'unclassified' ) ;
#2086 = CARTESIAN_POINT ( 'NONE',  ( -0.03512600544800179000, 0.06084002610288021700, 0.02050524934383381900 ) ) ;
#2087 = CARTESIAN_POINT ( 'NONE',  ( 0.0000000000000000000, 0.0000000000000000000, 0.06299212598425199500 ) ) ;
#2088 = CARTESIAN_POINT ( 'NONE',  ( 0.0000000000000000000, -1.067128122525102800E-017, 0.06299212598425199500 ) ) ;
#2089 = EDGE_CURVE ( 'NONE', #170, #219, #1727, .T. ) ;
#2090 = CARTESIAN_POINT ( 'NONE',  ( -0.06948280738460120600, 0.04011591754755034600, -0.01595308398949933300 ) ) ;
#2091 = CARTESIAN_POINT ( 'NONE',  ( -0.01388633893971947600, -0.06084002610288017500, -0.07571105809021408400 ) ) ;
#2092 = CARTESIAN_POINT ( 'NONE',  ( 9.642888182262697000E-018, -0.07874015748031555600, 0.04576771653543535600 ) ) ;
#2093 = DIMENSIONAL_EXPONENTS ( 1.000000000000000000, 0.0000000000000000000, 0.0000000000000000000, 0.0000000000000000000, 0.0000000000000000000, 0.0000000000000000000, 0.0000000000000000000 ) ;
#2094 = CARTESIAN_POINT ( 'NONE',  ( -0.06819097667594009600, -0.03937007874015754900, 0.04461942257217970500 ) ) ;
#2095 = DIRECTION ( 'NONE',  ( 1.000000000000000000, 0.0000000000000000000, 0.0000000000000000000 ) ) ;
#2096 = CARTESIAN_POINT ( 'NONE',  ( 0.01274637850107556200, -0.07042604546027068900, 0.05418106695389601800 ) ) ;
#2097 = CARTESIAN_POINT ( 'NONE',  ( -0.09264374317946821900, -1.701837953186478100E-017, -0.01365649606299016100 ) ) ;
#2098 = ORIENTED_EDGE ( 'NONE', *, *, #1169, .T. ) ;
#2099 = APPROVAL_STATUS ( 'not_yet_approved' ) ;
#2100 = CARTESIAN_POINT ( 'NONE',  ( -0.04601043801979790000, -0.04536987533384290200, -0.07839534403242848200 ) ) ;
#2101 = EDGE_LOOP ( 'NONE', ( #834, #854, #530 ) ) ;
#2102 = DIRECTION ( 'NONE',  ( 1.000000000000000000, 0.0000000000000000000, 0.0000000000000000000 ) ) ;
#2103 = VERTEX_POINT ( 'NONE', #1143 ) ;
#2104 = VECTOR ( 'NONE', #1744, 39.37007874015748100 ) ;
#2105 = DIRECTION ( 'NONE',  ( -0.0000000000000000000, -0.0000000000000000000, -1.000000000000000000 ) ) ;
#2106 = CARTESIAN_POINT ( 'NONE',  ( 0.008516152890734528600, 0.06151827758702233000, 0.04462017961520355800 ) ) ;
#2107 = AXIS2_PLACEMENT_3D ( 'NONE', #199, #2013, #1845 ) ;
#2108 = ORIENTED_EDGE ( 'NONE', *, *, #484, .T. ) ;
#2109 = ORIENTED_EDGE ( 'NONE', *, *, #666, .F. ) ;
#2110 = CARTESIAN_POINT ( 'NONE',  ( 0.04632187158973410200, 0.08023183509510080400, 0.002993766404201569900 ) ) ;
#2111 = CARTESIAN_POINT ( 'NONE',  ( -0.06948280738460115000, -0.04011591754755043600, -0.03891896325459100900 ) ) ;
#2112 = DATE_TIME_ROLE ( 'creation_date' ) ;
#2113 = CARTESIAN_POINT ( 'NONE',  ( -0.07874015748031502900, -9.733219729105870800E-013, 0.03887795275596431900 ) ) ;
#2114 = DIRECTION ( 'NONE',  ( 1.000000000000000000, 0.0000000000000000000, 0.0000000000000000000 ) ) ;
#2115 = CARTESIAN_POINT ( 'NONE',  ( 0.003033478083909300600, 0.06225407540021383300, 0.04484810605700403200 ) ) ;
#2116 = CARTESIAN_POINT ( 'NONE',  ( -0.1377952755905514400, 0.07955613945526342200, -0.05068474837914801300 ) ) ;
#2117 = CARTESIAN_POINT ( 'NONE',  ( 9.825566003893348200E-018, -0.08023183509510080400, 0.02079232283464734300 ) ) ;
#2118 = CALENDAR_DATE ( 2021, 14, 9 ) ;
#2119 = CARTESIAN_POINT ( 'NONE',  ( 0.05720334656222148000, 0.1260859113742808800, -0.06299212598425217600 ) ) ;
#2120 = CARTESIAN_POINT ( 'NONE',  ( -0.06889763779527559300, -0.1193342091828954200, -0.06299212598425199500 ) ) ;
#2121 = CARTESIAN_POINT ( 'NONE',  ( 0.05268900817200263000, 0.03042001305144011900, -0.01049868766403984900 ) ) ;
#2122 = EDGE_CURVE ( 'NONE', #313, #743, #278, .T. ) ;
ENDSEC;
END-ISO-10303-21;
