ISO-10303-21;
HEADER;
FILE_DESCRIPTION (( 'STEP AP203' ),
    '1' );
FILE_NAME ('91290A111_Alloy Steel Socket Head Screw.STEP',
    '2025-07-16T13:39:44',
    ( 'Administrator' ),
    ( 'Managed by Terraform' ),
    'SwSTEP 2.0',
    'SolidWorks 2017',
    '' );
FILE_SCHEMA (( 'CONFIG_CONTROL_DESIGN' ));
ENDSEC;

DATA;
#1 = CARTESIAN_POINT ( 'NONE',  ( -1.551628848447119000, 1.900197302715458000E-016, 4.500000000000000900 ) ) ;
#2 = CARTESIAN_POINT ( 'NONE',  ( 1.357050807568877000, -2.492861891654333800E-016, -3.812499999999999100 ) ) ;
#3 = FACE_OUTER_BOUND ( 'NONE', #657, .T. ) ;
#4 = CARTESIAN_POINT ( 'NONE',  ( 0.6785254037844392600, 1.175240473580835100, -0.2291666666666657100 ) ) ;
#5 = CARTESIAN_POINT ( 'NONE',  ( 0.0000000000000000000, 1.175240473580835300, 0.3125000000000011700 ) ) ;
#6 = CARTESIAN_POINT ( 'NONE',  ( -1.299038105676659300, -0.7500000000000003300, -3.770833333333375200 ) ) ;
#7 = LINE ( 'NONE', #1969, #604 ) ;
#8 = CARTESIAN_POINT ( 'NONE',  ( 0.6785254037844380400, -1.175240473580835500, -2.395833333333331700 ) ) ;
#9 = CARTESIAN_POINT ( 'NONE',  ( -0.8816504037844382600, 1.527063293868263300, -1.411458333333377900 ) ) ;
#10 = CARTESIAN_POINT ( 'NONE',  ( 1.836970198721031400E-016, -1.500000000000001300, -4.500000000000000900 ) ) ;
#11 = ORIENTED_EDGE ( 'NONE', *, *, #3041, .T. ) ;
#12 = CARTESIAN_POINT ( 'NONE',  ( -1.017788105676658000, -0.5876202367904174200, -0.5208333333333323700 ) ) ;
#13 = ORIENTED_EDGE ( 'NONE', *, *, #2866, .T. ) ;
#14 = CARTESIAN_POINT ( 'NONE',  ( 0.6785254037844392600, 1.175240473580835100, 0.7708333333333343700 ) ) ;
#15 = DIRECTION ( 'NONE',  ( -0.0000000000000000000, -0.0000000000000000000, 1.000000000000000000 ) ) ;
#16 = CARTESIAN_POINT ( 'NONE',  ( -1.017788105676657800, 0.5876202367904177500, -3.166666666666665600 ) ) ;
#17 = EDGE_LOOP ( 'NONE', ( #2140, #1316, #2269 ) ) ;
#18 = CARTESIAN_POINT ( 'NONE',  ( 2.601386614715550700E-011, -1.467524047359158600, 1.331250000000621100 ) ) ;
#19 = CARTESIAN_POINT ( 'NONE',  ( -1.763300807568877000, 1.079710344961584000E-016, -1.828125000000044600 ) ) ;
#20 = DIRECTION ( 'NONE',  ( -0.0000000000000000000, 1.440390079079711300E-056, -1.000000000000000000 ) ) ;
#21 = VERTEX_POINT ( 'NONE', #1989 ) ;
#22 = CARTESIAN_POINT ( 'NONE',  ( -1.732050807568879200, 1.060575238724907800E-016, 0.1250000000000435800 ) ) ;
#23 = CARTESIAN_POINT ( 'NONE',  ( 0.0000000000000000000, 1.175240473580835300, -3.687499999999999100 ) ) ;
#24 = CARTESIAN_POINT ( 'NONE',  ( -1.017788105676658000, -0.5876202367904174200, -0.02083333333333277400 ) ) ;
#25 = EDGE_CURVE ( 'NONE', #562, #527, #3070, .T. ) ;
#26 = CARTESIAN_POINT ( 'NONE',  ( 1.357050807568877000, -2.492861891654333800E-016, 0.6875000000000005600 ) ) ;
#27 = CARTESIAN_POINT ( 'NONE',  ( 0.0000000000000000000, 1.296351071171740300E-055, -4.500000000000000900 ) ) ;
#28 = CARTESIAN_POINT ( 'NONE',  ( -1.357050807568876700, 8.309539638847779000E-017, -1.124999999999999300 ) ) ;
#29 =( BOUNDED_CURVE ( )  B_SPLINE_CURVE ( 2, ( #1199, #968, #946, #2880, #1447, #3078, #1466 ),
 .UNSPECIFIED., .F., .F. ) 
 B_SPLINE_CURVE_WITH_KNOTS ( ( 3, 2, 2, 3 ),
 ( 0.1923076923076923500, 0.2051282051282052000, 0.2179487179487179800, 0.2307692307692307300 ),
 .UNSPECIFIED. ) 
 CURVE ( )  GEOMETRIC_REPRESENTATION_ITEM ( )  RATIONAL_B_SPLINE_CURVE ( ( 0.9999999999999994400, 0.8660254037844391500, 1.000000000000000000, 0.8660254037844386000, 1.000000000000000000, 0.8660254037844386000, 1.000000000000000000 ) ) 
 REPRESENTATION_ITEM ( '' )  );
#30 = CARTESIAN_POINT ( 'NONE',  ( 0.0000000000000000000, 1.500000000000001300, -1.437500000000041500 ) ) ;
#31 = CARTESIAN_POINT ( 'NONE',  ( 0.8816504037844380400, -1.527063293868264000, -2.661458333333377900 ) ) ;
#32 = CARTESIAN_POINT ( 'NONE',  ( 0.0000000000000000000, 1.500000000000001300, -2.437500000000041700 ) ) ;
#33 = ORIENTED_EDGE ( 'NONE', *, *, #42, .F. ) ;
#34 = CARTESIAN_POINT ( 'NONE',  ( 1.357050807568877000, -2.492861891654333800E-016, -4.312499999999998200 ) ) ;
#35 = CARTESIAN_POINT ( 'NONE',  ( 1.017788105676657600, -0.5876202367904181900, -2.354166666666666100 ) ) ;
#36 = CARTESIAN_POINT ( 'NONE',  ( -1.439254484199189400E-016, -1.175240473580835300, -0.9999999999999991100 ) ) ;
#37 = CARTESIAN_POINT ( 'NONE',  ( 1.357050807568877000, -2.492861891654333800E-016, 0.1250000000000009700 ) ) ;
#38 = ORIENTED_EDGE ( 'NONE', *, *, #1335, .T. ) ;
#39 = CARTESIAN_POINT ( 'NONE',  ( 1.763300807568877000, -3.239131034884752100E-016, -2.578125000000044400 ) ) ;
#40 = CARTESIAN_POINT ( 'NONE',  ( 0.1094472602488319300, -1.337241637125323100, -4.337998836456129000 ) ) ;
#41 = LINE ( 'NONE', #84, #2545 ) ;
#42 = EDGE_CURVE ( 'NONE', #2342, #2671, #517, .T. ) ;
#43 = CARTESIAN_POINT ( 'NONE',  ( 0.8660254037844389300, -1.500000000000002000, -2.645833333333374800 ) ) ;
#44 = CARTESIAN_POINT ( 'NONE',  ( 0.6785254037844380400, -1.175240473580835700, -4.395833333333332100 ) ) ;
#45 = CARTESIAN_POINT ( 'NONE',  ( -1.017788105676658000, -0.5876202367904174200, 0.4791666666666676800 ) ) ;
#46 =( BOUNDED_CURVE ( )  B_SPLINE_CURVE ( 2, ( #2015, #2078, #629, #2777, #1342, #866, #857 ),
 .UNSPECIFIED., .F., .F. ) 
 B_SPLINE_CURVE_WITH_KNOTS ( ( 3, 2, 2, 3 ),
 ( 0.7307692307692308400, 0.7435897435897437200, 0.7564102564102563900, 0.7692307692307692700 ),
 .UNSPECIFIED. ) 
 CURVE ( )  GEOMETRIC_REPRESENTATION_ITEM ( )  RATIONAL_B_SPLINE_CURVE ( ( 0.9999999999999988900, 0.8660254037844398200, 1.000000000000000000, 0.8660254037844387100, 1.000000000000000000, 0.8660254037844387100, 1.000000000000000000 ) ) 
 REPRESENTATION_ITEM ( '' )  );
#47 = CYLINDRICAL_SURFACE ( 'NONE', #1896, 1.500000000000001300 ) ;
#48 = DIRECTION ( 'NONE',  ( 0.0000000000000000000, 1.000000000000000000, 0.0000000000000000000 ) ) ;
#49 = CARTESIAN_POINT ( 'NONE',  ( 1.357050807568876700, -2.492861891654333800E-016, -0.8749999999999990000 ) ) ;
#50 = FACE_OUTER_BOUND ( 'NONE', #2522, .T. ) ;
#51 = CARTESIAN_POINT ( 'NONE',  ( -1.017788105676658000, -0.5876202367904174200, 0.4791666666666676800 ) ) ;
#52 = CARTESIAN_POINT ( 'NONE',  ( -0.8816504037844389300, -1.527063293868263100, 1.255208333333289100 ) ) ;
#53 = EDGE_LOOP ( 'NONE', ( #2229, #2383, #1472, #2685 ) ) ;
#54 = CARTESIAN_POINT ( 'NONE',  ( -3.274242444245837400E-012, -1.323117061316981800, -4.352123412263849500 ) ) ;
#55 = CARTESIAN_POINT ( 'NONE',  ( -1.836970198721031400E-016, -1.500000000000001300, -0.6875000000000423000 ) ) ;
#56 = VERTEX_POINT ( 'NONE', #1597 ) ;
#57 = CARTESIAN_POINT ( 'NONE',  ( -0.6785254037844383700, 1.175240473580835500, 0.3541666666666675200 ) ) ;
#58 = ADVANCED_FACE ( 'NONE', ( #2065 ), #1877, .T. ) ;
#59 = DIRECTION ( 'NONE',  ( 0.0000000000000000000, 1.000000000000000000, 0.0000000000000000000 ) ) ;
#60 = ORIENTED_EDGE ( 'NONE', *, *, #1764, .T. ) ;
#61 = CARTESIAN_POINT ( 'NONE',  ( 0.0000000000000000000, 1.175240473580835300, -2.249999999999999100 ) ) ;
#62 = CARTESIAN_POINT ( 'NONE',  ( 0.6785254037844380400, -1.175240473580835500, 0.6041666666666677400 ) ) ;
#63 = DIRECTION ( 'NONE',  ( 0.0000000000000000000, -1.000000000000000000, 0.0000000000000000000 ) ) ;
#64 = CARTESIAN_POINT ( 'NONE',  ( 0.0000000000000000000, 1.500000000000001300, -4.500000000000000900 ) ) ;
#65 = CARTESIAN_POINT ( 'NONE',  ( -1.017788105676658000, -0.5876202367904174200, 1.479166666666667600 ) ) ;
#66 = EDGE_CURVE ( 'NONE', #394, #1074, #772, .T. ) ;
#67 = CARTESIAN_POINT ( 'NONE',  ( 0.6785254037844391500, 1.175240473580835100, -2.291666666666665600 ) ) ;
#68 = CARTESIAN_POINT ( 'NONE',  ( -1.322475605676657800, -0.7635316469341314500, -0.2864583333333781100 ) ) ;
#69 = CARTESIAN_POINT ( 'NONE',  ( -3.204619126434813600E-016, 1.443375672974063900, -2.318813079129866200 ) ) ;
#70 = CARTESIAN_POINT ( 'NONE',  ( 0.0000000000000000000, 1.175240473580835300, -4.749999999999999100 ) ) ;
#71 = CARTESIAN_POINT ( 'NONE',  ( 1.357050807568877000, -2.492861891654333800E-016, 1.187500000000001100 ) ) ;
#72 = LOCAL_TIME ( 8, 39, 44.00000000000000000, #2761 ) ;
#73 = CARTESIAN_POINT ( 'NONE',  ( 0.6785254037844380400, -1.175240473580835500, 1.041666666666667400 ) ) ;
#74 = CARTESIAN_POINT ( 'NONE',  ( 0.8816504037844392600, 1.527063293868263100, -3.526041666666620800 ) ) ;
#75 = DIRECTION ( 'NONE',  ( 0.0000000000000000000, 1.000000000000000000, 0.0000000000000000000 ) ) ;
#76 = FACE_BOUND ( 'NONE', #2185, .T. ) ;
#77 = PERSON_AND_ORGANIZATION_ROLE ( 'design_owner' ) ;
#78 = CIRCLE ( 'NONE', #1690, 1.500000000000002700 ) ;
#79 = EDGE_CURVE ( 'NONE', #2010, #21, #2917, .T. ) ;
#80 = CARTESIAN_POINT ( 'NONE',  ( 0.0000000000000000000, 1.175240473580835300, -3.749999999999999100 ) ) ;
#81 = CARTESIAN_POINT ( 'NONE',  ( 1.017788105676657600, -0.5876202367904181900, 0.6458333333333341500 ) ) ;
#82 = EDGE_LOOP ( 'NONE', ( #396, #1258, #1579, #2108 ) ) ;
#83 = ORIENTED_EDGE ( 'NONE', *, *, #2437, .T. ) ;
#84 = CARTESIAN_POINT ( 'NONE',  ( 3.103284636243910000E-016, -1.443375672974064300, -2.318813079129866200 ) ) ;
#85 = CARTESIAN_POINT ( 'NONE',  ( -0.8816504037844389300, -1.527063293868263100, -2.276041666666620300 ) ) ;
#86 = ORIENTED_EDGE ( 'NONE', *, *, #2477, .T. ) ;
#87 = CARTESIAN_POINT ( 'NONE',  ( -0.8816504037844389300, -1.527063293868263100, 0.2552083333332887400 ) ) ;
#88 = CARTESIAN_POINT ( 'NONE',  ( -1.836970198721031200E-016, -1.500000000000001600, -0.7499999999999563700 ) ) ;
#89 = ORIENTED_EDGE ( 'NONE', *, *, #1903, .F. ) ;
#90 =( LENGTH_UNIT ( ) NAMED_UNIT ( * ) SI_UNIT ( .MILLI., .METRE. ) );
#91 = CARTESIAN_POINT ( 'NONE',  ( 1.017788105676658200, 0.5876202367904167500, -2.833333333333332600 ) ) ;
#92 = ORIENTED_EDGE ( 'NONE', *, *, #2303, .F. ) ;
#93 = CARTESIAN_POINT ( 'NONE',  ( 0.0000000000000000000, 1.296351071171740100E-055, -4.499999999999999100 ) ) ;
#94 = CARTESIAN_POINT ( 'NONE',  ( -1.439254484199189400E-016, -1.175240473580835300, 1.000000000000000900 ) ) ;
#95 = CARTESIAN_POINT ( 'NONE',  ( 1.322475605676657300, -0.7635316469341323400, -2.651041666666620300 ) ) ;
#96 = CARTESIAN_POINT ( 'NONE',  ( -1.249999999999999600, 0.7216878364870317200, 2.500000000000000400 ) ) ;
#97 = ADVANCED_FACE ( 'NONE', ( #1429 ), #875, .T. ) ;
#98 = EDGE_CURVE ( 'NONE', #2459, #2640, #1351, .T. ) ;
#99 = CARTESIAN_POINT ( 'NONE',  ( 0.0000000000000000000, 1.296351071171740300E-055, -4.500000000000000900 ) ) ;
#100 = ORIENTED_EDGE ( 'NONE', *, *, #1927, .F. ) ;
#101 = PERSON_AND_ORGANIZATION_ROLE ( 'creator' ) ;
#102 = CARTESIAN_POINT ( 'NONE',  ( 3.275930187719169800E-016, -2.600000000000000100, 4.500000000000000900 ) ) ;
#103 = CARTESIAN_POINT ( 'NONE',  ( -1.017788105676657800, 0.5876202367904177500, -4.166666666666666100 ) ) ;
#104 = CARTESIAN_POINT ( 'NONE',  ( -1.732050807568879200, 1.060575238724907800E-016, -0.3749999999999559200 ) ) ;
#105 = CARTESIAN_POINT ( 'NONE',  ( -1.017788105676658000, -0.5876202367904174200, 0.9166666666666671800 ) ) ;
#106 = CARTESIAN_POINT ( 'NONE',  ( -1.763300807568877000, 1.079710344961584000E-016, -1.859374999999954000 ) ) ;
#107 = CARTESIAN_POINT ( 'NONE',  ( 0.0000000000000000000, 1.527063293868263300, -4.484374999999953800 ) ) ;
#108 = LINE ( 'NONE', #1049, #2763 ) ;
#109 = AXIS2_PLACEMENT_3D ( 'NONE', #3116, #2202, #2274 ) ;
#110 = CARTESIAN_POINT ( 'NONE',  ( -0.6785254037844388200, -1.175240473580835300, -4.541666666666667000 ) ) ;
#111 = DIRECTION ( 'NONE',  ( 0.0000000000000000000, 1.000000000000000000, 0.0000000000000000000 ) ) ;
#112 = VECTOR ( 'NONE', #708, 1000.000000000000000 ) ;
#113 = CARTESIAN_POINT ( 'NONE',  ( 1.299038105676658900, -0.7500000000000013300, -1.666666666666623000 ) ) ;
#114 = CIRCLE ( 'NONE', #638, 2.750000000000000000 ) ;
#115 = CARTESIAN_POINT ( 'NONE',  ( -0.8816504037844389300, -1.527063293868263100, -1.276041666666620100 ) ) ;
#116 = CARTESIAN_POINT ( 'NONE',  ( -1.836970198721031200E-016, -1.500000000000001600, -3.749999999999956500 ) ) ;
#117 =( BOUNDED_CURVE ( )  B_SPLINE_CURVE ( 1, ( #1486, #1778 ),
 .UNSPECIFIED., .F., .F. ) 
 B_SPLINE_CURVE_WITH_KNOTS ( ( 2, 2 ),
 ( 0.0000000000000000000, 0.0003750000000000024500 ),
 .UNSPECIFIED. ) 
 CURVE ( )  GEOMETRIC_REPRESENTATION_ITEM ( )  RATIONAL_B_SPLINE_CURVE ( ( 0.9550068919397907100, 0.9550068919397908300 ) ) 
 REPRESENTATION_ITEM ( '' )  );
#118 = LINE ( 'NONE', #2837, #2703 ) ;
#119 = CARTESIAN_POINT ( 'NONE',  ( 0.0000000000000000000, 1.296351071171740300E-055, -4.500000000000000900 ) ) ;
#120 = EDGE_CURVE ( 'NONE', #1962, #1998, #118, .T. ) ;
#121 = CARTESIAN_POINT ( 'NONE',  ( -0.5135752358548868500, 1.146862872304119400, 4.198642010119640700 ) ) ;
#122 = CARTESIAN_POINT ( 'NONE',  ( -0.6785254037844383700, 1.175240473580835500, -3.208333333333332100 ) ) ;
#123 = ORIENTED_EDGE ( 'NONE', *, *, #2270, .F. ) ;
#124 = CARTESIAN_POINT ( 'NONE',  ( 0.0000000000000000000, 1.500000000000001600, 0.5000000000000439600 ) ) ;
#125 = VERTEX_POINT ( 'NONE', #1135 ) ;
#126 = CARTESIAN_POINT ( 'NONE',  ( 0.0000000000000000000, 1.296351071171740300E-055, -4.500000000000000900 ) ) ;
#127 = CARTESIAN_POINT ( 'NONE',  ( 0.8660254037844409300, -1.499999999999998200, -1.708333333333289300 ) ) ;
#128 = CARTESIAN_POINT ( 'NONE',  ( 1.322475605676657300, -0.7635316469341323400, -0.6510416666666205600 ) ) ;
#129 = EDGE_LOOP ( 'NONE', ( #2346, #701, #812, #1736 ) ) ;
#130 = CARTESIAN_POINT ( 'NONE',  ( -0.8660254037844419300, 1.499999999999996400, -3.958333333333288600 ) ) ;
#131 = DIRECTION ( 'NONE',  ( 0.0000000000000000000, 1.000000000000000000, 0.0000000000000000000 ) ) ;
#132 = DIRECTION ( 'NONE',  ( -0.0000000000000000000, 1.440390079079711300E-056, -1.000000000000000000 ) ) ;
#133 = CARTESIAN_POINT ( 'NONE',  ( 0.4430797455704415500, 1.165503555317011000, 1.192259379406013900 ) ) ;
#134 = CARTESIAN_POINT ( 'NONE',  ( 1.017788105676658200, 0.5876202367904167500, -1.833333333333332600 ) ) ;
#135 = CARTESIAN_POINT ( 'NONE',  ( -0.6785254037844388200, -1.175240473580835300, 0.9583333333333344800 ) ) ;
#136 = CARTESIAN_POINT ( 'NONE',  ( -0.8660254037844393700, 1.500000000000001100, -2.958333333333288600 ) ) ;
#137 = CARTESIAN_POINT ( 'NONE',  ( -1.763300807568877000, 1.079710344961584000E-016, 1.140625000000046200 ) ) ;
#138 = CARTESIAN_POINT ( 'NONE',  ( -1.836970198721031400E-016, -1.500000000000001300, -3.187500000000041700 ) ) ;
#139 = EDGE_CURVE ( 'NONE', #625, #2226, #2405, .T. ) ;
#140 = CARTESIAN_POINT ( 'NONE',  ( 0.0000000000000000000, 1.175240473580835300, -4.749999999999999100 ) ) ;
#141 = CARTESIAN_POINT ( 'NONE',  ( -0.8409413214249605900, 0.9578579746766831000, 4.197837918555810800 ) ) ;
#142 = CARTESIAN_POINT ( 'NONE',  ( 0.6785254037844392600, 1.175240473580835100, 0.2083333333333337900 ) ) ;
#143 = DIRECTION ( 'NONE',  ( -0.0000000000000000000, 1.440390079079711300E-056, -1.000000000000000000 ) ) ;
#144 = CARTESIAN_POINT ( 'NONE',  ( 0.0000000000000000000, 1.500000000000001300, -4.500000000000000900 ) ) ;
#145 = CARTESIAN_POINT ( 'NONE',  ( -1.322475605676657800, 0.7635316469341318900, 1.098958333333379700 ) ) ;
#146 = LOCAL_TIME ( 8, 39, 44.00000000000000000, #1146 ) ;
#147 = DIRECTION ( 'NONE',  ( 0.0000000000000000000, 1.000000000000000000, 0.0000000000000000000 ) ) ;
#148 = FACE_OUTER_BOUND ( 'NONE', #2117, .T. ) ;
#149 = CARTESIAN_POINT ( 'NONE',  ( -1.357050807568877000, 8.309539638847779000E-017, -2.624999999999999600 ) ) ;
#150 = CIRCLE ( 'NONE', #1827, 1.175240473580835300 ) ;
#151 = CARTESIAN_POINT ( 'NONE',  ( 1.357050807568876700, -2.492861891654333800E-016, -2.812499999999999600 ) ) ;
#152 = CARTESIAN_POINT ( 'NONE',  ( -1.017788105676657800, 0.5876202367904177500, -0.6666666666666660700 ) ) ;
#153 = DIRECTION ( 'NONE',  ( -0.0000000000000000000, 1.440390079079711300E-056, -1.000000000000000000 ) ) ;
#154 = VECTOR ( 'NONE', #2739, 1000.000000000000000 ) ;
#155 = CARTESIAN_POINT ( 'NONE',  ( -0.8660254037844423700, -1.499999999999997100, 1.270833333333291500 ) ) ;
#156 = ORIENTED_EDGE ( 'NONE', *, *, #305, .F. ) ;
#157 = CARTESIAN_POINT ( 'NONE',  ( 1.322475605676658400, 0.7635316469341306700, 1.432291666666712700 ) ) ;
#158 =( BOUNDED_CURVE ( )  B_SPLINE_CURVE ( 2, ( #802, #2261, #2501, #563, #1552, #2741, #1784 ),
 .UNSPECIFIED., .F., .F. ) 
 B_SPLINE_CURVE_WITH_KNOTS ( ( 3, 2, 2, 3 ),
 ( 0.4615384615384615600, 0.4743589743589743400, 0.4871794871794871700, 0.5000000000000000000 ),
 .UNSPECIFIED. ) 
 CURVE ( )  GEOMETRIC_REPRESENTATION_ITEM ( )  RATIONAL_B_SPLINE_CURVE ( ( 1.000000000000000000, 0.8660254037844387100, 1.000000000000000000, 0.8660254037844387100, 1.000000000000000000, 0.8660254037844387100, 1.000000000000000000 ) ) 
 REPRESENTATION_ITEM ( '' )  );
#159 = VERTEX_POINT ( 'NONE', #2827 ) ;
#160 = CARTESIAN_POINT ( 'NONE',  ( 1.357050807568877000, -2.492861891654333800E-016, -2.312499999999999100 ) ) ;
#161 = CARTESIAN_POINT ( 'NONE',  ( 0.0000000000000000000, -1.873300550168571900E-016, 0.4839745962155525000 ) ) ;
#162 = CARTESIAN_POINT ( 'NONE',  ( 1.299038105676658900, -0.7500000000000013300, -2.666666666666622600 ) ) ;
#163 = ADVANCED_FACE ( 'NONE', ( #2960 ), #3091, .T. ) ;
#164 = ORIENTED_EDGE ( 'NONE', *, *, #1278, .T. ) ;
#165 = CARTESIAN_POINT ( 'NONE',  ( 0.0000000000000000000, 1.175240473580835300, -4.249999999999998200 ) ) ;
#166 = CARTESIAN_POINT ( 'NONE',  ( 1.357050807568876700, -2.492861891654333800E-016, -3.312499999999999100 ) ) ;
#167 = CARTESIAN_POINT ( 'NONE',  ( -0.6785254037844388200, -1.175240473580835300, -1.041666666666666100 ) ) ;
#168 = ORIENTED_EDGE ( 'NONE', *, *, #139, .T. ) ;
#169 = ORIENTED_EDGE ( 'NONE', *, *, #139, .F. ) ;
#170 = CARTESIAN_POINT ( 'NONE',  ( 0.1620765073089851200, -1.490754716607943600, -4.177939761348707000 ) ) ;
#171 = CARTESIAN_POINT ( 'NONE',  ( -1.870113174931182600E-016, -1.527063293868263300, -0.7343749999999538100 ) ) ;
#172 = CARTESIAN_POINT ( 'NONE',  ( 0.6785254037844380400, -1.175240473580835700, -1.895833333333332100 ) ) ;
#173 = CARTESIAN_POINT ( 'NONE',  ( 1.299038105676658900, -0.7500000000000013300, -3.604166666666708700 ) ) ;
#174 = CARTESIAN_POINT ( 'NONE',  ( 1.299038105676659800, 0.7499999999999995600, -2.583333333333290000 ) ) ;
#175 = CARTESIAN_POINT ( 'NONE',  ( -1.357050807568877000, 8.309539638847779000E-017, -4.624999999999999100 ) ) ;
#176 = CARTESIAN_POINT ( 'NONE',  ( -1.249999999999999600, -0.7216878364870322700, 4.391746824526945800 ) ) ;
#177 = CARTESIAN_POINT ( 'NONE',  ( 0.6785254037844380400, -1.175240473580835700, -0.9583333333333322600 ) ) ;
#178 = CARTESIAN_POINT ( 'NONE',  ( -0.8660254037844394800, 1.500000000000001800, -3.395833333333375200 ) ) ;
#179 = CARTESIAN_POINT ( 'NONE',  ( 0.0000000000000000000, 4.537228749101089300E-056, 1.350000000000001400 ) ) ;
#180 = CARTESIAN_POINT ( 'NONE',  ( 0.0000000000000000000, 1.296351071171740300E-055, -4.500000000000000900 ) ) ;
#181 = CARTESIAN_POINT ( 'NONE',  ( -0.8660254037844399300, -1.500000000000001300, -2.729166666666709600 ) ) ;
#182 = CARTESIAN_POINT ( 'NONE',  ( 0.6785254037844380400, -1.175240473580835700, -3.395833333333332100 ) ) ;
#183 = CARTESIAN_POINT ( 'NONE',  ( -1.017788105676658000, -0.5876202367904174200, -1.020833333333332400 ) ) ;
#184 = CARTESIAN_POINT ( 'NONE',  ( -1.836970198721031400E-016, -1.500000000000001300, -3.687500000000041300 ) ) ;
#185 = CARTESIAN_POINT ( 'NONE',  ( 0.0000000000000000000, 2.750000000000000000, 4.350000000000001400 ) ) ;
#186 = EDGE_CURVE ( 'NONE', #1247, #2813, #483, .T. ) ;
#187 = CARTESIAN_POINT ( 'NONE',  ( 1.017788105676658200, 0.5876202367904167500, -2.833333333333332600 ) ) ;
#188 = CARTESIAN_POINT ( 'NONE',  ( 0.0000000000000000000, 1.296351071171740300E-055, -4.500000000000000900 ) ) ;
#189 = CARTESIAN_POINT ( 'NONE',  ( 1.763300807568877000, -3.239131034884752100E-016, -4.078125000000044400 ) ) ;
#190 = PERSON_AND_ORGANIZATION ( #1474, #2799 ) ;
#191 = CARTESIAN_POINT ( 'NONE',  ( -1.836970198721031400E-016, -1.500000000000001300, -2.187500000000041700 ) ) ;
#192 = LINE ( 'NONE', #1154, #2446 ) ;
#193 = VECTOR ( 'NONE', #1960, 1000.000000000000000 ) ;
#194 = CARTESIAN_POINT ( 'NONE',  ( 0.8816504037844392600, 1.527063293868263100, 1.973958333333379700 ) ) ;
#195 = CARTESIAN_POINT ( 'NONE',  ( 1.017788105676657600, -0.5876202367904181900, -0.8541666666666658500 ) ) ;
#196 = CARTESIAN_POINT ( 'NONE',  ( 1.299038105676659600, 0.7499999999999995600, -3.520833333333374800 ) ) ;
#197 = CARTESIAN_POINT ( 'NONE',  ( 1.732050807568879400, -3.181725716174723900E-016, 0.9374999999999583700 ) ) ;
#198 = FACE_OUTER_BOUND ( 'NONE', #807, .T. ) ;
#199 = CARTESIAN_POINT ( 'NONE',  ( 0.6785254037844380400, -1.175240473580835700, -2.458333333333332100 ) ) ;
#200 = VERTEX_POINT ( 'NONE', #2318 ) ;
#201 = CARTESIAN_POINT ( 'NONE',  ( -0.6785254037844388200, -1.175240473580835100, -3.479166666666665600 ) ) ;
#202 = CARTESIAN_POINT ( 'NONE',  ( 1.322475605676658400, 0.7635316469341306700, -3.536458333333377400 ) ) ;
#203 = CYLINDRICAL_SURFACE ( 'NONE', #1795, 2.750000000000000000 ) ;
#204 = DIRECTION ( 'NONE',  ( -0.0000000000000000000, 1.440390079079711300E-056, -1.000000000000000000 ) ) ;
#205 = ORIENTED_EDGE ( 'NONE', *, *, #1522, .F. ) ;
#206 = CARTESIAN_POINT ( 'NONE',  ( 2.601386614715550700E-011, -1.467524047359158600, 1.331250000000621100 ) ) ;
#207 = CARTESIAN_POINT ( 'NONE',  ( 1.017788105676657600, -0.5876202367904181900, -3.854166666666665600 ) ) ;
#208 = EDGE_CURVE ( 'NONE', #1354, #2308, #1616, .T. ) ;
#209 = ORIENTED_EDGE ( 'NONE', *, *, #2477, .F. ) ;
#210 = CARTESIAN_POINT ( 'NONE',  ( 0.8409413214249611400, -0.9578579746766833200, 4.197837918555812600 ) ) ;
#211 = CARTESIAN_POINT ( 'NONE',  ( -1.836970198721031400E-016, -1.500000000000001300, 0.3124999999999577000 ) ) ;
#212 = ORIENTED_EDGE ( 'NONE', *, *, #3103, .T. ) ;
#213 = CARTESIAN_POINT ( 'NONE',  ( 1.017788105676658200, 0.5876202367904167500, -0.3333333333333322000 ) ) ;
#214 = CARTESIAN_POINT ( 'NONE',  ( -1.357050807568876700, 8.309539638847779000E-017, -1.062499999999999100 ) ) ;
#215 = CARTESIAN_POINT ( 'NONE',  ( 1.017788105676658200, 0.5876202367904167500, 0.6666666666666678500 ) ) ;
#216 = CARTESIAN_POINT ( 'NONE',  ( 1.299038105676658900, -0.7500000000000013300, -3.166666666666623000 ) ) ;
#217 = AXIS2_PLACEMENT_3D ( 'NONE', #1933, #2663, #1714 ) ;
#218 = DIRECTION ( 'NONE',  ( 1.000000000000000000, 0.0000000000000000000, 0.0000000000000000000 ) ) ;
#219 = CARTESIAN_POINT ( 'NONE',  ( -0.6785254037844383700, 1.175240473580835500, -4.145833333333332100 ) ) ;
#220 = CARTESIAN_POINT ( 'NONE',  ( 0.2433378840061835900, -1.480130627413471800, -4.175240473580833700 ) ) ;
#221 = CARTESIAN_POINT ( 'NONE',  ( 0.0000000000000000000, 1.175240473580835300, -2.749999999999999100 ) ) ;
#222 = AXIS2_PLACEMENT_3D ( 'NONE', #2268, #341, #2283 ) ;
#223 = CARTESIAN_POINT ( 'NONE',  ( 0.6785254037844380400, -1.175240473580835500, -0.8958333333333322600 ) ) ;
#224 = CARTESIAN_POINT ( 'NONE',  ( -0.8816504037844389300, -1.527063293868263100, -3.744791666666710900 ) ) ;
#225 = CARTESIAN_POINT ( 'NONE',  ( 0.0000000000000000000, 1.333734122634712100, -4.341506350946120900 ) ) ;
#226 = CARTESIAN_POINT ( 'NONE',  ( -0.6785254037844383700, 1.175240473580835500, -4.645833333333333000 ) ) ;
#227 = CARTESIAN_POINT ( 'NONE',  ( 0.0000000000000000000, 1.175240473580835300, -4.687499999999999100 ) ) ;
#228 = CARTESIAN_POINT ( 'NONE',  ( -1.357050807568877000, 8.309539638847779000E-017, -0.06249999999999918100 ) ) ;
#229 = CARTESIAN_POINT ( 'NONE',  ( 1.250000000000000000, -0.7216878364870316100, 4.391746824526945800 ) ) ;
#230 = CARTESIAN_POINT ( 'NONE',  ( 0.6785254037844380400, -1.175240473580835500, -3.958333333333332600 ) ) ;
#231 = EDGE_CURVE ( 'NONE', #3028, #655, #2756, .T. ) ;
#232 = APPROVAL_DATE_TIME ( #2508, #1544 ) ;
#233 = CARTESIAN_POINT ( 'NONE',  ( -0.6785254037844388200, -1.175240473580835300, -1.041666666666666100 ) ) ;
#234 = LINE ( 'NONE', #2310, #2095 ) ;
#235 = CARTESIAN_POINT ( 'NONE',  ( 0.6785254037844380400, -1.175240473580835500, -1.895833333333332400 ) ) ;
#236 = CARTESIAN_POINT ( 'NONE',  ( 0.0000000000000000000, 1.527063293868263300, -3.953125000000044400 ) ) ;
#237 = DIRECTION ( 'NONE',  ( -0.0000000000000000000, 1.440390079079711300E-056, -1.000000000000000000 ) ) ;
#238 = CC_DESIGN_APPROVAL ( #1544, ( #2933 ) ) ;
#239 = CARTESIAN_POINT ( 'NONE',  ( -1.357050807568877000, 8.309539638847779000E-017, -1.562499999999999100 ) ) ;
#240 = CARTESIAN_POINT ( 'NONE',  ( -1.017788105676658000, -0.5876202367904174200, 0.9791666666666673000 ) ) ;
#241 = CARTESIAN_POINT ( 'NONE',  ( 1.250000000000000200, 0.7216878364870319400, 4.391746824526945800 ) ) ;
#242 = CARTESIAN_POINT ( 'NONE',  ( 0.6785254037844391500, -1.175240473580833500, -4.458333333333333000 ) ) ;
#243 = ORIENTED_EDGE ( 'NONE', *, *, #1505, .T. ) ;
#244 = CARTESIAN_POINT ( 'NONE',  ( 1.357050807568877000, -2.492861891654333800E-016, -1.874999999999999100 ) ) ;
#245 = CARTESIAN_POINT ( 'NONE',  ( -1.017788105676658000, -0.5876202367904174200, -2.020833333333332600 ) ) ;
#246 = CARTESIAN_POINT ( 'NONE',  ( 1.322475605676658400, 0.7635316469341306700, -1.036458333333377900 ) ) ;
#247 = ORIENTED_EDGE ( 'NONE', *, *, #1558, .T. ) ;
#248 = PLANE ( 'NONE',  #2811 ) ;
#249 = ORIENTED_EDGE ( 'NONE', *, *, #942, .F. ) ;
#250 = CARTESIAN_POINT ( 'NONE',  ( 0.6785254037844392600, 1.175240473580835100, -0.7291666666666661900 ) ) ;
#251 = EDGE_CURVE ( 'NONE', #2638, #2529, #1421, .T. ) ;
#252 = VERTEX_POINT ( 'NONE', #2129 ) ;
#253 = CARTESIAN_POINT ( 'NONE',  ( -1.439254484199189400E-016, -1.175240473580835300, -2.999999999999999100 ) ) ;
#254 = CARTESIAN_POINT ( 'NONE',  ( -1.017788105676658000, -0.5876202367904174200, -1.520833333333332400 ) ) ;
#255 = CARTESIAN_POINT ( 'NONE',  ( 1.322475605676658400, 0.7635316469341306700, -3.036458333333377900 ) ) ;
#256 = CARTESIAN_POINT ( 'NONE',  ( 3.275930187719169800E-016, 2.600000000000000100, 1.500000000000001300 ) ) ;
#257 = AXIS2_PLACEMENT_3D ( 'NONE', #2624, #1177, #2395 ) ;
#258 = DIRECTION ( 'NONE',  ( -0.8660254037844386000, -0.5000000000000002200, -7.201950395398557600E-057 ) ) ;
#259 = CARTESIAN_POINT ( 'NONE',  ( 0.6785254037844380400, -1.175240473580835700, -2.395833333333332600 ) ) ;
#260 = CARTESIAN_POINT ( 'NONE',  ( 1.017788105676657600, -0.5876202367904181900, -2.916666666666665600 ) ) ;
#261 = ADVANCED_BREP_SHAPE_REPRESENTATION ( '91290A111_Alloy Steel Socket Head Screw', ( #277, #1370 ), #2769 ) ;
#262 = B_SPLINE_CURVE_WITH_KNOTS ( 'NONE', 3,
 ( #2359, #1905, #1959, #3115, #1707, #210, #3092, #229 ),
 .UNSPECIFIED., .F., .F.,
 ( 4, 2, 2, 4 ),
 ( 2.544378114031468100E-007, 0.0003729905366538294100, 0.0007457266354962556000, 0.001491198833181107400 ),
 .UNSPECIFIED. ) ;
#263 = CARTESIAN_POINT ( 'NONE',  ( 0.0000000000000000000, 1.527063293868263300, -1.953125000000044200 ) ) ;
#264 = DIRECTION ( 'NONE',  ( 0.0000000000000000000, 1.000000000000000000, 0.0000000000000000000 ) ) ;
#265 = CALENDAR_DATE ( 2025, 16, 7 ) ;
#266 = CARTESIAN_POINT ( 'NONE',  ( -1.249999999999999800, 1.530534561345758100E-016, 4.198371151552882100 ) ) ;
#267 = CARTESIAN_POINT ( 'NONE',  ( 1.357050807568877000, -2.492861891654333800E-016, -3.312499999999999100 ) ) ;
#268 = CARTESIAN_POINT ( 'NONE',  ( -0.6785254037844383700, 1.175240473580835500, -0.6458333333333324800 ) ) ;
#269 = CARTESIAN_POINT ( 'NONE',  ( -0.6785254037844382600, 1.175240473580835300, -2.708333333333332100 ) ) ;
#270 = CARTESIAN_POINT ( 'NONE',  ( -1.017788105676658000, -0.5876202367904174200, -0.08333333333333282900 ) ) ;
#271 = ORIENTED_EDGE ( 'NONE', *, *, #897, .T. ) ;
#272 = CARTESIAN_POINT ( 'NONE',  ( -0.1769225575411186600, -1.459989138569523800, 1.326899718380796200 ) ) ;
#273 = CARTESIAN_POINT ( 'NONE',  ( 0.8816504037844380400, -1.527063293868264000, -2.161458333333377400 ) ) ;
#274 = LINE ( 'NONE', #1811, #1614 ) ;
#275 = ORIENTED_EDGE ( 'NONE', *, *, #2103, .T. ) ;
#276 = CARTESIAN_POINT ( 'NONE',  ( -1.017788105676657800, 0.5876202367904177500, -1.104166666666665600 ) ) ;
#277 = MANIFOLD_SOLID_BREP ( 'Revolve2', #2635 ) ;
#278 = AXIS2_PLACEMENT_3D ( 'NONE', #1105, #2063, #2315 ) ;
#279 = VERTEX_POINT ( 'NONE', #646 ) ;
#280 = CARTESIAN_POINT ( 'NONE',  ( -0.6785254037844388200, -1.175240473580835100, -2.541666666666665600 ) ) ;
#281 = ORIENTED_EDGE ( 'NONE', *, *, #2843, .F. ) ;
#282 = CARTESIAN_POINT ( 'NONE',  ( 1.017788105676658200, 0.5876202367904167500, 0.1666666666666674100 ) ) ;
#283 = CARTESIAN_POINT ( 'NONE',  ( -1.181684227929004500, -0.7697090807283865100, 1.291702370226158100 ) ) ;
#284 = CARTESIAN_POINT ( 'NONE',  ( 0.0000000000000000000, 1.527063293868263300, -0.9531250000000441900 ) ) ;
#285 = CARTESIAN_POINT ( 'NONE',  ( 3.103284636243910000E-016, -1.443375672974064300, -2.318813079129866200 ) ) ;
#286 = ORIENTED_EDGE ( 'NONE', *, *, #2646, .F. ) ;
#287 = CARTESIAN_POINT ( 'NONE',  ( 1.017788105676658200, 0.5876202367904167500, 0.6666666666666678500 ) ) ;
#288 = CARTESIAN_POINT ( 'NONE',  ( 0.8660254037844389300, -1.500000000000002000, -0.6458333333333752300 ) ) ;
#289 = CARTESIAN_POINT ( 'NONE',  ( -1.357050807568877000, 8.309539638847779000E-017, -3.062499999999999100 ) ) ;
#290 = EDGE_CURVE ( 'NONE', #1962, #200, #1319, .T. ) ;
#291 = CARTESIAN_POINT ( 'NONE',  ( -1.017788105676658000, -0.5876202367904174200, -1.583333333333332400 ) ) ;
#292 = CARTESIAN_POINT ( 'NONE',  ( -1.017788105676657800, 0.5876202367904177500, 0.3958333333333339800 ) ) ;
#293 = CARTESIAN_POINT ( 'NONE',  ( 0.8816504037844380400, -1.527063293868264000, -0.1614583333333779700 ) ) ;
#294 = DIRECTION ( 'NONE',  ( 0.5000000000000004400, -0.8660254037844384900, 0.0000000000000000000 ) ) ;
#295 = EDGE_LOOP ( 'NONE', ( #60, #2902, #1389, #1742 ) ) ;
#296 = CARTESIAN_POINT ( 'NONE',  ( 0.0000000000000000000, 1.500000000000001300, 0.06249999999995835300 ) ) ;
#297 = CARTESIAN_POINT ( 'NONE',  ( -0.6785254037844383700, 1.175240473580835500, -2.645833333333332600 ) ) ;
#298 = CARTESIAN_POINT ( 'NONE',  ( -0.6785254037844383700, 1.175240473580835500, 0.8541666666666671800 ) ) ;
#299 = CARTESIAN_POINT ( 'NONE',  ( -0.3206984484174449900, -1.248083299479797200, -4.396802288831346500 ) ) ;
#300 = CARTESIAN_POINT ( 'NONE',  ( -1.357050807568876700, 8.309539638847779000E-017, -0.6249999999999987800 ) ) ;
#301 = CARTESIAN_POINT ( 'NONE',  ( -0.6785254037844382600, 1.175240473580835300, 0.3541666666666675700 ) ) ;
#302 = CARTESIAN_POINT ( 'NONE',  ( 0.0000000000000000000, 1.527063293868263300, 0.5468749999999553700 ) ) ;
#303 = CARTESIAN_POINT ( 'NONE',  ( 0.6286471612493972300, 1.159647511395174700, -4.366460391976120000 ) ) ;
#304 = FACE_OUTER_BOUND ( 'NONE', #1526, .T. ) ;
#305 = EDGE_CURVE ( 'NONE', #2715, #394, #2862, .T. ) ;
#306 = CARTESIAN_POINT ( 'NONE',  ( -1.017788105676657800, 0.5876202367904177500, -3.104166666666665600 ) ) ;
#307 = CARTESIAN_POINT ( 'NONE',  ( 0.6785254037844392600, 1.175240473580835100, 1.770833333333334400 ) ) ;
#308 = LINE ( 'NONE', #1215, #342 ) ;
#309 = CARTESIAN_POINT ( 'NONE',  ( -0.6785254037844382600, 1.175240473580835300, -1.208333333333332600 ) ) ;
#310 = FACE_OUTER_BOUND ( 'NONE', #1322, .T. ) ;
#311 = CARTESIAN_POINT ( 'NONE',  ( -1.836970198721031400E-016, -1.500000000000001300, -0.1875000000000418800 ) ) ;
#312 = CARTESIAN_POINT ( 'NONE',  ( -1.870113174931182600E-016, -1.527063293868263300, -0.7031250000000448500 ) ) ;
#313 = EDGE_LOOP ( 'NONE', ( #393, #585, #156, #1275, #697, #902, #1005, #849, #931, #2429, #2424, #2496, #582, #804, #33, #1044, #1393, #1047, #519, #2205, #1439, #2861, #350, #2419, #621, #3106, #356 ) ) ;
#314 = CARTESIAN_POINT ( 'NONE',  ( 1.254312721916793500, 0.2265528782482276700, -4.411246375962623900 ) ) ;
#315 =( BOUNDED_CURVE ( )  B_SPLINE_CURVE ( 2, ( #30, #745, #1243, #2919, #1262, #1271, #1509 ),
 .UNSPECIFIED., .F., .F. ) 
 B_SPLINE_CURVE_WITH_KNOTS ( ( 3, 2, 2, 3 ),
 ( 0.4615384615384615100, 0.4743589743589742800, 0.4871794871794872300, 0.5000000000000000000 ),
 .UNSPECIFIED. ) 
 CURVE ( )  GEOMETRIC_REPRESENTATION_ITEM ( )  RATIONAL_B_SPLINE_CURVE ( ( 1.000000000000000700, 0.8660254037844381500, 1.000000000000000000, 0.8660254037844386000, 1.000000000000000000, 0.8660254037844386000, 1.000000000000000000 ) ) 
 REPRESENTATION_ITEM ( '' )  );
#316 = CARTESIAN_POINT ( 'NONE',  ( -0.6785254037844383700, 1.175240473580835500, -4.708333333333332100 ) ) ;
#317 = ORIENTED_EDGE ( 'NONE', *, *, #1580, .T. ) ;
#318 = CARTESIAN_POINT ( 'NONE',  ( 1.357050807568877000, -2.492861891654333800E-016, -2.812499999999998700 ) ) ;
#319 = ORIENTED_EDGE ( 'NONE', *, *, #1781, .T. ) ;
#320 = VERTEX_POINT ( 'NONE', #1012 ) ;
#321 = CARTESIAN_POINT ( 'NONE',  ( 1.017788105676658200, 0.5876202367904167500, 0.1666666666666674100 ) ) ;
#322 = CARTESIAN_POINT ( 'NONE',  ( -1.870113174931182600E-016, -1.527063293868263300, -3.234374999999953400 ) ) ;
#323 = ORIENTED_EDGE ( 'NONE', *, *, #489, .T. ) ;
#324 = DIRECTION ( 'NONE',  ( -0.0000000000000000000, 1.440390079079711300E-056, -1.000000000000000000 ) ) ;
#325 = CARTESIAN_POINT ( 'NONE',  ( -1.322475605676657800, 0.7635316469341318900, 0.1302083333332886300 ) ) ;
#326 = ADVANCED_FACE ( 'NONE', ( #959 ), #940, .T. ) ;
#327 = PERSON_AND_ORGANIZATION_ROLE ( 'design_supplier' ) ;
#328 = CARTESIAN_POINT ( 'NONE',  ( -1.017788105676658000, -0.5876202367904174200, -2.583333333333332600 ) ) ;
#329 = CARTESIAN_POINT ( 'NONE',  ( -1.439254484199189400E-016, -1.175240473580835300, 0.5625000000000004400 ) ) ;
#330 = CARTESIAN_POINT ( 'NONE',  ( -1.357050807568876700, 8.309539638847779000E-017, 0.3750000000000012200 ) ) ;
#331 = CARTESIAN_POINT ( 'NONE',  ( -1.763300807568877000, 1.079710344961584000E-016, -3.359374999999953400 ) ) ;
#332 = CARTESIAN_POINT ( 'NONE',  ( 0.8816504037844392600, 1.527063293868263100, 1.505208333333289100 ) ) ;
#333 = DIRECTION ( 'NONE',  ( 8.659560562354957500E-017, -0.7071067811865495700, -0.7071067811865454600 ) ) ;
#334 = CARTESIAN_POINT ( 'NONE',  ( -0.6785254037844388200, -1.175240473580835300, -2.041666666666665600 ) ) ;
#335 = ADVANCED_FACE ( 'NONE', ( #1767 ), #2102, .T. ) ;
#336 = APPROVAL_PERSON_ORGANIZATION ( #2024, #2031, #606 ) ;
#337 = LINE ( 'NONE', #1455, #2693 ) ;
#338 = CARTESIAN_POINT ( 'NONE',  ( -1.870113174931182600E-016, -1.527063293868263300, -2.234374999999953800 ) ) ;
#339 = CARTESIAN_POINT ( 'NONE',  ( -1.732050807568879200, 1.060575238724907800E-016, -3.874999999999956000 ) ) ;
#340 = LINE ( 'NONE', #3107, #1650 ) ;
#341 = DIRECTION ( 'NONE',  ( -0.0000000000000000000, 1.440390079079711300E-056, -1.000000000000000000 ) ) ;
#342 = VECTOR ( 'NONE', #1948, 1000.000000000000000 ) ;
#343 = EDGE_CURVE ( 'NONE', #625, #655, #2488, .T. ) ;
#344 = DIRECTION ( 'NONE',  ( -0.0000000000000000000, 1.440390079079711300E-056, -1.000000000000000000 ) ) ;
#345 = CARTESIAN_POINT ( 'NONE',  ( -1.017788105676657800, 0.5876202367904177500, -4.666666666666665200 ) ) ;
#346 = DIRECTION ( 'NONE',  ( -0.0000000000000000000, 1.440390079079711300E-056, -1.000000000000000000 ) ) ;
#347 = VERTEX_POINT ( 'NONE', #1134 ) ;
#348 = DIRECTION ( 'NONE',  ( 1.502314598737160500E-016, 1.000000000000000000, 0.0000000000000000000 ) ) ;
#349 = CARTESIAN_POINT ( 'NONE',  ( 0.8816504037844392600, 1.527063293868263100, -2.526041666666620300 ) ) ;
#350 = ORIENTED_EDGE ( 'NONE', *, *, #569, .F. ) ;
#351 = CARTESIAN_POINT ( 'NONE',  ( 0.0000000000000000000, 1.175240473580835300, -4.500000000000000000 ) ) ;
#352 =( BOUNDED_CURVE ( )  B_SPLINE_CURVE ( 2, ( #2672, #2004, #1233, #996, #1264, #1744, #531 ),
 .UNSPECIFIED., .F., .F. ) 
 B_SPLINE_CURVE_WITH_KNOTS ( ( 3, 2, 2, 3 ),
 ( 0.3846153846153846900, 0.3974358974358974700, 0.4102564102564103000, 0.4230769230769231300 ),
 .UNSPECIFIED. ) 
 CURVE ( )  GEOMETRIC_REPRESENTATION_ITEM ( )  RATIONAL_B_SPLINE_CURVE ( ( 0.9999999999999994400, 0.8660254037844392600, 1.000000000000000000, 0.8660254037844387100, 1.000000000000000000, 0.8660254037844381500, 1.000000000000000700 ) ) 
 REPRESENTATION_ITEM ( '' )  );
#353 = CARTESIAN_POINT ( 'NONE',  ( -1.322475605676657800, 0.7635316469341318900, -3.901041666666620300 ) ) ;
#354 = AXIS2_PLACEMENT_3D ( 'NONE', #1325, #2542, #2789 ) ;
#355 = VERTEX_POINT ( 'NONE', #599 ) ;
#356 = ORIENTED_EDGE ( 'NONE', *, *, #79, .F. ) ;
#357 =( NAMED_UNIT ( * ) SI_UNIT ( $, .STERADIAN. ) SOLID_ANGLE_UNIT ( ) );
#358 = CARTESIAN_POINT ( 'NONE',  ( 1.017788105676658200, 0.5876202367904167500, 1.229166666666667400 ) ) ;
#359 = CARTESIAN_POINT ( 'NONE',  ( -1.053519143052614100, 0.8351261121362132400, 4.278308548877047800 ) ) ;
#360 = CARTESIAN_POINT ( 'NONE',  ( -1.017788105676657800, 0.5876202367904177500, -2.166666666666665600 ) ) ;
#361 = ORIENTED_EDGE ( 'NONE', *, *, #2961, .F. ) ;
#362 = CARTESIAN_POINT ( 'NONE',  ( 0.6785254037844392600, 1.175240473580835100, 1.208333333333333900 ) ) ;
#363 = CARTESIAN_POINT ( 'NONE',  ( 1.322475605676658400, 0.7635316469341306700, -3.067708333333286900 ) ) ;
#364 = CARTESIAN_POINT ( 'NONE',  ( -0.8660254037844407100, -1.499999999999998900, -3.791666666666622600 ) ) ;
#365 = EDGE_CURVE ( 'NONE', #1467, #982, #2985, .T. ) ;
#366 = CARTESIAN_POINT ( 'NONE',  ( 1.732050807568879200, -3.181725716174723500E-016, -0.6249999999999561500 ) ) ;
#367 = CARTESIAN_POINT ( 'NONE',  ( 0.0000000000000000000, 1.500000000000001300, -4.500000000000000900 ) ) ;
#368 = CARTESIAN_POINT ( 'NONE',  ( 0.6785254037844380400, -1.175240473580835700, -3.458333333333332100 ) ) ;
#369 = EDGE_LOOP ( 'NONE', ( #2337, #2039, #83, #2821, #89 ) ) ;
#370 =( BOUNDED_CURVE ( )  B_SPLINE_CURVE ( 2, ( #587, #1332, #3004, #2998, #1591, #1090, #1825 ),
 .UNSPECIFIED., .F., .F. ) 
 B_SPLINE_CURVE_WITH_KNOTS ( ( 3, 2, 2, 3 ),
 ( 0.8461538461538462600, 0.8589743589743590300, 0.8717948717948719200, 0.8846153846153846900 ),
 .UNSPECIFIED. ) 
 CURVE ( )  GEOMETRIC_REPRESENTATION_ITEM ( )  RATIONAL_B_SPLINE_CURVE ( ( 0.9999999999999988900, 0.8660254037844398200, 1.000000000000000000, 0.8660254037844387100, 1.000000000000000000, 0.8660254037844376000, 1.000000000000001100 ) ) 
 REPRESENTATION_ITEM ( '' )  );
#371 = CARTESIAN_POINT ( 'NONE',  ( -0.8816504037844382600, 1.527063293868263300, 0.05729166666671326600 ) ) ;
#372 = CARTESIAN_POINT ( 'NONE',  ( 0.8660254037844389300, -1.500000000000002000, -3.145833333333375700 ) ) ;
#373 = DIRECTION ( 'NONE',  ( 0.0000000000000000000, 1.000000000000000000, 0.0000000000000000000 ) ) ;
#374 = CARTESIAN_POINT ( 'NONE',  ( 0.8660254037844374900, 1.500000000000005800, -4.041666666666623400 ) ) ;
#375 = CARTESIAN_POINT ( 'NONE',  ( 1.017788105676658200, 0.5876202367904167500, -1.333333333333332600 ) ) ;
#376 = DIRECTION ( 'NONE',  ( -0.0000000000000000000, -0.0000000000000000000, 1.000000000000000000 ) ) ;
#377 = FACE_OUTER_BOUND ( 'NONE', #1138, .T. ) ;
#378 = CARTESIAN_POINT ( 'NONE',  ( 0.0000000000000000000, 2.160585118619551800E-057, 4.350000000000001400 ) ) ;
#379 = CARTESIAN_POINT ( 'NONE',  ( 0.0000000000000000000, 2.160585118619551800E-057, 4.350000000000001400 ) ) ;
#380 = CIRCLE ( 'NONE', #1115, 0.1499999999999990800 ) ;
#381 = CARTESIAN_POINT ( 'NONE',  ( 1.763300807568877000, -3.239131034884752100E-016, 0.8906250000000458500 ) ) ;
#382 = CARTESIAN_POINT ( 'NONE',  ( -1.299038105676659300, 0.7500000000000008900, -1.354166666666708300 ) ) ;
#383 = ADVANCED_FACE ( 'NONE', ( #310 ), #2665, .T. ) ;
#384 = CIRCLE ( 'NONE', #217, 1.175240473580835300 ) ;
#385 = CARTESIAN_POINT ( 'NONE',  ( 1.017788105676657600, -0.5876202367904181900, -4.416666666666666100 ) ) ;
#386 = EDGE_CURVE ( 'NONE', #887, #2972, #1751, .T. ) ;
#387 = CARTESIAN_POINT ( 'NONE',  ( 1.017788105676657600, -0.5876202367904181900, -1.416666666666665900 ) ) ;
#388 = ORIENTED_EDGE ( 'NONE', *, *, #343, .F. ) ;
#389 = DIRECTION ( 'NONE',  ( 0.0000000000000000000, -1.440390079079711300E-056, 1.000000000000000000 ) ) ;
#390 = ORIENTED_EDGE ( 'NONE', *, *, #740, .T. ) ;
#391 = CARTESIAN_POINT ( 'NONE',  ( -1.439254484199189400E-016, -1.175240473580835300, 1.000000000000000900 ) ) ;
#392 = CARTESIAN_POINT ( 'NONE',  ( -0.8816504037844389300, -1.527063293868263100, -0.7760416666666205600 ) ) ;
#393 = ORIENTED_EDGE ( 'NONE', *, *, #1621, .T. ) ;
#394 = VERTEX_POINT ( 'NONE', #1108 ) ;
#395 = CARTESIAN_POINT ( 'NONE',  ( 0.0000000000000000000, 4.321170237239132100E-056, 1.500000000000001300 ) ) ;
#396 = ORIENTED_EDGE ( 'NONE', *, *, #1505, .F. ) ;
#397 = CARTESIAN_POINT ( 'NONE',  ( -1.017788105676658000, -0.5876202367904174200, 1.479166666666667600 ) ) ;
#398 = CARTESIAN_POINT ( 'NONE',  ( -0.6785254037844382600, 1.175240473580835300, -3.645833333333333000 ) ) ;
#399 = CARTESIAN_POINT ( 'NONE',  ( 1.017788105676658200, 0.5876202367904167500, -0.3333333333333322000 ) ) ;
#400 = DIRECTION ( 'NONE',  ( -0.0000000000000000000, 1.440390079079711300E-056, -1.000000000000000000 ) ) ;
#401 = CARTESIAN_POINT ( 'NONE',  ( 0.8816504037844392600, 1.527063293868263100, 0.9739583333333794400 ) ) ;
#402 = ORIENTED_EDGE ( 'NONE', *, *, #365, .T. ) ;
#403 = CARTESIAN_POINT ( 'NONE',  ( 0.6785254037844392600, 1.175240473580835100, -1.729166666666665600 ) ) ;
#404 = DIRECTION ( 'NONE',  ( 0.0000000000000000000, 1.000000000000000000, 0.0000000000000000000 ) ) ;
#405 = CARTESIAN_POINT ( 'NONE',  ( 0.8660254037844403700, 1.500000000000001300, 0.5208333333332916300 ) ) ;
#406 = EDGE_CURVE ( 'NONE', #1968, #1849, #1920, .T. ) ;
#407 = CARTESIAN_POINT ( 'NONE',  ( -1.017788105676657800, 0.5876202367904177500, -4.666666666666665200 ) ) ;
#408 = CARTESIAN_POINT ( 'NONE',  ( -1.017788105676658000, -0.5876202367904174200, -3.520833333333332600 ) ) ;
#409 = CARTESIAN_POINT ( 'NONE',  ( -0.6785254037844388200, -1.175240473580835300, -0.5416666666666659600 ) ) ;
#410 =( BOUNDED_CURVE ( )  B_SPLINE_CURVE ( 2, ( #311, #2572, #1611, #858, #2266, #2020, #558 ),
 .UNSPECIFIED., .F., .F. ) 
 B_SPLINE_CURVE_WITH_KNOTS ( ( 3, 2, 2, 3 ),
 ( 0.2692307692307692200, 0.2820512820512819900, 0.2948717948717948200, 0.3076923076923077100 ),
 .UNSPECIFIED. ) 
 CURVE ( )  GEOMETRIC_REPRESENTATION_ITEM ( )  RATIONAL_B_SPLINE_CURVE ( ( 1.000000000000000700, 0.8660254037844381500, 1.000000000000000000, 0.8660254037844386000, 1.000000000000000000, 0.8660254037844386000, 1.000000000000000000 ) ) 
 REPRESENTATION_ITEM ( '' )  );
#411 = DIRECTION ( 'NONE',  ( 0.0000000000000000000, -1.000000000000000000, -1.281975124255724200E-016 ) ) ;
#412 = CARTESIAN_POINT ( 'NONE',  ( -1.732050807568879400, 1.060575238724908000E-016, -2.812500000000042200 ) ) ;
#413 = CARTESIAN_POINT ( 'NONE',  ( 0.0000000000000000000, 1.527063293868263300, 0.5156250000000464100 ) ) ;
#414 = CARTESIAN_POINT ( 'NONE',  ( -1.439254484199189400E-016, -1.175240473580835300, -1.437499999999999100 ) ) ;
#415 = DIRECTION ( 'NONE',  ( 1.502314598737160500E-016, 1.000000000000000000, 1.440390079079711300E-056 ) ) ;
#416 = VECTOR ( 'NONE', #566, 1000.000000000000000 ) ;
#417 = CARTESIAN_POINT ( 'NONE',  ( 0.0000000000000000000, 1.500000000000001600, -3.999999999999956000 ) ) ;
#418 = CARTESIAN_POINT ( 'NONE',  ( 0.6785254037844392600, 1.175240473580835100, -3.291666666666665600 ) ) ;
#419 = VECTOR ( 'NONE', #1644, 1000.000000000000000 ) ;
#420 = CARTESIAN_POINT ( 'NONE',  ( -1.357050807568876700, 8.309539638847779000E-017, -4.062499999999999100 ) ) ;
#421 = CARTESIAN_POINT ( 'NONE',  ( 1.017788105676657600, -0.5876202367904181900, 0.5833333333333341500 ) ) ;
#422 = LINE ( 'NONE', #2728, #2485 ) ;
#423 = CARTESIAN_POINT ( 'NONE',  ( -1.439254484199189400E-016, -1.175240473580835300, -2.937499999999999100 ) ) ;
#424 = ORIENTED_EDGE ( 'NONE', *, *, #1173, .T. ) ;
#425 = EDGE_CURVE ( 'NONE', #527, #427, #1995, .T. ) ;
#426 = CARTESIAN_POINT ( 'NONE',  ( -1.836970198721031200E-016, -1.500000000000001600, -1.249999999999956300 ) ) ;
#427 = VERTEX_POINT ( 'NONE', #3048 ) ;
#428 = CARTESIAN_POINT ( 'NONE',  ( 0.0000000000000000000, 1.175240473580835300, -2.749999999999999100 ) ) ;
#429 = CARTESIAN_POINT ( 'NONE',  ( -0.6785254037844382600, 1.175240473580835300, -3.145833333333332600 ) ) ;
#430 = CARTESIAN_POINT ( 'NONE',  ( -0.6785254037844388200, -1.175240473580835300, 1.458333333333334400 ) ) ;
#431 = ORIENTED_EDGE ( 'NONE', *, *, #2905, .F. ) ;
#432 = CARTESIAN_POINT ( 'NONE',  ( -1.836970198721031400E-016, -1.500000000000001300, -3.187500000000041700 ) ) ;
#433 = ORIENTED_EDGE ( 'NONE', *, *, #1191, .F. ) ;
#434 = CARTESIAN_POINT ( 'NONE',  ( 0.8660254037844432600, -1.499999999999994400, 1.291666666666710500 ) ) ;
#435 = CARTESIAN_POINT ( 'NONE',  ( -0.8816504037844389300, -1.527063293868263100, 1.723958333333379400 ) ) ;
#436 = CARTESIAN_POINT ( 'NONE',  ( -0.6785254037844383700, 1.175240473580835500, -1.145833333333332400 ) ) ;
#437 = CARTESIAN_POINT ( 'NONE',  ( -0.8660254037844356000, -1.500000000000008900, -0.7916666666666225500 ) ) ;
#438 = CARTESIAN_POINT ( 'NONE',  ( 0.5764527459528755400, -1.383710135848754500, 1.346724555342309900 ) ) ;
#439 = B_SPLINE_CURVE_WITH_KNOTS ( 'NONE', 3,
 ( #1350, #2800, #1857, #1382 ),
 .UNSPECIFIED., .F., .F.,
 ( 4, 4 ),
 ( 0.001512921290015668600, 0.002260257827930993200 ),
 .UNSPECIFIED. ) ;
#440 = CARTESIAN_POINT ( 'NONE',  ( -1.017788105676657800, 0.5876202367904177500, -1.666666666666665600 ) ) ;
#441 = CARTESIAN_POINT ( 'NONE',  ( 1.017788105676657600, -0.5876202367904181900, -4.354166666666666100 ) ) ;
#442 = CARTESIAN_POINT ( 'NONE',  ( -1.322475605676657800, -0.7635316469341314500, -4.786458333333377400 ) ) ;
#443 = CARTESIAN_POINT ( 'NONE',  ( -0.1844939139510884400, -1.486571006294682900, -4.188669467286151100 ) ) ;
#444 = CARTESIAN_POINT ( 'NONE',  ( 0.0000000000000000000, -6.481755355858701300E-056, 4.500000000000000900 ) ) ;
#445 = CARTESIAN_POINT ( 'NONE',  ( -1.299038105676659300, -0.7500000000000003300, -0.7708333333333752300 ) ) ;
#446 = CARTESIAN_POINT ( 'NONE',  ( -1.017788105676657800, 0.5876202367904177500, -3.604166666666665600 ) ) ;
#447 = DIRECTION ( 'NONE',  ( -0.0000000000000000000, 1.440390079079711300E-056, -1.000000000000000000 ) ) ;
#448 = EDGE_CURVE ( 'NONE', #545, #2343, #2213, .T. ) ;
#449 = CARTESIAN_POINT ( 'NONE',  ( -1.357050807568877000, 8.309539638847779000E-017, -1.624999999999999300 ) ) ;
#450 = CARTESIAN_POINT ( 'NONE',  ( -0.6785254037844388200, -1.175240473580835100, -1.479166666666665600 ) ) ;
#451 =( BOUNDED_CURVE ( )  B_SPLINE_CURVE ( 2, ( #2167, #2666, #459, #493, #2894, #2412, #1226 ),
 .UNSPECIFIED., .F., .F. ) 
 B_SPLINE_CURVE_WITH_KNOTS ( ( 3, 2, 2, 3 ),
 ( 0.3076923076923077600, 0.3205128205128206000, 0.3333333333333333100, 0.3461538461538461500 ),
 .UNSPECIFIED. ) 
 CURVE ( )  GEOMETRIC_REPRESENTATION_ITEM ( )  RATIONAL_B_SPLINE_CURVE ( ( 0.9999999999999994400, 0.8660254037844392600, 1.000000000000000000, 0.8660254037844387100, 1.000000000000000000, 0.8660254037844387100, 1.000000000000000000 ) ) 
 REPRESENTATION_ITEM ( '' )  );
#452 = CARTESIAN_POINT ( 'NONE',  ( -1.017788105676658000, -0.5876202367904174200, 0.9166666666666671800 ) ) ;
#453 = CARTESIAN_POINT ( 'NONE',  ( -0.8580011907544740100, -1.185362104003030900, -4.214860533609552800 ) ) ;
#454 = DIRECTION ( 'NONE',  ( -0.0000000000000000000, 1.440390079079711300E-056, -1.000000000000000000 ) ) ;
#455 = CARTESIAN_POINT ( 'NONE',  ( 0.0000000000000000000, 1.175240473580835300, -4.687499999999999100 ) ) ;
#456 = VECTOR ( 'NONE', #1906, 1000.000000000000000 ) ;
#457 = CARTESIAN_POINT ( 'NONE',  ( -1.017788105676657800, 0.5876202367904177500, -3.104166666666665600 ) ) ;
#458 = CARTESIAN_POINT ( 'NONE',  ( 0.0000000000000000000, 1.175240473580835300, -0.6874999999999988900 ) ) ;
#459 = CARTESIAN_POINT ( 'NONE',  ( -1.299038105676659300, 0.7500000000000008900, -2.416666666666622600 ) ) ;
#460 = DIRECTION ( 'NONE',  ( 0.0000000000000000000, 1.000000000000000000, 0.0000000000000000000 ) ) ;
#461 = B_SPLINE_CURVE_WITH_KNOTS ( 'NONE', 3,
 ( #2857, #438, #2868, #3074, #685, #2627 ),
 .UNSPECIFIED., .F., .F.,
 ( 4, 2, 4 ),
 ( 4.848699518061080300E-019, 0.0003505654568515870500, 0.0007011309137031735600 ),
 .UNSPECIFIED. ) ;
#462 = CARTESIAN_POINT ( 'NONE',  ( 1.017788105676657600, -0.5876202367904181900, -1.916666666666665900 ) ) ;
#463 = CARTESIAN_POINT ( 'NONE',  ( -1.017788105676658000, -0.5876202367904174200, -0.5208333333333323700 ) ) ;
#464 = CARTESIAN_POINT ( 'NONE',  ( 0.0000000000000000000, 1.175240473580835300, 1.750000000000000700 ) ) ;
#465 = DIRECTION ( 'NONE',  ( -0.4999999999999999400, -0.8660254037844387100, 0.0000000000000000000 ) ) ;
#466 = FACE_OUTER_BOUND ( 'NONE', #313, .T. ) ;
#467 = CARTESIAN_POINT ( 'NONE',  ( -1.017788105676658000, -0.5876202367904174200, -3.520833333333332600 ) ) ;
#468 = EDGE_CURVE ( 'NONE', #2772, #1968, #1802, .T. ) ;
#469 = ORIENTED_EDGE ( 'NONE', *, *, #120, .F. ) ;
#470 = CARTESIAN_POINT ( 'NONE',  ( -0.8660254037844399300, -1.500000000000001300, -3.229166666666709200 ) ) ;
#471 = CARTESIAN_POINT ( 'NONE',  ( 1.017788105676657600, -0.5876202367904181900, -4.416666666666666100 ) ) ;
#472 = ORIENTED_EDGE ( 'NONE', *, *, #2391, .F. ) ;
#473 = CARTESIAN_POINT ( 'NONE',  ( 0.6785254037844380400, -1.175240473580835700, -0.9583333333333322600 ) ) ;
#474 = CARTESIAN_POINT ( 'NONE',  ( 0.0000000000000000000, 1.175240473580835300, -0.6874999999999988900 ) ) ;
#475 = CARTESIAN_POINT ( 'NONE',  ( -1.763300807568877000, 1.079710344961584000E-016, -3.828125000000044400 ) ) ;
#476 = CARTESIAN_POINT ( 'NONE',  ( -1.412646249963144700, -0.2489328073545368500, -4.252978751057178800 ) ) ;
#477 = ORIENTED_EDGE ( 'NONE', *, *, #25, .F. ) ;
#478 = CARTESIAN_POINT ( 'NONE',  ( -1.836970198721031400E-016, -1.500000000000001300, -2.687500000000041700 ) ) ;
#479 = CARTESIAN_POINT ( 'NONE',  ( 0.6785254037844392600, 1.175240473580835100, -1.229166666666665900 ) ) ;
#480 = CARTESIAN_POINT ( 'NONE',  ( 0.8660254037844448100, 1.499999999999994000, -3.979166666666709200 ) ) ;
#481 = CARTESIAN_POINT ( 'NONE',  ( -1.439254484199189400E-016, -1.175240473580835300, -3.999999999999999100 ) ) ;
#482 = AXIS2_PLACEMENT_3D ( 'NONE', #2959, #1809, #1566 ) ;
#483 = B_SPLINE_CURVE_WITH_KNOTS ( 'NONE', 3,
 ( #2802, #170, #613, #2578 ),
 .UNSPECIFIED., .F., .F.,
 ( 4, 4 ),
 ( 2.146201752057999300E-017, 0.0002431180028854262600 ),
 .UNSPECIFIED. ) ;
#484 = CARTESIAN_POINT ( 'NONE',  ( -0.6785254037844383700, 1.175240473580835500, -2.208333333333332600 ) ) ;
#485 = CARTESIAN_POINT ( 'NONE',  ( -0.6785254037844382600, 1.175240473580835300, -0.1458333333333320400 ) ) ;
#486 = ORIENTED_EDGE ( 'NONE', *, *, #2143, .F. ) ;
#487 = CARTESIAN_POINT ( 'NONE',  ( 0.0000000000000000000, 1.527063293868263300, -2.453125000000044400 ) ) ;
#488 = CARTESIAN_POINT ( 'NONE',  ( -1.374771283976265800, -0.4318766620713404000, -4.246265466261869300 ) ) ;
#489 = EDGE_CURVE ( 'NONE', #982, #1467, #2809, .T. ) ;
#490 = CARTESIAN_POINT ( 'NONE',  ( -1.299038105676659300, -0.7500000000000004400, -3.333333333333289500 ) ) ;
#491 = CARTESIAN_POINT ( 'NONE',  ( -1.439254484199189400E-016, -1.175240473580835300, -3.437499999999998700 ) ) ;
#492 = CARTESIAN_POINT ( 'NONE',  ( 0.0000000000000000000, 1.175240473580835300, -0.1874999999999993100 ) ) ;
#493 = CARTESIAN_POINT ( 'NONE',  ( -1.732050807568879200, 1.060575238724907800E-016, -2.374999999999956500 ) ) ;
#494 = CARTESIAN_POINT ( 'NONE',  ( 0.0000000000000000000, 1.175240473580835300, -3.249999999999999100 ) ) ;
#495 = APPROVAL_PERSON_ORGANIZATION ( #190, #2421, #840 ) ;
#496 = FACE_OUTER_BOUND ( 'NONE', #967, .T. ) ;
#497 = CARTESIAN_POINT ( 'NONE',  ( -1.357050807568876700, 8.309539638847779000E-017, -0.5624999999999987800 ) ) ;
#498 = CARTESIAN_POINT ( 'NONE',  ( -0.8816504037844389300, -1.527063293868263100, -1.244791666666711400 ) ) ;
#499 = CARTESIAN_POINT ( 'NONE',  ( 0.8616491584824992300, -1.179052947606721700, -4.231492511271180300 ) ) ;
#500 = FACE_OUTER_BOUND ( 'NONE', #295, .T. ) ;
#501 = CARTESIAN_POINT ( 'NONE',  ( -1.836970198721031200E-016, -1.500000000000001600, 0.2500000000000436900 ) ) ;
#502 = CARTESIAN_POINT ( 'NONE',  ( -1.357050807568877000, 8.309539638847779000E-017, -4.562499999999998200 ) ) ;
#503 = VERTEX_POINT ( 'NONE', #2122 ) ;
#504 = CARTESIAN_POINT ( 'NONE',  ( 0.6785254037844380400, -1.175240473580835700, -1.895833333333332100 ) ) ;
#505 = AXIS2_PLACEMENT_3D ( 'NONE', #3076, #675, #1175 ) ;
#506 = CARTESIAN_POINT ( 'NONE',  ( 0.0000000000000000000, 1.500000000000001300, -3.937500000000041700 ) ) ;
#507 = CARTESIAN_POINT ( 'NONE',  ( 1.017788105676657600, -0.5876202367904181900, -0.4166666666666658500 ) ) ;
#508 = ORIENTED_EDGE ( 'NONE', *, *, #740, .F. ) ;
#509 = CARTESIAN_POINT ( 'NONE',  ( 0.8816504037844392600, 1.527063293868263100, -1.994791666666711100 ) ) ;
#510 = ORIENTED_EDGE ( 'NONE', *, *, #1946, .F. ) ;
#511 = CARTESIAN_POINT ( 'NONE',  ( -0.8660254037844393700, 1.500000000000001100, 0.5416666666667103700 ) ) ;
#512 = ORIENTED_EDGE ( 'NONE', *, *, #914, .F. ) ;
#513 = CARTESIAN_POINT ( 'NONE',  ( -1.836970198721031400E-016, -1.500000000000001300, 0.8124999999999582600 ) ) ;
#514 = ORIENTED_EDGE ( 'NONE', *, *, #672, .T. ) ;
#515 = CARTESIAN_POINT ( 'NONE',  ( 1.017788105676657600, -0.5876202367904181900, -3.354166666666666100 ) ) ;
#516 = CARTESIAN_POINT ( 'NONE',  ( 0.6785254037844392600, 1.175240473580835100, -1.729166666666665600 ) ) ;
#517 =( BOUNDED_CURVE ( )  B_SPLINE_CURVE ( 2, ( #2547, #127, #113, #1834, #1280, #1033, #1774 ),
 .UNSPECIFIED., .F., .T. ) 
 B_SPLINE_CURVE_WITH_KNOTS ( ( 3, 2, 2, 3 ),
 ( 0.4230769230769231300, 0.4358974358974359600, 0.4487179487179487300, 0.4615384615384615600 ),
 .UNSPECIFIED. ) 
 CURVE ( )  GEOMETRIC_REPRESENTATION_ITEM ( )  RATIONAL_B_SPLINE_CURVE ( ( 0.9999999999999994400, 0.8660254037844392600, 1.000000000000000000, 0.8660254037844387100, 1.000000000000000000, 0.8660254037844387100, 1.000000000000000000 ) ) 
 REPRESENTATION_ITEM ( '' )  );
#518 = EDGE_CURVE ( 'NONE', #673, #279, #1198, .T. ) ;
#519 = ORIENTED_EDGE ( 'NONE', *, *, #1885, .F. ) ;
#520 = CARTESIAN_POINT ( 'NONE',  ( 0.6785254037844380400, -1.175240473580835500, -2.458333333333332100 ) ) ;
#521 = CARTESIAN_POINT ( 'NONE',  ( 0.6785254037844380400, -1.175240473580835500, 0.1041666666666673400 ) ) ;
#522 = CARTESIAN_POINT ( 'NONE',  ( 1.322475605676657300, -0.7635316469341323400, -2.119791666666711400 ) ) ;
#523 = DIRECTION ( 'NONE',  ( 0.0000000000000000000, 1.000000000000000000, 0.0000000000000000000 ) ) ;
#524 = AXIS2_PLACEMENT_3D ( 'NONE', #2141, #1377, #1148 ) ;
#525 = DIRECTION ( 'NONE',  ( 0.0000000000000000000, 1.000000000000000000, 0.0000000000000000000 ) ) ;
#526 = CARTESIAN_POINT ( 'NONE',  ( -1.017788105676658000, -0.5876202367904174200, -1.020833333333332400 ) ) ;
#527 = VERTEX_POINT ( 'NONE', #678 ) ;
#528 = CARTESIAN_POINT ( 'NONE',  ( -1.017788105676657800, 0.5876202367904177500, -1.666666666666665600 ) ) ;
#529 = CARTESIAN_POINT ( 'NONE',  ( -1.439254484199189400E-016, -1.175240473580835300, 1.062500000000000900 ) ) ;
#530 = CARTESIAN_POINT ( 'NONE',  ( 0.8816504037844392600, 1.527063293868263100, -2.994791666666711400 ) ) ;
#531 = CARTESIAN_POINT ( 'NONE',  ( -1.836970198721031200E-016, -1.500000000000001600, -1.749999999999956300 ) ) ;
#532 = EDGE_CURVE ( 'NONE', #2223, #394, #78, .T. ) ;
#533 = CARTESIAN_POINT ( 'NONE',  ( 0.0000000000000000000, 1.296351071171740300E-055, -4.500000000000000900 ) ) ;
#534 = DIRECTION ( 'NONE',  ( -0.7071067811865487900, 8.659560562354948900E-017, 0.7071067811865463500 ) ) ;
#535 = ADVANCED_FACE ( 'NONE', ( #50 ), #2516, .T. ) ;
#536 = CARTESIAN_POINT ( 'NONE',  ( -0.6785254037844382600, 1.175240473580835300, -2.208333333333332600 ) ) ;
#537 = LINE ( 'NONE', #743, #193 ) ;
#538 = CARTESIAN_POINT ( 'NONE',  ( -0.6785254037844383700, 1.175240473580835500, 0.2916666666666675200 ) ) ;
#539 = DIRECTION ( 'NONE',  ( 1.060575238724903700E-016, 0.8660254037844361500, 0.5000000000000043300 ) ) ;
#540 = CARTESIAN_POINT ( 'NONE',  ( 1.322475605676658400, 0.7635316469341306700, 0.9635416666666221100 ) ) ;
#541 = VECTOR ( 'NONE', #1859, 1000.000000000000100 ) ;
#542 = CARTESIAN_POINT ( 'NONE',  ( 0.0000000000000000000, 1.296351071171740300E-055, -4.500000000000000900 ) ) ;
#543 = CARTESIAN_POINT ( 'NONE',  ( 0.8660254037844403700, 1.500000000000001300, -2.479166666666708700 ) ) ;
#544 = CARTESIAN_POINT ( 'NONE',  ( 0.0000000000000000000, 1.175240473580835300, 0.3125000000000011700 ) ) ;
#545 = VERTEX_POINT ( 'NONE', #3059 ) ;
#546 = CARTESIAN_POINT ( 'NONE',  ( -1.439254484199189400E-016, -1.175240473580835300, -0.4999999999999995600 ) ) ;
#547 = ORIENTED_EDGE ( 'NONE', *, *, #1459, .F. ) ;
#548 = CARTESIAN_POINT ( 'NONE',  ( 0.0000000000000000000, -1.873300550168571900E-016, 0.4839745962155525000 ) ) ;
#549 = CARTESIAN_POINT ( 'NONE',  ( 0.8816504037844392600, 1.527063293868263100, 0.005208333333288523400 ) ) ;
#550 = CARTESIAN_POINT ( 'NONE',  ( 1.220666826871185800, 0.3897850095641394200, -4.404517514328941500 ) ) ;
#551 = ORIENTED_EDGE ( 'NONE', *, *, #305, .T. ) ;
#552 = ORIENTED_EDGE ( 'NONE', *, *, #2989, .F. ) ;
#553 = CARTESIAN_POINT ( 'NONE',  ( 1.017788105676657600, -0.5876202367904181900, -2.854166666666665600 ) ) ;
#554 = EDGE_LOOP ( 'NONE', ( #3058, #1629, #778, #2935, #2589, #361, #2773, #916, #1159, #1508, #2758, #477, #2230, #169, #1880, #3030, #925, #2667, #2041, #1846, #1886, #1267, #1652, #1843, #2000, #286, #510, #2630, #100, #2379 ) ) ;
#555 = EDGE_CURVE ( 'NONE', #1074, #2638, #2302, .T. ) ;
#556 = CARTESIAN_POINT ( 'NONE',  ( 1.017788105676657600, -0.5876202367904181900, 1.145833333333333700 ) ) ;
#557 = CARTESIAN_POINT ( 'NONE',  ( -1.017788105676657800, 0.5876202367904177500, 0.3333333333333339300 ) ) ;
#558 = CARTESIAN_POINT ( 'NONE',  ( 0.0000000000000000000, 1.500000000000001300, -0.4375000000000420800 ) ) ;
#559 = CARTESIAN_POINT ( 'NONE',  ( 0.8816504037844380400, -1.527063293868264000, -0.6614583333333776700 ) ) ;
#560 = DIRECTION ( 'NONE',  ( 0.0000000000000000000, 1.000000000000000000, 0.0000000000000000000 ) ) ;
#561 = VERTEX_POINT ( 'NONE', #2850 ) ;
#562 = VERTEX_POINT ( 'NONE', #432 ) ;
#563 = CARTESIAN_POINT ( 'NONE',  ( -1.732050807568879200, 1.060575238724907800E-016, -1.374999999999956500 ) ) ;
#564 = CARTESIAN_POINT ( 'NONE',  ( -1.322475605676657800, 0.7635316469341318900, -1.901041666666620300 ) ) ;
#565 = CARTESIAN_POINT ( 'NONE',  ( -1.322475605676657800, 0.7635316469341318900, -0.3697916666667109300 ) ) ;
#566 = DIRECTION ( 'NONE',  ( -0.0000000000000000000, 1.440390079079711300E-056, -1.000000000000000000 ) ) ;
#567 = LOCAL_TIME ( 8, 39, 44.00000000000000000, #1568 ) ;
#568 = CIRCLE ( 'NONE', #803, 2.750000000000000000 ) ;
#569 = EDGE_CURVE ( 'NONE', #2987, #427, #1653, .T. ) ;
#570 = CARTESIAN_POINT ( 'NONE',  ( 1.357050807568877000, -2.492861891654333800E-016, -3.874999999999999100 ) ) ;
#571 = CARTESIAN_POINT ( 'NONE',  ( -1.439254484199189400E-016, -1.175240473580835300, 0.06250000000000091600 ) ) ;
#572 = CARTESIAN_POINT ( 'NONE',  ( 0.0000000000000000000, 1.500000000000002700, 1.350000000000001400 ) ) ;
#573 = LINE ( 'NONE', #2911, #154 ) ;
#574 = CARTESIAN_POINT ( 'NONE',  ( 1.763300807568877000, -3.239131034884752100E-016, -3.609374999999953800 ) ) ;
#575 = ADVANCED_FACE ( 'NONE', ( #733 ), #1035, .T. ) ;
#576 = VERTEX_POINT ( 'NONE', #1415 ) ;
#577 = CARTESIAN_POINT ( 'NONE',  ( 1.225117147550177900, -0.2670629948233020900, -4.432067794837474000 ) ) ;
#578 = APPLICATION_CONTEXT ( 'configuration controlled 3d designs of mechanical parts and assemblies' ) ;
#579 = CARTESIAN_POINT ( 'NONE',  ( -1.017788105676657800, 0.5876202367904177500, -3.166666666666665600 ) ) ;
#580 = ORIENTED_EDGE ( 'NONE', *, *, #869, .T. ) ;
#581 = CARTESIAN_POINT ( 'NONE',  ( 0.0000000000000000000, 1.296351071171740300E-055, -4.500000000000000900 ) ) ;
#582 = ORIENTED_EDGE ( 'NONE', *, *, #1058, .F. ) ;
#583 = CARTESIAN_POINT ( 'NONE',  ( -1.017788105676658000, -0.5876202367904174200, 0.4166666666666676300 ) ) ;
#584 = CARTESIAN_POINT ( 'NONE',  ( 0.0000000000000000000, 1.527063293868263300, -1.984374999999953600 ) ) ;
#585 = ORIENTED_EDGE ( 'NONE', *, *, #1746, .T. ) ;
#586 = CARTESIAN_POINT ( 'NONE',  ( -1.017788105676657800, 0.5876202367904177500, -2.604166666666665600 ) ) ;
#587 = CARTESIAN_POINT ( 'NONE',  ( 0.0000000000000000000, 1.500000000000001600, 1.000000000000043300 ) ) ;
#588 = CARTESIAN_POINT ( 'NONE',  ( 0.8660254037844432600, -1.499999999999994400, -0.7083333333332889600 ) ) ;
#589 = CARTESIAN_POINT ( 'NONE',  ( -0.1964808569473857300, -1.329937397324882900, 4.278308548877048700 ) ) ;
#590 = CARTESIAN_POINT ( 'NONE',  ( 1.017788105676657600, -0.5876202367904181900, -4.416666666666666100 ) ) ;
#591 = CARTESIAN_POINT ( 'NONE',  ( 0.8660254037844380400, 1.500000000000004700, -2.041666666666622100 ) ) ;
#592 = CARTESIAN_POINT ( 'NONE',  ( -1.249999999999999800, 0.6099678444218478200, 4.335886828494353500 ) ) ;
#593 = CARTESIAN_POINT ( 'NONE',  ( 0.0000000000000000000, 1.527063293868263300, -1.484374999999953600 ) ) ;
#594 = CARTESIAN_POINT ( 'NONE',  ( 0.0000000000000000000, 1.500000000000001300, -3.937500000000041700 ) ) ;
#595 = PERSON_AND_ORGANIZATION_ROLE ( 'classification_officer' ) ;
#596 = DIRECTION ( 'NONE',  ( -0.0000000000000000000, 1.440390079079711300E-056, -1.000000000000000000 ) ) ;
#597 = CARTESIAN_POINT ( 'NONE',  ( -1.017788105676658000, -0.5876202367904174200, -3.583333333333332600 ) ) ;
#598 = DIRECTION ( 'NONE',  ( 0.0000000000000000000, 1.000000000000000000, 0.0000000000000000000 ) ) ;
#599 = CARTESIAN_POINT ( 'NONE',  ( 4.336808689942017700E-016, -1.443375672974064300, 2.500000000000000400 ) ) ;
#600 = VERTEX_POINT ( 'NONE', #206 ) ;
#601 =( BOUNDED_CURVE ( )  B_SPLINE_CURVE ( 2, ( #2088, #130, #1837, #339, #1817, #364, #116 ),
 .UNSPECIFIED., .F., .F. ) 
 B_SPLINE_CURVE_WITH_KNOTS ( ( 3, 2, 2, 3 ),
 ( 0.07692307692307699700, 0.08974358974358978600, 0.1025641025641025600, 0.1153846153846153600 ),
 .UNSPECIFIED. ) 
 CURVE ( )  GEOMETRIC_REPRESENTATION_ITEM ( )  RATIONAL_B_SPLINE_CURVE ( ( 0.9999999999999992200, 0.8660254037844394800, 1.000000000000000000, 0.8660254037844387100, 1.000000000000000000, 0.8660254037844390400, 0.9999999999999996700 ) ) 
 REPRESENTATION_ITEM ( '' )  );
#602 = CARTESIAN_POINT ( 'NONE',  ( 1.322475605676657300, -0.7635316469341323400, -3.151041666666620800 ) ) ;
#603 = CARTESIAN_POINT ( 'NONE',  ( -1.439254484199189400E-016, -1.175240473580835300, -2.437499999999999100 ) ) ;
#604 = VECTOR ( 'NONE', #2563, 1000.000000000000000 ) ;
#605 = CARTESIAN_POINT ( 'NONE',  ( 1.049523301869558900, 0.5288582131113454000, 1.162499999999999000 ) ) ;
#606 = APPROVAL_ROLE ( '' ) ;
#607 = CIRCLE ( 'NONE', #662, 1.500000000000000000 ) ;
#608 = EDGE_CURVE ( 'NONE', #545, #2342, #2410, .T. ) ;
#609 = CARTESIAN_POINT ( 'NONE',  ( 1.204193495294486400, -0.8943813649056270300, -4.175240473580833700 ) ) ;
#610 = CARTESIAN_POINT ( 'NONE',  ( -1.017788105676657800, 0.5876202367904177500, -2.666666666666665600 ) ) ;
#611 = CARTESIAN_POINT ( 'NONE',  ( -1.836970198721031200E-016, -1.500000000000001600, -2.249999999999956000 ) ) ;
#612 = DIRECTION ( 'NONE',  ( 0.0000000000000000000, 1.000000000000000000, 0.0000000000000000000 ) ) ;
#613 = CARTESIAN_POINT ( 'NONE',  ( 0.08096564454299291800, -1.494710258218022900, -4.180530215362810300 ) ) ;
#614 = CARTESIAN_POINT ( 'NONE',  ( 1.763300807568877000, -3.239131034884752100E-016, 0.3906250000000463000 ) ) ;
#615 = EDGE_LOOP ( 'NONE', ( #3027, #1541, #663, #2858 ) ) ;
#616 = CARTESIAN_POINT ( 'NONE',  ( 1.017788105676658200, 0.5876202367904167500, -2.270833333333332100 ) ) ;
#617 = CARTESIAN_POINT ( 'NONE',  ( -0.8375748887950174000, 0.9977985874212465000, 1.234354239261162200 ) ) ;
#618 = CARTESIAN_POINT ( 'NONE',  ( 0.8816504037844380400, -1.527063293868264000, -4.192708333333287700 ) ) ;
#619 = ORIENTED_EDGE ( 'NONE', *, *, #2046, .F. ) ;
#620 = CARTESIAN_POINT ( 'NONE',  ( 1.017788105676658200, 0.5876202367904167500, -0.8333333333333325900 ) ) ;
#621 = ORIENTED_EDGE ( 'NONE', *, *, #1558, .F. ) ;
#622 = CARTESIAN_POINT ( 'NONE',  ( 0.8660254037844388200, -1.500000000000002200, -2.208333333333289500 ) ) ;
#623 = ADVANCED_FACE ( 'NONE', ( #1276 ), #1957, .T. ) ;
#624 = CARTESIAN_POINT ( 'NONE',  ( 0.6785254037844380400, -1.175240473580835700, 1.041666666666667400 ) ) ;
#625 = VERTEX_POINT ( 'NONE', #478 ) ;
#626 = CARTESIAN_POINT ( 'NONE',  ( -1.299038105676659300, 0.7500000000000008900, -2.854166666666708300 ) ) ;
#627 = CARTESIAN_POINT ( 'NONE',  ( 0.8816504037844380400, -1.527063293868264000, 1.307291666666712700 ) ) ;
#628 = CARTESIAN_POINT ( 'NONE',  ( 0.6785254037844380400, -1.175240473580835700, -2.395833333333332600 ) ) ;
#629 = CARTESIAN_POINT ( 'NONE',  ( 1.299038105676658900, -0.7500000000000013300, 0.3333333333333773900 ) ) ;
#630 = EDGE_CURVE ( 'NONE', #2972, #2044, #2072, .T. ) ;
#631 = CARTESIAN_POINT ( 'NONE',  ( -0.6785254037844388200, -1.175240473580835300, 1.520833333333334100 ) ) ;
#632 = CARTESIAN_POINT ( 'NONE',  ( 0.0000000000000000000, 1.500000000000001600, -3.999999999999956000 ) ) ;
#633 = CARTESIAN_POINT ( 'NONE',  ( -1.357050807568877000, 8.309539638847779000E-017, 0.3750000000000012200 ) ) ;
#634 = DIRECTION ( 'NONE',  ( 0.0000000000000000000, 1.000000000000000000, 0.0000000000000000000 ) ) ;
#635 = CARTESIAN_POINT ( 'NONE',  ( 1.836970198721031400E-016, -1.500000000000001300, -4.500000000000000900 ) ) ;
#636 = CARTESIAN_POINT ( 'NONE',  ( -0.8660254037844398200, 1.500000000000000700, 1.104166666666624800 ) ) ;
#637 = CARTESIAN_POINT ( 'NONE',  ( -0.8816504037844389300, -1.527063293868263100, -0.2760416666666206100 ) ) ;
#638 = AXIS2_PLACEMENT_3D ( 'NONE', #1099, #824, #1851 ) ;
#639 = CARTESIAN_POINT ( 'NONE',  ( -1.249999999999999800, 0.7216878364870317200, 2.500000000000000400 ) ) ;
#640 = CARTESIAN_POINT ( 'NONE',  ( -0.6785254037844383700, 1.175240473580835500, -3.708333333333332600 ) ) ;
#641 = CARTESIAN_POINT ( 'NONE',  ( 1.017788105676658200, 0.5876202367904167500, -3.270833333333332100 ) ) ;
#642 = CARTESIAN_POINT ( 'NONE',  ( 1.357050807568877000, -2.492861891654333800E-016, -0.3749999999999994400 ) ) ;
#643 = CARTESIAN_POINT ( 'NONE',  ( 1.299038105676658900, -0.7500000000000013300, -2.104166666666708700 ) ) ;
#644 = LINE ( 'NONE', #3121, #1303 ) ;
#645 = CARTESIAN_POINT ( 'NONE',  ( 0.0000000000000000000, -2.600000000000000100, 1.500000000000001300 ) ) ;
#646 = CARTESIAN_POINT ( 'NONE',  ( 1.551628848447119000, -6.481755355858701300E-056, 4.500000000000000900 ) ) ;
#647 = LINE ( 'NONE', #805, #1343 ) ;
#648 = CARTESIAN_POINT ( 'NONE',  ( 1.763300807568877000, -3.239131034884752100E-016, -0.1093749999999541100 ) ) ;
#649 = EDGE_CURVE ( 'NONE', #1928, #347, #1520, .T. ) ;
#650 = CARTESIAN_POINT ( 'NONE',  ( 0.0000000000000000000, 1.175240473580835300, -1.687499999999998900 ) ) ;
#651 = CARTESIAN_POINT ( 'NONE',  ( 0.0000000000000000000, 1.249573031177660700E-055, -4.175240473580832800 ) ) ;
#652 = FACE_OUTER_BOUND ( 'NONE', #1163, .T. ) ;
#653 = CARTESIAN_POINT ( 'NONE',  ( 1.017788105676657600, -0.5876202367904181900, 1.645833333333334100 ) ) ;
#654 = CARTESIAN_POINT ( 'NONE',  ( -1.439254484199189400E-016, -1.175240473580835300, -0.4999999999999995600 ) ) ;
#655 = VERTEX_POINT ( 'NONE', #1943 ) ;
#656 = DIRECTION ( 'NONE',  ( 0.0000000000000000000, 1.000000000000000000, 1.440390079079711300E-056 ) ) ;
#657 = EDGE_LOOP ( 'NONE', ( #1400, #2673, #86, #1599 ) ) ;
#658 = CARTESIAN_POINT ( 'NONE',  ( -1.299038105676659300, -0.7500000000000003300, -1.770833333333375200 ) ) ;
#659 = CARTESIAN_POINT ( 'NONE',  ( -1.322475605676657800, 0.7635316469341318900, 0.5989583333333792200 ) ) ;
#660 = ORIENTED_EDGE ( 'NONE', *, *, #3062, .T. ) ;
#661 = CARTESIAN_POINT ( 'NONE',  ( 0.0000000000000000000, 1.500000000000001600, -0.9999999999999560400 ) ) ;
#662 = AXIS2_PLACEMENT_3D ( 'NONE', #651, #1171, #404 ) ;
#663 = ORIENTED_EDGE ( 'NONE', *, *, #3005, .T. ) ;
#664 = CARTESIAN_POINT ( 'NONE',  ( 0.0000000000000000000, 1.175240473580835300, -3.249999999999999100 ) ) ;
#665 = CARTESIAN_POINT ( 'NONE',  ( 0.6785254037844380400, -1.175240473580835500, -2.895833333333332100 ) ) ;
#666 = CARTESIAN_POINT ( 'NONE',  ( 1.357050807568877000, -2.492861891654333800E-016, -1.374999999999999100 ) ) ;
#667 = CARTESIAN_POINT ( 'NONE',  ( -1.836970198721031400E-016, -1.500000000000001300, -1.687500000000041700 ) ) ;
#668 = CARTESIAN_POINT ( 'NONE',  ( 0.6785254037844392600, 1.175240473580835100, -2.729166666666666100 ) ) ;
#669 = CARTESIAN_POINT ( 'NONE',  ( -0.6785254037844388200, -1.175240473580835300, -0.4791666666666659600 ) ) ;
#670 = CARTESIAN_POINT ( 'NONE',  ( 1.299038105676659800, 0.7499999999999995600, -1.083333333333289700 ) ) ;
#671 = CARTESIAN_POINT ( 'NONE',  ( -1.836970198721031400E-016, -1.500000000000001300, -0.6875000000000423000 ) ) ;
#672 = EDGE_CURVE ( 'NONE', #1704, #924, #1155, .T. ) ;
#673 = VERTEX_POINT ( 'NONE', #1 ) ;
#674 = CARTESIAN_POINT ( 'NONE',  ( -1.357050807568877000, 8.309539638847779000E-017, -3.624999999999998700 ) ) ;
#675 = DIRECTION ( 'NONE',  ( -0.0000000000000000000, 1.440390079079711300E-056, -1.000000000000000000 ) ) ;
#676 = CARTESIAN_POINT ( 'NONE',  ( -1.322475605676657800, 0.7635316469341318900, -4.369791666666711400 ) ) ;
#677 = DIRECTION ( 'NONE',  ( -0.0000000000000000000, 1.440390079079711300E-056, -1.000000000000000000 ) ) ;
#678 = CARTESIAN_POINT ( 'NONE',  ( 0.0000000000000000000, 1.500000000000001300, -3.437500000000041700 ) ) ;
#679 = CARTESIAN_POINT ( 'NONE',  ( 1.430908802125178600, -0.4500000000007677300, 1.350000000000001000 ) ) ;
#680 = CARTESIAN_POINT ( 'NONE',  ( 1.322475605676658400, 0.7635316469341306700, 1.932291666666713100 ) ) ;
#681 = AXIS2_PLACEMENT_3D ( 'NONE', #2915, #15, #1249 ) ;
#682 = CARTESIAN_POINT ( 'NONE',  ( 1.357050807568877000, -2.492861891654333800E-016, -0.8124999999999990000 ) ) ;
#683 = CARTESIAN_POINT ( 'NONE',  ( -1.836970198721031200E-016, -1.500000000000001600, -0.7499999999999563700 ) ) ;
#684 = ORIENTED_EDGE ( 'NONE', *, *, #1357, .T. ) ;
#685 = CARTESIAN_POINT ( 'NONE',  ( 0.1163848120052393800, -1.472480729846803000, 1.334111741970341200 ) ) ;
#686 = CARTESIAN_POINT ( 'NONE',  ( -1.017788105676658000, -0.5876202367904174200, -0.5833333333333323700 ) ) ;
#687 = FACE_OUTER_BOUND ( 'NONE', #1314, .T. ) ;
#688 = CARTESIAN_POINT ( 'NONE',  ( -0.6785254037844388200, -1.175240473580835100, -3.979166666666665600 ) ) ;
#689 =( BOUNDED_CURVE ( )  B_SPLINE_CURVE ( 2, ( #2760, #3008, #2771, #104, #832, #2286, #1832 ),
 .UNSPECIFIED., .F., .F. ) 
 B_SPLINE_CURVE_WITH_KNOTS ( ( 3, 2, 2, 3 ),
 ( 0.6153846153846154200, 0.6282051282051281900, 0.6410256410256409700, 0.6538461538461537400 ),
 .UNSPECIFIED. ) 
 CURVE ( )  GEOMETRIC_REPRESENTATION_ITEM ( )  RATIONAL_B_SPLINE_CURVE ( ( 1.000000000000000000, 0.8660254037844387100, 1.000000000000000000, 0.8660254037844387100, 1.000000000000000000, 0.8660254037844398200, 0.9999999999999988900 ) ) 
 REPRESENTATION_ITEM ( '' )  );
#690 = CARTESIAN_POINT ( 'NONE',  ( 1.357050807568877000, -2.492861891654333800E-016, 1.625000000000000900 ) ) ;
#691 = LINE ( 'NONE', #161, #541 ) ;
#692 = ORIENTED_EDGE ( 'NONE', *, *, #1480, .T. ) ;
#693 = CARTESIAN_POINT ( 'NONE',  ( -1.357050807568877000, 8.309539638847779000E-017, -3.562499999999998700 ) ) ;
#694 = EDGE_CURVE ( 'NONE', #2010, #1894, #384, .T. ) ;
#695 = CARTESIAN_POINT ( 'NONE',  ( -1.017788105676658000, -0.5876202367904174200, -0.02083333333333277400 ) ) ;
#696 = CARTESIAN_POINT ( 'NONE',  ( -1.017788105676657800, 0.5876202367904177500, -3.666666666666665600 ) ) ;
#697 = ORIENTED_EDGE ( 'NONE', *, *, #1295, .F. ) ;
#698 = CARTESIAN_POINT ( 'NONE',  ( -0.6785254037844383700, 1.175240473580835500, -0.2083333333333320900 ) ) ;
#699 = CARTESIAN_POINT ( 'NONE',  ( 1.017788105676658200, 0.5876202367904167500, -0.7708333333333325900 ) ) ;
#700 = CARTESIAN_POINT ( 'NONE',  ( -0.6785254037844388200, -1.175240473580835300, 0.9583333333333344800 ) ) ;
#701 = ORIENTED_EDGE ( 'NONE', *, *, #960, .T. ) ;
#702 = CARTESIAN_POINT ( 'NONE',  ( -0.8742844498189251700, 1.069159284781250600, -4.306466525597941500 ) ) ;
#703 = ORIENTED_EDGE ( 'NONE', *, *, #2325, .F. ) ;
#704 = CARTESIAN_POINT ( 'NONE',  ( 1.299038105676658900, -0.7500000000000013300, 1.333333333333376300 ) ) ;
#705 = CARTESIAN_POINT ( 'NONE',  ( -1.357050807568877000, 8.309539638847779000E-017, -3.062499999999999100 ) ) ;
#706 = CARTESIAN_POINT ( 'NONE',  ( 1.357050807568877000, -2.492861891654333800E-016, 0.1875000000000010500 ) ) ;
#707 = CARTESIAN_POINT ( 'NONE',  ( 0.8660254037844346000, -1.500000000000009300, 0.7916666666667099300 ) ) ;
#708 = DIRECTION ( 'NONE',  ( 8.659560562354915600E-017, 0.7071067811865462400, 0.7071067811865489100 ) ) ;
#709 = AXIS2_PLACEMENT_3D ( 'NONE', #1932, #204, #264 ) ;
#710 = B_SPLINE_CURVE_WITH_KNOTS ( 'NONE', 3,
 ( #1855, #2527, #841, #1069, #1820, #1085, #589, #2339 ),
 .UNSPECIFIED., .F., .F.,
 ( 4, 2, 2, 4 ),
 ( 2.544378114030884700E-007, 0.0003729905366538292000, 0.0007457266354962552800, 0.001491198833181107000 ),
 .UNSPECIFIED. ) ;
#711 = CARTESIAN_POINT ( 'NONE',  ( 0.0000000000000000000, 1.175240473580835300, -2.249999999999999100 ) ) ;
#712 = CARTESIAN_POINT ( 'NONE',  ( -0.6785254037844382600, 1.175240473580835300, -2.145833333333332600 ) ) ;
#713 = CARTESIAN_POINT ( 'NONE',  ( 0.0000000000000000000, 1.175240473580835300, 1.250000000000001100 ) ) ;
#714 = CARTESIAN_POINT ( 'NONE',  ( -0.8816504037844382600, 1.527063293868263300, 1.557291666666712900 ) ) ;
#715 = CARTESIAN_POINT ( 'NONE',  ( 1.299038105676659800, 0.7499999999999995600, 0.9166666666667107100 ) ) ;
#716 = CARTESIAN_POINT ( 'NONE',  ( 0.6785254037844391500, 1.175240473580835100, -3.291666666666664700 ) ) ;
#717 = EDGE_CURVE ( 'NONE', #427, #1639, #1076, .T. ) ;
#718 = CARTESIAN_POINT ( 'NONE',  ( -1.017788105676657800, 0.5876202367904177500, -2.166666666666665600 ) ) ;
#719 = CARTESIAN_POINT ( 'NONE',  ( -1.439254484199189400E-016, -1.175240473580835300, -2.437499999999999100 ) ) ;
#720 = CARTESIAN_POINT ( 'NONE',  ( 0.0000000000000000000, 1.527063293868263300, -3.453125000000044400 ) ) ;
#721 = CARTESIAN_POINT ( 'NONE',  ( -1.070362740504774000, 0.8742104013332232500, -4.296314430106431100 ) ) ;
#722 = CC_DESIGN_APPROVAL ( #2421, ( #1768 ) ) ;
#723 = CARTESIAN_POINT ( 'NONE',  ( -0.8660254037844394800, 1.500000000000001800, 0.6041666666666245500 ) ) ;
#724 = CYLINDRICAL_SURFACE ( 'NONE', #222, 1.500000000000001300 ) ;
#725 = CARTESIAN_POINT ( 'NONE',  ( -0.6785254037844383700, 1.175240473580835500, -2.145833333333332600 ) ) ;
#726 = CARTESIAN_POINT ( 'NONE',  ( 1.299038105676659600, 0.7499999999999995600, -4.020833333333375700 ) ) ;
#727 = CARTESIAN_POINT ( 'NONE',  ( -1.017788105676658000, -0.5876202367904174200, -3.083333333333332600 ) ) ;
#728 = CYLINDRICAL_SURFACE ( 'NONE', #1010, 1.500000000000001300 ) ;
#729 = B_SPLINE_CURVE_WITH_KNOTS ( 'NONE', 3,
 ( #2026, #2259, #1287, #2007, #1523, #1296, #1782, #2238 ),
 .UNSPECIFIED., .F., .F.,
 ( 4, 2, 2, 4 ),
 ( 2.544378114030884700E-007, 0.0003729905366538291400, 0.0007457266354962554900, 0.001491198833181107900 ),
 .UNSPECIFIED. ) ;
#730 = CARTESIAN_POINT ( 'NONE',  ( 1.357050807568877000, -2.492861891654333800E-016, -2.374999999999999100 ) ) ;
#731 = CARTESIAN_POINT ( 'NONE',  ( 1.357050807568876700, -2.492861891654333800E-016, -1.312499999999998900 ) ) ;
#732 = CARTESIAN_POINT ( 'NONE',  ( 1.763300807568877000, -3.239131034884752100E-016, -2.078125000000044400 ) ) ;
#733 = FACE_OUTER_BOUND ( 'NONE', #2742, .T. ) ;
#734 = CARTESIAN_POINT ( 'NONE',  ( -0.6229338483162820700, -1.335132909494767500, -4.204818876278272600 ) ) ;
#735 = VERTEX_POINT ( 'NONE', #2445 ) ;
#736 = VERTEX_POINT ( 'NONE', #266 ) ;
#737 = CARTESIAN_POINT ( 'NONE',  ( -0.8660254037844356000, -1.500000000000008900, -3.291666666666622100 ) ) ;
#738 = CARTESIAN_POINT ( 'NONE',  ( 1.017788105676657600, -0.5876202367904181900, -3.854166666666665600 ) ) ;
#739 = CARTESIAN_POINT ( 'NONE',  ( -0.6785254037844388200, -1.175240473580835300, -2.479166666666665600 ) ) ;
#740 = EDGE_CURVE ( 'NONE', #355, #741, #2732, .T. ) ;
#741 = VERTEX_POINT ( 'NONE', #2457 ) ;
#742 = CARTESIAN_POINT ( 'NONE',  ( 1.299038105676658900, -0.7500000000000013300, 0.8333333333333770000 ) ) ;
#743 = CARTESIAN_POINT ( 'NONE',  ( 3.367778697655221000E-016, -2.750000000000000000, -4.500000000000000900 ) ) ;
#744 = ORIENTED_EDGE ( 'NONE', *, *, #809, .F. ) ;
#745 = CARTESIAN_POINT ( 'NONE',  ( 0.8660254037844380400, 1.500000000000005100, -1.479166666666708500 ) ) ;
#746 = CARTESIAN_POINT ( 'NONE',  ( -0.8816504037844382600, 1.527063293868263300, -3.411458333333377400 ) ) ;
#747 = CARTESIAN_POINT ( 'NONE',  ( -1.732050807568879400, 1.060575238724908000E-016, -2.312500000000042600 ) ) ;
#748 = VERTEX_POINT ( 'NONE', #1977 ) ;
#749 = CARTESIAN_POINT ( 'NONE',  ( -0.8660254037844378200, -1.500000000000005100, 0.7708333333332920700 ) ) ;
#750 = CARTESIAN_POINT ( 'NONE',  ( -1.017788105676657800, 0.5876202367904177500, -4.104166666666666100 ) ) ;
#751 = CARTESIAN_POINT ( 'NONE',  ( -1.439254484199189400E-016, -1.175240473580835300, -1.937499999999999100 ) ) ;
#752 =( BOUNDED_CURVE ( )  B_SPLINE_CURVE ( 2, ( #426, #2807, #881, #3073, #670, #906, #3052 ),
 .UNSPECIFIED., .F., .F. ) 
 B_SPLINE_CURVE_WITH_KNOTS ( ( 3, 2, 2, 3 ),
 ( 0.5000000000000000000, 0.5128205128205127700, 0.5256410256410257700, 0.5384615384615385500 ),
 .UNSPECIFIED. ) 
 CURVE ( )  GEOMETRIC_REPRESENTATION_ITEM ( )  RATIONAL_B_SPLINE_CURVE ( ( 1.000000000000000000, 0.8660254037844387100, 1.000000000000000000, 0.8660254037844387100, 1.000000000000000000, 0.8660254037844376000, 1.000000000000001100 ) ) 
 REPRESENTATION_ITEM ( '' )  );
#753 = CARTESIAN_POINT ( 'NONE',  ( -2.451811601272799100E-016, 1.443375672974063900, 4.391746824526945800 ) ) ;
#754 = CARTESIAN_POINT ( 'NONE',  ( 1.017788105676657600, -0.5876202367904181900, -2.416666666666666100 ) ) ;
#755 = CARTESIAN_POINT ( 'NONE',  ( 1.357050807568876700, -2.492861891654333800E-016, 0.1875000000000010300 ) ) ;
#756 = CARTESIAN_POINT ( 'NONE',  ( 1.322475605676657300, -0.7635316469341323400, -3.119791666666710900 ) ) ;
#757 = CARTESIAN_POINT ( 'NONE',  ( -1.017788105676657800, 0.5876202367904177500, -2.104166666666665600 ) ) ;
#758 = CARTESIAN_POINT ( 'NONE',  ( -1.439254484199189400E-016, -1.175240473580835300, -2.499999999999999100 ) ) ;
#759 = CARTESIAN_POINT ( 'NONE',  ( -1.017788105676657800, 0.5876202367904177500, -0.1666666666666656600 ) ) ;
#760 = CIRCLE ( 'NONE', #1980, 1.500000000000002700 ) ;
#761 = CARTESIAN_POINT ( 'NONE',  ( -1.017788105676658000, -0.5876202367904174200, 0.9791666666666673000 ) ) ;
#762 = CARTESIAN_POINT ( 'NONE',  ( -1.322475605676657800, -0.7635316469341314500, -1.286458333333377700 ) ) ;
#763 = PLANE ( 'NONE',  #2618 ) ;
#764 = DIRECTION ( 'NONE',  ( -0.0000000000000000000, 1.440390079079711300E-056, -1.000000000000000000 ) ) ;
#765 = CARTESIAN_POINT ( 'NONE',  ( -0.6785254037844388200, -1.175240473580835300, -4.479166666666666100 ) ) ;
#766 = CARTESIAN_POINT ( 'NONE',  ( -1.357050807568877000, 8.309539638847779000E-017, -0.5624999999999987800 ) ) ;
#767 = FACE_OUTER_BOUND ( 'NONE', #1696, .T. ) ;
#768 = AXIS2_PLACEMENT_3D ( 'NONE', #179, #2365, #2814 ) ;
#769 = CARTESIAN_POINT ( 'NONE',  ( -1.732050807568879400, 1.060575238724908000E-016, -3.312500000000042600 ) ) ;
#770 = CARTESIAN_POINT ( 'NONE',  ( 1.017788105676658200, 0.5876202367904167500, -2.333333333333332100 ) ) ;
#771 = ORIENTED_EDGE ( 'NONE', *, *, #2704, .T. ) ;
#772 = CIRCLE ( 'NONE', #2691, 1.500000000000002700 ) ;
#773 = CARTESIAN_POINT ( 'NONE',  ( -1.357050807568876700, 8.309539638847779000E-017, 0.4375000000000013300 ) ) ;
#774 = CARTESIAN_POINT ( 'NONE',  ( -1.870113174931182600E-016, -1.527063293868263300, -2.703125000000044400 ) ) ;
#775 = ADVANCED_FACE ( 'NONE', ( #2453 ), #3053, .T. ) ;
#776 = ORIENTED_EDGE ( 'NONE', *, *, #365, .F. ) ;
#777 = CARTESIAN_POINT ( 'NONE',  ( -1.836970198721031400E-016, -1.500000000000001300, -2.187500000000041700 ) ) ;
#778 = ORIENTED_EDGE ( 'NONE', *, *, #1727, .T. ) ;
#779 = CARTESIAN_POINT ( 'NONE',  ( 1.017788105676658200, 0.5876202367904167500, 1.229166666666667400 ) ) ;
#780 = EDGE_CURVE ( 'NONE', #3021, #159, #729, .T. ) ;
#781 = CARTESIAN_POINT ( 'NONE',  ( 0.0000000000000000000, 1.296351071171740300E-055, -4.500000000000000900 ) ) ;
#782 = ORIENTED_EDGE ( 'NONE', *, *, #1217, .F. ) ;
#783 = CARTESIAN_POINT ( 'NONE',  ( -0.6785254037844388200, -1.175240473580835100, -1.541666666666665600 ) ) ;
#784 = CARTESIAN_POINT ( 'NONE',  ( -1.870113174931182600E-016, -1.527063293868263300, 0.7968749999999555900 ) ) ;
#785 = CARTESIAN_POINT ( 'NONE',  ( -0.8660254037844394800, 1.500000000000001800, -2.395833333333376100 ) ) ;
#786 =( BOUNDED_CURVE ( )  B_SPLINE_CURVE ( 2, ( #2371, #2384, #2842, #197, #1872, #2350, #1172 ),
 .UNSPECIFIED., .F., .F. ) 
 B_SPLINE_CURVE_WITH_KNOTS ( ( 3, 2, 2, 3 ),
 ( 0.07692307692307685800, 0.08974358974358973000, 0.1025641025641024900, 0.1153846153846153600 ),
 .UNSPECIFIED. ) 
 CURVE ( )  GEOMETRIC_REPRESENTATION_ITEM ( )  RATIONAL_B_SPLINE_CURVE ( ( 1.000000000000000200, 0.8660254037844384900, 1.000000000000000000, 0.8660254037844386000, 1.000000000000000000, 0.8660254037844391500, 0.9999999999999994400 ) ) 
 REPRESENTATION_ITEM ( '' )  );
#787 = CARTESIAN_POINT ( 'NONE',  ( 1.017788105676658200, 0.5876202367904167500, 0.2291666666666674600 ) ) ;
#788 = CARTESIAN_POINT ( 'NONE',  ( 0.0000000000000000000, 1.296351071171740300E-055, -4.500000000000000900 ) ) ;
#789 = CARTESIAN_POINT ( 'NONE',  ( 0.6785254037844391500, 1.175240473580835100, -0.2916666666666657400 ) ) ;
#790 = DIRECTION ( 'NONE',  ( 0.0000000000000000000, -1.440390079079711300E-056, 1.000000000000000000 ) ) ;
#791 = CARTESIAN_POINT ( 'NONE',  ( -1.322475605676657800, -0.7635316469341314500, 1.213541666666622300 ) ) ;
#792 = DIRECTION ( 'NONE',  ( -0.0000000000000000000, 1.440390079079711300E-056, -1.000000000000000000 ) ) ;
#793 = EDGE_CURVE ( 'NONE', #320, #1087, #2534, .T. ) ;
#794 = CARTESIAN_POINT ( 'NONE',  ( -1.836970198721031400E-016, -1.500000000000001300, -2.687500000000041700 ) ) ;
#795 = CARTESIAN_POINT ( 'NONE',  ( -1.299038105676659300, -0.7500000000000003300, -3.270833333333375700 ) ) ;
#796 = CARTESIAN_POINT ( 'NONE',  ( -0.6785254037844388200, -1.175240473580835100, 0.9583333333333343700 ) ) ;
#797 = FACE_OUTER_BOUND ( 'NONE', #927, .T. ) ;
#798 = CARTESIAN_POINT ( 'NONE',  ( -0.8816504037844382600, 1.527063293868263300, 0.5885416666666218900 ) ) ;
#799 = AXIS2_PLACEMENT_3D ( 'NONE', #126, #862, #1374 ) ;
#800 = FACE_OUTER_BOUND ( 'NONE', #2928, .T. ) ;
#801 = CARTESIAN_POINT ( 'NONE',  ( 0.8660254037844403700, 1.500000000000001300, 0.02083333333329107800 ) ) ;
#802 = CARTESIAN_POINT ( 'NONE',  ( 0.0000000000000000000, 1.500000000000001600, -1.499999999999956000 ) ) ;
#803 = AXIS2_PLACEMENT_3D ( 'NONE', #1498, #2481, #2701 ) ;
#804 = ORIENTED_EDGE ( 'NONE', *, *, #3062, .F. ) ;
#805 = CARTESIAN_POINT ( 'NONE',  ( -1.249999999999999800, 0.7216878364870317200, -2.318813079129866200 ) ) ;
#806 = CARTESIAN_POINT ( 'NONE',  ( 0.8816504037844392600, 1.527063293868263100, -1.526041666666620300 ) ) ;
#807 = EDGE_LOOP ( 'NONE', ( #1433, #2740, #2494, #2415 ) ) ;
#808 = CARTESIAN_POINT ( 'NONE',  ( -1.322475605676657800, 0.7635316469341318900, 0.6302083333332890700 ) ) ;
#809 = EDGE_CURVE ( 'NONE', #1087, #887, #573, .T. ) ;
#810 = ORIENTED_EDGE ( 'NONE', *, *, #2028, .F. ) ;
#811 = CARTESIAN_POINT ( 'NONE',  ( 0.0000000000000000000, 1.175240473580835300, -2.749999999999999100 ) ) ;
#812 = ORIENTED_EDGE ( 'NONE', *, *, #942, .T. ) ;
#813 = CARTESIAN_POINT ( 'NONE',  ( 1.357050807568877000, -2.492861891654333800E-016, 0.6875000000000005600 ) ) ;
#814 = ADVANCED_FACE ( 'NONE', ( #1539 ), #2662, .T. ) ;
#815 = CARTESIAN_POINT ( 'NONE',  ( 1.017788105676658200, 0.5876202367904167500, 0.6666666666666678500 ) ) ;
#816 = CARTESIAN_POINT ( 'NONE',  ( -1.322475605676657800, 0.7635316469341318900, -3.401041666666620300 ) ) ;
#817 = VERTEX_POINT ( 'NONE', #1051 ) ;
#818 = CARTESIAN_POINT ( 'NONE',  ( -1.322475605676657800, -0.7635316469341314500, 0.7135416666666218900 ) ) ;
#819 = CARTESIAN_POINT ( 'NONE',  ( 1.009330062345440000, -0.7115177289391607700, -4.451174880429763700 ) ) ;
#820 = CARTESIAN_POINT ( 'NONE',  ( -0.6785254037844383700, 1.175240473580835500, -3.708333333333332600 ) ) ;
#821 = ORIENTED_EDGE ( 'NONE', *, *, #1885, .T. ) ;
#822 = CARTESIAN_POINT ( 'NONE',  ( 0.0000000000000000000, 1.500000000000001600, -2.499999999999956000 ) ) ;
#823 = CARTESIAN_POINT ( 'NONE',  ( -0.8816504037844382600, 1.527063293868263300, -1.942708333333287300 ) ) ;
#824 = DIRECTION ( 'NONE',  ( -0.0000000000000000000, 1.440390079079711300E-056, -1.000000000000000000 ) ) ;
#825 = ADVANCED_FACE ( 'NONE', ( #652 ), #2730, .T. ) ;
#826 = PERSON_AND_ORGANIZATION ( #1474, #2799 ) ;
#827 =( NAMED_UNIT ( * ) PLANE_ANGLE_UNIT ( ) SI_UNIT ( $, .RADIAN. ) );
#828 = VECTOR ( 'NONE', #888, 1000.000000000000000 ) ;
#829 = EDGE_CURVE ( 'NONE', #2815, #625, #1181, .T. ) ;
#830 = CARTESIAN_POINT ( 'NONE',  ( -1.249999999999999800, 0.7216878364870317200, 4.391746824526945800 ) ) ;
#831 = CARTESIAN_POINT ( 'NONE',  ( 1.357050807568877000, -2.492861891654333800E-016, -4.374999999999999100 ) ) ;
#832 = CARTESIAN_POINT ( 'NONE',  ( -1.299038105676659300, -0.7500000000000004400, -0.3333333333332895700 ) ) ;
#833 = FACE_OUTER_BOUND ( 'NONE', #3057, .T. ) ;
#834 =( BOUNDED_SURFACE ( )  B_SPLINE_SURFACE ( 1, 2, ( 
 ( #70, #316, #345, #2790, #2783, #110, #2543, #2517, #590, #831, #3007, #2305, #2554, #1572, #103, #1361, #842, #1813, #2054, #2990, #2038, #570, #2770, #3016, #80, #820, #2292, #2047, #597, #1794, #1313, #368, #1094, #1337, #2536, #1086, #1349, #122, #579, #3001, #1594, #1831, #1104, #2983, #1059, #2747, #91, #2073, #811, #2285, #610, #2528, #328, #2278, #1070, #1559, #2759, #1326, #2314, #1584, #1821, #852, #360, #2062, #1803, #334, #1413, #908, #1603, #3037, #134, #871, #3026, #2798, #1842, #2120, #1647, #1615, #886, #1625, #387, #666, #375, #2328, #2354, #2575, #1403, #2341, #2609, #167, #2812, #177, #1381, #1132, #620, #2083, #2564, #860, #152, #2835, #2378, #409, #654, #1117, #2093, #642, #399, #2107, #1166, #1864, #2824, #2587, #1142, #1391, #2364, #3056, #1371, #3044, #2128, #142, #1637, #1856, #900, #633, #1876, #2598, #1153, #1889, #421, #2847, #215, #2660, #2651, #3097, #2418, #2388, #452, #700, #2890, #2171, #2433, #1436, #3086, #1220, #713, #1678, #1919, #2871, #1900, #430, #2642, #2900, #3069, #690, #2160, #1909, #464 ),
 ( #2403, #945, #1211, #3111, #442, #1197, #954, #1454, #966, #2860, #923, #2621, #3077, #1700, #676, #2147, #1942, #2394, #1659, #2135, #934, #189, #2632, #1186, #236, #2879, #1446, #475, #1687, #224, #2182, #1176, #1426, #1670, #202, #1931, #720, #746, #2909, #2670, #1272, #1984, #1510, #1477, #756, #2920, #255, #530, #1464, #2193, #2214, #2452, #1263, #2204, #774, #31, #2679, #39, #1244, #985, #487, #3120, #2442, #1712, #1487, #2700, #2235, #273, #522, #732, #1964, #509, #263, #1975, #2480, #19, #2689, #2463, #995, #1253, #2225, #2941, #1232, #2931, #1992, #9, #1497, #1722, #762, #498, #1743, #1732, #2472, #1008, #246, #1752, #284, #1018, #2713, #1953, #977, #2244, #312, #559, #2746, #2033, #2282, #1292, #2968, #2523, #565, #1537, #68, #2726, #1759, #293, #2503, #1064, #2753, #549, #1779, #1770, #325, #2948, #1026, #87, #2277, #1048, #2021, #2267, #2512, #2979, #302, #798, #808, #1055, #818, #2720, #784, #2490, #2957, #1556, #540, #2012, #1798, #2255, #1521, #2003, #791, #52, #2499, #1037, #1309, #2734, #1300, #332, #2975 ) ),
 .UNSPECIFIED., .F., .F., .F. ) 
 B_SPLINE_SURFACE_WITH_KNOTS ( ( 2, 2 ),
 ( 3, 2, 2, 2, 2, 2, 2, 2, 2, 2, 2, 2, 2, 2, 2, 2, 2, 2, 2, 2, 2, 2, 2, 2, 2, 2, 2, 2, 2, 2, 2, 2, 2, 2, 2, 2, 2, 2, 2, 2, 2, 2, 2, 2, 2, 2, 2, 2, 2, 2, 2, 2, 2, 2, 2, 2, 2, 2, 2, 2, 2, 2, 2, 2, 2, 2, 2, 2, 2, 2, 2, 2, 2, 2, 2, 2, 2, 2, 3 ),
 ( 0.0000000000000000000, 1.000000000000000000 ),
 ( 0.0000000000000000000, 0.01282051282051282000, 0.02564102564102564000, 0.03846153846153846400, 0.05128205128205128000, 0.06410256410256409700, 0.07692307692307692700, 0.08974358974358974400, 0.1025641025641025600, 0.1153846153846153900, 0.1282051282051281900, 0.1410256410256410200, 0.1538461538461538500, 0.1666666666666666600, 0.1794871794871794900, 0.1923076923076923200, 0.2051282051282051200, 0.2179487179487179500, 0.2307692307692307800, 0.2435897435897435800, 0.2564102564102563900, 0.2692307692307692200, 0.2820512820512820500, 0.2948717948717948800, 0.3076923076923077100, 0.3205128205128205400, 0.3333333333333333100, 0.3461538461538461500, 0.3589743589743589800, 0.3717948717948718100, 0.3846153846153846400, 0.3974358974358974100, 0.4102564102564102400, 0.4230769230769230700, 0.4358974358974359000, 0.4487179487179487300, 0.4615384615384615600, 0.4743589743589743400, 0.4871794871794871700, 0.5000000000000000000, 0.5128205128205127700, 0.5256410256410256600, 0.5384615384615384400, 0.5512820512820513200, 0.5641025641025641000, 0.5769230769230768700, 0.5897435897435897600, 0.6025641025641025300, 0.6153846153846154200, 0.6282051282051281900, 0.6410256410256410800, 0.6538461538461538500, 0.6666666666666666300, 0.6794871794871795200, 0.6923076923076922900, 0.7051282051282051800, 0.7179487179487179500, 0.7307692307692307300, 0.7435897435897436100, 0.7564102564102563900, 0.7692307692307692700, 0.7820512820512820500, 0.7948717948717948200, 0.8076923076923077100, 0.8205128205128204800, 0.8333333333333333700, 0.8461538461538461500, 0.8589743589743589200, 0.8717948717948718100, 0.8846153846153845800, 0.8974358974358974700, 0.9102564102564102400, 0.9230769230769231300, 0.9358974358974359000, 0.9487179487179486800, 0.9615384615384615600, 0.9743589743589743400, 0.9871794871794872300, 1.000000000000000000 ),
 .UNSPECIFIED. ) 
 GEOMETRIC_REPRESENTATION_ITEM ( )  RATIONAL_B_SPLINE_SURFACE ( (
 ( 1.000000000000000000, 0.8660254037844387100, 1.000000000000000000, 0.8660254037844387100, 1.000000000000000000, 0.8660254037844387100, 1.000000000000000000, 0.8660254037844387100, 1.000000000000000000, 0.8660254037844387100, 1.000000000000000000, 0.8660254037844387100, 1.000000000000000000, 0.8660254037844387100, 1.000000000000000000, 0.8660254037844387100, 1.000000000000000000, 0.8660254037844387100, 1.000000000000000000, 0.8660254037844387100, 1.000000000000000000, 0.8660254037844387100, 1.000000000000000000, 0.8660254037844387100, 1.000000000000000000, 0.8660254037844387100, 1.000000000000000000, 0.8660254037844387100, 1.000000000000000000, 0.8660254037844387100, 1.000000000000000000, 0.8660254037844387100, 1.000000000000000000, 0.8660254037844387100, 1.000000000000000000, 0.8660254037844387100, 1.000000000000000000, 0.8660254037844387100, 1.000000000000000000, 0.8660254037844387100, 1.000000000000000000, 0.8660254037844387100, 1.000000000000000000, 0.8660254037844387100, 1.000000000000000000, 0.8660254037844387100, 1.000000000000000000, 0.8660254037844387100, 1.000000000000000000, 0.8660254037844387100, 1.000000000000000000, 0.8660254037844387100, 1.000000000000000000, 0.8660254037844387100, 1.000000000000000000, 0.8660254037844387100, 1.000000000000000000, 0.8660254037844387100, 1.000000000000000000, 0.8660254037844387100, 1.000000000000000000, 0.8660254037844387100, 1.000000000000000000, 0.8660254037844387100, 1.000000000000000000, 0.8660254037844387100, 1.000000000000000000, 0.8660254037844387100, 1.000000000000000000, 0.8660254037844387100, 1.000000000000000000, 0.8660254037844387100, 1.000000000000000000, 0.8660254037844387100, 1.000000000000000000, 0.8660254037844387100, 1.000000000000000000, 0.8660254037844387100, 1.000000000000000000, 0.8660254037844387100, 1.000000000000000000, 0.8660254037844387100, 1.000000000000000000, 0.8660254037844387100, 1.000000000000000000, 0.8660254037844387100, 1.000000000000000000, 0.8660254037844387100, 1.000000000000000000, 0.8660254037844387100, 1.000000000000000000, 0.8660254037844387100, 1.000000000000000000, 0.8660254037844387100, 1.000000000000000000, 0.8660254037844387100, 1.000000000000000000, 0.8660254037844387100, 1.000000000000000000, 0.8660254037844387100, 1.000000000000000000, 0.8660254037844387100, 1.000000000000000000, 0.8660254037844387100, 1.000000000000000000, 0.8660254037844387100, 1.000000000000000000, 0.8660254037844387100, 1.000000000000000000, 0.8660254037844387100, 1.000000000000000000, 0.8660254037844387100, 1.000000000000000000, 0.8660254037844387100, 1.000000000000000000, 0.8660254037844387100, 1.000000000000000000, 0.8660254037844387100, 1.000000000000000000, 0.8660254037844387100, 1.000000000000000000, 0.8660254037844387100, 1.000000000000000000, 0.8660254037844387100, 1.000000000000000000, 0.8660254037844387100, 1.000000000000000000, 0.8660254037844387100, 1.000000000000000000, 0.8660254037844387100, 1.000000000000000000, 0.8660254037844387100, 1.000000000000000000, 0.8660254037844387100, 1.000000000000000000, 0.8660254037844387100, 1.000000000000000000, 0.8660254037844387100, 1.000000000000000000, 0.8660254037844387100, 1.000000000000000000, 0.8660254037844387100, 1.000000000000000000, 0.8660254037844387100, 1.000000000000000000, 0.8660254037844387100, 1.000000000000000000, 0.8660254037844387100, 1.000000000000000000, 0.8660254037844387100, 1.000000000000000000, 0.8660254037844387100, 1.000000000000000000, 0.8660254037844387100, 1.000000000000000000, 0.8660254037844387100, 1.000000000000000000),
 ( 1.000000000000000000, 0.8660254037844387100, 1.000000000000000000, 0.8660254037844387100, 1.000000000000000000, 0.8660254037844387100, 1.000000000000000000, 0.8660254037844387100, 1.000000000000000000, 0.8660254037844387100, 1.000000000000000000, 0.8660254037844387100, 1.000000000000000000, 0.8660254037844387100, 1.000000000000000000, 0.8660254037844387100, 1.000000000000000000, 0.8660254037844387100, 1.000000000000000000, 0.8660254037844387100, 1.000000000000000000, 0.8660254037844387100, 1.000000000000000000, 0.8660254037844387100, 1.000000000000000000, 0.8660254037844387100, 1.000000000000000000, 0.8660254037844387100, 1.000000000000000000, 0.8660254037844387100, 1.000000000000000000, 0.8660254037844387100, 1.000000000000000000, 0.8660254037844387100, 1.000000000000000000, 0.8660254037844387100, 1.000000000000000000, 0.8660254037844387100, 1.000000000000000000, 0.8660254037844387100, 1.000000000000000000, 0.8660254037844387100, 1.000000000000000000, 0.8660254037844387100, 1.000000000000000000, 0.8660254037844387100, 1.000000000000000000, 0.8660254037844387100, 1.000000000000000000, 0.8660254037844387100, 1.000000000000000000, 0.8660254037844387100, 1.000000000000000000, 0.8660254037844387100, 1.000000000000000000, 0.8660254037844387100, 1.000000000000000000, 0.8660254037844387100, 1.000000000000000000, 0.8660254037844387100, 1.000000000000000000, 0.8660254037844387100, 1.000000000000000000, 0.8660254037844387100, 1.000000000000000000, 0.8660254037844387100, 1.000000000000000000, 0.8660254037844387100, 1.000000000000000000, 0.8660254037844387100, 1.000000000000000000, 0.8660254037844387100, 1.000000000000000000, 0.8660254037844387100, 1.000000000000000000, 0.8660254037844387100, 1.000000000000000000, 0.8660254037844387100, 1.000000000000000000, 0.8660254037844387100, 1.000000000000000000, 0.8660254037844387100, 1.000000000000000000, 0.8660254037844387100, 1.000000000000000000, 0.8660254037844387100, 1.000000000000000000, 0.8660254037844387100, 1.000000000000000000, 0.8660254037844387100, 1.000000000000000000, 0.8660254037844387100, 1.000000000000000000, 0.8660254037844387100, 1.000000000000000000, 0.8660254037844387100, 1.000000000000000000, 0.8660254037844387100, 1.000000000000000000, 0.8660254037844387100, 1.000000000000000000, 0.8660254037844387100, 1.000000000000000000, 0.8660254037844387100, 1.000000000000000000, 0.8660254037844387100, 1.000000000000000000, 0.8660254037844387100, 1.000000000000000000, 0.8660254037844387100, 1.000000000000000000, 0.8660254037844387100, 1.000000000000000000, 0.8660254037844387100, 1.000000000000000000, 0.8660254037844387100, 1.000000000000000000, 0.8660254037844387100, 1.000000000000000000, 0.8660254037844387100, 1.000000000000000000, 0.8660254037844387100, 1.000000000000000000, 0.8660254037844387100, 1.000000000000000000, 0.8660254037844387100, 1.000000000000000000, 0.8660254037844387100, 1.000000000000000000, 0.8660254037844387100, 1.000000000000000000, 0.8660254037844387100, 1.000000000000000000, 0.8660254037844387100, 1.000000000000000000, 0.8660254037844387100, 1.000000000000000000, 0.8660254037844387100, 1.000000000000000000, 0.8660254037844387100, 1.000000000000000000, 0.8660254037844387100, 1.000000000000000000, 0.8660254037844387100, 1.000000000000000000, 0.8660254037844387100, 1.000000000000000000, 0.8660254037844387100, 1.000000000000000000, 0.8660254037844387100, 1.000000000000000000, 0.8660254037844387100, 1.000000000000000000, 0.8660254037844387100, 1.000000000000000000, 0.8660254037844387100, 1.000000000000000000) ) ) 
 REPRESENTATION_ITEM ( '' )  SURFACE ( )  );
#835 = CYLINDRICAL_SURFACE ( 'NONE', #1935, 1.500000000000001300 ) ;
#836 = CARTESIAN_POINT ( 'NONE',  ( -0.8816504037844382600, 1.527063293868263300, -1.442708333333287100 ) ) ;
#837 = CARTESIAN_POINT ( 'NONE',  ( 0.0000000000000000000, 2.600000000000000100, 4.500000000000000900 ) ) ;
#838 = ORIENTED_EDGE ( 'NONE', *, *, #2646, .T. ) ;
#839 = CARTESIAN_POINT ( 'NONE',  ( 1.166679672620517100, -0.2076633279060710300, 1.162500000000012100 ) ) ;
#840 = APPROVAL_ROLE ( '' ) ;
#841 = CARTESIAN_POINT ( 'NONE',  ( -1.052468259152689300, -0.8357328402387221900, 4.287417583756788300 ) ) ;
#842 = CARTESIAN_POINT ( 'NONE',  ( -1.017788105676658000, -0.5876202367904174200, -4.083333333333332100 ) ) ;
#843 = ORIENTED_EDGE ( 'NONE', *, *, #1666, .F. ) ;
#844 = CARTESIAN_POINT ( 'NONE',  ( -1.836970198721031200E-016, -1.500000000000001600, -1.749999999999956300 ) ) ;
#845 = ADVANCED_FACE ( 'NONE', ( #800 ), #47, .T. ) ;
#846 = EDGE_LOOP ( 'NONE', ( #744, #319, #2967, #1242 ) ) ;
#847 = DIRECTION ( 'NONE',  ( -0.0000000000000000000, 1.440390079079711300E-056, -1.000000000000000000 ) ) ;
#848 = CARTESIAN_POINT ( 'NONE',  ( -0.8816504037844389300, -1.527063293868263100, -3.776041666666620300 ) ) ;
#849 = ORIENTED_EDGE ( 'NONE', *, *, #630, .F. ) ;
#850 = CARTESIAN_POINT ( 'NONE',  ( 1.017788105676657600, -0.5876202367904181900, -1.354166666666665900 ) ) ;
#851 = EDGE_CURVE ( 'NONE', #1203, #1962, #1983, .T. ) ;
#852 = CARTESIAN_POINT ( 'NONE',  ( -0.6785254037844383700, 1.175240473580835500, -2.208333333333332600 ) ) ;
#853 = CARTESIAN_POINT ( 'NONE',  ( 1.017788105676657600, -0.5876202367904181900, 1.583333333333334100 ) ) ;
#854 = DIRECTION ( 'NONE',  ( -0.0000000000000000000, 1.440390079079711300E-056, -1.000000000000000000 ) ) ;
#855 = CARTESIAN_POINT ( 'NONE',  ( 0.8816504037844392600, 1.527063293868263100, -0.5260416666666208900 ) ) ;
#856 = AXIS2_PLACEMENT_3D ( 'NONE', #378, #2345, #2568 ) ;
#857 = CARTESIAN_POINT ( 'NONE',  ( 0.0000000000000000000, 1.500000000000001600, 0.5000000000000439600 ) ) ;
#858 = CARTESIAN_POINT ( 'NONE',  ( -1.732050807568879400, 1.060575238724908000E-016, -0.3125000000000419700 ) ) ;
#859 = CARTESIAN_POINT ( 'NONE',  ( 1.322475605676657300, -0.7635316469341323400, -4.151041666666620800 ) ) ;
#860 = CARTESIAN_POINT ( 'NONE',  ( -0.6785254037844383700, 1.175240473580835500, -0.7083333333333324800 ) ) ;
#861 = CARTESIAN_POINT ( 'NONE',  ( 1.250000000000000200, -2.739288570032478800E-020, 4.198371151552882100 ) ) ;
#862 = DIRECTION ( 'NONE',  ( -0.0000000000000000000, 1.440390079079711300E-056, -1.000000000000000000 ) ) ;
#863 = DIRECTION ( 'NONE',  ( 0.0000000000000000000, 1.000000000000000000, 0.0000000000000000000 ) ) ;
#864 = CARTESIAN_POINT ( 'NONE',  ( -1.763300807568877000, 1.079710344961584000E-016, -0.8593749999999538100 ) ) ;
#865 = PERSON_AND_ORGANIZATION ( #1474, #2799 ) ;
#866 = CARTESIAN_POINT ( 'NONE',  ( 0.8660254037844402600, 1.500000000000001100, 0.4583333333333766100 ) ) ;
#867 = LINE ( 'NONE', #1168, #2025 ) ;
#868 = CARTESIAN_POINT ( 'NONE',  ( 0.0000000000000000000, 1.175240473580835300, -3.749999999999999100 ) ) ;
#869 = EDGE_CURVE ( 'NONE', #2459, #2938, #422, .T. ) ;
#870 = CARTESIAN_POINT ( 'NONE',  ( 1.017788105676658200, 0.5876202367904167500, -3.770833333333332100 ) ) ;
#871 = CARTESIAN_POINT ( 'NONE',  ( 0.6785254037844392600, 1.175240473580835100, -1.791666666666665900 ) ) ;
#872 = CARTESIAN_POINT ( 'NONE',  ( 0.0000000000000000000, 1.500000000000001300, -4.500000000000000900 ) ) ;
#873 =( BOUNDED_CURVE ( )  B_SPLINE_CURVE ( 2, ( #609, #1360, #1841, #3015, #1602, #374, #632 ),
 .UNSPECIFIED., .F., .F. ) 
 B_SPLINE_CURVE_WITH_KNOTS ( ( 3, 2, 2, 3 ),
 ( 0.04982563703363134700, 0.05128205128205128700, 0.06410256410256413900, 0.07692307692307699700 ),
 .UNSPECIFIED. ) 
 CURVE ( )  GEOMETRIC_REPRESENTATION_ITEM ( )  RATIONAL_B_SPLINE_CURVE ( ( 0.9730187808730680300, 0.9847804441533372100, 1.000000000000000000, 0.8660254037844387100, 1.000000000000000000, 0.8660254037844380400, 1.000000000000000700 ) ) 
 REPRESENTATION_ITEM ( '' )  );
#874 = ADVANCED_FACE ( 'NONE', ( #1733 ), #834, .T. ) ;
#875 = CYLINDRICAL_SURFACE ( 'NONE', #1469, 1.500000000000001300 ) ;
#876 = CC_DESIGN_SECURITY_CLASSIFICATION ( #1768, ( #2933 ) ) ;
#877 = CARTESIAN_POINT ( 'NONE',  ( 0.0000000000000000000, 0.0000000000000000000, 4.500000000000000900 ) ) ;
#878 = ORIENTED_EDGE ( 'NONE', *, *, #672, .F. ) ;
#879 = CARTESIAN_POINT ( 'NONE',  ( -1.322475605676657800, -0.7635316469341314500, -0.3177083333332870700 ) ) ;
#880 = ORIENTED_EDGE ( 'NONE', *, *, #2628, .T. ) ;
#881 = CARTESIAN_POINT ( 'NONE',  ( 1.299038105676658900, -0.7500000000000013300, -1.166666666666623000 ) ) ;
#882 = CARTESIAN_POINT ( 'NONE',  ( 1.049523301869558900, 0.5288582131113454000, 1.162499999999999000 ) ) ;
#883 = ORIENTED_EDGE ( 'NONE', *, *, #489, .F. ) ;
#884 = CARTESIAN_POINT ( 'NONE',  ( 1.357050807568877000, -2.492861891654333800E-016, -3.874999999999999100 ) ) ;
#885 = DIRECTION ( 'NONE',  ( -0.0000000000000000000, 1.440390079079711300E-056, -1.000000000000000000 ) ) ;
#886 = CARTESIAN_POINT ( 'NONE',  ( -1.439254484199189400E-016, -1.175240473580835300, -1.499999999999999100 ) ) ;
#887 = VERTEX_POINT ( 'NONE', #1529 ) ;
#888 = DIRECTION ( 'NONE',  ( -0.0000000000000000000, 1.440390079079711300E-056, -1.000000000000000000 ) ) ;
#889 = CARTESIAN_POINT ( 'NONE',  ( 1.732050807568879200, -3.181725716174723500E-016, -0.1249999999999566000 ) ) ;
#890 = ORIENTED_EDGE ( 'NONE', *, *, #2414, .T. ) ;
#891 = CARTESIAN_POINT ( 'NONE',  ( -1.299038105676659300, -0.7500000000000003300, -2.770833333333375200 ) ) ;
#892 = CARTESIAN_POINT ( 'NONE',  ( 0.8816504037844380400, -1.527063293868264000, -1.192708333333287100 ) ) ;
#893 = CARTESIAN_POINT ( 'NONE',  ( -0.6785254037844383700, 1.175240473580835500, -1.645833333333332400 ) ) ;
#894 = CARTESIAN_POINT ( 'NONE',  ( 0.0000000000000000000, 1.296351071171740300E-055, -4.500000000000000900 ) ) ;
#895 = DIRECTION ( 'NONE',  ( -0.0000000000000000000, 1.440390079079711300E-056, -1.000000000000000000 ) ) ;
#896 = ADVANCED_FACE ( 'NONE', ( #767 ), #1273, .T. ) ;
#897 = EDGE_CURVE ( 'NONE', #1891, #2987, #601, .T. ) ;
#898 = CARTESIAN_POINT ( 'NONE',  ( 0.6785254037844380400, -1.175240473580835700, -3.958333333333332600 ) ) ;
#899 = CARTESIAN_POINT ( 'NONE',  ( 0.6785254037844380400, -1.175240473580835500, -4.395833333333332100 ) ) ;
#900 = CARTESIAN_POINT ( 'NONE',  ( -1.017788105676657800, 0.5876202367904177500, 0.3333333333333339300 ) ) ;
#901 = CARTESIAN_POINT ( 'NONE',  ( 0.0000000000000000000, 1.500000000000001300, 1.062499999999958500 ) ) ;
#902 = ORIENTED_EDGE ( 'NONE', *, *, #2796, .F. ) ;
#903 = CARTESIAN_POINT ( 'NONE',  ( 1.299038105676659800, 0.7499999999999995600, -3.583333333333289100 ) ) ;
#904 = CARTESIAN_POINT ( 'NONE',  ( -1.836970198721031200E-016, -1.500000000000001600, -2.749999999999956500 ) ) ;
#905 = CARTESIAN_POINT ( 'NONE',  ( 0.8816504037844392600, 1.527063293868263100, -1.026041666666620300 ) ) ;
#906 = CARTESIAN_POINT ( 'NONE',  ( 0.8660254037844359300, 1.500000000000008900, -1.041666666666622300 ) ) ;
#907 = CARTESIAN_POINT ( 'NONE',  ( -1.017788105676657800, 0.5876202367904177500, -3.166666666666665600 ) ) ;
#908 = CARTESIAN_POINT ( 'NONE',  ( 0.6785254037844380400, -1.175240473580835700, -1.958333333333332400 ) ) ;
#909 = DIRECTION ( 'NONE',  ( 0.0000000000000000000, -1.000000000000000000, -1.440390079079711300E-056 ) ) ;
#910 = DIRECTION ( 'NONE',  ( 0.0000000000000000000, 0.0000000000000000000, 1.000000000000000000 ) ) ;
#911 = CARTESIAN_POINT ( 'NONE',  ( -0.8660254037844399300, -1.500000000000001300, -0.7291666666667088200 ) ) ;
#912 = VECTOR ( 'NONE', #2846, 1000.000000000000000 ) ;
#913 = CARTESIAN_POINT ( 'NONE',  ( -1.017788105676657800, 0.5876202367904177500, -4.104166666666666100 ) ) ;
#914 = EDGE_CURVE ( 'NONE', #125, #1704, #2886, .T. ) ;
#915 = CARTESIAN_POINT ( 'NONE',  ( -1.836970198721031400E-016, -1.500000000000001300, -0.1875000000000418800 ) ) ;
#916 = ORIENTED_EDGE ( 'NONE', *, *, #186, .F. ) ;
#917 = CARTESIAN_POINT ( 'NONE',  ( 1.732050807568879400, -3.181725716174723900E-016, 0.4374999999999578100 ) ) ;
#918 = FACE_OUTER_BOUND ( 'NONE', #2784, .T. ) ;
#919 = CARTESIAN_POINT ( 'NONE',  ( 1.357050807568877000, -2.492861891654333800E-016, -3.374999999999998700 ) ) ;
#920 = ORIENTED_EDGE ( 'NONE', *, *, #2437, .F. ) ;
#921 = CARTESIAN_POINT ( 'NONE',  ( -1.836970198721031200E-016, -1.500000000000001600, -3.249999999999955600 ) ) ;
#922 =( BOUNDED_CURVE ( )  B_SPLINE_CURVE ( 2, ( #2398, #707, #742, #1205, #715, #2428, #1460 ),
 .UNSPECIFIED., .F., .F. ) 
 B_SPLINE_CURVE_WITH_KNOTS ( ( 3, 2, 2, 3 ),
 ( 0.8076923076923076000, 0.8205128205128204800, 0.8333333333333333700, 0.8461538461538462600 ),
 .UNSPECIFIED. ) 
 CURVE ( )  GEOMETRIC_REPRESENTATION_ITEM ( )  RATIONAL_B_SPLINE_CURVE ( ( 1.000000000000001100, 0.8660254037844376000, 1.000000000000000000, 0.8660254037844387100, 1.000000000000000000, 0.8660254037844376000, 1.000000000000001100 ) ) 
 REPRESENTATION_ITEM ( '' )  );
#923 = CARTESIAN_POINT ( 'NONE',  ( 1.322475605676658400, 0.7635316469341306700, -4.536458333333377400 ) ) ;
#924 = VERTEX_POINT ( 'NONE', #96 ) ;
#925 = ORIENTED_EDGE ( 'NONE', *, *, #2414, .F. ) ;
#926 = CARTESIAN_POINT ( 'NONE',  ( 1.322475605676657300, -0.7635316469341323400, 1.848958333333379400 ) ) ;
#927 = EDGE_LOOP ( 'NONE', ( #1038, #703, #2470, #3094 ) ) ;
#928 = CARTESIAN_POINT ( 'NONE',  ( -1.017788105676657800, 0.5876202367904177500, -0.6041666666666660700 ) ) ;
#929 = AXIS2_PLACEMENT_3D ( 'NONE', #2296, #1786, #2029 ) ;
#930 = B_SPLINE_CURVE_WITH_KNOTS ( 'NONE', 3,
 ( #1410, #1161, #1431, #1925, #939, #241 ),
 .UNSPECIFIED., .F., .F.,
 ( 4, 2, 4 ),
 ( 0.001703052493691799700, 0.002077396642684711000, 0.002451740791677622300 ),
 .UNSPECIFIED. ) ;
#931 = ORIENTED_EDGE ( 'NONE', *, *, #386, .F. ) ;
#932 = CARTESIAN_POINT ( 'NONE',  ( -1.439254484199189400E-016, -1.175240473580835300, -2.499999999999999100 ) ) ;
#933 = CARTESIAN_POINT ( 'NONE',  ( -1.017788105676657800, 0.5876202367904177500, -1.104166666666665600 ) ) ;
#934 = CARTESIAN_POINT ( 'NONE',  ( 1.322475605676657300, -0.7635316469341323400, -4.119791666666710500 ) ) ;
#935 = CARTESIAN_POINT ( 'NONE',  ( -1.836970198721031200E-016, -1.500000000000001600, -3.249999999999955600 ) ) ;
#936 = EDGE_CURVE ( 'NONE', #2044, #2263, #46, .T. ) ;
#937 = CARTESIAN_POINT ( 'NONE',  ( -1.299038105676659300, 0.7500000000000008900, -0.8541666666667089300 ) ) ;
#938 = CARTESIAN_POINT ( 'NONE',  ( 1.017788105676657600, -0.5876202367904181900, -3.354166666666666100 ) ) ;
#939 = CARTESIAN_POINT ( 'NONE',  ( 1.250000000000000200, 0.6099678444218477000, 4.335886828494354400 ) ) ;
#940 =( BOUNDED_SURFACE ( )  B_SPLINE_SURFACE ( 1, 2, ( 
 ( #455, #226, #2186, #502, #1502, #765, #2435, #44, #1944, #34, #2903, #1985, #1470, #1266, #750, #980, #2682, #988, #2923, #2475, #738, #2, #1490, #1978, #23, #2706, #1236, #2218, #1715, #2944, #491, #1738, #515, #267, #2912, #2466, #1256, #1482, #306, #289, #2016, #1783, #2950, #1315, #553, #318, #2260, #1997, #1524, #297, #586, #1079, #1850, #2571, #603, #628, #2321, #160, #616, #2560, #2333, #1396, #1125, #3011, #1642, #2806, #1137, #172, #2819, #1385, #1632, #403, #650, #893, #2593, #1147, #2829, #1881, #414, #2309, #850, #2549, #1098, #2787, #1355, #436, #1682, #1160, #183, #2840, #2867, #3104, #195, #682, #1430, #1204, #458, #2132, #928, #2155, #1904, #669, #1179, #948, #2616, #1694, #3080, #1409, #3064, #2856, #1418, #228, #695, #2397, #1897, #2647, #2166, #706, #2411, #1936, #5, #2175, #1958, #2460, #1492, #2914, #1706, #1748, #2686, #26, #2427, #14, #2469, #1002, #961, #1214, #240, #2696, #1947, #1259, #556, #1375, #358, #2780, #1829, #2312, #1873, #1164, #397, #631, #2596, #1645, #653, #2844, #2352, #1887, #3023 ),
 ( #140, #3042, #407, #175, #2104, #1854, #1635, #1401, #385, #2126, #2822, #3054, #165, #2362, #1388, #1861, #2091, #2118, #1140, #898, #2338, #884, #1623, #2607, #868, #640, #1130, #674, #2573, #2810, #2386, #2584, #1150, #919, #2833, #418, #664, #2375, #907, #1411, #3067, #1378, #1657, #3035, #1898, #2619, #187, #2133, #428, #1174, #2859, #149, #1940, #1668, #932, #199, #2169, #730, #2400, #1444, #711, #484, #718, #1434, #1929, #2888, #1195, #3083, #462, #244, #1917, #2191, #2416, #1907, #440, #449, #1676, #2668, #3095, #951, #2629, #1950, #1698, #2180, #2392, #2649, #1452, #1423, #3108, #233, #2431, #473, #1184, #2440, #964, #2657, #2145, #1218, #2898, #1710, #686, #1230, #3075, #1462, #2869, #3118, #213, #975, #2158, #698, #759, #1006, #270, #1016, #2210, #2699, #1261, #37, #282, #1518, #2001, #538, #1720, #2242, #1046, #2752, #1321, #1545, #2996, #1331, #287, #1404, #1003, #3112, #2097, #2816, #2577, #135, #391, #624, #1122, #1847, #2317, #362, #2085, #1605, #2330, #2066, #1364, #2076, #3039, #1352, #853, #1596, #1144, #3009, #2785 ) ),
 .UNSPECIFIED., .F., .F., .F. ) 
 B_SPLINE_SURFACE_WITH_KNOTS ( ( 2, 2 ),
 ( 3, 2, 2, 2, 2, 2, 2, 2, 2, 2, 2, 2, 2, 2, 2, 2, 2, 2, 2, 2, 2, 2, 2, 2, 2, 2, 2, 2, 2, 2, 2, 2, 2, 2, 2, 2, 2, 2, 2, 2, 2, 2, 2, 2, 2, 2, 2, 2, 2, 2, 2, 2, 2, 2, 2, 2, 2, 2, 2, 2, 2, 2, 2, 2, 2, 2, 2, 2, 2, 2, 2, 2, 2, 2, 2, 2, 2, 2, 3 ),
 ( 0.0000000000000000000, 1.000000000000000000 ),
 ( 0.0000000000000000000, 0.01282051282051282000, 0.02564102564102564000, 0.03846153846153846400, 0.05128205128205128000, 0.06410256410256409700, 0.07692307692307692700, 0.08974358974358974400, 0.1025641025641025600, 0.1153846153846153900, 0.1282051282051281900, 0.1410256410256410200, 0.1538461538461538500, 0.1666666666666666600, 0.1794871794871794900, 0.1923076923076923200, 0.2051282051282051200, 0.2179487179487179500, 0.2307692307692307800, 0.2435897435897435800, 0.2564102564102563900, 0.2692307692307692200, 0.2820512820512820500, 0.2948717948717948800, 0.3076923076923077100, 0.3205128205128205400, 0.3333333333333333100, 0.3461538461538461500, 0.3589743589743589800, 0.3717948717948718100, 0.3846153846153846400, 0.3974358974358974100, 0.4102564102564102400, 0.4230769230769230700, 0.4358974358974359000, 0.4487179487179487300, 0.4615384615384615600, 0.4743589743589743400, 0.4871794871794871700, 0.5000000000000000000, 0.5128205128205127700, 0.5256410256410256600, 0.5384615384615384400, 0.5512820512820513200, 0.5641025641025641000, 0.5769230769230768700, 0.5897435897435897600, 0.6025641025641025300, 0.6153846153846154200, 0.6282051282051281900, 0.6410256410256410800, 0.6538461538461538500, 0.6666666666666666300, 0.6794871794871795200, 0.6923076923076922900, 0.7051282051282051800, 0.7179487179487179500, 0.7307692307692307300, 0.7435897435897436100, 0.7564102564102563900, 0.7692307692307692700, 0.7820512820512820500, 0.7948717948717948200, 0.8076923076923077100, 0.8205128205128204800, 0.8333333333333333700, 0.8461538461538461500, 0.8589743589743589200, 0.8717948717948718100, 0.8846153846153845800, 0.8974358974358974700, 0.9102564102564102400, 0.9230769230769231300, 0.9358974358974359000, 0.9487179487179486800, 0.9615384615384615600, 0.9743589743589743400, 0.9871794871794872300, 1.000000000000000000 ),
 .UNSPECIFIED. ) 
 GEOMETRIC_REPRESENTATION_ITEM ( )  RATIONAL_B_SPLINE_SURFACE ( (
 ( 1.000000000000000000, 0.8660254037844387100, 1.000000000000000000, 0.8660254037844387100, 1.000000000000000000, 0.8660254037844387100, 1.000000000000000000, 0.8660254037844387100, 1.000000000000000000, 0.8660254037844387100, 1.000000000000000000, 0.8660254037844387100, 1.000000000000000000, 0.8660254037844387100, 1.000000000000000000, 0.8660254037844387100, 1.000000000000000000, 0.8660254037844387100, 1.000000000000000000, 0.8660254037844387100, 1.000000000000000000, 0.8660254037844387100, 1.000000000000000000, 0.8660254037844387100, 1.000000000000000000, 0.8660254037844387100, 1.000000000000000000, 0.8660254037844387100, 1.000000000000000000, 0.8660254037844387100, 1.000000000000000000, 0.8660254037844387100, 1.000000000000000000, 0.8660254037844387100, 1.000000000000000000, 0.8660254037844387100, 1.000000000000000000, 0.8660254037844387100, 1.000000000000000000, 0.8660254037844387100, 1.000000000000000000, 0.8660254037844387100, 1.000000000000000000, 0.8660254037844387100, 1.000000000000000000, 0.8660254037844387100, 1.000000000000000000, 0.8660254037844387100, 1.000000000000000000, 0.8660254037844387100, 1.000000000000000000, 0.8660254037844387100, 1.000000000000000000, 0.8660254037844387100, 1.000000000000000000, 0.8660254037844387100, 1.000000000000000000, 0.8660254037844387100, 1.000000000000000000, 0.8660254037844387100, 1.000000000000000000, 0.8660254037844387100, 1.000000000000000000, 0.8660254037844387100, 1.000000000000000000, 0.8660254037844387100, 1.000000000000000000, 0.8660254037844387100, 1.000000000000000000, 0.8660254037844387100, 1.000000000000000000, 0.8660254037844387100, 1.000000000000000000, 0.8660254037844387100, 1.000000000000000000, 0.8660254037844387100, 1.000000000000000000, 0.8660254037844387100, 1.000000000000000000, 0.8660254037844387100, 1.000000000000000000, 0.8660254037844387100, 1.000000000000000000, 0.8660254037844387100, 1.000000000000000000, 0.8660254037844387100, 1.000000000000000000, 0.8660254037844387100, 1.000000000000000000, 0.8660254037844387100, 1.000000000000000000, 0.8660254037844387100, 1.000000000000000000, 0.8660254037844387100, 1.000000000000000000, 0.8660254037844387100, 1.000000000000000000, 0.8660254037844387100, 1.000000000000000000, 0.8660254037844387100, 1.000000000000000000, 0.8660254037844387100, 1.000000000000000000, 0.8660254037844387100, 1.000000000000000000, 0.8660254037844387100, 1.000000000000000000, 0.8660254037844387100, 1.000000000000000000, 0.8660254037844387100, 1.000000000000000000, 0.8660254037844387100, 1.000000000000000000, 0.8660254037844387100, 1.000000000000000000, 0.8660254037844387100, 1.000000000000000000, 0.8660254037844387100, 1.000000000000000000, 0.8660254037844387100, 1.000000000000000000, 0.8660254037844387100, 1.000000000000000000, 0.8660254037844387100, 1.000000000000000000, 0.8660254037844387100, 1.000000000000000000, 0.8660254037844387100, 1.000000000000000000, 0.8660254037844387100, 1.000000000000000000, 0.8660254037844387100, 1.000000000000000000, 0.8660254037844387100, 1.000000000000000000, 0.8660254037844387100, 1.000000000000000000, 0.8660254037844387100, 1.000000000000000000, 0.8660254037844387100, 1.000000000000000000, 0.8660254037844387100, 1.000000000000000000, 0.8660254037844387100, 1.000000000000000000, 0.8660254037844387100, 1.000000000000000000, 0.8660254037844387100, 1.000000000000000000, 0.8660254037844387100, 1.000000000000000000, 0.8660254037844387100, 1.000000000000000000, 0.8660254037844387100, 1.000000000000000000, 0.8660254037844387100, 1.000000000000000000),
 ( 1.000000000000000000, 0.8660254037844387100, 1.000000000000000000, 0.8660254037844387100, 1.000000000000000000, 0.8660254037844387100, 1.000000000000000000, 0.8660254037844387100, 1.000000000000000000, 0.8660254037844387100, 1.000000000000000000, 0.8660254037844387100, 1.000000000000000000, 0.8660254037844387100, 1.000000000000000000, 0.8660254037844387100, 1.000000000000000000, 0.8660254037844387100, 1.000000000000000000, 0.8660254037844387100, 1.000000000000000000, 0.8660254037844387100, 1.000000000000000000, 0.8660254037844387100, 1.000000000000000000, 0.8660254037844387100, 1.000000000000000000, 0.8660254037844387100, 1.000000000000000000, 0.8660254037844387100, 1.000000000000000000, 0.8660254037844387100, 1.000000000000000000, 0.8660254037844387100, 1.000000000000000000, 0.8660254037844387100, 1.000000000000000000, 0.8660254037844387100, 1.000000000000000000, 0.8660254037844387100, 1.000000000000000000, 0.8660254037844387100, 1.000000000000000000, 0.8660254037844387100, 1.000000000000000000, 0.8660254037844387100, 1.000000000000000000, 0.8660254037844387100, 1.000000000000000000, 0.8660254037844387100, 1.000000000000000000, 0.8660254037844387100, 1.000000000000000000, 0.8660254037844387100, 1.000000000000000000, 0.8660254037844387100, 1.000000000000000000, 0.8660254037844387100, 1.000000000000000000, 0.8660254037844387100, 1.000000000000000000, 0.8660254037844387100, 1.000000000000000000, 0.8660254037844387100, 1.000000000000000000, 0.8660254037844387100, 1.000000000000000000, 0.8660254037844387100, 1.000000000000000000, 0.8660254037844387100, 1.000000000000000000, 0.8660254037844387100, 1.000000000000000000, 0.8660254037844387100, 1.000000000000000000, 0.8660254037844387100, 1.000000000000000000, 0.8660254037844387100, 1.000000000000000000, 0.8660254037844387100, 1.000000000000000000, 0.8660254037844387100, 1.000000000000000000, 0.8660254037844387100, 1.000000000000000000, 0.8660254037844387100, 1.000000000000000000, 0.8660254037844387100, 1.000000000000000000, 0.8660254037844387100, 1.000000000000000000, 0.8660254037844387100, 1.000000000000000000, 0.8660254037844387100, 1.000000000000000000, 0.8660254037844387100, 1.000000000000000000, 0.8660254037844387100, 1.000000000000000000, 0.8660254037844387100, 1.000000000000000000, 0.8660254037844387100, 1.000000000000000000, 0.8660254037844387100, 1.000000000000000000, 0.8660254037844387100, 1.000000000000000000, 0.8660254037844387100, 1.000000000000000000, 0.8660254037844387100, 1.000000000000000000, 0.8660254037844387100, 1.000000000000000000, 0.8660254037844387100, 1.000000000000000000, 0.8660254037844387100, 1.000000000000000000, 0.8660254037844387100, 1.000000000000000000, 0.8660254037844387100, 1.000000000000000000, 0.8660254037844387100, 1.000000000000000000, 0.8660254037844387100, 1.000000000000000000, 0.8660254037844387100, 1.000000000000000000, 0.8660254037844387100, 1.000000000000000000, 0.8660254037844387100, 1.000000000000000000, 0.8660254037844387100, 1.000000000000000000, 0.8660254037844387100, 1.000000000000000000, 0.8660254037844387100, 1.000000000000000000, 0.8660254037844387100, 1.000000000000000000, 0.8660254037844387100, 1.000000000000000000, 0.8660254037844387100, 1.000000000000000000, 0.8660254037844387100, 1.000000000000000000, 0.8660254037844387100, 1.000000000000000000, 0.8660254037844387100, 1.000000000000000000, 0.8660254037844387100, 1.000000000000000000, 0.8660254037844387100, 1.000000000000000000, 0.8660254037844387100, 1.000000000000000000, 0.8660254037844387100, 1.000000000000000000) ) ) 
 REPRESENTATION_ITEM ( '' )  SURFACE ( )  );
#941 = CARTESIAN_POINT ( 'NONE',  ( 1.017788105676658200, 0.5876202367904167500, -2.833333333333332600 ) ) ;
#942 = EDGE_CURVE ( 'NONE', #2938, #1849, #114, .T. ) ;
#943 = EDGE_LOOP ( 'NONE', ( #390, #1200, #2110, #514, #2852, #1395 ) ) ;
#944 = CARTESIAN_POINT ( 'NONE',  ( -1.439254484199189400E-016, -1.175240473580835300, -0.9374999999999991100 ) ) ;
#945 = CARTESIAN_POINT ( 'NONE',  ( -0.8816504037844382600, 1.527063293868263300, -4.911458333333379200 ) ) ;
#946 = CARTESIAN_POINT ( 'NONE',  ( -1.299038105676659300, -0.7500000000000003300, 0.2291666666666248900 ) ) ;
#947 = CARTESIAN_POINT ( 'NONE',  ( 0.0000000000000000000, 1.175240473580835300, -3.187499999999999100 ) ) ;
#948 = CARTESIAN_POINT ( 'NONE',  ( 0.6785254037844380400, -1.175240473580835700, -0.3958333333333322600 ) ) ;
#949 = CARTESIAN_POINT ( 'NONE',  ( 0.0000000000000000000, -9.963129310404512500E-014, 1000.483974596215500 ) ) ;
#950 = B_SPLINE_CURVE_WITH_KNOTS ( 'NONE', 3,
 ( #2797, #1571, #133, #2535, #2552, #2782 ),
 .UNSPECIFIED., .F., .F.,
 ( 4, 2, 4 ),
 ( 0.004964432020857527900, 0.005631479194613752200, 0.006298526368369977400 ),
 .UNSPECIFIED. ) ;
#951 = CARTESIAN_POINT ( 'NONE',  ( 0.6785254037844380400, -1.175240473580835700, -1.458333333333332400 ) ) ;
#952 = FACE_OUTER_BOUND ( 'NONE', #1804, .T. ) ;
#953 = CARTESIAN_POINT ( 'NONE',  ( 1.017788105676658200, 0.5876202367904167500, -0.2708333333333321500 ) ) ;
#954 = CARTESIAN_POINT ( 'NONE',  ( -1.870113174931182600E-016, -1.527063293868263300, -4.703125000000044400 ) ) ;
#955 = CARTESIAN_POINT ( 'NONE',  ( -0.3692440718396622900, -1.445217446685694200, -4.195021744314006500 ) ) ;
#956 = FACE_OUTER_BOUND ( 'NONE', #2708, .T. ) ;
#957 = CARTESIAN_POINT ( 'NONE',  ( 0.0000000000000000000, 1.500000000000001600, 4.348667151203577900E-014 ) ) ;
#958 = CARTESIAN_POINT ( 'NONE',  ( -0.6785254037844383700, 1.175240473580835500, -4.645833333333333000 ) ) ;
#959 = FACE_OUTER_BOUND ( 'NONE', #53, .T. ) ;
#960 = EDGE_CURVE ( 'NONE', #2772, #2938, #1835, .T. ) ;
#961 = CARTESIAN_POINT ( 'NONE',  ( -1.017788105676657800, 0.5876202367904177500, 0.8958333333333343700 ) ) ;
#962 = DIRECTION ( 'NONE',  ( -0.8660254037844388200, 0.4999999999999997200, 0.0000000000000000000 ) ) ;
#963 = VERTEX_POINT ( 'NONE', #1367 ) ;
#964 = CARTESIAN_POINT ( 'NONE',  ( 1.017788105676658200, 0.5876202367904167500, -0.8333333333333325900 ) ) ;
#965 = CARTESIAN_POINT ( 'NONE',  ( -1.017788105676657800, 0.5876202367904177500, -2.104166666666665600 ) ) ;
#966 = CARTESIAN_POINT ( 'NONE',  ( 1.322475605676657300, -0.7635316469341323400, -4.619791666666711400 ) ) ;
#967 = EDGE_LOOP ( 'NONE', ( #323, #13, #1561, #2997 ) ) ;
#968 = CARTESIAN_POINT ( 'NONE',  ( -0.8660254037844421500, -1.499999999999997300, 0.2708333333332911300 ) ) ;
#969 = CARTESIAN_POINT ( 'NONE',  ( -1.299038105676659300, -0.7500000000000004400, 0.1666666666667100100 ) ) ;
#970 = ORIENTED_EDGE ( 'NONE', *, *, #1081, .F. ) ;
#971 = CARTESIAN_POINT ( 'NONE',  ( 1.017788105676658200, 0.5876202367904167500, -0.7708333333333325900 ) ) ;
#972 = CARTESIAN_POINT ( 'NONE',  ( -0.8660254037844356000, -1.500000000000008700, -3.729166666666707800 ) ) ;
#973 = ORIENTED_EDGE ( 'NONE', *, *, #1043, .T. ) ;
#974 = B_SPLINE_CURVE_WITH_KNOTS ( 'NONE', 3,
 ( #1542, #592, #2049, #1796, #1481, #1397 ),
 .UNSPECIFIED., .F., .F.,
 ( 4, 2, 4 ),
 ( 0.0007647701669575294100, 0.001138845728486599000, 0.001512921290015668600 ),
 .UNSPECIFIED. ) ;
#975 = CARTESIAN_POINT ( 'NONE',  ( 0.6785254037844392600, 1.175240473580835100, -0.2916666666666657400 ) ) ;
#976 = CARTESIAN_POINT ( 'NONE',  ( 1.017788105676658200, 0.5876202367904167500, -1.270833333333332600 ) ) ;
#977 = CARTESIAN_POINT ( 'NONE',  ( -1.322475605676657800, -0.7635316469341314500, -0.7864583333333776700 ) ) ;
#978 = DIRECTION ( 'NONE',  ( 0.0000000000000000000, -0.7071067811865462400, 0.7071067811865489100 ) ) ;
#979 = CARTESIAN_POINT ( 'NONE',  ( -0.8660254037844393700, 1.500000000000001100, 0.04166666666671076800 ) ) ;
#980 = CARTESIAN_POINT ( 'NONE',  ( -1.357050807568877000, 8.309539638847779000E-017, -4.062499999999999100 ) ) ;
#981 = CARTESIAN_POINT ( 'NONE',  ( 0.0000000000000000000, 1.175240473580835300, -1.687499999999998900 ) ) ;
#982 = VERTEX_POINT ( 'NONE', #837 ) ;
#983 = CARTESIAN_POINT ( 'NONE',  ( 0.0000000000000000000, 1.175240473580835300, -4.249999999999998200 ) ) ;
#984 = CARTESIAN_POINT ( 'NONE',  ( 1.017788105676658200, 0.5876202367904167500, 0.2291666666666674600 ) ) ;
#985 = CARTESIAN_POINT ( 'NONE',  ( 0.8816504037844392600, 1.527063293868263100, -2.494791666666710900 ) ) ;
#986 = CALENDAR_DATE ( 2025, 16, 7 ) ;
#987 = CARTESIAN_POINT ( 'NONE',  ( 1.836970198721031400E-016, -1.500000000000001300, -4.500000000000000900 ) ) ;
#988 = CARTESIAN_POINT ( 'NONE',  ( -0.6785254037844388200, -1.175240473580835300, -3.979166666666665200 ) ) ;
#989 = CONICAL_SURFACE ( 'NONE', #709, 2.750000000000000000, 0.7853981633974511700 ) ;
#990 = CARTESIAN_POINT ( 'NONE',  ( 1.017788105676657600, -0.5876202367904181900, -1.354166666666665900 ) ) ;
#991 = CARTESIAN_POINT ( 'NONE',  ( -0.8660254037844349300, 1.500000000000008900, -3.895833333333375700 ) ) ;
#992 = CARTESIAN_POINT ( 'NONE',  ( 1.017788105676658200, 0.5876202367904167500, -0.8333333333333325900 ) ) ;
#993 = ORIENTED_EDGE ( 'NONE', *, *, #2684, .T. ) ;
#994 = CARTESIAN_POINT ( 'NONE',  ( 1.017788105676657600, -0.5876202367904181900, 0.1458333333333346200 ) ) ;
#995 = CARTESIAN_POINT ( 'NONE',  ( -1.870113174931182600E-016, -1.527063293868263300, -1.703125000000044400 ) ) ;
#996 = CARTESIAN_POINT ( 'NONE',  ( -1.732050807568879200, 1.060575238724907800E-016, -1.874999999999956500 ) ) ;
#997 = ORIENTED_EDGE ( 'NONE', *, *, #1681, .T. ) ;
#998 = CARTESIAN_POINT ( 'NONE',  ( -1.732050807568879400, 1.060575238724908000E-016, 0.6874999999999583700 ) ) ;
#999 = CARTESIAN_POINT ( 'NONE',  ( 0.6785254037844380400, -1.175240473580835700, -0.8958333333333322600 ) ) ;
#1000 = EDGE_CURVE ( 'NONE', #2226, #562, #2634, .T. ) ;
#1001 = ORIENTED_EDGE ( 'NONE', *, *, #2526, .F. ) ;
#1002 = CARTESIAN_POINT ( 'NONE',  ( -0.6785254037844383700, 1.175240473580835500, 0.8541666666666671800 ) ) ;
#1003 = CARTESIAN_POINT ( 'NONE',  ( 0.0000000000000000000, 1.175240473580835300, 0.7500000000000006700 ) ) ;
#1004 = CARTESIAN_POINT ( 'NONE',  ( 1.357050807568876700, -2.492861891654333800E-016, -1.874999999999999100 ) ) ;
#1005 = ORIENTED_EDGE ( 'NONE', *, *, #936, .F. ) ;
#1006 = CARTESIAN_POINT ( 'NONE',  ( -1.357050807568877000, 8.309539638847779000E-017, -0.1249999999999992500 ) ) ;
#1007 = CARTESIAN_POINT ( 'NONE',  ( 0.0000000000000000000, 1.175240473580835300, 0.3125000000000011700 ) ) ;
#1008 = CARTESIAN_POINT ( 'NONE',  ( 1.763300807568877000, -3.239131034884752100E-016, -1.078125000000044400 ) ) ;
#1009 = ORIENTED_EDGE ( 'NONE', *, *, #649, .T. ) ;
#1010 = AXIS2_PLACEMENT_3D ( 'NONE', #3014, #1112, #131 ) ;
#1011 = DIRECTION ( 'NONE',  ( 0.0000000000000000000, -1.440390079079711300E-056, 1.000000000000000000 ) ) ;
#1012 = CARTESIAN_POINT ( 'NONE',  ( 0.0000000000000000000, 1.500000000000001300, 0.06249999999995835300 ) ) ;
#1013 = CARTESIAN_POINT ( 'NONE',  ( -1.439254484199189400E-016, -1.175240473580835300, -1.437499999999999100 ) ) ;
#1014 = ADVANCED_FACE ( 'NONE', ( #2256 ), #1111, .T. ) ;
#1015 = CARTESIAN_POINT ( 'NONE',  ( -1.017788105676658000, -0.5876202367904174200, -2.083333333333332600 ) ) ;
#1016 = CARTESIAN_POINT ( 'NONE',  ( -0.6785254037844388200, -1.175240473580835300, -0.04166666666666554700 ) ) ;
#1017 = CARTESIAN_POINT ( 'NONE',  ( 0.6785254037844380400, -1.175240473580835500, 1.104166666666667400 ) ) ;
#1018 = CARTESIAN_POINT ( 'NONE',  ( -0.8816504037844382600, 1.527063293868263300, -0.9114583333333777800 ) ) ;
#1019 = ORIENTED_EDGE ( 'NONE', *, *, #79, .T. ) ;
#1020 =( BOUNDED_CURVE ( )  B_SPLINE_CURVE ( 2, ( #1368, #2276, #2511, #2032, #1036, #1291, #2079 ),
 .UNSPECIFIED., .F., .F. ) 
 B_SPLINE_CURVE_WITH_KNOTS ( ( 3, 2, 2, 3 ),
 ( 0.3846153846153845800, 0.3974358974358974700, 0.4102564102564102400, 0.4230769230769231300 ),
 .UNSPECIFIED. ) 
 CURVE ( )  GEOMETRIC_REPRESENTATION_ITEM ( )  RATIONAL_B_SPLINE_CURVE ( ( 1.000000000000000000, 0.8660254037844386000, 1.000000000000000000, 0.8660254037844386000, 1.000000000000000000, 0.8660254037844386000, 1.000000000000000000 ) ) 
 REPRESENTATION_ITEM ( '' )  );
#1021 = EDGE_CURVE ( 'NONE', #503, #2715, #370, .T. ) ;
#1022 = CARTESIAN_POINT ( 'NONE',  ( 1.732050807568879400, -3.181725716174723900E-016, -0.5625000000000423000 ) ) ;
#1023 = CARTESIAN_POINT ( 'NONE',  ( -0.1623532086563822800, -1.302164776189307800, -4.373075697391144900 ) ) ;
#1024 = CARTESIAN_POINT ( 'NONE',  ( -1.017788105676657800, 0.5876202367904177500, -2.666666666666665600 ) ) ;
#1025 = CARTESIAN_POINT ( 'NONE',  ( -1.439254484199189400E-016, -1.175240473580835300, 0.5625000000000004400 ) ) ;
#1026 = CARTESIAN_POINT ( 'NONE',  ( -1.322475605676657800, -0.7635316469341314500, 0.2135416666666223300 ) ) ;
#1027 = APPROVAL_DATE_TIME ( #1228, #2031 ) ;
#1028 = LINE ( 'NONE', #2136, #1685 ) ;
#1029 = CARTESIAN_POINT ( 'NONE',  ( 1.299038105676659600, 0.7499999999999995600, -0.5208333333333748900 ) ) ;
#1030 = CARTESIAN_POINT ( 'NONE',  ( -1.017788105676657800, 0.5876202367904177500, 0.3958333333333339800 ) ) ;
#1031 = CYLINDRICAL_SURFACE ( 'NONE', #2090, 1.500000000000001300 ) ;
#1032 = AXIS2_PLACEMENT_3D ( 'NONE', #99, #2504, #560 ) ;
#1033 = CARTESIAN_POINT ( 'NONE',  ( 0.8660254037844402600, 1.500000000000001100, -1.541666666666623000 ) ) ;
#1034 = CARTESIAN_POINT ( 'NONE',  ( 0.6785254037844380400, -1.175240473580835500, -0.9583333333333322600 ) ) ;
#1035 = CYLINDRICAL_SURFACE ( 'NONE', #1792, 1.500000000000001300 ) ;
#1036 = CARTESIAN_POINT ( 'NONE',  ( 1.299038105676658900, -0.7500000000000013300, -1.104166666666708700 ) ) ;
#1037 = CARTESIAN_POINT ( 'NONE',  ( 0.8816504037844380400, -1.527063293868264000, 1.338541666666622600 ) ) ;
#1038 = ORIENTED_EDGE ( 'NONE', *, *, #960, .F. ) ;
#1039 = DIRECTION ( 'NONE',  ( -0.0000000000000000000, 1.440390079079711300E-056, -1.000000000000000000 ) ) ;
#1040 = CARTESIAN_POINT ( 'NONE',  ( 1.299038105676658900, -0.7500000000000013300, -0.6041666666667087100 ) ) ;
#1041 = EDGE_LOOP ( 'NONE', ( #388, #168, #993, #1777 ) ) ;
#1042 = CARTESIAN_POINT ( 'NONE',  ( 0.0000000000000000000, 1.175240473580835300, 0.8125000000000006700 ) ) ;
#1043 = EDGE_CURVE ( 'NONE', #527, #748, #2952, .T. ) ;
#1044 = ORIENTED_EDGE ( 'NONE', *, *, #2723, .F. ) ;
#1045 = VERTEX_POINT ( 'NONE', #594 ) ;
#1046 = CARTESIAN_POINT ( 'NONE',  ( -1.017788105676658000, -0.5876202367904174200, 0.4166666666666676300 ) ) ;
#1047 = ORIENTED_EDGE ( 'NONE', *, *, #1278, .F. ) ;
#1048 = CARTESIAN_POINT ( 'NONE',  ( 0.8816504037844380400, -1.527063293868264000, 0.3385416666666225000 ) ) ;
#1049 = CARTESIAN_POINT ( 'NONE',  ( 1.836970198721031400E-016, -1.500000000000001300, -4.500000000000000900 ) ) ;
#1050 = AXIS2_PLACEMENT_3D ( 'NONE', #1441, #2156, #2176 ) ;
#1051 = CARTESIAN_POINT ( 'NONE',  ( 3.811135273339662300E-016, -1.443375672974064300, 4.391746824526945800 ) ) ;
#1052 = CARTESIAN_POINT ( 'NONE',  ( 0.0000000000000000000, 1.175240473580835300, 1.312500000000001100 ) ) ;
#1053 = CARTESIAN_POINT ( 'NONE',  ( -0.6785254037844388200, -1.175240473580835100, -0.04166666666666554700 ) ) ;
#1054 = CARTESIAN_POINT ( 'NONE',  ( 0.0000000000000000000, 1.527063293868263300, -2.484374999999953800 ) ) ;
#1055 = CARTESIAN_POINT ( 'NONE',  ( -1.763300807568877000, 1.079710344961584000E-016, 0.6718749999999554800 ) ) ;
#1056 = ADVANCED_FACE ( 'NONE', ( #1504 ), #2373, .T. ) ;
#1057 = CARTESIAN_POINT ( 'NONE',  ( 0.1647871618767669200, -1.173140292258630000, -4.493416134967283400 ) ) ;
#1058 = EDGE_CURVE ( 'NONE', #2381, #2074, #752, .T. ) ;
#1059 = CARTESIAN_POINT ( 'NONE',  ( 1.017788105676657600, -0.5876202367904181900, -2.916666666666665600 ) ) ;
#1060 = CARTESIAN_POINT ( 'NONE',  ( -0.6785254037844383700, 1.175240473580835500, 1.354166666666667600 ) ) ;
#1061 = CARTESIAN_POINT ( 'NONE',  ( -1.439254484199189400E-016, -1.175240473580835300, 8.673617379884035500E-016 ) ) ;
#1062 = FACE_OUTER_BOUND ( 'NONE', #943, .T. ) ;
#1063 = CARTESIAN_POINT ( 'NONE',  ( 0.0000000000000000000, 1.527063293868263300, -3.484374999999953800 ) ) ;
#1064 = CARTESIAN_POINT ( 'NONE',  ( 1.763300807568877000, -3.239131034884752100E-016, -0.07812500000004429800 ) ) ;
#1065 = CONICAL_SURFACE ( 'NONE', #1613, 2.600000000000000100, 0.7853981633974482800 ) ;
#1066 = CARTESIAN_POINT ( 'NONE',  ( 0.6364384854882162400, -1.034180173152849300, -4.472044762563819600 ) ) ;
#1067 = AXIS2_PLACEMENT_3D ( 'NONE', #1246, #1501, #1955 ) ;
#1068 = VECTOR ( 'NONE', #2051, 1000.000000000000000 ) ;
#1069 = CARTESIAN_POINT ( 'NONE',  ( -0.8455873006056735500, -0.9551756173460496100, 4.218916260448521500 ) ) ;
#1070 = CARTESIAN_POINT ( 'NONE',  ( -1.439254484199189400E-016, -1.175240473580835300, -2.499999999999999100 ) ) ;
#1071 = CARTESIAN_POINT ( 'NONE',  ( 1.250000000000000000, -0.7216878364870316100, -2.318813079129866200 ) ) ;
#1072 = ORIENTED_EDGE ( 'NONE', *, *, #1746, .F. ) ;
#1073 = ADVANCED_FACE ( 'NONE', ( #2925 ), #1655, .F. ) ;
#1074 = VERTEX_POINT ( 'NONE', #1882 ) ;
#1075 = DIRECTION ( 'NONE',  ( -0.0000000000000000000, 1.440390079079711300E-056, -1.000000000000000000 ) ) ;
#1076 =( BOUNDED_CURVE ( )  B_SPLINE_CURVE ( 2, ( #2423, #2681, #2434, #2198, #490, #737, #2465 ),
 .UNSPECIFIED., .F., .F. ) 
 B_SPLINE_CURVE_WITH_KNOTS ( ( 3, 2, 2, 3 ),
 ( 0.1538461538461539100, 0.1666666666666667400, 0.1794871794871795700, 0.1923076923076924300 ),
 .UNSPECIFIED. ) 
 CURVE ( )  GEOMETRIC_REPRESENTATION_ITEM ( )  RATIONAL_B_SPLINE_CURVE ( ( 0.9999999999999994400, 0.8660254037844392600, 1.000000000000000000, 0.8660254037844387100, 1.000000000000000000, 0.8660254037844376000, 1.000000000000001100 ) ) 
 REPRESENTATION_ITEM ( '' )  );
#1077 = CARTESIAN_POINT ( 'NONE',  ( -1.870113174931182600E-016, -1.527063293868263300, -1.734374999999953800 ) ) ;
#1078 = ORIENTED_EDGE ( 'NONE', *, *, #1128, .T. ) ;
#1079 = CARTESIAN_POINT ( 'NONE',  ( -1.357050807568877000, 8.309539638847779000E-017, -2.562499999999999100 ) ) ;
#1080 = CARTESIAN_POINT ( 'NONE',  ( 1.732050807568879400, -3.181725716174723900E-016, -3.062500000000042200 ) ) ;
#1081 = EDGE_CURVE ( 'NONE', #2864, #1247, #607, .T. ) ;
#1082 = CARTESIAN_POINT ( 'NONE',  ( 0.8816504037844392600, 1.527063293868263100, -4.026041666666620800 ) ) ;
#1083 = ORIENTED_EDGE ( 'NONE', *, *, #2887, .F. ) ;
#1084 = CARTESIAN_POINT ( 'NONE',  ( 0.0000000000000000000, 0.0000000000000000000, 0.0000000000000000000 ) ) ;
#1085 = CARTESIAN_POINT ( 'NONE',  ( -0.4090586785750387500, -1.207205534784412800, 4.197837918555813500 ) ) ;
#1086 = CARTESIAN_POINT ( 'NONE',  ( 0.6785254037844392600, 1.175240473580835100, -3.291666666666665600 ) ) ;
#1087 = VERTEX_POINT ( 'NONE', #915 ) ;
#1088 = DIRECTION ( 'NONE',  ( -0.0000000000000000000, -0.0000000000000000000, 1.000000000000000000 ) ) ;
#1089 = CARTESIAN_POINT ( 'NONE',  ( 1.322475605676658400, 0.7635316469341306700, -1.567708333333287300 ) ) ;
#1090 = CARTESIAN_POINT ( 'NONE',  ( -0.8660254037844356000, -1.500000000000008900, 1.208333333333377700 ) ) ;
#1091 = CARTESIAN_POINT ( 'NONE',  ( 1.121107958840568100, -0.3525721420742722900, 1.162499999999999000 ) ) ;
#1092 = CARTESIAN_POINT ( 'NONE',  ( 1.836970198721031400E-016, -1.500000000000001300, -4.500000000000000900 ) ) ;
#1093 = AXIS2_PLACEMENT_3D ( 'NONE', #1095, #2565, #2791 ) ;
#1094 = CARTESIAN_POINT ( 'NONE',  ( 1.017788105676657600, -0.5876202367904181900, -3.416666666666666100 ) ) ;
#1095 = CARTESIAN_POINT ( 'NONE',  ( 0.0000000000000000000, 2.600000000000000100, 1.500000000000000400 ) ) ;
#1096 = DIRECTION ( 'NONE',  ( -0.0000000000000000000, 1.440390079079711300E-056, -1.000000000000000000 ) ) ;
#1097 = CARTESIAN_POINT ( 'NONE',  ( 0.8816504037844380400, -1.527063293868264000, -3.192708333333287300 ) ) ;
#1098 = CARTESIAN_POINT ( 'NONE',  ( 1.017788105676658200, 0.5876202367904167500, -1.270833333333332600 ) ) ;
#1099 = CARTESIAN_POINT ( 'NONE',  ( 0.0000000000000000000, 4.105111725377174900E-056, 1.650000000000001200 ) ) ;
#1100 = CARTESIAN_POINT ( 'NONE',  ( 0.0000000000000000000, 1.500000000000001300, -3.437500000000041700 ) ) ;
#1101 = CARTESIAN_POINT ( 'NONE',  ( -1.763300807568877000, 1.079710344961584000E-016, -4.359374999999953800 ) ) ;
#1102 = APPROVAL_ROLE ( '' ) ;
#1103 = EDGE_CURVE ( 'NONE', #741, #125, #3088, .T. ) ;
#1104 = CARTESIAN_POINT ( 'NONE',  ( -1.439254484199189400E-016, -1.175240473580835300, -2.999999999999999100 ) ) ;
#1105 = CARTESIAN_POINT ( 'NONE',  ( 0.0000000000000000000, 4.321170237239132100E-056, 1.500000000000001300 ) ) ;
#1106 = FACE_OUTER_BOUND ( 'NONE', #369, .T. ) ;
#1107 = ADVANCED_FACE ( 'NONE', ( #198 ), #835, .T. ) ;
#1108 = CARTESIAN_POINT ( 'NONE',  ( 1.430908802125178600, -0.4500000000007677900, 1.350000000000001000 ) ) ;
#1109 = DIRECTION ( 'NONE',  ( 0.0000000000000000000, 1.000000000000000000, 0.0000000000000000000 ) ) ;
#1110 = CARTESIAN_POINT ( 'NONE',  ( -1.322475605676657800, -0.7635316469341314500, 0.6822916666667129300 ) ) ;
#1111 = PLANE ( 'NONE',  #3034 ) ;
#1112 = DIRECTION ( 'NONE',  ( -0.0000000000000000000, 1.440390079079711300E-056, -1.000000000000000000 ) ) ;
#1113 = VECTOR ( 'NONE', #847, 1000.000000000000000 ) ;
#1114 = CARTESIAN_POINT ( 'NONE',  ( 1.250000000000000200, 0.7216878364870319400, 4.391746824526945800 ) ) ;
#1115 = AXIS2_PLACEMENT_3D ( 'NONE', #2313, #1583, #3025 ) ;
#1116 = CARTESIAN_POINT ( 'NONE',  ( 1.836970198721031400E-016, -1.500000000000001300, -4.500000000000000900 ) ) ;
#1117 = CARTESIAN_POINT ( 'NONE',  ( 0.6785254037844380400, -1.175240473580835700, -0.4583333333333322600 ) ) ;
#1118 = VECTOR ( 'NONE', #2716, 1000.000000000000000 ) ;
#1119 = CARTESIAN_POINT ( 'NONE',  ( 0.0000000000000000000, 1.500000000000001600, -1.999999999999955800 ) ) ;
#1120 =( BOUNDED_CURVE ( )  B_SPLINE_CURVE ( 2, ( #777, #2492, #2942, #747, #2245, #785, #32 ),
 .UNSPECIFIED., .F., .F. ) 
 B_SPLINE_CURVE_WITH_KNOTS ( ( 3, 2, 2, 3 ),
 ( 0.5769230769230769800, 0.5897435897435898700, 0.6025641025641026400, 0.6153846153846154200 ),
 .UNSPECIFIED. ) 
 CURVE ( )  GEOMETRIC_REPRESENTATION_ITEM ( )  RATIONAL_B_SPLINE_CURVE ( ( 0.9999999999999988900, 0.8660254037844397100, 1.000000000000000000, 0.8660254037844386000, 1.000000000000000000, 0.8660254037844386000, 1.000000000000000000 ) ) 
 REPRESENTATION_ITEM ( '' )  );
#1121 = VERTEX_POINT ( 'NONE', #1643 ) ;
#1122 = CARTESIAN_POINT ( 'NONE',  ( 1.017788105676657600, -0.5876202367904181900, 1.083333333333333700 ) ) ;
#1123 = CARTESIAN_POINT ( 'NONE',  ( 1.322475605676658400, 0.7635316469341306700, -0.06770833333328685200 ) ) ;
#1124 = ORIENTED_EDGE ( 'NONE', *, *, #2189, .F. ) ;
#1125 = CARTESIAN_POINT ( 'NONE',  ( -1.017788105676657800, 0.5876202367904177500, -2.104166666666665600 ) ) ;
#1126 = CARTESIAN_POINT ( 'NONE',  ( 1.299038105676658900, -0.7500000000000013300, -3.104166666666708300 ) ) ;
#1127 = CARTESIAN_POINT ( 'NONE',  ( -1.299038105676659300, -0.7500000000000003300, -1.270833333333375000 ) ) ;
#1128 = EDGE_CURVE ( 'NONE', #600, #2711, #691, .T. ) ;
#1129 = ORIENTED_EDGE ( 'NONE', *, *, #2103, .F. ) ;
#1130 = CARTESIAN_POINT ( 'NONE',  ( -1.017788105676657800, 0.5876202367904177500, -3.666666666666665600 ) ) ;
#1131 = DIRECTION ( 'NONE',  ( 0.0000000000000000000, 0.0000000000000000000, 1.000000000000000000 ) ) ;
#1132 = CARTESIAN_POINT ( 'NONE',  ( 1.357050807568877000, -2.492861891654333800E-016, -0.8749999999999990000 ) ) ;
#1133 = DIRECTION ( 'NONE',  ( -0.0000000000000000000, -0.0000000000000000000, 1.000000000000000000 ) ) ;
#1134 = CARTESIAN_POINT ( 'NONE',  ( 0.0000000000000000000, 1.500000000000001300, 0.5624999999999579200 ) ) ;
#1135 = CARTESIAN_POINT ( 'NONE',  ( 1.250000000000000200, 0.7216878364870319400, 2.500000000000000400 ) ) ;
#1136 = CARTESIAN_POINT ( 'NONE',  ( -1.322475605676657800, 0.7635316469341318900, 0.09895833333337968100 ) ) ;
#1137 = CARTESIAN_POINT ( 'NONE',  ( -1.439254484199189400E-016, -1.175240473580835300, -1.937499999999999100 ) ) ;
#1138 = EDGE_LOOP ( 'NONE', ( #1157, #2069, #92, #508 ) ) ;
#1139 = CARTESIAN_POINT ( 'NONE',  ( -1.836970198721031200E-016, -1.500000000000001600, -0.7499999999999563700 ) ) ;
#1140 = CARTESIAN_POINT ( 'NONE',  ( -1.439254484199189400E-016, -1.175240473580835300, -3.999999999999999100 ) ) ;
#1141 = CARTESIAN_POINT ( 'NONE',  ( 0.0000000000000000000, 1.175240473580835300, -2.687499999999999100 ) ) ;
#1142 = CARTESIAN_POINT ( 'NONE',  ( -1.017788105676658000, -0.5876202367904174200, -0.08333333333333282900 ) ) ;
#1143 = CARTESIAN_POINT ( 'NONE',  ( 0.0000000000000000000, 1.500000000000001600, -1.499999999999956000 ) ) ;
#1144 = CARTESIAN_POINT ( 'NONE',  ( 1.017788105676658200, 0.5876202367904167500, 1.666666666666667900 ) ) ;
#1145 = CARTESIAN_POINT ( 'NONE',  ( 0.8816504037844392600, 1.527063293868263100, -0.02604166666662043100 ) ) ;
#1146 = COORDINATED_UNIVERSAL_TIME_OFFSET ( 6, 0, .BEHIND. ) ;
#1147 = CARTESIAN_POINT ( 'NONE',  ( -1.357050807568877000, 8.309539638847779000E-017, -1.562499999999999100 ) ) ;
#1148 = DIRECTION ( 'NONE',  ( 0.0000000000000000000, 1.000000000000000000, 1.440390079079711300E-056 ) ) ;
#1149 = VECTOR ( 'NONE', #1285, 1000.000000000000000 ) ;
#1150 = CARTESIAN_POINT ( 'NONE',  ( 1.017788105676657600, -0.5876202367904181900, -3.416666666666666100 ) ) ;
#1151 = CIRCLE ( 'NONE', #2037, 1.551628848447119000 ) ;
#1152 = DIRECTION ( 'NONE',  ( 0.0000000000000000000, 1.000000000000000000, 0.0000000000000000000 ) ) ;
#1153 = CARTESIAN_POINT ( 'NONE',  ( -1.439254484199189400E-016, -1.175240473580835300, 0.5000000000000004400 ) ) ;
#1154 = CARTESIAN_POINT ( 'NONE',  ( 0.0000000000000000000, 1.500000000000001300, -4.500000000000000900 ) ) ;
#1155 = LINE ( 'NONE', #1724, #2183 ) ;
#1156 = CARTESIAN_POINT ( 'NONE',  ( -1.732050807568879400, 1.060575238724908000E-016, -1.812500000000042600 ) ) ;
#1157 = ORIENTED_EDGE ( 'NONE', *, *, #2165, .T. ) ;
#1158 = CARTESIAN_POINT ( 'NONE',  ( -1.322475605676657800, -0.7635316469341314500, 0.1822916666667125100 ) ) ;
#1159 = ORIENTED_EDGE ( 'NONE', *, *, #1239, .F. ) ;
#1160 = CARTESIAN_POINT ( 'NONE',  ( -1.357050807568877000, 8.309539638847779000E-017, -1.062499999999999100 ) ) ;
#1161 = CARTESIAN_POINT ( 'NONE',  ( 1.250000000000000000, 0.1268729961951115500, 4.198371151552881200 ) ) ;
#1162 = CARTESIAN_POINT ( 'NONE',  ( 0.0000000000000000000, -2.600000000000000100, 1.500000000000001300 ) ) ;
#1163 = EDGE_LOOP ( 'NONE', ( #1972, #2113, #1019, #1555, #771 ) ) ;
#1164 = CARTESIAN_POINT ( 'NONE',  ( -1.357050807568877000, 8.309539638847779000E-017, 1.437500000000000200 ) ) ;
#1165 = CARTESIAN_POINT ( 'NONE',  ( 0.6785254037844391500, 1.175240473580835100, -3.229166666666665600 ) ) ;
#1166 = CARTESIAN_POINT ( 'NONE',  ( 0.0000000000000000000, 1.175240473580835300, -0.2499999999999993600 ) ) ;
#1167 = VERTEX_POINT ( 'NONE', #1419 ) ;
#1168 = CARTESIAN_POINT ( 'NONE',  ( -1.249999999999999600, -0.7216878364870322700, 2.500000000000000400 ) ) ;
#1169 = ORIENTED_EDGE ( 'NONE', *, *, #66, .T. ) ;
#1170 = CARTESIAN_POINT ( 'NONE',  ( 0.0000000000000000000, 1.527063293868263300, 1.515625000000046400 ) ) ;
#1171 = DIRECTION ( 'NONE',  ( -0.0000000000000000000, 1.440390079079711300E-056, -1.000000000000000000 ) ) ;
#1172 = CARTESIAN_POINT ( 'NONE',  ( -1.836970198721031400E-016, -1.500000000000001300, 0.8124999999999582600 ) ) ;
#1173 = EDGE_CURVE ( 'NONE', #2074, #1998, #1883, .T. ) ;
#1174 = CARTESIAN_POINT ( 'NONE',  ( -0.6785254037844383700, 1.175240473580835500, -2.708333333333332100 ) ) ;
#1175 = DIRECTION ( 'NONE',  ( 0.0000000000000000000, 1.000000000000000000, 1.440390079079711300E-056 ) ) ;
#1176 = CARTESIAN_POINT ( 'NONE',  ( 0.8816504037844380400, -1.527063293868264000, -3.661458333333377400 ) ) ;
#1177 = DIRECTION ( 'NONE',  ( -0.0000000000000000000, 1.440390079079711300E-056, -1.000000000000000000 ) ) ;
#1178 = CARTESIAN_POINT ( 'NONE',  ( 0.0000000000000000000, 1.527063293868263300, 2.015625000000046200 ) ) ;
#1179 = CARTESIAN_POINT ( 'NONE',  ( -1.439254484199189400E-016, -1.175240473580835300, -0.4374999999999995000 ) ) ;
#1180 = CARTESIAN_POINT ( 'NONE',  ( 0.0000000000000000000, 1.296351071171740100E-055, -4.499999999999999100 ) ) ;
#1181 =( BOUNDED_CURVE ( )  B_SPLINE_CURVE ( 2, ( #2943, #543, #1304, #1754, #2246, #43, #794 ),
 .UNSPECIFIED., .F., .F. ) 
 B_SPLINE_CURVE_WITH_KNOTS ( ( 3, 2, 2, 3 ),
 ( 0.6153846153846154200, 0.6282051282051281900, 0.6410256410256409700, 0.6538461538461538500 ),
 .UNSPECIFIED. ) 
 CURVE ( )  GEOMETRIC_REPRESENTATION_ITEM ( )  RATIONAL_B_SPLINE_CURVE ( ( 1.000000000000000000, 0.8660254037844386000, 1.000000000000000000, 0.8660254037844386000, 1.000000000000000000, 0.8660254037844386000, 1.000000000000000000 ) ) 
 REPRESENTATION_ITEM ( '' )  );
#1182 = CARTESIAN_POINT ( 'NONE',  ( 0.0000000000000000000, 1.500000000000001600, -2.499999999999956000 ) ) ;
#1183 = B_SPLINE_CURVE_WITH_KNOTS ( 'NONE', 3,
 ( #753, #1336, #1592, #1348, #121, #141, #359, #830 ),
 .UNSPECIFIED., .F., .F.,
 ( 4, 2, 2, 4 ),
 ( 2.544378114032181700E-007, 0.0003729905366538290900, 0.0007457266354962549500, 0.001491198833181107000 ),
 .UNSPECIFIED. ) ;
#1184 = CARTESIAN_POINT ( 'NONE',  ( 1.017788105676657600, -0.5876202367904181900, -0.9166666666666658500 ) ) ;
#1185 = CARTESIAN_POINT ( 'NONE',  ( -0.6785254037844388200, -1.175240473580835100, 0.02083333333333450800 ) ) ;
#1186 = CARTESIAN_POINT ( 'NONE',  ( 0.8816504037844392600, 1.527063293868263100, -3.994791666666710500 ) ) ;
#1187 = CARTESIAN_POINT ( 'NONE',  ( -1.266059761283026000, -0.6887666052269710800, -4.236953031905989600 ) ) ;
#1188 = CARTESIAN_POINT ( 'NONE',  ( 1.299038105676658900, -0.7500000000000013300, -3.666666666666623000 ) ) ;
#1189 = CIRCLE ( 'NONE', #278, 2.600000000000000100 ) ;
#1190 = CARTESIAN_POINT ( 'NONE',  ( -1.017788105676658000, -0.5876202367904174200, -4.520833333333332100 ) ) ;
#1191 = EDGE_CURVE ( 'NONE', #817, #1548, #262, .T. ) ;
#1192 = CARTESIAN_POINT ( 'NONE',  ( 0.0000000000000000000, 1.500000000000001300, -0.4375000000000420800 ) ) ;
#1193 = CARTESIAN_POINT ( 'NONE',  ( 0.6785254037844391500, 1.175240473580835100, -3.791666666666665600 ) ) ;
#1194 = VECTOR ( 'NONE', #596, 1000.000000000000000 ) ;
#1195 = CARTESIAN_POINT ( 'NONE',  ( -1.439254484199189400E-016, -1.175240473580835300, -1.999999999999999100 ) ) ;
#1196 = CARTESIAN_POINT ( 'NONE',  ( 0.6785254037844391500, 1.175240473580835100, -0.7291666666666661900 ) ) ;
#1197 = CARTESIAN_POINT ( 'NONE',  ( -0.8816504037844389300, -1.527063293868263100, -4.744791666666712300 ) ) ;
#1198 = CIRCLE ( 'NONE', #2855, 1.551628848447119000 ) ;
#1199 = CARTESIAN_POINT ( 'NONE',  ( -1.836970198721031400E-016, -1.500000000000001300, 0.3124999999999577000 ) ) ;
#1200 = ORIENTED_EDGE ( 'NONE', *, *, #1103, .T. ) ;
#1201 = DIRECTION ( 'NONE',  ( 0.0000000000000000000, 1.000000000000000000, 0.0000000000000000000 ) ) ;
#1202 = CARTESIAN_POINT ( 'NONE',  ( -1.017788105676658000, -0.5876202367904174200, -4.020833333333332100 ) ) ;
#1203 = VERTEX_POINT ( 'NONE', #1192 ) ;
#1204 = CARTESIAN_POINT ( 'NONE',  ( 0.6785254037844392600, 1.175240473580835100, -0.7291666666666661900 ) ) ;
#1205 = CARTESIAN_POINT ( 'NONE',  ( 1.732050807568879200, -3.181725716174723500E-016, 0.8750000000000434100 ) ) ;
#1206 = CARTESIAN_POINT ( 'NONE',  ( -1.357050807568876700, 8.309539638847779000E-017, -4.124999999999999100 ) ) ;
#1207 = ORIENTED_EDGE ( 'NONE', *, *, #343, .T. ) ;
#1208 = B_SPLINE_CURVE_WITH_KNOTS ( 'NONE', 3,
 ( #18, #272, #2712, #1982, #2940, #2234, #283, #1974, #1519, #1758, #2719, #1283, #1528, #2011, #617, #3033, #2324, #2974, #2101, #1620 ),
 .UNSPECIFIED., .F., .F.,
 ( 4, 2, 2, 2, 2, 2, 2, 2, 2, 4 ),
 ( 0.0007011309137031735600, 0.001234043552097468000, 0.001766956190491762400, 0.002299868828886057100, 0.002566325148083204100, 0.002832781467280351100, 0.003898606744068940800, 0.004165063063266087800, 0.004431519382463234800, 0.004964432020857527900 ),
 .UNSPECIFIED. ) ;
#1209 = ORIENTED_EDGE ( 'NONE', *, *, #3041, .F. ) ;
#1210 = CARTESIAN_POINT ( 'NONE',  ( 1.017788105676657600, -0.5876202367904181900, -1.854166666666665900 ) ) ;
#1211 = CARTESIAN_POINT ( 'NONE',  ( -1.322475605676657800, 0.7635316469341318900, -4.869791666666710500 ) ) ;
#1212 = ORIENTED_EDGE ( 'NONE', *, *, #1081, .T. ) ;
#1213 = CARTESIAN_POINT ( 'NONE',  ( -0.6785254037844383700, 1.175240473580835500, -3.145833333333331700 ) ) ;
#1214 = CARTESIAN_POINT ( 'NONE',  ( -1.357050807568877000, 8.309539638847779000E-017, 0.9375000000000008900 ) ) ;
#1215 = CARTESIAN_POINT ( 'NONE',  ( 1.250000000000000200, 0.7216878364870319400, -2.318813079129866200 ) ) ;
#1216 = DIRECTION ( 'NONE',  ( 0.4999999999999997200, 0.8660254037844388200, 0.0000000000000000000 ) ) ;
#1217 = EDGE_CURVE ( 'NONE', #2779, #3021, #930, .T. ) ;
#1218 = CARTESIAN_POINT ( 'NONE',  ( -0.6785254037844383700, 1.175240473580835500, -0.7083333333333324800 ) ) ;
#1219 = CARTESIAN_POINT ( 'NONE',  ( 1.357050807568876700, -2.492861891654333800E-016, -0.8124999999999990000 ) ) ;
#1220 = CARTESIAN_POINT ( 'NONE',  ( 0.6785254037844392600, 1.175240473580835100, 1.208333333333333900 ) ) ;
#1221 = CARTESIAN_POINT ( 'NONE',  ( 0.0000000000000000000, 1.500000000000001600, -2.999999999999956500 ) ) ;
#1222 = EDGE_LOOP ( 'NONE', ( #1475, #2541, #1578, #1619 ) ) ;
#1223 = CC_DESIGN_PERSON_AND_ORGANIZATION_ASSIGNMENT ( #1949, #1793, ( #2933 ) ) ;
#1224 = CARTESIAN_POINT ( 'NONE',  ( -1.299038105676659300, 0.7500000000000008900, 0.08333333333337718300 ) ) ;
#1225 = CARTESIAN_POINT ( 'NONE',  ( 0.0000000000000000000, 1.175240473580835300, -1.187499999999998900 ) ) ;
#1226 = CARTESIAN_POINT ( 'NONE',  ( -1.836970198721031200E-016, -1.500000000000001600, -2.249999999999956000 ) ) ;
#1227 = DIRECTION ( 'NONE',  ( 0.0000000000000000000, -9.944396304902826600E-017, 1.000000000000000000 ) ) ;
#1228 = DATE_AND_TIME ( #986, #146 ) ;
#1229 = B_SPLINE_CURVE_WITH_KNOTS ( 'NONE', 3,
 ( #54, #40, #2227, #2680, #2454, #499, #1274, #1760 ),
 .UNSPECIFIED., .F., .F.,
 ( 4, 2, 2, 4 ),
 ( 0.0009880678675633840100, 0.001321111242399381800, 0.001654154617235379700, 0.002320241366907374900 ),
 .UNSPECIFIED. ) ;
#1230 = CARTESIAN_POINT ( 'NONE',  ( -0.6785254037844388200, -1.175240473580835300, -0.5416666666666659600 ) ) ;
#1231 = CARTESIAN_POINT ( 'NONE',  ( -1.017788105676658000, -0.5876202367904174200, -0.02083333333333277400 ) ) ;
#1232 = CARTESIAN_POINT ( 'NONE',  ( 1.322475605676658400, 0.7635316469341306700, -1.536458333333377900 ) ) ;
#1233 = CARTESIAN_POINT ( 'NONE',  ( -1.299038105676659300, 0.7500000000000008900, -1.916666666666623000 ) ) ;
#1234 = CONICAL_SURFACE ( 'NONE', #1432, 1.175240473580835300, 0.7853981633974463900 ) ;
#1235 = CARTESIAN_POINT ( 'NONE',  ( 3.103284636243910000E-016, -1.443375672974064300, 2.500000000000000400 ) ) ;
#1236 = CARTESIAN_POINT ( 'NONE',  ( -1.017788105676657800, 0.5876202367904177500, -3.604166666666665600 ) ) ;
#1237 = CARTESIAN_POINT ( 'NONE',  ( -1.439254484199189400E-016, -1.175240473580835300, -0.4374999999999995000 ) ) ;
#1238 = VECTOR ( 'NONE', #1640, 1000.000000000000000 ) ;
#1239 = EDGE_CURVE ( 'NONE', #1045, #1247, #1458, .T. ) ;
#1240 = CARTESIAN_POINT ( 'NONE',  ( 1.017788105676658200, 0.5876202367904167500, -4.333333333333332100 ) ) ;
#1241 = ORIENTED_EDGE ( 'NONE', *, *, #518, .T. ) ;
#1242 = ORIENTED_EDGE ( 'NONE', *, *, #2374, .T. ) ;
#1243 = CARTESIAN_POINT ( 'NONE',  ( 1.299038105676659600, 0.7499999999999995600, -1.520833333333375200 ) ) ;
#1244 = CARTESIAN_POINT ( 'NONE',  ( 1.322475605676658400, 0.7635316469341306700, -2.536458333333377400 ) ) ;
#1245 = ORIENTED_EDGE ( 'NONE', *, *, #608, .T. ) ;
#1246 = CARTESIAN_POINT ( 'NONE',  ( 0.0000000000000000000, 1.296351071171740300E-055, -4.500000000000000900 ) ) ;
#1247 = VERTEX_POINT ( 'NONE', #3105 ) ;
#1248 = CARTESIAN_POINT ( 'NONE',  ( -0.6785254037844388200, -1.175240473580835300, -0.9791666666666658500 ) ) ;
#1249 = DIRECTION ( 'NONE',  ( 1.000000000000000000, 0.0000000000000000000, 0.0000000000000000000 ) ) ;
#1250 = ORIENTED_EDGE ( 'NONE', *, *, #1727, .F. ) ;
#1251 = CARTESIAN_POINT ( 'NONE',  ( -1.017788105676658000, -0.5876202367904174200, -0.08333333333333282900 ) ) ;
#1252 = CARTESIAN_POINT ( 'NONE',  ( 0.6785254037844391500, 1.175240473580835100, 0.7708333333333342600 ) ) ;
#1253 = CARTESIAN_POINT ( 'NONE',  ( 0.8816504037844380400, -1.527063293868264000, -1.661458333333378100 ) ) ;
#1254 = EDGE_CURVE ( 'NONE', #2897, #2010, #150, .T. ) ;
#1255 = DIRECTION ( 'NONE',  ( -0.0000000000000000000, 1.440390079079711300E-056, -1.000000000000000000 ) ) ;
#1256 = CARTESIAN_POINT ( 'NONE',  ( 0.0000000000000000000, 1.175240473580835300, -3.187499999999999100 ) ) ;
#1257 = CARTESIAN_POINT ( 'NONE',  ( 1.357050807568877000, -2.492861891654333800E-016, -1.812499999999998900 ) ) ;
#1258 = ORIENTED_EDGE ( 'NONE', *, *, #25, .T. ) ;
#1259 = CARTESIAN_POINT ( 'NONE',  ( 0.6785254037844380400, -1.175240473580835700, 1.104166666666667400 ) ) ;
#1260 = CARTESIAN_POINT ( 'NONE',  ( -1.357050807568876700, 8.309539638847779000E-017, -1.624999999999999300 ) ) ;
#1261 = CARTESIAN_POINT ( 'NONE',  ( 1.017788105676657600, -0.5876202367904181900, 0.08333333333333456400 ) ) ;
#1262 = CARTESIAN_POINT ( 'NONE',  ( 1.299038105676658900, -0.7500000000000013300, -1.604166666666708500 ) ) ;
#1263 = CARTESIAN_POINT ( 'NONE',  ( -1.322475605676657800, -0.7635316469341314500, -2.786458333333377900 ) ) ;
#1264 = CARTESIAN_POINT ( 'NONE',  ( -1.299038105676659300, -0.7500000000000004400, -1.833333333333289700 ) ) ;
#1265 = CARTESIAN_POINT ( 'NONE',  ( 0.8660254037844410400, -1.499999999999997800, -0.1458333333333752800 ) ) ;
#1266 = CARTESIAN_POINT ( 'NONE',  ( -0.6785254037844383700, 1.175240473580835500, -4.145833333333332100 ) ) ;
#1267 = ORIENTED_EDGE ( 'NONE', *, *, #290, .F. ) ;
#1268 = CARTESIAN_POINT ( 'NONE',  ( -1.439254484199189400E-016, -1.175240473580835300, -2.437499999999999100 ) ) ;
#1269 = AXIS2_PLACEMENT_3D ( 'NONE', #2588, #389, #2622 ) ;
#1270 = CARTESIAN_POINT ( 'NONE',  ( -0.6785254037844388200, -1.175240473580835100, -2.041666666666665600 ) ) ;
#1271 = CARTESIAN_POINT ( 'NONE',  ( 0.8660254037844389300, -1.500000000000002000, -1.645833333333375400 ) ) ;
#1272 = CARTESIAN_POINT ( 'NONE',  ( -1.322475605676657800, -0.7635316469341314500, -3.286458333333377900 ) ) ;
#1273 = CONICAL_SURFACE ( 'NONE', #3051, 1.175240473580835300, 0.7853981633974463900 ) ;
#1274 = CARTESIAN_POINT ( 'NONE',  ( 1.050564750520768500, -1.056380725351884000, -4.201980157605511600 ) ) ;
#1275 = ORIENTED_EDGE ( 'NONE', *, *, #1021, .F. ) ;
#1276 = FACE_OUTER_BOUND ( 'NONE', #2559, .T. ) ;
#1277 = DIRECTION ( 'NONE',  ( 0.0000000000000000000, 1.000000000000000000, 0.0000000000000000000 ) ) ;
#1278 = EDGE_CURVE ( 'NONE', #2196, #2308, #451, .T. ) ;
#1279 = ORIENTED_EDGE ( 'NONE', *, *, #98, .T. ) ;
#1280 = CARTESIAN_POINT ( 'NONE',  ( 1.299038105676659800, 0.7499999999999995600, -1.583333333333289700 ) ) ;
#1281 = CARTESIAN_POINT ( 'NONE',  ( -0.6785254037844388200, -1.175240473580835100, -0.5416666666666659600 ) ) ;
#1282 = EDGE_LOOP ( 'NONE', ( #205, #1009, #2385, #2702 ) ) ;
#1283 = CARTESIAN_POINT ( 'NONE',  ( -1.364959169440823400, 0.2707876252545318700, 1.260513829414547500 ) ) ;
#1284 = DIRECTION ( 'NONE',  ( 0.0000000000000000000, -1.440390079079711300E-056, 1.000000000000000000 ) ) ;
#1285 = DIRECTION ( 'NONE',  ( -0.0000000000000000000, -0.0000000000000000000, 1.000000000000000000 ) ) ;
#1286 = ORIENTED_EDGE ( 'NONE', *, *, #1862, .T. ) ;
#1287 = CARTESIAN_POINT ( 'NONE',  ( 1.052468259152689500, 0.8357328402387219600, 4.287417583756788300 ) ) ;
#1288 = ORIENTED_EDGE ( 'NONE', *, *, #1335, .F. ) ;
#1289 = CARTESIAN_POINT ( 'NONE',  ( -1.439254484199189400E-016, -1.175240473580835300, 1.562500000000000400 ) ) ;
#1290 = CARTESIAN_POINT ( 'NONE',  ( -1.439254484199189400E-016, -1.175240473580835300, -1.999999999999999100 ) ) ;
#1291 = CARTESIAN_POINT ( 'NONE',  ( 0.8660254037844389300, -1.500000000000002000, -1.145833333333375200 ) ) ;
#1292 = CARTESIAN_POINT ( 'NONE',  ( 0.8816504037844392600, 1.527063293868263100, -0.4947916666667110400 ) ) ;
#1293 = ADVANCED_FACE ( 'NONE', ( #2327 ), #2137, .T. ) ;
#1294 = CARTESIAN_POINT ( 'NONE',  ( 0.0000000000000000000, 1.333734122634712100, -4.341506350946120900 ) ) ;
#1295 = EDGE_CURVE ( 'NONE', #1121, #503, #922, .T. ) ;
#1296 = CARTESIAN_POINT ( 'NONE',  ( 0.4090586785750390800, 1.207205534784412800, 4.197837918555811700 ) ) ;
#1297 = CARTESIAN_POINT ( 'NONE',  ( 1.017788105676657600, -0.5876202367904181900, 1.145833333333333700 ) ) ;
#1298 = CARTESIAN_POINT ( 'NONE',  ( 1.357050807568876700, -2.492861891654333800E-016, 0.1250000000000009700 ) ) ;
#1299 = CARTESIAN_POINT ( 'NONE',  ( -0.8660254037844399300, -1.500000000000001300, -1.229166666666708900 ) ) ;
#1300 = CARTESIAN_POINT ( 'NONE',  ( 1.322475605676658400, 0.7635316469341306700, 1.463541666666622600 ) ) ;
#1301 = CARTESIAN_POINT ( 'NONE',  ( 0.7775633721268743200, -0.9420385070163304100, -4.464714443558279700 ) ) ;
#1302 = DATE_TIME_ROLE ( 'creation_date' ) ;
#1303 = VECTOR ( 'NONE', #237, 1000.000000000000000 ) ;
#1304 = CARTESIAN_POINT ( 'NONE',  ( 1.299038105676659600, 0.7499999999999995600, -2.520833333333374800 ) ) ;
#1305 = CARTESIAN_POINT ( 'NONE',  ( -1.017788105676657800, 0.5876202367904177500, 0.8958333333333343700 ) ) ;
#1306 = CIRCLE ( 'NONE', #1673, 1.175240473580835300 ) ;
#1307 = LINE ( 'NONE', #2212, #2064 ) ;
#1308 = CARTESIAN_POINT ( 'NONE',  ( -1.322475605676657800, -0.7635316469341314500, -3.817708333333287300 ) ) ;
#1309 = CARTESIAN_POINT ( 'NONE',  ( 1.322475605676657300, -0.7635316469341323400, 1.380208333333288900 ) ) ;
#1310 = ORIENTED_EDGE ( 'NONE', *, *, #2207, .F. ) ;
#1311 = EDGE_CURVE ( 'NONE', #748, #1045, #1735, .T. ) ;
#1312 = CARTESIAN_POINT ( 'NONE',  ( 3.367778697655221000E-016, -2.750000000000000000, 4.350000000000001400 ) ) ;
#1313 = CARTESIAN_POINT ( 'NONE',  ( -1.439254484199189400E-016, -1.175240473580835300, -3.499999999999998700 ) ) ;
#1314 = EDGE_LOOP ( 'NONE', ( #1853, #2854, #1212, #2376 ) ) ;
#1315 = CARTESIAN_POINT ( 'NONE',  ( 0.6785254037844380400, -1.175240473580835700, -2.895833333333332100 ) ) ;
#1316 = ORIENTED_EDGE ( 'NONE', *, *, #1988, .F. ) ;
#1317 = ORIENTED_EDGE ( 'NONE', *, *, #425, .F. ) ;
#1318 = CARTESIAN_POINT ( 'NONE',  ( 1.017788105676657600, -0.5876202367904181900, 0.5833333333333341500 ) ) ;
#1319 =( BOUNDED_CURVE ( )  B_SPLINE_CURVE ( 2, ( #1913, #911, #445, #2152, #937, #2851, #2874 ),
 .UNSPECIFIED., .F., .F. ) 
 B_SPLINE_CURVE_WITH_KNOTS ( ( 3, 2, 2, 3 ),
 ( 0.3461538461538461500, 0.3589743589743589200, 0.3717948717948718100, 0.3846153846153845800 ),
 .UNSPECIFIED. ) 
 CURVE ( )  GEOMETRIC_REPRESENTATION_ITEM ( )  RATIONAL_B_SPLINE_CURVE ( ( 1.000000000000000000, 0.8660254037844386000, 1.000000000000000000, 0.8660254037844386000, 1.000000000000000000, 0.8660254037844386000, 1.000000000000000000 ) ) 
 REPRESENTATION_ITEM ( '' )  );
#1320 = CARTESIAN_POINT ( 'NONE',  ( -1.322475605676657800, -0.7635316469341314500, -3.317708333333287300 ) ) ;
#1321 = CARTESIAN_POINT ( 'NONE',  ( -1.439254484199189400E-016, -1.175240473580835300, 0.5000000000000004400 ) ) ;
#1322 = EDGE_LOOP ( 'NONE', ( #1468, #402, #1286, #1775 ) ) ;
#1323 = CARTESIAN_POINT ( 'NONE',  ( 0.0000000000000000000, 1.500000000000001300, -2.937500000000041700 ) ) ;
#1324 = CARTESIAN_POINT ( 'NONE',  ( 0.1641257575809131300, 1.328103859107065100, -4.347136614473773100 ) ) ;
#1325 = CARTESIAN_POINT ( 'NONE',  ( -3.204619126434813600E-016, 1.443375672974063900, -2.318813079129866200 ) ) ;
#1326 = CARTESIAN_POINT ( 'NONE',  ( 1.357050807568877000, -2.492861891654333800E-016, -2.374999999999999100 ) ) ;
#1327 = CARTESIAN_POINT ( 'NONE',  ( 0.0000000000000000000, 1.500000000000001300, -1.937500000000041500 ) ) ;
#1328 = CARTESIAN_POINT ( 'NONE',  ( -1.357050807568876700, 8.309539638847779000E-017, 0.8750000000000007800 ) ) ;
#1329 = CARTESIAN_POINT ( 'NONE',  ( -1.322475605676657800, 0.7635316469341318900, -2.901041666666620300 ) ) ;
#1330 = ORIENTED_EDGE ( 'NONE', *, *, #1000, .T. ) ;
#1331 = CARTESIAN_POINT ( 'NONE',  ( 1.357050807568877000, -2.492861891654333800E-016, 0.6250000000000005600 ) ) ;
#1332 = CARTESIAN_POINT ( 'NONE',  ( -0.8660254037844435900, 1.499999999999994000, 1.041666666666710500 ) ) ;
#1333 = CARTESIAN_POINT ( 'NONE',  ( -1.322475605676657800, 0.7635316469341318900, -4.401041666666619900 ) ) ;
#1334 = APPLICATION_CONTEXT ( 'configuration controlled 3d designs of mechanical parts and assemblies' ) ;
#1335 = EDGE_CURVE ( 'NONE', #125, #3021, #308, .T. ) ;
#1336 = CARTESIAN_POINT ( 'NONE',  ( -0.09766419351501219600, 1.386989224557984200, 4.335360376110867400 ) ) ;
#1337 = CARTESIAN_POINT ( 'NONE',  ( 1.357050807568877000, -2.492861891654333800E-016, -3.374999999999998700 ) ) ;
#1338 = CARTESIAN_POINT ( 'NONE',  ( 0.0000000000000000000, 1.500000000000001300, -1.937500000000041500 ) ) ;
#1339 = CARTESIAN_POINT ( 'NONE',  ( -0.6785254037844382600, 1.175240473580835300, 0.2916666666666675200 ) ) ;
#1340 = ORIENTED_EDGE ( 'NONE', *, *, #2303, .T. ) ;
#1341 = CARTESIAN_POINT ( 'NONE',  ( -1.322475605676657800, 0.7635316469341318900, -2.401041666666620300 ) ) ;
#1342 = CARTESIAN_POINT ( 'NONE',  ( 1.299038105676659800, 0.7499999999999995600, 0.4166666666667102100 ) ) ;
#1343 = VECTOR ( 'NONE', #1088, 1000.000000000000000 ) ;
#1344 = CARTESIAN_POINT ( 'NONE',  ( 3.250046242802002900E-014, 1.251017696411964600, 1.206249999999995200 ) ) ;
#1345 = AXIS2_PLACEMENT_3D ( 'NONE', #1461, #1216, #962 ) ;
#1346 = APPLICATION_PROTOCOL_DEFINITION ( 'international standard', 'config_control_design', 1994, #1334 ) ;
#1347 = LINE ( 'NONE', #2926, #2220 ) ;
#1348 = CARTESIAN_POINT ( 'NONE',  ( -0.4044126993943260000, 1.209887892115046400, 4.218916260448521500 ) ) ;
#1349 = CARTESIAN_POINT ( 'NONE',  ( 0.0000000000000000000, 1.175240473580835300, -3.249999999999999100 ) ) ;
#1350 = CARTESIAN_POINT ( 'NONE',  ( -1.249999999999999800, 1.530534561345758100E-016, 4.198371151552882100 ) ) ;
#1351 = CIRCLE ( 'NONE', #2217, 2.750000000000000000 ) ;
#1352 = CARTESIAN_POINT ( 'NONE',  ( 0.6785254037844380400, -1.175240473580835700, 1.541666666666667900 ) ) ;
#1353 = CARTESIAN_POINT ( 'NONE',  ( 0.0000000000000000000, 1.527063293868263300, -2.984374999999953800 ) ) ;
#1354 = VERTEX_POINT ( 'NONE', #2675 ) ;
#1355 = CARTESIAN_POINT ( 'NONE',  ( 0.0000000000000000000, 1.175240473580835300, -1.187499999999998900 ) ) ;
#1356 = ADVANCED_FACE ( 'NONE', ( #2061 ), #2849, .F. ) ;
#1357 = EDGE_CURVE ( 'NONE', #2529, #503, #1347, .T. ) ;
#1358 = CARTESIAN_POINT ( 'NONE',  ( 1.299038105676658900, -0.7500000000000013300, -0.6666666666666231100 ) ) ;
#1359 = EDGE_LOOP ( 'NONE', ( #1664, #2992, #1511, #271 ) ) ;
#1360 = CARTESIAN_POINT ( 'NONE',  ( 1.255779613878613300, -0.8249259056530182700, -4.170829216980679100 ) ) ;
#1361 = CARTESIAN_POINT ( 'NONE',  ( -1.357050807568877000, 8.309539638847779000E-017, -4.124999999999999100 ) ) ;
#1362 = ORIENTED_EDGE ( 'NONE', *, *, #2006, .T. ) ;
#1363 = UNCERTAINTY_MEASURE_WITH_UNIT (LENGTH_MEASURE( 1.000000000000000100E-005 ), #90, 'distance_accuracy_value', 'NONE');
#1364 = CARTESIAN_POINT ( 'NONE',  ( -1.017788105676658000, -0.5876202367904174200, 1.416666666666667600 ) ) ;
#1365 = DIRECTION ( 'NONE',  ( -0.0000000000000000000, 1.440390079079711300E-056, -1.000000000000000000 ) ) ;
#1366 = CARTESIAN_POINT ( 'NONE',  ( 1.322475605676658400, 0.7635316469341306700, 0.4322916666667127000 ) ) ;
#1367 = CARTESIAN_POINT ( 'NONE',  ( 0.0000000000000000000, 1.500000000000001600, -1.999999999999955800 ) ) ;
#1368 = CARTESIAN_POINT ( 'NONE',  ( 0.0000000000000000000, 1.500000000000001300, -0.9375000000000417400 ) ) ;
#1369 = DIRECTION ( 'NONE',  ( -0.0000000000000000000, 1.440390079079711300E-056, -1.000000000000000000 ) ) ;
#1370 = AXIS2_PLACEMENT_3D ( 'NONE', #1084, #2060, #1549 ) ;
#1371 = CARTESIAN_POINT ( 'NONE',  ( 1.017788105676657600, -0.5876202367904181900, 0.08333333333333456400 ) ) ;
#1372 = DIRECTION ( 'NONE',  ( 0.0000000000000000000, 1.000000000000000000, 0.0000000000000000000 ) ) ;
#1373 = ADVANCED_FACE ( 'NONE', ( #918 ), #1031, .T. ) ;
#1374 = DIRECTION ( 'NONE',  ( 0.0000000000000000000, 1.000000000000000000, 0.0000000000000000000 ) ) ;
#1375 = CARTESIAN_POINT ( 'NONE',  ( 1.357050807568877000, -2.492861891654333800E-016, 1.187500000000001100 ) ) ;
#1376 = CARTESIAN_POINT ( 'NONE',  ( -1.322475605676657800, -0.7635316469341314500, 1.182291666666712500 ) ) ;
#1377 = DIRECTION ( 'NONE',  ( -0.0000000000000000000, 1.440390079079711300E-056, -1.000000000000000000 ) ) ;
#1378 = CARTESIAN_POINT ( 'NONE',  ( -0.6785254037844388200, -1.175240473580835300, -3.041666666666665200 ) ) ;
#1379 = EDGE_CURVE ( 'NONE', #3066, #1924, #950, .T. ) ;
#1380 = CARTESIAN_POINT ( 'NONE',  ( -0.6785254037844382600, 1.175240473580835300, -4.145833333333332100 ) ) ;
#1381 = CARTESIAN_POINT ( 'NONE',  ( 1.017788105676657600, -0.5876202367904181900, -0.9166666666666658500 ) ) ;
#1382 = CARTESIAN_POINT ( 'NONE',  ( -1.249999999999999600, -0.7216878364870322700, 4.391746824526945800 ) ) ;
#1383 = CYLINDRICAL_SURFACE ( 'NONE', #1032, 1.500000000000001300 ) ;
#1384 = CARTESIAN_POINT ( 'NONE',  ( -1.870113174931182600E-016, -1.527063293868263300, 0.2656250000000461900 ) ) ;
#1385 = CARTESIAN_POINT ( 'NONE',  ( 1.357050807568877000, -2.492861891654333800E-016, -1.812499999999998900 ) ) ;
#1386 = DIRECTION ( 'NONE',  ( -0.0000000000000000000, 1.440390079079711300E-056, -1.000000000000000000 ) ) ;
#1387 = VECTOR ( 'NONE', #1096, 1000.000000000000000 ) ;
#1388 = CARTESIAN_POINT ( 'NONE',  ( -1.017788105676657800, 0.5876202367904177500, -4.166666666666666100 ) ) ;
#1389 = ORIENTED_EDGE ( 'NONE', *, *, #1058, .T. ) ;
#1390 = CARTESIAN_POINT ( 'NONE',  ( -0.6785254037844382600, 1.175240473580835300, -2.645833333333332600 ) ) ;
#1391 = CARTESIAN_POINT ( 'NONE',  ( -0.6785254037844388200, -1.175240473580835300, -0.04166666666666554700 ) ) ;
#1392 = ORIENTED_EDGE ( 'NONE', *, *, #1417, .F. ) ;
#1393 = ORIENTED_EDGE ( 'NONE', *, *, #2249, .F. ) ;
#1394 = CARTESIAN_POINT ( 'NONE',  ( 0.8816504037844380400, -1.527063293868264000, -0.1927083333332869600 ) ) ;
#1395 = ORIENTED_EDGE ( 'NONE', *, *, #2526, .T. ) ;
#1396 = CARTESIAN_POINT ( 'NONE',  ( -0.6785254037844383700, 1.175240473580835500, -2.145833333333332600 ) ) ;
#1397 = CARTESIAN_POINT ( 'NONE',  ( -1.249999999999999800, 1.530534561345758100E-016, 4.198371151552882100 ) ) ;
#1398 = CARTESIAN_POINT ( 'NONE',  ( 0.0000000000000000000, -2.750000000000000000, 1.650000000000001200 ) ) ;
#1399 = EDGE_CURVE ( 'NONE', #159, #3022, #1183, .T. ) ;
#1400 = ORIENTED_EDGE ( 'NONE', *, *, #608, .F. ) ;
#1401 = CARTESIAN_POINT ( 'NONE',  ( 0.6785254037844380400, -1.175240473580835700, -4.458333333333333000 ) ) ;
#1402 = CARTESIAN_POINT ( 'NONE',  ( 0.6785254037844391500, 1.175240473580835100, -4.229166666666666100 ) ) ;
#1403 = CARTESIAN_POINT ( 'NONE',  ( -1.017788105676657800, 0.5876202367904177500, -1.166666666666665600 ) ) ;
#1404 = CARTESIAN_POINT ( 'NONE',  ( 0.6785254037844392600, 1.175240473580835100, 0.7083333333333341500 ) ) ;
#1405 = PLANE ( 'NONE',  #1593 ) ;
#1406 = DIRECTION ( 'NONE',  ( -0.0000000000000000000, 1.440390079079711300E-056, -1.000000000000000000 ) ) ;
#1407 = CARTESIAN_POINT ( 'NONE',  ( -1.322475605676657800, -0.7635316469341314500, -0.8177083333332870700 ) ) ;
#1408 = AXIS2_PLACEMENT_3D ( 'NONE', #3049, #1365, #863 ) ;
#1409 = CARTESIAN_POINT ( 'NONE',  ( 0.6785254037844392600, 1.175240473580835100, -0.2291666666666657100 ) ) ;
#1410 = CARTESIAN_POINT ( 'NONE',  ( 1.250000000000000200, -2.739288570032478800E-020, 4.198371151552882100 ) ) ;
#1411 = CARTESIAN_POINT ( 'NONE',  ( -1.357050807568877000, 8.309539638847779000E-017, -3.124999999999999100 ) ) ;
#1412 = CARTESIAN_POINT ( 'NONE',  ( 1.357050807568876700, -2.492861891654333800E-016, -3.812499999999999100 ) ) ;
#1413 = CARTESIAN_POINT ( 'NONE',  ( -1.439254484199189400E-016, -1.175240473580835300, -1.999999999999999100 ) ) ;
#1414 = DIRECTION ( 'NONE',  ( -0.0000000000000000000, 1.440390079079711300E-056, -1.000000000000000000 ) ) ;
#1415 = CARTESIAN_POINT ( 'NONE',  ( 1.121107958840568100, -0.3525721420742722900, 1.162499999999999000 ) ) ;
#1416 = CARTESIAN_POINT ( 'NONE',  ( 1.357050807568877000, -2.492861891654333800E-016, -3.312499999999999100 ) ) ;
#1417 = EDGE_CURVE ( 'NONE', #1045, #1891, #2768, .T. ) ;
#1418 = CARTESIAN_POINT ( 'NONE',  ( -1.017788105676657800, 0.5876202367904177500, -0.1041666666666656000 ) ) ;
#1419 = CARTESIAN_POINT ( 'NONE',  ( -1.836970198721031400E-016, -1.500000000000001300, -1.187500000000042000 ) ) ;
#1420 = FACE_OUTER_BOUND ( 'NONE', #2745, .T. ) ;
#1421 =( BOUNDED_CURVE ( )  B_SPLINE_CURVE ( 2, ( #2792, #155, #2111, #1868, #2603, #636, #2357 ),
 .UNSPECIFIED., .F., .F. ) 
 B_SPLINE_CURVE_WITH_KNOTS ( ( 3, 2, 2, 3 ),
 ( 0.03846153846153849800, 0.05128205128205135700, 0.06410256410256411100, 0.07692307692307685800 ),
 .UNSPECIFIED. ) 
 CURVE ( )  GEOMETRIC_REPRESENTATION_ITEM ( )  RATIONAL_B_SPLINE_CURVE ( ( 0.9999999999999993300, 0.8660254037844392600, 1.000000000000000000, 0.8660254037844386000, 1.000000000000000000, 0.8660254037844387100, 0.9999999999999998900 ) ) 
 REPRESENTATION_ITEM ( '' )  );
#1422 = CARTESIAN_POINT ( 'NONE',  ( 1.634517816638198900E-016, 1.175240473580835300, -4.499999999999999100 ) ) ;
#1423 = CARTESIAN_POINT ( 'NONE',  ( -1.357050807568877000, 8.309539638847779000E-017, -1.124999999999999300 ) ) ;
#1424 = FACE_OUTER_BOUND ( 'NONE', #1660, .T. ) ;
#1425 = CARTESIAN_POINT ( 'NONE',  ( -1.439254484199189400E-016, -1.175240473580835300, -4.437499999999999100 ) ) ;
#1426 = CARTESIAN_POINT ( 'NONE',  ( 1.322475605676657300, -0.7635316469341323400, -3.619791666666711400 ) ) ;
#1427 = ORIENTED_EDGE ( 'NONE', *, *, #2456, .T. ) ;
#1428 = CARTESIAN_POINT ( 'NONE',  ( 0.6785254037844392600, 1.175240473580835100, -4.229166666666666100 ) ) ;
#1429 = FACE_OUTER_BOUND ( 'NONE', #2532, .T. ) ;
#1430 = CARTESIAN_POINT ( 'NONE',  ( 1.017788105676658200, 0.5876202367904167500, -0.7708333333333325900 ) ) ;
#1431 = CARTESIAN_POINT ( 'NONE',  ( 1.250000000000000200, 0.2504277741562460100, 4.217920748920274600 ) ) ;
#1432 = AXIS2_PLACEMENT_3D ( 'NONE', #93, #2556, #1573 ) ;
#1433 = ORIENTED_EDGE ( 'NONE', *, *, #1927, .T. ) ;
#1434 = CARTESIAN_POINT ( 'NONE',  ( -1.357050807568877000, 8.309539638847779000E-017, -2.124999999999999100 ) ) ;
#1435 = CARTESIAN_POINT ( 'NONE',  ( 0.6785254037844391500, 1.175240473580835100, -1.229166666666665600 ) ) ;
#1436 = CARTESIAN_POINT ( 'NONE',  ( 1.357050807568877000, -2.492861891654333800E-016, 1.125000000000000900 ) ) ;
#1437 = VERTEX_POINT ( 'NONE', #2304 ) ;
#1438 = CARTESIAN_POINT ( 'NONE',  ( -1.371347274434382400, 0.3036724362476201900, -4.273698107894105600 ) ) ;
#1439 = ORIENTED_EDGE ( 'NONE', *, *, #2628, .F. ) ;
#1440 = CARTESIAN_POINT ( 'NONE',  ( 1.017788105676658200, 0.5876202367904167500, -2.770833333333332600 ) ) ;
#1441 = CARTESIAN_POINT ( 'NONE',  ( 0.0000000000000000000, -9.963129310404512500E-014, 1000.483974596215500 ) ) ;
#1442 = CARTESIAN_POINT ( 'NONE',  ( 0.6785254037844380400, -1.175240473580835500, -3.458333333333332100 ) ) ;
#1443 = EDGE_CURVE ( 'NONE', #1662, #817, #710, .T. ) ;
#1444 = CARTESIAN_POINT ( 'NONE',  ( 0.6785254037844392600, 1.175240473580835100, -2.291666666666665600 ) ) ;
#1445 = CARTESIAN_POINT ( 'NONE',  ( -1.357050807568876700, 8.309539638847779000E-017, -2.562499999999999100 ) ) ;
#1446 = CARTESIAN_POINT ( 'NONE',  ( -1.322475605676657800, 0.7635316469341318900, -3.869791666666710900 ) ) ;
#1447 = CARTESIAN_POINT ( 'NONE',  ( -1.299038105676659300, 0.7500000000000008900, 0.1458333333332911800 ) ) ;
#1448 = CARTESIAN_POINT ( 'NONE',  ( -1.439254484199189400E-016, -1.175240473580835300, -4.437499999999999100 ) ) ;
#1449 = CARTESIAN_POINT ( 'NONE',  ( 0.0000000000000000000, 1.500000000000001300, -3.937500000000041700 ) ) ;
#1450 = CARTESIAN_POINT ( 'NONE',  ( -1.439254484199189400E-016, -1.175240473580835300, -3.499999999999998700 ) ) ;
#1451 = B_SPLINE_CURVE_WITH_KNOTS ( 'NONE', 3,
 ( #1910, #443, #955, #734, #2149, #453, #3099, #3087, #1702, #2633, #1187, #488, #476, #2652, #2872, #1438, #2161, #2194, #2443, #2172, #721, #702, #3113, #2643, #1688, #225 ),
 .UNSPECIFIED., .F., .F.,
 ( 4, 2, 2, 2, 2, 2, 2, 2, 2, 2, 2, 2, 4 ),
 ( 0.0002431180028854262600, 0.0007971034884265529600, 0.001074096231197116200, 0.001351088973967679800, 0.001628081716738243200, 0.001905074459508806300, 0.002459059945049933300, 0.002736052687820496400, 0.003013045430591060000, 0.003290038173361623600, 0.003567030916132186300, 0.004121016401673313400, 0.004675001887214440600 ),
 .UNSPECIFIED. ) ;
#1452 = CARTESIAN_POINT ( 'NONE',  ( -1.017788105676657800, 0.5876202367904177500, -1.166666666666665600 ) ) ;
#1453 = CARTESIAN_POINT ( 'NONE',  ( -1.017788105676658000, -0.5876202367904174200, -2.520833333333332600 ) ) ;
#1454 = CARTESIAN_POINT ( 'NONE',  ( 0.8816504037844380400, -1.527063293868264000, -4.661458333333378300 ) ) ;
#1455 = CARTESIAN_POINT ( 'NONE',  ( 0.0000000000000000000, -1.175240473580835300, -4.499999999999999100 ) ) ;
#1456 = FACE_BOUND ( 'NONE', #2293, .T. ) ;
#1457 = CARTESIAN_POINT ( 'NONE',  ( 1.357050807568877000, -2.492861891654333800E-016, -2.312499999999999100 ) ) ;
#1458 =( BOUNDED_CURVE ( )  B_SPLINE_CURVE ( 2, ( #1449, #480, #726, #2876, #2906, #1916, #220 ),
 .UNSPECIFIED., .F., .F. ) 
 B_SPLINE_CURVE_WITH_KNOTS ( ( 3, 2, 2, 3 ),
 ( 0.8461538461538462600, 0.8589743589743591400, 0.8717948717948718100, 0.8825665337020896000 ),
 .UNSPECIFIED. ) 
 CURVE ( )  GEOMETRIC_REPRESENTATION_ITEM ( )  RATIONAL_B_SPLINE_CURVE ( ( 0.9999999999999988900, 0.8660254037844397100, 1.000000000000000000, 0.8660254037844386000, 1.000000000000000000, 0.8874359337419759400, 0.9640221895667155900 ) ) 
 REPRESENTATION_ITEM ( '' )  );
#1459 = EDGE_CURVE ( 'NONE', #735, #2044, #1576, .T. ) ;
#1460 = CARTESIAN_POINT ( 'NONE',  ( 0.0000000000000000000, 1.500000000000001600, 1.000000000000043300 ) ) ;
#1461 = CARTESIAN_POINT ( 'NONE',  ( 1.250000000000000200, 0.7216878364870319400, -2.318813079129866200 ) ) ;
#1462 = CARTESIAN_POINT ( 'NONE',  ( 0.6785254037844380400, -1.175240473580835700, -0.4583333333333322600 ) ) ;
#1463 = CARTESIAN_POINT ( 'NONE',  ( -1.017788105676657800, 0.5876202367904177500, -0.6041666666666660700 ) ) ;
#1464 = CARTESIAN_POINT ( 'NONE',  ( 0.0000000000000000000, 1.527063293868263300, -2.953125000000044400 ) ) ;
#1465 = VECTOR ( 'NONE', #2173, 1000.000000000000100 ) ;
#1466 = CARTESIAN_POINT ( 'NONE',  ( 0.0000000000000000000, 1.500000000000001300, 0.06249999999995835300 ) ) ;
#1467 = VERTEX_POINT ( 'NONE', #102 ) ;
#1468 = ORIENTED_EDGE ( 'NONE', *, *, #2866, .F. ) ;
#1469 = AXIS2_PLACEMENT_3D ( 'NONE', #788, #2731, #2067 ) ;
#1470 = CARTESIAN_POINT ( 'NONE',  ( 0.0000000000000000000, 1.175240473580835300, -4.187499999999998200 ) ) ;
#1471 = CARTESIAN_POINT ( 'NONE',  ( 1.357050807568877000, -2.492861891654333800E-016, -0.3124999999999994400 ) ) ;
#1472 = ORIENTED_EDGE ( 'NONE', *, *, #1621, .F. ) ;
#1473 = CARTESIAN_POINT ( 'NONE',  ( -1.017788105676658000, -0.5876202367904174200, -3.583333333333332600 ) ) ;
#1474 = PERSON ( 'UNSPECIFIED', 'UNSPECIFIED', 'UNSPECIFIED', ('UNSPECIFIED'), ('UNSPECIFIED'), ('UNSPECIFIED') ) ;
#1475 = ORIENTED_EDGE ( 'NONE', *, *, #793, .T. ) ;
#1476 = CARTESIAN_POINT ( 'NONE',  ( 0.0000000000000000000, 1.175240473580835300, -0.1874999999999993100 ) ) ;
#1477 = CARTESIAN_POINT ( 'NONE',  ( 0.8816504037844380400, -1.527063293868264000, -3.161458333333377900 ) ) ;
#1478 = CARTESIAN_POINT ( 'NONE',  ( -1.299038105676659300, -0.7500000000000004400, 0.6666666666667104800 ) ) ;
#1479 = EDGE_LOOP ( 'NONE', ( #1708, #1587, #2105, #552 ) ) ;
#1480 = EDGE_CURVE ( 'NONE', #2223, #252, #380, .T. ) ;
#1481 = CARTESIAN_POINT ( 'NONE',  ( -1.249999999999999300, 0.1268729961951115500, 4.198371151552881200 ) ) ;
#1482 = CARTESIAN_POINT ( 'NONE',  ( -0.6785254037844383700, 1.175240473580835500, -3.145833333333331700 ) ) ;
#1483 = CARTESIAN_POINT ( 'NONE',  ( -1.357050807568877000, 8.309539638847779000E-017, -2.062499999999999100 ) ) ;
#1484 = DIRECTION ( 'NONE',  ( -0.0000000000000000000, 1.440390079079711300E-056, -1.000000000000000000 ) ) ;
#1485 = CARTESIAN_POINT ( 'NONE',  ( -0.6785254037844388200, -1.175240473580835100, -3.541666666666665600 ) ) ;
#1486 = CARTESIAN_POINT ( 'NONE',  ( 1.121107958840568400, -0.3525721420742722900, 1.162499999999999000 ) ) ;
#1487 = CARTESIAN_POINT ( 'NONE',  ( -1.322475605676657800, -0.7635316469341314500, -2.286458333333377900 ) ) ;
#1488 = CARTESIAN_POINT ( 'NONE',  ( -1.836970198721031200E-016, -1.500000000000001600, 1.250000000000043500 ) ) ;
#1489 = CARTESIAN_POINT ( 'NONE',  ( -1.299038105676659300, 0.7500000000000008900, 0.6458333333332917400 ) ) ;
#1490 = CARTESIAN_POINT ( 'NONE',  ( 1.017788105676658200, 0.5876202367904167500, -3.770833333333332100 ) ) ;
#1491 = CARTESIAN_POINT ( 'NONE',  ( -1.357050807568877000, 8.309539638847779000E-017, -0.06249999999999918100 ) ) ;
#1492 = CARTESIAN_POINT ( 'NONE',  ( -1.017788105676658000, -0.5876202367904174200, 0.4791666666666676800 ) ) ;
#1493 = CARTESIAN_POINT ( 'NONE',  ( -1.439254484199189400E-016, -1.175240473580835300, -1.499999999999999100 ) ) ;
#1494 = DATE_AND_TIME ( #2131, #72 ) ;
#1495 = CIRCLE ( 'NONE', #768, 1.500000000000002700 ) ;
#1496 = CARTESIAN_POINT ( 'NONE',  ( -0.6785254037844388200, -1.175240473580835100, 1.020833333333334600 ) ) ;
#1497 = CARTESIAN_POINT ( 'NONE',  ( -1.322475605676657800, 0.7635316469341318900, -1.369791666666710900 ) ) ;
#1498 = CARTESIAN_POINT ( 'NONE',  ( 0.0000000000000000000, 4.105111725377174900E-056, 1.650000000000001200 ) ) ;
#1499 = CONICAL_SURFACE ( 'NONE', #2311, 1732.050807568857200, 1.047197551196592700 ) ;
#1500 =( BOUNDED_CURVE ( )  B_SPLINE_CURVE ( 2, ( #3065, #405, #1654, #917, #1674, #2115, #211 ),
 .UNSPECIFIED., .F., .F. ) 
 B_SPLINE_CURVE_WITH_KNOTS ( ( 3, 2, 2, 3 ),
 ( 0.1538461538461538500, 0.1666666666666666600, 0.1794871794871795400, 0.1923076923076923500 ),
 .UNSPECIFIED. ) 
 CURVE ( )  GEOMETRIC_REPRESENTATION_ITEM ( )  RATIONAL_B_SPLINE_CURVE ( ( 1.000000000000000000, 0.8660254037844386000, 1.000000000000000000, 0.8660254037844386000, 1.000000000000000000, 0.8660254037844380400, 1.000000000000000700 ) ) 
 REPRESENTATION_ITEM ( '' )  );
#1501 = DIRECTION ( 'NONE',  ( -0.0000000000000000000, 1.440390079079711300E-056, -1.000000000000000000 ) ) ;
#1502 = CARTESIAN_POINT ( 'NONE',  ( -1.017788105676658000, -0.5876202367904174200, -4.520833333333332100 ) ) ;
#1503 = CARTESIAN_POINT ( 'NONE',  ( 1.357050807568877000, -2.492861891654333800E-016, -1.312499999999998900 ) ) ;
#1504 = FACE_OUTER_BOUND ( 'NONE', #2005, .T. ) ;
#1505 = EDGE_CURVE ( 'NONE', #562, #1639, #274, .T. ) ;
#1506 = ADVANCED_FACE ( 'NONE', ( #956 ), #1830, .F. ) ;
#1507 = CARTESIAN_POINT ( 'NONE',  ( -0.6785254037844388200, -1.175240473580835100, -1.041666666666666100 ) ) ;
#1508 = ORIENTED_EDGE ( 'NONE', *, *, #1311, .F. ) ;
#1509 = CARTESIAN_POINT ( 'NONE',  ( -1.836970198721031400E-016, -1.500000000000001300, -1.687500000000041700 ) ) ;
#1510 = CARTESIAN_POINT ( 'NONE',  ( -1.870113174931182600E-016, -1.527063293868263300, -3.203125000000044400 ) ) ;
#1511 = ORIENTED_EDGE ( 'NONE', *, *, #1417, .T. ) ;
#1512 = CARTESIAN_POINT ( 'NONE',  ( -1.827451964197215600E-016, -1.492227771688587200, -4.183012701892241800 ) ) ;
#1513 = CARTESIAN_POINT ( 'NONE',  ( 0.0000000000000000000, 1.296351071171740100E-055, -4.499999999999999100 ) ) ;
#1514 = ORIENTED_EDGE ( 'NONE', *, *, #1021, .T. ) ;
#1515 = CARTESIAN_POINT ( 'NONE',  ( 0.0000000000000000000, 1.175240473580835300, 1.812500000000000700 ) ) ;
#1516 = ORIENTED_EDGE ( 'NONE', *, *, #630, .T. ) ;
#1517 = CARTESIAN_POINT ( 'NONE',  ( 1.357050807568876700, -2.492861891654333800E-016, -2.374999999999999100 ) ) ;
#1518 = CARTESIAN_POINT ( 'NONE',  ( 0.6785254037844392600, 1.175240473580835100, 0.2083333333333337900 ) ) ;
#1519 = CARTESIAN_POINT ( 'NONE',  ( -1.313931738856960900, -0.4379485596484664100, 1.281960922716528700 ) ) ;
#1520 =( BOUNDED_CURVE ( )  B_SPLINE_CURVE ( 2, ( #513, #749, #1703, #998, #1489, #723, #2653 ),
 .UNSPECIFIED., .F., .F. ) 
 B_SPLINE_CURVE_WITH_KNOTS ( ( 3, 2, 2, 3 ),
 ( 0.1153846153846153600, 0.1282051282051281700, 0.1410256410256410500, 0.1538461538461538500 ),
 .UNSPECIFIED. ) 
 CURVE ( )  GEOMETRIC_REPRESENTATION_ITEM ( )  RATIONAL_B_SPLINE_CURVE ( ( 1.000000000000000700, 0.8660254037844381500, 1.000000000000000000, 0.8660254037844386000, 1.000000000000000000, 0.8660254037844386000, 1.000000000000000000 ) ) 
 REPRESENTATION_ITEM ( '' )  );
#1521 = CARTESIAN_POINT ( 'NONE',  ( -1.322475605676657800, 0.7635316469341318900, 1.130208333333288600 ) ) ;
#1522 = EDGE_CURVE ( 'NONE', #1928, #1121, #2803, .T. ) ;
#1523 = CARTESIAN_POINT ( 'NONE',  ( 0.7364247641451132600, 1.018200637156976700, 4.198642010119643300 ) ) ;
#1524 = CARTESIAN_POINT ( 'NONE',  ( 0.0000000000000000000, 1.175240473580835300, -2.687499999999999100 ) ) ;
#1525 = CARTESIAN_POINT ( 'NONE',  ( 0.6785254037844380400, -1.175240473580835700, 1.604166666666667900 ) ) ;
#1526 = EDGE_LOOP ( 'NONE', ( #1675, #1310, #2676, #2557, #782, #11, #2602 ) ) ;
#1527 = CARTESIAN_POINT ( 'NONE',  ( 1.017788105676658200, 0.5876202367904167500, -1.333333333333332600 ) ) ;
#1528 = CARTESIAN_POINT ( 'NONE',  ( -1.222898445063052200, 0.6281054941263650700, 1.250612748137404800 ) ) ;
#1529 = CARTESIAN_POINT ( 'NONE',  ( -1.836970198721031200E-016, -1.500000000000001600, -0.2499999999999567600 ) ) ;
#1530 = CARTESIAN_POINT ( 'NONE',  ( 0.0000000000000000000, 1.500000000000001600, -2.999999999999956500 ) ) ;
#1531 = CARTESIAN_POINT ( 'NONE',  ( 1.017788105676658200, 0.5876202367904167500, 1.729166666666667900 ) ) ;
#1532 = AXIS2_PLACEMENT_3D ( 'NONE', #1805, #1575, #348 ) ;
#1533 = CARTESIAN_POINT ( 'NONE',  ( -3.274242444245837400E-012, -1.323117061316981800, -4.352123412263849500 ) ) ;
#1534 = CARTESIAN_POINT ( 'NONE',  ( -1.017788105676657800, 0.5876202367904177500, -0.1666666666666656600 ) ) ;
#1535 = CYLINDRICAL_SURFACE ( 'NONE', #2553, 1.500000000000001300 ) ;
#1536 = DIRECTION ( 'NONE',  ( 0.0000000000000000000, -1.000000000000000000, 0.0000000000000000000 ) ) ;
#1537 = CARTESIAN_POINT ( 'NONE',  ( -1.763300807568877000, 1.079710344961584000E-016, -0.3281250000000444600 ) ) ;
#1538 = DIRECTION ( 'NONE',  ( 0.0000000000000000000, 1.000000000000000000, 0.0000000000000000000 ) ) ;
#1539 = FACE_OUTER_BOUND ( 'NONE', #615, .T. ) ;
#1540 = CARTESIAN_POINT ( 'NONE',  ( 0.6785254037844392600, 1.175240473580835100, 1.270833333333333700 ) ) ;
#1541 = ORIENTED_EDGE ( 'NONE', *, *, #120, .T. ) ;
#1542 = CARTESIAN_POINT ( 'NONE',  ( -1.249999999999999800, 0.7216878364870317200, 4.391746824526945800 ) ) ;
#1543 = ORIENTED_EDGE ( 'NONE', *, *, #780, .T. ) ;
#1544 = APPROVAL ( #2515, 'UNSPECIFIED' ) ;
#1545 = CARTESIAN_POINT ( 'NONE',  ( 0.6785254037844380400, -1.175240473580835700, 0.5416666666666677400 ) ) ;
#1546 = CARTESIAN_POINT ( 'NONE',  ( 0.0000000000000000000, 1.500000000000001300, -4.500000000000000900 ) ) ;
#1547 = CARTESIAN_POINT ( 'NONE',  ( 0.3264292332702533600, -1.145997077379228700, -4.486475922042377100 ) ) ;
#1548 = VERTEX_POINT ( 'NONE', #2053 ) ;
#1549 = DIRECTION ( 'NONE',  ( 1.000000000000000000, 0.0000000000000000000, 0.0000000000000000000 ) ) ;
#1550 = DIRECTION ( 'NONE',  ( -0.0000000000000000000, 1.440390079079711300E-056, -1.000000000000000000 ) ) ;
#1551 = ORIENTED_EDGE ( 'NONE', *, *, #2781, .T. ) ;
#1552 = CARTESIAN_POINT ( 'NONE',  ( -1.299038105676659300, -0.7500000000000004400, -1.333333333333289700 ) ) ;
#1553 = CARTESIAN_POINT ( 'NONE',  ( -1.017788105676657800, 0.5876202367904177500, 0.8333333333333343700 ) ) ;
#1554 = CARTESIAN_POINT ( 'NONE',  ( 0.8816504037844380400, -1.527063293868264000, -1.692708333333286900 ) ) ;
#1555 = ORIENTED_EDGE ( 'NONE', *, *, #2583, .T. ) ;
#1556 = CARTESIAN_POINT ( 'NONE',  ( 1.763300807568877000, -3.239131034884752100E-016, 0.9218749999999557000 ) ) ;
#1557 = CARTESIAN_POINT ( 'NONE',  ( 3.367778697655221000E-016, 2.750000000000000000, 1.650000000000001200 ) ) ;
#1558 = EDGE_CURVE ( 'NONE', #2864, #1891, #873, .T. ) ;
#1559 = CARTESIAN_POINT ( 'NONE',  ( 0.6785254037844380400, -1.175240473580835700, -2.458333333333332100 ) ) ;
#1560 = CARTESIAN_POINT ( 'NONE',  ( 1.299038105676659800, 0.7499999999999995600, -2.083333333333289500 ) ) ;
#1561 = ORIENTED_EDGE ( 'NONE', *, *, #98, .F. ) ;
#1562 = ADVANCED_FACE ( 'NONE', ( #2216 ), #1689, .F. ) ;
#1563 = CARTESIAN_POINT ( 'NONE',  ( 0.0000000000000000000, 1.175240473580835300, 0.7500000000000006700 ) ) ;
#1564 = CARTESIAN_POINT ( 'NONE',  ( 1.763300807568877000, -3.239131034884752100E-016, -2.609374999999953400 ) ) ;
#1565 = DIRECTION ( 'NONE',  ( 0.0000000000000000000, 1.000000000000000000, 1.440390079079711300E-056 ) ) ;
#1566 = DIRECTION ( 'NONE',  ( 0.0000000000000000000, 1.000000000000000000, 0.0000000000000000000 ) ) ;
#1567 = AXIS2_PLACEMENT_3D ( 'NONE', #2367, #1691, #411 ) ;
#1568 = COORDINATED_UNIVERSAL_TIME_OFFSET ( 6, 0, .BEHIND. ) ;
#1569 = MECHANICAL_CONTEXT ( 'NONE', #1334, 'mechanical' ) ;
#1570 = CONICAL_SURFACE ( 'NONE', #1812, 1.551628848447119000, 0.7853981633974500600 ) ;
#1571 = CARTESIAN_POINT ( 'NONE',  ( 0.2221439446534789200, 1.239919534826580100, 1.199842473421072900 ) ) ;
#1572 = CARTESIAN_POINT ( 'NONE',  ( -0.6785254037844383700, 1.175240473580835500, -4.208333333333331300 ) ) ;
#1573 = DIRECTION ( 'NONE',  ( 0.0000000000000000000, -1.000000000000000000, 0.0000000000000000000 ) ) ;
#1574 = LINE ( 'NONE', #1709, #112 ) ;
#1575 = DIRECTION ( 'NONE',  ( 1.000000000000000000, -1.502314598737160500E-016, 0.0000000000000000000 ) ) ;
#1576 = LINE ( 'NONE', #1092, #2406 ) ;
#1577 = CARTESIAN_POINT ( 'NONE',  ( 1.322475605676658400, 0.7635316469341306700, -2.567708333333287300 ) ) ;
#1578 = ORIENTED_EDGE ( 'NONE', *, *, #386, .T. ) ;
#1579 = ORIENTED_EDGE ( 'NONE', *, *, #425, .T. ) ;
#1580 = EDGE_CURVE ( 'NONE', #320, #2972, #1799, .T. ) ;
#1581 = CARTESIAN_POINT ( 'NONE',  ( -1.249999999999999800, 0.7216878364870317200, 4.391746824526945800 ) ) ;
#1582 = APPROVAL_STATUS ( 'not_yet_approved' ) ;
#1583 = DIRECTION ( 'NONE',  ( -1.000000000000000000, 0.0000000000000000000, 0.0000000000000000000 ) ) ;
#1584 = CARTESIAN_POINT ( 'NONE',  ( 0.6785254037844392600, 1.175240473580835100, -2.291666666666665600 ) ) ;
#1585 = ORIENTED_EDGE ( 'NONE', *, *, #251, .T. ) ;
#1586 = CARTESIAN_POINT ( 'NONE',  ( 1.250000000000000000, -0.7216878364870316100, 4.391746824526945800 ) ) ;
#1587 = ORIENTED_EDGE ( 'NONE', *, *, #1459, .T. ) ;
#1588 = CARTESIAN_POINT ( 'NONE',  ( 1.017788105676657600, -0.5876202367904181900, 1.083333333333333700 ) ) ;
#1589 = CARTESIAN_POINT ( 'NONE',  ( -1.322475605676657800, -0.7635316469341314500, -2.817708333333287300 ) ) ;
#1590 = ORIENTED_EDGE ( 'NONE', *, *, #2228, .T. ) ;
#1591 = CARTESIAN_POINT ( 'NONE',  ( -1.299038105676659300, -0.7500000000000004400, 1.166666666666709800 ) ) ;
#1592 = CARTESIAN_POINT ( 'NONE',  ( -0.1975317408473107300, 1.329330669222373900, 4.287417583756786500 ) ) ;
#1593 = AXIS2_PLACEMENT_3D ( 'NONE', #2836, #2380, #656 ) ;
#1594 = CARTESIAN_POINT ( 'NONE',  ( -1.017788105676658000, -0.5876202367904174200, -3.083333333333332600 ) ) ;
#1595 = CARTESIAN_POINT ( 'NONE',  ( -1.836970198721031200E-016, -1.500000000000001600, -2.249999999999956000 ) ) ;
#1596 = CARTESIAN_POINT ( 'NONE',  ( 1.357050807568877000, -2.492861891654333800E-016, 1.625000000000000900 ) ) ;
#1597 = CARTESIAN_POINT ( 'NONE',  ( 2.020667218593135000E-016, -1.650000000000001700, 1.500000000000000000 ) ) ;
#1598 = CARTESIAN_POINT ( 'NONE',  ( 0.8816504037844380400, -1.527063293868264000, -0.6927083333332869600 ) ) ;
#1599 = ORIENTED_EDGE ( 'NONE', *, *, #2723, .T. ) ;
#1600 = CARTESIAN_POINT ( 'NONE',  ( -1.870113174931182600E-016, -1.527063293868263300, -4.234374999999953800 ) ) ;
#1601 = EDGE_CURVE ( 'NONE', #279, #673, #1151, .T. ) ;
#1602 = CARTESIAN_POINT ( 'NONE',  ( 1.299038105676659800, 0.7499999999999995600, -4.083333333333289500 ) ) ;
#1603 = CARTESIAN_POINT ( 'NONE',  ( 1.017788105676657600, -0.5876202367904181900, -1.916666666666665900 ) ) ;
#1604 = CC_DESIGN_PERSON_AND_ORGANIZATION_ASSIGNMENT ( #865, #77, ( #1939 ) ) ;
#1605 = CARTESIAN_POINT ( 'NONE',  ( -0.6785254037844383700, 1.175240473580835500, 1.291666666666667400 ) ) ;
#1606 = CARTESIAN_POINT ( 'NONE',  ( -1.836970198721031400E-016, -1.500000000000001300, -2.687500000000041700 ) ) ;
#1607 = CARTESIAN_POINT ( 'NONE',  ( 1.322475605676658400, 0.7635316469341306700, 0.9322916666667131500 ) ) ;
#1608 = APPROVAL_DATE_TIME ( #2250, #2421 ) ;
#1609 = CARTESIAN_POINT ( 'NONE',  ( 3.184081677783118200E-016, 2.600000000000000100, 1.500000000000001300 ) ) ;
#1610 = LINE ( 'NONE', #2239, #1118 ) ;
#1611 = CARTESIAN_POINT ( 'NONE',  ( -1.299038105676659300, -0.7500000000000003300, -0.2708333333333755600 ) ) ;
#1612 = ADVANCED_FACE ( 'NONE', ( #500 ), #3012, .T. ) ;
#1613 = AXIS2_PLACEMENT_3D ( 'NONE', #395, #790, #1536 ) ;
#1614 = VECTOR ( 'NONE', #1369, 1000.000000000000000 ) ;
#1615 = CARTESIAN_POINT ( 'NONE',  ( -0.6785254037844388200, -1.175240473580835300, -1.541666666666665600 ) ) ;
#1616 = LINE ( 'NONE', #3019, #2329 ) ;
#1617 = CARTESIAN_POINT ( 'NONE',  ( -0.8660254037844398200, -1.500000000000001100, -2.791666666666622600 ) ) ;
#1618 = CARTESIAN_POINT ( 'NONE',  ( -0.8816504037844382600, 1.527063293868263300, -0.4427083333332871900 ) ) ;
#1619 = ORIENTED_EDGE ( 'NONE', *, *, #1580, .F. ) ;
#1620 = CARTESIAN_POINT ( 'NONE',  ( 3.250046242802002900E-014, 1.251017696411964600, 1.206249999999995200 ) ) ;
#1621 = EDGE_CURVE ( 'NONE', #2010, #576, #2197, .T. ) ;
#1622 = VERTEX_POINT ( 'NONE', #1899 ) ;
#1623 = CARTESIAN_POINT ( 'NONE',  ( 1.017788105676658200, 0.5876202367904167500, -3.833333333333332100 ) ) ;
#1624 = CARTESIAN_POINT ( 'NONE',  ( 1.017788105676657600, -0.5876202367904181900, -3.354166666666666100 ) ) ;
#1625 = CARTESIAN_POINT ( 'NONE',  ( 0.6785254037844380400, -1.175240473580835700, -1.458333333333332400 ) ) ;
#1626 = ORIENTED_EDGE ( 'NONE', *, *, #694, .T. ) ;
#1627 = ORIENTED_EDGE ( 'NONE', *, *, #1217, .T. ) ;
#1628 = DIRECTION ( 'NONE',  ( -0.0000000000000000000, 1.440390079079711300E-056, -1.000000000000000000 ) ) ;
#1629 = ORIENTED_EDGE ( 'NONE', *, *, #1988, .T. ) ;
#1630 = CARTESIAN_POINT ( 'NONE',  ( -1.870113174931182600E-016, -1.527063293868263300, 1.265625000000046200 ) ) ;
#1631 = AXIS2_PLACEMENT_3D ( 'NONE', #877, #400, #612 ) ;
#1632 = CARTESIAN_POINT ( 'NONE',  ( 1.017788105676658200, 0.5876202367904167500, -1.770833333333332600 ) ) ;
#1633 = CARTESIAN_POINT ( 'NONE',  ( 0.0000000000000000000, 1.296351071171740300E-055, -4.500000000000000900 ) ) ;
#1634 = CARTESIAN_POINT ( 'NONE',  ( 0.0000000000000000000, 1.296351071171740100E-055, -4.499999999999999100 ) ) ;
#1635 = CARTESIAN_POINT ( 'NONE',  ( -1.439254484199189400E-016, -1.175240473580835300, -4.499999999999999100 ) ) ;
#1636 = CARTESIAN_POINT ( 'NONE',  ( -1.439254484199189400E-016, -1.175240473580835300, -3.937499999999999100 ) ) ;
#1637 = CARTESIAN_POINT ( 'NONE',  ( 0.0000000000000000000, 1.175240473580835300, 0.2500000000000011100 ) ) ;
#1638 = CARTESIAN_POINT ( 'NONE',  ( 1.732050807568879400, -3.181725716174723900E-016, -2.062500000000042200 ) ) ;
#1639 = VERTEX_POINT ( 'NONE', #921 ) ;
#1640 = DIRECTION ( 'NONE',  ( 0.0000000000000000000, -0.7071067811865474600, 0.7071067811865475700 ) ) ;
#1641 = CARTESIAN_POINT ( 'NONE',  ( 0.8816504037844380400, -1.527063293868264000, 0.3072916666667126500 ) ) ;
#1642 = CARTESIAN_POINT ( 'NONE',  ( -1.017788105676658000, -0.5876202367904174200, -2.020833333333332600 ) ) ;
#1643 = CARTESIAN_POINT ( 'NONE',  ( -1.836970198721031200E-016, -1.500000000000001600, 0.7500000000000431900 ) ) ;
#1644 = DIRECTION ( 'NONE',  ( 0.0000000000000000000, 0.7071067811865495700, -0.7071067811865454600 ) ) ;
#1645 = CARTESIAN_POINT ( 'NONE',  ( 0.6785254037844380400, -1.175240473580835700, 1.604166666666667900 ) ) ;
#1646 = CARTESIAN_POINT ( 'NONE',  ( -1.017788105676657800, 0.5876202367904177500, -3.604166666666665600 ) ) ;
#1647 = CARTESIAN_POINT ( 'NONE',  ( -1.017788105676658000, -0.5876202367904174200, -1.583333333333332400 ) ) ;
#1648 = CYLINDRICAL_SURFACE ( 'NONE', #2937, 1.500000000000001300 ) ;
#1649 = DIRECTION ( 'NONE',  ( 0.0000000000000000000, 1.000000000000000000, 0.0000000000000000000 ) ) ;
#1650 = VECTOR ( 'NONE', #1938, 1000.000000000000000 ) ;
#1651 = CARTESIAN_POINT ( 'NONE',  ( -0.6785254037844388200, -1.175240473580835300, -2.979166666666665600 ) ) ;
#1652 = ORIENTED_EDGE ( 'NONE', *, *, #851, .F. ) ;
#1653 =( BOUNDED_CURVE ( )  B_SPLINE_CURVE ( 2, ( #2138, #1912, #1188, #3089, #903, #2644, #2882 ),
 .UNSPECIFIED., .F., .F. ) 
 B_SPLINE_CURVE_WITH_KNOTS ( ( 3, 2, 2, 3 ),
 ( 0.1153846153846153600, 0.1282051282051281900, 0.1410256410256410500, 0.1538461538461539100 ),
 .UNSPECIFIED. ) 
 CURVE ( )  GEOMETRIC_REPRESENTATION_ITEM ( )  RATIONAL_B_SPLINE_CURVE ( ( 1.000000000000000400, 0.8660254037844383700, 1.000000000000000000, 0.8660254037844387100, 1.000000000000000000, 0.8660254037844381500, 1.000000000000000700 ) ) 
 REPRESENTATION_ITEM ( '' )  );
#1654 = CARTESIAN_POINT ( 'NONE',  ( 1.299038105676659600, 0.7499999999999995600, 0.4791666666666251100 ) ) ;
#1655 = TOROIDAL_SURFACE ( 'NONE', #524, 1.650000000000001700, 0.1499999999999990800 ) ;
#1656 = AXIS2_PLACEMENT_3D ( 'NONE', #2109, #1892, #909 ) ;
#1657 = CARTESIAN_POINT ( 'NONE',  ( -1.439254484199189400E-016, -1.175240473580835300, -2.999999999999999100 ) ) ;
#1658 = CARTESIAN_POINT ( 'NONE',  ( -0.8234078741650947600, -0.8385640366158244600, -4.499999999999999100 ) ) ;
#1659 = CARTESIAN_POINT ( 'NONE',  ( -1.870113174931182600E-016, -1.527063293868263300, -4.203125000000044400 ) ) ;
#1660 = EDGE_LOOP ( 'NONE', ( #1330, #243, #880, #3101 ) ) ;
#1661 = DIRECTION ( 'NONE',  ( 1.000000000000000000, 0.0000000000000000000, 0.0000000000000000000 ) ) ;
#1662 = VERTEX_POINT ( 'NONE', #176 ) ;
#1663 = CARTESIAN_POINT ( 'NONE',  ( 0.6785254037844392600, 1.175240473580835100, -3.729166666666665600 ) ) ;
#1664 = ORIENTED_EDGE ( 'NONE', *, *, #2228, .F. ) ;
#1665 = CARTESIAN_POINT ( 'NONE',  ( -1.299038105676659300, 0.7500000000000008900, -0.9166666666666227800 ) ) ;
#1666 = EDGE_CURVE ( 'NONE', #3066, #2223, #2323, .T. ) ;
#1667 = ORIENTED_EDGE ( 'NONE', *, *, #3082, .T. ) ;
#1668 = CARTESIAN_POINT ( 'NONE',  ( -0.6785254037844388200, -1.175240473580835300, -2.541666666666665600 ) ) ;
#1669 = CARTESIAN_POINT ( 'NONE',  ( 0.0000000000000000000, 1.175240473580835300, -3.687499999999999100 ) ) ;
#1670 = CARTESIAN_POINT ( 'NONE',  ( 1.763300807568877000, -3.239131034884752100E-016, -3.578125000000044400 ) ) ;
#1671 = CARTESIAN_POINT ( 'NONE',  ( 1.928818708657084100E-016, -1.500000000000002700, 1.350000000000001400 ) ) ;
#1672 = CARTESIAN_POINT ( 'NONE',  ( 1.017788105676658200, 0.5876202367904167500, -3.770833333333332100 ) ) ;
#1673 = AXIS2_PLACEMENT_3D ( 'NONE', #1634, #895, #460 ) ;
#1674 = CARTESIAN_POINT ( 'NONE',  ( 1.299038105676658900, -0.7500000000000013300, 0.3958333333332913500 ) ) ;
#1675 = ORIENTED_EDGE ( 'NONE', *, *, #3103, .F. ) ;
#1676 = CARTESIAN_POINT ( 'NONE',  ( -1.017788105676658000, -0.5876202367904174200, -1.583333333333332400 ) ) ;
#1677 = CARTESIAN_POINT ( 'NONE',  ( -0.6785254037844388200, -1.175240473580835100, -0.9791666666666659600 ) ) ;
#1678 = CARTESIAN_POINT ( 'NONE',  ( -0.6785254037844383700, 1.175240473580835500, 1.291666666666667400 ) ) ;
#1679 = CARTESIAN_POINT ( 'NONE',  ( 0.8660254037844432600, -1.499999999999994400, -3.208333333333289100 ) ) ;
#1680 = CARTESIAN_POINT ( 'NONE',  ( -1.357050807568877000, 8.309539638847779000E-017, -4.062499999999999100 ) ) ;
#1681 = EDGE_CURVE ( 'NONE', #561, #545, #315, .T. ) ;
#1682 = CARTESIAN_POINT ( 'NONE',  ( -1.017788105676657800, 0.5876202367904177500, -1.104166666666665600 ) ) ;
#1683 = CARTESIAN_POINT ( 'NONE',  ( 1.357050807568876700, -2.492861891654333800E-016, -3.374999999999999600 ) ) ;
#1684 = LOCAL_TIME ( 8, 39, 44.00000000000000000, #2320 ) ;
#1685 = VECTOR ( 'NONE', #143, 1000.000000000000000 ) ;
#1686 = CARTESIAN_POINT ( 'NONE',  ( -0.6785254037844388200, -1.175240473580835100, -1.979166666666665900 ) ) ;
#1687 = CARTESIAN_POINT ( 'NONE',  ( -1.322475605676657800, -0.7635316469341314500, -3.786458333333377900 ) ) ;
#1688 = CARTESIAN_POINT ( 'NONE',  ( -0.1850352140565967300, 1.340081676074170500, -4.335158797506689900 ) ) ;
#1689 = TOROIDAL_SURFACE ( 'NONE', #505, 1.650000000000001700, 0.1499999999999990800 ) ;
#1690 = AXIS2_PLACEMENT_3D ( 'NONE', #2162, #2613, #2863 ) ;
#1691 = DIRECTION ( 'NONE',  ( 0.0000000000000000000, -9.944396304902826600E-017, 1.000000000000000000 ) ) ;
#1692 = CARTESIAN_POINT ( 'NONE',  ( 0.0000000000000000000, 1.175240473580835300, -2.687499999999999100 ) ) ;
#1693 = VECTOR ( 'NONE', #2922, 1000.000000000000000 ) ;
#1694 = CARTESIAN_POINT ( 'NONE',  ( 1.357050807568877000, -2.492861891654333800E-016, -0.3124999999999994400 ) ) ;
#1695 = CARTESIAN_POINT ( 'NONE',  ( 1.017788105676658200, 0.5876202367904167500, -3.833333333333332100 ) ) ;
#1696 = EDGE_LOOP ( 'NONE', ( #1911, #2993, #1772 ) ) ;
#1697 = B_SPLINE_CURVE_WITH_KNOTS ( 'NONE', 3,
 ( #605, #2300, #1840, #2778, #839, #1091 ),
 .UNSPECIFIED., .F., .F.,
 ( 4, 2, 4 ),
 ( 0.0000000000000000000, 0.0004550704216692079200, 0.0009101408433384158500 ),
 .UNSPECIFIED. ) ;
#1698 = CARTESIAN_POINT ( 'NONE',  ( 1.017788105676658200, 0.5876202367904167500, -1.333333333333332600 ) ) ;
#1699 = CARTESIAN_POINT ( 'NONE',  ( -1.439254484199189400E-016, -1.175240473580835300, -1.937499999999999100 ) ) ;
#1700 = CARTESIAN_POINT ( 'NONE',  ( -0.8816504037844382600, 1.527063293868263300, -4.411458333333377400 ) ) ;
#1701 = EDGE_LOOP ( 'NONE', ( #1667, #2832, #2891, #1001 ) ) ;
#1702 = CARTESIAN_POINT ( 'NONE',  ( -1.118901069031105200, -0.9225982764011583200, -4.227954587457943200 ) ) ;
#1703 = CARTESIAN_POINT ( 'NONE',  ( -1.299038105676659300, -0.7500000000000003300, 0.7291666666666244400 ) ) ;
#1704 = VERTEX_POINT ( 'NONE', #2489 ) ;
#1705 = CARTESIAN_POINT ( 'NONE',  ( -1.017788105676658000, -0.5876202367904174200, -2.520833333333332600 ) ) ;
#1706 = CARTESIAN_POINT ( 'NONE',  ( -1.439254484199189400E-016, -1.175240473580835300, 0.5625000000000004400 ) ) ;
#1707 = CARTESIAN_POINT ( 'NONE',  ( 0.5135752358548869600, -1.146862872304119900, 4.198642010119643300 ) ) ;
#1708 = ORIENTED_EDGE ( 'NONE', *, *, #1946, .T. ) ;
#1709 = CARTESIAN_POINT ( 'NONE',  ( 1.439254484199189400E-016, 1.175240473580835300, -4.499999999999999100 ) ) ;
#1710 = CARTESIAN_POINT ( 'NONE',  ( -1.357050807568877000, 8.309539638847779000E-017, -0.6249999999999988900 ) ) ;
#1711 = CARTESIAN_POINT ( 'NONE',  ( 0.6785254037844380400, -1.175240473580835500, -0.3958333333333322600 ) ) ;
#1712 = CARTESIAN_POINT ( 'NONE',  ( -1.763300807568877000, 1.079710344961584000E-016, -2.328125000000044400 ) ) ;
#1713 = PRODUCT_RELATED_PRODUCT_CATEGORY ( 'detail', '', ( #1939 ) ) ;
#1714 = DIRECTION ( 'NONE',  ( 0.0000000000000000000, 1.000000000000000000, 0.0000000000000000000 ) ) ;
#1715 = CARTESIAN_POINT ( 'NONE',  ( -1.017788105676658000, -0.5876202367904174200, -3.520833333333332600 ) ) ;
#1716 = CARTESIAN_POINT ( 'NONE',  ( -1.357050807568877000, 8.309539638847779000E-017, -1.062499999999999100 ) ) ;
#1717 = CARTESIAN_POINT ( 'NONE',  ( -1.732050807568879400, 1.060575238724908000E-016, -3.812500000000042600 ) ) ;
#1718 = CARTESIAN_POINT ( 'NONE',  ( -0.6785254037844388200, -1.175240473580835100, -3.041666666666665600 ) ) ;
#1719 = B_SPLINE_CURVE_WITH_KNOTS ( 'NONE', 3,
 ( #1294, #1324, #2514, #303, #2045, #2988, #1780, #550, #314, #2257, #577, #2737, #819, #1301, #1066, #2976, #1547, #1057, #2721, #2755 ),
 .UNSPECIFIED., .F., .F.,
 ( 4, 2, 2, 2, 2, 2, 2, 2, 2, 4 ),
 ( 0.004675001887214440600, 0.005166385583916450700, 0.005657769280618460800, 0.006149152977320470800, 0.006640536674022480900, 0.007131920370724491000, 0.007623304067426501000, 0.008114687764128511100, 0.008360379612479516100, 0.008606071460830521200 ),
 .UNSPECIFIED. ) ;
#1720 = CARTESIAN_POINT ( 'NONE',  ( -1.017788105676657800, 0.5876202367904177500, 0.3333333333333339300 ) ) ;
#1721 = CARTESIAN_POINT ( 'NONE',  ( 0.6785254037844391500, 1.175240473580835100, -2.229166666666665600 ) ) ;
#1722 = CARTESIAN_POINT ( 'NONE',  ( -1.763300807568877000, 1.079710344961584000E-016, -1.328125000000044600 ) ) ;
#1723 = CARTESIAN_POINT ( 'NONE',  ( 0.0000000000000000000, 1.296351071171740300E-055, -4.500000000000000900 ) ) ;
#1724 = CARTESIAN_POINT ( 'NONE',  ( -3.204619126434813600E-016, 1.443375672974063900, 2.500000000000000400 ) ) ;
#1725 = LINE ( 'NONE', #69, #1149 ) ;
#1726 = CARTESIAN_POINT ( 'NONE',  ( 0.6785254037844380400, -1.175240473580835700, -0.3958333333333322600 ) ) ;
#1727 = EDGE_CURVE ( 'NONE', #600, #3066, #1208, .T. ) ;
#1728 = DIRECTION ( 'NONE',  ( 0.0000000000000000000, 1.000000000000000000, 0.0000000000000000000 ) ) ;
#1729 = CARTESIAN_POINT ( 'NONE',  ( 0.6785254037844380400, -1.175240473580835500, -2.958333333333331700 ) ) ;
#1730 = FACE_OUTER_BOUND ( 'NONE', #1479, .T. ) ;
#1731 = CARTESIAN_POINT ( 'NONE',  ( 1.017788105676657600, -0.5876202367904181900, 1.145833333333333700 ) ) ;
#1732 = CARTESIAN_POINT ( 'NONE',  ( 0.8816504037844380400, -1.527063293868264000, -1.161458333333377400 ) ) ;
#1733 = FACE_OUTER_BOUND ( 'NONE', #554, .T. ) ;
#1734 = CARTESIAN_POINT ( 'NONE',  ( 0.0000000000000000000, 1.500000000000001600, 0.5000000000000439600 ) ) ;
#1735 =( BOUNDED_CURVE ( )  B_SPLINE_CURVE ( 2, ( #2438, #972, #6, #1717, #2200, #991, #506 ),
 .UNSPECIFIED., .F., .F. ) 
 B_SPLINE_CURVE_WITH_KNOTS ( ( 3, 2, 2, 3 ),
 ( 0.8076923076923076000, 0.8205128205128204800, 0.8333333333333333700, 0.8461538461538462600 ),
 .UNSPECIFIED. ) 
 CURVE ( )  GEOMETRIC_REPRESENTATION_ITEM ( )  RATIONAL_B_SPLINE_CURVE ( ( 1.000000000000001100, 0.8660254037844374900, 1.000000000000000000, 0.8660254037844386000, 1.000000000000000000, 0.8660254037844374900, 1.000000000000001100 ) ) 
 REPRESENTATION_ITEM ( '' )  );
#1736 = ORIENTED_EDGE ( 'NONE', *, *, #406, .F. ) ;
#1737 = AXIS2_PLACEMENT_3D ( 'NONE', #180, #1255, #1967 ) ;
#1738 = CARTESIAN_POINT ( 'NONE',  ( 0.6785254037844380400, -1.175240473580835700, -3.395833333333332100 ) ) ;
#1739 = CARTESIAN_POINT ( 'NONE',  ( -0.6785254037844388200, -1.175240473580835300, 0.02083333333333450800 ) ) ;
#1740 = ORIENTED_EDGE ( 'NONE', *, *, #2456, .F. ) ;
#1741 = CARTESIAN_POINT ( 'NONE',  ( 0.6785254037844380400, -1.175240473580835500, -0.4583333333333323700 ) ) ;
#1742 = ORIENTED_EDGE ( 'NONE', *, *, #1839, .F. ) ;
#1743 = CARTESIAN_POINT ( 'NONE',  ( -1.870113174931182600E-016, -1.527063293868263300, -1.203125000000044400 ) ) ;
#1744 = CARTESIAN_POINT ( 'NONE',  ( -0.8660254037844376000, -1.500000000000004700, -1.791666666666622100 ) ) ;
#1745 = ORIENTED_EDGE ( 'NONE', *, *, #208, .T. ) ;
#1746 = EDGE_CURVE ( 'NONE', #576, #394, #117, .T. ) ;
#1747 = CARTESIAN_POINT ( 'NONE',  ( 1.017788105676658200, 0.5876202367904167500, -1.270833333333332600 ) ) ;
#1748 = CARTESIAN_POINT ( 'NONE',  ( 0.6785254037844380400, -1.175240473580835700, 0.6041666666666677400 ) ) ;
#1749 = CARTESIAN_POINT ( 'NONE',  ( 0.6785254037844391500, 1.175240473580835100, -0.7916666666666661900 ) ) ;
#1750 = CARTESIAN_POINT ( 'NONE',  ( 0.6785254037844391500, 1.175240473580835100, 0.2708333333333338700 ) ) ;
#1751 =( BOUNDED_CURVE ( )  B_SPLINE_CURVE ( 2, ( #1867, #2546, #2356, #889, #2590, #3029, #2826 ),
 .UNSPECIFIED., .F., .F. ) 
 B_SPLINE_CURVE_WITH_KNOTS ( ( 3, 2, 2, 3 ),
 ( 0.6538461538461537400, 0.6666666666666665200, 0.6794871794871795200, 0.6923076923076922900 ),
 .UNSPECIFIED. ) 
 CURVE ( )  GEOMETRIC_REPRESENTATION_ITEM ( )  RATIONAL_B_SPLINE_CURVE ( ( 1.000000000000001100, 0.8660254037844376000, 1.000000000000000000, 0.8660254037844387100, 1.000000000000000000, 0.8660254037844387100, 1.000000000000000000 ) ) 
 REPRESENTATION_ITEM ( '' )  );
#1752 = CARTESIAN_POINT ( 'NONE',  ( 0.8816504037844392600, 1.527063293868263100, -0.9947916666667115900 ) ) ;
#1753 = CARTESIAN_POINT ( 'NONE',  ( -1.299038105676659300, 0.7500000000000008900, 0.5833333333333767800 ) ) ;
#1754 = CARTESIAN_POINT ( 'NONE',  ( 1.732050807568879400, -3.181725716174723900E-016, -2.562500000000042200 ) ) ;
#1755 = CARTESIAN_POINT ( 'NONE',  ( 0.6785254037844392600, 1.175240473580835100, 0.7708333333333343700 ) ) ;
#1756 = ADVANCED_FACE ( 'NONE', ( #1106 ), #2725, .F. ) ;
#1757 = CARTESIAN_POINT ( 'NONE',  ( 1.017788105676657600, -0.5876202367904181900, -1.916666666666665900 ) ) ;
#1758 = CARTESIAN_POINT ( 'NONE',  ( -1.350446094411990300, -0.2640993019546653600, 1.276772189505555700 ) ) ;
#1759 = CARTESIAN_POINT ( 'NONE',  ( -1.870113174931182600E-016, -1.527063293868263300, -0.2031250000000444100 ) ) ;
#1760 = CARTESIAN_POINT ( 'NONE',  ( 1.204193495294486400, -0.8943813649056270300, -4.175240473580833700 ) ) ;
#1761 = VECTOR ( 'NONE', #539, 1000.000000000000100 ) ;
#1762 = CARTESIAN_POINT ( 'NONE',  ( 1.250000000000000200, 0.7216878364870319400, 2.500000000000000400 ) ) ;
#1763 = CARTESIAN_POINT ( 'NONE',  ( 0.6785254037844380400, -1.175240473580835700, 0.1041666666666673400 ) ) ;
#1764 = EDGE_CURVE ( 'NONE', #200, #1167, #1020, .T. ) ;
#1765 = CARTESIAN_POINT ( 'NONE',  ( -0.7257695262617641600, -0.9715026437935669900, -4.473553199305738900 ) ) ;
#1766 = CARTESIAN_POINT ( 'NONE',  ( 1.017788105676657600, -0.5876202367904181900, -1.416666666666665900 ) ) ;
#1767 = FACE_OUTER_BOUND ( 'NONE', #1282, .T. ) ;
#1768 = SECURITY_CLASSIFICATION ( '', '', #2551 ) ;
#1769 = CARTESIAN_POINT ( 'NONE',  ( 1.017788105676657600, -0.5876202367904181900, 0.6458333333333341500 ) ) ;
#1770 = CARTESIAN_POINT ( 'NONE',  ( -0.8816504037844382600, 1.527063293868263300, 0.08854166666662222100 ) ) ;
#1771 = ORIENTED_EDGE ( 'NONE', *, *, #2143, .T. ) ;
#1772 = ORIENTED_EDGE ( 'NONE', *, *, #2961, .T. ) ;
#1773 = CARTESIAN_POINT ( 'NONE',  ( 1.357050807568877000, -2.492861891654333800E-016, 1.687500000000000700 ) ) ;
#1774 = CARTESIAN_POINT ( 'NONE',  ( 0.0000000000000000000, 1.500000000000001600, -1.499999999999956000 ) ) ;
#1775 = ORIENTED_EDGE ( 'NONE', *, *, #2562, .F. ) ;
#1776 = CARTESIAN_POINT ( 'NONE',  ( -1.357050807568876700, 8.309539638847779000E-017, -0.1249999999999992500 ) ) ;
#1777 = ORIENTED_EDGE ( 'NONE', *, *, #231, .T. ) ;
#1778 = CARTESIAN_POINT ( 'NONE',  ( 1.430908802125178600, -0.4500000000007677900, 1.350000000000001000 ) ) ;
#1779 = CARTESIAN_POINT ( 'NONE',  ( 0.0000000000000000000, 1.527063293868263300, 0.04687499999995580600 ) ) ;
#1780 = CARTESIAN_POINT ( 'NONE',  ( 1.091842227447785000, 0.6938395019456287100, -4.392154472034756700 ) ) ;
#1781 = EDGE_CURVE ( 'NONE', #1087, #1203, #410, .T. ) ;
#1782 = CARTESIAN_POINT ( 'NONE',  ( 0.1964808569473854300, 1.329937397324883100, 4.278308548877046000 ) ) ;
#1783 = CARTESIAN_POINT ( 'NONE',  ( -0.6785254037844388200, -1.175240473580835300, -2.979166666666665600 ) ) ;
#1784 = CARTESIAN_POINT ( 'NONE',  ( -1.836970198721031200E-016, -1.500000000000001600, -1.249999999999956300 ) ) ;
#1785 = ADVANCED_FACE ( 'NONE', ( #1730 ), #728, .T. ) ;
#1786 = DIRECTION ( 'NONE',  ( 1.000000000000000000, 1.224646799147353200E-016, 1.763969099868571500E-072 ) ) ;
#1787 = CARTESIAN_POINT ( 'NONE',  ( 0.8816504037844380400, -1.527063293868264000, -2.192708333333287300 ) ) ;
#1788 = ORIENTED_EDGE ( 'NONE', *, *, #2028, .T. ) ;
#1789 = DIRECTION ( 'NONE',  ( -0.0000000000000000000, 1.440390079079711300E-056, -1.000000000000000000 ) ) ;
#1790 = CARTESIAN_POINT ( 'NONE',  ( 0.0000000000000000000, 1.296351071171740100E-055, -4.499999999999999100 ) ) ;
#1791 = CARTESIAN_POINT ( 'NONE',  ( 0.0000000000000000000, 4.537228749101089300E-056, 1.350000000000001400 ) ) ;
#1792 = AXIS2_PLACEMENT_3D ( 'NONE', #2601, #1406, #1649 ) ;
#1793 = PERSON_AND_ORGANIZATION_ROLE ( 'creator' ) ;
#1794 = CARTESIAN_POINT ( 'NONE',  ( -0.6785254037844388200, -1.175240473580835300, -3.541666666666665600 ) ) ;
#1795 = AXIS2_PLACEMENT_3D ( 'NONE', #119, #132, #373 ) ;
#1796 = CARTESIAN_POINT ( 'NONE',  ( -1.249999999999999600, 0.2504277741562460600, 4.217920748920275500 ) ) ;
#1797 = CARTESIAN_POINT ( 'NONE',  ( 1.763300807568877000, -3.239131034884752100E-016, -2.109374999999953800 ) ) ;
#1798 = CARTESIAN_POINT ( 'NONE',  ( 0.0000000000000000000, 1.527063293868263300, 1.046874999999955800 ) ) ;
#1799 = LINE ( 'NONE', #2092, #912 ) ;
#1800 = ADVANCED_FACE ( 'NONE', ( #2766 ), #2921, .T. ) ;
#1801 = CARTESIAN_POINT ( 'NONE',  ( 0.0000000000000000000, 1.500000000000001300, -2.437500000000041700 ) ) ;
#1802 = CIRCLE ( 'NONE', #2970, 2.600000000000000100 ) ;
#1803 = CARTESIAN_POINT ( 'NONE',  ( -1.017788105676658000, -0.5876202367904174200, -2.083333333333332600 ) ) ;
#1804 = EDGE_LOOP ( 'NONE', ( #883, #776 ) ) ;
#1805 = CARTESIAN_POINT ( 'NONE',  ( 1.250000000000000000, -0.7216878364870316100, -2.318813079129866200 ) ) ;
#1806 = CARTESIAN_POINT ( 'NONE',  ( 1.322475605676657300, -0.7635316469341323400, -2.151041666666620800 ) ) ;
#1807 = ORIENTED_EDGE ( 'NONE', *, *, #1601, .F. ) ;
#1808 = CC_DESIGN_PERSON_AND_ORGANIZATION_ASSIGNMENT ( #2839, #101, ( #2567 ) ) ;
#1809 = DIRECTION ( 'NONE',  ( -0.0000000000000000000, 1.440390079079711300E-056, -1.000000000000000000 ) ) ;
#1810 = EDGE_LOOP ( 'NONE', ( #2491, #1626, #1362 ) ) ;
#1811 = CARTESIAN_POINT ( 'NONE',  ( 1.836970198721031400E-016, -1.500000000000001300, -4.500000000000000900 ) ) ;
#1812 = AXIS2_PLACEMENT_3D ( 'NONE', #2094, #1133, #1661 ) ;
#1813 = CARTESIAN_POINT ( 'NONE',  ( -0.6785254037844388200, -1.175240473580835300, -4.041666666666665200 ) ) ;
#1814 = EDGE_LOOP ( 'NONE', ( #2351, #2272, #2289, #1072, #1965 ) ) ;
#1815 = CARTESIAN_POINT ( 'NONE',  ( 0.6785254037844391500, 1.175240473580835100, 0.7083333333333342600 ) ) ;
#1816 = CARTESIAN_POINT ( 'NONE',  ( -0.8816504037844382600, 1.527063293868263300, -2.442708333333286900 ) ) ;
#1817 = CARTESIAN_POINT ( 'NONE',  ( -1.299038105676659300, -0.7500000000000004400, -3.833333333333290000 ) ) ;
#1818 = CARTESIAN_POINT ( 'NONE',  ( -0.8816504037844382600, 1.527063293868263300, -3.942708333333286900 ) ) ;
#1819 = EDGE_CURVE ( 'NONE', #1167, #561, #1822, .T. ) ;
#1820 = CARTESIAN_POINT ( 'NONE',  ( -0.7364247641451129300, -1.018200637156976700, 4.198642010119643300 ) ) ;
#1821 = CARTESIAN_POINT ( 'NONE',  ( 0.0000000000000000000, 1.175240473580835300, -2.249999999999999100 ) ) ;
#1822 =( BOUNDED_CURVE ( )  B_SPLINE_CURVE ( 2, ( #2733, #1299, #1127, #1852, #382, #2808, #2089 ),
 .UNSPECIFIED., .F., .F. ) 
 B_SPLINE_CURVE_WITH_KNOTS ( ( 3, 2, 2, 3 ),
 ( 0.4230769230769231300, 0.4358974358974359000, 0.4487179487179486200, 0.4615384615384615100 ),
 .UNSPECIFIED. ) 
 CURVE ( )  GEOMETRIC_REPRESENTATION_ITEM ( )  RATIONAL_B_SPLINE_CURVE ( ( 1.000000000000000000, 0.8660254037844386000, 1.000000000000000000, 0.8660254037844386000, 1.000000000000000000, 0.8660254037844391500, 0.9999999999999994400 ) ) 
 REPRESENTATION_ITEM ( '' )  );
#1823 = CARTESIAN_POINT ( 'NONE',  ( 0.0000000000000000000, 1.175240473580835300, 0.2500000000000011100 ) ) ;
#1824 = CARTESIAN_POINT ( 'NONE',  ( -1.870113174931182600E-016, -1.527063293868263300, -1.234374999999953800 ) ) ;
#1825 = CARTESIAN_POINT ( 'NONE',  ( -1.836970198721031200E-016, -1.500000000000001600, 1.250000000000043500 ) ) ;
#1826 = CARTESIAN_POINT ( 'NONE',  ( -1.322475605676657800, -0.7635316469341314500, -4.317708333333286900 ) ) ;
#1827 = AXIS2_PLACEMENT_3D ( 'NONE', #1180, #447, #1937 ) ;
#1828 = APPROVAL_STATUS ( 'not_yet_approved' ) ;
#1829 = CARTESIAN_POINT ( 'NONE',  ( 0.0000000000000000000, 1.175240473580835300, 1.312500000000001100 ) ) ;
#1830 = PLANE ( 'NONE',  #354 ) ;
#1831 = CARTESIAN_POINT ( 'NONE',  ( -0.6785254037844388200, -1.175240473580835300, -3.041666666666665200 ) ) ;
#1832 = CARTESIAN_POINT ( 'NONE',  ( -1.836970198721031200E-016, -1.500000000000001600, -0.2499999999999567600 ) ) ;
#1833 = FACE_OUTER_BOUND ( 'NONE', #2929, .T. ) ;
#1834 = CARTESIAN_POINT ( 'NONE',  ( 1.732050807568879200, -3.181725716174723500E-016, -1.624999999999955800 ) ) ;
#1835 = LINE ( 'NONE', #1609, #1068 ) ;
#1836 = CARTESIAN_POINT ( 'NONE',  ( -1.322475605676657800, 0.7635316469341318900, -0.9010416666666203300 ) ) ;
#1837 = CARTESIAN_POINT ( 'NONE',  ( -1.299038105676659300, 0.7500000000000008900, -3.916666666666623000 ) ) ;
#1838 = CARTESIAN_POINT ( 'NONE',  ( -1.249999999999999800, 0.7216878364870317200, -2.318813079129866200 ) ) ;
#1839 = EDGE_CURVE ( 'NONE', #200, #2074, #2449, .T. ) ;
#1840 = CARTESIAN_POINT ( 'NONE',  ( 1.158933772172598300, 0.2464921935752576700, 1.162499999999998800 ) ) ;
#1841 = CARTESIAN_POINT ( 'NONE',  ( 1.299038105676658900, -0.7500000000000013300, -4.166666666666622600 ) ) ;
#1842 = CARTESIAN_POINT ( 'NONE',  ( -1.017788105676657800, 0.5876202367904177500, -1.666666666666665600 ) ) ;
#1843 = ORIENTED_EDGE ( 'NONE', *, *, #1781, .F. ) ;
#1844 = CARTESIAN_POINT ( 'NONE',  ( 1.250000000000000000, -0.4977939633749650600, 4.279799887970909800 ) ) ;
#1845 = ADVANCED_FACE ( 'NONE', ( #2369 ), #1065, .T. ) ;
#1846 = ORIENTED_EDGE ( 'NONE', *, *, #1819, .F. ) ;
#1847 = CARTESIAN_POINT ( 'NONE',  ( 1.357050807568877000, -2.492861891654333800E-016, 1.125000000000000900 ) ) ;
#1848 = CARTESIAN_POINT ( 'NONE',  ( -0.8816504037844382600, 1.527063293868263300, 0.5572916666667128100 ) ) ;
#1849 = VERTEX_POINT ( 'NONE', #1398 ) ;
#1850 = CARTESIAN_POINT ( 'NONE',  ( -1.017788105676658000, -0.5876202367904174200, -2.520833333333332600 ) ) ;
#1851 = DIRECTION ( 'NONE',  ( 0.0000000000000000000, 1.000000000000000000, 0.0000000000000000000 ) ) ;
#1852 = CARTESIAN_POINT ( 'NONE',  ( -1.732050807568879400, 1.060575238724908000E-016, -1.312500000000042400 ) ) ;
#1853 = ORIENTED_EDGE ( 'NONE', *, *, #2583, .F. ) ;
#1854 = CARTESIAN_POINT ( 'NONE',  ( -0.6785254037844388200, -1.175240473580835300, -4.541666666666667000 ) ) ;
#1855 = CARTESIAN_POINT ( 'NONE',  ( -1.249999999999999600, -0.7216878364870322700, 4.391746824526945800 ) ) ;
#1856 = CARTESIAN_POINT ( 'NONE',  ( -0.6785254037844383700, 1.175240473580835500, 0.2916666666666675200 ) ) ;
#1857 = CARTESIAN_POINT ( 'NONE',  ( -1.249999999999999600, -0.4977939633749652900, 4.279799887970909800 ) ) ;
#1858 = CARTESIAN_POINT ( 'NONE',  ( -0.8816504037844389300, -1.527063293868263100, 1.223958333333379900 ) ) ;
#1859 = DIRECTION ( 'NONE',  ( 0.0000000000000000000, -0.8660254037844362700, 0.5000000000000042200 ) ) ;
#1860 = DIRECTION ( 'NONE',  ( -1.000000000000000000, -1.502314598737160000E-016, 0.0000000000000000000 ) ) ;
#1861 = CARTESIAN_POINT ( 'NONE',  ( -1.357050807568877000, 8.309539638847779000E-017, -4.124999999999999100 ) ) ;
#1862 = EDGE_CURVE ( 'NONE', #982, #2459, #2513, .T. ) ;
#1863 = CARTESIAN_POINT ( 'NONE',  ( -0.6785254037844388200, -1.175240473580835100, -2.979166666666665600 ) ) ;
#1864 = CARTESIAN_POINT ( 'NONE',  ( -0.6785254037844383700, 1.175240473580835500, -0.2083333333333320900 ) ) ;
#1865 = CARTESIAN_POINT ( 'NONE',  ( 0.0000000000000000000, 1.296351071171740300E-055, -4.500000000000000900 ) ) ;
#1866 = CC_DESIGN_PERSON_AND_ORGANIZATION_ASSIGNMENT ( #2656, #595, ( #1768 ) ) ;
#1867 = CARTESIAN_POINT ( 'NONE',  ( -1.836970198721031200E-016, -1.500000000000001600, -0.2499999999999567600 ) ) ;
#1868 = CARTESIAN_POINT ( 'NONE',  ( -1.732050807568879400, 1.060575238724908000E-016, 1.187499999999957800 ) ) ;
#1869 = CARTESIAN_POINT ( 'NONE',  ( 1.322475605676658400, 0.7635316469341306700, -1.067708333333287300 ) ) ;
#1870 = SHAPE_DEFINITION_REPRESENTATION ( #2258, #261 ) ;
#1871 = CARTESIAN_POINT ( 'NONE',  ( -0.8660254037844435900, 1.499999999999994000, -0.9583333333332891800 ) ) ;
#1872 = CARTESIAN_POINT ( 'NONE',  ( 1.299038105676658900, -0.7500000000000013300, 0.8958333333332909600 ) ) ;
#1873 = CARTESIAN_POINT ( 'NONE',  ( -1.017788105676657800, 0.5876202367904177500, 1.395833333333333900 ) ) ;
#1874 = VECTOR ( 'NONE', #1789, 1000.000000000000000 ) ;
#1875 = CARTESIAN_POINT ( 'NONE',  ( -1.357050807568876700, 8.309539638847779000E-017, -3.562499999999998700 ) ) ;
#1876 = CARTESIAN_POINT ( 'NONE',  ( -1.017788105676658000, -0.5876202367904174200, 0.4166666666666676300 ) ) ;
#1877 = CYLINDRICAL_SURFACE ( 'NONE', #2805, 1.500000000000001300 ) ;
#1878 = CARTESIAN_POINT ( 'NONE',  ( -1.299038105676659300, -0.7500000000000004400, -2.833333333333289500 ) ) ;
#1879 = CARTESIAN_POINT ( 'NONE',  ( 1.322475605676657300, -0.7635316469341323400, 0.3489583333333798900 ) ) ;
#1880 = ORIENTED_EDGE ( 'NONE', *, *, #829, .F. ) ;
#1881 = CARTESIAN_POINT ( 'NONE',  ( -0.6785254037844388200, -1.175240473580835300, -1.479166666666665400 ) ) ;
#1882 = CARTESIAN_POINT ( 'NONE',  ( 0.6841100080457834800, -1.334913291900116500, 1.350000000000001400 ) ) ;
#1883 =( BOUNDED_CURVE ( )  B_SPLINE_CURVE ( 2, ( #661, #1871, #1665, #2100, #2114, #437, #683 ),
 .UNSPECIFIED., .F., .F. ) 
 B_SPLINE_CURVE_WITH_KNOTS ( ( 3, 2, 2, 3 ),
 ( 0.5384615384615385500, 0.5512820512820514300, 0.5641025641025642100, 0.5769230769230769800 ),
 .UNSPECIFIED. ) 
 CURVE ( )  GEOMETRIC_REPRESENTATION_ITEM ( )  RATIONAL_B_SPLINE_CURVE ( ( 0.9999999999999988900, 0.8660254037844398200, 1.000000000000000000, 0.8660254037844387100, 1.000000000000000000, 0.8660254037844376000, 1.000000000000001100 ) ) 
 REPRESENTATION_ITEM ( '' )  );
#1884 = CARTESIAN_POINT ( 'NONE',  ( 0.8660254037844380400, 1.500000000000004700, -2.541666666666622600 ) ) ;
#1885 = EDGE_CURVE ( 'NONE', #655, #2196, #2451, .T. ) ;
#1886 = ORIENTED_EDGE ( 'NONE', *, *, #1764, .F. ) ;
#1887 = CARTESIAN_POINT ( 'NONE',  ( 0.6785254037844392600, 1.175240473580835100, 1.770833333333334400 ) ) ;
#1888 = DIRECTION ( 'NONE',  ( 1.000000000000000000, 0.0000000000000000000, 0.0000000000000000000 ) ) ;
#1889 = CARTESIAN_POINT ( 'NONE',  ( 0.6785254037844380400, -1.175240473580835700, 0.5416666666666677400 ) ) ;
#1890 = ORIENTED_EDGE ( 'NONE', *, *, #1819, .T. ) ;
#1891 = VERTEX_POINT ( 'NONE', #417 ) ;
#1892 = DIRECTION ( 'NONE',  ( 0.0000000000000000000, -1.440390079079711300E-056, 1.000000000000000000 ) ) ;
#1893 = CARTESIAN_POINT ( 'NONE',  ( 0.3619740381480659500, -1.500000000000003300, 1.329915484030328200 ) ) ;
#1894 = VERTEX_POINT ( 'NONE', #1422 ) ;
#1895 = CARTESIAN_POINT ( 'NONE',  ( -1.357050807568877000, 8.309539638847779000E-017, -4.562499999999998200 ) ) ;
#1896 = AXIS2_PLACEMENT_3D ( 'NONE', #533, #2500, #525 ) ;
#1897 = CARTESIAN_POINT ( 'NONE',  ( -1.439254484199189400E-016, -1.175240473580835300, 0.06250000000000091600 ) ) ;
#1898 = CARTESIAN_POINT ( 'NONE',  ( 1.017788105676657600, -0.5876202367904181900, -2.916666666666665600 ) ) ;
#1899 = CARTESIAN_POINT ( 'NONE',  ( 0.0000000000000000000, 1.500000000000001600, -0.4999999999999560900 ) ) ;
#1900 = CARTESIAN_POINT ( 'NONE',  ( -1.017788105676658000, -0.5876202367904174200, 1.416666666666667600 ) ) ;
#1901 = CARTESIAN_POINT ( 'NONE',  ( 0.0000000000000000000, 2.160585118619551800E-057, 4.350000000000001400 ) ) ;
#1902 = CARTESIAN_POINT ( 'NONE',  ( 0.8816504037844392600, 1.527063293868263100, 1.473958333333379000 ) ) ;
#1903 = EDGE_CURVE ( 'NONE', #924, #1437, #2027, .T. ) ;
#1904 = CARTESIAN_POINT ( 'NONE',  ( -1.017788105676658000, -0.5876202367904174200, -0.5208333333333323700 ) ) ;
#1905 = CARTESIAN_POINT ( 'NONE',  ( 0.09766419351501237600, -1.386989224557984500, 4.335360376110866600 ) ) ;
#1906 = DIRECTION ( 'NONE',  ( 1.502314598737160000E-016, -1.000000000000000000, -1.440390079079711300E-056 ) ) ;
#1907 = CARTESIAN_POINT ( 'NONE',  ( -0.6785254037844383700, 1.175240473580835500, -1.708333333333332600 ) ) ;
#1908 = CARTESIAN_POINT ( 'NONE',  ( 0.0000000000000000000, 1.175240473580835300, -3.187499999999999100 ) ) ;
#1909 = CARTESIAN_POINT ( 'NONE',  ( 0.6785254037844392600, 1.175240473580835100, 1.708333333333334400 ) ) ;
#1910 = CARTESIAN_POINT ( 'NONE',  ( -1.827451964197215600E-016, -1.492227771688587200, -4.183012701892241800 ) ) ;
#1911 = ORIENTED_EDGE ( 'NONE', *, *, #2006, .F. ) ;
#1912 = CARTESIAN_POINT ( 'NONE',  ( 0.8660254037844378200, -1.500000000000004000, -3.708333333333289100 ) ) ;
#1913 = CARTESIAN_POINT ( 'NONE',  ( -1.836970198721031400E-016, -1.500000000000001300, -0.6875000000000423000 ) ) ;
#1914 = FACE_OUTER_BOUND ( 'NONE', #1222, .T. ) ;
#1915 = CARTESIAN_POINT ( 'NONE',  ( -0.6785254037844383700, 1.175240473580835500, -3.645833333333332600 ) ) ;
#1916 = CARTESIAN_POINT ( 'NONE',  ( 0.9440027743287514600, -1.364939232376627200, -4.138329957354299500 ) ) ;
#1917 = CARTESIAN_POINT ( 'NONE',  ( 1.017788105676658200, 0.5876202367904167500, -1.833333333333332600 ) ) ;
#1918 = CARTESIAN_POINT ( 'NONE',  ( -0.6785254037844382600, 1.175240473580835300, -1.645833333333332400 ) ) ;
#1919 = CARTESIAN_POINT ( 'NONE',  ( -1.017788105676657800, 0.5876202367904177500, 1.333333333333333900 ) ) ;
#1920 = LINE ( 'NONE', #645, #1238 ) ;
#1921 = VERTEX_POINT ( 'NONE', #2125 ) ;
#1922 = CARTESIAN_POINT ( 'NONE',  ( 1.017788105676658200, 0.5876202367904167500, -3.270833333333332100 ) ) ;
#1923 =( BOUNDED_SURFACE ( )  B_SPLINE_SURFACE ( 1, 2, ( 
 ( #107, #3006, #1333, #1101, #1826, #2081, #1600, #618, #859, #2561, #2533, #1082, #2767, #1818, #353, #2043, #1308, #848, #2744, #2510, #2548, #574, #2288, #74, #1063, #2775, #816, #331, #1320, #2995, #322, #1097, #602, #2307, #363, #2786, #1353, #2030, #1329, #2281, #1589, #2986, #2521, #2751, #95, #1564, #1577, #349, #1054, #1816, #1341, #3010, #2538, #85, #338, #1787, #1806, #1797, #2978, #2050, #584, #823, #564, #106, #2531, #2275, #1077, #1554, #2057, #2068, #1089, #806, #593, #836, #2764, #2297, #3003, #115, #1824, #892, #2579, #2319, #1869, #905, #2817, #2358, #1836, #864, #1407, #392, #171, #1598, #128, #2828, #2077, #855, #2591, #1618, #2112, #2332, #879, #637, #2099, #1394, #2347, #648, #1123, #1145, #3050, #371, #1136, #2793, #1158, #2124, #1384, #1641, #1879, #614, #1366, #2558, #413, #1848, #659, #3040, #1110, #2370, #2604, #2087, #3020, #381, #1607, #401, #3032, #2838, #145, #137, #1376, #1858, #1630, #627, #2570, #2804, #157, #1902, #1170, #714, #2614, #2382, #2425, #435, #2153, #3061, #926, #2645, #680, #194, #1178 ),
 ( #227, #958, #2654, #1895, #1190, #2139, #1448, #2865, #2390, #2626, #3079, #1428, #2875, #219, #913, #1680, #1202, #2174, #2409, #3072, #207, #2892, #1672, #1663, #2853, #1915, #446, #693, #467, #3090, #2396, #182, #938, #1416, #1922, #1934, #947, #1213, #457, #705, #2637, #1651, #423, #2164, #2884, #3102, #1440, #668, #1692, #2130, #2683, #2219, #1705, #739, #1268, #259, #35, #1457, #3114, #2694, #1945, #725, #757, #1483, #1979, #2199, #751, #504, #1970, #1257, #2206, #516, #981, #2467, #2936, #239, #2458, #2664, #1013, #1987, #990, #1503, #1747, #479, #1225, #2187, #276, #1716, #526, #1248, #2436, #999, #2231, #1956, #971, #250, #2904, #268, #2913, #766, #12, #2476, #1237, #1726, #2924, #1471, #2707, #4, #492, #2447, #2674, #1491, #24, #1739, #571, #1763, #2017, #2945, #787, #2506, #544, #57, #1030, #2729, #45, #2279, #329, #2040, #81, #813, #2518, #1755, #1042, #298, #1305, #2722, #2008, #2248, #2963, #2495, #1297, #71, #779, #1540, #1052, #1060, #2273, #2951, #65, #2748, #1289, #1525, #2484, #1773, #1531, #307, #1515 ) ),
 .UNSPECIFIED., .F., .F., .F. ) 
 B_SPLINE_SURFACE_WITH_KNOTS ( ( 2, 2 ),
 ( 3, 2, 2, 2, 2, 2, 2, 2, 2, 2, 2, 2, 2, 2, 2, 2, 2, 2, 2, 2, 2, 2, 2, 2, 2, 2, 2, 2, 2, 2, 2, 2, 2, 2, 2, 2, 2, 2, 2, 2, 2, 2, 2, 2, 2, 2, 2, 2, 2, 2, 2, 2, 2, 2, 2, 2, 2, 2, 2, 2, 2, 2, 2, 2, 2, 2, 2, 2, 2, 2, 2, 2, 2, 2, 2, 2, 2, 2, 3 ),
 ( 0.0000000000000000000, 1.000000000000000000 ),
 ( 0.0000000000000000000, 0.01282051282051282000, 0.02564102564102564000, 0.03846153846153846400, 0.05128205128205128000, 0.06410256410256409700, 0.07692307692307692700, 0.08974358974358974400, 0.1025641025641025600, 0.1153846153846153900, 0.1282051282051281900, 0.1410256410256410200, 0.1538461538461538500, 0.1666666666666666600, 0.1794871794871794900, 0.1923076923076923200, 0.2051282051282051200, 0.2179487179487179500, 0.2307692307692307800, 0.2435897435897435800, 0.2564102564102563900, 0.2692307692307692200, 0.2820512820512820500, 0.2948717948717948800, 0.3076923076923077100, 0.3205128205128205400, 0.3333333333333333100, 0.3461538461538461500, 0.3589743589743589800, 0.3717948717948718100, 0.3846153846153846400, 0.3974358974358974100, 0.4102564102564102400, 0.4230769230769230700, 0.4358974358974359000, 0.4487179487179487300, 0.4615384615384615600, 0.4743589743589743400, 0.4871794871794871700, 0.5000000000000000000, 0.5128205128205127700, 0.5256410256410256600, 0.5384615384615384400, 0.5512820512820513200, 0.5641025641025641000, 0.5769230769230768700, 0.5897435897435897600, 0.6025641025641025300, 0.6153846153846154200, 0.6282051282051281900, 0.6410256410256410800, 0.6538461538461538500, 0.6666666666666666300, 0.6794871794871795200, 0.6923076923076922900, 0.7051282051282051800, 0.7179487179487179500, 0.7307692307692307300, 0.7435897435897436100, 0.7564102564102563900, 0.7692307692307692700, 0.7820512820512820500, 0.7948717948717948200, 0.8076923076923077100, 0.8205128205128204800, 0.8333333333333333700, 0.8461538461538461500, 0.8589743589743589200, 0.8717948717948718100, 0.8846153846153845800, 0.8974358974358974700, 0.9102564102564102400, 0.9230769230769231300, 0.9358974358974359000, 0.9487179487179486800, 0.9615384615384615600, 0.9743589743589743400, 0.9871794871794872300, 1.000000000000000000 ),
 .UNSPECIFIED. ) 
 GEOMETRIC_REPRESENTATION_ITEM ( )  RATIONAL_B_SPLINE_SURFACE ( (
 ( 1.000000000000000000, 0.8660254037844387100, 1.000000000000000000, 0.8660254037844387100, 1.000000000000000000, 0.8660254037844387100, 1.000000000000000000, 0.8660254037844387100, 1.000000000000000000, 0.8660254037844387100, 1.000000000000000000, 0.8660254037844387100, 1.000000000000000000, 0.8660254037844387100, 1.000000000000000000, 0.8660254037844387100, 1.000000000000000000, 0.8660254037844387100, 1.000000000000000000, 0.8660254037844387100, 1.000000000000000000, 0.8660254037844387100, 1.000000000000000000, 0.8660254037844387100, 1.000000000000000000, 0.8660254037844387100, 1.000000000000000000, 0.8660254037844387100, 1.000000000000000000, 0.8660254037844387100, 1.000000000000000000, 0.8660254037844387100, 1.000000000000000000, 0.8660254037844387100, 1.000000000000000000, 0.8660254037844387100, 1.000000000000000000, 0.8660254037844387100, 1.000000000000000000, 0.8660254037844387100, 1.000000000000000000, 0.8660254037844387100, 1.000000000000000000, 0.8660254037844387100, 1.000000000000000000, 0.8660254037844387100, 1.000000000000000000, 0.8660254037844387100, 1.000000000000000000, 0.8660254037844387100, 1.000000000000000000, 0.8660254037844387100, 1.000000000000000000, 0.8660254037844387100, 1.000000000000000000, 0.8660254037844387100, 1.000000000000000000, 0.8660254037844387100, 1.000000000000000000, 0.8660254037844387100, 1.000000000000000000, 0.8660254037844387100, 1.000000000000000000, 0.8660254037844387100, 1.000000000000000000, 0.8660254037844387100, 1.000000000000000000, 0.8660254037844387100, 1.000000000000000000, 0.8660254037844387100, 1.000000000000000000, 0.8660254037844387100, 1.000000000000000000, 0.8660254037844387100, 1.000000000000000000, 0.8660254037844387100, 1.000000000000000000, 0.8660254037844387100, 1.000000000000000000, 0.8660254037844387100, 1.000000000000000000, 0.8660254037844387100, 1.000000000000000000, 0.8660254037844387100, 1.000000000000000000, 0.8660254037844387100, 1.000000000000000000, 0.8660254037844387100, 1.000000000000000000, 0.8660254037844387100, 1.000000000000000000, 0.8660254037844387100, 1.000000000000000000, 0.8660254037844387100, 1.000000000000000000, 0.8660254037844387100, 1.000000000000000000, 0.8660254037844387100, 1.000000000000000000, 0.8660254037844387100, 1.000000000000000000, 0.8660254037844387100, 1.000000000000000000, 0.8660254037844387100, 1.000000000000000000, 0.8660254037844387100, 1.000000000000000000, 0.8660254037844387100, 1.000000000000000000, 0.8660254037844387100, 1.000000000000000000, 0.8660254037844387100, 1.000000000000000000, 0.8660254037844387100, 1.000000000000000000, 0.8660254037844387100, 1.000000000000000000, 0.8660254037844387100, 1.000000000000000000, 0.8660254037844387100, 1.000000000000000000, 0.8660254037844387100, 1.000000000000000000, 0.8660254037844387100, 1.000000000000000000, 0.8660254037844387100, 1.000000000000000000, 0.8660254037844387100, 1.000000000000000000, 0.8660254037844387100, 1.000000000000000000, 0.8660254037844387100, 1.000000000000000000, 0.8660254037844387100, 1.000000000000000000, 0.8660254037844387100, 1.000000000000000000, 0.8660254037844387100, 1.000000000000000000, 0.8660254037844387100, 1.000000000000000000, 0.8660254037844387100, 1.000000000000000000, 0.8660254037844387100, 1.000000000000000000, 0.8660254037844387100, 1.000000000000000000, 0.8660254037844387100, 1.000000000000000000, 0.8660254037844387100, 1.000000000000000000, 0.8660254037844387100, 1.000000000000000000, 0.8660254037844387100, 1.000000000000000000, 0.8660254037844387100, 1.000000000000000000),
 ( 1.000000000000000000, 0.8660254037844387100, 1.000000000000000000, 0.8660254037844387100, 1.000000000000000000, 0.8660254037844387100, 1.000000000000000000, 0.8660254037844387100, 1.000000000000000000, 0.8660254037844387100, 1.000000000000000000, 0.8660254037844387100, 1.000000000000000000, 0.8660254037844387100, 1.000000000000000000, 0.8660254037844387100, 1.000000000000000000, 0.8660254037844387100, 1.000000000000000000, 0.8660254037844387100, 1.000000000000000000, 0.8660254037844387100, 1.000000000000000000, 0.8660254037844387100, 1.000000000000000000, 0.8660254037844387100, 1.000000000000000000, 0.8660254037844387100, 1.000000000000000000, 0.8660254037844387100, 1.000000000000000000, 0.8660254037844387100, 1.000000000000000000, 0.8660254037844387100, 1.000000000000000000, 0.8660254037844387100, 1.000000000000000000, 0.8660254037844387100, 1.000000000000000000, 0.8660254037844387100, 1.000000000000000000, 0.8660254037844387100, 1.000000000000000000, 0.8660254037844387100, 1.000000000000000000, 0.8660254037844387100, 1.000000000000000000, 0.8660254037844387100, 1.000000000000000000, 0.8660254037844387100, 1.000000000000000000, 0.8660254037844387100, 1.000000000000000000, 0.8660254037844387100, 1.000000000000000000, 0.8660254037844387100, 1.000000000000000000, 0.8660254037844387100, 1.000000000000000000, 0.8660254037844387100, 1.000000000000000000, 0.8660254037844387100, 1.000000000000000000, 0.8660254037844387100, 1.000000000000000000, 0.8660254037844387100, 1.000000000000000000, 0.8660254037844387100, 1.000000000000000000, 0.8660254037844387100, 1.000000000000000000, 0.8660254037844387100, 1.000000000000000000, 0.8660254037844387100, 1.000000000000000000, 0.8660254037844387100, 1.000000000000000000, 0.8660254037844387100, 1.000000000000000000, 0.8660254037844387100, 1.000000000000000000, 0.8660254037844387100, 1.000000000000000000, 0.8660254037844387100, 1.000000000000000000, 0.8660254037844387100, 1.000000000000000000, 0.8660254037844387100, 1.000000000000000000, 0.8660254037844387100, 1.000000000000000000, 0.8660254037844387100, 1.000000000000000000, 0.8660254037844387100, 1.000000000000000000, 0.8660254037844387100, 1.000000000000000000, 0.8660254037844387100, 1.000000000000000000, 0.8660254037844387100, 1.000000000000000000, 0.8660254037844387100, 1.000000000000000000, 0.8660254037844387100, 1.000000000000000000, 0.8660254037844387100, 1.000000000000000000, 0.8660254037844387100, 1.000000000000000000, 0.8660254037844387100, 1.000000000000000000, 0.8660254037844387100, 1.000000000000000000, 0.8660254037844387100, 1.000000000000000000, 0.8660254037844387100, 1.000000000000000000, 0.8660254037844387100, 1.000000000000000000, 0.8660254037844387100, 1.000000000000000000, 0.8660254037844387100, 1.000000000000000000, 0.8660254037844387100, 1.000000000000000000, 0.8660254037844387100, 1.000000000000000000, 0.8660254037844387100, 1.000000000000000000, 0.8660254037844387100, 1.000000000000000000, 0.8660254037844387100, 1.000000000000000000, 0.8660254037844387100, 1.000000000000000000, 0.8660254037844387100, 1.000000000000000000, 0.8660254037844387100, 1.000000000000000000, 0.8660254037844387100, 1.000000000000000000, 0.8660254037844387100, 1.000000000000000000, 0.8660254037844387100, 1.000000000000000000, 0.8660254037844387100, 1.000000000000000000, 0.8660254037844387100, 1.000000000000000000, 0.8660254037844387100, 1.000000000000000000, 0.8660254037844387100, 1.000000000000000000, 0.8660254037844387100, 1.000000000000000000, 0.8660254037844387100, 1.000000000000000000) ) ) 
 REPRESENTATION_ITEM ( '' )  SURFACE ( )  );
#1924 = VERTEX_POINT ( 'NONE', #882 ) ;
#1925 = CARTESIAN_POINT ( 'NONE',  ( 1.250000000000000000, 0.4924713528083590200, 4.286866629111075100 ) ) ;
#1926 = CARTESIAN_POINT ( 'NONE',  ( -1.017788105676657800, 0.5876202367904177500, -4.166666666666666100 ) ) ;
#1927 = EDGE_CURVE ( 'NONE', #2529, #1928, #786, .T. ) ;
#1928 = VERTEX_POINT ( 'NONE', #2582 ) ;
#1929 = CARTESIAN_POINT ( 'NONE',  ( -1.017788105676658000, -0.5876202367904174200, -2.083333333333332600 ) ) ;
#1930 = CARTESIAN_POINT ( 'NONE',  ( 0.0000000000000000000, 1.175240473580835300, -1.687499999999998900 ) ) ;
#1931 = CARTESIAN_POINT ( 'NONE',  ( 0.8816504037844392600, 1.527063293868263100, -3.494791666666711400 ) ) ;
#1932 = CARTESIAN_POINT ( 'NONE',  ( 0.0000000000000000000, 2.160585118619551800E-057, 4.350000000000001400 ) ) ;
#1933 = CARTESIAN_POINT ( 'NONE',  ( 0.0000000000000000000, 1.296351071171740100E-055, -4.499999999999999100 ) ) ;
#1934 = CARTESIAN_POINT ( 'NONE',  ( 0.6785254037844392600, 1.175240473580835100, -3.229166666666665600 ) ) ;
#1935 = AXIS2_PLACEMENT_3D ( 'NONE', #894, #2605, #147 ) ;
#1936 = CARTESIAN_POINT ( 'NONE',  ( 0.6785254037844392600, 1.175240473580835100, 0.2708333333333338700 ) ) ;
#1937 = DIRECTION ( 'NONE',  ( 0.0000000000000000000, 1.000000000000000000, 0.0000000000000000000 ) ) ;
#1938 = DIRECTION ( 'NONE',  ( -0.0000000000000000000, 1.440390079079711300E-056, -1.000000000000000000 ) ) ;
#1939 = PRODUCT ( '91290A111_Alloy Steel Socket Head Screw', '91290A111_Alloy Steel Socket Head Screw', '', ( #1569 ) ) ;
#1940 = CARTESIAN_POINT ( 'NONE',  ( -1.017788105676658000, -0.5876202367904174200, -2.583333333333332600 ) ) ;
#1941 = CARTESIAN_POINT ( 'NONE',  ( 1.017788105676658200, 0.5876202367904167500, -1.770833333333332600 ) ) ;
#1942 = CARTESIAN_POINT ( 'NONE',  ( -1.322475605676657800, -0.7635316469341314500, -4.286458333333377400 ) ) ;
#1943 = CARTESIAN_POINT ( 'NONE',  ( -1.836970198721031200E-016, -1.500000000000001600, -2.749999999999956500 ) ) ;
#1944 = CARTESIAN_POINT ( 'NONE',  ( 1.017788105676657600, -0.5876202367904181900, -4.354166666666666100 ) ) ;
#1945 = CARTESIAN_POINT ( 'NONE',  ( 0.0000000000000000000, 1.175240473580835300, -2.187499999999999100 ) ) ;
#1946 = EDGE_CURVE ( 'NONE', #347, #735, #1500, .T. ) ;
#1947 = CARTESIAN_POINT ( 'NONE',  ( -1.439254484199189400E-016, -1.175240473580835300, 1.062500000000000900 ) ) ;
#1948 = DIRECTION ( 'NONE',  ( -0.0000000000000000000, -0.0000000000000000000, 1.000000000000000000 ) ) ;
#1949 = PERSON_AND_ORGANIZATION ( #1474, #2799 ) ;
#1950 = CARTESIAN_POINT ( 'NONE',  ( 1.357050807568877000, -2.492861891654333800E-016, -1.374999999999999100 ) ) ;
#1951 = CYLINDRICAL_SURFACE ( 'NONE', #2018, 1.500000000000001300 ) ;
#1952 = CARTESIAN_POINT ( 'NONE',  ( 1.357050807568876700, -2.492861891654333800E-016, -0.3124999999999993900 ) ) ;
#1953 = CARTESIAN_POINT ( 'NONE',  ( -1.763300807568877000, 1.079710344961584000E-016, -0.8281250000000441900 ) ) ;
#1954 = CARTESIAN_POINT ( 'NONE',  ( -1.249999999999999600, -0.7216878364870322700, -2.318813079129866200 ) ) ;
#1955 = DIRECTION ( 'NONE',  ( 0.0000000000000000000, 1.000000000000000000, 0.0000000000000000000 ) ) ;
#1956 = CARTESIAN_POINT ( 'NONE',  ( 1.357050807568877000, -2.492861891654333800E-016, -0.8124999999999990000 ) ) ;
#1957 = CYLINDRICAL_SURFACE ( 'NONE', #1737, 2.750000000000000000 ) ;
#1958 = CARTESIAN_POINT ( 'NONE',  ( -1.017788105676657800, 0.5876202367904177500, 0.3958333333333339800 ) ) ;
#1959 = CARTESIAN_POINT ( 'NONE',  ( 0.1975317408473107900, -1.329330669222374300, 4.287417583756786500 ) ) ;
#1960 = DIRECTION ( 'NONE',  ( -0.0000000000000000000, 1.440390079079711300E-056, -1.000000000000000000 ) ) ;
#1961 = EDGE_LOOP ( 'NONE', ( #1392, #2896, #970, #247 ) ) ;
#1962 = VERTEX_POINT ( 'NONE', #671 ) ;
#1963 = CARTESIAN_POINT ( 'NONE',  ( -1.439254484199189400E-016, -1.175240473580835300, -1.437499999999999100 ) ) ;
#1964 = CARTESIAN_POINT ( 'NONE',  ( 1.322475605676658400, 0.7635316469341306700, -2.036458333333377900 ) ) ;
#1965 = ORIENTED_EDGE ( 'NONE', *, *, #3024, .F. ) ;
#1966 = DIRECTION ( 'NONE',  ( 0.0000000000000000000, 1.000000000000000000, 0.0000000000000000000 ) ) ;
#1967 = DIRECTION ( 'NONE',  ( 0.0000000000000000000, 1.000000000000000000, 0.0000000000000000000 ) ) ;
#1968 = VERTEX_POINT ( 'NONE', #1162 ) ;
#1969 = CARTESIAN_POINT ( 'NONE',  ( 1.836970198721031400E-016, -1.500000000000001300, -4.500000000000000900 ) ) ;
#1970 = CARTESIAN_POINT ( 'NONE',  ( 1.017788105676657600, -0.5876202367904181900, -1.854166666666665900 ) ) ;
#1971 = DIRECTION ( 'NONE',  ( -0.0000000000000000000, 1.440390079079711300E-056, -1.000000000000000000 ) ) ;
#1972 = ORIENTED_EDGE ( 'NONE', *, *, #2059, .F. ) ;
#1973 = CARTESIAN_POINT ( 'NONE',  ( 0.0000000000000000000, 1.175240473580835300, -3.749999999999999100 ) ) ;
#1974 = CARTESIAN_POINT ( 'NONE',  ( -1.286635238581336700, -0.5244665732574619300, 1.284517353856012200 ) ) ;
#1975 = CARTESIAN_POINT ( 'NONE',  ( -0.8816504037844382600, 1.527063293868263300, -1.911458333333377900 ) ) ;
#1976 = DIRECTION ( 'NONE',  ( -0.0000000000000000000, 1.440390079079711300E-056, -1.000000000000000000 ) ) ;
#1977 = CARTESIAN_POINT ( 'NONE',  ( -1.836970198721031400E-016, -1.500000000000001300, -3.687500000000041300 ) ) ;
#1978 = CARTESIAN_POINT ( 'NONE',  ( 0.6785254037844392600, 1.175240473580835100, -3.729166666666665600 ) ) ;
#1979 = CARTESIAN_POINT ( 'NONE',  ( -1.017788105676658000, -0.5876202367904174200, -2.020833333333332600 ) ) ;
#1980 = AXIS2_PLACEMENT_3D ( 'NONE', #1791, #792, #1538 ) ;
#1981 = CARTESIAN_POINT ( 'NONE',  ( -1.357050807568876700, 8.309539638847779000E-017, -2.624999999999998700 ) ) ;
#1982 = CARTESIAN_POINT ( 'NONE',  ( -0.6789117923679736100, -1.275434171402168600, 1.311893337920016400 ) ) ;
#1983 =( BOUNDED_CURVE ( )  B_SPLINE_CURVE ( 2, ( #2474, #2483, #1029, #1022, #1040, #288, #55 ),
 .UNSPECIFIED., .F., .F. ) 
 B_SPLINE_CURVE_WITH_KNOTS ( ( 3, 2, 2, 3 ),
 ( 0.3076923076923077100, 0.3205128205128204800, 0.3333333333333333700, 0.3461538461538461500 ),
 .UNSPECIFIED. ) 
 CURVE ( )  GEOMETRIC_REPRESENTATION_ITEM ( )  RATIONAL_B_SPLINE_CURVE ( ( 1.000000000000000000, 0.8660254037844386000, 1.000000000000000000, 0.8660254037844386000, 1.000000000000000000, 0.8660254037844386000, 1.000000000000000000 ) ) 
 REPRESENTATION_ITEM ( '' )  );
#1984 = CARTESIAN_POINT ( 'NONE',  ( -0.8816504037844389300, -1.527063293868263100, -3.244791666666710900 ) ) ;
#1985 = CARTESIAN_POINT ( 'NONE',  ( 0.6785254037844392600, 1.175240473580835100, -4.229166666666666100 ) ) ;
#1986 = LINE ( 'NONE', #872, #828 ) ;
#1987 = CARTESIAN_POINT ( 'NONE',  ( 0.6785254037844380400, -1.175240473580835700, -1.395833333333332400 ) ) ;
#1988 = EDGE_CURVE ( 'NONE', #1074, #600, #461, .T. ) ;
#1989 = CARTESIAN_POINT ( 'NONE',  ( -3.274242444245837400E-012, -1.323117061316981800, -4.352123412263849500 ) ) ;
#1990 = CARTESIAN_POINT ( 'NONE',  ( 0.6785254037844391500, 1.175240473580835100, -1.791666666666665900 ) ) ;
#1991 = CARTESIAN_POINT ( 'NONE',  ( 1.017788105676658200, 0.5876202367904167500, 0.7291666666666678500 ) ) ;
#1992 = CARTESIAN_POINT ( 'NONE',  ( 0.0000000000000000000, 1.527063293868263300, -1.453125000000044200 ) ) ;
#1993 = VECTOR ( 'NONE', #415, 1000.000000000000000 ) ;
#1994 = CARTESIAN_POINT ( 'NONE',  ( -1.732050807568879200, 1.060575238724907800E-016, 0.6250000000000440800 ) ) ;
#1995 = LINE ( 'NONE', #144, #1113 ) ;
#1996 = AXIS2_PLACEMENT_3D ( 'NONE', #1633, #1386, #2348 ) ;
#1997 = CARTESIAN_POINT ( 'NONE',  ( 0.6785254037844392600, 1.175240473580835100, -2.729166666666666100 ) ) ;
#1998 = VERTEX_POINT ( 'NONE', #1139 ) ;
#1999 = CARTESIAN_POINT ( 'NONE',  ( 0.0000000000000000000, 1.175240473580835300, -0.2499999999999993600 ) ) ;
#2000 = ORIENTED_EDGE ( 'NONE', *, *, #793, .F. ) ;
#2001 = CARTESIAN_POINT ( 'NONE',  ( 0.0000000000000000000, 1.175240473580835300, 0.2500000000000011100 ) ) ;
#2002 = CARTESIAN_POINT ( 'NONE',  ( 1.121107958840568100, -0.3525721420742722900, 1.162499999999999000 ) ) ;
#2003 = CARTESIAN_POINT ( 'NONE',  ( -1.763300807568877000, 1.079710344961584000E-016, 1.171874999999955100 ) ) ;
#2004 = CARTESIAN_POINT ( 'NONE',  ( -0.8660254037844417100, 1.499999999999997800, -1.958333333333289300 ) ) ;
#2005 = EDGE_LOOP ( 'NONE', ( #890, #1745, #2932, #209 ) ) ;
#2006 = EDGE_CURVE ( 'NONE', #1894, #2897, #1306, .T. ) ;
#2007 = CARTESIAN_POINT ( 'NONE',  ( 0.8455873006056740000, 0.9551756173460492800, 4.218916260448521500 ) ) ;
#2008 = CARTESIAN_POINT ( 'NONE',  ( -1.017788105676658000, -0.5876202367904174200, 0.9791666666666673000 ) ) ;
#2009 = CARTESIAN_POINT ( 'NONE',  ( 1.017788105676658200, 0.5876202367904167500, -1.833333333333332600 ) ) ;
#2010 = VERTEX_POINT ( 'NONE', #2142 ) ;
#2011 = CARTESIAN_POINT ( 'NONE',  ( -0.9066209444514234900, 0.9421618962949844800, 1.237124844910273200 ) ) ;
#2012 = CARTESIAN_POINT ( 'NONE',  ( 0.8816504037844392600, 1.527063293868263100, 1.005208333333288600 ) ) ;
#2013 = CARTESIAN_POINT ( 'NONE',  ( 1.204193495294486400, -0.8943813649056270300, -4.175240473580833700 ) ) ;
#2014 = AXIS2_PLACEMENT_3D ( 'NONE', #2705, #1550, #1277 ) ;
#2015 = CARTESIAN_POINT ( 'NONE',  ( -1.836970198721031200E-016, -1.500000000000001600, 0.2500000000000436900 ) ) ;
#2016 = CARTESIAN_POINT ( 'NONE',  ( -1.017788105676658000, -0.5876202367904174200, -3.020833333333332600 ) ) ;
#2017 = CARTESIAN_POINT ( 'NONE',  ( 1.017788105676657600, -0.5876202367904181900, 0.1458333333333346200 ) ) ;
#2018 = AXIS2_PLACEMENT_3D ( 'NONE', #1865, #153, #2825 ) ;
#2019 = CARTESIAN_POINT ( 'NONE',  ( 1.017788105676657600, -0.5876202367904181900, 0.08333333333333456400 ) ) ;
#2020 = CARTESIAN_POINT ( 'NONE',  ( -0.8660254037844394800, 1.500000000000001800, -0.3958333333333748900 ) ) ;
#2021 = CARTESIAN_POINT ( 'NONE',  ( 1.322475605676657300, -0.7635316469341323400, 0.3802083333332888500 ) ) ;
#2022 = ADVANCED_FACE ( 'NONE', ( #2401 ), #2830, .F. ) ;
#2023 = CARTESIAN_POINT ( 'NONE',  ( 0.0000000000000000000, 1.500000000000001600, 4.348667151203577900E-014 ) ) ;
#2024 = PERSON_AND_ORGANIZATION ( #1474, #2799 ) ;
#2025 = VECTOR ( 'NONE', #2848, 999.9999999999998900 ) ;
#2026 = CARTESIAN_POINT ( 'NONE',  ( 1.250000000000000200, 0.7216878364870319400, 4.391746824526945800 ) ) ;
#2027 = LINE ( 'NONE', #639, #456 ) ;
#2028 = EDGE_CURVE ( 'NONE', #2640, #1849, #537, .T. ) ;
#2029 = DIRECTION ( 'NONE',  ( -1.224646799147354200E-016, 1.000000000000000000, 0.0000000000000000000 ) ) ;
#2030 = CARTESIAN_POINT ( 'NONE',  ( -0.8816504037844382600, 1.527063293868263300, -2.942708333333287300 ) ) ;
#2031 = APPROVAL ( #1582, 'UNSPECIFIED' ) ;
#2032 = CARTESIAN_POINT ( 'NONE',  ( 1.732050807568879400, -3.181725716174723900E-016, -1.062500000000042000 ) ) ;
#2033 = CARTESIAN_POINT ( 'NONE',  ( 1.763300807568877000, -3.239131034884752100E-016, -0.5781250000000447400 ) ) ;
#2034 = ORIENTED_EDGE ( 'NONE', *, *, #2843, .T. ) ;
#2035 = CARTESIAN_POINT ( 'NONE',  ( -1.439254484199189400E-016, -1.175240473580835300, -4.499999999999999100 ) ) ;
#2036 = DATE_TIME_ROLE ( 'classification_date' ) ;
#2037 = AXIS2_PLACEMENT_3D ( 'NONE', #2586, #1131, #1888 ) ;
#2038 = CARTESIAN_POINT ( 'NONE',  ( 1.017788105676657600, -0.5876202367904181900, -3.916666666666665600 ) ) ;
#2039 = ORIENTED_EDGE ( 'NONE', *, *, #2207, .T. ) ;
#2040 = CARTESIAN_POINT ( 'NONE',  ( 0.6785254037844380400, -1.175240473580835700, 0.6041666666666677400 ) ) ;
#2041 = ORIENTED_EDGE ( 'NONE', *, *, #1681, .F. ) ;
#2042 = DIRECTION ( 'NONE',  ( 0.0000000000000000000, 1.000000000000000000, 0.0000000000000000000 ) ) ;
#2043 = CARTESIAN_POINT ( 'NONE',  ( -1.763300807568877000, 1.079710344961584000E-016, -3.859374999999953800 ) ) ;
#2044 = VERTEX_POINT ( 'NONE', #3081 ) ;
#2045 = CARTESIAN_POINT ( 'NONE',  ( 0.7656010186950903400, 1.066141955851773100, -4.373161742745398200 ) ) ;
#2046 = EDGE_CURVE ( 'NONE', #2815, #2196, #340, .T. ) ;
#2047 = CARTESIAN_POINT ( 'NONE',  ( -1.357050807568877000, 8.309539638847779000E-017, -3.624999999999998700 ) ) ;
#2048 = DIRECTION ( 'NONE',  ( -0.0000000000000000000, 1.440390079079711300E-056, -1.000000000000000000 ) ) ;
#2049 = CARTESIAN_POINT ( 'NONE',  ( -1.250000000000000000, 0.4924713528083594100, 4.286866629111076900 ) ) ;
#2050 = CARTESIAN_POINT ( 'NONE',  ( 0.8816504037844392600, 1.527063293868263100, -2.026041666666620800 ) ) ;
#2051 = DIRECTION ( 'NONE',  ( 8.659560562354931600E-017, 0.7071067811865474600, 0.7071067811865475700 ) ) ;
#2052 = CARTESIAN_POINT ( 'NONE',  ( -1.836970198721031200E-016, -1.500000000000001600, -3.749999999999956500 ) ) ;
#2053 = CARTESIAN_POINT ( 'NONE',  ( 1.250000000000000000, -0.7216878364870316100, 4.391746824526945800 ) ) ;
#2054 = CARTESIAN_POINT ( 'NONE',  ( -1.439254484199189400E-016, -1.175240473580835300, -3.999999999999999100 ) ) ;
#2055 = CALENDAR_DATE ( 2025, 16, 7 ) ;
#2056 = VECTOR ( 'NONE', #333, 1000.000000000000000 ) ;
#2057 = CARTESIAN_POINT ( 'NONE',  ( 1.322475605676657300, -0.7635316469341323400, -1.651041666666620600 ) ) ;
#2058 = CIRCLE ( 'NONE', #929, 0.1499999999999990800 ) ;
#2059 = EDGE_CURVE ( 'NONE', #1894, #1921, #1574, .T. ) ;
#2060 = DIRECTION ( 'NONE',  ( 0.0000000000000000000, 0.0000000000000000000, 1.000000000000000000 ) ) ;
#2061 = FACE_OUTER_BOUND ( 'NONE', #2144, .T. ) ;
#2062 = CARTESIAN_POINT ( 'NONE',  ( -1.357050807568877000, 8.309539638847779000E-017, -2.124999999999999100 ) ) ;
#2063 = DIRECTION ( 'NONE',  ( -0.0000000000000000000, 1.440390079079711300E-056, -1.000000000000000000 ) ) ;
#2064 = VECTOR ( 'NONE', #534, 1000.000000000000000 ) ;
#2065 = FACE_OUTER_BOUND ( 'NONE', #3063, .T. ) ;
#2066 = CARTESIAN_POINT ( 'NONE',  ( -1.357050807568877000, 8.309539638847779000E-017, 1.375000000000000400 ) ) ;
#2067 = DIRECTION ( 'NONE',  ( 0.0000000000000000000, 1.000000000000000000, 0.0000000000000000000 ) ) ;
#2068 = CARTESIAN_POINT ( 'NONE',  ( 1.763300807568877000, -3.239131034884752100E-016, -1.609374999999953600 ) ) ;
#2069 = ORIENTED_EDGE ( 'NONE', *, *, #1191, .T. ) ;
#2070 = DIRECTION ( 'NONE',  ( 0.7071067811865487900, 0.0000000000000000000, 0.7071067811865463500 ) ) ;
#2071 = ORIENTED_EDGE ( 'NONE', *, *, #2270, .T. ) ;
#2072 =( BOUNDED_CURVE ( )  B_SPLINE_CURVE ( 2, ( #957, #979, #1224, #22, #969, #2934, #501 ),
 .UNSPECIFIED., .F., .F. ) 
 B_SPLINE_CURVE_WITH_KNOTS ( ( 3, 2, 2, 3 ),
 ( 0.6923076923076922900, 0.7051282051282051800, 0.7179487179487180600, 0.7307692307692308400 ),
 .UNSPECIFIED. ) 
 CURVE ( )  GEOMETRIC_REPRESENTATION_ITEM ( )  RATIONAL_B_SPLINE_CURVE ( ( 1.000000000000000000, 0.8660254037844387100, 1.000000000000000000, 0.8660254037844387100, 1.000000000000000000, 0.8660254037844376000, 1.000000000000001100 ) ) 
 REPRESENTATION_ITEM ( '' )  );
#2073 = CARTESIAN_POINT ( 'NONE',  ( 0.6785254037844392600, 1.175240473580835100, -2.791666666666665600 ) ) ;
#2074 = VERTEX_POINT ( 'NONE', #2677 ) ;
#2075 = CARTESIAN_POINT ( 'NONE',  ( 1.732050807568879200, -3.181725716174723500E-016, -2.124999999999956000 ) ) ;
#2076 = CARTESIAN_POINT ( 'NONE',  ( -0.6785254037844388200, -1.175240473580835300, 1.458333333333334400 ) ) ;
#2077 = CARTESIAN_POINT ( 'NONE',  ( 1.322475605676658400, 0.7635316469341306700, -0.5677083333332873000 ) ) ;
#2078 = CARTESIAN_POINT ( 'NONE',  ( 0.8660254037844432600, -1.499999999999994400, 0.2916666666667105900 ) ) ;
#2079 = CARTESIAN_POINT ( 'NONE',  ( -1.836970198721031400E-016, -1.500000000000001300, -1.187500000000042000 ) ) ;
#2080 = ADVANCED_FACE ( 'NONE', ( #2845 ), #1499, .T. ) ;
#2081 = CARTESIAN_POINT ( 'NONE',  ( -0.8816504037844389300, -1.527063293868263100, -4.276041666666620800 ) ) ;
#2082 = EDGE_CURVE ( 'NONE', #2897, #1924, #3110, .T. ) ;
#2083 = CARTESIAN_POINT ( 'NONE',  ( 0.6785254037844392600, 1.175240473580835100, -0.7916666666666663000 ) ) ;
#2084 = CARTESIAN_POINT ( 'NONE',  ( 0.8660254037844403700, 1.500000000000001300, -1.979166666666708900 ) ) ;
#2085 = CARTESIAN_POINT ( 'NONE',  ( 0.0000000000000000000, 1.175240473580835300, 1.250000000000001100 ) ) ;
#2086 = CARTESIAN_POINT ( 'NONE',  ( -1.299038105676659300, 0.7500000000000008900, -2.916666666666623000 ) ) ;
#2087 = CARTESIAN_POINT ( 'NONE',  ( 0.8816504037844380400, -1.527063293868264000, 0.8072916666667130400 ) ) ;
#2088 = CARTESIAN_POINT ( 'NONE',  ( 0.0000000000000000000, 1.500000000000001600, -3.999999999999956000 ) ) ;
#2089 = CARTESIAN_POINT ( 'NONE',  ( 0.0000000000000000000, 1.500000000000001300, -1.437500000000041500 ) ) ;
#2090 = AXIS2_PLACEMENT_3D ( 'NONE', #27, #1484, #1728 ) ;
#2091 = CARTESIAN_POINT ( 'NONE',  ( -1.017788105676658000, -0.5876202367904174200, -4.083333333333332100 ) ) ;
#2092 = CARTESIAN_POINT ( 'NONE',  ( 0.0000000000000000000, 1.500000000000001300, -4.500000000000000900 ) ) ;
#2093 = CARTESIAN_POINT ( 'NONE',  ( 1.017788105676657600, -0.5876202367904181900, -0.4166666666666658500 ) ) ;
#2094 = CARTESIAN_POINT ( 'NONE',  ( 0.0000000000000000000, -6.481755355858701300E-056, 4.500000000000000900 ) ) ;
#2095 = VECTOR ( 'NONE', #2070, 1000.000000000000000 ) ;
#2096 = ADVANCED_FACE ( 'NONE', ( #1424 ), #2625, .T. ) ;
#2097 = CARTESIAN_POINT ( 'NONE',  ( -1.017788105676657800, 0.5876202367904177500, 0.8333333333333343700 ) ) ;
#2098 = VECTOR ( 'NONE', #2322, 1000.000000000000000 ) ;
#2099 = CARTESIAN_POINT ( 'NONE',  ( -1.870113174931182600E-016, -1.527063293868263300, -0.2343749999999542300 ) ) ;
#2100 = CARTESIAN_POINT ( 'NONE',  ( -1.732050807568879200, 1.060575238724907800E-016, -0.8749999999999563700 ) ) ;
#2101 = CARTESIAN_POINT ( 'NONE',  ( -0.1774736784807082700, 1.259884161640525200, 1.211369056086078400 ) ) ;
#2102 = CYLINDRICAL_SURFACE ( 'NONE', #799, 1.500000000000001300 ) ;
#2103 = EDGE_CURVE ( 'NONE', #252, #56, #2698, .T. ) ;
#2104 = CARTESIAN_POINT ( 'NONE',  ( -1.017788105676658000, -0.5876202367904174200, -4.583333333333332100 ) ) ;
#2105 = ORIENTED_EDGE ( 'NONE', *, *, #936, .T. ) ;
#2106 = CARTESIAN_POINT ( 'NONE',  ( 0.6785254037844391500, 1.175240473580835100, -3.729166666666665600 ) ) ;
#2107 = CARTESIAN_POINT ( 'NONE',  ( 0.6785254037844392600, 1.175240473580835100, -0.2916666666666657400 ) ) ;
#2108 = ORIENTED_EDGE ( 'NONE', *, *, #717, .T. ) ;
#2109 = CARTESIAN_POINT ( 'NONE',  ( 0.0000000000000000000, 2.697140653884633700E-112, 4.500000000000000900 ) ) ;
#2110 = ORIENTED_EDGE ( 'NONE', *, *, #914, .T. ) ;
#2111 = CARTESIAN_POINT ( 'NONE',  ( -1.299038105676659300, -0.7500000000000003300, 1.229166666666625000 ) ) ;
#2112 = CARTESIAN_POINT ( 'NONE',  ( -1.322475605676657800, 0.7635316469341318900, -0.4010416666666207800 ) ) ;
#2113 = ORIENTED_EDGE ( 'NONE', *, *, #694, .F. ) ;
#2114 = CARTESIAN_POINT ( 'NONE',  ( -1.299038105676659300, -0.7500000000000004400, -0.8333333333332895200 ) ) ;
#2115 = CARTESIAN_POINT ( 'NONE',  ( 0.8660254037844367100, -1.500000000000005800, 0.3541666666666248900 ) ) ;
#2116 = ADVANCED_FACE ( 'NONE', ( #833 ), #2280, .F. ) ;
#2117 = EDGE_LOOP ( 'NONE', ( #547, #838, #317, #1516 ) ) ;
#2118 = CARTESIAN_POINT ( 'NONE',  ( -0.6785254037844388200, -1.175240473580835300, -4.041666666666665200 ) ) ;
#2119 = CARTESIAN_POINT ( 'NONE',  ( 1.017788105676658200, 0.5876202367904167500, -2.770833333333332600 ) ) ;
#2120 = CARTESIAN_POINT ( 'NONE',  ( -1.357050807568877000, 8.309539638847779000E-017, -1.624999999999999300 ) ) ;
#2121 = CARTESIAN_POINT ( 'NONE',  ( -1.836970198721031400E-016, -1.500000000000001300, 1.312499999999957800 ) ) ;
#2122 = CARTESIAN_POINT ( 'NONE',  ( 0.0000000000000000000, 1.500000000000001600, 1.000000000000043300 ) ) ;
#2123 = DIRECTION ( 'NONE',  ( -0.0000000000000000000, 1.440390079079711300E-056, -1.000000000000000000 ) ) ;
#2124 = CARTESIAN_POINT ( 'NONE',  ( -0.8816504037844389300, -1.527063293868263100, 0.2239583333333797800 ) ) ;
#2125 = CARTESIAN_POINT ( 'NONE',  ( 0.0000000000000000000, 1.333734122634712100, -4.341506350946120900 ) ) ;
#2126 = CARTESIAN_POINT ( 'NONE',  ( 1.357050807568877000, -2.492861891654333800E-016, -4.374999999999999100 ) ) ;
#2127 = CARTESIAN_POINT ( 'NONE',  ( 0.6785254037844380400, -1.175240473580835500, -3.395833333333331700 ) ) ;
#2128 = CARTESIAN_POINT ( 'NONE',  ( 1.017788105676658200, 0.5876202367904167500, 0.1666666666666674100 ) ) ;
#2129 = CARTESIAN_POINT ( 'NONE',  ( 0.0000000000000000000, 1.650000000000001700, 1.500000000000000000 ) ) ;
#2130 = CARTESIAN_POINT ( 'NONE',  ( -0.6785254037844383700, 1.175240473580835500, -2.645833333333332600 ) ) ;
#2131 = CALENDAR_DATE ( 2025, 16, 7 ) ;
#2132 = CARTESIAN_POINT ( 'NONE',  ( -0.6785254037844383700, 1.175240473580835500, -0.6458333333333324800 ) ) ;
#2133 = CARTESIAN_POINT ( 'NONE',  ( 0.6785254037844392600, 1.175240473580835100, -2.791666666666665600 ) ) ;
#2134 = CARTESIAN_POINT ( 'NONE',  ( -1.357050807568876700, 8.309539638847779000E-017, -3.062499999999998700 ) ) ;
#2135 = CARTESIAN_POINT ( 'NONE',  ( 0.8816504037844380400, -1.527063293868264000, -4.161458333333378300 ) ) ;
#2136 = CARTESIAN_POINT ( 'NONE',  ( 0.0000000000000000000, 1.500000000000001300, -4.500000000000000900 ) ) ;
#2137 = CONICAL_SURFACE ( 'NONE', #1050, 1732.050807568857200, 1.047197551196592700 ) ;
#2138 = CARTESIAN_POINT ( 'NONE',  ( -1.836970198721031200E-016, -1.500000000000001600, -3.749999999999956500 ) ) ;
#2139 = CARTESIAN_POINT ( 'NONE',  ( -0.6785254037844388200, -1.175240473580835300, -4.479166666666666100 ) ) ;
#2140 = ORIENTED_EDGE ( 'NONE', *, *, #1128, .F. ) ;
#2141 = CARTESIAN_POINT ( 'NONE',  ( 0.0000000000000000000, 0.0000000000000000000, 1.350000000000001400 ) ) ;
#2142 = CARTESIAN_POINT ( 'NONE',  ( -0.8234078741650947600, -0.8385640366158244600, -4.499999999999999100 ) ) ;
#2143 = EDGE_CURVE ( 'NONE', #2711, #56, #2058, .T. ) ;
#2144 = EDGE_LOOP ( 'NONE', ( #920, #212, #1241, #1209, #123, #433, #2188 ) ) ;
#2145 = CARTESIAN_POINT ( 'NONE',  ( 0.0000000000000000000, 1.175240473580835300, -0.7499999999999988900 ) ) ;
#2146 = CARTESIAN_POINT ( 'NONE',  ( -1.017788105676658000, -0.5876202367904174200, -4.020833333333332100 ) ) ;
#2147 = CARTESIAN_POINT ( 'NONE',  ( -1.763300807568877000, 1.079710344961584000E-016, -4.328125000000044400 ) ) ;
#2148 = ORIENTED_EDGE ( 'NONE', *, *, #2946, .F. ) ;
#2149 = CARTESIAN_POINT ( 'NONE',  ( -0.7052988574930976200, -1.289696165317354600, -4.208194841930852800 ) ) ;
#2150 = CARTESIAN_POINT ( 'NONE',  ( -1.299038105676659300, 0.7500000000000008900, -1.854166666666708500 ) ) ;
#2151 = ORIENTED_EDGE ( 'NONE', *, *, #1839, .T. ) ;
#2152 = CARTESIAN_POINT ( 'NONE',  ( -1.732050807568879400, 1.060575238724908000E-016, -0.8125000000000418600 ) ) ;
#2153 = CARTESIAN_POINT ( 'NONE',  ( -1.870113174931182600E-016, -1.527063293868263300, 1.765625000000045700 ) ) ;
#2154 =( BOUNDED_CURVE ( )  B_SPLINE_CURVE ( 2, ( #1734, #511, #1753, #1994, #1478, #2215, #2690 ),
 .UNSPECIFIED., .F., .F. ) 
 B_SPLINE_CURVE_WITH_KNOTS ( ( 3, 2, 2, 3 ),
 ( 0.7692307692307692700, 0.7820512820512820500, 0.7948717948717947100, 0.8076923076923076000 ),
 .UNSPECIFIED. ) 
 CURVE ( )  GEOMETRIC_REPRESENTATION_ITEM ( )  RATIONAL_B_SPLINE_CURVE ( ( 1.000000000000000000, 0.8660254037844387100, 1.000000000000000000, 0.8660254037844387100, 1.000000000000000000, 0.8660254037844398200, 0.9999999999999988900 ) ) 
 REPRESENTATION_ITEM ( '' )  );
#2155 = CARTESIAN_POINT ( 'NONE',  ( -1.357050807568877000, 8.309539638847779000E-017, -0.5624999999999987800 ) ) ;
#2156 = DIRECTION ( 'NONE',  ( 0.0000000000000000000, -9.944396304902826600E-017, 1.000000000000000000 ) ) ;
#2157 = DIRECTION ( 'NONE',  ( 0.0000000000000000000, -1.000000000000000000, -1.281975124255724200E-016 ) ) ;
#2158 = CARTESIAN_POINT ( 'NONE',  ( 0.0000000000000000000, 1.175240473580835300, -0.2499999999999993600 ) ) ;
#2159 = CARTESIAN_POINT ( 'NONE',  ( 0.0000000000000000000, 1.175240473580835300, -1.187499999999998900 ) ) ;
#2160 = CARTESIAN_POINT ( 'NONE',  ( 1.017788105676658200, 0.5876202367904167500, 1.666666666666667900 ) ) ;
#2161 = CARTESIAN_POINT ( 'NONE',  ( -1.344664652740321000, 0.3938684034882091700, -4.277135174213896100 ) ) ;
#2162 = CARTESIAN_POINT ( 'NONE',  ( 0.0000000000000000000, 4.537228749101089300E-056, 1.350000000000001400 ) ) ;
#2163 = CARTESIAN_POINT ( 'NONE',  ( -1.836970198721031200E-016, -1.500000000000001600, 1.250000000000043500 ) ) ;
#2164 = CARTESIAN_POINT ( 'NONE',  ( 0.6785254037844380400, -1.175240473580835700, -2.895833333333332100 ) ) ;
#2165 = EDGE_CURVE ( 'NONE', #355, #817, #41, .T. ) ;
#2166 = CARTESIAN_POINT ( 'NONE',  ( 1.017788105676657600, -0.5876202367904181900, 0.1458333333333346200 ) ) ;
#2167 = CARTESIAN_POINT ( 'NONE',  ( 0.0000000000000000000, 1.500000000000001600, -2.499999999999956000 ) ) ;
#2168 = CARTESIAN_POINT ( 'NONE',  ( -1.439254484199189400E-016, -1.175240473580835300, -4.499999999999999100 ) ) ;
#2169 = CARTESIAN_POINT ( 'NONE',  ( 1.017788105676657600, -0.5876202367904181900, -2.416666666666666100 ) ) ;
#2170 = CARTESIAN_POINT ( 'NONE',  ( 1.017788105676657600, -0.5876202367904181900, -0.3541666666666658500 ) ) ;
#2171 = CARTESIAN_POINT ( 'NONE',  ( 0.6785254037844380400, -1.175240473580835700, 1.041666666666667400 ) ) ;
#2172 = CARTESIAN_POINT ( 'NONE',  ( -1.130019731377844600, 0.8013856266544352500, -4.292994445613691900 ) ) ;
#2173 = DIRECTION ( 'NONE',  ( 0.8660254037844383700, 0.5000000000000003300, 7.201950395398559900E-057 ) ) ;
#2174 = CARTESIAN_POINT ( 'NONE',  ( -0.6785254037844388200, -1.175240473580835300, -3.979166666666665200 ) ) ;
#2175 = CARTESIAN_POINT ( 'NONE',  ( -0.6785254037844383700, 1.175240473580835500, 0.3541666666666675200 ) ) ;
#2176 = DIRECTION ( 'NONE',  ( 0.0000000000000000000, -1.000000000000000000, -1.281975124255724200E-016 ) ) ;
#2177 = CARTESIAN_POINT ( 'NONE',  ( 1.357050807568876700, -2.492861891654333800E-016, -3.874999999999999600 ) ) ;
#2178 = VECTOR ( 'NONE', #344, 1000.000000000000000 ) ;
#2179 = AXIS2_PLACEMENT_3D ( 'NONE', #2294, #2048, #111 ) ;
#2180 = CARTESIAN_POINT ( 'NONE',  ( 0.6785254037844392600, 1.175240473580835100, -1.291666666666665900 ) ) ;
#2181 = CARTESIAN_POINT ( 'NONE',  ( -0.6785254037844382600, 1.175240473580835300, -0.6458333333333324800 ) ) ;
#2182 = CARTESIAN_POINT ( 'NONE',  ( -1.870113174931182600E-016, -1.527063293868263300, -3.703125000000044000 ) ) ;
#2183 = VECTOR ( 'NONE', #258, 999.9999999999998900 ) ;
#2184 = DIRECTION ( 'NONE',  ( 0.8660254037844386000, -0.4999999999999998900, 0.0000000000000000000 ) ) ;
#2185 = EDGE_LOOP ( 'NONE', ( #1129, #2964 ) ) ;
#2186 = CARTESIAN_POINT ( 'NONE',  ( -1.017788105676657800, 0.5876202367904177500, -4.604166666666665200 ) ) ;
#2187 = CARTESIAN_POINT ( 'NONE',  ( -0.6785254037844383700, 1.175240473580835500, -1.145833333333332400 ) ) ;
#2188 = ORIENTED_EDGE ( 'NONE', *, *, #1443, .F. ) ;
#2189 = EDGE_CURVE ( 'NONE', #924, #3022, #647, .T. ) ;
#2190 = ORIENTED_EDGE ( 'NONE', *, *, #290, .T. ) ;
#2191 = CARTESIAN_POINT ( 'NONE',  ( 0.6785254037844392600, 1.175240473580835100, -1.791666666666665900 ) ) ;
#2192 = CARTESIAN_POINT ( 'NONE',  ( 1.357050807568876700, -2.492861891654333800E-016, -1.812499999999999300 ) ) ;
#2193 = CARTESIAN_POINT ( 'NONE',  ( -0.8816504037844382600, 1.527063293868263300, -2.911458333333377900 ) ) ;
#2194 = CARTESIAN_POINT ( 'NONE',  ( -1.274871809163240300, 0.5653324994309521000, -4.283715394671252100 ) ) ;
#2195 = CC_DESIGN_DATE_AND_TIME_ASSIGNMENT ( #1494, #2036, ( #1768 ) ) ;
#2196 = VERTEX_POINT ( 'NONE', #822 ) ;
#2197 =( BOUNDED_CURVE ( )  B_SPLINE_CURVE ( 2, ( #1658, #2834, #1425, #899, #441, #3068, #2363, #1402, #2597, #1380, #3036, #420, #2146, #688, #1636, #3055, #2823, #1412, #870, #2106, #1669, #398, #1646, #1875, #408, #201, #2608, #2127, #1624, #166, #641, #1165, #1908, #429, #2574, #2134, #2387, #1863, #2620, #665, #2377, #151, #2119, #2353, #1141, #1390, #3043, #1445, #1453, #3119, #719, #8, #2432, #3096, #2203, #1721, #2393, #712, #965, #3109, #245, #1686, #1699, #235, #1210, #2192, #1941, #2899, #1930, #1918, #2417, #2659, #254, #450, #1963, #2908, #2889, #731, #976, #1435, #2159, #3085, #933, #214, #2631, #1677, #944, #223, #2641, #1219, #699, #1196, #474, #2181, #1463, #497, #463, #2878, #2402, #1711, #2170, #1952, #953, #2650, #1476, #485, #2441, #2669, #1231, #1185, #2870, #521, #994, #755, #984, #1750, #1007, #301, #292, #773, #51, #2956, #1025, #62, #1769, #2678, #1991, #1252, #2243, #2224, #2930, #2688, #761, #1496, #529, #1017, #1731, #2479, #2002 ),
 .UNSPECIFIED., .F., .F. ) 
 B_SPLINE_CURVE_WITH_KNOTS ( ( 3, 2, 2, 2, 2, 2, 2, 2, 2, 2, 2, 2, 2, 2, 2, 2, 2, 2, 2, 2, 2, 2, 2, 2, 2, 2, 2, 2, 2, 2, 2, 2, 2, 2, 2, 2, 2, 2, 2, 2, 2, 2, 2, 2, 2, 2, 2, 2, 2, 2, 2, 2, 2, 2, 2, 2, 2, 2, 2, 2, 2, 2, 2, 2, 2, 2, 2, 2, 2, 3 ),
 ( 0.02901261150409428800, 0.03846153846153846400, 0.05128205128205128000, 0.06410256410256409700, 0.07692307692307692700, 0.08974358974358974400, 0.1025641025641025600, 0.1153846153846153900, 0.1282051282051281900, 0.1410256410256410200, 0.1538461538461538500, 0.1666666666666666600, 0.1794871794871794900, 0.1923076923076923200, 0.2051282051282050900, 0.2179487179487179500, 0.2307692307692307800, 0.2435897435897436100, 0.2564102564102563900, 0.2692307692307692200, 0.2820512820512820500, 0.2948717948717948800, 0.3076923076923077100, 0.3205128205128205400, 0.3333333333333333100, 0.3461538461538461500, 0.3589743589743589800, 0.3717948717948718100, 0.3846153846153846400, 0.3974358974358973600, 0.4102564102564102400, 0.4230769230769230700, 0.4358974358974359000, 0.4487179487179487300, 0.4615384615384615600, 0.4743589743589743900, 0.4871794871794871700, 0.5000000000000000000, 0.5128205128205127700, 0.5256410256410256600, 0.5384615384615384400, 0.5512820512820513200, 0.5641025641025641000, 0.5769230769230768700, 0.5897435897435897600, 0.6025641025641025300, 0.6153846153846154200, 0.6282051282051281900, 0.6410256410256410800, 0.6538461538461537400, 0.6666666666666666300, 0.6794871794871795200, 0.6923076923076922900, 0.7051282051282051800, 0.7179487179487179500, 0.7307692307692307300, 0.7435897435897436100, 0.7564102564102563900, 0.7692307692307692700, 0.7820512820512820500, 0.7948717948717949300, 0.8076923076923078200, 0.8205128205128204800, 0.8333333333333333700, 0.8461538461538461500, 0.8589743589743589200, 0.8717948717948718100, 0.8846153846153845800, 0.8974358974358974700, 0.9001730504156161300 ),
 .UNSPECIFIED. ) 
 CURVE ( )  GEOMETRIC_REPRESENTATION_ITEM ( )  RATIONAL_B_SPLINE_CURVE ( ( 0.9480652107226116300, 0.9012585384440746600, 1.000000000000000000, 0.8660254037844387100, 1.000000000000000000, 0.8660254037844387100, 1.000000000000000000, 0.8660254037844387100, 1.000000000000000000, 0.8660254037844387100, 1.000000000000000000, 0.8660254037844387100, 1.000000000000000000, 0.8660254037844387100, 1.000000000000000000, 0.8660254037844387100, 1.000000000000000000, 0.8660254037844387100, 1.000000000000000000, 0.8660254037844387100, 1.000000000000000000, 0.8660254037844387100, 1.000000000000000000, 0.8660254037844387100, 1.000000000000000000, 0.8660254037844387100, 1.000000000000000000, 0.8660254037844387100, 1.000000000000000000, 0.8660254037844387100, 1.000000000000000000, 0.8660254037844387100, 1.000000000000000000, 0.8660254037844387100, 1.000000000000000000, 0.8660254037844387100, 1.000000000000000000, 0.8660254037844387100, 1.000000000000000000, 0.8660254037844387100, 1.000000000000000000, 0.8660254037844387100, 1.000000000000000000, 0.8660254037844387100, 1.000000000000000000, 0.8660254037844387100, 1.000000000000000000, 0.8660254037844387100, 1.000000000000000000, 0.8660254037844387100, 1.000000000000000000, 0.8660254037844387100, 1.000000000000000000, 0.8660254037844387100, 1.000000000000000000, 0.8660254037844387100, 1.000000000000000000, 0.8660254037844387100, 1.000000000000000000, 0.8660254037844387100, 1.000000000000000000, 0.8660254037844387100, 1.000000000000000000, 0.8660254037844387100, 1.000000000000000000, 0.8660254037844387100, 1.000000000000000000, 0.8660254037844387100, 1.000000000000000000, 0.8660254037844387100, 1.000000000000000000, 0.8660254037844387100, 1.000000000000000000, 0.8660254037844387100, 1.000000000000000000, 0.8660254037844387100, 1.000000000000000000, 0.8660254037844387100, 1.000000000000000000, 0.8660254037844387100, 1.000000000000000000, 0.8660254037844387100, 1.000000000000000000, 0.8660254037844387100, 1.000000000000000000, 0.8660254037844387100, 1.000000000000000000, 0.8660254037844387100, 1.000000000000000000, 0.8660254037844387100, 1.000000000000000000, 0.8660254037844387100, 1.000000000000000000, 0.8660254037844387100, 1.000000000000000000, 0.8660254037844387100, 1.000000000000000000, 0.8660254037844387100, 1.000000000000000000, 0.8660254037844387100, 1.000000000000000000, 0.8660254037844387100, 1.000000000000000000, 0.8660254037844387100, 1.000000000000000000, 0.8660254037844387100, 1.000000000000000000, 0.8660254037844387100, 1.000000000000000000, 0.8660254037844387100, 1.000000000000000000, 0.8660254037844387100, 1.000000000000000000, 0.8660254037844387100, 1.000000000000000000, 0.8660254037844387100, 1.000000000000000000, 0.8660254037844387100, 1.000000000000000000, 0.8660254037844387100, 1.000000000000000000, 0.8660254037844387100, 1.000000000000000000, 0.8660254037844387100, 1.000000000000000000, 0.8660254037844387100, 1.000000000000000000, 0.8660254037844387100, 1.000000000000000000, 0.8660254037844387100, 1.000000000000000000, 0.8660254037844387100, 1.000000000000000000, 0.8660254037844387100, 1.000000000000000000, 0.8660254037844387100, 1.000000000000000000, 0.9713967007114336900, 0.9550068919397549600 ) ) 
 REPRESENTATION_ITEM ( '' )  );
#2198 = CARTESIAN_POINT ( 'NONE',  ( -1.732050807568879200, 1.060575238724907800E-016, -3.374999999999955600 ) ) ;
#2199 = CARTESIAN_POINT ( 'NONE',  ( -0.6785254037844388200, -1.175240473580835300, -1.979166666666665400 ) ) ;
#2200 = CARTESIAN_POINT ( 'NONE',  ( -1.299038105676659300, 0.7500000000000008900, -3.854166666666708700 ) ) ;
#2201 = CARTESIAN_POINT ( 'NONE',  ( -1.836970198721031400E-016, -1.500000000000001300, -3.187500000000041700 ) ) ;
#2202 = DIRECTION ( 'NONE',  ( -0.0000000000000000000, 1.440390079079711300E-056, -1.000000000000000000 ) ) ;
#2203 = CARTESIAN_POINT ( 'NONE',  ( 1.017788105676658200, 0.5876202367904167500, -2.270833333333332100 ) ) ;
#2204 = CARTESIAN_POINT ( 'NONE',  ( -0.8816504037844389300, -1.527063293868263100, -2.744791666666711400 ) ) ;
#2205 = ORIENTED_EDGE ( 'NONE', *, *, #231, .F. ) ;
#2206 = CARTESIAN_POINT ( 'NONE',  ( 1.017788105676658200, 0.5876202367904167500, -1.770833333333332600 ) ) ;
#2207 = EDGE_CURVE ( 'NONE', #3022, #736, #974, .T. ) ;
#2208 = CARTESIAN_POINT ( 'NONE',  ( -0.6785254037844382600, 1.175240473580835300, -0.2083333333333320700 ) ) ;
#2209 = DATE_AND_TIME ( #2055, #1684 ) ;
#2210 = CARTESIAN_POINT ( 'NONE',  ( -1.439254484199189400E-016, -1.175240473580835300, 8.673617379884035500E-016 ) ) ;
#2211 = VECTOR ( 'NONE', #1039, 1000.000000000000000 ) ;
#2212 = CARTESIAN_POINT ( 'NONE',  ( -1.551628848447119000, 1.900197302715458000E-016, 4.500000000000000900 ) ) ;
#2213 =( BOUNDED_CURVE ( )  B_SPLINE_CURVE ( 2, ( #667, #3100, #658, #1156, #2150, #3071, #2873 ),
 .UNSPECIFIED., .F., .F. ) 
 B_SPLINE_CURVE_WITH_KNOTS ( ( 3, 2, 2, 3 ),
 ( 0.5000000000000000000, 0.5128205128205127700, 0.5256410256410256600, 0.5384615384615384400 ),
 .UNSPECIFIED. ) 
 CURVE ( )  GEOMETRIC_REPRESENTATION_ITEM ( )  RATIONAL_B_SPLINE_CURVE ( ( 1.000000000000000000, 0.8660254037844386000, 1.000000000000000000, 0.8660254037844386000, 1.000000000000000000, 0.8660254037844386000, 1.000000000000000000 ) ) 
 REPRESENTATION_ITEM ( '' )  );
#2214 = CARTESIAN_POINT ( 'NONE',  ( -1.322475605676657800, 0.7635316469341318900, -2.869791666666710900 ) ) ;
#2215 = CARTESIAN_POINT ( 'NONE',  ( -0.8660254037844442600, -1.499999999999993600, 0.7083333333333764500 ) ) ;
#2216 = FACE_OUTER_BOUND ( 'NONE', #2498, .T. ) ;
#2217 = AXIS2_PLACEMENT_3D ( 'NONE', #379, #2123, #1109 ) ;
#2218 = CARTESIAN_POINT ( 'NONE',  ( -1.357050807568877000, 8.309539638847779000E-017, -3.562499999999998700 ) ) ;
#2219 = CARTESIAN_POINT ( 'NONE',  ( -1.357050807568877000, 8.309539638847779000E-017, -2.562499999999999100 ) ) ;
#2220 = VECTOR ( 'NONE', #1971, 1000.000000000000000 ) ;
#2221 = CARTESIAN_POINT ( 'NONE',  ( 0.6785254037844391500, 1.175240473580835100, -1.291666666666665900 ) ) ;
#2222 = EDGE_LOOP ( 'NONE', ( #2462, #1551, #2736, #164 ) ) ;
#2223 = VERTEX_POINT ( 'NONE', #572 ) ;
#2224 = CARTESIAN_POINT ( 'NONE',  ( -0.6785254037844382600, 1.175240473580835300, 0.8541666666666671800 ) ) ;
#2225 = CARTESIAN_POINT ( 'NONE',  ( 1.322475605676657300, -0.7635316469341323400, -1.619791666666711100 ) ) ;
#2226 = VERTEX_POINT ( 'NONE', #2774 ) ;
#2227 = CARTESIAN_POINT ( 'NONE',  ( 0.2212008680998602300, -1.338497496291210600, -4.323019949084851100 ) ) ;
#2228 = EDGE_CURVE ( 'NONE', #748, #2987, #7, .T. ) ;
#2229 = ORIENTED_EDGE ( 'NONE', *, *, #2082, .T. ) ;
#2230 = ORIENTED_EDGE ( 'NONE', *, *, #1000, .F. ) ;
#2231 = CARTESIAN_POINT ( 'NONE',  ( 1.017788105676657600, -0.5876202367904181900, -0.8541666666666658500 ) ) ;
#2232 = ORIENTED_EDGE ( 'NONE', *, *, #2325, .T. ) ;
#2233 = CARTESIAN_POINT ( 'NONE',  ( 0.0000000000000000000, 1.175240473580835300, -0.7499999999999988900 ) ) ;
#2234 = CARTESIAN_POINT ( 'NONE',  ( -1.079265083270306100, -0.9201526794713478200, 1.296395582631889400 ) ) ;
#2235 = CARTESIAN_POINT ( 'NONE',  ( -1.870113174931182600E-016, -1.527063293868263300, -2.203125000000044400 ) ) ;
#2236 = DIRECTION ( 'NONE',  ( 0.8660254037844383700, 0.5000000000000003300, 0.0000000000000000000 ) ) ;
#2237 = CC_DESIGN_PERSON_AND_ORGANIZATION_ASSIGNMENT ( #826, #327, ( #2933 ) ) ;
#2238 = CARTESIAN_POINT ( 'NONE',  ( -2.451811601272799100E-016, 1.443375672974063900, 4.391746824526945800 ) ) ;
#2239 = CARTESIAN_POINT ( 'NONE',  ( -1.249999999999999600, -0.7216878364870322700, -2.318813079129866200 ) ) ;
#2240 = CARTESIAN_POINT ( 'NONE',  ( -0.6028445811701365100, -1.082104632669957500, -4.447145688940899800 ) ) ;
#2241 = CARTESIAN_POINT ( 'NONE',  ( 0.6785254037844380400, -1.175240473580835500, -1.458333333333332400 ) ) ;
#2242 = CARTESIAN_POINT ( 'NONE',  ( -1.357050807568877000, 8.309539638847779000E-017, 0.3750000000000012200 ) ) ;
#2243 = CARTESIAN_POINT ( 'NONE',  ( 0.0000000000000000000, 1.175240473580835300, 0.8125000000000006700 ) ) ;
#2244 = CARTESIAN_POINT ( 'NONE',  ( -0.8816504037844389300, -1.527063293868263100, -0.7447916666667112600 ) ) ;
#2245 = CARTESIAN_POINT ( 'NONE',  ( -1.299038105676659300, 0.7500000000000008900, -2.354166666666708300 ) ) ;
#2246 = CARTESIAN_POINT ( 'NONE',  ( 1.299038105676658900, -0.7500000000000013300, -2.604166666666709200 ) ) ;
#2247 = CARTESIAN_POINT ( 'NONE',  ( -1.299038105676659300, 0.7500000000000008900, -3.354166666666708300 ) ) ;
#2248 = CARTESIAN_POINT ( 'NONE',  ( -0.6785254037844388200, -1.175240473580835300, 1.020833333333334600 ) ) ;
#2249 = EDGE_CURVE ( 'NONE', #2308, #963, #2615, .T. ) ;
#2250 = DATE_AND_TIME ( #2981, #2692 ) ;
#2251 = CARTESIAN_POINT ( 'NONE',  ( 1.017788105676658200, 0.5876202367904167500, -0.3333333333333322000 ) ) ;
#2252 = CYLINDRICAL_SURFACE ( 'NONE', #482, 1.500000000000001300 ) ;
#2253 = CC_DESIGN_DATE_AND_TIME_ASSIGNMENT ( #2209, #1302, ( #2567 ) ) ;
#2254 = DIRECTION ( 'NONE',  ( 1.502314598737160000E-016, -1.000000000000000000, 0.0000000000000000000 ) ) ;
#2255 = CARTESIAN_POINT ( 'NONE',  ( -0.8816504037844382600, 1.527063293868263300, 1.088541666666622100 ) ) ;
#2256 = FACE_OUTER_BOUND ( 'NONE', #1810, .T. ) ;
#2257 = CARTESIAN_POINT ( 'NONE',  ( 1.256809520829720100, -0.1020286065173361400, -4.425026701458284300 ) ) ;
#2258 = PRODUCT_DEFINITION_SHAPE ( 'NONE', 'NONE',  #2567 ) ;
#2259 = CARTESIAN_POINT ( 'NONE',  ( 1.152335806484988200, 0.7780742849031121500, 4.335360376110867400 ) ) ;
#2260 = CARTESIAN_POINT ( 'NONE',  ( 1.017788105676658200, 0.5876202367904167500, -2.770833333333332600 ) ) ;
#2261 = CARTESIAN_POINT ( 'NONE',  ( -0.8660254037844393700, 1.500000000000001100, -1.458333333333289300 ) ) ;
#2262 = ADVANCED_FACE ( 'NONE', ( #687 ), #1234, .T. ) ;
#2263 = VERTEX_POINT ( 'NONE', #124 ) ;
#2264 = CARTESIAN_POINT ( 'NONE',  ( 0.6785254037844391500, 1.175240473580835100, 0.2083333333333338100 ) ) ;
#2265 = ORIENTED_EDGE ( 'NONE', *, *, #555, .T. ) ;
#2266 = CARTESIAN_POINT ( 'NONE',  ( -1.299038105676659300, 0.7500000000000008900, -0.3541666666667084300 ) ) ;
#2267 = CARTESIAN_POINT ( 'NONE',  ( 1.763300807568877000, -3.239131034884752100E-016, 0.4218749999999552600 ) ) ;
#2268 = CARTESIAN_POINT ( 'NONE',  ( 0.0000000000000000000, 1.296351071171740300E-055, -4.500000000000000900 ) ) ;
#2269 = ORIENTED_EDGE ( 'NONE', *, *, #2905, .T. ) ;
#2270 = EDGE_CURVE ( 'NONE', #1548, #2779, #2450, .T. ) ;
#2271 = CARTESIAN_POINT ( 'NONE',  ( -1.836970198721031400E-016, -1.500000000000001300, -0.1875000000000418800 ) ) ;
#2272 = ORIENTED_EDGE ( 'NONE', *, *, #1666, .T. ) ;
#2273 = CARTESIAN_POINT ( 'NONE',  ( -1.017788105676657800, 0.5876202367904177500, 1.395833333333333900 ) ) ;
#2274 = DIRECTION ( 'NONE',  ( 0.0000000000000000000, 1.000000000000000000, 0.0000000000000000000 ) ) ;
#2275 = CARTESIAN_POINT ( 'NONE',  ( -0.8816504037844389300, -1.527063293868263100, -1.776041666666620600 ) ) ;
#2276 = CARTESIAN_POINT ( 'NONE',  ( 0.8660254037844403700, 1.500000000000001300, -0.9791666666667092600 ) ) ;
#2277 = CARTESIAN_POINT ( 'NONE',  ( -1.870113174931182600E-016, -1.527063293868263300, 0.2968749999999551500 ) ) ;
#2278 = CARTESIAN_POINT ( 'NONE',  ( -0.6785254037844388200, -1.175240473580835300, -2.541666666666665600 ) ) ;
#2279 = CARTESIAN_POINT ( 'NONE',  ( -0.6785254037844388200, -1.175240473580835300, 0.5208333333333341500 ) ) ;
#2280 = PLANE ( 'NONE',  #1532 ) ;
#2281 = CARTESIAN_POINT ( 'NONE',  ( -1.763300807568877000, 1.079710344961584000E-016, -2.859374999999953800 ) ) ;
#2282 = CARTESIAN_POINT ( 'NONE',  ( 1.322475605676658400, 0.7635316469341306700, -0.5364583333333774500 ) ) ;
#2283 = DIRECTION ( 'NONE',  ( 0.0000000000000000000, 1.000000000000000000, 0.0000000000000000000 ) ) ;
#2284 = PERSON_AND_ORGANIZATION ( #1474, #2799 ) ;
#2285 = CARTESIAN_POINT ( 'NONE',  ( -0.6785254037844383700, 1.175240473580835500, -2.708333333333332100 ) ) ;
#2286 = CARTESIAN_POINT ( 'NONE',  ( -0.8660254037844442600, -1.499999999999993600, -0.2916666666666235500 ) ) ;
#2287 = DIRECTION ( 'NONE',  ( -0.0000000000000000000, -0.0000000000000000000, 1.000000000000000000 ) ) ;
#2288 = CARTESIAN_POINT ( 'NONE',  ( 1.322475605676658400, 0.7635316469341306700, -3.567708333333286900 ) ) ;
#2289 = ORIENTED_EDGE ( 'NONE', *, *, #532, .T. ) ;
#2290 = APPLICATION_PROTOCOL_DEFINITION ( 'international standard', 'config_control_design', 1994, #578 ) ;
#2291 = AXIS2_PLACEMENT_3D ( 'NONE', #581, #346, #598 ) ;
#2292 = CARTESIAN_POINT ( 'NONE',  ( -1.017788105676657800, 0.5876202367904177500, -3.666666666666665600 ) ) ;
#2293 = EDGE_LOOP ( 'NONE', ( #1807, #2298 ) ) ;
#2294 = CARTESIAN_POINT ( 'NONE',  ( 0.0000000000000000000, 1.296351071171740300E-055, -4.500000000000000900 ) ) ;
#2295 = ORIENTED_EDGE ( 'NONE', *, *, #2562, .T. ) ;
#2296 = CARTESIAN_POINT ( 'NONE',  ( 2.020667218593135000E-016, -1.650000000000001700, 1.350000000000001400 ) ) ;
#2297 = CARTESIAN_POINT ( 'NONE',  ( -1.763300807568877000, 1.079710344961584000E-016, -1.359374999999953800 ) ) ;
#2298 = ORIENTED_EDGE ( 'NONE', *, *, #518, .F. ) ;
#2299 = CARTESIAN_POINT ( 'NONE',  ( 0.8660254037844403700, 1.500000000000001300, -2.979166666666709200 ) ) ;
#2300 = CARTESIAN_POINT ( 'NONE',  ( 1.117880872539451300, 0.3932020740959866800, 1.162499999999999000 ) ) ;
#2301 = DESIGN_CONTEXT ( 'detailed design', #578, 'design' ) ;
#2302 =( BOUNDED_CURVE ( )  B_SPLINE_CURVE ( 2, ( #2407, #1893, #2389 ),
 .UNSPECIFIED., .F., .F. ) 
 B_SPLINE_CURVE_WITH_KNOTS ( ( 3, 3 ),
 ( 0.03264974138774233400, 0.03846153846153849800 ),
 .UNSPECIFIED. ) 
 CURVE ( )  GEOMETRIC_REPRESENTATION_ITEM ( )  RATIONAL_B_SPLINE_CURVE ( ( 0.9335965648879912500, 0.9392666130326079400, 1.000000000000000700 ) ) 
 REPRESENTATION_ITEM ( '' )  );
#2303 = EDGE_CURVE ( 'NONE', #741, #1548, #3084, .T. ) ;
#2304 = CARTESIAN_POINT ( 'NONE',  ( -1.249999999999999600, -0.7216878364870323900, 2.500000000000000400 ) ) ;
#2305 = CARTESIAN_POINT ( 'NONE',  ( 0.6785254037844392600, 1.175240473580835100, -4.291666666666665200 ) ) ;
#2306 = PLANE ( 'NONE',  #1093 ) ;
#2307 = CARTESIAN_POINT ( 'NONE',  ( 1.763300807568877000, -3.239131034884752100E-016, -3.109374999999953800 ) ) ;
#2308 = VERTEX_POINT ( 'NONE', #611 ) ;
#2309 = CARTESIAN_POINT ( 'NONE',  ( 0.6785254037844380400, -1.175240473580835700, -1.395833333333332400 ) ) ;
#2310 = CARTESIAN_POINT ( 'NONE',  ( 1.551628848447119000, -6.481755355858701300E-056, 4.500000000000000900 ) ) ;
#2311 = AXIS2_PLACEMENT_3D ( 'NONE', #949, #1227, #2157 ) ;
#2312 = CARTESIAN_POINT ( 'NONE',  ( -0.6785254037844383700, 1.175240473580835500, 1.354166666666667600 ) ) ;
#2313 = CARTESIAN_POINT ( 'NONE',  ( 0.0000000000000000000, 1.650000000000001700, 1.350000000000001400 ) ) ;
#2314 = CARTESIAN_POINT ( 'NONE',  ( 1.017788105676658200, 0.5876202367904167500, -2.333333333333332100 ) ) ;
#2315 = DIRECTION ( 'NONE',  ( 0.0000000000000000000, 1.000000000000000000, 0.0000000000000000000 ) ) ;
#2316 = ADVANCED_FACE ( 'NONE', ( #2955 ), #2585, .T. ) ;
#2317 = CARTESIAN_POINT ( 'NONE',  ( 1.017788105676658200, 0.5876202367904167500, 1.166666666666667400 ) ) ;
#2318 = CARTESIAN_POINT ( 'NONE',  ( 0.0000000000000000000, 1.500000000000001300, -0.9375000000000417400 ) ) ;
#2319 = CARTESIAN_POINT ( 'NONE',  ( 1.763300807568877000, -3.239131034884752100E-016, -1.109374999999953600 ) ) ;
#2320 = COORDINATED_UNIVERSAL_TIME_OFFSET ( 6, 0, .BEHIND. ) ;
#2321 = CARTESIAN_POINT ( 'NONE',  ( 1.017788105676657600, -0.5876202367904181900, -2.354166666666666100 ) ) ;
#2322 = DIRECTION ( 'NONE',  ( -0.8660254037844388200, 0.4999999999999997200, 7.201950395398552000E-057 ) ) ;
#2323 = LINE ( 'NONE', #548, #1761 ) ;
#2324 = CARTESIAN_POINT ( 'NONE',  ( -0.6070860296983176000, 1.135739241721693800, 1.225728506719167900 ) ) ;
#2325 = EDGE_CURVE ( 'NONE', #1968, #2772, #1189, .T. ) ;
#2326 = CARTESIAN_POINT ( 'NONE',  ( 0.0000000000000000000, 1.500000000000001600, -0.4999999999999560900 ) ) ;
#2327 = FACE_OUTER_BOUND ( 'NONE', #17, .T. ) ;
#2328 = CARTESIAN_POINT ( 'NONE',  ( 0.6785254037844392600, 1.175240473580835100, -1.291666666666665900 ) ) ;
#2329 = VECTOR ( 'NONE', #3031, 1000.000000000000000 ) ;
#2330 = CARTESIAN_POINT ( 'NONE',  ( -1.017788105676657800, 0.5876202367904177500, 1.333333333333333900 ) ) ;
#2331 = CARTESIAN_POINT ( 'NONE',  ( -0.8660254037844394800, 1.500000000000001800, -2.895833333333375700 ) ) ;
#2332 = CARTESIAN_POINT ( 'NONE',  ( -1.763300807568877000, 1.079710344961584000E-016, -0.3593749999999535400 ) ) ;
#2333 = CARTESIAN_POINT ( 'NONE',  ( 0.0000000000000000000, 1.175240473580835300, -2.187499999999999100 ) ) ;
#2334 = DIRECTION ( 'NONE',  ( -0.0000000000000000000, 1.440390079079711300E-056, -1.000000000000000000 ) ) ;
#2335 = CARTESIAN_POINT ( 'NONE',  ( 0.0000000000000000000, 1.296351071171740300E-055, -4.500000000000000900 ) ) ;
#2336 = ADVANCED_FACE ( 'NONE', ( #1914 ), #2918, .T. ) ;
#2337 = ORIENTED_EDGE ( 'NONE', *, *, #2189, .T. ) ;
#2338 = CARTESIAN_POINT ( 'NONE',  ( 1.017788105676657600, -0.5876202367904181900, -3.916666666666665600 ) ) ;
#2339 = CARTESIAN_POINT ( 'NONE',  ( 3.811135273339662300E-016, -1.443375672974064300, 4.391746824526945800 ) ) ;
#2340 = AXIS2_PLACEMENT_3D ( 'NONE', #1901, #677, #1372 ) ;
#2341 = CARTESIAN_POINT ( 'NONE',  ( -1.357050807568877000, 8.309539638847779000E-017, -1.124999999999999300 ) ) ;
#2342 = VERTEX_POINT ( 'NONE', #844 ) ;
#2343 = VERTEX_POINT ( 'NONE', #1327 ) ;
#2344 = CARTESIAN_POINT ( 'NONE',  ( 1.299038105676659600, 0.7499999999999995600, -2.020833333333375200 ) ) ;
#2345 = DIRECTION ( 'NONE',  ( -0.0000000000000000000, 1.440390079079711300E-056, -1.000000000000000000 ) ) ;
#2346 = ORIENTED_EDGE ( 'NONE', *, *, #468, .F. ) ;
#2347 = CARTESIAN_POINT ( 'NONE',  ( 1.322475605676657300, -0.7635316469341323400, -0.1510416666666205600 ) ) ;
#2348 = DIRECTION ( 'NONE',  ( 0.0000000000000000000, 1.000000000000000000, 0.0000000000000000000 ) ) ;
#2349 =( BOUNDED_CURVE ( )  B_SPLINE_CURVE ( 2, ( #88, #588, #1358, #366, #2999, #2550, #2326 ),
 .UNSPECIFIED., .F., .F. ) 
 B_SPLINE_CURVE_WITH_KNOTS ( ( 3, 2, 2, 3 ),
 ( 0.5769230769230769800, 0.5897435897435898700, 0.6025641025641025300, 0.6153846153846154200 ),
 .UNSPECIFIED. ) 
 CURVE ( )  GEOMETRIC_REPRESENTATION_ITEM ( )  RATIONAL_B_SPLINE_CURVE ( ( 0.9999999999999988900, 0.8660254037844398200, 1.000000000000000000, 0.8660254037844387100, 1.000000000000000000, 0.8660254037844387100, 1.000000000000000000 ) ) 
 REPRESENTATION_ITEM ( '' )  );
#2350 = CARTESIAN_POINT ( 'NONE',  ( 0.8660254037844410400, -1.499999999999997800, 0.8541666666666247700 ) ) ;
#2351 = ORIENTED_EDGE ( 'NONE', *, *, #1379, .F. ) ;
#2352 = CARTESIAN_POINT ( 'NONE',  ( 1.017788105676658200, 0.5876202367904167500, 1.729166666666667900 ) ) ;
#2353 = CARTESIAN_POINT ( 'NONE',  ( 0.6785254037844391500, 1.175240473580835100, -2.729166666666665600 ) ) ;
#2354 = CARTESIAN_POINT ( 'NONE',  ( 0.0000000000000000000, 1.175240473580835300, -1.249999999999998900 ) ) ;
#2355 = CARTESIAN_POINT ( 'NONE',  ( 0.8660254037844346000, -1.500000000000009300, -2.145833333333375200 ) ) ;
#2356 = CARTESIAN_POINT ( 'NONE',  ( 1.299038105676658900, -0.7500000000000013300, -0.1666666666666230300 ) ) ;
#2357 = CARTESIAN_POINT ( 'NONE',  ( 0.0000000000000000000, 1.500000000000001300, 1.062499999999958500 ) ) ;
#2358 = CARTESIAN_POINT ( 'NONE',  ( -0.8816504037844382600, 1.527063293868263300, -0.9427083333332870700 ) ) ;
#2359 = CARTESIAN_POINT ( 'NONE',  ( 3.811135273339662300E-016, -1.443375672974064300, 4.391746824526945800 ) ) ;
#2360 = CARTESIAN_POINT ( 'NONE',  ( 0.8660254037844388200, -1.500000000000002200, -2.708333333333289500 ) ) ;
#2361 = AXIS2_PLACEMENT_3D ( 'NONE', #1838, #1860, #2254 ) ;
#2362 = CARTESIAN_POINT ( 'NONE',  ( -0.6785254037844383700, 1.175240473580835500, -4.208333333333331300 ) ) ;
#2363 = CARTESIAN_POINT ( 'NONE',  ( 1.017788105676658200, 0.5876202367904167500, -4.270833333333332100 ) ) ;
#2364 = CARTESIAN_POINT ( 'NONE',  ( -1.439254484199189400E-016, -1.175240473580835300, 8.673617379884035500E-016 ) ) ;
#2365 = DIRECTION ( 'NONE',  ( -0.0000000000000000000, 1.440390079079711300E-056, -1.000000000000000000 ) ) ;
#2366 = LINE ( 'NONE', #1312, #2056 ) ;
#2367 = CARTESIAN_POINT ( 'NONE',  ( 0.0000000000000000000, -9.963129310404512500E-014, 1000.483974596215500 ) ) ;
#2368 = CARTESIAN_POINT ( 'NONE',  ( 0.0000000000000000000, 1.500000000000001600, -2.999999999999956500 ) ) ;
#2369 = FACE_OUTER_BOUND ( 'NONE', #129, .T. ) ;
#2370 = CARTESIAN_POINT ( 'NONE',  ( -0.8816504037844389300, -1.527063293868263100, 0.7239583333333793300 ) ) ;
#2371 = CARTESIAN_POINT ( 'NONE',  ( 0.0000000000000000000, 1.500000000000001300, 1.062499999999958500 ) ) ;
#2372 = ADVANCED_FACE ( 'NONE', ( #1833, #76 ), #2306, .T. ) ;
#2373 = CYLINDRICAL_SURFACE ( 'NONE', #1996, 1.500000000000001300 ) ;
#2374 = EDGE_CURVE ( 'NONE', #1622, #887, #689, .T. ) ;
#2375 = CARTESIAN_POINT ( 'NONE',  ( -0.6785254037844383700, 1.175240473580835500, -3.208333333333332100 ) ) ;
#2376 = ORIENTED_EDGE ( 'NONE', *, *, #186, .T. ) ;
#2377 = CARTESIAN_POINT ( 'NONE',  ( 1.017788105676657600, -0.5876202367904181900, -2.854166666666665600 ) ) ;
#2378 = CARTESIAN_POINT ( 'NONE',  ( -1.017788105676658000, -0.5876202367904174200, -0.5833333333333323700 ) ) ;
#2379 = ORIENTED_EDGE ( 'NONE', *, *, #251, .F. ) ;
#2380 = DIRECTION ( 'NONE',  ( -0.0000000000000000000, 1.440390079079711300E-056, -1.000000000000000000 ) ) ;
#2381 = VERTEX_POINT ( 'NONE', #3017 ) ;
#2382 = CARTESIAN_POINT ( 'NONE',  ( -1.763300807568877000, 1.079710344961584000E-016, 1.640625000000045500 ) ) ;
#2383 = ORIENTED_EDGE ( 'NONE', *, *, #3024, .T. ) ;
#2384 = CARTESIAN_POINT ( 'NONE',  ( 0.8660254037844397100, 1.500000000000002200, 1.020833333333291100 ) ) ;
#2385 = ORIENTED_EDGE ( 'NONE', *, *, #2989, .T. ) ;
#2386 = CARTESIAN_POINT ( 'NONE',  ( -1.439254484199189400E-016, -1.175240473580835300, -3.499999999999998700 ) ) ;
#2387 = CARTESIAN_POINT ( 'NONE',  ( -1.017788105676658000, -0.5876202367904174200, -3.020833333333332600 ) ) ;
#2388 = CARTESIAN_POINT ( 'NONE',  ( -1.357050807568877000, 8.309539638847779000E-017, 0.8750000000000007800 ) ) ;
#2389 = CARTESIAN_POINT ( 'NONE',  ( -1.836970198721031400E-016, -1.500000000000001300, 1.312499999999957800 ) ) ;
#2390 = CARTESIAN_POINT ( 'NONE',  ( 1.017788105676657600, -0.5876202367904181900, -4.354166666666666100 ) ) ;
#2391 = EDGE_CURVE ( 'NONE', #2711, #2223, #1495, .T. ) ;
#2392 = CARTESIAN_POINT ( 'NONE',  ( 0.0000000000000000000, 1.175240473580835300, -1.249999999999998900 ) ) ;
#2393 = CARTESIAN_POINT ( 'NONE',  ( 0.0000000000000000000, 1.175240473580835300, -2.187499999999999100 ) ) ;
#2394 = CARTESIAN_POINT ( 'NONE',  ( -0.8816504037844389300, -1.527063293868263100, -4.244791666666710500 ) ) ;
#2395 = DIRECTION ( 'NONE',  ( 0.0000000000000000000, 1.000000000000000000, 0.0000000000000000000 ) ) ;
#2396 = CARTESIAN_POINT ( 'NONE',  ( -1.439254484199189400E-016, -1.175240473580835300, -3.437499999999998700 ) ) ;
#2397 = CARTESIAN_POINT ( 'NONE',  ( -0.6785254037844388200, -1.175240473580835300, 0.02083333333333450800 ) ) ;
#2398 = CARTESIAN_POINT ( 'NONE',  ( -1.836970198721031200E-016, -1.500000000000001600, 0.7500000000000431900 ) ) ;
#2399 = CARTESIAN_POINT ( 'NONE',  ( 1.357050807568876700, -2.492861891654333800E-016, -2.874999999999999100 ) ) ;
#2400 = CARTESIAN_POINT ( 'NONE',  ( 1.017788105676658200, 0.5876202367904167500, -2.333333333333332100 ) ) ;
#2401 = FACE_OUTER_BOUND ( 'NONE', #2525, .T. ) ;
#2402 = CARTESIAN_POINT ( 'NONE',  ( -1.439254484199189400E-016, -1.175240473580835300, -0.4374999999999995000 ) ) ;
#2403 = CARTESIAN_POINT ( 'NONE',  ( 0.0000000000000000000, 1.527063293868263300, -4.953125000000044400 ) ) ;
#2404 = CARTESIAN_POINT ( 'NONE',  ( 0.8660254037844402600, 1.500000000000001100, -3.041666666666622600 ) ) ;
#2405 =( BOUNDED_CURVE ( )  B_SPLINE_CURVE ( 2, ( #1606, #181, #891, #412, #626, #2331, #3060 ),
 .UNSPECIFIED., .F., .F. ) 
 B_SPLINE_CURVE_WITH_KNOTS ( ( 3, 2, 2, 3 ),
 ( 0.6538461538461538500, 0.6666666666666667400, 0.6794871794871795200, 0.6923076923076922900 ),
 .UNSPECIFIED. ) 
 CURVE ( )  GEOMETRIC_REPRESENTATION_ITEM ( )  RATIONAL_B_SPLINE_CURVE ( ( 1.000000000000000000, 0.8660254037844386000, 1.000000000000000000, 0.8660254037844386000, 1.000000000000000000, 0.8660254037844386000, 1.000000000000000000 ) ) 
 REPRESENTATION_ITEM ( '' )  );
#2406 = VECTOR ( 'NONE', #2757, 1000.000000000000000 ) ;
#2407 = CARTESIAN_POINT ( 'NONE',  ( 0.6841100080457834800, -1.334913291900116500, 1.350000000000001400 ) ) ;
#2408 = CARTESIAN_POINT ( 'NONE',  ( 1.381457290956931100, -0.6072457835761372300, 1.341264123134702200 ) ) ;
#2409 = CARTESIAN_POINT ( 'NONE',  ( -1.439254484199189400E-016, -1.175240473580835300, -3.937499999999999100 ) ) ;
#2410 = LINE ( 'NONE', #987, #1693 ) ;
#2411 = CARTESIAN_POINT ( 'NONE',  ( 1.017788105676658200, 0.5876202367904167500, 0.2291666666666674600 ) ) ;
#2412 = CARTESIAN_POINT ( 'NONE',  ( -0.8660254037844398200, -1.500000000000001100, -2.291666666666623000 ) ) ;
#2413 = CARTESIAN_POINT ( 'NONE',  ( 1.017788105676657600, -0.5876202367904181900, -3.416666666666666100 ) ) ;
#2414 = EDGE_CURVE ( 'NONE', #2343, #1354, #2794, .T. ) ;
#2415 = ORIENTED_EDGE ( 'NONE', *, *, #1357, .F. ) ;
#2416 = CARTESIAN_POINT ( 'NONE',  ( 0.0000000000000000000, 1.175240473580835300, -1.749999999999998900 ) ) ;
#2417 = CARTESIAN_POINT ( 'NONE',  ( -1.017788105676657800, 0.5876202367904177500, -1.604166666666665600 ) ) ;
#2418 = CARTESIAN_POINT ( 'NONE',  ( -1.017788105676657800, 0.5876202367904177500, 0.8333333333333343700 ) ) ;
#2419 = ORIENTED_EDGE ( 'NONE', *, *, #897, .F. ) ;
#2420 = CARTESIAN_POINT ( 'NONE',  ( 1.299038105676659800, 0.7499999999999995600, -3.083333333333289500 ) ) ;
#2421 = APPROVAL ( #1828, 'UNSPECIFIED' ) ;
#2422 = ORIENTED_EDGE ( 'NONE', *, *, #569, .T. ) ;
#2423 = CARTESIAN_POINT ( 'NONE',  ( 0.0000000000000000000, 1.500000000000001600, -3.499999999999956000 ) ) ;
#2424 = ORIENTED_EDGE ( 'NONE', *, *, #3005, .F. ) ;
#2425 = CARTESIAN_POINT ( 'NONE',  ( -1.322475605676657800, -0.7635316469341314500, 1.682291666666712900 ) ) ;
#2426 = AXIS2_PLACEMENT_3D ( 'NONE', #188, #885, #1152 ) ;
#2427 = CARTESIAN_POINT ( 'NONE',  ( 1.017788105676658200, 0.5876202367904167500, 0.7291666666666678500 ) ) ;
#2428 = CARTESIAN_POINT ( 'NONE',  ( 0.8660254037844359300, 1.500000000000008900, 0.9583333333333774500 ) ) ;
#2429 = ORIENTED_EDGE ( 'NONE', *, *, #2374, .F. ) ;
#2430 = CARTESIAN_POINT ( 'NONE',  ( -0.6785254037844382600, 1.175240473580835300, -3.208333333333332100 ) ) ;
#2431 = CARTESIAN_POINT ( 'NONE',  ( -1.439254484199189400E-016, -1.175240473580835300, -0.9999999999999991100 ) ) ;
#2432 = CARTESIAN_POINT ( 'NONE',  ( 1.017788105676657600, -0.5876202367904181900, -2.354166666666666100 ) ) ;
#2433 = CARTESIAN_POINT ( 'NONE',  ( 1.017788105676657600, -0.5876202367904181900, 1.083333333333333700 ) ) ;
#2434 = CARTESIAN_POINT ( 'NONE',  ( -1.299038105676659300, 0.7500000000000008900, -3.416666666666622600 ) ) ;
#2435 = CARTESIAN_POINT ( 'NONE',  ( -1.439254484199189400E-016, -1.175240473580835300, -4.437499999999999100 ) ) ;
#2436 = CARTESIAN_POINT ( 'NONE',  ( -1.439254484199189400E-016, -1.175240473580835300, -0.9374999999999991100 ) ) ;
#2437 = EDGE_CURVE ( 'NONE', #736, #1662, #439, .T. ) ;
#2438 = CARTESIAN_POINT ( 'NONE',  ( -1.836970198721031400E-016, -1.500000000000001300, -3.687500000000041300 ) ) ;
#2439 = CARTESIAN_POINT ( 'NONE',  ( 0.6785254037844391500, 1.175240473580835100, -4.291666666666666100 ) ) ;
#2440 = CARTESIAN_POINT ( 'NONE',  ( 1.357050807568877000, -2.492861891654333800E-016, -0.8749999999999990000 ) ) ;
#2441 = CARTESIAN_POINT ( 'NONE',  ( -1.017788105676657800, 0.5876202367904177500, -0.1041666666666656000 ) ) ;
#2442 = CARTESIAN_POINT ( 'NONE',  ( -1.322475605676657800, 0.7635316469341318900, -2.369791666666710900 ) ) ;
#2443 = CARTESIAN_POINT ( 'NONE',  ( -1.232026448779554500, 0.6468837417060244700, -4.286792306851047800 ) ) ;
#2444 = AXIS2_PLACEMENT_3D ( 'NONE', #1513, #1011, #2505 ) ;
#2445 = CARTESIAN_POINT ( 'NONE',  ( -1.836970198721031400E-016, -1.500000000000001300, 0.3124999999999577000 ) ) ;
#2446 = VECTOR ( 'NONE', #1628, 1000.000000000000000 ) ;
#2447 = CARTESIAN_POINT ( 'NONE',  ( -0.6785254037844383700, 1.175240473580835500, -0.1458333333333320100 ) ) ;
#2448 = CARTESIAN_POINT ( 'NONE',  ( -0.6785254037844388200, -1.175240473580835100, -4.041666666666666100 ) ) ;
#2449 = LINE ( 'NONE', #1546, #1874 ) ;
#2450 = B_SPLINE_CURVE_WITH_KNOTS ( 'NONE', 3,
 ( #1586, #1844, #3002, #861 ),
 .UNSPECIFIED., .F., .F.,
 ( 4, 4 ),
 ( 0.0009551793657235603900, 0.001703052493691799700 ),
 .UNSPECIFIED. ) ;
#2451 =( BOUNDED_CURVE ( )  B_SPLINE_CURVE ( 2, ( #2594, #2360, #162, #2606, #174, #1884, #1182 ),
 .UNSPECIFIED., .F., .F. ) 
 B_SPLINE_CURVE_WITH_KNOTS ( ( 3, 2, 2, 3 ),
 ( 0.2692307692307692200, 0.2820512820512820500, 0.2948717948717949300, 0.3076923076923077600 ),
 .UNSPECIFIED. ) 
 CURVE ( )  GEOMETRIC_REPRESENTATION_ITEM ( )  RATIONAL_B_SPLINE_CURVE ( ( 1.000000000000000000, 0.8660254037844387100, 1.000000000000000000, 0.8660254037844387100, 1.000000000000000000, 0.8660254037844381500, 1.000000000000000700 ) ) 
 REPRESENTATION_ITEM ( '' )  );
#2452 = CARTESIAN_POINT ( 'NONE',  ( -1.763300807568877000, 1.079710344961584000E-016, -2.828125000000044900 ) ) ;
#2453 = FACE_OUTER_BOUND ( 'NONE', #82, .T. ) ;
#2454 = CARTESIAN_POINT ( 'NONE',  ( 0.5483798099858354600, -1.290464569288940500, -4.277395709715730000 ) ) ;
#2455 = ORIENTED_EDGE ( 'NONE', *, *, #2754, .F. ) ;
#2456 = EDGE_CURVE ( 'NONE', #561, #2671, #192, .T. ) ;
#2457 = CARTESIAN_POINT ( 'NONE',  ( 1.250000000000000000, -0.7216878364870316100, 2.500000000000000400 ) ) ;
#2458 = CARTESIAN_POINT ( 'NONE',  ( -1.017788105676658000, -0.5876202367904174200, -1.520833333333332400 ) ) ;
#2459 = VERTEX_POINT ( 'NONE', #3038 ) ;
#2460 = CARTESIAN_POINT ( 'NONE',  ( -1.357050807568877000, 8.309539638847779000E-017, 0.4375000000000012200 ) ) ;
#2461 = CARTESIAN_POINT ( 'NONE',  ( 0.6785254037844380400, -1.175240473580835500, -1.958333333333332400 ) ) ;
#2462 = ORIENTED_EDGE ( 'NONE', *, *, #208, .F. ) ;
#2463 = CARTESIAN_POINT ( 'NONE',  ( -0.8816504037844389300, -1.527063293868263100, -1.744791666666710900 ) ) ;
#2464 = EDGE_LOOP ( 'NONE', ( #472, #1771, #2599, #2595 ) ) ;
#2465 = CARTESIAN_POINT ( 'NONE',  ( -1.836970198721031200E-016, -1.500000000000001600, -3.249999999999955600 ) ) ;
#2466 = CARTESIAN_POINT ( 'NONE',  ( 0.6785254037844392600, 1.175240473580835100, -3.229166666666665600 ) ) ;
#2467 = CARTESIAN_POINT ( 'NONE',  ( -0.6785254037844383700, 1.175240473580835500, -1.645833333333332400 ) ) ;
#2468 = AXIS2_PLACEMENT_3D ( 'NONE', #2610, #1414, #634 ) ;
#2469 = CARTESIAN_POINT ( 'NONE',  ( 0.0000000000000000000, 1.175240473580835300, 0.8125000000000006700 ) ) ;
#2470 = ORIENTED_EDGE ( 'NONE', *, *, #406, .T. ) ;
#2471 = CARTESIAN_POINT ( 'NONE',  ( -0.6785254037844382600, 1.175240473580835300, -1.708333333333332600 ) ) ;
#2472 = CARTESIAN_POINT ( 'NONE',  ( 1.322475605676657300, -0.7635316469341323400, -1.119791666666711100 ) ) ;
#2473 = ADVANCED_FACE ( 'NONE', ( #2982 ), #1951, .T. ) ;
#2474 = CARTESIAN_POINT ( 'NONE',  ( 0.0000000000000000000, 1.500000000000001300, -0.4375000000000420800 ) ) ;
#2475 = CARTESIAN_POINT ( 'NONE',  ( 0.6785254037844380400, -1.175240473580835700, -3.895833333333332100 ) ) ;
#2476 = CARTESIAN_POINT ( 'NONE',  ( -0.6785254037844388200, -1.175240473580835300, -0.4791666666666659600 ) ) ;
#2477 = EDGE_CURVE ( 'NONE', #2343, #963, #1986, .T. ) ;
#2478 = CARTESIAN_POINT ( 'NONE',  ( 0.0000000000000000000, 1.175240473580835300, -1.249999999999998900 ) ) ;
#2479 = CARTESIAN_POINT ( 'NONE',  ( 1.082363013904100300, -0.4757732148463900100, 1.153764123134678700 ) ) ;
#2480 = CARTESIAN_POINT ( 'NONE',  ( -1.322475605676657800, 0.7635316469341318900, -1.869791666666710900 ) ) ;
#2481 = DIRECTION ( 'NONE',  ( -0.0000000000000000000, 1.440390079079711300E-056, -1.000000000000000000 ) ) ;
#2482 = VECTOR ( 'NONE', #376, 1000.000000000000000 ) ;
#2483 = CARTESIAN_POINT ( 'NONE',  ( 0.8660254037844403700, 1.500000000000001300, -0.4791666666667086000 ) ) ;
#2484 = CARTESIAN_POINT ( 'NONE',  ( 1.017788105676657600, -0.5876202367904181900, 1.645833333333334100 ) ) ;
#2485 = VECTOR ( 'NONE', #764, 1000.000000000000000 ) ;
#2486 = ADVANCED_FACE ( 'NONE', ( #1062 ), #1405, .F. ) ;
#2487 = CARTESIAN_POINT ( 'NONE',  ( 1.017788105676657600, -0.5876202367904181900, -0.9166666666666658500 ) ) ;
#2488 = LINE ( 'NONE', #635, #1387 ) ;
#2489 = CARTESIAN_POINT ( 'NONE',  ( -2.168404344971008900E-016, 1.443375672974063900, 2.500000000000000400 ) ) ;
#2490 = CARTESIAN_POINT ( 'NONE',  ( 0.8816504037844380400, -1.527063293868264000, 0.8385416666666220000 ) ) ;
#2491 = ORIENTED_EDGE ( 'NONE', *, *, #1254, .T. ) ;
#2492 = CARTESIAN_POINT ( 'NONE',  ( -0.8660254037844443700, -1.499999999999994000, -2.229166666666709600 ) ) ;
#2493 = EDGE_CURVE ( 'NONE', #1203, #1622, #1028, .T. ) ;
#2494 = ORIENTED_EDGE ( 'NONE', *, *, #1295, .T. ) ;
#2495 = CARTESIAN_POINT ( 'NONE',  ( 0.6785254037844380400, -1.175240473580835700, 1.104166666666667400 ) ) ;
#2496 = ORIENTED_EDGE ( 'NONE', *, *, #1173, .F. ) ;
#2497 = CARTESIAN_POINT ( 'NONE',  ( -1.017788105676657800, 0.5876202367904177500, -0.6666666666666660700 ) ) ;
#2498 = EDGE_LOOP ( 'NONE', ( #486, #431, #2776, #2611, #692, #275 ) ) ;
#2499 = CARTESIAN_POINT ( 'NONE',  ( -1.870113174931182600E-016, -1.527063293868263300, 1.296874999999955100 ) ) ;
#2500 = DIRECTION ( 'NONE',  ( -0.0000000000000000000, 1.440390079079711300E-056, -1.000000000000000000 ) ) ;
#2501 = CARTESIAN_POINT ( 'NONE',  ( -1.299038105676659300, 0.7500000000000008900, -1.416666666666623000 ) ) ;
#2502 = CARTESIAN_POINT ( 'NONE',  ( 0.0000000000000000000, 4.321170237239135700E-056, 1.499999999999999600 ) ) ;
#2503 = CARTESIAN_POINT ( 'NONE',  ( 1.322475605676657300, -0.7635316469341323400, -0.1197916666667107200 ) ) ;
#2504 = DIRECTION ( 'NONE',  ( -0.0000000000000000000, 1.440390079079711300E-056, -1.000000000000000000 ) ) ;
#2505 = DIRECTION ( 'NONE',  ( 0.0000000000000000000, -1.000000000000000000, 0.0000000000000000000 ) ) ;
#2506 = CARTESIAN_POINT ( 'NONE',  ( 0.6785254037844392600, 1.175240473580835100, 0.2708333333333338700 ) ) ;
#2507 = ADVANCED_FACE ( 'NONE', ( #797 ), #2581, .T. ) ;
#2508 = DATE_AND_TIME ( #265, #567 ) ;
#2509 = CIRCLE ( 'NONE', #2340, 2.750000000000000000 ) ;
#2510 = CARTESIAN_POINT ( 'NONE',  ( 0.8816504037844380400, -1.527063293868264000, -3.692708333333287300 ) ) ;
#2511 = CARTESIAN_POINT ( 'NONE',  ( 1.299038105676659600, 0.7499999999999995600, -1.020833333333375200 ) ) ;
#2512 = CARTESIAN_POINT ( 'NONE',  ( 1.322475605676658400, 0.7635316469341306700, 0.4635416666666225500 ) ) ;
#2513 = LINE ( 'NONE', #185, #419 ) ;
#2514 = CARTESIAN_POINT ( 'NONE',  ( 0.3267792258354367300, 1.291342902104055000, -4.353394472253363300 ) ) ;
#2515 = APPROVAL_STATUS ( 'not_yet_approved' ) ;
#2516 = CONICAL_SURFACE ( 'NONE', #1567, 1732.050807568857200, 1.047197551196592700 ) ;
#2517 = CARTESIAN_POINT ( 'NONE',  ( 0.6785254037844380400, -1.175240473580835700, -4.458333333333333000 ) ) ;
#2518 = CARTESIAN_POINT ( 'NONE',  ( 1.017788105676658200, 0.5876202367904167500, 0.7291666666666678500 ) ) ;
#2519 = EDGE_LOOP ( 'NONE', ( #997, #1245, #2600, #1740 ) ) ;
#2520 = CARTESIAN_POINT ( 'NONE',  ( 1.049523301869558900, 0.5288582131113454000, 1.162499999999999000 ) ) ;
#2521 = CARTESIAN_POINT ( 'NONE',  ( -1.870113174931182600E-016, -1.527063293868263300, -2.734374999999953800 ) ) ;
#2522 = EDGE_LOOP ( 'NONE', ( #843, #1250, #1078, #3000 ) ) ;
#2523 = CARTESIAN_POINT ( 'NONE',  ( -0.8816504037844382600, 1.527063293868263300, -0.4114583333333773400 ) ) ;
#2524 = ADVANCED_FACE ( 'NONE', ( #1456, #952 ), #2576, .T. ) ;
#2525 = EDGE_LOOP ( 'NONE', ( #38, #1543, #1083, #512 ) ) ;
#2526 = EDGE_CURVE ( 'NONE', #1437, #355, #867, .T. ) ;
#2527 = CARTESIAN_POINT ( 'NONE',  ( -1.152335806484987800, -0.7780742849031123700, 4.335360376110867400 ) ) ;
#2528 = CARTESIAN_POINT ( 'NONE',  ( -1.357050807568877000, 8.309539638847779000E-017, -2.624999999999999600 ) ) ;
#2529 = VERTEX_POINT ( 'NONE', #901 ) ;
#2530 = CARTESIAN_POINT ( 'NONE',  ( -0.6785254037844382600, 1.175240473580835300, 0.7916666666666670700 ) ) ;
#2531 = CARTESIAN_POINT ( 'NONE',  ( -1.322475605676657800, -0.7635316469341314500, -1.817708333333287100 ) ) ;
#2532 = EDGE_LOOP ( 'NONE', ( #2265, #2034, #551, #1169 ) ) ;
#2533 = CARTESIAN_POINT ( 'NONE',  ( 1.322475605676658400, 0.7635316469341306700, -4.067708333333286900 ) ) ;
#2534 =( BOUNDED_CURVE ( )  B_SPLINE_CURVE ( 2, ( #296, #801, #2977, #2949, #2962, #1265, #2271 ),
 .UNSPECIFIED., .F., .F. ) 
 B_SPLINE_CURVE_WITH_KNOTS ( ( 3, 2, 2, 3 ),
 ( 0.2307692307692307300, 0.2435897435897435800, 0.2564102564102563300, 0.2692307692307692200 ),
 .UNSPECIFIED. ) 
 CURVE ( )  GEOMETRIC_REPRESENTATION_ITEM ( )  RATIONAL_B_SPLINE_CURVE ( ( 1.000000000000000000, 0.8660254037844386000, 1.000000000000000000, 0.8660254037844386000, 1.000000000000000000, 0.8660254037844391500, 0.9999999999999994400 ) ) 
 REPRESENTATION_ITEM ( '' )  );
#2535 = CARTESIAN_POINT ( 'NONE',  ( 0.8111586062014344300, 0.9123518281211523400, 1.176950773438785600 ) ) ;
#2536 = CARTESIAN_POINT ( 'NONE',  ( 1.017788105676658200, 0.5876202367904167500, -3.333333333333332100 ) ) ;
#2537 = CARTESIAN_POINT ( 'NONE',  ( 1.335140067605502300, -0.03795051484799503300, 1.122309024854834400 ) ) ;
#2538 = CARTESIAN_POINT ( 'NONE',  ( -1.322475605676657800, -0.7635316469341314500, -2.317708333333287300 ) ) ;
#2539 = CARTESIAN_POINT ( 'NONE',  ( 0.0000000000000000000, 1.500000000000001300, -3.437500000000041700 ) ) ;
#2540 = EDGE_CURVE ( 'NONE', #56, #252, #2658, .T. ) ;
#2541 = ORIENTED_EDGE ( 'NONE', *, *, #809, .T. ) ;
#2542 = DIRECTION ( 'NONE',  ( -0.5000000000000002200, 0.8660254037844386000, 0.0000000000000000000 ) ) ;
#2543 = CARTESIAN_POINT ( 'NONE',  ( -1.439254484199189400E-016, -1.175240473580835300, -4.499999999999999100 ) ) ;
#2544 = CARTESIAN_POINT ( 'NONE',  ( 1.299038105676658900, -0.7500000000000013300, -2.166666666666622600 ) ) ;
#2545 = VECTOR ( 'NONE', #2287, 1000.000000000000000 ) ;
#2546 = CARTESIAN_POINT ( 'NONE',  ( 0.8660254037844346000, -1.500000000000009300, -0.2083333333332899300 ) ) ;
#2547 = CARTESIAN_POINT ( 'NONE',  ( -1.836970198721031200E-016, -1.500000000000001600, -1.749999999999956300 ) ) ;
#2548 = CARTESIAN_POINT ( 'NONE',  ( 1.322475605676657300, -0.7635316469341323400, -3.651041666666620300 ) ) ;
#2549 = CARTESIAN_POINT ( 'NONE',  ( 1.357050807568877000, -2.492861891654333800E-016, -1.312499999999998900 ) ) ;
#2550 = CARTESIAN_POINT ( 'NONE',  ( 0.8660254037844402600, 1.500000000000001100, -0.5416666666666232200 ) ) ;
#2551 = SECURITY_CLASSIFICATION_LEVEL ( 'unclassified' ) ;
#2552 = CARTESIAN_POINT ( 'NONE',  ( 0.9591568588641159500, 0.7356516458238777600, 1.169634450474135600 ) ) ;
#2553 = AXIS2_PLACEMENT_3D ( 'NONE', #542, #1976, #1966 ) ;
#2554 = CARTESIAN_POINT ( 'NONE',  ( 0.0000000000000000000, 1.175240473580835300, -4.249999999999998200 ) ) ;
#2555 = EDGE_LOOP ( 'NONE', ( #1279, #1788, #249, #3098 ) ) ;
#2556 = DIRECTION ( 'NONE',  ( 0.0000000000000000000, -1.440390079079711300E-056, 1.000000000000000000 ) ) ;
#2557 = ORIENTED_EDGE ( 'NONE', *, *, #780, .F. ) ;
#2558 = CARTESIAN_POINT ( 'NONE',  ( 0.8816504037844392600, 1.527063293868263100, 0.4739583333333791100 ) ) ;
#2559 = EDGE_LOOP ( 'NONE', ( #810, #2295, #580, #2455 ) ) ;
#2560 = CARTESIAN_POINT ( 'NONE',  ( 0.6785254037844392600, 1.175240473580835100, -2.229166666666666100 ) ) ;
#2561 = CARTESIAN_POINT ( 'NONE',  ( 1.763300807568877000, -3.239131034884752100E-016, -4.109374999999953800 ) ) ;
#2562 = EDGE_CURVE ( 'NONE', #2640, #2459, #2509, .T. ) ;
#2563 = DIRECTION ( 'NONE',  ( -0.0000000000000000000, 1.440390079079711300E-056, -1.000000000000000000 ) ) ;
#2564 = CARTESIAN_POINT ( 'NONE',  ( 0.0000000000000000000, 1.175240473580835300, -0.7499999999999988900 ) ) ;
#2565 = DIRECTION ( 'NONE',  ( -0.0000000000000000000, 1.440390079079711300E-056, -1.000000000000000000 ) ) ;
#2566 = ADVANCED_FACE ( 'NONE', ( #304 ), #1570, .F. ) ;
#2567 = PRODUCT_DEFINITION ( 'UNKNOWN', '', #2933, #2301 ) ;
#2568 = DIRECTION ( 'NONE',  ( 0.0000000000000000000, 1.000000000000000000, 0.0000000000000000000 ) ) ;
#2569 = CARTESIAN_POINT ( 'NONE',  ( -1.732050807568879200, 1.060575238724907800E-016, -2.874999999999956500 ) ) ;
#2570 = CARTESIAN_POINT ( 'NONE',  ( 1.322475605676657300, -0.7635316469341323400, 1.348958333333379000 ) ) ;
#2571 = CARTESIAN_POINT ( 'NONE',  ( -0.6785254037844388200, -1.175240473580835300, -2.479166666666665600 ) ) ;
#2572 = CARTESIAN_POINT ( 'NONE',  ( -0.8660254037844378200, -1.500000000000005100, -0.2291666666667081200 ) ) ;
#2573 = CARTESIAN_POINT ( 'NONE',  ( -1.017788105676658000, -0.5876202367904174200, -3.583333333333332600 ) ) ;
#2574 = CARTESIAN_POINT ( 'NONE',  ( -1.017788105676657800, 0.5876202367904177500, -3.104166666666665600 ) ) ;
#2575 = CARTESIAN_POINT ( 'NONE',  ( -0.6785254037844383700, 1.175240473580835500, -1.208333333333332600 ) ) ;
#2576 = PLANE ( 'NONE',  #1656 ) ;
#2577 = CARTESIAN_POINT ( 'NONE',  ( -1.017788105676658000, -0.5876202367904174200, 0.9166666666666671800 ) ) ;
#2578 = CARTESIAN_POINT ( 'NONE',  ( -1.827451964197215600E-016, -1.492227771688587200, -4.183012701892241800 ) ) ;
#2579 = CARTESIAN_POINT ( 'NONE',  ( 1.322475605676657300, -0.7635316469341323400, -1.151041666666620600 ) ) ;
#2580 = CARTESIAN_POINT ( 'NONE',  ( 0.8660254037844433700, -1.499999999999994400, -3.645833333333375200 ) ) ;
#2581 = CONICAL_SURFACE ( 'NONE', #1269, 2.600000000000000100, 0.7853981633974482800 ) ;
#2582 = CARTESIAN_POINT ( 'NONE',  ( -1.836970198721031400E-016, -1.500000000000001300, 0.8124999999999582600 ) ) ;
#2583 = EDGE_CURVE ( 'NONE', #21, #2813, #337, .T. ) ;
#2584 = CARTESIAN_POINT ( 'NONE',  ( 0.6785254037844380400, -1.175240473580835700, -3.458333333333332100 ) ) ;
#2585 = CYLINDRICAL_SURFACE ( 'NONE', #2179, 1.500000000000001300 ) ;
#2586 = CARTESIAN_POINT ( 'NONE',  ( 0.0000000000000000000, -6.481755355858701300E-056, 4.500000000000000900 ) ) ;
#2587 = CARTESIAN_POINT ( 'NONE',  ( -1.357050807568877000, 8.309539638847779000E-017, -0.1249999999999992500 ) ) ;
#2588 = CARTESIAN_POINT ( 'NONE',  ( 0.0000000000000000000, 4.321170237239132100E-056, 1.500000000000001300 ) ) ;
#2589 = ORIENTED_EDGE ( 'NONE', *, *, #2082, .F. ) ;
#2590 = CARTESIAN_POINT ( 'NONE',  ( 1.299038105676659800, 0.7499999999999995600, -0.08333333333328935000 ) ) ;
#2591 = CARTESIAN_POINT ( 'NONE',  ( 0.0000000000000000000, 1.527063293868263300, -0.4843749999999535900 ) ) ;
#2592 = ORIENTED_EDGE ( 'NONE', *, *, #829, .T. ) ;
#2593 = CARTESIAN_POINT ( 'NONE',  ( -1.017788105676657800, 0.5876202367904177500, -1.604166666666665600 ) ) ;
#2594 = CARTESIAN_POINT ( 'NONE',  ( -1.836970198721031200E-016, -1.500000000000001600, -2.749999999999956500 ) ) ;
#2595 = ORIENTED_EDGE ( 'NONE', *, *, #1480, .F. ) ;
#2596 = CARTESIAN_POINT ( 'NONE',  ( -1.439254484199189400E-016, -1.175240473580835300, 1.562500000000000400 ) ) ;
#2597 = CARTESIAN_POINT ( 'NONE',  ( 0.0000000000000000000, 1.175240473580835300, -4.187499999999998200 ) ) ;
#2598 = CARTESIAN_POINT ( 'NONE',  ( -0.6785254037844388200, -1.175240473580835300, 0.4583333333333340900 ) ) ;
#2599 = ORIENTED_EDGE ( 'NONE', *, *, #2540, .T. ) ;
#2600 = ORIENTED_EDGE ( 'NONE', *, *, #42, .T. ) ;
#2601 = CARTESIAN_POINT ( 'NONE',  ( 0.0000000000000000000, 1.296351071171740300E-055, -4.500000000000000900 ) ) ;
#2602 = ORIENTED_EDGE ( 'NONE', *, *, #1601, .T. ) ;
#2603 = CARTESIAN_POINT ( 'NONE',  ( -1.299038105676659300, 0.7500000000000008900, 1.145833333333291100 ) ) ;
#2604 = CARTESIAN_POINT ( 'NONE',  ( -1.870113174931182600E-016, -1.527063293868263300, 0.7656250000000457400 ) ) ;
#2605 = DIRECTION ( 'NONE',  ( -0.0000000000000000000, 1.440390079079711300E-056, -1.000000000000000000 ) ) ;
#2606 = CARTESIAN_POINT ( 'NONE',  ( 1.732050807568879200, -3.181725716174723500E-016, -2.624999999999956500 ) ) ;
#2607 = CARTESIAN_POINT ( 'NONE',  ( 0.6785254037844392600, 1.175240473580835100, -3.791666666666665600 ) ) ;
#2608 = CARTESIAN_POINT ( 'NONE',  ( -1.439254484199189400E-016, -1.175240473580835300, -3.437499999999998700 ) ) ;
#2609 = CARTESIAN_POINT ( 'NONE',  ( -1.017788105676658000, -0.5876202367904174200, -1.083333333333332400 ) ) ;
#2610 = CARTESIAN_POINT ( 'NONE',  ( 0.0000000000000000000, 4.321170237239135700E-056, 1.499999999999999600 ) ) ;
#2611 = ORIENTED_EDGE ( 'NONE', *, *, #532, .F. ) ;
#2612 = CC_DESIGN_APPROVAL ( #2031, ( #2567 ) ) ;
#2613 = DIRECTION ( 'NONE',  ( -0.0000000000000000000, 1.440390079079711300E-056, -1.000000000000000000 ) ) ;
#2614 = CARTESIAN_POINT ( 'NONE',  ( -1.322475605676657800, 0.7635316469341318900, 1.598958333333379200 ) ) ;
#2615 =( BOUNDED_CURVE ( )  B_SPLINE_CURVE ( 2, ( #1595, #622, #2544, #2075, #1560, #591, #1119 ),
 .UNSPECIFIED., .F., .F. ) 
 B_SPLINE_CURVE_WITH_KNOTS ( ( 3, 2, 2, 3 ),
 ( 0.3461538461538461500, 0.3589743589743589800, 0.3717948717948718600, 0.3846153846153846900 ),
 .UNSPECIFIED. ) 
 CURVE ( )  GEOMETRIC_REPRESENTATION_ITEM ( )  RATIONAL_B_SPLINE_CURVE ( ( 1.000000000000000000, 0.8660254037844387100, 1.000000000000000000, 0.8660254037844387100, 1.000000000000000000, 0.8660254037844381500, 1.000000000000000700 ) ) 
 REPRESENTATION_ITEM ( '' )  );
#2616 = CARTESIAN_POINT ( 'NONE',  ( 1.017788105676657600, -0.5876202367904181900, -0.3541666666666658500 ) ) ;
#2617 = CARTESIAN_POINT ( 'NONE',  ( 1.250000000000000000, -0.7216878364870316100, 2.500000000000000400 ) ) ;
#2618 = AXIS2_PLACEMENT_3D ( 'NONE', #285, #294, #2236 ) ;
#2619 = CARTESIAN_POINT ( 'NONE',  ( 1.357050807568877000, -2.492861891654333800E-016, -2.874999999999999100 ) ) ;
#2620 = CARTESIAN_POINT ( 'NONE',  ( -1.439254484199189400E-016, -1.175240473580835300, -2.937499999999999100 ) ) ;
#2621 = CARTESIAN_POINT ( 'NONE',  ( 0.8816504037844392600, 1.527063293868263100, -4.494791666666711400 ) ) ;
#2622 = DIRECTION ( 'NONE',  ( 0.0000000000000000000, -1.000000000000000000, 0.0000000000000000000 ) ) ;
#2623 = FACE_OUTER_BOUND ( 'NONE', #2555, .T. ) ;
#2624 = CARTESIAN_POINT ( 'NONE',  ( 0.0000000000000000000, 0.0000000000000000000, 4.500000000000000900 ) ) ;
#2625 = CYLINDRICAL_SURFACE ( 'NONE', #109, 1.500000000000001300 ) ;
#2626 = CARTESIAN_POINT ( 'NONE',  ( 1.357050807568877000, -2.492861891654333800E-016, -4.312499999999998200 ) ) ;
#2627 = CARTESIAN_POINT ( 'NONE',  ( 2.601386614715550700E-011, -1.467524047359158600, 1.331250000000621100 ) ) ;
#2628 = EDGE_CURVE ( 'NONE', #1639, #3028, #3013, .T. ) ;
#2629 = CARTESIAN_POINT ( 'NONE',  ( 1.017788105676657600, -0.5876202367904181900, -1.416666666666665900 ) ) ;
#2630 = ORIENTED_EDGE ( 'NONE', *, *, #649, .F. ) ;
#2631 = CARTESIAN_POINT ( 'NONE',  ( -1.017788105676658000, -0.5876202367904174200, -1.020833333333332400 ) ) ;
#2632 = CARTESIAN_POINT ( 'NONE',  ( 1.322475605676658400, 0.7635316469341306700, -4.036458333333378300 ) ) ;
#2633 = CARTESIAN_POINT ( 'NONE',  ( -1.221885773272347600, -0.7696440873589058800, -4.234106850905592800 ) ) ;
#2634 =( BOUNDED_CURVE ( )  B_SPLINE_CURVE ( 2, ( #1323, #2299, #2765, #1080, #1126, #372, #138 ),
 .UNSPECIFIED., .F., .F. ) 
 B_SPLINE_CURVE_WITH_KNOTS ( ( 3, 2, 2, 3 ),
 ( 0.6923076923076922900, 0.7051282051282050700, 0.7179487179487179500, 0.7307692307692308400 ),
 .UNSPECIFIED. ) 
 CURVE ( )  GEOMETRIC_REPRESENTATION_ITEM ( )  RATIONAL_B_SPLINE_CURVE ( ( 1.000000000000000000, 0.8660254037844386000, 1.000000000000000000, 0.8660254037844386000, 1.000000000000000000, 0.8660254037844386000, 1.000000000000000000 ) ) 
 REPRESENTATION_ITEM ( '' )  );
#2635 = CLOSED_SHELL ( 'NONE', ( #97, #1107, #1785, #2336, #814, #1612, #2316, #1056, #2958, #2096, #845, #575, #335, #2973, #2980, #1373, #58, #2735, #2795, #1800, #775, #163, #896, #825, #2080, #535, #1356, #2714, #3018, #1845, #1073, #1562, #2372, #2507, #623, #383, #2524, #2566, #2486, #2749, #2695, #1756, #1506, #2022, #2116, #1293, #2262, #2473, #1014, #326, #874, #3047 ) ) ;
#2636 = CARTESIAN_POINT ( 'NONE',  ( 0.0000000000000000000, 4.321170237239132100E-056, 1.500000000000001300 ) ) ;
#2637 = CARTESIAN_POINT ( 'NONE',  ( -1.017788105676658000, -0.5876202367904174200, -3.020833333333332600 ) ) ;
#2638 = VERTEX_POINT ( 'NONE', #2121 ) ;
#2639 = CARTESIAN_POINT ( 'NONE',  ( 0.6785254037844391500, 1.175240473580835100, -2.791666666666665600 ) ) ;
#2640 = VERTEX_POINT ( 'NONE', #2661 ) ;
#2641 = CARTESIAN_POINT ( 'NONE',  ( 1.017788105676657600, -0.5876202367904181900, -0.8541666666666658500 ) ) ;
#2642 = CARTESIAN_POINT ( 'NONE',  ( -1.439254484199189400E-016, -1.175240473580835300, 1.500000000000000400 ) ) ;
#2643 = CARTESIAN_POINT ( 'NONE',  ( -0.3719065127034318900, 1.307860721687135600, -4.328066811752295400 ) ) ;
#2644 = CARTESIAN_POINT ( 'NONE',  ( 0.8660254037844380400, 1.500000000000004700, -3.541666666666622600 ) ) ;
#2645 = CARTESIAN_POINT ( 'NONE',  ( 1.763300807568877000, -3.239131034884752100E-016, 1.890625000000046000 ) ) ;
#2646 = EDGE_CURVE ( 'NONE', #735, #320, #29, .T. ) ;
#2647 = CARTESIAN_POINT ( 'NONE',  ( 0.6785254037844380400, -1.175240473580835700, 0.1041666666666673400 ) ) ;
#2648 = CARTESIAN_POINT ( 'NONE',  ( 1.357050807568876700, -2.492861891654333800E-016, -4.374999999999999100 ) ) ;
#2649 = CARTESIAN_POINT ( 'NONE',  ( -0.6785254037844383700, 1.175240473580835500, -1.208333333333332600 ) ) ;
#2650 = CARTESIAN_POINT ( 'NONE',  ( 0.6785254037844391500, 1.175240473580835100, -0.2291666666666657100 ) ) ;
#2651 = CARTESIAN_POINT ( 'NONE',  ( 0.0000000000000000000, 1.175240473580835300, 0.7500000000000006700 ) ) ;
#2652 = CARTESIAN_POINT ( 'NONE',  ( -1.414576763332256600, 0.03070829040918872700, -4.263400086791193600 ) ) ;
#2653 = CARTESIAN_POINT ( 'NONE',  ( 0.0000000000000000000, 1.500000000000001300, 0.5624999999999579200 ) ) ;
#2654 = CARTESIAN_POINT ( 'NONE',  ( -1.017788105676657800, 0.5876202367904177500, -4.604166666666665200 ) ) ;
#2655 = CARTESIAN_POINT ( 'NONE',  ( -1.357050807568876700, 8.309539638847779000E-017, -3.124999999999999100 ) ) ;
#2656 = PERSON_AND_ORGANIZATION ( #1474, #2799 ) ;
#2657 = CARTESIAN_POINT ( 'NONE',  ( 0.6785254037844392600, 1.175240473580835100, -0.7916666666666663000 ) ) ;
#2658 = CIRCLE ( 'NONE', #2468, 1.650000000000001700 ) ;
#2659 = CARTESIAN_POINT ( 'NONE',  ( -1.357050807568876700, 8.309539638847779000E-017, -1.562499999999999100 ) ) ;
#2660 = CARTESIAN_POINT ( 'NONE',  ( 0.6785254037844392600, 1.175240473580835100, 0.7083333333333341500 ) ) ;
#2661 = CARTESIAN_POINT ( 'NONE',  ( 3.367778697655221000E-016, -2.750000000000000000, 4.350000000000001400 ) ) ;
#2662 = CYLINDRICAL_SURFACE ( 'NONE', #2014, 1.500000000000001300 ) ;
#2663 = DIRECTION ( 'NONE',  ( -0.0000000000000000000, 1.440390079079711300E-056, -1.000000000000000000 ) ) ;
#2664 = CARTESIAN_POINT ( 'NONE',  ( -0.6785254037844388200, -1.175240473580835300, -1.479166666666665400 ) ) ;
#2665 = CONICAL_SURFACE ( 'NONE', #856, 2.750000000000000000, 0.7853981633974511700 ) ;
#2666 = CARTESIAN_POINT ( 'NONE',  ( -0.8660254037844417100, 1.499999999999997800, -2.458333333333290000 ) ) ;
#2667 = ORIENTED_EDGE ( 'NONE', *, *, #448, .F. ) ;
#2668 = CARTESIAN_POINT ( 'NONE',  ( -0.6785254037844388200, -1.175240473580835300, -1.541666666666665600 ) ) ;
#2669 = CARTESIAN_POINT ( 'NONE',  ( -1.357050807568876700, 8.309539638847779000E-017, -0.06249999999999918800 ) ) ;
#2670 = CARTESIAN_POINT ( 'NONE',  ( -1.763300807568877000, 1.079710344961584000E-016, -3.328125000000044900 ) ) ;
#2671 = VERTEX_POINT ( 'NONE', #1143 ) ;
#2672 = CARTESIAN_POINT ( 'NONE',  ( 0.0000000000000000000, 1.500000000000001600, -1.999999999999955800 ) ) ;
#2673 = ORIENTED_EDGE ( 'NONE', *, *, #448, .T. ) ;
#2674 = CARTESIAN_POINT ( 'NONE',  ( -1.017788105676657800, 0.5876202367904177500, -0.1041666666666656000 ) ) ;
#2675 = CARTESIAN_POINT ( 'NONE',  ( -1.836970198721031400E-016, -1.500000000000001300, -2.187500000000041700 ) ) ;
#2676 = ORIENTED_EDGE ( 'NONE', *, *, #1399, .F. ) ;
#2677 = CARTESIAN_POINT ( 'NONE',  ( 0.0000000000000000000, 1.500000000000001600, -0.9999999999999560400 ) ) ;
#2678 = CARTESIAN_POINT ( 'NONE',  ( 1.357050807568876700, -2.492861891654333800E-016, 0.6875000000000006700 ) ) ;
#2679 = CARTESIAN_POINT ( 'NONE',  ( 1.322475605676657300, -0.7635316469341323400, -2.619791666666711400 ) ) ;
#2680 = CARTESIAN_POINT ( 'NONE',  ( 0.4411683727725309600, -1.314894768587106200, -4.292644089658640600 ) ) ;
#2681 = CARTESIAN_POINT ( 'NONE',  ( -0.8660254037844417100, 1.499999999999997800, -3.458333333333290400 ) ) ;
#2682 = CARTESIAN_POINT ( 'NONE',  ( -1.017788105676658000, -0.5876202367904174200, -4.020833333333332100 ) ) ;
#2683 = CARTESIAN_POINT ( 'NONE',  ( -1.017788105676657800, 0.5876202367904177500, -2.604166666666665600 ) ) ;
#2684 = EDGE_CURVE ( 'NONE', #2226, #3028, #644, .T. ) ;
#2685 = ORIENTED_EDGE ( 'NONE', *, *, #1254, .F. ) ;
#2686 = CARTESIAN_POINT ( 'NONE',  ( 1.017788105676657600, -0.5876202367904181900, 0.6458333333333341500 ) ) ;
#2687 = CARTESIAN_POINT ( 'NONE',  ( 1.357050807568876700, -2.492861891654333800E-016, -0.3749999999999994400 ) ) ;
#2688 = CARTESIAN_POINT ( 'NONE',  ( -1.357050807568876700, 8.309539638847779000E-017, 0.9375000000000008900 ) ) ;
#2689 = CARTESIAN_POINT ( 'NONE',  ( -1.322475605676657800, -0.7635316469341314500, -1.786458333333377700 ) ) ;
#2690 = CARTESIAN_POINT ( 'NONE',  ( -1.836970198721031200E-016, -1.500000000000001600, 0.7500000000000431900 ) ) ;
#2691 = AXIS2_PLACEMENT_3D ( 'NONE', #2717, #2953, #59 ) ;
#2692 = LOCAL_TIME ( 8, 39, 44.00000000000000000, #2881 ) ;
#2693 = VECTOR ( 'NONE', #978, 1000.000000000000000 ) ;
#2694 = CARTESIAN_POINT ( 'NONE',  ( 0.6785254037844392600, 1.175240473580835100, -2.229166666666666100 ) ) ;
#2695 = ADVANCED_FACE ( 'NONE', ( #2841 ), #248, .F. ) ;
#2696 = CARTESIAN_POINT ( 'NONE',  ( -0.6785254037844388200, -1.175240473580835300, 1.020833333333334600 ) ) ;
#2697 = CARTESIAN_POINT ( 'NONE',  ( 0.0000000000000000000, 1.175240473580835300, -1.749999999999998900 ) ) ;
#2698 = CIRCLE ( 'NONE', #3117, 1.650000000000001700 ) ;
#2699 = CARTESIAN_POINT ( 'NONE',  ( 0.6785254037844380400, -1.175240473580835700, 0.04166666666666728900 ) ) ;
#2700 = CARTESIAN_POINT ( 'NONE',  ( -0.8816504037844389300, -1.527063293868263100, -2.244791666666710900 ) ) ;
#2701 = DIRECTION ( 'NONE',  ( 0.0000000000000000000, 1.000000000000000000, 0.0000000000000000000 ) ) ;
#2702 = ORIENTED_EDGE ( 'NONE', *, *, #2796, .T. ) ;
#2703 = VECTOR ( 'NONE', #854, 1000.000000000000000 ) ;
#2704 = EDGE_CURVE ( 'NONE', #2813, #1921, #1451, .T. ) ;
#2705 = CARTESIAN_POINT ( 'NONE',  ( 0.0000000000000000000, 1.296351071171740300E-055, -4.500000000000000900 ) ) ;
#2706 = CARTESIAN_POINT ( 'NONE',  ( -0.6785254037844383700, 1.175240473580835500, -3.645833333333332600 ) ) ;
#2707 = CARTESIAN_POINT ( 'NONE',  ( 1.017788105676658200, 0.5876202367904167500, -0.2708333333333321500 ) ) ;
#2708 = EDGE_LOOP ( 'NONE', ( #2991, #2818, #1124, #878 ) ) ;
#2709 = DIRECTION ( 'NONE',  ( -0.0000000000000000000, 1.440390079079711300E-056, -1.000000000000000000 ) ) ;
#2710 = CARTESIAN_POINT ( 'NONE',  ( -1.017788105676658000, -0.5876202367904174200, -2.583333333333332600 ) ) ;
#2711 = VERTEX_POINT ( 'NONE', #1671 ) ;
#2712 = CARTESIAN_POINT ( 'NONE',  ( -0.3547962127284252600, -1.418527198665500800, 1.321987035884579800 ) ) ;
#2713 = CARTESIAN_POINT ( 'NONE',  ( -1.322475605676657800, 0.7635316469341318900, -0.8697916666667113700 ) ) ;
#2714 = ADVANCED_FACE ( 'NONE', ( #496 ), #989, .T. ) ;
#2715 = VERTEX_POINT ( 'NONE', #1488 ) ;
#2716 = DIRECTION ( 'NONE',  ( -0.0000000000000000000, -0.0000000000000000000, 1.000000000000000000 ) ) ;
#2717 = CARTESIAN_POINT ( 'NONE',  ( 0.0000000000000000000, 4.537228749101089300E-056, 1.350000000000001400 ) ) ;
#2718 = CARTESIAN_POINT ( 'NONE',  ( -0.6785254037844382600, 1.175240473580835300, -0.7083333333333324800 ) ) ;
#2719 = CARTESIAN_POINT ( 'NONE',  ( -1.360136390170426600, -0.1759721134138573800, 1.274116922831773900 ) ) ;
#2720 = CARTESIAN_POINT ( 'NONE',  ( -0.8816504037844389300, -1.527063293868263100, 0.7552083333332891800 ) ) ;
#2721 = CARTESIAN_POINT ( 'NONE',  ( 0.08293103221950348700, -1.178469053734936900, -4.496771419845896600 ) ) ;
#2722 = CARTESIAN_POINT ( 'NONE',  ( -1.357050807568877000, 8.309539638847779000E-017, 0.9375000000000008900 ) ) ;
#2723 = EDGE_CURVE ( 'NONE', #963, #2342, #352, .T. ) ;
#2724 = CARTESIAN_POINT ( 'NONE',  ( 1.357050807568876700, -2.492861891654333800E-016, -1.374999999999999100 ) ) ;
#2725 = PLANE ( 'NONE',  #2361 ) ;
#2726 = CARTESIAN_POINT ( 'NONE',  ( -0.8816504037844389300, -1.527063293868263100, -0.2447916666667108200 ) ) ;
#2727 = LINE ( 'NONE', #64, #2211 ) ;
#2728 = CARTESIAN_POINT ( 'NONE',  ( 0.0000000000000000000, 2.750000000000000000, -4.500000000000000900 ) ) ;
#2729 = CARTESIAN_POINT ( 'NONE',  ( -1.357050807568877000, 8.309539638847779000E-017, 0.4375000000000012200 ) ) ;
#2730 = CONICAL_SURFACE ( 'NONE', #2444, 1.175240473580835300, 0.7853981633974463900 ) ;
#2731 = DIRECTION ( 'NONE',  ( -0.0000000000000000000, 1.440390079079711300E-056, -1.000000000000000000 ) ) ;
#2732 = LINE ( 'NONE', #1235, #1465 ) ;
#2733 = CARTESIAN_POINT ( 'NONE',  ( -1.836970198721031400E-016, -1.500000000000001300, -1.187500000000042000 ) ) ;
#2734 = CARTESIAN_POINT ( 'NONE',  ( 1.763300807568877000, -3.239131034884752100E-016, 1.421874999999955600 ) ) ;
#2735 = ADVANCED_FACE ( 'NONE', ( #3 ), #1648, .T. ) ;
#2736 = ORIENTED_EDGE ( 'NONE', *, *, #2046, .T. ) ;
#2737 = CARTESIAN_POINT ( 'NONE',  ( 1.101961889306220600, -0.5704293874116385100, -4.445218793993592300 ) ) ;
#2738 = EDGE_CURVE ( 'NONE', #21, #2864, #1229, .T. ) ;
#2739 = DIRECTION ( 'NONE',  ( -0.0000000000000000000, 1.440390079079711300E-056, -1.000000000000000000 ) ) ;
#2740 = ORIENTED_EDGE ( 'NONE', *, *, #1522, .T. ) ;
#2741 = CARTESIAN_POINT ( 'NONE',  ( -0.8660254037844398200, -1.500000000000001100, -1.291666666666622800 ) ) ;
#2742 = EDGE_LOOP ( 'NONE', ( #281, #1585, #684, #1514 ) ) ;
#2743 = CARTESIAN_POINT ( 'NONE',  ( 0.6785254037844380400, -1.175240473580835500, 0.5416666666666677400 ) ) ;
#2744 = CARTESIAN_POINT ( 'NONE',  ( -1.870113174931182600E-016, -1.527063293868263300, -3.734374999999953800 ) ) ;
#2745 = EDGE_LOOP ( 'NONE', ( #2592, #1207, #821, #619 ) ) ;
#2746 = CARTESIAN_POINT ( 'NONE',  ( 1.322475605676657300, -0.7635316469341323400, -0.6197916666667111500 ) ) ;
#2747 = CARTESIAN_POINT ( 'NONE',  ( 1.357050807568877000, -2.492861891654333800E-016, -2.874999999999999100 ) ) ;
#2748 = CARTESIAN_POINT ( 'NONE',  ( -0.6785254037844388200, -1.175240473580835300, 1.520833333333334100 ) ) ;
#2749 = ADVANCED_FACE ( 'NONE', ( #377 ), #763, .F. ) ;
#2750 = CARTESIAN_POINT ( 'NONE',  ( -0.6785254037844388200, -1.175240473580835100, 0.4583333333333340400 ) ) ;
#2751 = CARTESIAN_POINT ( 'NONE',  ( 0.8816504037844380400, -1.527063293868264000, -2.692708333333286900 ) ) ;
#2752 = CARTESIAN_POINT ( 'NONE',  ( -0.6785254037844388200, -1.175240473580835300, 0.4583333333333340900 ) ) ;
#2753 = CARTESIAN_POINT ( 'NONE',  ( 1.322475605676658400, 0.7635316469341306700, -0.03645833333337789000 ) ) ;
#2754 = EDGE_CURVE ( 'NONE', #1849, #2938, #568, .T. ) ;
#2755 = CARTESIAN_POINT ( 'NONE',  ( -1.439254484199189400E-016, -1.175240473580835300, -4.499999999999999100 ) ) ;
#2756 =( BOUNDED_CURVE ( )  B_SPLINE_CURVE ( 2, ( #2368, #136, #2086, #2569, #1878, #1617, #904 ),
 .UNSPECIFIED., .F., .F. ) 
 B_SPLINE_CURVE_WITH_KNOTS ( ( 3, 2, 2, 3 ),
 ( 0.2307692307692307800, 0.2435897435897435800, 0.2564102564102563900, 0.2692307692307692200 ),
 .UNSPECIFIED. ) 
 CURVE ( )  GEOMETRIC_REPRESENTATION_ITEM ( )  RATIONAL_B_SPLINE_CURVE ( ( 1.000000000000000000, 0.8660254037844387100, 1.000000000000000000, 0.8660254037844387100, 1.000000000000000000, 0.8660254037844387100, 1.000000000000000000 ) ) 
 REPRESENTATION_ITEM ( '' )  );
#2757 = DIRECTION ( 'NONE',  ( -0.0000000000000000000, 1.440390079079711300E-056, -1.000000000000000000 ) ) ;
#2758 = ORIENTED_EDGE ( 'NONE', *, *, #1043, .F. ) ;
#2759 = CARTESIAN_POINT ( 'NONE',  ( 1.017788105676657600, -0.5876202367904181900, -2.416666666666666100 ) ) ;
#2760 = CARTESIAN_POINT ( 'NONE',  ( 0.0000000000000000000, 1.500000000000001600, -0.4999999999999560900 ) ) ;
#2761 = COORDINATED_UNIVERSAL_TIME_OFFSET ( 6, 0, .BEHIND. ) ;
#2762 = CARTESIAN_POINT ( 'NONE',  ( 0.6785254037844380400, -1.175240473580835500, 0.04166666666666727500 ) ) ;
#2763 = VECTOR ( 'NONE', #2969, 1000.000000000000000 ) ;
#2764 = CARTESIAN_POINT ( 'NONE',  ( -1.322475605676657800, 0.7635316469341318900, -1.401041666666620300 ) ) ;
#2765 = CARTESIAN_POINT ( 'NONE',  ( 1.299038105676659600, 0.7499999999999995600, -3.020833333333375200 ) ) ;
#2766 = FACE_OUTER_BOUND ( 'NONE', #1041, .T. ) ;
#2767 = CARTESIAN_POINT ( 'NONE',  ( 0.0000000000000000000, 1.527063293868263300, -3.984374999999953400 ) ) ;
#2768 = LINE ( 'NONE', #367, #1194 ) ;
#2769 =( GEOMETRIC_REPRESENTATION_CONTEXT ( 3 ) GLOBAL_UNCERTAINTY_ASSIGNED_CONTEXT ( ( #1363 ) ) GLOBAL_UNIT_ASSIGNED_CONTEXT ( ( #90, #827, #357 ) ) REPRESENTATION_CONTEXT ( 'NONE', 'WORKASPACE' ) );
#2770 = CARTESIAN_POINT ( 'NONE',  ( 1.017788105676658200, 0.5876202367904167500, -3.833333333333332100 ) ) ;
#2771 = CARTESIAN_POINT ( 'NONE',  ( -1.299038105676659300, 0.7500000000000008900, -0.4166666666666232800 ) ) ;
#2772 = VERTEX_POINT ( 'NONE', #256 ) ;
#2773 = ORIENTED_EDGE ( 'NONE', *, *, #2704, .F. ) ;
#2774 = CARTESIAN_POINT ( 'NONE',  ( 0.0000000000000000000, 1.500000000000001300, -2.937500000000041700 ) ) ;
#2775 = CARTESIAN_POINT ( 'NONE',  ( -0.8816504037844382600, 1.527063293868263300, -3.442708333333287300 ) ) ;
#2776 = ORIENTED_EDGE ( 'NONE', *, *, #66, .F. ) ;
#2777 = CARTESIAN_POINT ( 'NONE',  ( 1.732050807568879200, -3.181725716174723500E-016, 0.3750000000000438500 ) ) ;
#2778 = CARTESIAN_POINT ( 'NONE',  ( 1.183635049173452200, -0.05379554018605665200, 1.162499999999998500 ) ) ;
#2779 = VERTEX_POINT ( 'NONE', #2910 ) ;
#2780 = CARTESIAN_POINT ( 'NONE',  ( 0.6785254037844392600, 1.175240473580835100, 1.270833333333333700 ) ) ;
#2781 = EDGE_CURVE ( 'NONE', #1354, #2815, #1120, .T. ) ;
#2782 = CARTESIAN_POINT ( 'NONE',  ( 1.049523301869558900, 0.5288582131113454000, 1.162499999999999000 ) ) ;
#2783 = CARTESIAN_POINT ( 'NONE',  ( -1.017788105676658000, -0.5876202367904174200, -4.583333333333332100 ) ) ;
#2784 = EDGE_LOOP ( 'NONE', ( #469, #2190, #2151, #424 ) ) ;
#2785 = CARTESIAN_POINT ( 'NONE',  ( 0.0000000000000000000, 1.175240473580835300, 1.750000000000000700 ) ) ;
#2786 = CARTESIAN_POINT ( 'NONE',  ( 0.8816504037844392600, 1.527063293868263100, -3.026041666666620300 ) ) ;
#2787 = CARTESIAN_POINT ( 'NONE',  ( 0.6785254037844392600, 1.175240473580835100, -1.229166666666665900 ) ) ;
#2788 = CARTESIAN_POINT ( 'NONE',  ( 0.8660254037844403700, 1.500000000000001300, -3.479166666666709200 ) ) ;
#2789 = DIRECTION ( 'NONE',  ( -0.8660254037844384900, -0.5000000000000001100, 0.0000000000000000000 ) ) ;
#2790 = CARTESIAN_POINT ( 'NONE',  ( -1.357050807568877000, 8.309539638847779000E-017, -4.624999999999999100 ) ) ;
#2791 = DIRECTION ( 'NONE',  ( 0.0000000000000000000, 1.000000000000000000, 1.440390079079711300E-056 ) ) ;
#2792 = CARTESIAN_POINT ( 'NONE',  ( -1.836970198721031400E-016, -1.500000000000001300, 1.312499999999957800 ) ) ;
#2793 = CARTESIAN_POINT ( 'NONE',  ( -1.763300807568877000, 1.079710344961584000E-016, 0.1406250000000461000 ) ) ;
#2794 =( BOUNDED_CURVE ( )  B_SPLINE_CURVE ( 2, ( #1338, #2084, #2344, #1638, #643, #2355, #191 ),
 .UNSPECIFIED., .F., .F. ) 
 B_SPLINE_CURVE_WITH_KNOTS ( ( 3, 2, 2, 3 ),
 ( 0.5384615384615384400, 0.5512820512820513200, 0.5641025641025642100, 0.5769230769230769800 ),
 .UNSPECIFIED. ) 
 CURVE ( )  GEOMETRIC_REPRESENTATION_ITEM ( )  RATIONAL_B_SPLINE_CURVE ( ( 1.000000000000000000, 0.8660254037844386000, 1.000000000000000000, 0.8660254037844386000, 1.000000000000000000, 0.8660254037844374900, 1.000000000000001100 ) ) 
 REPRESENTATION_ITEM ( '' )  );
#2795 = ADVANCED_FACE ( 'NONE', ( #3046 ), #1535, .T. ) ;
#2796 = EDGE_CURVE ( 'NONE', #2263, #1121, #2154, .T. ) ;
#2797 = CARTESIAN_POINT ( 'NONE',  ( 3.250046242802002900E-014, 1.251017696411964600, 1.206249999999995200 ) ) ;
#2798 = CARTESIAN_POINT ( 'NONE',  ( -0.6785254037844383700, 1.175240473580835500, -1.708333333333332600 ) ) ;
#2799 = ORGANIZATION ( 'UNSPECIFIED', 'UNSPECIFIED', '' ) ;
#2800 = CARTESIAN_POINT ( 'NONE',  ( -1.249999999999999800, -0.2534697143641936300, 4.198371151552880300 ) ) ;
#2801 = FACE_OUTER_BOUND ( 'NONE', #846, .T. ) ;
#2802 = CARTESIAN_POINT ( 'NONE',  ( 0.2433378840061835900, -1.480130627413471800, -4.175240473580833700 ) ) ;
#2803 = LINE ( 'NONE', #1116, #2178 ) ;
#2804 = CARTESIAN_POINT ( 'NONE',  ( 1.763300807568877000, -3.239131034884752100E-016, 1.390625000000046400 ) ) ;
#2805 = AXIS2_PLACEMENT_3D ( 'NONE', #781, #2709, #48 ) ;
#2806 = CARTESIAN_POINT ( 'NONE',  ( -0.6785254037844388200, -1.175240473580835300, -1.979166666666665400 ) ) ;
#2807 = CARTESIAN_POINT ( 'NONE',  ( 0.8660254037844388200, -1.500000000000002200, -1.208333333333289500 ) ) ;
#2808 = CARTESIAN_POINT ( 'NONE',  ( -0.8660254037844414800, 1.499999999999997800, -1.395833333333375200 ) ) ;
#2809 = CIRCLE ( 'NONE', #257, 2.600000000000000100 ) ;
#2810 = CARTESIAN_POINT ( 'NONE',  ( -0.6785254037844388200, -1.175240473580835300, -3.541666666666665600 ) ) ;
#2811 = AXIS2_PLACEMENT_3D ( 'NONE', #1954, #465, #2184 ) ;
#2812 = CARTESIAN_POINT ( 'NONE',  ( -1.439254484199189400E-016, -1.175240473580835300, -0.9999999999999991100 ) ) ;
#2813 = VERTEX_POINT ( 'NONE', #1512 ) ;
#2814 = DIRECTION ( 'NONE',  ( 0.0000000000000000000, 1.000000000000000000, 0.0000000000000000000 ) ) ;
#2815 = VERTEX_POINT ( 'NONE', #1801 ) ;
#2816 = CARTESIAN_POINT ( 'NONE',  ( -1.357050807568877000, 8.309539638847779000E-017, 0.8750000000000007800 ) ) ;
#2817 = CARTESIAN_POINT ( 'NONE',  ( 0.0000000000000000000, 1.527063293868263300, -0.9843749999999535900 ) ) ;
#2818 = ORIENTED_EDGE ( 'NONE', *, *, #1399, .T. ) ;
#2819 = CARTESIAN_POINT ( 'NONE',  ( 1.017788105676657600, -0.5876202367904181900, -1.854166666666665900 ) ) ;
#2820 = CARTESIAN_POINT ( 'NONE',  ( 1.732050807568879400, -3.181725716174723900E-016, -3.562500000000042200 ) ) ;
#2821 = ORIENTED_EDGE ( 'NONE', *, *, #3082, .F. ) ;
#2822 = CARTESIAN_POINT ( 'NONE',  ( 1.017788105676658200, 0.5876202367904167500, -4.333333333333332100 ) ) ;
#2823 = CARTESIAN_POINT ( 'NONE',  ( 1.017788105676657600, -0.5876202367904181900, -3.854166666666665600 ) ) ;
#2824 = CARTESIAN_POINT ( 'NONE',  ( -1.017788105676657800, 0.5876202367904177500, -0.1666666666666656600 ) ) ;
#2825 = DIRECTION ( 'NONE',  ( 0.0000000000000000000, 1.000000000000000000, 0.0000000000000000000 ) ) ;
#2826 = CARTESIAN_POINT ( 'NONE',  ( 0.0000000000000000000, 1.500000000000001600, 4.348667151203577900E-014 ) ) ;
#2827 = CARTESIAN_POINT ( 'NONE',  ( -2.451811601272799100E-016, 1.443375672974063900, 4.391746824526945800 ) ) ;
#2828 = CARTESIAN_POINT ( 'NONE',  ( 1.763300807568877000, -3.239131034884752100E-016, -0.6093749999999537000 ) ) ;
#2829 = CARTESIAN_POINT ( 'NONE',  ( -1.017788105676658000, -0.5876202367904174200, -1.520833333333332400 ) ) ;
#2830 = PLANE ( 'NONE',  #1345 ) ;
#2831 = AXIS2_PLACEMENT_3D ( 'NONE', #2335, #324, #75 ) ;
#2832 = ORIENTED_EDGE ( 'NONE', *, *, #1443, .T. ) ;
#2833 = CARTESIAN_POINT ( 'NONE',  ( 1.017788105676658200, 0.5876202367904167500, -3.333333333333332100 ) ) ;
#2834 = CARTESIAN_POINT ( 'NONE',  ( -0.4805343592608563600, -1.175240473580835100, -4.467008497187472400 ) ) ;
#2835 = CARTESIAN_POINT ( 'NONE',  ( -1.357050807568877000, 8.309539638847779000E-017, -0.6249999999999988900 ) ) ;
#2836 = CARTESIAN_POINT ( 'NONE',  ( 0.0000000000000000000, 2.600000000000000100, 2.500000000000000400 ) ) ;
#2837 = CARTESIAN_POINT ( 'NONE',  ( 1.836970198721031400E-016, -1.500000000000001300, -4.500000000000000900 ) ) ;
#2838 = CARTESIAN_POINT ( 'NONE',  ( -0.8816504037844382600, 1.527063293868263300, 1.057291666666712500 ) ) ;
#2839 = PERSON_AND_ORGANIZATION ( #1474, #2799 ) ;
#2840 = CARTESIAN_POINT ( 'NONE',  ( -0.6785254037844388200, -1.175240473580835300, -0.9791666666666658500 ) ) ;
#2841 = FACE_OUTER_BOUND ( 'NONE', #1701, .T. ) ;
#2842 = CARTESIAN_POINT ( 'NONE',  ( 1.299038105676659600, 0.7499999999999995600, 0.9791666666666247700 ) ) ;
#2843 = EDGE_CURVE ( 'NONE', #2638, #2715, #2883, .T. ) ;
#2844 = CARTESIAN_POINT ( 'NONE',  ( 1.357050807568877000, -2.492861891654333800E-016, 1.687500000000000700 ) ) ;
#2845 = FACE_OUTER_BOUND ( 'NONE', #1814, .T. ) ;
#2846 = DIRECTION ( 'NONE',  ( -0.0000000000000000000, 1.440390079079711300E-056, -1.000000000000000000 ) ) ;
#2847 = CARTESIAN_POINT ( 'NONE',  ( 1.357050807568877000, -2.492861891654333800E-016, 0.6250000000000005600 ) ) ;
#2848 = DIRECTION ( 'NONE',  ( 0.8660254037844387100, -0.4999999999999999400, -7.201950395398555400E-057 ) ) ;
#2849 = CONICAL_SURFACE ( 'NONE', #681, 1.551628848447119000, 0.7853981633974500600 ) ;
#2850 = CARTESIAN_POINT ( 'NONE',  ( 0.0000000000000000000, 1.500000000000001300, -1.437500000000041500 ) ) ;
#2851 = CARTESIAN_POINT ( 'NONE',  ( -0.8660254037844394800, 1.500000000000001800, -0.8958333333333754500 ) ) ;
#2852 = ORIENTED_EDGE ( 'NONE', *, *, #1903, .T. ) ;
#2853 = CARTESIAN_POINT ( 'NONE',  ( 0.0000000000000000000, 1.175240473580835300, -3.687499999999999100 ) ) ;
#2854 = ORIENTED_EDGE ( 'NONE', *, *, #2738, .T. ) ;
#2855 = AXIS2_PLACEMENT_3D ( 'NONE', #444, #910, #218 ) ;
#2856 = CARTESIAN_POINT ( 'NONE',  ( -0.6785254037844383700, 1.175240473580835500, -0.1458333333333320100 ) ) ;
#2857 = CARTESIAN_POINT ( 'NONE',  ( 0.6841100080457834800, -1.334913291900116500, 1.350000000000001400 ) ) ;
#2858 = ORIENTED_EDGE ( 'NONE', *, *, #2493, .F. ) ;
#2859 = CARTESIAN_POINT ( 'NONE',  ( -1.017788105676657800, 0.5876202367904177500, -2.666666666666665600 ) ) ;
#2860 = CARTESIAN_POINT ( 'NONE',  ( 1.763300807568877000, -3.239131034884752100E-016, -4.578125000000043500 ) ) ;
#2861 = ORIENTED_EDGE ( 'NONE', *, *, #717, .F. ) ;
#2862 =( BOUNDED_CURVE ( )  B_SPLINE_CURVE ( 2, ( #2163, #434, #704, #2408, #679 ),
 .UNSPECIFIED., .F., .F. ) 
 B_SPLINE_CURVE_WITH_KNOTS ( ( 3, 2, 3 ),
 ( 0.8846153846153846900, 0.8974358974358974700, 0.9001730504156098000 ),
 .UNSPECIFIED. ) 
 CURVE ( )  GEOMETRIC_REPRESENTATION_ITEM ( )  RATIONAL_B_SPLINE_CURVE ( ( 0.9999999999999988900, 0.8660254037844398200, 1.000000000000000000, 0.9713967007114998600, 0.9550068919398306800 ) ) 
 REPRESENTATION_ITEM ( '' )  );
#2863 = DIRECTION ( 'NONE',  ( 0.0000000000000000000, 1.000000000000000000, 0.0000000000000000000 ) ) ;
#2864 = VERTEX_POINT ( 'NONE', #2013 ) ;
#2865 = CARTESIAN_POINT ( 'NONE',  ( 0.6785254037844380400, -1.175240473580835700, -4.395833333333332100 ) ) ;
#2866 = EDGE_CURVE ( 'NONE', #1467, #2640, #2366, .T. ) ;
#2867 = CARTESIAN_POINT ( 'NONE',  ( -1.439254484199189400E-016, -1.175240473580835300, -0.9374999999999991100 ) ) ;
#2868 = CARTESIAN_POINT ( 'NONE',  ( 0.4650522726716725400, -1.419093089601258100, 1.343508345514125000 ) ) ;
#2869 = CARTESIAN_POINT ( 'NONE',  ( 1.017788105676657600, -0.5876202367904181900, -0.4166666666666658500 ) ) ;
#2870 = CARTESIAN_POINT ( 'NONE',  ( -1.439254484199189400E-016, -1.175240473580835300, 0.06250000000000091600 ) ) ;
#2871 = CARTESIAN_POINT ( 'NONE',  ( -1.357050807568877000, 8.309539638847779000E-017, 1.375000000000000400 ) ) ;
#2872 = CARTESIAN_POINT ( 'NONE',  ( -1.406069951205867600, 0.1225691023330986500, -4.266848979815556200 ) ) ;
#2873 = CARTESIAN_POINT ( 'NONE',  ( 0.0000000000000000000, 1.500000000000001300, -1.937500000000041500 ) ) ;
#2874 = CARTESIAN_POINT ( 'NONE',  ( 0.0000000000000000000, 1.500000000000001300, -0.9375000000000417400 ) ) ;
#2875 = CARTESIAN_POINT ( 'NONE',  ( 0.0000000000000000000, 1.175240473580835300, -4.187499999999998200 ) ) ;
#2876 = CARTESIAN_POINT ( 'NONE',  ( 1.732050807568879400, -3.181725716174723900E-016, -4.062500000000042600 ) ) ;
#2877 = CARTESIAN_POINT ( 'NONE',  ( -1.357050807568876700, 8.309539638847779000E-017, -3.624999999999998700 ) ) ;
#2878 = CARTESIAN_POINT ( 'NONE',  ( -0.6785254037844388200, -1.175240473580835100, -0.4791666666666659600 ) ) ;
#2879 = CARTESIAN_POINT ( 'NONE',  ( -0.8816504037844382600, 1.527063293868263300, -3.911458333333378300 ) ) ;
#2880 = CARTESIAN_POINT ( 'NONE',  ( -1.732050807568879400, 1.060575238724908000E-016, 0.1874999999999584800 ) ) ;
#2881 = COORDINATED_UNIVERSAL_TIME_OFFSET ( 6, 0, .BEHIND. ) ;
#2882 = CARTESIAN_POINT ( 'NONE',  ( 0.0000000000000000000, 1.500000000000001600, -3.499999999999956000 ) ) ;
#2883 = LINE ( 'NONE', #10, #416 ) ;
#2884 = CARTESIAN_POINT ( 'NONE',  ( 1.017788105676657600, -0.5876202367904181900, -2.854166666666665600 ) ) ;
#2885 = CARTESIAN_POINT ( 'NONE',  ( -1.017788105676658000, -0.5876202367904174200, -4.083333333333332100 ) ) ;
#2886 = LINE ( 'NONE', #1762, #2098 ) ;
#2887 = EDGE_CURVE ( 'NONE', #1704, #159, #1725, .T. ) ;
#2888 = CARTESIAN_POINT ( 'NONE',  ( -0.6785254037844388200, -1.175240473580835300, -2.041666666666665600 ) ) ;
#2889 = CARTESIAN_POINT ( 'NONE',  ( 1.017788105676657600, -0.5876202367904181900, -1.354166666666665900 ) ) ;
#2890 = CARTESIAN_POINT ( 'NONE',  ( -1.439254484199189400E-016, -1.175240473580835300, 1.000000000000000900 ) ) ;
#2891 = ORIENTED_EDGE ( 'NONE', *, *, #2165, .F. ) ;
#2892 = CARTESIAN_POINT ( 'NONE',  ( 1.357050807568877000, -2.492861891654333800E-016, -3.812499999999999100 ) ) ;
#2893 = ORIENTED_EDGE ( 'NONE', *, *, #468, .T. ) ;
#2894 = CARTESIAN_POINT ( 'NONE',  ( -1.299038105676659300, -0.7500000000000004400, -2.333333333333289100 ) ) ;
#2895 = CARTESIAN_POINT ( 'NONE',  ( -0.6785254037844382600, 1.175240473580835300, -4.208333333333332100 ) ) ;
#2896 = ORIENTED_EDGE ( 'NONE', *, *, #1239, .T. ) ;
#2897 = VERTEX_POINT ( 'NONE', #2035 ) ;
#2898 = CARTESIAN_POINT ( 'NONE',  ( -1.017788105676657800, 0.5876202367904177500, -0.6666666666666660700 ) ) ;
#2899 = CARTESIAN_POINT ( 'NONE',  ( 0.6785254037844391500, 1.175240473580835100, -1.729166666666665900 ) ) ;
#2900 = CARTESIAN_POINT ( 'NONE',  ( 0.6785254037844380400, -1.175240473580835700, 1.541666666666667900 ) ) ;
#2901 = CARTESIAN_POINT ( 'NONE',  ( 1.732050807568879200, -3.181725716174723500E-016, -3.124999999999956000 ) ) ;
#2902 = ORIENTED_EDGE ( 'NONE', *, *, #2946, .T. ) ;
#2903 = CARTESIAN_POINT ( 'NONE',  ( 1.017788105676658200, 0.5876202367904167500, -4.270833333333332100 ) ) ;
#2904 = CARTESIAN_POINT ( 'NONE',  ( 0.0000000000000000000, 1.175240473580835300, -0.6874999999999988900 ) ) ;
#2905 = EDGE_CURVE ( 'NONE', #1074, #2711, #760, .T. ) ;
#2906 = CARTESIAN_POINT ( 'NONE',  ( 1.299038105676658900, -0.7500000000000013300, -4.104166666666707800 ) ) ;
#2907 = CARTESIAN_POINT ( 'NONE',  ( 1.017788105676658200, 0.5876202367904167500, -3.333333333333332100 ) ) ;
#2908 = CARTESIAN_POINT ( 'NONE',  ( 0.6785254037844380400, -1.175240473580835500, -1.395833333333332100 ) ) ;
#2909 = CARTESIAN_POINT ( 'NONE',  ( -1.322475605676657800, 0.7635316469341318900, -3.369791666666710900 ) ) ;
#2910 = CARTESIAN_POINT ( 'NONE',  ( 1.250000000000000200, -2.739288570032478800E-020, 4.198371151552882100 ) ) ;
#2911 = CARTESIAN_POINT ( 'NONE',  ( 1.836970198721031400E-016, -1.500000000000001300, -4.500000000000000900 ) ) ;
#2912 = CARTESIAN_POINT ( 'NONE',  ( 1.017788105676658200, 0.5876202367904167500, -3.270833333333332100 ) ) ;
#2913 = CARTESIAN_POINT ( 'NONE',  ( -1.017788105676657800, 0.5876202367904177500, -0.6041666666666660700 ) ) ;
#2914 = CARTESIAN_POINT ( 'NONE',  ( -0.6785254037844388200, -1.175240473580835300, 0.5208333333333341500 ) ) ;
#2915 = CARTESIAN_POINT ( 'NONE',  ( 0.0000000000000000000, -6.481755355858701300E-056, 4.500000000000000900 ) ) ;
#2916 = CARTESIAN_POINT ( 'NONE',  ( 1.017788105676657600, -0.5876202367904181900, -3.916666666666665600 ) ) ;
#2917 = B_SPLINE_CURVE_WITH_KNOTS ( 'NONE', 3,
 ( #2965, #1765, #2240, #299, #1023, #1533 ),
 .UNSPECIFIED., .F., .F.,
 ( 4, 2, 4 ),
 ( 1.588123783790560800E-016, 0.0004940339337817715800, 0.0009880678675633840100 ),
 .UNSPECIFIED. ) ;
#2918 = CYLINDRICAL_SURFACE ( 'NONE', #2291, 1.500000000000001300 ) ;
#2919 = CARTESIAN_POINT ( 'NONE',  ( 1.732050807568879400, -3.181725716174723900E-016, -1.562500000000041700 ) ) ;
#2920 = CARTESIAN_POINT ( 'NONE',  ( 1.763300807568877000, -3.239131034884752100E-016, -3.078125000000044400 ) ) ;
#2921 = CYLINDRICAL_SURFACE ( 'NONE', #2831, 1.500000000000001300 ) ;
#2922 = DIRECTION ( 'NONE',  ( -0.0000000000000000000, 1.440390079079711300E-056, -1.000000000000000000 ) ) ;
#2923 = CARTESIAN_POINT ( 'NONE',  ( -1.439254484199189400E-016, -1.175240473580835300, -3.937499999999999100 ) ) ;
#2924 = CARTESIAN_POINT ( 'NONE',  ( 1.017788105676657600, -0.5876202367904181900, -0.3541666666666658500 ) ) ;
#2925 = FACE_OUTER_BOUND ( 'NONE', #2464, .T. ) ;
#2926 = CARTESIAN_POINT ( 'NONE',  ( 0.0000000000000000000, 1.500000000000001300, -4.500000000000000900 ) ) ;
#2927 = CARTESIAN_POINT ( 'NONE',  ( -1.357050807568876700, 8.309539638847779000E-017, -2.124999999999999100 ) ) ;
#2928 = EDGE_LOOP ( 'NONE', ( #973, #1590, #2422, #1317 ) ) ;
#2929 = EDGE_LOOP ( 'NONE', ( #2232, #2893 ) ) ;
#2930 = CARTESIAN_POINT ( 'NONE',  ( -1.017788105676657800, 0.5876202367904177500, 0.8958333333333343700 ) ) ;
#2931 = CARTESIAN_POINT ( 'NONE',  ( 0.8816504037844392600, 1.527063293868263100, -1.494791666666711100 ) ) ;
#2932 = ORIENTED_EDGE ( 'NONE', *, *, #2249, .T. ) ;
#2933 = PRODUCT_DEFINITION_FORMATION_WITH_SPECIFIED_SOURCE ( 'ANY', '', #1939, .NOT_KNOWN. ) ;
#2934 = CARTESIAN_POINT ( 'NONE',  ( -0.8660254037844356000, -1.500000000000008900, 0.2083333333333777500 ) ) ;
#2935 = ORIENTED_EDGE ( 'NONE', *, *, #1379, .T. ) ;
#2936 = CARTESIAN_POINT ( 'NONE',  ( -1.017788105676657800, 0.5876202367904177500, -1.604166666666665600 ) ) ;
#2937 = AXIS2_PLACEMENT_3D ( 'NONE', #1723, #20, #523 ) ;
#2938 = VERTEX_POINT ( 'NONE', #1557 ) ;
#2939 = CARTESIAN_POINT ( 'NONE',  ( -1.017788105676657800, 0.5876202367904177500, -1.166666666666665600 ) ) ;
#2940 = CARTESIAN_POINT ( 'NONE',  ( -0.8292854048078801600, -1.172072390477560700, 1.306583753136682400 ) ) ;
#2941 = CARTESIAN_POINT ( 'NONE',  ( 1.763300807568877000, -3.239131034884752100E-016, -1.578125000000044400 ) ) ;
#2942 = CARTESIAN_POINT ( 'NONE',  ( -1.299038105676659300, -0.7500000000000003300, -2.270833333333375200 ) ) ;
#2943 = CARTESIAN_POINT ( 'NONE',  ( 0.0000000000000000000, 1.500000000000001300, -2.437500000000041700 ) ) ;
#2944 = CARTESIAN_POINT ( 'NONE',  ( -0.6785254037844388200, -1.175240473580835300, -3.479166666666665600 ) ) ;
#2945 = CARTESIAN_POINT ( 'NONE',  ( 1.357050807568877000, -2.492861891654333800E-016, 0.1875000000000010500 ) ) ;
#2946 = EDGE_CURVE ( 'NONE', #1167, #2381, #108, .T. ) ;
#2947 = CARTESIAN_POINT ( 'NONE',  ( -1.017788105676658000, -0.5876202367904174200, -1.083333333333332400 ) ) ;
#2948 = CARTESIAN_POINT ( 'NONE',  ( -1.763300807568877000, 1.079710344961584000E-016, 0.1718749999999559200 ) ) ;
#2949 = CARTESIAN_POINT ( 'NONE',  ( 1.732050807568879400, -3.181725716174723900E-016, -0.06250000000004177200 ) ) ;
#2950 = CARTESIAN_POINT ( 'NONE',  ( -1.439254484199189400E-016, -1.175240473580835300, -2.937499999999999100 ) ) ;
#2951 = CARTESIAN_POINT ( 'NONE',  ( -1.357050807568877000, 8.309539638847779000E-017, 1.437500000000000200 ) ) ;
#2952 =( BOUNDED_CURVE ( )  B_SPLINE_CURVE ( 2, ( #2539, #2788, #196, #2820, #173, #2580, #184 ),
 .UNSPECIFIED., .F., .F. ) 
 B_SPLINE_CURVE_WITH_KNOTS ( ( 3, 2, 2, 3 ),
 ( 0.7692307692307691600, 0.7820512820512820500, 0.7948717948717948200, 0.8076923076923076000 ),
 .UNSPECIFIED. ) 
 CURVE ( )  GEOMETRIC_REPRESENTATION_ITEM ( )  RATIONAL_B_SPLINE_CURVE ( ( 1.000000000000000000, 0.8660254037844386000, 1.000000000000000000, 0.8660254037844386000, 1.000000000000000000, 0.8660254037844397100, 0.9999999999999988900 ) ) 
 REPRESENTATION_ITEM ( '' )  );
#2953 = DIRECTION ( 'NONE',  ( -0.0000000000000000000, 1.440390079079711300E-056, -1.000000000000000000 ) ) ;
#2954 = CARTESIAN_POINT ( 'NONE',  ( -1.017788105676657800, 0.5876202367904177500, -2.166666666666665600 ) ) ;
#2955 = FACE_OUTER_BOUND ( 'NONE', #2519, .T. ) ;
#2956 = CARTESIAN_POINT ( 'NONE',  ( -0.6785254037844388200, -1.175240473580835100, 0.5208333333333340400 ) ) ;
#2957 = CARTESIAN_POINT ( 'NONE',  ( 1.322475605676657300, -0.7635316469341323400, 0.8802083333332884100 ) ) ;
#2958 = ADVANCED_FACE ( 'NONE', ( #1420 ), #2252, .T. ) ;
#2959 = CARTESIAN_POINT ( 'NONE',  ( 0.0000000000000000000, 1.296351071171740300E-055, -4.500000000000000900 ) ) ;
#2960 = FACE_OUTER_BOUND ( 'NONE', #1359, .T. ) ;
#2961 = EDGE_CURVE ( 'NONE', #1921, #2897, #1719, .T. ) ;
#2962 = CARTESIAN_POINT ( 'NONE',  ( 1.299038105676658900, -0.7500000000000013300, -0.1041666666667081700 ) ) ;
#2963 = CARTESIAN_POINT ( 'NONE',  ( -1.439254484199189400E-016, -1.175240473580835300, 1.062500000000000900 ) ) ;
#2964 = ORIENTED_EDGE ( 'NONE', *, *, #2540, .F. ) ;
#2965 = CARTESIAN_POINT ( 'NONE',  ( -0.8234078741650947600, -0.8385640366158244600, -4.499999999999999100 ) ) ;
#2966 = CARTESIAN_POINT ( 'NONE',  ( -1.017788105676658000, -0.5876202367904174200, -0.5833333333333323700 ) ) ;
#2967 = ORIENTED_EDGE ( 'NONE', *, *, #2493, .T. ) ;
#2968 = CARTESIAN_POINT ( 'NONE',  ( 0.0000000000000000000, 1.527063293868263300, -0.4531250000000446300 ) ) ;
#2969 = DIRECTION ( 'NONE',  ( -0.0000000000000000000, 1.440390079079711300E-056, -1.000000000000000000 ) ) ;
#2970 = AXIS2_PLACEMENT_3D ( 'NONE', #2636, #454, #1201 ) ;
#2971 = ORIENTED_EDGE ( 'NONE', *, *, #1103, .F. ) ;
#2972 = VERTEX_POINT ( 'NONE', #2023 ) ;
#2973 = ADVANCED_FACE ( 'NONE', ( #148 ), #1383, .T. ) ;
#2974 = CARTESIAN_POINT ( 'NONE',  ( -0.3583290540365612300, 1.231064746540562200, 1.217113554291194400 ) ) ;
#2975 = CARTESIAN_POINT ( 'NONE',  ( 0.0000000000000000000, 1.527063293868263300, 1.546874999999955400 ) ) ;
#2976 = CARTESIAN_POINT ( 'NONE',  ( 0.4070412443560872400, -1.123760536281155100, -4.482850162829335800 ) ) ;
#2977 = CARTESIAN_POINT ( 'NONE',  ( 1.299038105676659600, 0.7499999999999995600, -0.02083333333337534400 ) ) ;
#2978 = CARTESIAN_POINT ( 'NONE',  ( 1.322475605676658400, 0.7635316469341306700, -2.067708333333286900 ) ) ;
#2979 = CARTESIAN_POINT ( 'NONE',  ( 0.8816504037844392600, 1.527063293868263100, 0.5052083333332889600 ) ) ;
#2980 = ADVANCED_FACE ( 'NONE', ( #2801 ), #724, .T. ) ;
#2981 = CALENDAR_DATE ( 2025, 16, 7 ) ;
#2982 = FACE_OUTER_BOUND ( 'NONE', #1961, .T. ) ;
#2983 = CARTESIAN_POINT ( 'NONE',  ( 0.6785254037844380400, -1.175240473580835700, -2.958333333333332600 ) ) ;
#2984 = CARTESIAN_POINT ( 'NONE',  ( 1.357050807568876700, -2.492861891654333800E-016, 0.6250000000000005600 ) ) ;
#2985 = CIRCLE ( 'NONE', #1631, 2.600000000000000100 ) ;
#2986 = CARTESIAN_POINT ( 'NONE',  ( -0.8816504037844389300, -1.527063293868263100, -2.776041666666619900 ) ) ;
#2987 = VERTEX_POINT ( 'NONE', #2052 ) ;
#2988 = CARTESIAN_POINT ( 'NONE',  ( 0.9990264287929725400, 0.8310590614052101300, -4.386319063870309300 ) ) ;
#2989 = EDGE_CURVE ( 'NONE', #347, #2263, #2727, .T. ) ;
#2990 = CARTESIAN_POINT ( 'NONE',  ( 0.6785254037844380400, -1.175240473580835700, -3.958333333333332600 ) ) ;
#2991 = ORIENTED_EDGE ( 'NONE', *, *, #2887, .T. ) ;
#2992 = ORIENTED_EDGE ( 'NONE', *, *, #1311, .T. ) ;
#2993 = ORIENTED_EDGE ( 'NONE', *, *, #2059, .T. ) ;
#2994 = CARTESIAN_POINT ( 'NONE',  ( -1.439254484199189400E-016, -1.175240473580835300, 0.5000000000000004400 ) ) ;
#2995 = CARTESIAN_POINT ( 'NONE',  ( -0.8816504037844389300, -1.527063293868263100, -3.276041666666620800 ) ) ;
#2996 = CARTESIAN_POINT ( 'NONE',  ( 1.017788105676657600, -0.5876202367904181900, 0.5833333333333341500 ) ) ;
#2997 = ORIENTED_EDGE ( 'NONE', *, *, #1862, .F. ) ;
#2998 = CARTESIAN_POINT ( 'NONE',  ( -1.732050807568879200, 1.060575238724907800E-016, 1.125000000000043700 ) ) ;
#2999 = CARTESIAN_POINT ( 'NONE',  ( 1.299038105676659800, 0.7499999999999995600, -0.5833333333332897400 ) ) ;
#3000 = ORIENTED_EDGE ( 'NONE', *, *, #2391, .T. ) ;
#3001 = CARTESIAN_POINT ( 'NONE',  ( -1.357050807568877000, 8.309539638847779000E-017, -3.124999999999999100 ) ) ;
#3002 = CARTESIAN_POINT ( 'NONE',  ( 1.250000000000000200, -0.2534697143641934700, 4.198371151552881200 ) ) ;
#3003 = CARTESIAN_POINT ( 'NONE',  ( -1.322475605676657800, -0.7635316469341314500, -1.317708333333287100 ) ) ;
#3004 = CARTESIAN_POINT ( 'NONE',  ( -1.299038105676659300, 0.7500000000000008900, 1.083333333333377000 ) ) ;
#3005 = EDGE_CURVE ( 'NONE', #1998, #1622, #2349, .T. ) ;
#3006 = CARTESIAN_POINT ( 'NONE',  ( -0.8816504037844382600, 1.527063293868263300, -4.442708333333287700 ) ) ;
#3007 = CARTESIAN_POINT ( 'NONE',  ( 1.017788105676658200, 0.5876202367904167500, -4.333333333333332100 ) ) ;
#3008 = CARTESIAN_POINT ( 'NONE',  ( -0.8660254037844393700, 1.500000000000001100, -0.4583333333332895700 ) ) ;
#3009 = CARTESIAN_POINT ( 'NONE',  ( 0.6785254037844392600, 1.175240473580835100, 1.708333333333334400 ) ) ;
#3010 = CARTESIAN_POINT ( 'NONE',  ( -1.763300807568877000, 1.079710344961584000E-016, -2.359374999999953800 ) ) ;
#3011 = CARTESIAN_POINT ( 'NONE',  ( -1.357050807568877000, 8.309539638847779000E-017, -2.062499999999999100 ) ) ;
#3012 = CYLINDRICAL_SURFACE ( 'NONE', #2426, 1.500000000000001300 ) ;
#3013 =( BOUNDED_CURVE ( )  B_SPLINE_CURVE ( 2, ( #935, #1679, #216, #2901, #2420, #2404, #1221 ),
 .UNSPECIFIED., .F., .F. ) 
 B_SPLINE_CURVE_WITH_KNOTS ( ( 3, 2, 2, 3 ),
 ( 0.1923076923076924300, 0.2051282051282052000, 0.2179487179487179800, 0.2307692307692307800 ),
 .UNSPECIFIED. ) 
 CURVE ( )  GEOMETRIC_REPRESENTATION_ITEM ( )  RATIONAL_B_SPLINE_CURVE ( ( 0.9999999999999988900, 0.8660254037844398200, 1.000000000000000000, 0.8660254037844387100, 1.000000000000000000, 0.8660254037844387100, 1.000000000000000000 ) ) 
 REPRESENTATION_ITEM ( '' )  );
#3014 = CARTESIAN_POINT ( 'NONE',  ( 0.0000000000000000000, 1.296351071171740300E-055, -4.500000000000000900 ) ) ;
#3015 = CARTESIAN_POINT ( 'NONE',  ( 1.732050807568879200, -3.181725716174723500E-016, -4.124999999999954700 ) ) ;
#3016 = CARTESIAN_POINT ( 'NONE',  ( 0.6785254037844392600, 1.175240473580835100, -3.791666666666665600 ) ) ;
#3017 = CARTESIAN_POINT ( 'NONE',  ( -1.836970198721031200E-016, -1.500000000000001600, -1.249999999999956300 ) ) ;
#3018 = ADVANCED_FACE ( 'NONE', ( #2623 ), #203, .T. ) ;
#3019 = CARTESIAN_POINT ( 'NONE',  ( 1.836970198721031400E-016, -1.500000000000001300, -4.500000000000000900 ) ) ;
#3020 = CARTESIAN_POINT ( 'NONE',  ( 1.322475605676657300, -0.7635316469341323400, 0.8489583333333794400 ) ) ;
#3021 = VERTEX_POINT ( 'NONE', #1114 ) ;
#3022 = VERTEX_POINT ( 'NONE', #1581 ) ;
#3023 = CARTESIAN_POINT ( 'NONE',  ( 0.0000000000000000000, 1.175240473580835300, 1.812500000000000700 ) ) ;
#3024 = EDGE_CURVE ( 'NONE', #1924, #576, #1697, .T. ) ;
#3025 = DIRECTION ( 'NONE',  ( 0.0000000000000000000, 0.0000000000000000000, 1.000000000000000000 ) ) ;
#3026 = CARTESIAN_POINT ( 'NONE',  ( 0.0000000000000000000, 1.175240473580835300, -1.749999999999998900 ) ) ;
#3027 = ORIENTED_EDGE ( 'NONE', *, *, #851, .T. ) ;
#3028 = VERTEX_POINT ( 'NONE', #1530 ) ;
#3029 = CARTESIAN_POINT ( 'NONE',  ( 0.8660254037844402600, 1.500000000000001100, -0.04166666666662292200 ) ) ;
#3030 = ORIENTED_EDGE ( 'NONE', *, *, #2781, .F. ) ;
#3031 = DIRECTION ( 'NONE',  ( -0.0000000000000000000, 1.440390079079711300E-056, -1.000000000000000000 ) ) ;
#3032 = CARTESIAN_POINT ( 'NONE',  ( 0.0000000000000000000, 1.527063293868263300, 1.015625000000046000 ) ) ;
#3033 = CARTESIAN_POINT ( 'NONE',  ( -0.6878906242867922600, 1.094708619360115900, 1.228656985554558400 ) ) ;
#3034 = AXIS2_PLACEMENT_3D ( 'NONE', #351, #2334, #1565 ) ;
#3035 = CARTESIAN_POINT ( 'NONE',  ( 0.6785254037844380400, -1.175240473580835700, -2.958333333333332600 ) ) ;
#3036 = CARTESIAN_POINT ( 'NONE',  ( -1.017788105676657800, 0.5876202367904177500, -4.104166666666666100 ) ) ;
#3037 = CARTESIAN_POINT ( 'NONE',  ( 1.357050807568877000, -2.492861891654333800E-016, -1.874999999999999100 ) ) ;
#3038 = CARTESIAN_POINT ( 'NONE',  ( 0.0000000000000000000, 2.750000000000000000, 4.350000000000001400 ) ) ;
#3039 = CARTESIAN_POINT ( 'NONE',  ( -1.439254484199189400E-016, -1.175240473580835300, 1.500000000000000400 ) ) ;
#3040 = CARTESIAN_POINT ( 'NONE',  ( -1.763300807568877000, 1.079710344961584000E-016, 0.6406250000000465200 ) ) ;
#3041 = EDGE_CURVE ( 'NONE', #2779, #279, #234, .T. ) ;
#3042 = CARTESIAN_POINT ( 'NONE',  ( -0.6785254037844383700, 1.175240473580835500, -4.708333333333332100 ) ) ;
#3043 = CARTESIAN_POINT ( 'NONE',  ( -1.017788105676657800, 0.5876202367904177500, -2.604166666666665600 ) ) ;
#3044 = CARTESIAN_POINT ( 'NONE',  ( 1.357050807568877000, -2.492861891654333800E-016, 0.1250000000000009700 ) ) ;
#3045 = APPROVAL_PERSON_ORGANIZATION ( #2284, #1544, #1102 ) ;
#3046 = FACE_OUTER_BOUND ( 'NONE', #2222, .T. ) ;
#3047 = ADVANCED_FACE ( 'NONE', ( #466 ), #1923, .T. ) ;
#3048 = CARTESIAN_POINT ( 'NONE',  ( 0.0000000000000000000, 1.500000000000001600, -3.499999999999956000 ) ) ;
#3049 = CARTESIAN_POINT ( 'NONE',  ( 0.0000000000000000000, 1.296351071171740300E-055, -4.500000000000000900 ) ) ;
#3050 = CARTESIAN_POINT ( 'NONE',  ( 0.0000000000000000000, 1.527063293868263300, 0.01562500000004598400 ) ) ;
#3051 = AXIS2_PLACEMENT_3D ( 'NONE', #1790, #1284, #63 ) ;
#3052 = CARTESIAN_POINT ( 'NONE',  ( 0.0000000000000000000, 1.500000000000001600, -0.9999999999999560400 ) ) ;
#3053 = CYLINDRICAL_SURFACE ( 'NONE', #1067, 1.500000000000001300 ) ;
#3054 = CARTESIAN_POINT ( 'NONE',  ( 0.6785254037844392600, 1.175240473580835100, -4.291666666666665200 ) ) ;
#3055 = CARTESIAN_POINT ( 'NONE',  ( 0.6785254037844380400, -1.175240473580835500, -3.895833333333332100 ) ) ;
#3056 = CARTESIAN_POINT ( 'NONE',  ( 0.6785254037844380400, -1.175240473580835700, 0.04166666666666728900 ) ) ;
#3057 = EDGE_LOOP ( 'NONE', ( #1340, #2071, #1627, #1288, #2971 ) ) ;
#3058 = ORIENTED_EDGE ( 'NONE', *, *, #555, .F. ) ;
#3059 = CARTESIAN_POINT ( 'NONE',  ( -1.836970198721031400E-016, -1.500000000000001300, -1.687500000000041700 ) ) ;
#3060 = CARTESIAN_POINT ( 'NONE',  ( 0.0000000000000000000, 1.500000000000001300, -2.937500000000041700 ) ) ;
#3061 = CARTESIAN_POINT ( 'NONE',  ( 0.8816504037844380400, -1.527063293868264000, 1.807291666666713100 ) ) ;
#3062 = EDGE_CURVE ( 'NONE', #2671, #2381, #158, .T. ) ;
#3063 = EDGE_LOOP ( 'NONE', ( #2148, #1890, #1427, #660 ) ) ;
#3064 = CARTESIAN_POINT ( 'NONE',  ( 0.0000000000000000000, 1.175240473580835300, -0.1874999999999993100 ) ) ;
#3065 = CARTESIAN_POINT ( 'NONE',  ( 0.0000000000000000000, 1.500000000000001300, 0.5624999999999579200 ) ) ;
#3066 = VERTEX_POINT ( 'NONE', #1344 ) ;
#3067 = CARTESIAN_POINT ( 'NONE',  ( -1.017788105676658000, -0.5876202367904174200, -3.083333333333332600 ) ) ;
#3068 = CARTESIAN_POINT ( 'NONE',  ( 1.357050807568876700, -2.492861891654333800E-016, -4.312499999999998200 ) ) ;
#3069 = CARTESIAN_POINT ( 'NONE',  ( 1.017788105676657600, -0.5876202367904181900, 1.583333333333334100 ) ) ;
#3070 =( BOUNDED_CURVE ( )  B_SPLINE_CURVE ( 2, ( #2201, #470, #795, #769, #2247, #178, #1100 ),
 .UNSPECIFIED., .F., .F. ) 
 B_SPLINE_CURVE_WITH_KNOTS ( ( 3, 2, 2, 3 ),
 ( 0.7307692307692308400, 0.7435897435897436100, 0.7564102564102563900, 0.7692307692307691600 ),
 .UNSPECIFIED. ) 
 CURVE ( )  GEOMETRIC_REPRESENTATION_ITEM ( )  RATIONAL_B_SPLINE_CURVE ( ( 1.000000000000000000, 0.8660254037844386000, 1.000000000000000000, 0.8660254037844386000, 1.000000000000000000, 0.8660254037844386000, 1.000000000000000000 ) ) 
 REPRESENTATION_ITEM ( '' )  );
#3071 = CARTESIAN_POINT ( 'NONE',  ( -0.8660254037844394800, 1.500000000000001800, -1.895833333333375700 ) ) ;
#3072 = CARTESIAN_POINT ( 'NONE',  ( 0.6785254037844380400, -1.175240473580835700, -3.895833333333332100 ) ) ;
#3073 = CARTESIAN_POINT ( 'NONE',  ( 1.732050807568879200, -3.181725716174723500E-016, -1.124999999999956000 ) ) ;
#3074 = CARTESIAN_POINT ( 'NONE',  ( 0.2349561306226439500, -1.463717111029505500, 1.337197534982902400 ) ) ;
#3075 = CARTESIAN_POINT ( 'NONE',  ( -1.439254484199189400E-016, -1.175240473580835300, -0.4999999999999995600 ) ) ;
#3076 = CARTESIAN_POINT ( 'NONE',  ( 0.0000000000000000000, 0.0000000000000000000, 1.350000000000001400 ) ) ;
#3077 = CARTESIAN_POINT ( 'NONE',  ( 0.0000000000000000000, 1.527063293868263300, -4.453125000000043500 ) ) ;
#3078 = CARTESIAN_POINT ( 'NONE',  ( -0.8660254037844394800, 1.500000000000001800, 0.1041666666666247900 ) ) ;
#3079 = CARTESIAN_POINT ( 'NONE',  ( 1.017788105676658200, 0.5876202367904167500, -4.270833333333332100 ) ) ;
#3080 = CARTESIAN_POINT ( 'NONE',  ( 1.017788105676658200, 0.5876202367904167500, -0.2708333333333321500 ) ) ;
#3081 = CARTESIAN_POINT ( 'NONE',  ( -1.836970198721031200E-016, -1.500000000000001600, 0.2500000000000436900 ) ) ;
#3082 = EDGE_CURVE ( 'NONE', #1437, #1662, #1610, .T. ) ;
#3083 = CARTESIAN_POINT ( 'NONE',  ( 0.6785254037844380400, -1.175240473580835700, -1.958333333333332400 ) ) ;
#3084 = LINE ( 'NONE', #1071, #2482 ) ;
#3085 = CARTESIAN_POINT ( 'NONE',  ( -0.6785254037844382600, 1.175240473580835300, -1.145833333333332400 ) ) ;
#3086 = CARTESIAN_POINT ( 'NONE',  ( 1.017788105676658200, 0.5876202367904167500, 1.166666666666667400 ) ) ;
#3087 = CARTESIAN_POINT ( 'NONE',  ( -1.059242689020379400, -0.9952887622698956000, -4.224706723958795400 ) ) ;
#3088 = LINE ( 'NONE', #2617, #1993 ) ;
#3089 = CARTESIAN_POINT ( 'NONE',  ( 1.732050807568879200, -3.181725716174723500E-016, -3.624999999999956000 ) ) ;
#3090 = CARTESIAN_POINT ( 'NONE',  ( -0.6785254037844388200, -1.175240473580835300, -3.479166666666665600 ) ) ;
#3091 = CYLINDRICAL_SURFACE ( 'NONE', #1408, 1.500000000000001300 ) ;
#3092 = CARTESIAN_POINT ( 'NONE',  ( 1.053519143052614300, -0.8351261121362133500, 4.278308548877045100 ) ) ;
#3093 = CARTESIAN_POINT ( 'NONE',  ( -0.6785254037844382600, 1.175240473580835300, -3.708333333333332600 ) ) ;
#3094 = ORIENTED_EDGE ( 'NONE', *, *, #2754, .T. ) ;
#3095 = CARTESIAN_POINT ( 'NONE',  ( -1.439254484199189400E-016, -1.175240473580835300, -1.499999999999999100 ) ) ;
#3096 = CARTESIAN_POINT ( 'NONE',  ( 1.357050807568876700, -2.492861891654333800E-016, -2.312499999999999100 ) ) ;
#3097 = CARTESIAN_POINT ( 'NONE',  ( -0.6785254037844383700, 1.175240473580835500, 0.7916666666666671800 ) ) ;
#3098 = ORIENTED_EDGE ( 'NONE', *, *, #869, .F. ) ;
#3099 = CARTESIAN_POINT ( 'NONE',  ( -0.9287922934518714200, -1.126483472367730200, -4.218163433015734900 ) ) ;
#3100 = CARTESIAN_POINT ( 'NONE',  ( -0.8660254037844399300, -1.500000000000001300, -1.729166666666708700 ) ) ;
#3101 = ORIENTED_EDGE ( 'NONE', *, *, #2684, .F. ) ;
#3102 = CARTESIAN_POINT ( 'NONE',  ( 1.357050807568877000, -2.492861891654333800E-016, -2.812499999999998700 ) ) ;
#3103 = EDGE_CURVE ( 'NONE', #736, #673, #1307, .T. ) ;
#3104 = CARTESIAN_POINT ( 'NONE',  ( 0.6785254037844380400, -1.175240473580835700, -0.8958333333333322600 ) ) ;
#3105 = CARTESIAN_POINT ( 'NONE',  ( 0.2433378840061835900, -1.480130627413471800, -4.175240473580833700 ) ) ;
#3106 = ORIENTED_EDGE ( 'NONE', *, *, #2738, .F. ) ;
#3107 = CARTESIAN_POINT ( 'NONE',  ( 0.0000000000000000000, 1.500000000000001300, -4.500000000000000900 ) ) ;
#3108 = CARTESIAN_POINT ( 'NONE',  ( -1.017788105676658000, -0.5876202367904174200, -1.083333333333332400 ) ) ;
#3109 = CARTESIAN_POINT ( 'NONE',  ( -1.357050807568876700, 8.309539638847779000E-017, -2.062499999999999100 ) ) ;
#3110 =( BOUNDED_CURVE ( )  B_SPLINE_CURVE ( 2, ( #2168, #242, #471, #2648, #1240, #2439, #983, #2895, #1926, #1206, #2885, #2448, #481, #230, #2916, #2177, #1695, #1193, #1973, #3093, #696, #2877, #1473, #1485, #1450, #1442, #2413, #1683, #2907, #716, #494, #2430, #16, #2655, #727, #1718, #253, #1729, #260, #2399, #941, #2639, #221, #269, #1024, #1981, #2710, #280, #758, #520, #754, #1517, #770, #67, #61, #536, #2954, #2927, #1015, #1270, #1290, #2461, #1757, #1004, #2009, #1990, #2697, #2471, #528, #1260, #291, #783, #1493, #2241, #1766, #2724, #1527, #2221, #2478, #309, #2939, #28, #2947, #1507, #36, #1034, #2487, #49, #992, #1749, #2233, #2718, #2497, #300, #2966, #1281, #546, #1741, #507, #2687, #2251, #789, #1999, #2208, #1534, #1776, #1251, #1053, #1061, #2762, #2019, #1298, #321, #2264, #1823, #1339, #557, #330, #583, #2750, #2994, #2743, #1318, #2984, #815, #1815, #1563, #2530, #1553, #1328, #105, #796, #94, #73, #1588, #2537, #2520 ),
 .UNSPECIFIED., .F., .F. ) 
 B_SPLINE_CURVE_WITH_KNOTS ( ( 3, 2, 2, 2, 2, 2, 2, 2, 2, 2, 2, 2, 2, 2, 2, 2, 2, 2, 2, 2, 2, 2, 2, 2, 2, 2, 2, 2, 2, 2, 2, 2, 2, 2, 2, 2, 2, 2, 2, 2, 2, 2, 2, 2, 2, 2, 2, 2, 2, 2, 2, 2, 2, 2, 2, 2, 2, 2, 2, 2, 2, 2, 2, 2, 2, 2, 2, 2, 3 ),
 ( 0.03846153846153849800, 0.05128205128205131500, 0.06410256410256412500, 0.07692307692307695500, 0.08974358974358977200, 0.1025641025641025900, 0.1153846153846154200, 0.1282051282051282200, 0.1410256410256410500, 0.1538461538461538800, 0.1666666666666666600, 0.1794871794871794900, 0.1923076923076923200, 0.2051282051282051200, 0.2179487179487179800, 0.2307692307692307800, 0.2435897435897435800, 0.2564102564102563900, 0.2692307692307692200, 0.2820512820512820500, 0.2948717948717948200, 0.3076923076923077100, 0.3205128205128204800, 0.3333333333333333100, 0.3461538461538461500, 0.3589743589743589200, 0.3717948717948718100, 0.3846153846153845800, 0.3974358974358974100, 0.4102564102564102400, 0.4230769230769230200, 0.4358974358974359000, 0.4487179487179486800, 0.4615384615384615600, 0.4743589743589743400, 0.4871794871794871100, 0.5000000000000000000, 0.5128205128205127700, 0.5256410256410256600, 0.5384615384615384400, 0.5512820512820514300, 0.5641025641025641000, 0.5769230769230768700, 0.5897435897435897600, 0.6025641025641025300, 0.6153846153846154200, 0.6282051282051283000, 0.6410256410256410800, 0.6538461538461538500, 0.6666666666666666300, 0.6794871794871795200, 0.6923076923076924000, 0.7051282051282051800, 0.7179487179487179500, 0.7307692307692307300, 0.7435897435897436100, 0.7564102564102565000, 0.7692307692307692700, 0.7820512820512820500, 0.7948717948717948200, 0.8076923076923077100, 0.8205128205128204800, 0.8333333333333333700, 0.8461538461538461500, 0.8589743589743589200, 0.8717948717948718100, 0.8846153846153845800, 0.8974358974358974700, 0.9095330892848130200 ),
 .UNSPECIFIED. ) 
 CURVE ( )  GEOMETRIC_REPRESENTATION_ITEM ( )  RATIONAL_B_SPLINE_CURVE ( ( 0.9999999999999996700, 0.8660254037844390400, 1.000000000000000000, 0.8660254037844387100, 1.000000000000000000, 0.8660254037844387100, 1.000000000000000000, 0.8660254037844387100, 1.000000000000000000, 0.8660254037844387100, 1.000000000000000000, 0.8660254037844387100, 1.000000000000000000, 0.8660254037844387100, 1.000000000000000000, 0.8660254037844387100, 1.000000000000000000, 0.8660254037844387100, 1.000000000000000000, 0.8660254037844387100, 1.000000000000000000, 0.8660254037844387100, 1.000000000000000000, 0.8660254037844387100, 1.000000000000000000, 0.8660254037844387100, 1.000000000000000000, 0.8660254037844387100, 1.000000000000000000, 0.8660254037844387100, 1.000000000000000000, 0.8660254037844387100, 1.000000000000000000, 0.8660254037844387100, 1.000000000000000000, 0.8660254037844387100, 1.000000000000000000, 0.8660254037844387100, 1.000000000000000000, 0.8660254037844387100, 1.000000000000000000, 0.8660254037844387100, 1.000000000000000000, 0.8660254037844387100, 1.000000000000000000, 0.8660254037844387100, 1.000000000000000000, 0.8660254037844387100, 1.000000000000000000, 0.8660254037844387100, 1.000000000000000000, 0.8660254037844387100, 1.000000000000000000, 0.8660254037844387100, 1.000000000000000000, 0.8660254037844387100, 1.000000000000000000, 0.8660254037844387100, 1.000000000000000000, 0.8660254037844387100, 1.000000000000000000, 0.8660254037844387100, 1.000000000000000000, 0.8660254037844387100, 1.000000000000000000, 0.8660254037844387100, 1.000000000000000000, 0.8660254037844387100, 1.000000000000000000, 0.8660254037844387100, 1.000000000000000000, 0.8660254037844387100, 1.000000000000000000, 0.8660254037844387100, 1.000000000000000000, 0.8660254037844387100, 1.000000000000000000, 0.8660254037844387100, 1.000000000000000000, 0.8660254037844387100, 1.000000000000000000, 0.8660254037844387100, 1.000000000000000000, 0.8660254037844387100, 1.000000000000000000, 0.8660254037844387100, 1.000000000000000000, 0.8660254037844387100, 1.000000000000000000, 0.8660254037844387100, 1.000000000000000000, 0.8660254037844387100, 1.000000000000000000, 0.8660254037844387100, 1.000000000000000000, 0.8660254037844387100, 1.000000000000000000, 0.8660254037844387100, 1.000000000000000000, 0.8660254037844387100, 1.000000000000000000, 0.8660254037844387100, 1.000000000000000000, 0.8660254037844387100, 1.000000000000000000, 0.8660254037844387100, 1.000000000000000000, 0.8660254037844387100, 1.000000000000000000, 0.8660254037844387100, 1.000000000000000000, 0.8660254037844387100, 1.000000000000000000, 0.8660254037844387100, 1.000000000000000000, 0.8660254037844387100, 1.000000000000000000, 0.8660254037844387100, 1.000000000000000000, 0.8660254037844387100, 1.000000000000000000, 0.8660254037844387100, 1.000000000000000000, 0.8660254037844387100, 1.000000000000000000, 0.8660254037844387100, 1.000000000000000000, 0.8660254037844387100, 1.000000000000000000, 0.8660254037844387100, 1.000000000000000000, 0.8660254037844387100, 1.000000000000000000, 0.8660254037844387100, 1.000000000000000000, 0.8735841213225495900, 0.9857354760343146600 ) ) 
 REPRESENTATION_ITEM ( '' )  );
#3111 = CARTESIAN_POINT ( 'NONE',  ( -1.763300807568877000, 1.079710344961584000E-016, -4.828125000000043500 ) ) ;
#3112 = CARTESIAN_POINT ( 'NONE',  ( -0.6785254037844383700, 1.175240473580835500, 0.7916666666666671800 ) ) ;
#3113 = CARTESIAN_POINT ( 'NONE',  ( -0.7151093216337597300, 1.173083595214718300, -4.313781984734894200 ) ) ;
#3114 = CARTESIAN_POINT ( 'NONE',  ( 1.017788105676658200, 0.5876202367904167500, -2.270833333333332100 ) ) ;
#3115 = CARTESIAN_POINT ( 'NONE',  ( 0.4044126993943261700, -1.209887892115047100, 4.218916260448522400 ) ) ;
#3116 = CARTESIAN_POINT ( 'NONE',  ( 0.0000000000000000000, 1.296351071171740300E-055, -4.500000000000000900 ) ) ;
#3117 = AXIS2_PLACEMENT_3D ( 'NONE', #2502, #1075, #2042 ) ;
#3118 = CARTESIAN_POINT ( 'NONE',  ( 1.357050807568877000, -2.492861891654333800E-016, -0.3749999999999994400 ) ) ;
#3119 = CARTESIAN_POINT ( 'NONE',  ( -0.6785254037844388200, -1.175240473580835100, -2.479166666666665600 ) ) ;
#3120 = CARTESIAN_POINT ( 'NONE',  ( -0.8816504037844382600, 1.527063293868263300, -2.411458333333378300 ) ) ;
#3121 = CARTESIAN_POINT ( 'NONE',  ( 0.0000000000000000000, 1.500000000000001300, -4.500000000000000900 ) ) ;
ENDSEC;
END-ISO-10303-21;
