ISO-10303-21;
HEADER;
FILE_DESCRIPTION (( 'STEP AP203' ),
    '1' );
FILE_NAME ('91290A139_Black-Oxide Alloy Steel Socket Head Screw.STEP',
    '2026-01-08T18:53:29',
    ( 'McMaster Carr Supply' ),
    ( 'McMaster Carr Supply' ),
    'SwSTEP 2.0',
    'SolidWorks 2024',
    '' );
FILE_SCHEMA (( 'CONFIG_CONTROL_DESIGN' ));
ENDSEC;

DATA;
#1 = CARTESIAN_POINT ( 'NONE',  ( 0.8922005383792507294, -1.545336663013169742, -2.054166666666665808 ) ) ;
#2 = CARTESIAN_POINT ( 'NONE',  ( -1.784401076758502347, 1.092630533523695498E-16, -3.687499999999999112 ) ) ;
#3 = CARTESIAN_POINT ( 'NONE',  ( -1.176575538379251107, 2.037888611415568985, -3.476041666666695118 ) ) ;
#4 = CARTESIAN_POINT ( 'NONE',  ( -1.732050807568878303, -1.000000000000000000, -3.979166666666693164 ) ) ;
#5 = CARTESIAN_POINT ( 'NONE',  ( 1.154700538379250796, 2.000000000000004441, -2.958333333333305504 ) ) ;
#6 = CARTESIAN_POINT ( 'NONE',  ( -0.8837092106213835230, -1.221841056931269875, 4.638370359032660595 ) ) ;
#7 = CARTESIAN_POINT ( 'NONE',  ( 0.8922005383792521727, 1.545336663013168854, -3.220833333333332327 ) ) ;
#8 = CARTESIAN_POINT ( 'NONE',  ( -1.892491597964129933E-16, -1.545336663013169298, -0.01249999999999862332 ) ) ;
#9 = CARTESIAN_POINT ( 'NONE',  ( -1.499999999999999778, -0.8660254037844388186, -3.582575694955841161 ) ) ;
#10 = EDGE_CURVE ( 'NONE', #959, #1695, #325, .T. ) ;
#11 = CARTESIAN_POINT ( 'NONE',  ( 0.000000000000000000, 2.000000000000000888, -2.812500000000026645 ) ) ;
#12 = CARTESIAN_POINT ( 'NONE',  ( -0.8922005383792510624, 1.545336663013169520, -1.004166666666665320 ) ) ;
#13 = CARTESIAN_POINT ( 'NONE',  ( 0.6705224285319818511, -1.392287712683068834, 1.349616993227402917 ) ) ;
#14 = LINE ( 'NONE', #2156, #2533 ) ;
#15 = LINE ( 'NONE', #1601, #2413 ) ;
#16 = DIRECTION ( 'NONE',  ( 0.000000000000000000, 7.562047915168481387E-57, 1.000000000000000000 ) ) ;
#17 = CARTESIAN_POINT ( 'NONE',  ( 1.338300807568876483, -0.7726683315065853153, -2.695833333333332416 ) ) ;
#18 = CARTESIAN_POINT ( 'NONE',  ( 0.8922005383792521727, 1.545336663013168854, -3.220833333333332327 ) ) ;
#19 = CARTESIAN_POINT ( 'NONE',  ( 0.000000000000000000, 2.000000000000000888, 0.6000000000000280664 ) ) ;
#20 = ORIENTED_EDGE ( 'NONE', *, *, #1514, .F. ) ;
#21 = ORIENTED_EDGE ( 'NONE', *, *, #1797, .F. ) ;
#22 = CARTESIAN_POINT ( 'NONE',  ( 0.2176112281200086596, 1.748934949728890187, -4.786236015350655570 ) ) ;
#23 = CARTESIAN_POINT ( 'NONE',  ( 0.8922005383792507294, -1.545336663013169742, 0.7458333333333344584 ) ) ;
#24 = CARTESIAN_POINT ( 'NONE',  ( -1.176575538379251995, -2.037888611415568985, -0.4427083333333617921 ) ) ;
#25 = FACE_OUTER_BOUND ( 'NONE', #1209, .T. ) ;
#26 = FACE_OUTER_BOUND ( 'NONE', #291, .T. ) ;
#27 = FACE_OUTER_BOUND ( 'NONE', #1208, .T. ) ;
#28 = CARTESIAN_POINT ( 'NONE',  ( -0.8922005383792511735, 1.545336663013169520, -3.804166666666665808 ) ) ;
#29 = CARTESIAN_POINT ( 'NONE',  ( 1.784401076758502347, -3.277891600571085508E-16, -1.237499999999999156 ) ) ;
#30 = DIRECTION ( 'NONE',  ( -0.8660254037844387076, 0.4999999999999997780, 0.000000000000000000 ) ) ;
#31 = CONICAL_SURFACE ( 'NONE', #2244, 1732.050807568858318, 1.047197551196592968 ) ;
#32 = DIRECTION ( 'NONE',  ( 0.000000000000000000, 1.000000000000000000, 0.000000000000000000 ) ) ;
#33 = AXIS2_PLACEMENT_3D ( 'NONE', #1857, #499, #95 ) ;
#34 = AXIS2_PLACEMENT_3D ( 'NONE', #1435, #250, #32 ) ;
#35 = CARTESIAN_POINT ( 'NONE',  ( -1.338300807568877149, -0.7726683315065843161, -1.529166666666665675 ) ) ;
#36 = CARTESIAN_POINT ( 'NONE',  ( 0.000000000000000000, 2.037888611415568985, -0.03437500000002830652 ) ) ;
#37 = LINE ( 'NONE', #2373, #773 ) ;
#38 = EDGE_CURVE ( 'NONE', #763, #747, #37, .T. ) ;
#39 = CARTESIAN_POINT ( 'NONE',  ( -1.338300807568876927, 0.7726683315065848712, -5.233333333333332504 ) ) ;
#40 = CARTESIAN_POINT ( 'NONE',  ( 0.2160172578873369165, -1.987502557438948214, -4.549117603165726997 ) ) ;
#41 = COORDINATED_UNIVERSAL_TIME_OFFSET ( 6, 0, .BEHIND. ) ;
#42 = CARTESIAN_POINT ( 'NONE',  ( 0.000000000000000000, 1.545336663013169298, -3.949999999999999734 ) ) ;
#43 = CARTESIAN_POINT ( 'NONE',  ( 0.000000000000000000, 9.435453830765156612E-113, 5.000000000000000000 ) ) ;
#44 = VERTEX_POINT ( 'NONE', #1552 ) ;
#45 = LINE ( 'NONE', #72, #446 ) ;
#46 = CARTESIAN_POINT ( 'NONE',  ( -2.495693764988920690E-16, -2.037888611415568985, -1.784375000000028022 ) ) ;
#47 = ORIENTED_EDGE ( 'NONE', *, *, #1542, .T. ) ;
#48 = ORIENTED_EDGE ( 'NONE', *, *, #574, .F. ) ;
#49 = CARTESIAN_POINT ( 'NONE',  ( 0.000000000000000000, 2.037888611415568985, -2.178124999999970335 ) ) ;
#50 = DIRECTION ( 'NONE',  ( 0.000000000000000000, 1.000000000000000000, -7.562047915168481387E-57 ) ) ;
#51 = CARTESIAN_POINT ( 'NONE',  ( 0.000000000000000000, 2.000000000000000888, -0.01250000000002672411 ) ) ;
#52 = CARTESIAN_POINT ( 'NONE',  ( 0.8922005383792521727, 1.545336663013168854, -1.820833333333332194 ) ) ;
#53 = EDGE_CURVE ( 'NONE', #1440, #65, #2507, .T. ) ;
#54 = CARTESIAN_POINT ( 'NONE',  ( -1.338300807568877149, -0.7726683315065843161, -3.716666666666666341 ) ) ;
#55 = CARTESIAN_POINT ( 'NONE',  ( 0.000000000000000000, -1.224646799147355773E-13, 999.6452994616207661 ) ) ;
#56 = CARTESIAN_POINT ( 'NONE',  ( -2.449293598294707400E-16, -2.000000000000000888, -1.062500000000026423 ) ) ;
#57 = DIRECTION ( 'NONE',  ( -1.000000000000000000, 0.000000000000000000, 0.000000000000000000 ) ) ;
#58 = DIRECTION ( 'NONE',  ( 0.000000000000000000, 1.000000000000000000, 0.000000000000000000 ) ) ;
#59 = CARTESIAN_POINT ( 'NONE',  ( 1.176575538379252439, 2.037888611415568096, -2.192708333333361903 ) ) ;
#60 = CARTESIAN_POINT ( 'NONE',  ( -1.764863307568877104, 1.018944305707784714, -2.761458333333303816 ) ) ;
#61 = CARTESIAN_POINT ( 'NONE',  ( 0.8922005383792508404, -1.545336663013169742, -2.841666666666666341 ) ) ;
#62 = CARTESIAN_POINT ( 'NONE',  ( 0.8922005383792507294, -1.545336663013169742, -4.941666666666666430 ) ) ;
#63 =( BOUNDED_CURVE ( )  B_SPLINE_CURVE ( 2, ( #51, #839, #2221, #77, #1814, #2042, #1410 ),
 .UNSPECIFIED., .F., .F. ) 
 B_SPLINE_CURVE_WITH_KNOTS ( ( 3, 2, 2, 3 ),
 ( 0.1571699281526708347, 0.1738365948193375532, 0.1905032614860041607, 0.2071699281526708791 ),
 .UNSPECIFIED. ) 
 CURVE ( )  GEOMETRIC_REPRESENTATION_ITEM ( )  RATIONAL_B_SPLINE_CURVE ( ( 1.000000000000000000, 0.8660254037844387076, 1.000000000000000000, 0.8660254037844387076, 1.000000000000000000, 0.8660254037844387076, 1.000000000000000000 ) ) 
 REPRESENTATION_ITEM ( '' )  );
#64 = CARTESIAN_POINT ( 'NONE',  ( 0.8922005383792521727, 1.545336663013168854, -0.4208333333333320603 ) ) ;
#65 = VERTEX_POINT ( 'NONE', #230 ) ;
#66 = ORIENTED_EDGE ( 'NONE', *, *, #1764, .T. ) ;
#67 = CARTESIAN_POINT ( 'NONE',  ( -0.8922005383792517286, -1.545336663013168854, -5.058333333333333570 ) ) ;
#68 = EDGE_CURVE ( 'NONE', #216, #2330, #14, .T. ) ;
#69 = CARTESIAN_POINT ( 'NONE',  ( -1.154700538379253905, 1.999999999999997113, -2.841666666666638363 ) ) ;
#70 = PLANE ( 'NONE',  #1661 ) ;
#71 = CARTESIAN_POINT ( 'NONE',  ( -1.154700538379256125, 1.999999999999993561, 0.6583333333333614146 ) ) ;
#72 = CARTESIAN_POINT ( 'NONE',  ( 1.892491597964129933E-16, 1.545336663013169298, -5.000000000000001776 ) ) ;
#73 = CARTESIAN_POINT ( 'NONE',  ( 0.000000000000000000, 2.037888611415568985, -1.434375000000028599 ) ) ;
#74 = ORIENTED_EDGE ( 'NONE', *, *, #527, .F. ) ;
#75 = CARTESIAN_POINT ( 'NONE',  ( -1.176575538379251107, 2.037888611415568985, -1.419791666666636809 ) ) ;
#76 = CARTESIAN_POINT ( 'NONE',  ( -1.892491597964129933E-16, -1.545336663013169298, -2.199999999999999734 ) ) ;
#77 = CARTESIAN_POINT ( 'NONE',  ( 2.309401076758504257, -4.242300954899628645E-16, -0.1875000000000265066 ) ) ;
#78 = CARTESIAN_POINT ( 'NONE',  ( -1.338300807568877149, -0.7726683315065843161, -0.1291666666666654584 ) ) ;
#79 = ORIENTED_EDGE ( 'NONE', *, *, #146, .T. ) ;
#80 = CARTESIAN_POINT ( 'NONE',  ( -1.784401076758502347, 1.092630533523695498E-16, -3.074999999999999289 ) ) ;
#81 = CARTESIAN_POINT ( 'NONE',  ( -1.732050807568878081, 1.000000000000000666, -1.995833333333360216 ) ) ;
#82 = CARTESIAN_POINT ( 'NONE',  ( 1.732050807568877637, -1.000000000000001332, -3.745833333333360216 ) ) ;
#83 = CARTESIAN_POINT ( 'NONE',  ( 2.449293598294707893E-16, -2.000000000000000888, -5.000000000000000000 ) ) ;
#84 = EDGE_CURVE ( 'NONE', #1927, #1097, #1116, .T. ) ;
#85 = CARTESIAN_POINT ( 'NONE',  ( 1.732050807568877637, -1.000000000000001332, -3.045833333333360038 ) ) ;
#86 = CARTESIAN_POINT ( 'NONE',  ( -2.353151076758502658, 1.440889467031223773E-16, 0.8406249999999716449 ) ) ;
#87 = CARTESIAN_POINT ( 'NONE',  ( -1.176575538379251107, 2.037888611415568985, -0.7197916666666368535 ) ) ;
#88 = CARTESIAN_POINT ( 'NONE',  ( -1.338300807568877149, -0.7726683315065843161, -3.016666666666666607 ) ) ;
#89 = CARTESIAN_POINT ( 'NONE',  ( -0.8922005383792517286, -1.545336663013168854, -4.358333333333332504 ) ) ;
#90 = CARTESIAN_POINT ( 'NONE',  ( -1.784401076758502347, 1.092630533523695375E-16, -2.287499999999999201 ) ) ;
#91 = ORIENTED_EDGE ( 'NONE', *, *, #1984, .T. ) ;
#92 = ORIENTED_EDGE ( 'NONE', *, *, #1308, .T. ) ;
#93 = CARTESIAN_POINT ( 'NONE',  ( -1.784401076758502347, 1.092630533523695498E-16, -3.774999999999999911 ) ) ;
#94 = DIRECTION ( 'NONE',  ( 0.000000000000000000, -1.224646799147355672E-16, 1.000000000000000000 ) ) ;
#95 = DIRECTION ( 'NONE',  ( 0.000000000000000000, 1.000000000000000000, 0.000000000000000000 ) ) ;
#96 = CARTESIAN_POINT ( 'NONE',  ( 1.732050807568878970, 0.9999999999999988898, -3.716666666666638363 ) ) ;
#97 = CARTESIAN_POINT ( 'NONE',  ( 1.732050807568878970, 0.9999999999999988898, -2.929166666666693786 ) ) ;
#98 = CARTESIAN_POINT ( 'NONE',  ( -1.764863307568877326, -1.018944305707784048, 0.8989583333333054371 ) ) ;
#99 = ADVANCED_FACE ( 'NONE', ( #25 ), #2248, .T. ) ;
#100 = ORIENTED_EDGE ( 'NONE', *, *, #2063, .T. ) ;
#101 = CARTESIAN_POINT ( 'NONE',  ( 2.353151076758502658, -4.322668401093671811E-16, 0.4468750000000297207 ) ) ;
#102 = CARTESIAN_POINT ( 'NONE',  ( -1.784401076758502347, 1.092630533523695375E-16, -4.474999999999999645 ) ) ;
#103 = CARTESIAN_POINT ( 'NONE',  ( 1.338300807568877593, 0.7726683315065835389, -1.266666666666666829 ) ) ;
#104 = CARTESIAN_POINT ( 'NONE',  ( -2.449293598294707400E-16, -2.000000000000000888, -2.549999999999971845 ) ) ;
#105 = ORIENTED_EDGE ( 'NONE', *, *, #2403, .T. ) ;
#106 = CARTESIAN_POINT ( 'NONE',  ( -1.892491597964129933E-16, -1.545336663013169298, -0.7999999999999994893 ) ) ;
#107 = FACE_OUTER_BOUND ( 'NONE', #610, .T. ) ;
#108 = FACE_BOUND ( 'NONE', #1350, .T. ) ;
#109 = FACE_OUTER_BOUND ( 'NONE', #1084, .T. ) ;
#110 = CARTESIAN_POINT ( 'NONE',  ( 0.000000000000000000, 2.037888611415568985, 0.6656249999999718225 ) ) ;
#111 = VECTOR ( 'NONE', #1374, 1000.000000000000000 ) ;
#112 = CARTESIAN_POINT ( 'NONE',  ( 1.784401076758502347, -3.277891600571085508E-16, -4.737499999999998934 ) ) ;
#113 = CARTESIAN_POINT ( 'NONE',  ( 0.8922005383792508404, -1.545336663013169742, -3.541666666666666519 ) ) ;
#114 = CARTESIAN_POINT ( 'NONE',  ( -1.892491597964129933E-16, -1.545336663013169298, -2.899999999999999911 ) ) ;
#115 = EDGE_CURVE ( 'NONE', #476, #1973, #1204, .T. ) ;
#116 = VECTOR ( 'NONE', #1882, 1000.000000000000000 ) ;
#117 = AXIS2_PLACEMENT_3D ( 'NONE', #2352, #596, #1153 ) ;
#118 = VERTEX_POINT ( 'NONE', #2216 ) ;
#119 = CARTESIAN_POINT ( 'NONE',  ( 1.338300807568876483, -0.7726683315065853153, -2.783333333333332771 ) ) ;
#120 = CARTESIAN_POINT ( 'NONE',  ( 0.000000000000000000, 2.000000000000000888, -1.412500000000026956 ) ) ;
#121 = B_SPLINE_CURVE_WITH_KNOTS ( 'NONE', 3,
 ( #1087, #726, #2480, #1738, #1686, #2491, #2302, #352, #168, #1099, #1301, #131, #918, #550, #156, #1892, #2120, #1495, #2108, #1139, #1881, #1916, #2279, #2268, #365, #750 ),
 .UNSPECIFIED., .F., .F.,
 ( 4, 2, 2, 2, 2, 2, 2, 2, 2, 2, 2, 2, 4 ),
 ( 0.001958285832458569672, 0.002644434707784630578, 0.002987509145447661465, 0.003330583583110692351, 0.003673658020773722804, 0.004016732458436754125, 0.004359806896099784577, 0.004702881333762815030, 0.005389030209088876804, 0.006075179084414938577, 0.006418253522077969030, 0.006761327959741000350, 0.007447476835067062123 ),
 .UNSPECIFIED. ) ;
#122 = CARTESIAN_POINT ( 'NONE',  ( 0.000000000000000000, 0.000000000000000000, 0.000000000000000000 ) ) ;
#123 = FACE_OUTER_BOUND ( 'NONE', #1278, .T. ) ;
#124 = CARTESIAN_POINT ( 'NONE',  ( 1.154700538379246799, -2.000000000000008882, -0.3916666666666392960 ) ) ;
#125 = CARTESIAN_POINT ( 'NONE',  ( 1.784401076758502347, -3.277891600571085508E-16, -3.337499999999999023 ) ) ;
#126 = CARTESIAN_POINT ( 'NONE',  ( 0.000000000000000000, 1.545336663013169298, -0.4499999999999999001 ) ) ;
#127 = CARTESIAN_POINT ( 'NONE',  ( -1.892491597964129933E-16, -1.545336663013169298, -0.09999999999999939493 ) ) ;
#128 = ORIENTED_EDGE ( 'NONE', *, *, #1094, .F. ) ;
#129 = EDGE_LOOP ( 'NONE', ( #349, #313, #354, #2454 ) ) ;
#130 = CARTESIAN_POINT ( 'NONE',  ( 0.8922005383792521727, 1.545336663013168854, 0.1916666666666672347 ) ) ;
#131 = CARTESIAN_POINT ( 'NONE',  ( 1.657963085244182899, 0.6833488912112758440, 0.6785348463313576328 ) ) ;
#132 = CARTESIAN_POINT ( 'NONE',  ( -2.309401076758504257, 1.414100318299876297E-16, -0.5375000000000269562 ) ) ;
#133 = ADVANCED_FACE ( 'NONE', ( #864 ), #887, .T. ) ;
#134 = DIRECTION ( 'NONE',  ( -0.000000000000000000, -7.562047915168481387E-57, -1.000000000000000000 ) ) ;
#135 = CARTESIAN_POINT ( 'NONE',  ( -2.449293598294707400E-16, -2.000000000000000888, -3.249999999999972022 ) ) ;
#136 = CARTESIAN_POINT ( 'NONE',  ( -0.8922005383792517286, -1.545336663013168854, -4.970833333333332327 ) ) ;
#137 = CARTESIAN_POINT ( 'NONE',  ( -1.338300807568877149, -0.7726683315065843161, 0.4833333333333338921 ) ) ;
#138 = CARTESIAN_POINT ( 'NONE',  ( 1.784401076758502347, -3.277891600571085508E-16, -2.024999999999999911 ) ) ;
#139 = ORIENTED_EDGE ( 'NONE', *, *, #2482, .T. ) ;
#140 = ORIENTED_EDGE ( 'NONE', *, *, #1108, .T. ) ;
#141 = DIRECTION ( 'NONE',  ( -0.000000000000000000, -7.562047915168481387E-57, -1.000000000000000000 ) ) ;
#142 = CARTESIAN_POINT ( 'NONE',  ( -1.892491597964129933E-16, -1.545336663013169298, -2.199999999999999734 ) ) ;
#143 = CARTESIAN_POINT ( 'NONE',  ( -1.154700538379252572, -2.000000000000000888, -1.120833333333360438 ) ) ;
#144 = ORIENTED_EDGE ( 'NONE', *, *, #1764, .F. ) ;
#145 =( BOUNDED_CURVE ( )  B_SPLINE_CURVE ( 2, ( #1861, #124, #911, #2282, #2484, #731, #2088 ),
 .UNSPECIFIED., .F., .F. ) 
 B_SPLINE_CURVE_WITH_KNOTS ( ( 3, 2, 2, 3 ),
 ( 0.6499999999999999112, 0.6666666666666665186, 0.6833333333333333481, 0.6999999999999999556 ),
 .UNSPECIFIED. ) 
 CURVE ( )  GEOMETRIC_REPRESENTATION_ITEM ( )  RATIONAL_B_SPLINE_CURVE ( ( 1.000000000000000888, 0.8660254037844378194, 1.000000000000000000, 0.8660254037844387076, 1.000000000000000000, 0.8660254037844387076, 1.000000000000000000 ) ) 
 REPRESENTATION_ITEM ( '' )  );
#146 = EDGE_CURVE ( 'NONE', #1727, #2330, #1557, .T. ) ;
#147 = DIRECTION ( 'NONE',  ( -0.000000000000000000, -7.562047915168481387E-57, -1.000000000000000000 ) ) ;
#148 = DIRECTION ( 'NONE',  ( -0.000000000000000000, -7.562047915168481387E-57, -1.000000000000000000 ) ) ;
#149 = CC_DESIGN_PERSON_AND_ORGANIZATION_ASSIGNMENT ( #1390, #192, ( #938 ) ) ;
#150 = CARTESIAN_POINT ( 'NONE',  ( 1.764863307568877993, 1.018944305707782938, 0.5052083333333626802 ) ) ;
#151 = CARTESIAN_POINT ( 'NONE',  ( 0.8922005383792521727, 1.545336663013168854, 0.1916666666666672347 ) ) ;
#152 = CARTESIAN_POINT ( 'NONE',  ( -0.8922005383792510624, 1.545336663013169520, -1.791666666666666297 ) ) ;
#153 = ORIENTED_EDGE ( 'NONE', *, *, #810, .T. ) ;
#154 = CARTESIAN_POINT ( 'NONE',  ( 1.014703996554336962, 1.146211182010441698, 4.662699326111870768 ) ) ;
#155 = CARTESIAN_POINT ( 'NONE',  ( 0.8922005383792521727, 1.545336663013168854, -1.908333333333332993 ) ) ;
#156 = CARTESIAN_POINT ( 'NONE',  ( 1.752573430022456691, 0.2340689054518179935, 0.6640024444278074256 ) ) ;
#157 = CARTESIAN_POINT ( 'NONE',  ( 1.154700538379251240, -2.000000000000001332, -1.704166666666693475 ) ) ;
#158 = CONICAL_SURFACE ( 'NONE', #1422, 3.299999999999999822, 0.7853981633974492782 ) ;
#159 = VECTOR ( 'NONE', #647, 1000.000000000000000 ) ;
#160 = CARTESIAN_POINT ( 'NONE',  ( 0.000000000000000000, 2.000000000000000888, -3.512500000000026823 ) ) ;
#161 = EDGE_CURVE ( 'NONE', #712, #1899, #2328, .T. ) ;
#162 = CARTESIAN_POINT ( 'NONE',  ( -2.495693764988920690E-16, -2.037888611415568985, 1.671875000000029310 ) ) ;
#163 = CARTESIAN_POINT ( 'NONE',  ( 0.8922005383792521727, 1.545336663013168854, -0.5083333333333328596 ) ) ;
#164 = CARTESIAN_POINT ( 'NONE',  ( -2.353151076758502658, 1.440889467031223773E-16, -4.059375000000027711 ) ) ;
#165 = CARTESIAN_POINT ( 'NONE',  ( 0.000000000000000000, -7.562047915168481839E-56, -5.000000000000001776 ) ) ;
#166 = DIRECTION ( 'NONE',  ( -0.000000000000000000, -0.000000000000000000, 1.000000000000000000 ) ) ;
#167 = CARTESIAN_POINT ( 'NONE',  ( -1.154700538379251906, 2.000000000000000888, -0.04166666666663830509 ) ) ;
#168 = CARTESIAN_POINT ( 'NONE',  ( 1.383210804371785008, 1.186010496607567521, 0.6951903827553465032 ) ) ;
#169 = CARTESIAN_POINT ( 'NONE',  ( 1.154700538379252794, 2.000000000000000000, -1.470833333333359860 ) ) ;
#170 = ORIENTED_EDGE ( 'NONE', *, *, #1294, .T. ) ;
#171 = CARTESIAN_POINT ( 'NONE',  ( 4.286263797015736595E-16, -3.500000000000000000, 4.799999999999999822 ) ) ;
#172 = CARTESIAN_POINT ( 'NONE',  ( 1.784401076758502347, -3.277891600571085508E-16, -1.937499999999999112 ) ) ;
#173 = DIRECTION ( 'NONE',  ( -0.000000000000000000, -0.000000000000000000, 1.000000000000000000 ) ) ;
#174 = CARTESIAN_POINT ( 'NONE',  ( -1.338300807568876927, 0.7726683315065848712, 1.066666666666667096 ) ) ;
#175 = VERTEX_POINT ( 'NONE', #1050 ) ;
#176 = ADVANCED_FACE ( 'NONE', ( #1649 ), #1418, .T. ) ;
#177 = CARTESIAN_POINT ( 'NONE',  ( 1.154700538379251240, -2.000000000000001332, -2.404166666666692986 ) ) ;
#178 = CARTESIAN_POINT ( 'NONE',  ( 0.000000000000000000, 2.000000000000000888, -3.599999999999971667 ) ) ;
#179 = CARTESIAN_POINT ( 'NONE',  ( 1.338300807568876483, -0.7726683315065853153, -4.095833333333332327 ) ) ;
#180 = PERSON_AND_ORGANIZATION ( #1436, #2085 ) ;
#181 = CARTESIAN_POINT ( 'NONE',  ( -1.338300807568876927, 0.7726683315065848712, -0.2458333333333322934 ) ) ;
#182 = CARTESIAN_POINT ( 'NONE',  ( 0.000000000000000000, 1.767227771688608007, -4.778108891324561291 ) ) ;
#183 = CARTESIAN_POINT ( 'NONE',  ( 1.338300807568877593, 0.7726683315065835389, -2.579166666666665719 ) ) ;
#184 = CARTESIAN_POINT ( 'NONE',  ( 0.8922005383792507294, -1.545336663013169742, -4.154166666666665897 ) ) ;
#185 = CARTESIAN_POINT ( 'NONE',  ( 0.000000000000000000, 2.037888611415568985, -3.534375000000028244 ) ) ;
#186 = ORIENTED_EDGE ( 'NONE', *, *, #2063, .F. ) ;
#187 = CARTESIAN_POINT ( 'NONE',  ( -2.449293598294707400E-16, -2.000000000000000888, -1.849999999999971889 ) ) ;
#188 = CARTESIAN_POINT ( 'NONE',  ( -1.499999999999999778, 0.8660254037844382635, -3.582575694955841161 ) ) ;
#189 = CARTESIAN_POINT ( 'NONE',  ( -1.732050807568878303, -1.000000000000000000, 0.1333333333333615034 ) ) ;
#190 = CARTESIAN_POINT ( 'NONE',  ( 0.000000000000000000, 1.545336663013169298, -4.562499999999999112 ) ) ;
#191 = VECTOR ( 'NONE', #2005, 1000.000000000000000 ) ;
#192 = PERSON_AND_ORGANIZATION_ROLE ( 'classification_officer' ) ;
#193 = EDGE_CURVE ( 'NONE', #1141, #1744, #778, .T. ) ;
#194 = CARTESIAN_POINT ( 'NONE',  ( -0.8922005383792510624, 1.545336663013169520, -1.704166666666665497 ) ) ;
#195 = CARTESIAN_POINT ( 'NONE',  ( -1.732050807568878303, -1.000000000000000000, -4.066666666666638896 ) ) ;
#196 = AXIS2_PLACEMENT_3D ( 'NONE', #1612, #2395, #1952 ) ;
#197 = VERTEX_POINT ( 'NONE', #2038 ) ;
#198 = CARTESIAN_POINT ( 'NONE',  ( 0.000000000000000000, -3.299999999999999822, 1.000000000000000000 ) ) ;
#199 = CARTESIAN_POINT ( 'NONE',  ( -0.8922005383792517286, -1.545336663013168854, -2.170833333333332060 ) ) ;
#200 = CARTESIAN_POINT ( 'NONE',  ( 1.176575538379252439, 2.037888611415568096, -3.592708333333361814 ) ) ;
#201 = ORIENTED_EDGE ( 'NONE', *, *, #161, .T. ) ;
#202 = CARTESIAN_POINT ( 'NONE',  ( -1.154700538379252572, -2.000000000000000888, -3.920833333333359594 ) ) ;
#203 = CARTESIAN_POINT ( 'NONE',  ( 2.309401076758504257, -4.242300954899628645E-16, 0.5124999999999736433 ) ) ;
#204 = CARTESIAN_POINT ( 'NONE',  ( 0.000000000000000000, -7.562047915168481839E-56, -5.000000000000001776 ) ) ;
#205 = CARTESIAN_POINT ( 'NONE',  ( -1.338300807568877149, -0.7726683315065843161, -2.929166666666665808 ) ) ;
#206 = ORIENTED_EDGE ( 'NONE', *, *, #1108, .F. ) ;
#207 = CARTESIAN_POINT ( 'NONE',  ( -1.338300807568877149, -0.7726683315065843161, -1.529166666666665675 ) ) ;
#208 = EDGE_CURVE ( 'NONE', #1497, #1348, #45, .T. ) ;
#209 = CARTESIAN_POINT ( 'NONE',  ( -0.8199718585145996386, -1.309851729508645590, 0.5374999999999965361 ) ) ;
#210 = EDGE_LOOP ( 'NONE', ( #309, #1585, #1959, #2129 ) ) ;
#211 = VERTEX_POINT ( 'NONE', #651 ) ;
#212 = CARTESIAN_POINT ( 'NONE',  ( -1.892491597964129933E-16, -1.545336663013169298, -5.000000000000000000 ) ) ;
#213 =( BOUNDED_CURVE ( )  B_SPLINE_CURVE ( 2, ( #1991, #814, #968, #1802, #980, #1191, #2172 ),
 .UNSPECIFIED., .F., .F. ) 
 B_SPLINE_CURVE_WITH_KNOTS ( ( 3, 2, 2, 3 ),
 ( 0.7500000000000000000, 0.7666666666666667185, 0.7833333333333334370, 0.8000000000000001554 ),
 .UNSPECIFIED. ) 
 CURVE ( )  GEOMETRIC_REPRESENTATION_ITEM ( )  RATIONAL_B_SPLINE_CURVE ( ( 1.000000000000000000, 0.8660254037844387076, 1.000000000000000000, 0.8660254037844387076, 1.000000000000000000, 0.8660254037844378194, 1.000000000000000888 ) ) 
 REPRESENTATION_ITEM ( '' )  );
#214 = CARTESIAN_POINT ( 'NONE',  ( 1.784401076758502347, -3.277891600571085508E-16, -1.237499999999999156 ) ) ;
#215 = CARTESIAN_POINT ( 'NONE',  ( 1.338300807568877593, 0.7726683315065835389, 0.1333333333333333870 ) ) ;
#216 = VERTEX_POINT ( 'NONE', #635 ) ;
#217 = CARTESIAN_POINT ( 'NONE',  ( -0.2370386979262568417, 1.595196451512794988, 4.744900832287271442 ) ) ;
#218 = CARTESIAN_POINT ( 'NONE',  ( -2.449293598294707400E-16, -2.000000000000000888, -3.949999999999971756 ) ) ;
#219 = LINE ( 'NONE', #2144, #2163 ) ;
#220 = CARTESIAN_POINT ( 'NONE',  ( -2.309401076758504257, 1.414100318299876297E-16, -1.324999999999971756 ) ) ;
#221 = DATE_TIME_ROLE ( 'creation_date' ) ;
#222 = CARTESIAN_POINT ( 'NONE',  ( 0.000000000000000000, 1.545336663013169298, -3.162499999999999201 ) ) ;
#223 = FACE_OUTER_BOUND ( 'NONE', #547, .T. ) ;
#224 = LINE ( 'NONE', #171, #1303 ) ;
#225 = ADVANCED_FACE ( 'NONE', ( #1820 ), #847, .T. ) ;
#226 = CARTESIAN_POINT ( 'NONE',  ( 1.338300807568876483, -0.7726683315065853153, -1.295833333333332060 ) ) ;
#227 = CARTESIAN_POINT ( 'NONE',  ( -1.764863307568877326, -1.018944305707784048, -0.5010416666666948071 ) ) ;
#228 =( BOUNDED_CURVE ( )  B_SPLINE_CURVE ( 2, ( #1930, #2313, #2095, #1337, #339, #1124, #1111 ),
 .UNSPECIFIED., .F., .F. ) 
 B_SPLINE_CURVE_WITH_KNOTS ( ( 3, 2, 2, 3 ),
 ( 0.5999999999999999778, 0.6166666666666666963, 0.6333333333333331927, 0.6499999999999999112 ),
 .UNSPECIFIED. ) 
 CURVE ( )  GEOMETRIC_REPRESENTATION_ITEM ( )  RATIONAL_B_SPLINE_CURVE ( ( 1.000000000000000000, 0.8660254037844387076, 1.000000000000000000, 0.8660254037844387076, 1.000000000000000000, 0.8660254037844395958, 0.9999999999999991118 ) ) 
 REPRESENTATION_ITEM ( '' )  );
#229 = EDGE_LOOP ( 'NONE', ( #1913, #752, #2201, #2007, #1735 ) ) ;
#230 = CARTESIAN_POINT ( 'NONE',  ( 0.000000000000000000, 2.000000000000000888, -1.499999999999972022 ) ) ;
#231 = CARTESIAN_POINT ( 'NONE',  ( 0.8922005383792488420, -1.545336663013173073, -4.941666666666667318 ) ) ;
#232 = APPROVAL ( #776, 'UNSPECIFIED' ) ;
#233 = CARTESIAN_POINT ( 'NONE',  ( -1.338300807568876927, 0.7726683315065848712, -3.833333333333333037 ) ) ;
#234 = CARTESIAN_POINT ( 'NONE',  ( -1.861954618136542727, 2.280236763258549263E-16, 5.000000000000000000 ) ) ;
#235 = CALENDAR_DATE ( 2026, 8, 1 ) ;
#236 = CARTESIAN_POINT ( 'NONE',  ( -1.338300807568876927, 0.7726683315065848712, -1.645833333333332593 ) ) ;
#237 = CARTESIAN_POINT ( 'NONE',  ( -2.449293598294707400E-16, -2.000000000000000888, -3.949999999999971756 ) ) ;
#238 = CIRCLE ( 'NONE', #855, 3.500000000000000000 ) ;
#239 = CARTESIAN_POINT ( 'NONE',  ( -1.732050807568878081, 1.000000000000000666, 0.7166666666666948737 ) ) ;
#240 = LOCAL_TIME ( 12, 53, 28.00000000000000000, #1556 ) ;
#241 = CARTESIAN_POINT ( 'NONE',  ( -1.509440074223797890, -0.3311435706456249961, 0.5374999999999968692 ) ) ;
#242 = CARTESIAN_POINT ( 'NONE',  ( -1.764863307568877104, 1.018944305707784714, -2.717708333333361370 ) ) ;
#243 = EDGE_CURVE ( 'NONE', #1497, #832, #1387, .T. ) ;
#244 = CARTESIAN_POINT ( 'NONE',  ( -1.764863307568877326, -1.018944305707784048, -4.744791666666636765 ) ) ;
#245 = FACE_OUTER_BOUND ( 'NONE', #1515, .T. ) ;
#246 = CARTESIAN_POINT ( 'NONE',  ( -0.7015962156038475506, -1.482999969179251032, -4.908224385948526169 ) ) ;
#247 = CARTESIAN_POINT ( 'NONE',  ( -1.338300807568877149, -0.7726683315065843161, -2.229166666666665630 ) ) ;
#248 = CARTESIAN_POINT ( 'NONE',  ( -0.8922005383792510624, 1.545336663013169520, 0.3958333333333339810 ) ) ;
#249 = CARTESIAN_POINT ( 'NONE',  ( 1.399895010722479682, -1.406847533273554163, -4.582668207659580162 ) ) ;
#250 = DIRECTION ( 'NONE',  ( -0.000000000000000000, -7.562047915168481387E-57, -1.000000000000000000 ) ) ;
#251 = CARTESIAN_POINT ( 'NONE',  ( 1.732050807568877637, -1.000000000000001332, -1.033333333333305015 ) ) ;
#252 = CARTESIAN_POINT ( 'NONE',  ( -1.176575538379251107, 2.037888611415568985, 0.02395833333330467385 ) ) ;
#253 = ORIENTED_EDGE ( 'NONE', *, *, #2033, .T. ) ;
#254 = CARTESIAN_POINT ( 'NONE',  ( -1.764863307568877326, -1.018944305707784048, -1.244791666666637209 ) ) ;
#255 = CARTESIAN_POINT ( 'NONE',  ( -1.338300807568876927, 0.7726683315065848712, -3.133333333333332860 ) ) ;
#256 = CARTESIAN_POINT ( 'NONE',  ( -0.8922005383792510624, 1.545336663013169520, -5.291666666666666963 ) ) ;
#257 = CARTESIAN_POINT ( 'NONE',  ( -1.892491597964129933E-16, -1.545336663013169298, -2.112499999999998934 ) ) ;
#258 = EDGE_CURVE ( 'NONE', #685, #476, #2081, .T. ) ;
#259 = ORIENTED_EDGE ( 'NONE', *, *, #792, .F. ) ;
#260 = CARTESIAN_POINT ( 'NONE',  ( 1.338300807568877593, 0.7726683315065835389, 0.2208333333333341586 ) ) ;
#261 = DIRECTION ( 'NONE',  ( -0.000000000000000000, -7.562047915168481387E-57, -1.000000000000000000 ) ) ;
#262 = DIRECTION ( 'NONE',  ( 8.659560562354942719E-17, 0.7071067811865483499, 0.7071067811865467956 ) ) ;
#263 = CARTESIAN_POINT ( 'NONE',  ( -2.119660477117540687, 0.3286403588367342032, 0.7558293124012184228 ) ) ;
#264 = AXIS2_PLACEMENT_3D ( 'NONE', #1432, #858, #2226 ) ;
#265 = CARTESIAN_POINT ( 'NONE',  ( 0.000000000000000000, 2.037888611415568985, -2.134375000000028333 ) ) ;
#266 = CARTESIAN_POINT ( 'NONE',  ( 1.176575538379250663, -2.037888611415569429, -2.469791666666636853 ) ) ;
#267 = CARTESIAN_POINT ( 'NONE',  ( 0.000000000000000000, 1.545336663013169298, -3.949999999999999734 ) ) ;
#268 = CARTESIAN_POINT ( 'NONE',  ( -0.8922005383792517286, -1.545336663013168854, -5.058333333333333570 ) ) ;
#269 = CARTESIAN_POINT ( 'NONE',  ( 1.338300807568877593, 0.7726683315065835389, -0.4791666666666659635 ) ) ;
#270 = VERTEX_POINT ( 'NONE', #160 ) ;
#271 = CARTESIAN_POINT ( 'NONE',  ( 1.784401076758502347, -3.277891600571085508E-16, 0.8625000000000012657 ) ) ;
#272 = CARTESIAN_POINT ( 'NONE',  ( 0.1454694747033407898, -1.772208579583627319, -4.773128083428575863 ) ) ;
#273 = CARTESIAN_POINT ( 'NONE',  ( -1.778846999746465096, -0.6929981174142602063, -4.640248352310156754 ) ) ;
#274 = EDGE_CURVE ( 'NONE', #806, #175, #2402, .T. ) ;
#275 = CARTESIAN_POINT ( 'NONE',  ( -1.373518428129416380, -0.7154587019454697883, 0.5374999999999561240 ) ) ;
#276 = AXIS2_PLACEMENT_3D ( 'NONE', #2170, #1759, #2158 ) ;
#277 = CARTESIAN_POINT ( 'NONE',  ( 1.154700538379251240, -2.000000000000001332, -3.104166666666694052 ) ) ;
#278 = CARTESIAN_POINT ( 'NONE',  ( -2.495693764988920690E-16, -2.037888611415568985, -3.184375000000028155 ) ) ;
#279 = CARTESIAN_POINT ( 'NONE',  ( -1.176575538379251995, -2.037888611415568985, 0.2135416666666960783 ) ) ;
#280 = CARTESIAN_POINT ( 'NONE',  ( 0.8922005383792521727, 1.545336663013168854, -1.908333333333332993 ) ) ;
#281 = CARTESIAN_POINT ( 'NONE',  ( 0.000000000000000000, 1.545336663013169298, -4.649999999999999467 ) ) ;
#282 = CARTESIAN_POINT ( 'NONE',  ( 0.000000000000000000, 3.500000000000000000, -5.000000000000000000 ) ) ;
#283 = ORIENTED_EDGE ( 'NONE', *, *, #860, .F. ) ;
#284 = CARTESIAN_POINT ( 'NONE',  ( 1.784401076758502347, -3.277891600571085508E-16, -4.824999999999999289 ) ) ;
#285 = CARTESIAN_POINT ( 'NONE',  ( 0.2942003827620554568, -1.774925433856443080, -4.752090664366767747 ) ) ;
#286 = CARTESIAN_POINT ( 'NONE',  ( -0.8276197181753186527, -1.779449896893963601, -4.586656759070399048 ) ) ;
#287 = EDGE_CURVE ( 'NONE', #118, #65, #1922, .T. ) ;
#288 = CARTESIAN_POINT ( 'NONE',  ( -2.449293598294707400E-16, -2.000000000000000888, 0.3374999999999729328 ) ) ;
#289 = CARTESIAN_POINT ( 'NONE',  ( 0.000000000000000000, 1.545336663013169298, 1.037500000000001199 ) ) ;
#290 = CARTESIAN_POINT ( 'NONE',  ( 2.449293598294707893E-16, -2.000000000000000888, -5.000000000000000000 ) ) ;
#291 = EDGE_LOOP ( 'NONE', ( #2341, #2164, #1009, #2105 ) ) ;
#292 = CARTESIAN_POINT ( 'NONE',  ( 0.000000000000000000, 2.037888611415568985, -0.07812499999997057909 ) ) ;
#293 = CARTESIAN_POINT ( 'NONE',  ( 0.000000000000000000, 1.545336663013169298, -3.250000000000000000 ) ) ;
#294 = CARTESIAN_POINT ( 'NONE',  ( -1.784401076758502347, 1.092630533523695498E-16, -3.074999999999999289 ) ) ;
#295 = CC_DESIGN_PERSON_AND_ORGANIZATION_ASSIGNMENT ( #1178, #1604, ( #1132 ) ) ;
#296 = CARTESIAN_POINT ( 'NONE',  ( 0.8922005383792508404, -1.545336663013169742, 0.04583333333333435705 ) ) ;
#297 = VERTEX_POINT ( 'NONE', #1907 ) ;
#298 = CARTESIAN_POINT ( 'NONE',  ( -1.338300807568877149, -0.7726683315065843161, 0.5708333333333346360 ) ) ;
#299 = DIRECTION ( 'NONE',  ( 0.000000000000000000, 1.000000000000000000, -7.562047915168481387E-57 ) ) ;
#300 = CARTESIAN_POINT ( 'NONE',  ( -1.502775049956295517, 1.060683362695725496, -4.710040951512856289 ) ) ;
#301 = B_SPLINE_CURVE_WITH_KNOTS ( 'NONE', 3,
 ( #1971, #1765, #2198, #1908, #1957, #209 ),
 .UNSPECIFIED., .F., .F.,
 ( 4, 2, 4 ),
 ( 0.007447476835067062123, 0.007885975371193612235, 0.008324473907320162347 ),
 .UNSPECIFIED. ) ;
#302 = CARTESIAN_POINT ( 'NONE',  ( 1.500000000000000000, -2.095679045568001487E-20, 4.638045381863459049 ) ) ;
#303 = CARTESIAN_POINT ( 'NONE',  ( 0.000000000000000000, -2.873578207764022610E-56, 1.199999999999999734 ) ) ;
#304 = EDGE_CURVE ( 'NONE', #1827, #2466, #2099, .T. ) ;
#305 = CARTESIAN_POINT ( 'NONE',  ( -2.353151076758502658, 1.440889467031223773E-16, -2.003124999999970512 ) ) ;
#306 = CARTESIAN_POINT ( 'NONE',  ( 1.338300807568876483, -0.7726683315065853153, -1.383333333333332860 ) ) ;
#307 = CARTESIAN_POINT ( 'NONE',  ( -0.8922005383792510624, 1.545336663013169520, -0.3916666666666660523 ) ) ;
#308 = CARTESIAN_POINT ( 'NONE',  ( 0.3244505120075934501, -1.973507503218068448, -4.545336663013169520 ) ) ;
#309 = ORIENTED_EDGE ( 'NONE', *, *, #1235, .T. ) ;
#310 = CARTESIAN_POINT ( 'NONE',  ( -1.338300807568876927, 0.7726683315065848712, -0.3333333333333330373 ) ) ;
#311 = CARTESIAN_POINT ( 'NONE',  ( -1.154700538379251906, 2.000000000000000888, -1.354166666666692942 ) ) ;
#312 = CARTESIAN_POINT ( 'NONE',  ( -0.4886671917419052602, 1.722364739425345626, -4.759251144979122827 ) ) ;
#313 = ORIENTED_EDGE ( 'NONE', *, *, #38, .T. ) ;
#314 = CYLINDRICAL_SURFACE ( 'NONE', #1508, 2.000000000000000888 ) ;
#315 = AXIS2_PLACEMENT_3D ( 'NONE', #872, #1431, #299 ) ;
#316 = DIRECTION ( 'NONE',  ( -0.000000000000000000, -7.562047915168481387E-57, -1.000000000000000000 ) ) ;
#317 = ORIENTED_EDGE ( 'NONE', *, *, #274, .F. ) ;
#318 = CARTESIAN_POINT ( 'NONE',  ( -0.8922005383792517286, -1.545336663013168854, -3.570833333333331971 ) ) ;
#319 = ADVANCED_FACE ( 'NONE', ( #932 ), #1894, .T. ) ;
#320 = CARTESIAN_POINT ( 'NONE',  ( -1.338300807568877149, -0.7726683315065843161, -0.2166666666666662300 ) ) ;
#321 = CARTESIAN_POINT ( 'NONE',  ( -1.338300807568877149, -0.7726683315065843161, -0.2166666666666662300 ) ) ;
#322 = AXIS2_PLACEMENT_3D ( 'NONE', #524, #134, #921 ) ;
#323 = CONICAL_SURFACE ( 'NONE', #648, 3.500000000000000000, 0.7853981633974472798 ) ;
#324 = ORIENTED_EDGE ( 'NONE', *, *, #1636, .F. ) ;
#325 = B_SPLINE_CURVE_WITH_KNOTS ( 'NONE', 3,
 ( #401, #1028, #217, #1965, #977, #1399, #1758, #2526 ),
 .UNSPECIFIED., .F., .F.,
 ( 4, 2, 2, 4 ),
 ( 2.544365555416902663E-07, 0.0004475380576734571932, 0.0008948216787913726824, 0.001789388921027203119 ),
 .UNSPECIFIED. ) ;
#326 = CARTESIAN_POINT ( 'NONE',  ( 1.338300807568876483, -0.7726683315065853153, 0.01666666666666656582 ) ) ;
#327 = DIRECTION ( 'NONE',  ( -0.000000000000000000, -7.562047915168481387E-57, -1.000000000000000000 ) ) ;
#328 = FACE_OUTER_BOUND ( 'NONE', #1366, .T. ) ;
#329 = PRODUCT_DEFINITION_SHAPE ( 'NONE', 'NONE',  #1833 ) ;
#330 = CARTESIAN_POINT ( 'NONE',  ( 0.000000000000000000, 2.000000000000000888, -5.000000000000000000 ) ) ;
#331 = CARTESIAN_POINT ( 'NONE',  ( 1.764863307568876660, -1.018944305707785380, 0.4322916666666381524 ) ) ;
#332 = CARTESIAN_POINT ( 'NONE',  ( 0.000000000000000000, 1.545336663013169298, -3.162499999999999201 ) ) ;
#333 = CARTESIAN_POINT ( 'NONE',  ( -1.784401076758502347, 1.092630533523695498E-16, -5.087499999999999467 ) ) ;
#334 = CARTESIAN_POINT ( 'NONE',  ( -0.8922005383792510624, 1.545336663013169520, -2.491666666666666252 ) ) ;
#335 = ADVANCED_FACE ( 'NONE', ( #123 ), #2455, .T. ) ;
#336 = ORIENTED_EDGE ( 'NONE', *, *, #1076, .F. ) ;
#337 = LINE ( 'NONE', #1122, #901 ) ;
#338 = CARTESIAN_POINT ( 'NONE',  ( -0.8922005383792517286, -1.545336663013168854, 0.5416666666666668517 ) ) ;
#339 = CARTESIAN_POINT ( 'NONE',  ( -1.732050807568878303, -1.000000000000000000, -0.5666666666666386742 ) ) ;
#340 = CARTESIAN_POINT ( 'NONE',  ( 0.000000000000000000, 3.500000000000000000, 4.799999999999999822 ) ) ;
#341 = EDGE_CURVE ( 'NONE', #1912, #211, #1154, .T. ) ;
#342 = ORIENTED_EDGE ( 'NONE', *, *, #2438, .T. ) ;
#343 = DIRECTION ( 'NONE',  ( 0.000000000000000000, 1.000000000000000000, 0.000000000000000000 ) ) ;
#344 = CARTESIAN_POINT ( 'NONE',  ( 0.4852960034456635929, -1.451865029342874092, 4.662699326111870768 ) ) ;
#345 = CARTESIAN_POINT ( 'NONE',  ( -1.338300807568876927, 0.7726683315065848712, -3.045833333333332060 ) ) ;
#346 = CARTESIAN_POINT ( 'NONE',  ( -1.338300807568876927, 0.7726683315065848712, -4.445833333333331971 ) ) ;
#347 = CARTESIAN_POINT ( 'NONE',  ( 0.8922005383792521727, 1.545336663013168854, -1.208333333333333037 ) ) ;
#348 = VERTEX_POINT ( 'NONE', #2111 ) ;
#349 = ORIENTED_EDGE ( 'NONE', *, *, #1193, .T. ) ;
#350 = CARTESIAN_POINT ( 'NONE',  ( 0.000000000000000000, 3.781023957584240920E-56, 5.000000000000000000 ) ) ;
#351 = CARTESIAN_POINT ( 'NONE',  ( 0.000000000000000000, 1.545336663013169298, -0.4499999999999999001 ) ) ;
#352 = CARTESIAN_POINT ( 'NONE',  ( 1.310721722509714748, 1.274365713443173398, 0.6986753837272395851 ) ) ;
#353 = LINE ( 'NONE', #2109, #116 ) ;
#354 = ORIENTED_EDGE ( 'NONE', *, *, #2173, .T. ) ;
#355 = EDGE_CURVE ( 'NONE', #1973, #270, #1134, .T. ) ;
#356 = CARTESIAN_POINT ( 'NONE',  ( -1.237304748517611630, 1.539874958855174558, 0.7818729922706844082 ) ) ;
#357 = DIRECTION ( 'NONE',  ( 0.000000000000000000, 1.000000000000000000, 0.000000000000000000 ) ) ;
#358 = CARTESIAN_POINT ( 'NONE',  ( -1.764863307568877104, 1.018944305707784714, 0.7385416666666964058 ) ) ;
#359 = CARTESIAN_POINT ( 'NONE',  ( 0.8922005383792508404, -1.545336663013169742, -0.04166666666666641455 ) ) ;
#360 = CARTESIAN_POINT ( 'NONE',  ( 1.784401076758502347, -3.277891600571085508E-16, 0.7750000000000004663 ) ) ;
#361 = AXIS2_PLACEMENT_3D ( 'NONE', #644, #261, #2432 ) ;
#362 = ORIENTED_EDGE ( 'NONE', *, *, #53, .F. ) ;
#363 = DIRECTION ( 'NONE',  ( -0.8660254037844388186, 0.4999999999999998335, -3.781023957584238995E-57 ) ) ;
#364 = CARTESIAN_POINT ( 'NONE',  ( 0.000000000000000000, -7.562047915168480934E-56, -5.000000000000000000 ) ) ;
#365 = CARTESIAN_POINT ( 'NONE',  ( 0.2297322250604139360, -1.612030947869633968, 0.5760059633163602255 ) ) ;
#366 = DIRECTION ( 'NONE',  ( 0.000000000000000000, 7.562047915168481387E-57, 1.000000000000000000 ) ) ;
#367 = VECTOR ( 'NONE', #1635, 999.9999999999998863 ) ;
#368 = ORIENTED_EDGE ( 'NONE', *, *, #1235, .F. ) ;
#369 = ORIENTED_EDGE ( 'NONE', *, *, #2153, .F. ) ;
#370 = CYLINDRICAL_SURFACE ( 'NONE', #819, 2.000000000000000888 ) ;
#371 = AXIS2_PLACEMENT_3D ( 'NONE', #1506, #522, #1519 ) ;
#372 = EDGE_CURVE ( 'NONE', #2149, #1497, #2536, .T. ) ;
#373 = CARTESIAN_POINT ( 'NONE',  ( 0.8922005383792507294, -1.545336663013169742, -0.6541666666666657859 ) ) ;
#374 = CARTESIAN_POINT ( 'NONE',  ( -0.8922005383792510624, 1.545336663013169520, -5.204166666666666607 ) ) ;
#375 = CARTESIAN_POINT ( 'NONE',  ( 1.764863307568877993, 1.018944305707782938, -4.351041666666694674 ) ) ;
#376 = ORIENTED_EDGE ( 'NONE', *, *, #1893, .T. ) ;
#377 = ORIENTED_EDGE ( 'NONE', *, *, #1636, .T. ) ;
#378 = ORIENTED_EDGE ( 'NONE', *, *, #1845, .T. ) ;
#379 = DIRECTION ( 'NONE',  ( -0.000000000000000000, -7.562047915168481387E-57, -1.000000000000000000 ) ) ;
#380 = LINE ( 'NONE', #1940, #1713 ) ;
#381 = CALENDAR_DATE ( 2026, 8, 1 ) ;
#382 = CARTESIAN_POINT ( 'NONE',  ( 0.8922005383792507294, -1.545336663013169742, -3.454166666666665719 ) ) ;
#383 =( BOUNDED_CURVE ( )  B_SPLINE_CURVE ( 2, ( #1748, #1773, #1581, #419, #1017, #1941, #1364, #1954, #190, #2360, #1980, #1761, #2185, #775, #1389, #1203, #179, #1005, #1353, #592, #1787, #28, #1375, #2376, #430, #2530, #1216, #1968, #2324, #2338, #2160, #7, #788, #392, #1540, #568, #205, #1555, #2145, #1568, #17, #603, #2441, #1083, #683, #880, #1277, #90, #247, #1865, #257, #468, #1457, #2032, #1069, #52, #2043, #1825, #2397, #869, #1055, #1628, #1239, #455, #2209, #1468, #2384, #1251, #1226, #1033, #1853, #657, #1614, #641, #1815, #669, #1655, #2249, #269, #64, #2222, #1043, #1839, #2235, #78, #494, #2057, #296, #840, #1427, #1643, #629, #828, #2019, #1603, #1411, #2196 ),
 .UNSPECIFIED., .F., .F. ) 
 B_SPLINE_CURVE_WITH_KNOTS ( ( 3, 2, 2, 2, 2, 2, 2, 2, 2, 2, 2, 2, 2, 2, 2, 2, 2, 2, 2, 2, 2, 2, 2, 2, 2, 2, 2, 2, 2, 2, 2, 2, 2, 2, 2, 2, 2, 2, 2, 2, 2, 2, 2, 2, 2, 2, 2, 2, 3 ),
 ( 0.03940407935503775771, 0.05223733525130788702, 0.06964978033507718269, 0.08706222541884646449, 0.1044746705026157740, 0.1218871155863850836, 0.1392995606701543654, 0.1567120057539236333, 0.1741244508376929567, 0.1915368959214622524, 0.2089493410052315481, 0.2263617860890008160, 0.2437742311727701394, 0.2611866762565394073, 0.2785991213403087308, 0.2960115664240779987, 0.3134240115078473221, 0.3308364565916165900, 0.3482489016753859135, 0.3656613467591551814, 0.3830737918429244493, 0.4004862369266937727, 0.4178986820104631517, 0.4353111270942324196, 0.4527235721780016875, 0.4701360172617709554, 0.4875484623455402788, 0.5049609074293095468, 0.5223733525130788147, 0.5397857975968481936, 0.5571982426806174615, 0.5746106877643868405, 0.5920231328481561084, 0.6094355779319253763, 0.6268480230156946442, 0.6442604680994640232, 0.6616729131832332911, 0.6790853582670025590, 0.6964978033507718269, 0.7139102484345412059, 0.7313226935183103627, 0.7487351386020797417, 0.7661475836858490096, 0.7835600287696182775, 0.8009724738533876565, 0.8183849189371568134, 0.8357973640209261923, 0.8532098091046955712, 0.8654382328755561016 ),
 .UNSPECIFIED. ) 
 CURVE ( )  GEOMETRIC_REPRESENTATION_ITEM ( )  RATIONAL_B_SPLINE_CURVE ( ( 0.9480652107226168468, 0.9012585384440692238, 1.000000000000000000, 0.8660254037844387076, 1.000000000000000000, 0.8660254037844387076, 1.000000000000000000, 0.8660254037844387076, 1.000000000000000000, 0.8660254037844387076, 1.000000000000000000, 0.8660254037844387076, 1.000000000000000000, 0.8660254037844387076, 1.000000000000000000, 0.8660254037844387076, 1.000000000000000000, 0.8660254037844387076, 1.000000000000000000, 0.8660254037844387076, 1.000000000000000000, 0.8660254037844387076, 1.000000000000000000, 0.8660254037844387076, 1.000000000000000000, 0.8660254037844387076, 1.000000000000000000, 0.8660254037844387076, 1.000000000000000000, 0.8660254037844387076, 1.000000000000000000, 0.8660254037844387076, 1.000000000000000000, 0.8660254037844387076, 1.000000000000000000, 0.8660254037844387076, 1.000000000000000000, 0.8660254037844387076, 1.000000000000000000, 0.8660254037844387076, 1.000000000000000000, 0.8660254037844387076, 1.000000000000000000, 0.8660254037844387076, 1.000000000000000000, 0.8660254037844387076, 1.000000000000000000, 0.8660254037844387076, 1.000000000000000000, 0.8660254037844387076, 1.000000000000000000, 0.8660254037844387076, 1.000000000000000000, 0.8660254037844387076, 1.000000000000000000, 0.8660254037844387076, 1.000000000000000000, 0.8660254037844387076, 1.000000000000000000, 0.8660254037844387076, 1.000000000000000000, 0.8660254037844387076, 1.000000000000000000, 0.8660254037844387076, 1.000000000000000000, 0.8660254037844387076, 1.000000000000000000, 0.8660254037844387076, 1.000000000000000000, 0.8660254037844387076, 1.000000000000000000, 0.8660254037844387076, 1.000000000000000000, 0.8660254037844387076, 1.000000000000000000, 0.8660254037844387076, 1.000000000000000000, 0.8660254037844387076, 1.000000000000000000, 0.8660254037844387076, 1.000000000000000000, 0.8660254037844387076, 1.000000000000000000, 0.8660254037844387076, 1.000000000000000000, 0.8660254037844387076, 1.000000000000000000, 0.8660254037844387076, 1.000000000000000000, 0.8660254037844387076, 1.000000000000000000, 0.8660254037844387076, 1.000000000000000000, 0.8660254037844387076, 1.000000000000000000, 0.9059122294903357853, 0.9439765058543312382 ) ) 
 REPRESENTATION_ITEM ( '' )  );
#384 = ORIENTED_EDGE ( 'NONE', *, *, #1470, .T. ) ;
#385 = DIRECTION ( 'NONE',  ( -0.000000000000000000, -7.562047915168481387E-57, -1.000000000000000000 ) ) ;
#386 = CARTESIAN_POINT ( 'NONE',  ( 0.000000000000000000, 1.545336663013169298, -0.3624999999999991007 ) ) ;
#387 = CARTESIAN_POINT ( 'NONE',  ( -1.892491597964129933E-16, -1.545336663013169298, -4.212499999999999467 ) ) ;
#388 = CARTESIAN_POINT ( 'NONE',  ( -1.892491597964129933E-16, -1.545336663013169298, 0.5999999999999998668 ) ) ;
#389 = EDGE_CURVE ( 'NONE', #1070, #1684, #1101, .T. ) ;
#390 = LINE ( 'NONE', #2323, #1676 ) ;
#391 = DIRECTION ( 'NONE',  ( -0.000000000000000000, -7.562047915168481387E-57, -1.000000000000000000 ) ) ;
#392 = CARTESIAN_POINT ( 'NONE',  ( -0.8922005383792511735, 1.545336663013169520, -3.104166666666665630 ) ) ;
#393 = PERSON_AND_ORGANIZATION ( #1436, #2085 ) ;
#394 = ORIENTED_EDGE ( 'NONE', *, *, #792, .T. ) ;
#395 = CARTESIAN_POINT ( 'NONE',  ( 0.8922005383792507294, -1.545336663013169742, -2.754166666666665986 ) ) ;
#396 = VERTEX_POINT ( 'NONE', #2483 ) ;
#397 = CARTESIAN_POINT ( 'NONE',  ( 1.656963258918812354, 0.1963552219701054091, -4.880317904206937563 ) ) ;
#398 = CARTESIAN_POINT ( 'NONE',  ( 0.000000000000000000, 1.545336663013169298, -1.762499999999998845 ) ) ;
#399 = CARTESIAN_POINT ( 'NONE',  ( -2.353151076758502658, 1.440889467031223773E-16, -4.759375000000028777 ) ) ;
#400 = EDGE_CURVE ( 'NONE', #1458, #1516, #2087, .T. ) ;
#401 = CARTESIAN_POINT ( 'NONE',  ( -3.745615662190465085E-16, 1.732050807568877415, 4.870096189432334910 ) ) ;
#402 = CARTESIAN_POINT ( 'NONE',  ( 0.000000000000000000, 0.000000000000000000, 0.8000000000000003775 ) ) ;
#403 = CARTESIAN_POINT ( 'NONE',  ( 0.000000000000000000, 2.000000000000000888, -4.299999999999971401 ) ) ;
#404 = CARTESIAN_POINT ( 'NONE',  ( 0.000000000000000000, 2.000000000000000888, -1.499999999999972022 ) ) ;
#405 = VECTOR ( 'NONE', #1510, 1000.000000000000000 ) ;
#406 = CALENDAR_DATE ( 2026, 8, 1 ) ;
#407 = CARTESIAN_POINT ( 'NONE',  ( 1.338300807568876483, -0.7726683315065853153, 0.1041666666666673374 ) ) ;
#408 = PLANE ( 'NONE',  #2200 ) ;
#409 = CONICAL_SURFACE ( 'NONE', #117, 1732.050807568858318, 1.047197551196592968 ) ;
#410 = CC_DESIGN_SECURITY_CLASSIFICATION ( #938, ( #1883 ) ) ;
#411 = ORIENTED_EDGE ( 'NONE', *, *, #574, .T. ) ;
#412 = DIRECTION ( 'NONE',  ( 1.000000000000000000, 1.224646799147353207E-16, -9.260837774309996014E-73 ) ) ;
#413 = CARTESIAN_POINT ( 'NONE',  ( -1.784401076758502347, 1.092630533523695498E-16, 0.5125000000000007327 ) ) ;
#414 = CARTESIAN_POINT ( 'NONE',  ( 1.784401076758502347, -3.277891600571085508E-16, 0.07500000000000039968 ) ) ;
#415 =( BOUNDED_CURVE ( )  B_SPLINE_CURVE ( 2, ( #1584, #985, #2304, #2365, #195, #607, #237 ),
 .UNSPECIFIED., .F., .T. ) 
 B_SPLINE_CURVE_WITH_KNOTS ( ( 3, 2, 2, 3 ),
 ( 0.1000000000000001305, 0.1166666666666667795, 0.1333333333333334147, 0.1500000000000000777 ),
 .UNSPECIFIED. ) 
 CURVE ( )  GEOMETRIC_REPRESENTATION_ITEM ( )  RATIONAL_B_SPLINE_CURVE ( ( 0.9999999999999988898, 0.8660254037844397068, 1.000000000000000000, 0.8660254037844387076, 1.000000000000000000, 0.8660254037844380415, 1.000000000000000666 ) ) 
 REPRESENTATION_ITEM ( '' )  );
#416 = CARTESIAN_POINT ( 'NONE',  ( 1.176575538379252439, 2.037888611415568096, -3.636458333333303816 ) ) ;
#417 = DIRECTION ( 'NONE',  ( -0.000000000000000000, -7.562047915168481387E-57, -1.000000000000000000 ) ) ;
#418 = FACE_OUTER_BOUND ( 'NONE', #894, .T. ) ;
#419 = CARTESIAN_POINT ( 'NONE',  ( 0.8922005383792508404, -1.545336663013169742, -4.854166666666664298 ) ) ;
#420 = PERSON_AND_ORGANIZATION ( #1436, #2085 ) ;
#421 = CARTESIAN_POINT ( 'NONE',  ( 1.784401076758502347, -3.277891600571085508E-16, -2.637499999999998845 ) ) ;
#422 = DIRECTION ( 'NONE',  ( 0.000000000000000000, 0.000000000000000000, -1.000000000000000000 ) ) ;
#423 = ADVANCED_FACE ( 'NONE', ( #109 ), #1231, .T. ) ;
#424 = CARTESIAN_POINT ( 'NONE',  ( 0.1081541524480099381, 1.763307646398542872, -4.782029016614670169 ) ) ;
#425 = CARTESIAN_POINT ( 'NONE',  ( -1.892491597964129933E-16, -1.545336663013169298, 0.6875000000000006661 ) ) ;
#426 = CARTESIAN_POINT ( 'NONE',  ( 2.353151076758502658, -4.322668401093671811E-16, -3.009375000000027889 ) ) ;
#427 = CARTESIAN_POINT ( 'NONE',  ( 1.732050807568878970, 0.9999999999999988898, -1.616666666666638719 ) ) ;
#428 = CARTESIAN_POINT ( 'NONE',  ( 1.154700538379251240, -2.000000000000001332, 0.3958333333333067805 ) ) ;
#429 = CARTESIAN_POINT ( 'NONE',  ( -1.892491597964129933E-16, -1.545336663013169298, -4.299999999999999822 ) ) ;
#430 = CARTESIAN_POINT ( 'NONE',  ( -1.338300807568877149, -0.7726683315065843161, -3.629166666666665542 ) ) ;
#431 = CARTESIAN_POINT ( 'NONE',  ( -1.892491597964129933E-16, -1.545336663013169298, -1.412499999999998757 ) ) ;
#432 = CARTESIAN_POINT ( 'NONE',  ( -2.449293598294707400E-16, -2.000000000000000888, -1.149999999999971712 ) ) ;
#433 = EDGE_CURVE ( 'NONE', #1899, #806, #1189, .T. ) ;
#434 = CARTESIAN_POINT ( 'NONE',  ( 0.000000000000000000, 2.000000000000000888, 0.6000000000000280664 ) ) ;
#435 = CARTESIAN_POINT ( 'NONE',  ( 2.353151076758502658, -4.322668401093671811E-16, -1.609375000000028200 ) ) ;
#436 = CARTESIAN_POINT ( 'NONE',  ( 1.732050807568877637, -1.000000000000001332, -1.733333333333305193 ) ) ;
#437 = ORIENTED_EDGE ( 'NONE', *, *, #2327, .T. ) ;
#438 = LINE ( 'NONE', #188, #1633 ) ;
#439 = CARTESIAN_POINT ( 'NONE',  ( 1.166193027847816071E-11, -1.752363885845930280, -4.792972777167239684 ) ) ;
#440 = DIRECTION ( 'NONE',  ( -0.000000000000000000, -7.562047915168481387E-57, -1.000000000000000000 ) ) ;
#441 = CONICAL_SURFACE ( 'NONE', #276, 1732.050807568858318, 1.047197551196592968 ) ;
#442 = CARTESIAN_POINT ( 'NONE',  ( 0.6705224285318128752, -1.392287712683149881, 1.437116993227389283 ) ) ;
#443 = CARTESIAN_POINT ( 'NONE',  ( -1.953542047311153107, -0.4285714285709590343, 0.8000000000000007105 ) ) ;
#444 = AXIS2_PLACEMENT_3D ( 'NONE', #1994, #741, #818 ) ;
#445 = CARTESIAN_POINT ( 'NONE',  ( -1.487299629986147398, -0.4320655777625647675, 0.5374999999999973133 ) ) ;
#446 = VECTOR ( 'NONE', #663, 1000.000000000000114 ) ;
#447 = B_SPLINE_CURVE_WITH_KNOTS ( 'NONE', 3,
 ( #2215, #1608, #2388, #634, #275, #460, #445, #1244 ),
 .UNSPECIFIED., .F., .F.,
 ( 4, 2, 2, 4 ),
 ( 0.000000000000000000, 0.0006189346627642867233, 0.0009284019941464301392, 0.001237869325528573664 ),
 .UNSPECIFIED. ) ;
#448 = DIRECTION ( 'NONE',  ( -0.000000000000000000, -7.562047915168481387E-57, -1.000000000000000000 ) ) ;
#449 = CARTESIAN_POINT ( 'NONE',  ( 1.176575538379250663, -2.037888611415569429, -1.726041666666695118 ) ) ;
#450 = ORIENTED_EDGE ( 'NONE', *, *, #1591, .F. ) ;
#451 = ADVANCED_FACE ( 'NONE', ( #729 ), #314, .T. ) ;
#452 = CARTESIAN_POINT ( 'NONE',  ( -2.353151076758502658, 1.440889467031223773E-16, -2.703124999999970690 ) ) ;
#453 = CARTESIAN_POINT ( 'NONE',  ( -1.338300807568877149, -0.7726683315065843161, -3.716666666666666341 ) ) ;
#454 = CARTESIAN_POINT ( 'NONE',  ( -0.2143618330590322807, -1.711908594830809482, -4.823382087745121005 ) ) ;
#455 = CARTESIAN_POINT ( 'NONE',  ( 0.8922005383792508404, -1.545336663013169742, -1.354166666666665853 ) ) ;
#456 = ORIENTED_EDGE ( 'NONE', *, *, #1454, .T. ) ;
#457 = CARTESIAN_POINT ( 'NONE',  ( 0.8922005383792521727, 1.545336663013168854, 0.9791666666666672958 ) ) ;
#458 = CYLINDRICAL_SURFACE ( 'NONE', #487, 2.000000000000000888 ) ;
#459 = CARTESIAN_POINT ( 'NONE',  ( -1.162401438479677696, 1.417116282780530589, -4.728938342614894097 ) ) ;
#460 = CARTESIAN_POINT ( 'NONE',  ( -1.455522201302579033, -0.5290455066588272137, 0.5374999999999561240 ) ) ;
#461 = CARTESIAN_POINT ( 'NONE',  ( 1.154700538379251240, -2.000000000000001332, -1.091666666666639030 ) ) ;
#462 = CARTESIAN_POINT ( 'NONE',  ( -1.764863307568877104, 1.018944305707784714, -2.017708333333361637 ) ) ;
#463 = CARTESIAN_POINT ( 'NONE',  ( -2.495693764988920690E-16, -2.037888611415568985, -1.828124999999970468 ) ) ;
#464 =( BOUNDED_CURVE ( )  B_SPLINE_CURVE ( 2, ( #727, #2314, #2492, #132, #2096, #1113, #1541 ),
 .UNSPECIFIED., .F., .T. ) 
 B_SPLINE_CURVE_WITH_KNOTS ( ( 3, 2, 2, 3 ),
 ( 0.2071699281526708791, 0.2238365948193375976, 0.2405032614860042051, 0.2571699281526709235 ),
 .UNSPECIFIED. ) 
 CURVE ( )  GEOMETRIC_REPRESENTATION_ITEM ( )  RATIONAL_B_SPLINE_CURVE ( ( 1.000000000000000000, 0.8660254037844387076, 1.000000000000000000, 0.8660254037844387076, 1.000000000000000000, 0.8660254037844387076, 1.000000000000000000 ) ) 
 REPRESENTATION_ITEM ( '' )  );
#465 = ADVANCED_FACE ( 'NONE', ( #960 ), #1753, .F. ) ;
#466 = CARTESIAN_POINT ( 'NONE',  ( 0.000000000000000000, 1.545336663013169298, -2.549999999999999822 ) ) ;
#467 = CARTESIAN_POINT ( 'NONE',  ( 1.338300807568877593, 0.7726683315065835389, -4.066666666666666430 ) ) ;
#468 = CARTESIAN_POINT ( 'NONE',  ( 0.8922005383792508404, -1.545336663013169742, -2.054166666666665364 ) ) ;
#469 = VERTEX_POINT ( 'NONE', #1741 ) ;
#470 = CARTESIAN_POINT ( 'NONE',  ( 1.784401076758502347, -3.277891600571085508E-16, -4.125000000000000000 ) ) ;
#471 = CARTESIAN_POINT ( 'NONE',  ( 1.147706031416771744, -1.568444587795844836, -4.623870604288512709 ) ) ;
#472 = CARTESIAN_POINT ( 'NONE',  ( -1.140162306244987711, -1.580128619877555485, -4.600694386803350078 ) ) ;
#473 = CARTESIAN_POINT ( 'NONE',  ( 0.000000000000000000, -1.512409583033693221E-57, 4.799999999999999822 ) ) ;
#474 = CARTESIAN_POINT ( 'NONE',  ( 0.8922005383792521727, 1.545336663013168854, 0.9791666666666672958 ) ) ;
#475 = CARTESIAN_POINT ( 'NONE',  ( 1.764863307568877993, 1.018944305707782938, -0.1510416666666951346 ) ) ;
#476 = VERTEX_POINT ( 'NONE', #11 ) ;
#477 = CARTESIAN_POINT ( 'NONE',  ( -1.764863307568877326, -1.018944305707784048, -2.644791666666637120 ) ) ;
#478 = CARTESIAN_POINT ( 'NONE',  ( 1.338300807568877593, 0.7726683315065835389, -4.066666666666666430 ) ) ;
#479 = CARTESIAN_POINT ( 'NONE',  ( -1.338300807568877149, -0.7726683315065843161, -5.116666666666666252 ) ) ;
#480 = DIRECTION ( 'NONE',  ( 0.000000000000000000, 1.000000000000000000, 0.000000000000000000 ) ) ;
#481 = EDGE_CURVE ( 'NONE', #2477, #1684, #978, .T. ) ;
#482 = ORIENTED_EDGE ( 'NONE', *, *, #1370, .T. ) ;
#483 = CARTESIAN_POINT ( 'NONE',  ( 0.000000000000000000, 1.545336663013169298, 0.3375000000000010214 ) ) ;
#484 = CARTESIAN_POINT ( 'NONE',  ( -1.154700538379252572, -2.000000000000000888, -1.820833333333359727 ) ) ;
#485 = CARTESIAN_POINT ( 'NONE',  ( -0.9507929412297507765, 1.555022198691192070, -4.739191786942765106 ) ) ;
#486 = CARTESIAN_POINT ( 'NONE',  ( -2.449293598294707400E-16, -2.000000000000000888, -2.462500000000026557 ) ) ;
#487 = AXIS2_PLACEMENT_3D ( 'NONE', #1817, #1447, #2010 ) ;
#488 = DIRECTION ( 'NONE',  ( 0.000000000000000000, 1.000000000000000000, 0.000000000000000000 ) ) ;
#489 = CARTESIAN_POINT ( 'NONE',  ( 0.000000000000000000, 2.000000000000000888, -3.599999999999971667 ) ) ;
#490 = CC_DESIGN_APPROVAL ( #232, ( #1833 ) ) ;
#491 = CARTESIAN_POINT ( 'NONE',  ( 1.176575538379250663, -2.037888611415569429, -0.3697916666666372087 ) ) ;
#492 = CARTESIAN_POINT ( 'NONE',  ( -1.338300807568876927, 0.7726683315065848712, -1.733333333333333171 ) ) ;
#493 = CARTESIAN_POINT ( 'NONE',  ( -1.892491597964129933E-16, -1.545336663013169298, -1.499999999999999556 ) ) ;
#494 = CARTESIAN_POINT ( 'NONE',  ( -0.8922005383792517286, -1.545336663013168854, -0.07083333333333247106 ) ) ;
#495 = EDGE_LOOP ( 'NONE', ( #953, #793, #1199, #2393 ) ) ;
#496 = ORIENTED_EDGE ( 'NONE', *, *, #287, .F. ) ;
#497 = CARTESIAN_POINT ( 'NONE',  ( 0.3527281774877110698, -1.545336663013169520, 1.410561867224187083 ) ) ;
#498 = FACE_OUTER_BOUND ( 'NONE', #2443, .T. ) ;
#499 = DIRECTION ( 'NONE',  ( -0.000000000000000000, -7.562047915168481387E-57, -1.000000000000000000 ) ) ;
#500 = CARTESIAN_POINT ( 'NONE',  ( -2.449293598294707400E-16, -2.000000000000000888, -2.462500000000026557 ) ) ;
#501 = CARTESIAN_POINT ( 'NONE',  ( -1.154700538379251906, 2.000000000000000888, -3.454166666666693697 ) ) ;
#502 = CARTESIAN_POINT ( 'NONE',  ( 0.000000000000000000, 8.843436600416711296E-72, 5.000000000000000000 ) ) ;
#503 = PRODUCT_RELATED_PRODUCT_CATEGORY ( 'detail', '', ( #1132 ) ) ;
#504 = CARTESIAN_POINT ( 'NONE',  ( -1.764863307568877104, 1.018944305707784714, -2.061458333333303639 ) ) ;
#505 = CARTESIAN_POINT ( 'NONE',  ( -1.338300807568876927, 0.7726683315065848712, -4.533333333333333215 ) ) ;
#506 = CARTESIAN_POINT ( 'NONE',  ( -1.338300807568877149, -0.7726683315065843161, -3.016666666666666607 ) ) ;
#507 = CARTESIAN_POINT ( 'NONE',  ( 2.309401076758504257, -4.242300954899628645E-16, -4.387500000000025935 ) ) ;
#508 = ORIENTED_EDGE ( 'NONE', *, *, #951, .T. ) ;
#509 = VERTEX_POINT ( 'NONE', #585 ) ;
#510 = CARTESIAN_POINT ( 'NONE',  ( 1.338300807568877593, 0.7726683315065835389, -0.5666666666666666519 ) ) ;
#511 = CARTESIAN_POINT ( 'NONE',  ( -1.732050807568878081, 1.000000000000000666, -1.295833333333360260 ) ) ;
#512 = CARTESIAN_POINT ( 'NONE',  ( -0.6085322736873494121, 1.689010922309393647, -4.754224176802519963 ) ) ;
#513 =( BOUNDED_CURVE ( )  B_SPLINE_CURVE ( 2, ( #639, #1425, #991, #1373, #1175, #5, #1386 ),
 .UNSPECIFIED., .F., .F. ) 
 B_SPLINE_CURVE_WITH_KNOTS ( ( 3, 2, 2, 3 ),
 ( 0.2500000000000000000, 0.2666666666666666630, 0.2833333333333333814, 0.3000000000000000444 ),
 .UNSPECIFIED. ) 
 CURVE ( )  GEOMETRIC_REPRESENTATION_ITEM ( )  RATIONAL_B_SPLINE_CURVE ( ( 1.000000000000000000, 0.8660254037844387076, 1.000000000000000000, 0.8660254037844387076, 1.000000000000000000, 0.8660254037844382635, 1.000000000000000444 ) ) 
 REPRESENTATION_ITEM ( '' )  );
#514 = EDGE_CURVE ( 'NONE', #1141, #509, #224, .T. ) ;
#515 = CARTESIAN_POINT ( 'NONE',  ( 1.499999999999999778, 0.1522638590145232174, 4.638045381863457273 ) ) ;
#516 = CARTESIAN_POINT ( 'NONE',  ( -2.309401076758504257, 1.414100318299876297E-16, -2.024999999999971934 ) ) ;
#517 = CARTESIAN_POINT ( 'NONE',  ( 1.338300807568876483, -0.7726683315065853153, -3.395833333333332149 ) ) ;
#518 = CARTESIAN_POINT ( 'NONE',  ( 1.338300807568876483, -0.7726683315065853153, -4.795833333333332504 ) ) ;
#519 = CARTESIAN_POINT ( 'NONE',  ( -1.338300807568876927, 0.7726683315065848712, -0.3333333333333330373 ) ) ;
#520 = ORIENTED_EDGE ( 'NONE', *, *, #732, .T. ) ;
#521 = CARTESIAN_POINT ( 'NONE',  ( -0.8922005383792510624, 1.545336663013169520, -1.091666666666666119 ) ) ;
#522 = DIRECTION ( 'NONE',  ( 0.000000000000000000, 7.562047915168481387E-57, 1.000000000000000000 ) ) ;
#523 = PLANE ( 'NONE',  #2250 ) ;
#524 = CARTESIAN_POINT ( 'NONE',  ( 0.000000000000000000, -3.024819166067392102E-56, 1.000000000000000000 ) ) ;
#525 = AXIS2_PLACEMENT_3D ( 'NONE', #1983, #1790, #1596 ) ;
#526 = CARTESIAN_POINT ( 'NONE',  ( 0.000000000000000000, 2.000000000000000888, 0.6874999999999733546 ) ) ;
#527 = EDGE_CURVE ( 'NONE', #1348, #832, #820, .T. ) ;
#528 = CARTESIAN_POINT ( 'NONE',  ( -1.338300807568877149, -0.7726683315065843161, -3.629166666666665542 ) ) ;
#529 = CARTESIAN_POINT ( 'NONE',  ( -1.499999999999999778, 0.8660254037844384856, 4.870096189432334910 ) ) ;
#530 = CARTESIAN_POINT ( 'NONE',  ( -1.338300807568877149, -0.7726683315065843161, -1.616666666666666474 ) ) ;
#531 = VERTEX_POINT ( 'NONE', #807 ) ;
#532 = AXIS2_PLACEMENT_3D ( 'NONE', #2229, #2435, #488 ) ;
#533 = VECTOR ( 'NONE', #166, 1000.000000000000000 ) ;
#534 = EDGE_LOOP ( 'NONE', ( #849, #2508, #66, #1870 ) ) ;
#535 = CARTESIAN_POINT ( 'NONE',  ( -1.784401076758502347, 1.092630533523695498E-16, 0.4250000000000000444 ) ) ;
#536 = FACE_OUTER_BOUND ( 'NONE', #926, .T. ) ;
#537 = DIRECTION ( 'NONE',  ( -0.000000000000000000, -7.562047915168481387E-57, -1.000000000000000000 ) ) ;
#538 = ORIENTED_EDGE ( 'NONE', *, *, #1920, .F. ) ;
#539 = ORIENTED_EDGE ( 'NONE', *, *, #1384, .T. ) ;
#540 = CARTESIAN_POINT ( 'NONE',  ( -1.732050807568878303, -1.000000000000000000, -3.279166666666693875 ) ) ;
#541 = CARTESIAN_POINT ( 'NONE',  ( -1.764863307568877104, 1.018944305707784714, 0.7822916666666386298 ) ) ;
#542 = CARTESIAN_POINT ( 'NONE',  ( 1.176575538379252439, 2.037888611415568096, 0.5635416666666964725 ) ) ;
#543 = CARTESIAN_POINT ( 'NONE',  ( -0.8922005383792517286, -1.545336663013168854, -0.1583333333333332427 ) ) ;
#544 = CARTESIAN_POINT ( 'NONE',  ( -1.892491597964129933E-16, -1.545336663013169298, -3.600000000000000089 ) ) ;
#545 = EDGE_LOOP ( 'NONE', ( #1394, #2237, #2020, #1634, #1044, #74, #2136, #1434, #699, #1560, #2070, #1321, #2188, #1919, #2080, #1656, #966, #1766, #941, #2008, #565, #1949, #1127 ) ) ;
#546 = EDGE_CURVE ( 'NONE', #469, #2514, #1167, .T. ) ;
#547 = EDGE_LOOP ( 'NONE', ( #1740, #91, #1160, #368, #1135 ) ) ;
#548 = CARTESIAN_POINT ( 'NONE',  ( -1.892491597964129933E-16, -1.545336663013169298, -5.000000000000000000 ) ) ;
#549 = CARTESIAN_POINT ( 'NONE',  ( 0.8922005383792507294, -1.545336663013169742, 0.6583333333333336590 ) ) ;
#550 = CARTESIAN_POINT ( 'NONE',  ( 1.739842320615696769, 0.3500818596682817030, 0.6677938349632089876 ) ) ;
#551 = DIRECTION ( 'NONE',  ( -0.000000000000000000, -7.562047915168481387E-57, -1.000000000000000000 ) ) ;
#552 = CARTESIAN_POINT ( 'NONE',  ( -1.499999999999999556, 0.8660254037844382635, 2.000000000000000000 ) ) ;
#553 = CARTESIAN_POINT ( 'NONE',  ( -1.892491597964129933E-16, -1.545336663013169298, -4.912499999999999645 ) ) ;
#554 = CARTESIAN_POINT ( 'NONE',  ( -1.338300807568877149, -0.7726683315065843161, -5.029166666666665009 ) ) ;
#555 = CARTESIAN_POINT ( 'NONE',  ( -1.338300807568877149, -0.7726683315065843161, 0.4833333333333338921 ) ) ;
#556 = ORIENTED_EDGE ( 'NONE', *, *, #825, .F. ) ;
#557 = DIRECTION ( 'NONE',  ( 0.000000000000000000, 0.000000000000000000, 1.000000000000000000 ) ) ;
#558 = CARTESIAN_POINT ( 'NONE',  ( -1.892491597964129933E-16, -1.545336663013169298, -2.899999999999999911 ) ) ;
#559 = DIRECTION ( 'NONE',  ( -0.000000000000000000, -7.562047915168481387E-57, -1.000000000000000000 ) ) ;
#560 = CARTESIAN_POINT ( 'NONE',  ( 0.000000000000000000, -7.562047915168480934E-56, -5.000000000000000000 ) ) ;
#561 = CARTESIAN_POINT ( 'NONE',  ( -1.784401076758502347, 1.092630533523695498E-16, -4.387499999999999289 ) ) ;
#562 = CARTESIAN_POINT ( 'NONE',  ( -1.784401076758502347, 1.092630533523695375E-16, -0.2750000000000000777 ) ) ;
#563 = CARTESIAN_POINT ( 'NONE',  ( 1.176575538379250663, -2.037888611415569429, -4.526041666666694496 ) ) ;
#564 = AXIS2_PLACEMENT_3D ( 'NONE', #2018, #682, #2414 ) ;
#565 = ORIENTED_EDGE ( 'NONE', *, *, #1470, .F. ) ;
#566 = DIRECTION ( 'NONE',  ( 1.000000000000000000, 0.000000000000000000, 0.000000000000000000 ) ) ;
#567 = CARTESIAN_POINT ( 'NONE',  ( -2.309401076758504257, 1.414100318299876297E-16, 0.1624999999999730826 ) ) ;
#568 = CARTESIAN_POINT ( 'NONE',  ( -1.784401076758502347, 1.092630533523695375E-16, -2.987499999999998934 ) ) ;
#569 = CARTESIAN_POINT ( 'NONE',  ( 2.309401076758504257, -4.242300954899628645E-16, -1.587500000000026779 ) ) ;
#570 = APPROVAL_PERSON_ORGANIZATION ( #789, #1937, #605 ) ;
#571 = VECTOR ( 'NONE', #141, 1000.000000000000000 ) ;
#572 = ORIENTED_EDGE ( 'NONE', *, *, #1011, .F. ) ;
#573 = CARTESIAN_POINT ( 'NONE',  ( -1.892491597964129933E-16, -1.545336663013169298, -0.7124999999999986899 ) ) ;
#574 = EDGE_CURVE ( 'NONE', #1927, #1161, #1945, .T. ) ;
#575 = VERTEX_POINT ( 'NONE', #198 ) ;
#576 = CARTESIAN_POINT ( 'NONE',  ( 1.027387089321779134, -1.238827371179877179, -4.950425253590878150 ) ) ;
#577 = CARTESIAN_POINT ( 'NONE',  ( 1.784401076758502347, -3.277891600571085508E-16, 0.1625000000000011990 ) ) ;
#578 = CARTESIAN_POINT ( 'NONE',  ( -1.338300807568877149, -0.7726683315065843161, -3.629166666666665542 ) ) ;
#579 = CARTESIAN_POINT ( 'NONE',  ( -1.176575538379251107, 2.037888611415568985, -4.876041666666695029 ) ) ;
#580 = CARTESIAN_POINT ( 'NONE',  ( 1.764863307568877993, 1.018944305707782938, -4.394791666666637120 ) ) ;
#581 = CARTESIAN_POINT ( 'NONE',  ( 0.000000000000000000, 2.000000000000000888, -3.599999999999971667 ) ) ;
#582 = CARTESIAN_POINT ( 'NONE',  ( 0.000000000000000000, -7.562047915168481839E-56, -5.000000000000001776 ) ) ;
#583 = COORDINATED_UNIVERSAL_TIME_OFFSET ( 6, 0, .BEHIND. ) ;
#584 = CARTESIAN_POINT ( 'NONE',  ( 0.8922005383792521727, 1.545336663013168854, -1.120833333333332238 ) ) ;
#585 = CARTESIAN_POINT ( 'NONE',  ( 4.286263797015736595E-16, -3.500000000000000000, 4.799999999999999822 ) ) ;
#586 = EDGE_CURVE ( 'NONE', #175, #1694, #1793, .T. ) ;
#587 = CARTESIAN_POINT ( 'NONE',  ( 0.000000000000000000, 1.545336663013169298, -2.462499999999999023 ) ) ;
#588 = CARTESIAN_POINT ( 'NONE',  ( -1.338300807568876927, 0.7726683315065848712, 0.3666666666666670293 ) ) ;
#589 = CARTESIAN_POINT ( 'NONE',  ( -1.176575538379251995, -2.037888611415568985, -3.986458333333303461 ) ) ;
#590 = CARTESIAN_POINT ( 'NONE',  ( 0.000000000000000000, -3.024819166067392102E-56, 1.000000000000000000 ) ) ;
#591 = CARTESIAN_POINT ( 'NONE',  ( 1.861954618136542727, 3.781023957584240920E-56, 5.000000000000000000 ) ) ;
#592 = CARTESIAN_POINT ( 'NONE',  ( 0.8922005383792521727, 1.545336663013168854, -3.920833333333332948 ) ) ;
#593 = CARTESIAN_POINT ( 'NONE',  ( 1.784401076758502347, -3.277891600571085508E-16, -0.5374999999999988676 ) ) ;
#594 = CYLINDRICAL_SURFACE ( 'NONE', #1227, 2.000000000000000888 ) ;
#595 = EDGE_LOOP ( 'NONE', ( #2478, #940, #2470, #705 ) ) ;
#596 = DIRECTION ( 'NONE',  ( 0.000000000000000000, -1.224646799147355672E-16, 1.000000000000000000 ) ) ;
#597 = CARTESIAN_POINT ( 'NONE',  ( 1.338300807568876483, -0.7726683315065853153, -0.5958333333333327708 ) ) ;
#598 = CARTESIAN_POINT ( 'NONE',  ( -1.764863307568877326, -1.018944305707784048, -4.701041666666695207 ) ) ;
#599 = CARTESIAN_POINT ( 'NONE',  ( -1.764863307568877326, -1.018944305707784048, -4.044791666666637475 ) ) ;
#600 = ADVANCED_FACE ( 'NONE', ( #753 ), #370, .T. ) ;
#601 = DIRECTION ( 'NONE',  ( 0.000000000000000000, 1.000000000000000000, 0.000000000000000000 ) ) ;
#602 = DIRECTION ( 'NONE',  ( -0.7071067811865487940, 8.659560562354948882E-17, 0.7071067811865463515 ) ) ;
#603 = CARTESIAN_POINT ( 'NONE',  ( 1.784401076758502347, -3.277891600571085508E-16, -2.637499999999998845 ) ) ;
#604 = VECTOR ( 'NONE', #173, 1000.000000000000000 ) ;
#605 = APPROVAL_ROLE ( '' ) ;
#606 = CARTESIAN_POINT ( 'NONE',  ( -1.338300807568876927, 0.7726683315065848712, -2.345833333333332327 ) ) ;
#607 = CARTESIAN_POINT ( 'NONE',  ( -1.154700538379249464, -2.000000000000006661, -4.008333333333304438 ) ) ;
#608 = CC_DESIGN_PERSON_AND_ORGANIZATION_ASSIGNMENT ( #829, #2385, ( #1833 ) ) ;
#609 = VECTOR ( 'NONE', #2011, 999.9999999999998863 ) ;
#610 = EDGE_LOOP ( 'NONE', ( #2430, #139, #1708, #2098 ) ) ;
#611 = DIRECTION ( 'NONE',  ( 0.000000000000000000, 1.000000000000000000, 0.000000000000000000 ) ) ;
#612 = CARTESIAN_POINT ( 'NONE',  ( 1.338300807568877593, 0.7726683315065835389, -1.179166666666666030 ) ) ;
#613 = CARTESIAN_POINT ( 'NONE',  ( 1.764863307568876660, -1.018944305707785380, -0.9677083333333620363 ) ) ;
#614 = CARTESIAN_POINT ( 'NONE',  ( 1.154700538379252794, 2.000000000000000000, -1.558333333333305148 ) ) ;
#615 = CARTESIAN_POINT ( 'NONE',  ( 1.732050807568878970, 0.9999999999999988898, 0.5708333333333065474 ) ) ;
#616 = CARTESIAN_POINT ( 'NONE',  ( -1.154700538379252572, -2.000000000000000888, 0.1916666666666944630 ) ) ;
#617 = CARTESIAN_POINT ( 'NONE',  ( 0.3244505120075934501, -1.973507503218068448, -4.545336663013169520 ) ) ;
#618 = SECURITY_CLASSIFICATION_LEVEL ( 'unclassified' ) ;
#619 = ADVANCED_FACE ( 'NONE', ( #1573 ), #409, .T. ) ;
#620 = CARTESIAN_POINT ( 'NONE',  ( 1.338300807568877593, 0.7726683315065835389, -1.179166666666666030 ) ) ;
#621 = CARTESIAN_POINT ( 'NONE',  ( 0.000000000000000000, -2.873578207764022610E-56, 1.199999999999999734 ) ) ;
#622 = ORIENTED_EDGE ( 'NONE', *, *, #1811, .T. ) ;
#623 = CARTESIAN_POINT ( 'NONE',  ( -3.596408548076577710E-16, 1.732050807568877415, -3.582575694955841161 ) ) ;
#624 = CARTESIAN_POINT ( 'NONE',  ( -0.8922005383792510624, 1.545336663013169520, -1.704166666666665497 ) ) ;
#625 = CARTESIAN_POINT ( 'NONE',  ( -2.353151076758502658, 1.440889467031223773E-16, 0.1406249999999714950 ) ) ;
#626 = CARTESIAN_POINT ( 'NONE',  ( -1.764863307568877326, -1.018944305707784048, -3.344791666666636853 ) ) ;
#627 = CARTESIAN_POINT ( 'NONE',  ( 1.732050807568878970, 0.9999999999999988898, -4.416666666666639429 ) ) ;
#628 = CARTESIAN_POINT ( 'NONE',  ( 0.8922005383792521727, 1.545336663013168854, -4.708333333333333037 ) ) ;
#629 = CARTESIAN_POINT ( 'NONE',  ( 0.8922005383792521727, 1.545336663013168854, 0.2791666666666680063 ) ) ;
#630 = DATE_AND_TIME ( #381, #1675 ) ;
#631 = CARTESIAN_POINT ( 'NONE',  ( 0.000000000000000000, 1.545336663013169298, 1.037500000000001199 ) ) ;
#632 = EDGE_CURVE ( 'NONE', #1694, #1070, #1961, .T. ) ;
#633 = CARTESIAN_POINT ( 'NONE',  ( -1.499999999999999778, 0.8660254037844384856, 4.870096189432334910 ) ) ;
#634 = CARTESIAN_POINT ( 'NONE',  ( -1.322597131439964713, -0.8058022531647535125, 0.5374999999999978684 ) ) ;
#635 = CARTESIAN_POINT ( 'NONE',  ( 0.000000000000000000, 2.000000000000000888, -0.7125000000000267786 ) ) ;
#636 = CARTESIAN_POINT ( 'NONE',  ( -1.764863307568877104, 1.018944305707784714, 0.08229166666663852159 ) ) ;
#637 = VERTEX_POINT ( 'NONE', #2241 ) ;
#638 = CARTESIAN_POINT ( 'NONE',  ( 2.353151076758502658, -4.322668401093671811E-16, -0.9531249999999704681 ) ) ;
#639 = CARTESIAN_POINT ( 'NONE',  ( -2.449293598294707400E-16, -2.000000000000000888, -3.249999999999972022 ) ) ;
#640 = CARTESIAN_POINT ( 'NONE',  ( -0.5160858296311440219, -1.594286822177591212, -4.873001318563477291 ) ) ;
#641 = CARTESIAN_POINT ( 'NONE',  ( -0.8922005383792517286, -1.545336663013168854, -0.7708333333333325932 ) ) ;
#642 = AXIS2_PLACEMENT_3D ( 'NONE', #1152, #559, #1711 ) ;
#643 = CARTESIAN_POINT ( 'NONE',  ( -0.8922005383792510624, 1.545336663013169520, -5.291666666666666963 ) ) ;
#644 = CARTESIAN_POINT ( 'NONE',  ( 0.000000000000000000, -7.562047915168480934E-56, -5.000000000000000000 ) ) ;
#645 = LINE ( 'NONE', #2419, #1371 ) ;
#646 = AXIS2_PLACEMENT_3D ( 'NONE', #1026, #2012, #58 ) ;
#647 = DIRECTION ( 'NONE',  ( -0.000000000000000000, -7.562047915168481387E-57, -1.000000000000000000 ) ) ;
#648 = AXIS2_PLACEMENT_3D ( 'NONE', #1265, #1444, #480 ) ;
#649 = EDGE_CURVE ( 'NONE', #685, #2315, #821, .T. ) ;
#650 = CONICAL_SURFACE ( 'NONE', #983, 1.861954618136542727, 0.7853981633974500554 ) ;
#651 = CARTESIAN_POINT ( 'NONE',  ( 1.500000000000000000, 0.8660254037844388186, 4.870096189432334910 ) ) ;
#652 = CARTESIAN_POINT ( 'NONE',  ( -1.176575538379251107, 2.037888611415568985, -1.376041666666694807 ) ) ;
#653 = EDGE_LOOP ( 'NONE', ( #2305, #915, #1326, #1564 ) ) ;
#654 = CARTESIAN_POINT ( 'NONE',  ( -2.495693764988920690E-16, -2.037888611415568985, -3.228124999999970601 ) ) ;
#655 = CARTESIAN_POINT ( 'NONE',  ( 1.784401076758502347, -3.277891600571085508E-16, -4.125000000000000000 ) ) ;
#656 = CARTESIAN_POINT ( 'NONE',  ( -1.499999999999999778, -0.8660254037844389297, 2.000000000000000000 ) ) ;
#657 = CARTESIAN_POINT ( 'NONE',  ( -1.784401076758502347, 1.092630533523695375E-16, -0.8874999999999992895 ) ) ;
#658 = ORIENTED_EDGE ( 'NONE', *, *, #920, .F. ) ;
#659 = CARTESIAN_POINT ( 'NONE',  ( 1.338300807568876483, -0.7726683315065853153, -3.483333333333332948 ) ) ;
#660 = CARTESIAN_POINT ( 'NONE',  ( -1.154700538379250352, -2.000000000000004885, -2.608333333333305415 ) ) ;
#661 = CARTESIAN_POINT ( 'NONE',  ( 0.000000000000000000, 2.000000000000000888, -3.512500000000026823 ) ) ;
#662 = CARTESIAN_POINT ( 'NONE',  ( 5.602117988209822537E-16, -1.732050807568877415, -3.582575694955841161 ) ) ;
#663 = DIRECTION ( 'NONE',  ( 8.659560562354913137E-17, 0.7071067811865460184, 0.7071067811865489050 ) ) ;
#664 = CARTESIAN_POINT ( 'NONE',  ( 1.176575538379250663, -2.037888611415569429, -0.3260416666666949292 ) ) ;
#665 = EDGE_CURVE ( 'NONE', #1792, #1899, #1393, .T. ) ;
#666 = CARTESIAN_POINT ( 'NONE',  ( 1.176575538379252439, 2.037888611415568096, -0.1364583333333035664 ) ) ;
#667 = CARTESIAN_POINT ( 'NONE',  ( 1.784401076758502347, -3.277891600571085508E-16, -2.024999999999999911 ) ) ;
#668 = CARTESIAN_POINT ( 'NONE',  ( -1.082708096908975737, -1.102637102105865630, -5.000000000000003553 ) ) ;
#669 = CARTESIAN_POINT ( 'NONE',  ( 0.8922005383792508404, -1.545336663013169742, -0.6541666666666657859 ) ) ;
#670 = ORIENTED_EDGE ( 'NONE', *, *, #586, .F. ) ;
#671 = CARTESIAN_POINT ( 'NONE',  ( 1.338300807568876483, -0.7726683315065853153, -4.183333333333333570 ) ) ;
#672 = CARTESIAN_POINT ( 'NONE',  ( -2.449293598294707400E-16, -2.000000000000000888, -1.762500000000026379 ) ) ;
#673 = CARTESIAN_POINT ( 'NONE',  ( -0.9368559071122973814, -1.719144506349851165, -4.591362797556278075 ) ) ;
#674 =( BOUNDED_CURVE ( )  B_SPLINE_CURVE ( 2, ( #672, #484, #896, #701, #81, #2254, #1659 ),
 .UNSPECIFIED., .F., .F. ) 
 B_SPLINE_CURVE_WITH_KNOTS ( ( 3, 2, 2, 3 ),
 ( 0.4071699281526708347, 0.4238365948193375532, 0.4405032614860041607, 0.4571699281526708791 ),
 .UNSPECIFIED. ) 
 CURVE ( )  GEOMETRIC_REPRESENTATION_ITEM ( )  RATIONAL_B_SPLINE_CURVE ( ( 1.000000000000000000, 0.8660254037844387076, 1.000000000000000000, 0.8660254037844387076, 1.000000000000000000, 0.8660254037844387076, 1.000000000000000000 ) ) 
 REPRESENTATION_ITEM ( '' )  );
#675 = ORIENTED_EDGE ( 'NONE', *, *, #2138, .T. ) ;
#676 = CARTESIAN_POINT ( 'NONE',  ( -1.499999999999999778, 1.836760632859557058E-16, 4.638045381863459049 ) ) ;
#677 = DIRECTION ( 'NONE',  ( 0.000000000000000000, 1.000000000000000000, 0.000000000000000000 ) ) ;
#678 = CARTESIAN_POINT ( 'NONE',  ( 2.309401076758504257, -4.242300954899628645E-16, -0.8875000000000266009 ) ) ;
#679 = APPLICATION_CONTEXT ( 'configuration controlled 3d designs of mechanical parts and assemblies' ) ;
#680 = CARTESIAN_POINT ( 'NONE',  ( 1.176575538379250663, -2.037888611415569429, -1.069791666666637386 ) ) ;
#681 = CARTESIAN_POINT ( 'NONE',  ( -0.8922005383792511735, 1.545336663013169520, -1.791666666666666297 ) ) ;
#682 = DIRECTION ( 'NONE',  ( -0.000000000000000000, -7.562047915168481387E-57, -1.000000000000000000 ) ) ;
#683 = CARTESIAN_POINT ( 'NONE',  ( 0.000000000000000000, 1.545336663013169298, -2.462499999999999023 ) ) ;
#684 = ADVANCED_FACE ( 'NONE', ( #1462 ), #2044, .T. ) ;
#685 = VERTEX_POINT ( 'NONE', #486 ) ;
#686 = CARTESIAN_POINT ( 'NONE',  ( -1.338300807568876927, 0.7726683315065848712, -4.533333333333333215 ) ) ;
#687 = DIRECTION ( 'NONE',  ( 0.000000000000000000, 1.000000000000000000, 0.000000000000000000 ) ) ;
#688 = CARTESIAN_POINT ( 'NONE',  ( -1.787890609099158645, 0.5187021129903831573, -4.687805661972653581 ) ) ;
#689 = LINE ( 'NONE', #2118, #1800 ) ;
#690 = CIRCLE ( 'NONE', #444, 2.000000000000001776 ) ;
#691 = CARTESIAN_POINT ( 'NONE',  ( -1.154700538379252572, -2.000000000000000888, -2.520833333333360127 ) ) ;
#692 = CARTESIAN_POINT ( 'NONE',  ( 0.8842409900116312560, -1.836057696294026709, 1.065241993227374451 ) ) ;
#693 = CIRCLE ( 'NONE', #1349, 1.861954618136542727 ) ;
#694 = CARTESIAN_POINT ( 'NONE',  ( -1.176575538379251107, 2.037888611415568985, -0.01979166666663673135 ) ) ;
#695 = ORIENTED_EDGE ( 'NONE', *, *, #2092, .T. ) ;
#696 = CARTESIAN_POINT ( 'NONE',  ( -0.8922005383792511735, 1.545336663013169520, -3.191666666666666430 ) ) ;
#697 = CARTESIAN_POINT ( 'NONE',  ( 0.8922005383792521727, 1.545336663013168854, -2.608333333333332948 ) ) ;
#698 = CARTESIAN_POINT ( 'NONE',  ( 1.154700538379252794, 2.000000000000000000, -4.270833333333359683 ) ) ;
#699 = ORIENTED_EDGE ( 'NONE', *, *, #2296, .F. ) ;
#700 = CARTESIAN_POINT ( 'NONE',  ( -0.8922005383792517286, -1.545336663013168854, -0.8583333333333333925 ) ) ;
#701 = CARTESIAN_POINT ( 'NONE',  ( -2.309401076758504257, 1.414100318299876297E-16, -1.937500000000026645 ) ) ;
#702 = CIRCLE ( 'NONE', #1112, 2.000000000000001776 ) ;
#703 = CARTESIAN_POINT ( 'NONE',  ( -1.423380985888505368, 1.157691367857970111, -4.714697557942792550 ) ) ;
#704 = EDGE_CURVE ( 'NONE', #396, #2477, #1597, .T. ) ;
#705 = ORIENTED_EDGE ( 'NONE', *, *, #433, .T. ) ;
#706 = B_SPLINE_CURVE_WITH_KNOTS ( 'NONE', 3,
 ( #1473, #272, #285, #2225, #1255, #471, #249, #1035 ),
 .UNSPECIFIED., .F., .F.,
 ( 4, 2, 2, 4 ),
 ( 0.001307914899332837666, 0.001751419089218522046, 0.002194923279104206426, 0.003081931658875575620 ),
 .UNSPECIFIED. ) ;
#707 = CARTESIAN_POINT ( 'NONE',  ( 0.000000000000000000, 2.000000000000000888, -3.512500000000026823 ) ) ;
#708 = CARTESIAN_POINT ( 'NONE',  ( -2.449293598294707400E-16, -2.000000000000000888, -1.062500000000026423 ) ) ;
#709 = CARTESIAN_POINT ( 'NONE',  ( -1.176575538379251995, -2.037888611415568985, 1.613541666666696184 ) ) ;
#710 = CARTESIAN_POINT ( 'NONE',  ( -1.892491597964129933E-16, -1.545336663013169298, -4.299999999999999822 ) ) ;
#711 = CARTESIAN_POINT ( 'NONE',  ( 0.000000000000000000, 1.545336663013169298, -1.849999999999999645 ) ) ;
#712 = VERTEX_POINT ( 'NONE', #1417 ) ;
#713 = CARTESIAN_POINT ( 'NONE',  ( 1.784401076758502347, -3.277891600571085508E-16, -1.324999999999999956 ) ) ;
#714 = LINE ( 'NONE', #1530, #1958 ) ;
#715 = CARTESIAN_POINT ( 'NONE',  ( 1.732050807568878970, 0.9999999999999988898, -1.529166666666693875 ) ) ;
#716 = ADVANCED_FACE ( 'NONE', ( #1819 ), #1995, .F. ) ;
#717 = EDGE_CURVE ( 'NONE', #2299, #1440, #2037, .T. ) ;
#718 = CARTESIAN_POINT ( 'NONE',  ( -1.154700538379252572, -2.000000000000000888, -3.220833333333360304 ) ) ;
#719 = CARTESIAN_POINT ( 'NONE',  ( 1.732050807568878970, 0.9999999999999988898, -0.8291666666666936969 ) ) ;
#720 = ORIENTED_EDGE ( 'NONE', *, *, #1294, .F. ) ;
#721 = CARTESIAN_POINT ( 'NONE',  ( -1.338300807568876927, 0.7726683315065848712, -4.445833333333331971 ) ) ;
#722 = CARTESIAN_POINT ( 'NONE',  ( 1.784401076758502347, -3.277891600571085508E-16, 0.07500000000000041356 ) ) ;
#723 = CARTESIAN_POINT ( 'NONE',  ( 1.338300807568876483, -0.7726683315065853153, 0.01666666666666656582 ) ) ;
#724 = ORIENTED_EDGE ( 'NONE', *, *, #514, .T. ) ;
#725 = CARTESIAN_POINT ( 'NONE',  ( -1.338300807568876927, 0.7726683315065848712, -2.433333333333333126 ) ) ;
#726 = CARTESIAN_POINT ( 'NONE',  ( 0.2315344808435453317, 1.891923785238880162, 0.7376021683146715135 ) ) ;
#727 = CARTESIAN_POINT ( 'NONE',  ( -2.449293598294707400E-16, -2.000000000000000888, -0.3625000000000263012 ) ) ;
#728 = ORIENTED_EDGE ( 'NONE', *, *, #208, .T. ) ;
#729 = FACE_OUTER_BOUND ( 'NONE', #595, .T. ) ;
#730 = AXIS2_PLACEMENT_3D ( 'NONE', #402, #417, #1188 ) ;
#731 = CARTESIAN_POINT ( 'NONE',  ( 1.154700538379252794, 2.000000000000000000, -0.1583333333333050985 ) ) ;
#732 = EDGE_CURVE ( 'NONE', #2192, #1516, #1032, .T. ) ;
#733 = CARTESIAN_POINT ( 'NONE',  ( -1.176575538379251107, 2.037888611415568985, 0.6802083333333625026 ) ) ;
#734 = CARTESIAN_POINT ( 'NONE',  ( -1.892491597964129933E-16, -1.545336663013169298, -0.09999999999999939493 ) ) ;
#735 = CARTESIAN_POINT ( 'NONE',  ( 1.784401076758502347, -3.277891600571085508E-16, -0.6249999999999997780 ) ) ;
#736 = AXIS2_PLACEMENT_3D ( 'NONE', #1219, #57, #1061 ) ;
#737 = ORIENTED_EDGE ( 'NONE', *, *, #243, .T. ) ;
#738 = DIRECTION ( 'NONE',  ( 0.000000000000000000, 1.000000000000000000, 0.000000000000000000 ) ) ;
#739 = CARTESIAN_POINT ( 'NONE',  ( -0.8922005383792510624, 1.545336663013169520, 0.3083333333333331816 ) ) ;
#740 = CARTESIAN_POINT ( 'NONE',  ( -1.098300781647330471, 1.631639794043133307, 0.7769652507633670879 ) ) ;
#741 = DIRECTION ( 'NONE',  ( -0.000000000000000000, -7.562047915168481387E-57, -1.000000000000000000 ) ) ;
#742 = CARTESIAN_POINT ( 'NONE',  ( -1.764863307568877326, -1.018944305707784048, 1.555208333333363280 ) ) ;
#743 = EDGE_CURVE ( 'NONE', #2500, #1734, #1049, .T. ) ;
#744 = CARTESIAN_POINT ( 'NONE',  ( -1.145987479243920637, -1.105764787138083571, 0.5084807682497064496 ) ) ;
#745 = CARTESIAN_POINT ( 'NONE',  ( -1.892491597964129933E-16, -1.545336663013169298, 1.300000000000000044 ) ) ;
#746 = ORIENTED_EDGE ( 'NONE', *, *, #906, .T. ) ;
#747 = VERTEX_POINT ( 'NONE', #861 ) ;
#748 = CARTESIAN_POINT ( 'NONE',  ( 0.8837092106213836340, 1.221841056931270320, 4.638370359032660595 ) ) ;
#749 = CARTESIAN_POINT ( 'NONE',  ( -0.8922005383792517286, -1.545336663013168854, -2.958333333333333037 ) ) ;
#750 = CARTESIAN_POINT ( 'NONE',  ( 1.293444672199229517E-11, -1.599463250750404297, 0.5687500000004053202 ) ) ;
#751 = CARTESIAN_POINT ( 'NONE',  ( 0.000000000000000000, -3.024819166067392102E-56, 1.000000000000000000 ) ) ;
#752 = ORIENTED_EDGE ( 'NONE', *, *, #704, .T. ) ;
#753 = FACE_OUTER_BOUND ( 'NONE', #1079, .T. ) ;
#754 = CARTESIAN_POINT ( 'NONE',  ( 2.353151076758502658, -4.322668401093671811E-16, 1.146875000000029843 ) ) ;
#755 = CARTESIAN_POINT ( 'NONE',  ( -1.500000000000000000, 0.5909740868883562870, 4.744243554733362345 ) ) ;
#756 = CARTESIAN_POINT ( 'NONE',  ( 0.000000000000000000, 2.037888611415568985, -4.934375000000027711 ) ) ;
#757 = ORIENTED_EDGE ( 'NONE', *, *, #1045, .T. ) ;
#758 = CARTESIAN_POINT ( 'NONE',  ( 2.309401076758504257, -4.242300954899628645E-16, -2.287500000000027178 ) ) ;
#759 = CARTESIAN_POINT ( 'NONE',  ( -1.732050807568878303, -1.000000000000000000, 0.2208333333333069304 ) ) ;
#760 = CARTESIAN_POINT ( 'NONE',  ( -2.309401076758504257, 1.414100318299876297E-16, -1.237500000000026912 ) ) ;
#761 = CARTESIAN_POINT ( 'NONE',  ( 0.000000000000000000, 2.000000000000000888, -2.199999999999971756 ) ) ;
#762 = CARTESIAN_POINT ( 'NONE',  ( 1.784401076758502347, -3.277891600571085508E-16, -3.337499999999999023 ) ) ;
#763 = VERTEX_POINT ( 'NONE', #288 ) ;
#764 = CARTESIAN_POINT ( 'NONE',  ( 1.317854340746243302, 1.103052742679382803, -4.840630314135397683 ) ) ;
#765 = VECTOR ( 'NONE', #148, 1000.000000000000000 ) ;
#766 = CARTESIAN_POINT ( 'NONE',  ( -0.8922005383792517286, -1.545336663013168854, -2.870833333333332238 ) ) ;
#767 = CARTESIAN_POINT ( 'NONE',  ( 0.000000000000000000, 1.545336663013169298, 0.2500000000000002220 ) ) ;
#768 = CARTESIAN_POINT ( 'NONE',  ( -2.495693764988920690E-16, -2.037888611415568985, -3.884375000000028333 ) ) ;
#769 =( BOUNDED_CURVE ( )  B_SPLINE_CURVE ( 2, ( #1015, #231, #1799, #1653, #2412, #1092, #1455, #2464, #505, #102, #903, #1237, #710, #1682, #1491, #655, #478, #1641, #267, #851, #878, #1263, #453, #1442, #1041, #113, #2017, #1249, #2030, #1285, #293, #696, #255, #1823, #88, #1481, #1838, #61, #1626, #867, #2220, #1081, #466, #891, #1053, #2041, #2452, #2067, #76, #1666, #2428, #667, #2233, #280, #1067, #681, #492, #1851, #2439, #1466, #2263, #2246, #306, #1275, #2055, #1863, #1875, #913, #1118, #1157, #1692, #1345, #1897, #1512, #1309, #2077, #2318, #163, #126, #2307, #2475, #562, #320, #543, #734, #359, #949, #722, #1935, #151, #767, #1523, #1732, #2523, #137, #744, #1502 ),
 .UNSPECIFIED., .F., .F. ) 
 B_SPLINE_CURVE_WITH_KNOTS ( ( 3, 2, 2, 2, 2, 2, 2, 2, 2, 2, 2, 2, 2, 2, 2, 2, 2, 2, 2, 2, 2, 2, 2, 2, 2, 2, 2, 2, 2, 2, 2, 2, 2, 2, 2, 2, 2, 2, 2, 2, 2, 2, 2, 2, 2, 2, 2, 2, 3 ),
 ( 0.04999999999999994033, 0.06666666666666661023, 0.08333333333333327320, 0.09999999999999995004, 0.1166666666666666130, 0.1333333333333332760, 0.1499999999999999389, 0.1666666666666666019, 0.1833333333333332649, 0.1999999999999999833, 0.2166666666666666463, 0.2333333333333333093, 0.2499999999999999722, 0.2666666666666666630, 0.2833333333333333259, 0.2999999999999999889, 0.3166666666666665964, 0.3333333333333333148, 0.3499999999999999778, 0.3666666666666666408, 0.3833333333333333592, 0.4000000000000000222, 0.4166666666666666852, 0.4333333333333334036, 0.4500000000000000111, 0.4666666666666666741, 0.4833333333333333370, 0.5000000000000000000, 0.5166666666666667185, 0.5333333333333333259, 0.5500000000000000444, 0.5666666666666665408, 0.5833333333333332593, 0.5999999999999999778, 0.6166666666666666963, 0.6333333333333333037, 0.6500000000000000222, 0.6666666666666666297, 0.6833333333333333481, 0.6999999999999999556, 0.7166666666666666741, 0.7333333333333332815, 0.7500000000000000000, 0.7666666666666667185, 0.7833333333333332149, 0.8000000000000000444, 0.8166666666666666519, 0.8333333333333333703, 0.8411111247567900628 ),
 .UNSPECIFIED. ) 
 CURVE ( )  GEOMETRIC_REPRESENTATION_ITEM ( )  RATIONAL_B_SPLINE_CURVE ( ( 1.000000000000000444, 0.8660254037844381525, 1.000000000000000000, 0.8660254037844387076, 1.000000000000000000, 0.8660254037844387076, 1.000000000000000000, 0.8660254037844387076, 1.000000000000000000, 0.8660254037844387076, 1.000000000000000000, 0.8660254037844387076, 1.000000000000000000, 0.8660254037844387076, 1.000000000000000000, 0.8660254037844387076, 1.000000000000000000, 0.8660254037844387076, 1.000000000000000000, 0.8660254037844387076, 1.000000000000000000, 0.8660254037844387076, 1.000000000000000000, 0.8660254037844387076, 1.000000000000000000, 0.8660254037844387076, 1.000000000000000000, 0.8660254037844387076, 1.000000000000000000, 0.8660254037844387076, 1.000000000000000000, 0.8660254037844387076, 1.000000000000000000, 0.8660254037844387076, 1.000000000000000000, 0.8660254037844387076, 1.000000000000000000, 0.8660254037844387076, 1.000000000000000000, 0.8660254037844387076, 1.000000000000000000, 0.8660254037844387076, 1.000000000000000000, 0.8660254037844387076, 1.000000000000000000, 0.8660254037844387076, 1.000000000000000000, 0.8660254037844387076, 1.000000000000000000, 0.8660254037844387076, 1.000000000000000000, 0.8660254037844387076, 1.000000000000000000, 0.8660254037844387076, 1.000000000000000000, 0.8660254037844387076, 1.000000000000000000, 0.8660254037844387076, 1.000000000000000000, 0.8660254037844387076, 1.000000000000000000, 0.8660254037844387076, 1.000000000000000000, 0.8660254037844387076, 1.000000000000000000, 0.8660254037844387076, 1.000000000000000000, 0.8660254037844387076, 1.000000000000000000, 0.8660254037844387076, 1.000000000000000000, 0.8660254037844387076, 1.000000000000000000, 0.8660254037844387076, 1.000000000000000000, 0.8660254037844387076, 1.000000000000000000, 0.8660254037844387076, 1.000000000000000000, 0.8660254037844387076, 1.000000000000000000, 0.8660254037844387076, 1.000000000000000000, 0.8660254037844387076, 1.000000000000000000, 0.8660254037844387076, 1.000000000000000000, 0.8660254037844387076, 1.000000000000000000, 0.8660254037844387076, 1.000000000000000000, 0.8660254037844387076, 1.000000000000000000, 0.8660254037844387076, 1.000000000000000000, 0.9374784120756118888, 0.9333104085919279314 ) ) 
 REPRESENTATION_ITEM ( '' )  );
#770 = EDGE_LOOP ( 'NONE', ( #905, #1826, #907, #2499 ) ) ;
#771 = CARTESIAN_POINT ( 'NONE',  ( -1.154700538379251906, 2.000000000000000888, -4.154166666666693430 ) ) ;
#772 = CARTESIAN_POINT ( 'NONE',  ( 1.382802616965771891, 0.9336893444275700116, 4.802432248789204827 ) ) ;
#773 = VECTOR ( 'NONE', #800, 1000.000000000000000 ) ;
#774 = CARTESIAN_POINT ( 'NONE',  ( -1.784401076758502347, 1.092630533523695498E-16, 1.125000000000000000 ) ) ;
#775 = CARTESIAN_POINT ( 'NONE',  ( -0.8922005383792517286, -1.545336663013168854, -4.270833333333332149 ) ) ;
#776 = APPROVAL_STATUS ( 'not_yet_approved' ) ;
#777 = CC_DESIGN_APPROVAL ( #2390, ( #938 ) ) ;
#778 = CIRCLE ( 'NONE', #2207, 3.299999999999999822 ) ;
#779 = CARTESIAN_POINT ( 'NONE',  ( -1.338300807568877149, -0.7726683315065843161, -2.929166666666665808 ) ) ;
#780 = ADVANCED_FACE ( 'NONE', ( #1619 ), #1846, .T. ) ;
#781 = ORIENTED_EDGE ( 'NONE', *, *, #1650, .F. ) ;
#782 = CARTESIAN_POINT ( 'NONE',  ( 1.645155904170446437, 0.3056744081927018075, -4.875502127466262436 ) ) ;
#783 = CARTESIAN_POINT ( 'NONE',  ( -1.892491597964129933E-16, -1.545336663013169298, -0.7124999999999986899 ) ) ;
#784 = CARTESIAN_POINT ( 'NONE',  ( -1.764863307568877326, -1.018944305707784048, -5.401041666666694496 ) ) ;
#785 = CARTESIAN_POINT ( 'NONE',  ( -1.732050807568878081, 1.000000000000000666, -4.095833333333359860 ) ) ;
#786 = DIRECTION ( 'NONE',  ( -0.000000000000000000, -7.562047915168481387E-57, -1.000000000000000000 ) ) ;
#787 = CARTESIAN_POINT ( 'NONE',  ( -4.661927398062823226E-14, -1.989118880364043607, -4.556217782649124359 ) ) ;
#788 = CARTESIAN_POINT ( 'NONE',  ( 0.000000000000000000, 1.545336663013169298, -3.162499999999999201 ) ) ;
#789 = PERSON_AND_ORGANIZATION ( #1436, #2085 ) ;
#790 = CARTESIAN_POINT ( 'NONE',  ( -1.892491597964129933E-16, -1.545336663013169298, -2.112499999999998934 ) ) ;
#791 = FACE_OUTER_BOUND ( 'NONE', #1493, .T. ) ;
#792 = EDGE_CURVE ( 'NONE', #1471, #531, #2251, .T. ) ;
#793 = ORIENTED_EDGE ( 'NONE', *, *, #2157, .T. ) ;
#794 = DIRECTION ( 'NONE',  ( 0.000000000000000000, 1.000000000000000000, 0.000000000000000000 ) ) ;
#795 = B_SPLINE_CURVE_WITH_KNOTS ( 'NONE', 3,
 ( #617, #40, #1401, #1594 ),
 .UNSPECIFIED., .F., .F.,
 ( 4, 4 ),
 ( 1.285511316848180145E-17, 0.0003239473825344344068 ),
 .UNSPECIFIED. ) ;
#796 = ADVANCED_FACE ( 'NONE', ( #1449 ), #846, .F. ) ;
#797 = CARTESIAN_POINT ( 'NONE',  ( 1.338300807568876483, -0.7726683315065853153, -2.695833333333332416 ) ) ;
#798 = CARTESIAN_POINT ( 'NONE',  ( 1.764863307568876660, -1.018944305707785380, -5.167708333333361992 ) ) ;
#799 = ORIENTED_EDGE ( 'NONE', *, *, #920, .T. ) ;
#800 = DIRECTION ( 'NONE',  ( -0.000000000000000000, -7.562047915168481387E-57, -1.000000000000000000 ) ) ;
#801 = CARTESIAN_POINT ( 'NONE',  ( 1.154700538379248131, 2.000000000000008882, -4.358333333333304083 ) ) ;
#802 = CARTESIAN_POINT ( 'NONE',  ( 0.000000000000000000, -7.562047915168480934E-56, -5.000000000000000000 ) ) ;
#803 = CARTESIAN_POINT ( 'NONE',  ( -1.499999999999999778, 1.836760632859557058E-16, 4.638045381863459049 ) ) ;
#804 = APPROVAL_ROLE ( '' ) ;
#805 = CARTESIAN_POINT ( 'NONE',  ( 1.338300807568876483, -0.7726683315065853153, -2.695833333333332416 ) ) ;
#806 = VERTEX_POINT ( 'NONE', #2434 ) ;
#807 = CARTESIAN_POINT ( 'NONE',  ( 0.3244505120075934501, -1.973507503218068448, -4.545336663013169520 ) ) ;
#808 = CARTESIAN_POINT ( 'NONE',  ( -1.338300807568877149, -0.7726683315065843161, -2.229166666666665630 ) ) ;
#809 = CARTESIAN_POINT ( 'NONE',  ( 2.353151076758502658, -4.322668401093671811E-16, -2.309375000000028599 ) ) ;
#810 = EDGE_CURVE ( 'NONE', #637, #712, #447, .T. ) ;
#811 = CARTESIAN_POINT ( 'NONE',  ( 0.000000000000000000, 2.000000000000000888, -1.499999999999972022 ) ) ;
#812 = DIRECTION ( 'NONE',  ( 0.000000000000000000, 1.000000000000000000, 0.000000000000000000 ) ) ;
#813 = CARTESIAN_POINT ( 'NONE',  ( -2.449293598294707400E-16, -2.000000000000000888, -1.849999999999971889 ) ) ;
#814 = CARTESIAN_POINT ( 'NONE',  ( 1.154700538379251240, -2.000000000000001332, 0.3083333333333612702 ) ) ;
#815 = VECTOR ( 'NONE', #1697, 1000.000000000000114 ) ;
#816 = SHAPE_DEFINITION_REPRESENTATION ( #329, #2014 ) ;
#817 = CARTESIAN_POINT ( 'NONE',  ( 1.338300807568876483, -0.7726683315065853153, -1.995833333333332016 ) ) ;
#818 = DIRECTION ( 'NONE',  ( 0.000000000000000000, 1.000000000000000000, 0.000000000000000000 ) ) ;
#819 = AXIS2_PLACEMENT_3D ( 'NONE', #560, #1342, #794 ) ;
#820 = B_SPLINE_CURVE_WITH_KNOTS ( 'NONE', 3,
 ( #182, #424, #22, #1545, #1767, #2540, #1974, #2137, #2151, #764, #971, #999, #1380, #782, #397, #2331, #1933, #1960, #2520, #1395, #1752, #576, #1532, #1561, #1986, #1586, #1357, #212 ),
 .UNSPECIFIED., .F., .F.,
 ( 4, 2, 2, 2, 2, 2, 2, 2, 2, 2, 2, 2, 2, 4 ),
 ( 0.006207838082539340191, 0.006531719070920332174, 0.006855600059301324156, 0.007179481047682316139, 0.007503362036063308121, 0.008151124012825292087, 0.008475005001206284069, 0.008798885989587276052, 0.009122766977968266300, 0.009446647966349260017, 0.01009440994311124225, 0.01074217191987322621, 0.01106605290825421820, 0.01138993389663521018 ),
 .UNSPECIFIED. ) ;
#821 = LINE ( 'NONE', #2228, #2493 ) ;
#822 = CARTESIAN_POINT ( 'NONE',  ( -0.8922005383792517286, -1.545336663013168854, -0.7708333333333325932 ) ) ;
#823 = CARTESIAN_POINT ( 'NONE',  ( -1.764863307568877326, -1.018944305707784048, -1.901041666666694940 ) ) ;
#824 = ORIENTED_EDGE ( 'NONE', *, *, #84, .T. ) ;
#825 = EDGE_CURVE ( 'NONE', #1744, #2442, #2026, .T. ) ;
#826 = CARTESIAN_POINT ( 'NONE',  ( -2.353151076758502658, 1.440889467031223773E-16, -3.403124999999970424 ) ) ;
#827 = CARTESIAN_POINT ( 'NONE',  ( 0.000000000000000000, 2.000000000000000888, -0.01250000000002672411 ) ) ;
#828 = CARTESIAN_POINT ( 'NONE',  ( 0.000000000000000000, 1.545336663013169298, 0.3375000000000010214 ) ) ;
#829 = PERSON_AND_ORGANIZATION ( #1436, #2085 ) ;
#830 = CARTESIAN_POINT ( 'NONE',  ( -0.8922005383792517286, -1.545336663013168854, 1.329166666666667718 ) ) ;
#831 = DIRECTION ( 'NONE',  ( 0.000000000000000000, 1.000000000000000000, 0.000000000000000000 ) ) ;
#832 = VERTEX_POINT ( 'NONE', #548 ) ;
#833 = DIRECTION ( 'NONE',  ( -0.8660254037844383745, -0.5000000000000004441, 0.000000000000000000 ) ) ;
#834 = CARTESIAN_POINT ( 'NONE',  ( -1.338300807568876927, 0.7726683315065848712, 1.154166666666667895 ) ) ;
#835 = CARTESIAN_POINT ( 'NONE',  ( -1.764863307568877104, 1.018944305707784714, -1.317708333333361681 ) ) ;
#836 = ORIENTED_EDGE ( 'NONE', *, *, #1308, .F. ) ;
#837 = CARTESIAN_POINT ( 'NONE',  ( -2.353151076758502658, 1.440889467031223773E-16, -1.303124999999970557 ) ) ;
#838 = DIRECTION ( 'NONE',  ( -0.8660254037844383745, -0.5000000000000004441, 3.781023957584243523E-57 ) ) ;
#839 = CARTESIAN_POINT ( 'NONE',  ( 1.154700538379252794, 2.000000000000000000, -0.07083333333335971316 ) ) ;
#840 = CARTESIAN_POINT ( 'NONE',  ( 1.338300807568876483, -0.7726683315065853153, 0.1041666666666673374 ) ) ;
#841 = CARTESIAN_POINT ( 'NONE',  ( 0.8922005383792521727, 1.545336663013168854, -3.308333333333333570 ) ) ;
#842 = CARTESIAN_POINT ( 'NONE',  ( 0.000000000000000000, -7.562047915168480934E-56, -5.000000000000000000 ) ) ;
#843 = CARTESIAN_POINT ( 'NONE',  ( -1.234237206616062732, -1.501801523134550065, -4.605311909248113622 ) ) ;
#844 = EDGE_CURVE ( 'NONE', #575, #1109, #689, .T. ) ;
#845 = EDGE_LOOP ( 'NONE', ( #2398, #508, #140, #1537 ) ) ;
#846 = PLANE ( 'NONE',  #1477 ) ;
#847 = CYLINDRICAL_SURFACE ( 'NONE', #1551, 2.000000000000000888 ) ;
#848 = CARTESIAN_POINT ( 'NONE',  ( -1.176575538379251995, -2.037888611415568985, -1.842708333333361370 ) ) ;
#849 = ORIENTED_EDGE ( 'NONE', *, *, #2016, .F. ) ;
#850 = CARTESIAN_POINT ( 'NONE',  ( 1.764863307568877993, 1.018944305707782938, -0.8947916666666375640 ) ) ;
#851 = CARTESIAN_POINT ( 'NONE',  ( -0.8922005383792511735, 1.545336663013169520, -3.891666666666666607 ) ) ;
#852 = CARTESIAN_POINT ( 'NONE',  ( 1.338300807568877593, 0.7726683315065835389, -4.766666666666666607 ) ) ;
#853 = CARTESIAN_POINT ( 'NONE',  ( 0.000000000000000000, -3.176060124370761594E-56, 0.8000000000000003775 ) ) ;
#854 = ORIENTED_EDGE ( 'NONE', *, *, #400, .T. ) ;
#855 = AXIS2_PLACEMENT_3D ( 'NONE', #303, #316, #1489 ) ;
#856 = CARTESIAN_POINT ( 'NONE',  ( 1.338300807568876483, -0.7726683315065853153, -4.883333333333332860 ) ) ;
#857 = CYLINDRICAL_SURFACE ( 'NONE', #1587, 2.000000000000000888 ) ;
#858 = DIRECTION ( 'NONE',  ( 0.000000000000000000, -7.562047915168481387E-57, -1.000000000000000000 ) ) ;
#859 =( BOUNDED_SURFACE ( )  B_SPLINE_SURFACE ( 1, 2, ( 
 ( #868, #256, #39, #1042, #479, #268, #1824, #62, #1225, #1602, #852, #628, #281, #1627, #1654, #1264, #1642, #89, #429, #2440, #2184, #1215, #467, #1250, #2031, #1990, #233, #1016, #1801, #1467, #544, #2465, #1683, #937, #892, #1693, #1503, #2091, #1911, #294, #506, #1876, #114, #2286, #1898, #1093, #1319, #697, #1310, #334, #1082, #1119, #1276, #2276, #925, #2298, #1720, #138, #1482, #1864, #711, #152, #2498, #2476, #530, #2247, #493, #2056, #2103, #1706, #103, #347, #2487, #1888, #1133, #1286, #1667, #1492, #2453, #2264, #2068, #735, #1298, #1513, #904, #307, #519, #2078, #321, #1107, #127, #914, #723, #414, #215, #1535, #2319, #1577, #588, #989, #555, #1976, #388, #1769, #2127, #360, #1198, #1158, #1783, #975, #174, #1733, #2154, #2511, #745, #1383, #13 ),
 ( #963, #1001, #1524, #1756, #784, #2308, #1333, #1171, #798, #1963, #1346, #2354, #756, #579, #1936, #399, #598, #2168, #2115, #563, #1360, #1147, #375, #1743, #2524, #1926, #2334, #164, #1186, #950, #768, #1549, #2141, #1948, #1369, #200, #185, #3, #1563, #2345, #1821, #1246, #278, #2191, #1039, #426, #1222, #1397, #2371, #1810, #242, #2217, #1589, #2028, #1261, #1212, #1234, #809, #1639, #59, #265, #2013, #462, #1835, #823, #848, #46, #449, #1051, #435, #1989, #1999, #73, #652, #835, #2180, #1027, #1610, #1065, #1013, #613, #2230, #2039, #1599, #2381, #865, #2408, #2425, #227, #24, #2203, #664, #1407, #1796, #475, #2392, #36, #252, #636, #625, #1439, #1419, #1622, #1452, #331, #900, #1690, #1283, #110, #2449, #541, #86, #98, #1679, #2261, #1479, #692 ) ),
 .UNSPECIFIED., .F., .F., .F. ) 
 B_SPLINE_SURFACE_WITH_KNOTS ( ( 2, 2 ),
 ( 3, 2, 2, 2, 2, 2, 2, 2, 2, 2, 2, 2, 2, 2, 2, 2, 2, 2, 2, 2, 2, 2, 2, 2, 2, 2, 2, 2, 2, 2, 2, 2, 2, 2, 2, 2, 2, 2, 2, 2, 2, 2, 2, 2, 2, 2, 2, 2, 2, 2, 2, 2, 2, 2, 2, 2, 2, 2, 3 ),
 ( 0.000000000000000000, 1.000000000000000000 ),
 ( 0.000000000000000000, 0.01666666666666666644, 0.03333333333333333287, 0.05000000000000000278, 0.06666666666666666574, 0.08333333333333332871, 0.1000000000000000056, 0.1166666666666666685, 0.1333333333333333315, 0.1499999999999999944, 0.1666666666666666574, 0.1833333333333333204, 0.2000000000000000111, 0.2166666666666666741, 0.2333333333333333370, 0.2500000000000000000, 0.2666666666666666630, 0.2833333333333333259, 0.2999999999999999889, 0.3166666666666666519, 0.3333333333333333148, 0.3499999999999999778, 0.3666666666666666408, 0.3833333333333333592, 0.4000000000000000222, 0.4166666666666666852, 0.4333333333333333481, 0.4500000000000000111, 0.4666666666666666741, 0.4833333333333333370, 0.5000000000000000000, 0.5166666666666667185, 0.5333333333333333259, 0.5500000000000000444, 0.5666666666666666519, 0.5833333333333333703, 0.5999999999999999778, 0.6166666666666666963, 0.6333333333333333037, 0.6500000000000000222, 0.6666666666666666297, 0.6833333333333333481, 0.6999999999999999556, 0.7166666666666666741, 0.7333333333333332815, 0.7500000000000000000, 0.7666666666666667185, 0.7833333333333333259, 0.8000000000000000444, 0.8166666666666666519, 0.8333333333333333703, 0.8499999999999999778, 0.8666666666666666963, 0.8833333333333333037, 0.9000000000000000222, 0.9166666666666666297, 0.9333333333333333481, 0.9499999999999999556, 0.9571699281526708791 ),
 .UNSPECIFIED. ) 
 GEOMETRIC_REPRESENTATION_ITEM ( )  RATIONAL_B_SPLINE_SURFACE ( (
 ( 1.000000000000000000, 0.8660254037844387076, 1.000000000000000000, 0.8660254037844387076, 1.000000000000000000, 0.8660254037844387076, 1.000000000000000000, 0.8660254037844387076, 1.000000000000000000, 0.8660254037844387076, 1.000000000000000000, 0.8660254037844387076, 1.000000000000000000, 0.8660254037844387076, 1.000000000000000000, 0.8660254037844387076, 1.000000000000000000, 0.8660254037844387076, 1.000000000000000000, 0.8660254037844387076, 1.000000000000000000, 0.8660254037844387076, 1.000000000000000000, 0.8660254037844387076, 1.000000000000000000, 0.8660254037844387076, 1.000000000000000000, 0.8660254037844387076, 1.000000000000000000, 0.8660254037844387076, 1.000000000000000000, 0.8660254037844387076, 1.000000000000000000, 0.8660254037844387076, 1.000000000000000000, 0.8660254037844387076, 1.000000000000000000, 0.8660254037844387076, 1.000000000000000000, 0.8660254037844387076, 1.000000000000000000, 0.8660254037844387076, 1.000000000000000000, 0.8660254037844387076, 1.000000000000000000, 0.8660254037844387076, 1.000000000000000000, 0.8660254037844387076, 1.000000000000000000, 0.8660254037844387076, 1.000000000000000000, 0.8660254037844387076, 1.000000000000000000, 0.8660254037844387076, 1.000000000000000000, 0.8660254037844387076, 1.000000000000000000, 0.8660254037844387076, 1.000000000000000000, 0.8660254037844387076, 1.000000000000000000, 0.8660254037844387076, 1.000000000000000000, 0.8660254037844387076, 1.000000000000000000, 0.8660254037844387076, 1.000000000000000000, 0.8660254037844387076, 1.000000000000000000, 0.8660254037844387076, 1.000000000000000000, 0.8660254037844387076, 1.000000000000000000, 0.8660254037844387076, 1.000000000000000000, 0.8660254037844387076, 1.000000000000000000, 0.8660254037844387076, 1.000000000000000000, 0.8660254037844387076, 1.000000000000000000, 0.8660254037844387076, 1.000000000000000000, 0.8660254037844387076, 1.000000000000000000, 0.8660254037844387076, 1.000000000000000000, 0.8660254037844387076, 1.000000000000000000, 0.8660254037844387076, 1.000000000000000000, 0.8660254037844387076, 1.000000000000000000, 0.8660254037844387076, 1.000000000000000000, 0.8660254037844387076, 1.000000000000000000, 0.8660254037844387076, 1.000000000000000000, 0.8660254037844387076, 1.000000000000000000, 0.8660254037844387076, 1.000000000000000000, 0.8660254037844387076, 1.000000000000000000, 0.8660254037844387076, 1.000000000000000000, 0.8660254037844387076, 1.000000000000000000, 0.8660254037844387076, 1.000000000000000000, 0.8660254037844387076, 1.000000000000000000, 0.8660254037844387076, 1.000000000000000000, 0.9423647062510798200, 0.9343183223307003349),
 ( 1.000000000000000000, 0.8660254037844387076, 1.000000000000000000, 0.8660254037844387076, 1.000000000000000000, 0.8660254037844387076, 1.000000000000000000, 0.8660254037844387076, 1.000000000000000000, 0.8660254037844387076, 1.000000000000000000, 0.8660254037844387076, 1.000000000000000000, 0.8660254037844387076, 1.000000000000000000, 0.8660254037844387076, 1.000000000000000000, 0.8660254037844387076, 1.000000000000000000, 0.8660254037844387076, 1.000000000000000000, 0.8660254037844387076, 1.000000000000000000, 0.8660254037844387076, 1.000000000000000000, 0.8660254037844387076, 1.000000000000000000, 0.8660254037844387076, 1.000000000000000000, 0.8660254037844387076, 1.000000000000000000, 0.8660254037844387076, 1.000000000000000000, 0.8660254037844387076, 1.000000000000000000, 0.8660254037844387076, 1.000000000000000000, 0.8660254037844387076, 1.000000000000000000, 0.8660254037844387076, 1.000000000000000000, 0.8660254037844387076, 1.000000000000000000, 0.8660254037844387076, 1.000000000000000000, 0.8660254037844387076, 1.000000000000000000, 0.8660254037844387076, 1.000000000000000000, 0.8660254037844387076, 1.000000000000000000, 0.8660254037844387076, 1.000000000000000000, 0.8660254037844387076, 1.000000000000000000, 0.8660254037844387076, 1.000000000000000000, 0.8660254037844387076, 1.000000000000000000, 0.8660254037844387076, 1.000000000000000000, 0.8660254037844387076, 1.000000000000000000, 0.8660254037844387076, 1.000000000000000000, 0.8660254037844387076, 1.000000000000000000, 0.8660254037844387076, 1.000000000000000000, 0.8660254037844387076, 1.000000000000000000, 0.8660254037844387076, 1.000000000000000000, 0.8660254037844387076, 1.000000000000000000, 0.8660254037844387076, 1.000000000000000000, 0.8660254037844387076, 1.000000000000000000, 0.8660254037844387076, 1.000000000000000000, 0.8660254037844387076, 1.000000000000000000, 0.8660254037844387076, 1.000000000000000000, 0.8660254037844387076, 1.000000000000000000, 0.8660254037844387076, 1.000000000000000000, 0.8660254037844387076, 1.000000000000000000, 0.8660254037844387076, 1.000000000000000000, 0.8660254037844387076, 1.000000000000000000, 0.8660254037844387076, 1.000000000000000000, 0.8660254037844387076, 1.000000000000000000, 0.8660254037844387076, 1.000000000000000000, 0.8660254037844387076, 1.000000000000000000, 0.8660254037844387076, 1.000000000000000000, 0.8660254037844387076, 1.000000000000000000, 0.8660254037844387076, 1.000000000000000000, 0.8660254037844387076, 1.000000000000000000, 0.8660254037844387076, 1.000000000000000000, 0.8660254037844387076, 1.000000000000000000, 0.9423647062510798200, 0.9343183223307003349) ) ) 
 REPRESENTATION_ITEM ( '' )  SURFACE ( )  );
#860 = EDGE_CURVE ( 'NONE', #1161, #1288, #1651, .T. ) ;
#861 = CARTESIAN_POINT ( 'NONE',  ( -2.449293598294707400E-16, -2.000000000000000888, 0.2500000000000283107 ) ) ;
#862 = AXIS2_PLACEMENT_3D ( 'NONE', #1315, #1677, #2461 ) ;
#863 =( GEOMETRIC_REPRESENTATION_CONTEXT ( 3 ) GLOBAL_UNCERTAINTY_ASSIGNED_CONTEXT ( ( #1716 ) ) GLOBAL_UNIT_ASSIGNED_CONTEXT ( ( #2084, #1904, #958 ) ) REPRESENTATION_CONTEXT ( 'NONE', 'WORKASPACE' ) );
#864 = FACE_OUTER_BOUND ( 'NONE', #2252, .T. ) ;
#865 = CARTESIAN_POINT ( 'NONE',  ( -1.176575538379251107, 2.037888611415568985, -0.6760416666666946295 ) ) ;
#866 = CARTESIAN_POINT ( 'NONE',  ( 0.000000000000000000, 2.037888611415568985, -0.7781249999999706457 ) ) ;
#867 = CARTESIAN_POINT ( 'NONE',  ( 1.784401076758502347, -3.277891600571085508E-16, -2.724999999999999645 ) ) ;
#868 = CARTESIAN_POINT ( 'NONE',  ( 0.000000000000000000, 1.545336663013169298, -5.349999999999999645 ) ) ;
#869 = CARTESIAN_POINT ( 'NONE',  ( -1.784401076758502347, 1.092630533523695375E-16, -1.587499999999999023 ) ) ;
#870 = ORIENTED_EDGE ( 'NONE', *, *, #1797, .T. ) ;
#871 = CARTESIAN_POINT ( 'NONE',  ( -0.8922005383792517286, -1.545336663013168854, -4.358333333333332504 ) ) ;
#872 = CARTESIAN_POINT ( 'NONE',  ( 0.000000000000000000, 3.299999999999999822, 2.000000000000000000 ) ) ;
#873 = CARTESIAN_POINT ( 'NONE',  ( -1.880513820946746462, 0.03604864765185904901, -4.668571383850713907 ) ) ;
#874 = CARTESIAN_POINT ( 'NONE',  ( -1.499999999999999778, -0.8660254037844388186, 4.870096189432334910 ) ) ;
#875 = CARTESIAN_POINT ( 'NONE',  ( 1.154700538379252794, 2.000000000000000000, -0.7708333333333596826 ) ) ;
#876 = EDGE_CURVE ( 'NONE', #2155, #2227, #693, .T. ) ;
#877 = CARTESIAN_POINT ( 'NONE',  ( 1.176575538379250663, -2.037888611415569429, 0.3302083333333629134 ) ) ;
#878 = CARTESIAN_POINT ( 'NONE',  ( -1.338300807568876927, 0.7726683315065848712, -3.833333333333333037 ) ) ;
#879 = FACE_OUTER_BOUND ( 'NONE', #1866, .T. ) ;
#880 = CARTESIAN_POINT ( 'NONE',  ( -0.8922005383792511735, 1.545336663013169520, -2.404166666666665897 ) ) ;
#881 = VERTEX_POINT ( 'NONE', #2258 ) ;
#882 = ORIENTED_EDGE ( 'NONE', *, *, #389, .T. ) ;
#883 = CARTESIAN_POINT ( 'NONE',  ( 1.338300807568877593, 0.7726683315065835389, -4.066666666666666430 ) ) ;
#884 = PLANE ( 'NONE',  #315 ) ;
#885 = CARTESIAN_POINT ( 'NONE',  ( 1.154700538379252794, 2.000000000000000000, -3.570833333333359949 ) ) ;
#886 = CARTESIAN_POINT ( 'NONE',  ( 1.732050807568878970, 0.9999999999999988898, -2.229166666666693608 ) ) ;
#887 = CYLINDRICAL_SURFACE ( 'NONE', #646, 2.000000000000000888 ) ;
#888 = DIRECTION ( 'NONE',  ( 0.000000000000000000, 1.000000000000000000, 0.000000000000000000 ) ) ;
#889 = CARTESIAN_POINT ( 'NONE',  ( 0.000000000000000000, 2.037888611415568985, -1.478124999999970379 ) ) ;
#890 = EDGE_CURVE ( 'NONE', #2514, #1669, #390, .T. ) ;
#891 = CARTESIAN_POINT ( 'NONE',  ( -0.8922005383792511735, 1.545336663013169520, -2.491666666666666252 ) ) ;
#892 = CARTESIAN_POINT ( 'NONE',  ( 1.338300807568877593, 0.7726683315065835389, -3.366666666666666252 ) ) ;
#893 = CARTESIAN_POINT ( 'NONE',  ( 4.163799117101000559E-16, 3.299999999999999822, 1.000000000000000000 ) ) ;
#894 = EDGE_LOOP ( 'NONE', ( #1136, #1166, #1878, #496 ) ) ;
#895 = CARTESIAN_POINT ( 'NONE',  ( 0.000000000000000000, 1.545336663013169298, -2.549999999999999822 ) ) ;
#896 = CARTESIAN_POINT ( 'NONE',  ( -1.732050807568878303, -1.000000000000000000, -1.879166666666693519 ) ) ;
#897 = CARTESIAN_POINT ( 'NONE',  ( -2.449293598294707400E-16, -2.000000000000000888, -3.862500000000026912 ) ) ;
#898 = AXIS2_PLACEMENT_3D ( 'NONE', #1008, #2378, #30 ) ;
#899 = CARTESIAN_POINT ( 'NONE',  ( -1.732050807568878081, 1.000000000000000666, -2.695833333333359949 ) ) ;
#900 = CARTESIAN_POINT ( 'NONE',  ( 2.353151076758502658, -4.322668401093671811E-16, 0.4906249999999720002 ) ) ;
#901 = VECTOR ( 'NONE', #1901, 1000.000000000000000 ) ;
#902 = CARTESIAN_POINT ( 'NONE',  ( 1.764863307568877993, 1.018944305707782938, 1.205208333333362747 ) ) ;
#903 = CARTESIAN_POINT ( 'NONE',  ( -1.338300807568877149, -0.7726683315065843161, -4.416666666666666075 ) ) ;
#904 = CARTESIAN_POINT ( 'NONE',  ( 0.000000000000000000, 1.545336663013169298, -0.4499999999999999001 ) ) ;
#905 = ORIENTED_EDGE ( 'NONE', *, *, #743, .T. ) ;
#906 = EDGE_CURVE ( 'NONE', #1827, #685, #1987, .T. ) ;
#907 = ORIENTED_EDGE ( 'NONE', *, *, #1029, .F. ) ;
#908 = CARTESIAN_POINT ( 'NONE',  ( 0.000000000000000000, 1.545336663013169298, -1.849999999999999645 ) ) ;
#909 = LINE ( 'NONE', #1496, #1550 ) ;
#910 = CARTESIAN_POINT ( 'NONE',  ( 1.500000000000000222, 0.3005327505313509784, 4.661509242051501190 ) ) ;
#911 = CARTESIAN_POINT ( 'NONE',  ( 1.732050807568877637, -1.000000000000001332, -0.3333333333333058368 ) ) ;
#912 = CARTESIAN_POINT ( 'NONE',  ( 1.338300807568877593, 0.7726683315065835389, -3.279166666666665453 ) ) ;
#913 = CARTESIAN_POINT ( 'NONE',  ( -0.8922005383792511735, 1.545336663013169520, -1.091666666666666119 ) ) ;
#914 = CARTESIAN_POINT ( 'NONE',  ( 0.8922005383792507294, -1.545336663013169742, -0.04166666666666641455 ) ) ;
#915 = ORIENTED_EDGE ( 'NONE', *, *, #193, .T. ) ;
#916 = EDGE_LOOP ( 'NONE', ( #1429, #153, #2512, #1629 ) ) ;
#917 = CARTESIAN_POINT ( 'NONE',  ( 0.8922005383792507294, -1.545336663013169742, -1.441666666666666430 ) ) ;
#918 = CARTESIAN_POINT ( 'NONE',  ( 1.692383508406461790, 0.5745887674780076892, 0.6750550657512979225 ) ) ;
#919 = ORIENTED_EDGE ( 'NONE', *, *, #1045, .F. ) ;
#920 = EDGE_CURVE ( 'NONE', #1097, #1356, #1914, .T. ) ;
#921 = DIRECTION ( 'NONE',  ( 0.000000000000000000, 1.000000000000000000, 0.000000000000000000 ) ) ;
#922 = CARTESIAN_POINT ( 'NONE',  ( -1.154700538379253905, 1.999999999999997113, -3.541666666666638097 ) ) ;
#923 = CARTESIAN_POINT ( 'NONE',  ( 1.176575538379250663, -2.037888611415569429, 1.030208333333363147 ) ) ;
#924 = CARTESIAN_POINT ( 'NONE',  ( 0.000000000000000000, -7.562047915168480934E-56, -5.000000000000000000 ) ) ;
#925 = CARTESIAN_POINT ( 'NONE',  ( -1.892491597964129933E-16, -1.545336663013169298, -2.199999999999999734 ) ) ;
#926 = EDGE_LOOP ( 'NONE', ( #2310, #2231, #998, #92, #105 ) ) ;
#927 = ORIENTED_EDGE ( 'NONE', *, *, #1620, .T. ) ;
#928 = CARTESIAN_POINT ( 'NONE',  ( 1.338300807568877593, 0.7726683315065835389, -2.666666666666666519 ) ) ;
#929 = CARTESIAN_POINT ( 'NONE',  ( 0.000000000000000000, 3.781023957584240920E-56, 5.000000000000000000 ) ) ;
#930 = APPLICATION_PROTOCOL_DEFINITION ( 'international standard', 'config_control_design', 1994, #1680 ) ;
#931 = EDGE_CURVE ( 'NONE', #2315, #2466, #1918, .T. ) ;
#932 = FACE_OUTER_BOUND ( 'NONE', #2110, .T. ) ;
#933 = DIRECTION ( 'NONE',  ( 0.8660254037844387076, -0.4999999999999997780, 0.000000000000000000 ) ) ;
#934 =( BOUNDED_CURVE ( )  B_SPLINE_CURVE ( 2, ( #1460, #69, #1268, #1843, #2024, #660, #2213 ),
 .UNSPECIFIED., .F., .F. ) 
 B_SPLINE_CURVE_WITH_KNOTS ( ( 3, 2, 2, 3 ),
 ( 0.3000000000000000444, 0.3166666666666667074, 0.3333333333333333703, 0.3500000000000000333 ),
 .UNSPECIFIED. ) 
 CURVE ( )  GEOMETRIC_REPRESENTATION_ITEM ( )  RATIONAL_B_SPLINE_CURVE ( ( 0.9999999999999995559, 0.8660254037844391517, 1.000000000000000000, 0.8660254037844387076, 1.000000000000000000, 0.8660254037844382635, 1.000000000000000444 ) ) 
 REPRESENTATION_ITEM ( '' )  );
#935 = CARTESIAN_POINT ( 'NONE',  ( -1.338300807568877149, -0.7726683315065843161, -2.929166666666665808 ) ) ;
#936 = CARTESIAN_POINT ( 'NONE',  ( -1.500000000000000000, 0.7319659167298777636, 4.803066445905055382 ) ) ;
#937 = CARTESIAN_POINT ( 'NONE',  ( 1.784401076758502347, -3.277891600571085508E-16, -3.424999999999999378 ) ) ;
#938 = SECURITY_CLASSIFICATION ( '', '', #618 ) ;
#939 = VECTOR ( 'NONE', #1010, 1000.000000000000000 ) ;
#940 = ORIENTED_EDGE ( 'NONE', *, *, #2532, .T. ) ;
#941 = ORIENTED_EDGE ( 'NONE', *, *, #1542, .F. ) ;
#942 = CARTESIAN_POINT ( 'NONE',  ( 1.154700538379252794, 2.000000000000000000, -2.170833333333360038 ) ) ;
#943 = CARTESIAN_POINT ( 'NONE',  ( -0.8922005383792517286, -1.545336663013168854, -2.258333333333333304 ) ) ;
#944 = DIRECTION ( 'NONE',  ( -0.000000000000000000, -7.562047915168481387E-57, -1.000000000000000000 ) ) ;
#945 = CARTESIAN_POINT ( 'NONE',  ( 0.000000000000000000, -3.024819166067392102E-56, 1.000000000000000000 ) ) ;
#946 = EDGE_LOOP ( 'NONE', ( #1779, #342 ) ) ;
#947 = CARTESIAN_POINT ( 'NONE',  ( -2.309401076758504257, 1.414100318299876297E-16, -2.637500000000026823 ) ) ;
#948 = CARTESIAN_POINT ( 'NONE',  ( -0.8922005383792510624, 1.545336663013169520, -5.204166666666666607 ) ) ;
#949 = CARTESIAN_POINT ( 'NONE',  ( 1.338300807568876483, -0.7726683315065853153, 0.01666666666666656582 ) ) ;
#950 = CARTESIAN_POINT ( 'NONE',  ( -1.176575538379251995, -2.037888611415568985, -3.942708333333361015 ) ) ;
#951 = EDGE_CURVE ( 'NONE', #1973, #197, #337, .T. ) ;
#952 = ORIENTED_EDGE ( 'NONE', *, *, #1616, .T. ) ;
#953 = ORIENTED_EDGE ( 'NONE', *, *, #1620, .F. ) ;
#954 = ORIENTED_EDGE ( 'NONE', *, *, #2372, .T. ) ;
#955 = CARTESIAN_POINT ( 'NONE',  ( -1.499999999999999778, -0.8660254037844388186, 2.000000000000000000 ) ) ;
#956 = CARTESIAN_POINT ( 'NONE',  ( -2.449293598294707400E-16, -2.000000000000000888, 0.3374999999999729328 ) ) ;
#957 = DIRECTION ( 'NONE',  ( 1.000000000000000000, 0.000000000000000000, 0.000000000000000000 ) ) ;
#958 =( NAMED_UNIT ( * ) SI_UNIT ( $, .STERADIAN. ) SOLID_ANGLE_UNIT ( ) );
#959 = VERTEX_POINT ( 'NONE', #1322 ) ;
#960 = FACE_OUTER_BOUND ( 'NONE', #1046, .T. ) ;
#961 = CARTESIAN_POINT ( 'NONE',  ( -1.784401076758502347, 1.092630533523695498E-16, -1.587499999999999023 ) ) ;
#962 = CARTESIAN_POINT ( 'NONE',  ( 1.500000000000000000, 0.8660254037844388186, -3.582575694955841161 ) ) ;
#963 = CARTESIAN_POINT ( 'NONE',  ( 0.000000000000000000, 2.037888611415568985, -5.634375000000027889 ) ) ;
#964 = ORIENTED_EDGE ( 'NONE', *, *, #743, .F. ) ;
#965 = EDGE_CURVE ( 'NONE', #509, #2442, #2329, .T. ) ;
#966 = ORIENTED_EDGE ( 'NONE', *, *, #2513, .F. ) ;
#967 = CARTESIAN_POINT ( 'NONE',  ( 1.338300807568877593, 0.7726683315065835389, 0.8333333333333334814 ) ) ;
#968 = CARTESIAN_POINT ( 'NONE',  ( 1.732050807568877637, -1.000000000000001332, 0.3666666666666942853 ) ) ;
#969 = CARTESIAN_POINT ( 'NONE',  ( -1.338300807568877149, -0.7726683315065843161, -0.1291666666666654584 ) ) ;
#970 = ORIENTED_EDGE ( 'NONE', *, *, #2327, .F. ) ;
#971 = CARTESIAN_POINT ( 'NONE',  ( 1.440655427738755989, 0.9222350973045947420, -4.848803572737034884 ) ) ;
#972 = AXIS2_PLACEMENT_3D ( 'NONE', #929, #2504, #957 ) ;
#973 = CARTESIAN_POINT ( 'NONE',  ( 0.8922005383792507294, -1.545336663013169742, -1.354166666666665853 ) ) ;
#974 = CARTESIAN_POINT ( 'NONE',  ( 1.338300807568876483, -0.7726683315065853153, -4.095833333333332327 ) ) ;
#975 = CARTESIAN_POINT ( 'NONE',  ( -0.8922005383792510624, 1.545336663013169520, 1.008333333333333304 ) ) ;
#976 = VERTEX_POINT ( 'NONE', #2300 ) ;
#977 = CARTESIAN_POINT ( 'NONE',  ( -0.6162907893786160329, 1.376235154422046136, 4.638370359032660595 ) ) ;
#978 = CIRCLE ( 'NONE', #2410, 0.2000000000000000944 ) ;
#979 = CARTESIAN_POINT ( 'NONE',  ( -1.499999999999999778, -0.8660254037844388186, 4.870096189432334910 ) ) ;
#980 = CARTESIAN_POINT ( 'NONE',  ( 1.732050807568878970, 0.9999999999999988898, 0.4833333333333610926 ) ) ;
#981 = DATE_AND_TIME ( #1803, #240 ) ;
#982 = ADVANCED_FACE ( 'NONE', ( #2106 ), #650, .F. ) ;
#983 = AXIS2_PLACEMENT_3D ( 'NONE', #350, #2527, #566 ) ;
#984 = CARTESIAN_POINT ( 'NONE',  ( 0.000000000000000000, 1.545336663013169298, -0.3624999999999991007 ) ) ;
#985 = CARTESIAN_POINT ( 'NONE',  ( -1.154700538379256569, 1.999999999999992228, -4.241666666666638719 ) ) ;
#986 = ORIENTED_EDGE ( 'NONE', *, *, #10, .T. ) ;
#987 = CARTESIAN_POINT ( 'NONE',  ( 0.000000000000000000, 0.000000000000000000, -0.3547005383792642408 ) ) ;
#988 = CARTESIAN_POINT ( 'NONE',  ( -1.784401076758502347, 1.092630533523695498E-16, -0.1874999999999992784 ) ) ;
#989 = CARTESIAN_POINT ( 'NONE',  ( -1.784401076758502347, 1.092630533523695498E-16, 0.4250000000000000444 ) ) ;
#990 = CARTESIAN_POINT ( 'NONE',  ( 1.764863307568876660, -1.018944305707785380, -4.511458333333304260 ) ) ;
#991 = CARTESIAN_POINT ( 'NONE',  ( 1.732050807568877637, -1.000000000000001332, -3.133333333333305326 ) ) ;
#992 = CARTESIAN_POINT ( 'NONE',  ( -1.262961302073743353, -1.002879759840521245, 4.744900832287271442 ) ) ;
#993 = CARTESIAN_POINT ( 'NONE',  ( -1.154700538379252572, -2.000000000000000888, -1.208333333333305282 ) ) ;
#994 = CARTESIAN_POINT ( 'NONE',  ( -0.8922005383792517286, -1.545336663013168854, -2.870833333333332238 ) ) ;
#995 = FACE_OUTER_BOUND ( 'NONE', #1149, .T. ) ;
#996 = ORIENTED_EDGE ( 'NONE', *, *, #931, .T. ) ;
#997 = EDGE_CURVE ( 'NONE', #211, #959, #1794, .T. ) ;
#998 = ORIENTED_EDGE ( 'NONE', *, *, #1487, .T. ) ;
#999 = CARTESIAN_POINT ( 'NONE',  ( 1.568946590282478626, 0.6202124846295240523, -4.861795261144349567 ) ) ;
#1000 = CARTESIAN_POINT ( 'NONE',  ( 0.8922005383792507294, -1.545336663013169742, -2.754166666666665986 ) ) ;
#1001 = CARTESIAN_POINT ( 'NONE',  ( -1.176575538379251107, 2.037888611415568985, -5.576041666666694319 ) ) ;
#1002 = CARTESIAN_POINT ( 'NONE',  ( -2.449293598294707400E-16, -2.000000000000000888, -3.862500000000026912 ) ) ;
#1003 = CARTESIAN_POINT ( 'NONE',  ( 2.309401076758504257, -4.242300954899628645E-16, -4.474999999999972111 ) ) ;
#1004 = DIRECTION ( 'NONE',  ( -0.000000000000000000, -7.562047915168481387E-57, -1.000000000000000000 ) ) ;
#1005 = CARTESIAN_POINT ( 'NONE',  ( 1.784401076758502347, -3.277891600571085508E-16, -4.037499999999999645 ) ) ;
#1006 = DATE_AND_TIME ( #235, #2538 ) ;
#1007 = CARTESIAN_POINT ( 'NONE',  ( 1.338300807568877593, 0.7726683315065835389, -1.879166666666665764 ) ) ;
#1008 = CARTESIAN_POINT ( 'NONE',  ( 1.500000000000000000, 0.8660254037844388186, -3.582575694955841161 ) ) ;
#1009 = ORIENTED_EDGE ( 'NONE', *, *, #68, .T. ) ;
#1010 = DIRECTION ( 'NONE',  ( -0.000000000000000000, -7.562047915168481387E-57, -1.000000000000000000 ) ) ;
#1011 = EDGE_CURVE ( 'NONE', #1458, #2500, #1528, .T. ) ;
#1012 = CARTESIAN_POINT ( 'NONE',  ( -1.892491597964129933E-16, -1.545336663013169298, -2.812499999999999112 ) ) ;
#1013 = CARTESIAN_POINT ( 'NONE',  ( 1.176575538379250663, -2.037888611415569429, -1.026041666666694940 ) ) ;
#1014 = CARTESIAN_POINT ( 'NONE',  ( -2.353151076758502658, 1.440889467031223773E-16, -4.803124999999970335 ) ) ;
#1015 = CARTESIAN_POINT ( 'NONE',  ( -1.892491597964129933E-16, -1.545336663013169298, -5.000000000000000000 ) ) ;
#1016 = CARTESIAN_POINT ( 'NONE',  ( -1.784401076758502347, 1.092630533523695498E-16, -3.774999999999999911 ) ) ;
#1017 = CARTESIAN_POINT ( 'NONE',  ( 1.338300807568876483, -0.7726683315065853153, -4.795833333333332504 ) ) ;
#1018 = CIRCLE ( 'NONE', #1671, 1.545336663013169298 ) ;
#1019 = COORDINATED_UNIVERSAL_TIME_OFFSET ( 6, 0, .BEHIND. ) ;
#1020 = CLOSED_SHELL ( 'NONE', ( #1905, #1220, #1874, #1355, #319, #225, #1749, #451, #2423, #1169, #1416, #176, #133, #600, #1499, #1437, #2121, #1950, #619, #982, #684, #1889, #335, #1142, #1090, #2340, #2471, #780, #2271, #1831, #465, #2000, #716, #1717, #2343, #796, #1687, #1781, #1155, #423, #1972, #2460, #1252, #1526, #99 ) ) ;
#1021 = CARTESIAN_POINT ( 'NONE',  ( -1.784401076758502347, 1.092630533523695498E-16, -1.587499999999999023 ) ) ;
#1022 = CARTESIAN_POINT ( 'NONE',  ( 0.000000000000000000, 2.000000000000000888, -2.112500000000026468 ) ) ;
#1023 = APPROVAL_PERSON_ORGANIZATION ( #180, #232, #804 ) ;
#1024 = AXIS2_PLACEMENT_3D ( 'NONE', #2342, #2316, #2165 ) ;
#1025 = CARTESIAN_POINT ( 'NONE',  ( 0.000000000000000000, 0.000000000000000000, -0.3547005383792642408 ) ) ;
#1026 = CARTESIAN_POINT ( 'NONE',  ( 0.000000000000000000, -7.562047915168480934E-56, -5.000000000000000000 ) ) ;
#1027 = CARTESIAN_POINT ( 'NONE',  ( -1.764863307568877326, -1.018944305707784048, -1.201041666666694763 ) ) ;
#1028 = CARTESIAN_POINT ( 'NONE',  ( -0.1171973830342283862, 1.664386866925746222, 4.802432248789203939 ) ) ;
#1029 = EDGE_CURVE ( 'NONE', #469, #1775, #2311, .T. ) ;
#1030 = CARTESIAN_POINT ( 'NONE',  ( 0.000000000000000000, 0.000000000000000000, 0.8000000000000003775 ) ) ;
#1031 = CARTESIAN_POINT ( 'NONE',  ( -1.732050807568878081, 1.000000000000000666, 0.1041666666666400953 ) ) ;
#1032 = B_SPLINE_CURVE_WITH_KNOTS ( 'NONE', 3,
 ( #676, #1037, #2050, #874 ),
 .UNSPECIFIED., .F., .F.,
 ( 4, 4 ),
 ( 0.001816563801401241580, 0.002713371407729958749 ),
 .UNSPECIFIED. ) ;
#1033 = CARTESIAN_POINT ( 'NONE',  ( -0.8922005383792511735, 1.545336663013169520, -1.004166666666665320 ) ) ;
#1034 = CARTESIAN_POINT ( 'NONE',  ( -1.892491597964129933E-16, -1.545336663013169298, -5.000000000000000000 ) ) ;
#1035 = CARTESIAN_POINT ( 'NONE',  ( 1.605591327059690432, -1.192508486540329260, -4.545336663013168632 ) ) ;
#1036 =( BOUNDED_CURVE ( )  B_SPLINE_CURVE ( 2, ( #1388, #167, #1737, #2337, #189, #616, #1352 ),
 .UNSPECIFIED., .F., .F. ) 
 B_SPLINE_CURVE_WITH_KNOTS ( ( 3, 2, 2, 3 ),
 ( 0.6999999999999999556, 0.7166666666666666741, 0.7333333333333332815, 0.7500000000000000000 ),
 .UNSPECIFIED. ) 
 CURVE ( )  GEOMETRIC_REPRESENTATION_ITEM ( )  RATIONAL_B_SPLINE_CURVE ( ( 1.000000000000000000, 0.8660254037844387076, 1.000000000000000000, 0.8660254037844387076, 1.000000000000000000, 0.8660254037844387076, 1.000000000000000000 ) ) 
 REPRESENTATION_ITEM ( '' )  );
#1037 = CARTESIAN_POINT ( 'NONE',  ( -1.499999999999999778, -0.3042102711411892035, 4.638045381863457273 ) ) ;
#1038 = CARTESIAN_POINT ( 'NONE',  ( -1.338300807568877149, -0.7726683315065843161, 1.270833333333334814 ) ) ;
#1039 = CARTESIAN_POINT ( 'NONE',  ( 1.764863307568876660, -1.018944305707785380, -3.067708333333361459 ) ) ;
#1040 = CARTESIAN_POINT ( 'NONE',  ( -1.176575538379251995, -2.037888611415568985, -0.4864583333333040716 ) ) ;
#1041 = CARTESIAN_POINT ( 'NONE',  ( -1.892491597964129933E-16, -1.545336663013169298, -3.600000000000000089 ) ) ;
#1042 = CARTESIAN_POINT ( 'NONE',  ( -1.784401076758502347, 1.092630533523695498E-16, -5.174999999999999822 ) ) ;
#1043 = CARTESIAN_POINT ( 'NONE',  ( -0.8922005383792511735, 1.545336663013169520, -0.3041666666666653085 ) ) ;
#1044 = ORIENTED_EDGE ( 'NONE', *, *, #1206, .F. ) ;
#1045 = EDGE_CURVE ( 'NONE', #1669, #1778, #15, .T. ) ;
#1046 = EDGE_LOOP ( 'NONE', ( #2287, #2104, #1121, #1688, #1445, #539, #1114 ) ) ;
#1047 = CARTESIAN_POINT ( 'NONE',  ( -1.338300807568876927, 0.7726683315065848712, 1.154166666666667895 ) ) ;
#1048 = CARTESIAN_POINT ( 'NONE',  ( -0.4907859318628605139, -1.925922494246911976, -4.572985067753426058 ) ) ;
#1049 = LINE ( 'NONE', #662, #1592 ) ;
#1050 = CARTESIAN_POINT ( 'NONE',  ( 0.000000000000000000, 1.902572142074233197, 0.7437499999999896971 ) ) ;
#1051 = CARTESIAN_POINT ( 'NONE',  ( 1.764863307568876660, -1.018944305707785380, -1.667708333333361326 ) ) ;
#1052 = CARTESIAN_POINT ( 'NONE',  ( 0.000000000000000000, 2.037888611415568985, -2.878124999999970512 ) ) ;
#1053 = CARTESIAN_POINT ( 'NONE',  ( -1.338300807568876927, 0.7726683315065848712, -2.433333333333333126 ) ) ;
#1054 = FACE_OUTER_BOUND ( 'NONE', #545, .T. ) ;
#1055 = CARTESIAN_POINT ( 'NONE',  ( -1.338300807568877149, -0.7726683315065843161, -1.529166666666665675 ) ) ;
#1056 = ORIENTED_EDGE ( 'NONE', *, *, #2283, .T. ) ;
#1057 = AXIS2_PLACEMENT_3D ( 'NONE', #364, #1004, #1202 ) ;
#1058 = CARTESIAN_POINT ( 'NONE',  ( -0.8922005383792517286, -1.545336663013168854, 0.6291666666666676511 ) ) ;
#1059 = CARTESIAN_POINT ( 'NONE',  ( -2.449293598294707400E-16, -2.000000000000000888, -3.162500000000026734 ) ) ;
#1060 = CARTESIAN_POINT ( 'NONE',  ( -0.2449085964080182920, -1.981232230382632187, -4.564104432630530894 ) ) ;
#1061 = DIRECTION ( 'NONE',  ( 0.000000000000000000, 0.000000000000000000, 1.000000000000000000 ) ) ;
#1062 = EDGE_CURVE ( 'NONE', #1471, #1356, #1463, .T. ) ;
#1063 = VECTOR ( 'NONE', #2124, 1000.000000000000000 ) ;
#1064 = CARTESIAN_POINT ( 'NONE',  ( 1.338300807568877593, 0.7726683315065835389, 0.9208333333333342807 ) ) ;
#1065 = CARTESIAN_POINT ( 'NONE',  ( -2.495693764988920690E-16, -2.037888611415568985, -1.084375000000028066 ) ) ;
#1066 = CARTESIAN_POINT ( 'NONE',  ( -2.495693764988920690E-16, -2.037888611415568985, 0.2718750000000298983 ) ) ;
#1067 = CARTESIAN_POINT ( 'NONE',  ( 0.000000000000000000, 1.545336663013169298, -1.849999999999999645 ) ) ;
#1068 = CARTESIAN_POINT ( 'NONE',  ( -1.154700538379251906, 2.000000000000000888, 0.04583333333330624759 ) ) ;
#1069 = CARTESIAN_POINT ( 'NONE',  ( 1.338300807568877593, 0.7726683315065835389, -1.879166666666665764 ) ) ;
#1070 = VERTEX_POINT ( 'NONE', #1409 ) ;
#1071 = CARTESIAN_POINT ( 'NONE',  ( 0.8922005383792507294, -1.545336663013169742, -3.541666666666666075 ) ) ;
#1072 = CARTESIAN_POINT ( 'NONE',  ( -2.449293598294707400E-16, -2.000000000000000888, -3.862500000000026912 ) ) ;
#1073 = CARTESIAN_POINT ( 'NONE',  ( -1.865513860908618815, -0.3341603060958954208, -4.654083540328279867 ) ) ;
#1074 = ORIENTED_EDGE ( 'NONE', *, *, #433, .F. ) ;
#1075 = DIRECTION ( 'NONE',  ( 0.000000000000000000, 1.000000000000000000, 0.000000000000000000 ) ) ;
#1076 = EDGE_CURVE ( 'NONE', #1778, #1695, #438, .T. ) ;
#1077 = CARTESIAN_POINT ( 'NONE',  ( -0.8922005383792510624, 1.545336663013169520, 1.095833333333334103 ) ) ;
#1078 = CARTESIAN_POINT ( 'NONE',  ( 1.009129909835881245, -1.149429382477828554, 4.637405605205471737 ) ) ;
#1079 = EDGE_LOOP ( 'NONE', ( #1890, #1173, #2519, #1240 ) ) ;
#1080 = CARTESIAN_POINT ( 'NONE',  ( 1.764863307568876660, -1.018944305707785380, 0.3885416666666958729 ) ) ;
#1081 = CARTESIAN_POINT ( 'NONE',  ( 0.8922005383792521727, 1.545336663013168854, -2.608333333333332948 ) ) ;
#1082 = CARTESIAN_POINT ( 'NONE',  ( -1.338300807568876927, 0.7726683315065848712, -2.433333333333333126 ) ) ;
#1083 = CARTESIAN_POINT ( 'NONE',  ( 0.8922005383792521727, 1.545336663013168854, -2.520833333333332593 ) ) ;
#1084 = EDGE_LOOP ( 'NONE', ( #836, #1721, #394, #2049 ) ) ;
#1085 = ORIENTED_EDGE ( 'NONE', *, *, #1062, .F. ) ;
#1086 = CARTESIAN_POINT ( 'NONE',  ( -1.784401076758502347, 1.092630533523695498E-16, -0.9750000000000000888 ) ) ;
#1087 = CARTESIAN_POINT ( 'NONE',  ( 0.000000000000000000, 1.902572142074233197, 0.7437499999999896971 ) ) ;
#1088 = CARTESIAN_POINT ( 'NONE',  ( -1.499999999999999778, -0.8660254037844388186, -3.582575694955841161 ) ) ;
#1089 = DIRECTION ( 'NONE',  ( -0.000000000000000000, -7.562047915168481387E-57, -1.000000000000000000 ) ) ;
#1090 = ADVANCED_FACE ( 'NONE', ( #245 ), #1964, .F. ) ;
#1091 = CARTESIAN_POINT ( 'NONE',  ( -1.892491597964129933E-16, -1.545336663013169298, -3.512499999999999289 ) ) ;
#1092 = CARTESIAN_POINT ( 'NONE',  ( 0.8922005383792521727, 1.545336663013168854, -4.708333333333333037 ) ) ;
#1093 = CARTESIAN_POINT ( 'NONE',  ( 1.784401076758502347, -3.277891600571085508E-16, -2.724999999999999645 ) ) ;
#1094 = EDGE_CURVE ( 'NONE', #2442, #509, #1306, .T. ) ;
#1095 = CARTESIAN_POINT ( 'NONE',  ( -2.449293598294707400E-16, -2.000000000000000888, -1.762500000000026379 ) ) ;
#1096 = ORIENTED_EDGE ( 'NONE', *, *, #1616, .F. ) ;
#1097 = VERTEX_POINT ( 'NONE', #1579 ) ;
#1098 = CARTESIAN_POINT ( 'NONE',  ( -1.892491597964129933E-16, -1.545336663013169298, -0.09999999999999939493 ) ) ;
#1099 = CARTESIAN_POINT ( 'NONE',  ( 1.511534409482800712, 0.9962960339523492248, 0.6884136883105671512 ) ) ;
#1100 = AXIS2_PLACEMENT_3D ( 'NONE', #43, #1673, #2458 ) ;
#1101 = CIRCLE ( 'NONE', #322, 2.200000000000001954 ) ;
#1102 = CARTESIAN_POINT ( 'NONE',  ( -1.732050807568878081, 1.000000000000000666, -3.395833333333360127 ) ) ;
#1103 = CARTESIAN_POINT ( 'NONE',  ( -1.154700538379250352, -2.000000000000004885, -1.908333333333305237 ) ) ;
#1104 = VECTOR ( 'NONE', #551, 1000.000000000000000 ) ;
#1105 = CARTESIAN_POINT ( 'NONE',  ( -2.495693764988920690E-16, -2.037888611415568985, 0.9718750000000291323 ) ) ;
#1106 = CARTESIAN_POINT ( 'NONE',  ( 0.000000000000000000, 1.545336663013169298, -5.262499999999999289 ) ) ;
#1107 = CARTESIAN_POINT ( 'NONE',  ( -0.8922005383792517286, -1.545336663013168854, -0.1583333333333332704 ) ) ;
#1108 = EDGE_CURVE ( 'NONE', #197, #881, #513, .T. ) ;
#1109 = VERTEX_POINT ( 'NONE', #2358 ) ;
#1110 = CARTESIAN_POINT ( 'NONE',  ( -1.338300807568876927, 0.7726683315065848712, -1.033333333333333215 ) ) ;
#1111 = CARTESIAN_POINT ( 'NONE',  ( -2.449293598294707400E-16, -2.000000000000000888, -0.4499999999999718114 ) ) ;
#1112 = AXIS2_PLACEMENT_3D ( 'NONE', #853, #440, #2006 ) ;
#1113 = CARTESIAN_POINT ( 'NONE',  ( -1.154700538379251906, 2.000000000000000888, -0.6541666666666930974 ) ) ;
#1114 = ORIENTED_EDGE ( 'NONE', *, *, #876, .T. ) ;
#1115 = CARTESIAN_POINT ( 'NONE',  ( -0.1652012813349367504, 1.910169810408137270, 0.7481365158577827357 ) ) ;
#1116 =( BOUNDED_CURVE ( )  B_SPLINE_CURVE ( 2, ( #1002, #202, #4, #1213, #785, #771, #1565 ),
 .UNSPECIFIED., .F., .F. ) 
 B_SPLINE_CURVE_WITH_KNOTS ( ( 3, 2, 2, 3 ),
 ( 0.7071699281526708791, 0.7238365948193374866, 0.7405032614860042051, 0.7571699281526709235 ),
 .UNSPECIFIED. ) 
 CURVE ( )  GEOMETRIC_REPRESENTATION_ITEM ( )  RATIONAL_B_SPLINE_CURVE ( ( 1.000000000000000000, 0.8660254037844387076, 1.000000000000000000, 0.8660254037844387076, 1.000000000000000000, 0.8660254037844387076, 1.000000000000000000 ) ) 
 REPRESENTATION_ITEM ( '' )  );
#1117 = CARTESIAN_POINT ( 'NONE',  ( -0.8922005383792517286, -1.545336663013168854, -4.270833333333332149 ) ) ;
#1118 = CARTESIAN_POINT ( 'NONE',  ( -1.338300807568876927, 0.7726683315065848712, -1.033333333333333215 ) ) ;
#1119 = CARTESIAN_POINT ( 'NONE',  ( -1.784401076758502347, 1.092630533523695498E-16, -2.374999999999999556 ) ) ;
#1120 = ORIENTED_EDGE ( 'NONE', *, *, #2438, .F. ) ;
#1121 = ORIENTED_EDGE ( 'NONE', *, *, #10, .F. ) ;
#1122 = CARTESIAN_POINT ( 'NONE',  ( 2.449293598294707893E-16, -2.000000000000000888, -5.000000000000000000 ) ) ;
#1123 = CARTESIAN_POINT ( 'NONE',  ( -1.892491597964129933E-16, -1.545336663013169298, 0.5999999999999998668 ) ) ;
#1124 = CARTESIAN_POINT ( 'NONE',  ( -1.154700538379257235, -1.999999999999993117, -0.5083333333333062143 ) ) ;
#1125 = CARTESIAN_POINT ( 'NONE',  ( 6.505213034913026604E-16, -1.732050807568877193, 2.000000000000000000 ) ) ;
#1126 = EDGE_CURVE ( 'NONE', #575, #2320, #1546, .T. ) ;
#1127 = ORIENTED_EDGE ( 'NONE', *, *, #1193, .F. ) ;
#1128 = CARTESIAN_POINT ( 'NONE',  ( -0.8058097953446244910, 1.775777793419590855, 0.7672331418280649018 ) ) ;
#1129 = DIRECTION ( 'NONE',  ( -0.4999999999999998335, -0.8660254037844388186, 0.000000000000000000 ) ) ;
#1130 = CARTESIAN_POINT ( 'NONE',  ( -1.784401076758502347, 1.092630533523695498E-16, -2.987499999999998934 ) ) ;
#1131 = CARTESIAN_POINT ( 'NONE',  ( -1.784401076758502347, 1.092630533523695498E-16, -4.387499999999999289 ) ) ;
#1132 = PRODUCT ( '91290A139_Black-Oxide Alloy Steel Socket Head Screw', '91290A139_Black-Oxide Alloy Steel Socket Head Screw', '', ( #1712 ) ) ;
#1133 = CARTESIAN_POINT ( 'NONE',  ( -1.338300807568876927, 0.7726683315065848712, -1.033333333333333215 ) ) ;
#1134 =( BOUNDED_CURVE ( )  B_SPLINE_CURVE ( 2, ( #2472, #718, #540, #2260, #1102, #501, #707 ),
 .UNSPECIFIED., .F., .F. ) 
 B_SPLINE_CURVE_WITH_KNOTS ( ( 3, 2, 2, 3 ),
 ( 0.6071699281526709013, 0.6238365948193376198, 0.6405032614860042273, 0.6571699281526708347 ),
 .UNSPECIFIED. ) 
 CURVE ( )  GEOMETRIC_REPRESENTATION_ITEM ( )  RATIONAL_B_SPLINE_CURVE ( ( 1.000000000000000000, 0.8660254037844387076, 1.000000000000000000, 0.8660254037844387076, 1.000000000000000000, 0.8660254037844387076, 1.000000000000000000 ) ) 
 REPRESENTATION_ITEM ( '' )  );
#1135 = ORIENTED_EDGE ( 'NONE', *, *, #546, .F. ) ;
#1136 = ORIENTED_EDGE ( 'NONE', *, *, #2513, .T. ) ;
#1137 = CARTESIAN_POINT ( 'NONE',  ( 0.000000000000000000, 3.781023957584240920E-56, 5.000000000000000000 ) ) ;
#1138 = CARTESIAN_POINT ( 'NONE',  ( -1.338300807568877149, -0.7726683315065843161, -0.2166666666666662300 ) ) ;
#1139 = CARTESIAN_POINT ( 'NONE',  ( 1.170163016032734093, -1.203674169672032113, 0.6122654752839095105 ) ) ;
#1140 = DIRECTION ( 'NONE',  ( 0.000000000000000000, -7.562047915168481387E-57, -1.000000000000000000 ) ) ;
#1141 = VERTEX_POINT ( 'NONE', #2206 ) ;
#1142 = ADVANCED_FACE ( 'NONE', ( #1771 ), #2531, .F. ) ;
#1143 = CARTESIAN_POINT ( 'NONE',  ( -0.6482038137487836638, 1.830139271147018354, 0.7622720876112832888 ) ) ;
#1144 = CIRCLE ( 'NONE', #1184, 3.500000000000000000 ) ;
#1145 = CARTESIAN_POINT ( 'NONE',  ( -1.176575538379251995, -2.037888611415568985, 0.9135416666666961172 ) ) ;
#1146 = CARTESIAN_POINT ( 'NONE',  ( 1.784401076758502347, -3.277891600571085508E-16, -4.737499999999998934 ) ) ;
#1147 = CARTESIAN_POINT ( 'NONE',  ( 2.353151076758502658, -4.322668401093671811E-16, -4.409375000000027356 ) ) ;
#1148 = AXIS2_PLACEMENT_3D ( 'NONE', #2199, #2189, #1075 ) ;
#1149 = EDGE_LOOP ( 'NONE', ( #854, #482, #964, #572 ) ) ;
#1150 = DIRECTION ( 'NONE',  ( 0.8660254037844388186, -0.4999999999999998335, 3.781023957584238995E-57 ) ) ;
#1151 = CARTESIAN_POINT ( 'NONE',  ( 0.000000000000000000, 1.545336663013169298, 0.9500000000000002887 ) ) ;
#1152 = CARTESIAN_POINT ( 'NONE',  ( 0.000000000000000000, -3.024819166067392102E-56, 1.000000000000000000 ) ) ;
#1153 = DIRECTION ( 'NONE',  ( 0.000000000000000000, -1.000000000000000000, -1.281975124255723263E-16 ) ) ;
#1154 = B_SPLINE_CURVE_WITH_KNOTS ( 'NONE', 3,
 ( #302, #515, #910, #1689, #2293, #2303 ),
 .UNSPECIFIED., .F., .F.,
 ( 4, 2, 4 ),
 ( 0.002035738683355169804, 0.002484928579960684475, 0.002934118476566199146 ),
 .UNSPECIFIED. ) ;
#1155 = ADVANCED_FACE ( 'NONE', ( #1978 ), #441, .T. ) ;
#1156 = CARTESIAN_POINT ( 'NONE',  ( 0.8922005383792521727, 1.545336663013168854, -2.520833333333332149 ) ) ;
#1157 = CARTESIAN_POINT ( 'NONE',  ( -1.784401076758502347, 1.092630533523695375E-16, -0.9750000000000000888 ) ) ;
#1158 = CARTESIAN_POINT ( 'NONE',  ( 0.8922005383792521727, 1.545336663013168854, 0.8916666666666664964 ) ) ;
#1159 = ORIENTED_EDGE ( 'NONE', *, *, #304, .T. ) ;
#1160 = ORIENTED_EDGE ( 'NONE', *, *, #341, .T. ) ;
#1161 = VERTEX_POINT ( 'NONE', #218 ) ;
#1162 = CARTESIAN_POINT ( 'NONE',  ( 1.262961302073743575, 1.002879759840521690, 4.744900832287270553 ) ) ;
#1163 = CARTESIAN_POINT ( 'NONE',  ( -0.8922005383792510624, 1.545336663013169520, 1.008333333333333304 ) ) ;
#1164 = CARTESIAN_POINT ( 'NONE',  ( -1.154700538379251906, 2.000000000000000888, -1.441666666666638452 ) ) ;
#1165 = CARTESIAN_POINT ( 'NONE',  ( 0.8922005383792507294, -1.545336663013169742, -0.6541666666666657859 ) ) ;
#1166 = ORIENTED_EDGE ( 'NONE', *, *, #717, .T. ) ;
#1167 = LINE ( 'NONE', #1210, #1063 ) ;
#1168 = CARTESIAN_POINT ( 'NONE',  ( -1.784401076758502347, 1.092630533523695498E-16, -2.287499999999999201 ) ) ;
#1169 = ADVANCED_FACE ( 'NONE', ( #26 ), #2183, .T. ) ;
#1170 = CARTESIAN_POINT ( 'NONE',  ( 0.8922005383792521727, 1.545336663013168854, -3.920833333333332948 ) ) ;
#1171 = CARTESIAN_POINT ( 'NONE',  ( 1.176575538379250663, -2.037888611415569429, -5.226041666666694674 ) ) ;
#1172 = ORIENTED_EDGE ( 'NONE', *, *, #1574, .T. ) ;
#1173 = ORIENTED_EDGE ( 'NONE', *, *, #355, .T. ) ;
#1174 = CARTESIAN_POINT ( 'NONE',  ( 1.176575538379250663, -2.037888611415569429, -4.569791666666636942 ) ) ;
#1175 = CARTESIAN_POINT ( 'NONE',  ( 1.732050807568878970, 0.9999999999999988898, -3.016666666666638630 ) ) ;
#1176 = CARTESIAN_POINT ( 'NONE',  ( 1.784401076758502347, -3.277891600571085508E-16, 0.7750000000000004663 ) ) ;
#1177 = CARTESIAN_POINT ( 'NONE',  ( -1.732050807568878081, 1.000000000000000666, -1.383333333333305548 ) ) ;
#1178 = PERSON_AND_ORGANIZATION ( #1436, #2085 ) ;
#1179 = CARTESIAN_POINT ( 'NONE',  ( -1.784401076758502347, 1.092630533523695498E-16, -0.8874999999999995115 ) ) ;
#1180 = CARTESIAN_POINT ( 'NONE',  ( 0.000000000000000000, 3.299999999999999822, 5.000000000000000000 ) ) ;
#1181 = ORIENTED_EDGE ( 'NONE', *, *, #732, .F. ) ;
#1182 = CARTESIAN_POINT ( 'NONE',  ( 2.449293598294707893E-16, -2.000000000000000888, -5.000000000000000000 ) ) ;
#1183 = DESIGN_CONTEXT ( 'detailed design', #679, 'design' ) ;
#1184 = AXIS2_PLACEMENT_3D ( 'NONE', #621, #2112, #831 ) ;
#1185 = CARTESIAN_POINT ( 'NONE',  ( 0.8922005383792507294, -1.545336663013169742, 0.04583333333333435705 ) ) ;
#1186 = CARTESIAN_POINT ( 'NONE',  ( -1.764863307568877326, -1.018944305707784048, -4.001041666666694141 ) ) ;
#1187 = CARTESIAN_POINT ( 'NONE',  ( -1.176575538379251995, -2.037888611415568985, -4.686458333333303194 ) ) ;
#1188 = DIRECTION ( 'NONE',  ( 0.000000000000000000, 1.000000000000000000, -7.562047915168481387E-57 ) ) ;
#1189 = CIRCLE ( 'NONE', #1921, 2.000000000000001776 ) ;
#1190 = CYLINDRICAL_SURFACE ( 'NONE', #1879, 2.000000000000000888 ) ;
#1191 = CARTESIAN_POINT ( 'NONE',  ( 1.154700538379248576, 2.000000000000007994, 0.5416666666666953844 ) ) ;
#1192 = PERSON_AND_ORGANIZATION_ROLE ( 'design_supplier' ) ;
#1193 = EDGE_CURVE ( 'NONE', #1644, #763, #1996, .T. ) ;
#1194 = CARTESIAN_POINT ( 'NONE',  ( 1.338300807568876483, -0.7726683315065853153, -3.395833333333332149 ) ) ;
#1195 = CARTESIAN_POINT ( 'NONE',  ( 0.000000000000000000, -7.562047915168480934E-56, -5.000000000000000000 ) ) ;
#1196 = CARTESIAN_POINT ( 'NONE',  ( 0.000000000000000000, -7.562047915168480934E-56, -5.000000000000000000 ) ) ;
#1197 = CARTESIAN_POINT ( 'NONE',  ( -1.338300807568877149, -0.7726683315065843161, 0.5708333333333346360 ) ) ;
#1198 = CARTESIAN_POINT ( 'NONE',  ( 1.338300807568877593, 0.7726683315065835389, 0.8333333333333334814 ) ) ;
#1199 = ORIENTED_EDGE ( 'NONE', *, *, #287, .T. ) ;
#1200 = CARTESIAN_POINT ( 'NONE',  ( -2.495693764988920690E-16, -2.037888611415568985, -3.928124999999970779 ) ) ;
#1201 = DIRECTION ( 'NONE',  ( -0.000000000000000000, -7.562047915168481387E-57, -1.000000000000000000 ) ) ;
#1202 = DIRECTION ( 'NONE',  ( 0.000000000000000000, 1.000000000000000000, 0.000000000000000000 ) ) ;
#1203 = CARTESIAN_POINT ( 'NONE',  ( 0.8922005383792508404, -1.545336663013169742, -4.154166666666665009 ) ) ;
#1204 =( BOUNDED_CURVE ( )  B_SPLINE_CURVE ( 2, ( #2391, #1847, #97, #1245, #85, #277, #1260 ),
 .UNSPECIFIED., .F., .F. ) 
 B_SPLINE_CURVE_WITH_KNOTS ( ( 3, 2, 2, 3 ),
 ( 0.5571699281526708569, 0.5738365948193375754, 0.5905032614860041829, 0.6071699281526709013 ),
 .UNSPECIFIED. ) 
 CURVE ( )  GEOMETRIC_REPRESENTATION_ITEM ( )  RATIONAL_B_SPLINE_CURVE ( ( 1.000000000000000000, 0.8660254037844387076, 1.000000000000000000, 0.8660254037844387076, 1.000000000000000000, 0.8660254037844387076, 1.000000000000000000 ) ) 
 REPRESENTATION_ITEM ( '' )  );
#1205 = CARTESIAN_POINT ( 'NONE',  ( -1.338300807568877149, -0.7726683315065843161, -2.229166666666665630 ) ) ;
#1206 = EDGE_CURVE ( 'NONE', #832, #637, #769, .T. ) ;
#1207 = CARTESIAN_POINT ( 'NONE',  ( 1.500000000000000000, -0.8660254037844384856, 4.870096189432334910 ) ) ;
#1208 = EDGE_LOOP ( 'NONE', ( #2034, #728, #2130 ) ) ;
#1209 = EDGE_LOOP ( 'NONE', ( #1841, #201, #2128, #2147, #720, #324, #369, #2421, #2210, #362, #1096, #1657, #1854, #206, #450, #283, #21, #1085, #538, #2506 ) ) ;
#1210 = CARTESIAN_POINT ( 'NONE',  ( 1.500000000000000000, -0.8660254037844384856, 2.000000000000000000 ) ) ;
#1211 = CARTESIAN_POINT ( 'NONE',  ( -1.338300807568876927, 0.7726683315065848712, -2.345833333333332327 ) ) ;
#1212 = CARTESIAN_POINT ( 'NONE',  ( 1.176575538379250663, -2.037888611415569429, -2.426041666666694407 ) ) ;
#1213 = CARTESIAN_POINT ( 'NONE',  ( -2.309401076758504257, 1.414100318299876297E-16, -4.037500000000027178 ) ) ;
#1214 = CARTESIAN_POINT ( 'NONE',  ( -2.449293598294707400E-16, -2.000000000000000888, 0.3374999999999729328 ) ) ;
#1215 = CARTESIAN_POINT ( 'NONE',  ( 1.784401076758502347, -3.277891600571085508E-16, -4.125000000000000000 ) ) ;
#1216 = CARTESIAN_POINT ( 'NONE',  ( -1.892491597964129933E-16, -1.545336663013169298, -3.512499999999999289 ) ) ;
#1217 = CARTESIAN_POINT ( 'NONE',  ( -1.892491597964129933E-16, -1.545336663013169298, -3.512499999999999289 ) ) ;
#1218 = CARTESIAN_POINT ( 'NONE',  ( 0.000000000000000000, 2.000000000000000888, -5.000000000000000000 ) ) ;
#1219 = CARTESIAN_POINT ( 'NONE',  ( 0.000000000000000000, 2.200000000000001954, 0.8000000000000003775 ) ) ;
#1220 = ADVANCED_FACE ( 'NONE', ( #2285 ), #2102, .T. ) ;
#1221 = DIRECTION ( 'NONE',  ( -0.000000000000000000, -7.562047915168481387E-57, -1.000000000000000000 ) ) ;
#1222 = CARTESIAN_POINT ( 'NONE',  ( 1.764863307568877993, 1.018944305707782938, -2.951041666666695207 ) ) ;
#1223 = CARTESIAN_POINT ( 'NONE',  ( 0.000000000000000000, 2.037888611415568985, -3.578124999999970246 ) ) ;
#1224 = DIRECTION ( 'NONE',  ( -0.000000000000000000, -0.000000000000000000, 1.000000000000000000 ) ) ;
#1225 = CARTESIAN_POINT ( 'NONE',  ( 1.338300807568876483, -0.7726683315065853153, -4.883333333333332860 ) ) ;
#1226 = CARTESIAN_POINT ( 'NONE',  ( 0.000000000000000000, 1.545336663013169298, -1.062499999999999112 ) ) ;
#1227 = AXIS2_PLACEMENT_3D ( 'NONE', #1195, #2495, #357 ) ;
#1228 = CARTESIAN_POINT ( 'NONE',  ( -0.8922005383792510624, 1.545336663013169520, -4.591666666666665897 ) ) ;
#1229 = DIRECTION ( 'NONE',  ( -0.000000000000000000, -7.562047915168481387E-57, -1.000000000000000000 ) ) ;
#1230 = CIRCLE ( 'NONE', #2529, 3.299999999999999822 ) ;
#1231 = CONICAL_SURFACE ( 'NONE', #862, 1.545336663013169298, 0.7853981633974461696 ) ;
#1232 = CARTESIAN_POINT ( 'NONE',  ( 5.602117988209822537E-16, -1.732050807568877415, -3.582575694955841161 ) ) ;
#1233 = CARTESIAN_POINT ( 'NONE',  ( -1.892491597964129933E-16, -1.545336663013169298, 1.387500000000000622 ) ) ;
#1234 = CARTESIAN_POINT ( 'NONE',  ( 1.764863307568876660, -1.018944305707785380, -2.367708333333361281 ) ) ;
#1235 = EDGE_CURVE ( 'NONE', #2514, #211, #2510, .T. ) ;
#1236 = CARTESIAN_POINT ( 'NONE',  ( -1.176575538379251995, -2.037888611415568985, -2.586458333333303994 ) ) ;
#1237 = CARTESIAN_POINT ( 'NONE',  ( -0.8922005383792517286, -1.545336663013168854, -4.358333333333333393 ) ) ;
#1238 = CARTESIAN_POINT ( 'NONE',  ( 1.892491597964129933E-16, 1.545336663013169298, -5.000000000000001776 ) ) ;
#1239 = CARTESIAN_POINT ( 'NONE',  ( -1.892491597964129933E-16, -1.545336663013169298, -1.412499999999998757 ) ) ;
#1240 = ORIENTED_EDGE ( 'NONE', *, *, #1591, .T. ) ;
#1241 = CARTESIAN_POINT ( 'NONE',  ( -1.338300807568877149, -0.7726683315065843161, -5.116666666666666252 ) ) ;
#1242 = DIRECTION ( 'NONE',  ( 0.000000000000000000, 1.000000000000000000, 0.000000000000000000 ) ) ;
#1243 = DIRECTION ( 'NONE',  ( -1.000000000000000000, 0.000000000000000000, -0.000000000000000000 ) ) ;
#1244 = CARTESIAN_POINT ( 'NONE',  ( -1.509440074223797668, -0.3311435706456249961, 0.5374999999999968692 ) ) ;
#1245 = CARTESIAN_POINT ( 'NONE',  ( 2.309401076758504257, -4.242300954899628645E-16, -2.987500000000026468 ) ) ;
#1246 = CARTESIAN_POINT ( 'NONE',  ( -1.176575538379251995, -2.037888611415568985, -3.242708333333361725 ) ) ;
#1247 = EDGE_CURVE ( 'NONE', #1695, #2192, #1923, .T. ) ;
#1248 = CARTESIAN_POINT ( 'NONE',  ( 2.353151076758502658, -4.322668401093671811E-16, -3.053124999999969891 ) ) ;
#1249 = CARTESIAN_POINT ( 'NONE',  ( 1.784401076758502347, -3.277891600571085508E-16, -3.424999999999999378 ) ) ;
#1250 = CARTESIAN_POINT ( 'NONE',  ( 0.8922005383792521727, 1.545336663013168854, -4.008333333333332860 ) ) ;
#1251 = CARTESIAN_POINT ( 'NONE',  ( 0.8922005383792521727, 1.545336663013168854, -1.120833333333332238 ) ) ;
#1252 = ADVANCED_FACE ( 'NONE', ( #2126 ), #2178, .T. ) ;
#1253 = EDGE_LOOP ( 'NONE', ( #1722, #378, #1159, #952 ) ) ;
#1254 = CARTESIAN_POINT ( 'NONE',  ( 1.338300807568877593, 0.7726683315065835389, -4.766666666666666607 ) ) ;
#1255 = CARTESIAN_POINT ( 'NONE',  ( 0.7297658972397674804, -1.714024685742586041, -4.688151978623184668 ) ) ;
#1256 = CARTESIAN_POINT ( 'NONE',  ( -1.682602550007925579, -0.9200182484366610236, -4.631595993256635069 ) ) ;
#1257 = CC_DESIGN_PERSON_AND_ORGANIZATION_ASSIGNMENT ( #393, #1192, ( #1883 ) ) ;
#1258 = VERTEX_POINT ( 'NONE', #787 ) ;
#1259 = DIRECTION ( 'NONE',  ( 0.000000000000000000, 1.000000000000000000, 0.000000000000000000 ) ) ;
#1260 = CARTESIAN_POINT ( 'NONE',  ( -2.449293598294707400E-16, -2.000000000000000888, -3.162500000000026734 ) ) ;
#1261 = CARTESIAN_POINT ( 'NONE',  ( -2.495693764988920690E-16, -2.037888611415568985, -2.484375000000028422 ) ) ;
#1262 = CARTESIAN_POINT ( 'NONE',  ( -1.764863307568877326, -1.018944305707784048, 0.1552083333333630910 ) ) ;
#1263 = CARTESIAN_POINT ( 'NONE',  ( -1.784401076758502347, 1.092630533523695375E-16, -3.774999999999999911 ) ) ;
#1264 = CARTESIAN_POINT ( 'NONE',  ( -1.784401076758502347, 1.092630533523695498E-16, -4.474999999999999645 ) ) ;
#1265 = CARTESIAN_POINT ( 'NONE',  ( 0.000000000000000000, -1.512409583033693221E-57, 4.799999999999999822 ) ) ;
#1266 = ORIENTED_EDGE ( 'NONE', *, *, #2355, .T. ) ;
#1267 = CARTESIAN_POINT ( 'NONE',  ( -1.892491597964129933E-16, -1.545336663013169298, 0.6875000000000006661 ) ) ;
#1268 = CARTESIAN_POINT ( 'NONE',  ( -1.732050807568878081, 1.000000000000000666, -2.783333333333305237 ) ) ;
#1269 = FACE_OUTER_BOUND ( 'NONE', #1379, .T. ) ;
#1270 = EDGE_CURVE ( 'NONE', #832, #2149, #1018, .T. ) ;
#1271 = DIRECTION ( 'NONE',  ( -0.000000000000000000, -7.562047915168481387E-57, -1.000000000000000000 ) ) ;
#1272 = AXIS2_PLACEMENT_3D ( 'NONE', #1232, #1405, #2379 ) ;
#1273 = CARTESIAN_POINT ( 'NONE',  ( -1.784401076758502347, 1.092630533523695498E-16, 1.212500000000001021 ) ) ;
#1274 = CARTESIAN_POINT ( 'NONE',  ( 2.353151076758502658, -4.322668401093671811E-16, -0.2531249999999704015 ) ) ;
#1275 = CARTESIAN_POINT ( 'NONE',  ( 1.784401076758502347, -3.277891600571085508E-16, -1.324999999999999512 ) ) ;
#1276 = CARTESIAN_POINT ( 'NONE',  ( -1.338300807568877149, -0.7726683315065843161, -2.316666666666666430 ) ) ;
#1277 = CARTESIAN_POINT ( 'NONE',  ( -1.338300807568876927, 0.7726683315065848712, -2.345833333333332327 ) ) ;
#1278 = EDGE_LOOP ( 'NONE', ( #1120, #437, #2292, #1906 ) ) ;
#1279 = CARTESIAN_POINT ( 'NONE',  ( 0.8922005383792521727, 1.545336663013168854, -4.708333333333333037 ) ) ;
#1280 = CYLINDRICAL_SURFACE ( 'NONE', #361, 2.000000000000000888 ) ;
#1281 = CARTESIAN_POINT ( 'NONE',  ( 1.154700538379251240, -2.000000000000001332, -3.804166666666693342 ) ) ;
#1282 = DIRECTION ( 'NONE',  ( -0.000000000000000000, -7.562047915168481387E-57, -1.000000000000000000 ) ) ;
#1283 = CARTESIAN_POINT ( 'NONE',  ( 1.176575538379252439, 2.037888611415568096, 0.6072916666666379193 ) ) ;
#1284 = CARTESIAN_POINT ( 'NONE',  ( 1.764863307568876660, -1.018944305707785380, -2.411458333333303727 ) ) ;
#1285 = CARTESIAN_POINT ( 'NONE',  ( 0.8922005383792521727, 1.545336663013168854, -3.308333333333333126 ) ) ;
#1286 = CARTESIAN_POINT ( 'NONE',  ( -1.784401076758502347, 1.092630533523695498E-16, -0.9750000000000000888 ) ) ;
#1287 = CARTESIAN_POINT ( 'NONE',  ( 1.732050807568877637, -1.000000000000001332, -4.445833333333360393 ) ) ;
#1288 = VERTEX_POINT ( 'NONE', #178 ) ;
#1289 = CARTESIAN_POINT ( 'NONE',  ( -0.8922005383792510624, 1.545336663013169520, -0.3916666666666660523 ) ) ;
#1290 = CARTESIAN_POINT ( 'NONE',  ( -2.449293598294707400E-16, -2.000000000000000888, -1.062500000000026423 ) ) ;
#1291 = DIRECTION ( 'NONE',  ( -0.000000000000000000, -0.000000000000000000, 1.000000000000000000 ) ) ;
#1292 = DIRECTION ( 'NONE',  ( -0.000000000000000000, -7.562047915168481387E-57, -1.000000000000000000 ) ) ;
#1293 = LINE ( 'NONE', #2243, #405 ) ;
#1294 = EDGE_CURVE ( 'NONE', #1670, #747, #1036, .T. ) ;
#1295 =( BOUNDED_CURVE ( )  B_SPLINE_CURVE ( 2, ( #956, #2516, #759, #567, #1031, #1068, #827 ),
 .UNSPECIFIED., .F., .F. ) 
 B_SPLINE_CURVE_WITH_KNOTS ( ( 3, 2, 2, 3 ),
 ( 0.1071699281526709013, 0.1238365948193375088, 0.1405032614860042273, 0.1571699281526708347 ),
 .UNSPECIFIED. ) 
 CURVE ( )  GEOMETRIC_REPRESENTATION_ITEM ( )  RATIONAL_B_SPLINE_CURVE ( ( 1.000000000000000000, 0.8660254037844387076, 1.000000000000000000, 0.8660254037844387076, 1.000000000000000000, 0.8660254037844387076, 1.000000000000000000 ) ) 
 REPRESENTATION_ITEM ( '' )  );
#1296 = CARTESIAN_POINT ( 'NONE',  ( -1.338300807568876927, 0.7726683315065848712, -5.145833333333332149 ) ) ;
#1297 = CARTESIAN_POINT ( 'NONE',  ( 1.338300807568877593, 0.7726683315065835389, -4.679166666666665364 ) ) ;
#1298 = CARTESIAN_POINT ( 'NONE',  ( 1.338300807568877593, 0.7726683315065835389, -0.5666666666666666519 ) ) ;
#1299 = ORIENTED_EDGE ( 'NONE', *, *, #1811, .F. ) ;
#1300 = CARTESIAN_POINT ( 'NONE',  ( -1.338300807568876927, 0.7726683315065848712, -1.733333333333333171 ) ) ;
#1301 = CARTESIAN_POINT ( 'NONE',  ( 1.567874182285494022, 0.8939257142941476886, 0.6852115437469028514 ) ) ;
#1302 = AXIS2_PLACEMENT_3D ( 'NONE', #924, #1925, #1534 ) ;
#1303 = VECTOR ( 'NONE', #1367, 999.9999999999998863 ) ;
#1304 = CARTESIAN_POINT ( 'NONE',  ( -0.3279088848958393587, 1.896937102415621412, 0.7527289496692610715 ) ) ;
#1305 = CARTESIAN_POINT ( 'NONE',  ( 0.2370386979262569527, -1.595196451512794988, 4.744900832287271442 ) ) ;
#1306 = CIRCLE ( 'NONE', #196, 3.500000000000000000 ) ;
#1307 = CARTESIAN_POINT ( 'NONE',  ( 0.8922005383792521727, 1.545336663013168854, -3.220833333333332327 ) ) ;
#1308 = EDGE_CURVE ( 'NONE', #297, #1258, #380, .T. ) ;
#1309 = CARTESIAN_POINT ( 'NONE',  ( 1.338300807568876483, -0.7726683315065853153, -0.6833333333333335702 ) ) ;
#1310 = CARTESIAN_POINT ( 'NONE',  ( 0.000000000000000000, 1.545336663013169298, -2.549999999999999822 ) ) ;
#1311 = ORIENTED_EDGE ( 'NONE', *, *, #481, .T. ) ;
#1312 = CARTESIAN_POINT ( 'NONE',  ( 1.338300807568877593, 0.7726683315065835389, 0.1333333333333333870 ) ) ;
#1313 = CARTESIAN_POINT ( 'NONE',  ( 2.449293598294707893E-16, -2.000000000000000888, -5.000000000000000000 ) ) ;
#1314 = CARTESIAN_POINT ( 'NONE',  ( 1.500000000000000000, 0.8660254037844388186, 2.000000000000000000 ) ) ;
#1315 = CARTESIAN_POINT ( 'NONE',  ( 0.000000000000000000, -7.562047915168481839E-56, -5.000000000000001776 ) ) ;
#1316 = CARTESIAN_POINT ( 'NONE',  ( -2.449293598294707400E-16, -2.000000000000000888, -1.849999999999971889 ) ) ;
#1317 = CARTESIAN_POINT ( 'NONE',  ( -0.8922005383792510624, 1.545336663013169520, -3.804166666666665808 ) ) ;
#1318 = CARTESIAN_POINT ( 'NONE',  ( 0.8922005383792521727, 1.545336663013168854, -4.620833333333332682 ) ) ;
#1319 = CARTESIAN_POINT ( 'NONE',  ( 1.338300807568877593, 0.7726683315065835389, -2.666666666666666519 ) ) ;
#1320 = ORIENTED_EDGE ( 'NONE', *, *, #649, .T. ) ;
#1321 = ORIENTED_EDGE ( 'NONE', *, *, #355, .F. ) ;
#1322 = CARTESIAN_POINT ( 'NONE',  ( -3.745615662190465085E-16, 1.732050807568877415, 4.870096189432334910 ) ) ;
#1323 = CARTESIAN_POINT ( 'NONE',  ( 0.8922005383792521727, 1.545336663013168854, -2.608333333333332948 ) ) ;
#1324 = CARTESIAN_POINT ( 'NONE',  ( -1.082708096908975737, -1.102637102105865630, -5.000000000000003553 ) ) ;
#1325 = CARTESIAN_POINT ( 'NONE',  ( 0.000000000000000000, 1.545336663013169298, -5.000000000000000888 ) ) ;
#1326 = ORIENTED_EDGE ( 'NONE', *, *, #825, .T. ) ;
#1327 = CC_DESIGN_PERSON_AND_ORGANIZATION_ASSIGNMENT ( #2146, #1981, ( #1883 ) ) ;
#1328 = DIRECTION ( 'NONE',  ( 0.000000000000000000, 1.000000000000000000, 0.000000000000000000 ) ) ;
#1329 = CC_DESIGN_DATE_AND_TIME_ASSIGNMENT ( #981, #1774, ( #938 ) ) ;
#1330 = DIRECTION ( 'NONE',  ( 1.000000000000000000, -0.000000000000000000, 0.000000000000000000 ) ) ;
#1331 = CARTESIAN_POINT ( 'NONE',  ( 0.8922005383792507294, -1.545336663013169742, -4.154166666666665897 ) ) ;
#1332 = CARTESIAN_POINT ( 'NONE',  ( -0.8922005383792517286, -1.545336663013168854, -4.270833333333332149 ) ) ;
#1333 = CARTESIAN_POINT ( 'NONE',  ( -2.495693764988920690E-16, -2.037888611415568985, -5.284375000000028244 ) ) ;
#1334 = ORIENTED_EDGE ( 'NONE', *, *, #860, .T. ) ;
#1335 = DIRECTION ( 'NONE',  ( 1.000000000000000000, 0.000000000000000000, 0.000000000000000000 ) ) ;
#1336 = CARTESIAN_POINT ( 'NONE',  ( -1.784401076758502347, 1.092630533523695498E-16, -1.674999999999999822 ) ) ;
#1337 = CARTESIAN_POINT ( 'NONE',  ( -2.309401076758504257, 1.414100318299876297E-16, -0.6249999999999723554 ) ) ;
#1338 = CARTESIAN_POINT ( 'NONE',  ( 1.732050807568877637, -1.000000000000001332, -1.645833333333359905 ) ) ;
#1339 = EDGE_CURVE ( 'NONE', #2192, #2227, #219, .T. ) ;
#1340 = B_SPLINE_CURVE_WITH_KNOTS ( 'NONE', 3,
 ( #1848, #2294, #1305, #344, #2052, #1078, #1392, #1207 ),
 .UNSPECIFIED., .F., .F.,
 ( 4, 2, 2, 4 ),
 ( 2.544365555416903193E-07, 0.0004475380576734571932, 0.0008948216787913726824, 0.001789388921027203119 ),
 .UNSPECIFIED. ) ;
#1341 = ORIENTED_EDGE ( 'NONE', *, *, #68, .F. ) ;
#1342 = DIRECTION ( 'NONE',  ( -0.000000000000000000, -7.562047915168481387E-57, -1.000000000000000000 ) ) ;
#1343 = AXIS2_PLACEMENT_3D ( 'NONE', #204, #16, #2359 ) ;
#1344 = CARTESIAN_POINT ( 'NONE',  ( 1.338300807568877593, 0.7726683315065835389, -3.979166666666665630 ) ) ;
#1345 = CARTESIAN_POINT ( 'NONE',  ( -0.8922005383792517286, -1.545336663013168854, -0.8583333333333333925 ) ) ;
#1346 = CARTESIAN_POINT ( 'NONE',  ( 1.764863307568877993, 1.018944305707782938, -5.051041666666694852 ) ) ;
#1347 = AXIS2_PLACEMENT_3D ( 'NONE', #122, #2469, #2280 ) ;
#1348 = VERTEX_POINT ( 'NONE', #2375 ) ;
#1349 = AXIS2_PLACEMENT_3D ( 'NONE', #1137, #557, #1335 ) ;
#1350 = EDGE_LOOP ( 'NONE', ( #2525, #2501 ) ) ;
#1351 = CARTESIAN_POINT ( 'NONE',  ( 1.500000000000000000, 0.8660254037844388186, 4.870096189432334910 ) ) ;
#1352 = CARTESIAN_POINT ( 'NONE',  ( -2.449293598294707400E-16, -2.000000000000000888, 0.2500000000000283107 ) ) ;
#1353 = CARTESIAN_POINT ( 'NONE',  ( 1.338300807568877593, 0.7726683315065835389, -3.979166666666665630 ) ) ;
#1354 = CARTESIAN_POINT ( 'NONE',  ( -1.784401076758502347, 1.092630533523695498E-16, -2.287499999999999201 ) ) ;
#1355 = ADVANCED_FACE ( 'NONE', ( #418 ), #2132, .T. ) ;
#1356 = VERTEX_POINT ( 'NONE', #403 ) ;
#1357 = CARTESIAN_POINT ( 'NONE',  ( 0.1094979482184031683, -1.549875370041972733, -4.995461292971195455 ) ) ;
#1358 = CARTESIAN_POINT ( 'NONE',  ( -1.338300807568876927, 0.7726683315065848712, -1.645833333333332593 ) ) ;
#1359 = CARTESIAN_POINT ( 'NONE',  ( -1.338300807568876927, 0.7726683315065848712, -3.745833333333332238 ) ) ;
#1360 = CARTESIAN_POINT ( 'NONE',  ( 1.764863307568876660, -1.018944305707785380, -4.467708333333361814 ) ) ;
#1361 = CARTESIAN_POINT ( 'NONE',  ( 2.353151076758502658, -4.322668401093671811E-16, -4.453124999999969802 ) ) ;
#1362 = CARTESIAN_POINT ( 'NONE',  ( -2.449293598294707400E-16, -2.000000000000000888, -3.949999999999971756 ) ) ;
#1363 = DIRECTION ( 'NONE',  ( 0.000000000000000000, -0.7071067811865460184, 0.7071067811865489050 ) ) ;
#1364 = CARTESIAN_POINT ( 'NONE',  ( 1.338300807568877593, 0.7726683315065835389, -4.679166666666665364 ) ) ;
#1365 = CARTESIAN_POINT ( 'NONE',  ( 0.8922005383792521727, 1.545336663013168854, -0.4208333333333320603 ) ) ;
#1366 = EDGE_LOOP ( 'NONE', ( #970, #2022, #1421, #1536 ) ) ;
#1367 = DIRECTION ( 'NONE',  ( 8.659560562354925463E-17, -0.7071067811865467956, -0.7071067811865483499 ) ) ;
#1368 = CARTESIAN_POINT ( 'NONE',  ( 1.784401076758502347, -3.277891600571085508E-16, -0.5374999999999988676 ) ) ;
#1369 = CARTESIAN_POINT ( 'NONE',  ( 1.764863307568877993, 1.018944305707782938, -3.651041666666694940 ) ) ;
#1370 = EDGE_CURVE ( 'NONE', #1516, #1734, #2321, .T. ) ;
#1371 = VECTOR ( 'NONE', #262, 999.9999999999998863 ) ;
#1372 = CARTESIAN_POINT ( 'NONE',  ( 1.176575538379250663, -2.037888611415569429, -3.869791666666636765 ) ) ;
#1373 = CARTESIAN_POINT ( 'NONE',  ( 2.309401076758504257, -4.242300954899628645E-16, -3.074999999999972200 ) ) ;
#1374 = DIRECTION ( 'NONE',  ( 0.7071067811865487940, 0.000000000000000000, 0.7071067811865463515 ) ) ;
#1375 = CARTESIAN_POINT ( 'NONE',  ( -1.338300807568876927, 0.7726683315065848712, -3.745833333333332238 ) ) ;
#1376 =( BOUNDED_CURVE ( )  B_SPLINE_CURVE ( 2, ( #2462, #875, #719, #678, #1895, #2436, #708 ),
 .UNSPECIFIED., .F., .T. ) 
 B_SPLINE_CURVE_WITH_KNOTS ( ( 3, 2, 2, 3 ),
 ( 0.2571699281526709235, 0.2738365948193375310, 0.2905032614860042495, 0.3071699281526708569 ),
 .UNSPECIFIED. ) 
 CURVE ( )  GEOMETRIC_REPRESENTATION_ITEM ( )  RATIONAL_B_SPLINE_CURVE ( ( 1.000000000000000000, 0.8660254037844387076, 1.000000000000000000, 0.8660254037844387076, 1.000000000000000000, 0.8660254037844387076, 1.000000000000000000 ) ) 
 REPRESENTATION_ITEM ( '' )  );
#1377 = CARTESIAN_POINT ( 'NONE',  ( 0.8922005383792507294, -1.545336663013169742, 0.04583333333333435705 ) ) ;
#1378 = CARTESIAN_POINT ( 'NONE',  ( -4.336808689942017736E-16, 1.732050807568877193, 2.000000000000000000 ) ) ;
#1379 = EDGE_LOOP ( 'NONE', ( #1623, #456, #2211, #170 ) ) ;
#1380 = CARTESIAN_POINT ( 'NONE',  ( 1.601129313090897233, 0.5169954853844056508, -4.866267875738177651 ) ) ;
#1381 = AXIS2_PLACEMENT_3D ( 'NONE', #590, #1201, #601 ) ;
#1382 = CARTESIAN_POINT ( 'NONE',  ( -0.8922005383792510624, 1.545336663013169520, 0.3958333333333339810 ) ) ;
#1383 = CARTESIAN_POINT ( 'NONE',  ( 0.3527281774878096576, -1.545336663013169520, 1.323061867224192723 ) ) ;
#1384 = EDGE_CURVE ( 'NONE', #1912, #2155, #1772, .T. ) ;
#1385 = CARTESIAN_POINT ( 'NONE',  ( 1.764863307568877993, 1.018944305707782938, -3.694791666666636942 ) ) ;
#1386 = CARTESIAN_POINT ( 'NONE',  ( 0.000000000000000000, 2.000000000000000888, -2.899999999999971934 ) ) ;
#1387 = CIRCLE ( 'NONE', #532, 1.545336663013169298 ) ;
#1388 = CARTESIAN_POINT ( 'NONE',  ( 0.000000000000000000, 2.000000000000000888, -0.09999999999997215283 ) ) ;
#1389 = CARTESIAN_POINT ( 'NONE',  ( -1.892491597964129933E-16, -1.545336663013169298, -4.212499999999999467 ) ) ;
#1390 = PERSON_AND_ORGANIZATION ( #1436, #2085 ) ;
#1391 = CARTESIAN_POINT ( 'NONE',  ( -0.8922005383792517286, -1.545336663013168854, -0.07083333333333247106 ) ) ;
#1392 = CARTESIAN_POINT ( 'NONE',  ( 1.264222809608505971, -1.002151428125741539, 4.733970165090436666 ) ) ;
#1393 =( BOUNDED_CURVE ( )  B_SPLINE_CURVE ( 2, ( #434, #71, #239, #263, #2422 ),
 .UNSPECIFIED., .F., .F. ) 
 B_SPLINE_CURVE_WITH_KNOTS ( ( 3, 2, 3 ),
 ( 0.8000000000000001554, 0.8166666666666666519, 0.8283713446637617217 ),
 .UNSPECIFIED. ) 
 CURVE ( )  GEOMETRIC_REPRESENTATION_ITEM ( )  RATIONAL_B_SPLINE_CURVE ( ( 0.9999999999999991118, 0.8660254037844395958, 1.000000000000000000, 0.9059122294903616535, 0.9439765058543101439 ) ) 
 REPRESENTATION_ITEM ( '' )  );
#1394 = ORIENTED_EDGE ( 'NONE', *, *, #2426, .F. ) ;
#1395 = CARTESIAN_POINT ( 'NONE',  ( 1.455519074797675838, -0.7481972255037545594, -4.923115276881070201 ) ) ;
#1396 = CARTESIAN_POINT ( 'NONE',  ( 1.338300807568876483, -0.7726683315065853153, -1.995833333333332016 ) ) ;
#1397 = CARTESIAN_POINT ( 'NONE',  ( 1.176575538379252439, 2.037888611415568096, -2.892708333333361637 ) ) ;
#1398 = ORIENTED_EDGE ( 'NONE', *, *, #965, .T. ) ;
#1399 = CARTESIAN_POINT ( 'NONE',  ( -1.009129909835880579, 1.149429382477828554, 4.637405605205471737 ) ) ;
#1400 = CARTESIAN_POINT ( 'NONE',  ( 1.732050807568877637, -1.000000000000001332, 0.4541666666666397401 ) ) ;
#1401 = CARTESIAN_POINT ( 'NONE',  ( 0.1078707988459962908, -1.992592581353684889, -4.552744081659485076 ) ) ;
#1402 = APPROVAL_STATUS ( 'not_yet_approved' ) ;
#1403 = CARTESIAN_POINT ( 'NONE',  ( 0.000000000000000000, 1.545336663013169298, -1.062499999999999112 ) ) ;
#1404 = FACE_BOUND ( 'NONE', #1728, .T. ) ;
#1405 = DIRECTION ( 'NONE',  ( 0.5000000000000004441, -0.8660254037844384856, 0.000000000000000000 ) ) ;
#1406 = CARTESIAN_POINT ( 'NONE',  ( 0.000000000000000000, 1.545336663013169298, -1.062499999999999112 ) ) ;
#1407 = CARTESIAN_POINT ( 'NONE',  ( 1.764863307568876660, -1.018944305707785380, -0.2677083333333619697 ) ) ;
#1408 = CARTESIAN_POINT ( 'NONE',  ( -1.176575538379251995, -2.037888611415568985, -3.286458333333303727 ) ) ;
#1409 = CARTESIAN_POINT ( 'NONE',  ( 0.000000000000000000, 2.200000000000001954, 1.000000000000000000 ) ) ;
#1410 = CARTESIAN_POINT ( 'NONE',  ( -2.449293598294707400E-16, -2.000000000000000888, -0.3625000000000263012 ) ) ;
#1411 = CARTESIAN_POINT ( 'NONE',  ( -1.637794524214951419, 0.2539299977279470544, 0.4933293124012033681 ) ) ;
#1412 = DATE_AND_TIME ( #406, #1877 ) ;
#1413 = ORIENTED_EDGE ( 'NONE', *, *, #1370, .F. ) ;
#1414 = CARTESIAN_POINT ( 'NONE',  ( 1.338300807568877593, 0.7726683315065835389, -3.366666666666666252 ) ) ;
#1415 = FACE_OUTER_BOUND ( 'NONE', #210, .T. ) ;
#1416 = ADVANCED_FACE ( 'NONE', ( #2159 ), #1190, .T. ) ;
#1417 = CARTESIAN_POINT ( 'NONE',  ( -1.509440074223797668, -0.3311435706456249961, 0.5374999999999968692 ) ) ;
#1418 = CYLINDRICAL_SURFACE ( 'NONE', #2291, 2.000000000000000888 ) ;
#1419 = CARTESIAN_POINT ( 'NONE',  ( -1.176575538379251995, -2.037888611415568985, 0.2572916666666383301 ) ) ;
#1420 = ORIENTED_EDGE ( 'NONE', *, *, #1514, .T. ) ;
#1421 = ORIENTED_EDGE ( 'NONE', *, *, #844, .T. ) ;
#1422 = AXIS2_PLACEMENT_3D ( 'NONE', #945, #366, #1739 ) ;
#1423 = AXIS2_PLACEMENT_3D ( 'NONE', #1486, #1229, #1242 ) ;
#1424 = CARTESIAN_POINT ( 'NONE',  ( 1.764863307568876660, -1.018944305707785380, -0.3114583333333042492 ) ) ;
#1425 = CARTESIAN_POINT ( 'NONE',  ( 1.154700538379251240, -2.000000000000001332, -3.191666666666638896 ) ) ;
#1426 = CARTESIAN_POINT ( 'NONE',  ( -0.4186287125031500911, -1.640062675034456463, -4.856076143220037444 ) ) ;
#1427 = CARTESIAN_POINT ( 'NONE',  ( 1.784401076758502347, -3.277891600571085508E-16, 0.1625000000000011990 ) ) ;
#1428 = AXIS2_PLACEMENT_3D ( 'NONE', #2073, #1520, #1488 ) ;
#1429 = ORIENTED_EDGE ( 'NONE', *, *, #1206, .T. ) ;
#1430 = CARTESIAN_POINT ( 'NONE',  ( 1.338300807568876483, -0.7726683315065853153, 0.8041666666666674734 ) ) ;
#1431 = DIRECTION ( 'NONE',  ( 0.000000000000000000, -7.562047915168481387E-57, -1.000000000000000000 ) ) ;
#1432 = CARTESIAN_POINT ( 'NONE',  ( 0.000000000000000000, 3.299999999999999822, 1.000000000000000000 ) ) ;
#1433 = AXIS2_PLACEMENT_3D ( 'NONE', #1030, #1813, #50 ) ;
#1434 = ORIENTED_EDGE ( 'NONE', *, *, #2236, .F. ) ;
#1435 = CARTESIAN_POINT ( 'NONE',  ( 0.000000000000000000, -7.218229321212000615E-56, -4.545336663013169520 ) ) ;
#1436 = PERSON ( 'UNSPECIFIED', 'UNSPECIFIED', 'UNSPECIFIED', ('UNSPECIFIED'), ('UNSPECIFIED'), ('UNSPECIFIED') ) ;
#1437 = ADVANCED_FACE ( 'NONE', ( #27 ), #2450, .T. ) ;
#1438 = CARTESIAN_POINT ( 'NONE',  ( -0.8922005383792517286, -1.545336663013168854, 1.329166666666667718 ) ) ;
#1439 = CARTESIAN_POINT ( 'NONE',  ( -1.764863307568877326, -1.018944305707784048, 0.1989583333333053428 ) ) ;
#1440 = VERTEX_POINT ( 'NONE', #813 ) ;
#1441 = CARTESIAN_POINT ( 'NONE',  ( -2.353151076758502658, 1.440889467031223773E-16, -0.6031249999999709344 ) ) ;
#1442 = CARTESIAN_POINT ( 'NONE',  ( -0.8922005383792517286, -1.545336663013168854, -3.658333333333332771 ) ) ;
#1443 = CARTESIAN_POINT ( 'NONE',  ( 1.605591327059690432, -1.192508486540329260, -4.545336663013168632 ) ) ;
#1444 = DIRECTION ( 'NONE',  ( -0.000000000000000000, -7.562047915168481387E-57, -1.000000000000000000 ) ) ;
#1445 = ORIENTED_EDGE ( 'NONE', *, *, #341, .F. ) ;
#1446 = CARTESIAN_POINT ( 'NONE',  ( 0.000000000000000000, 1.545336663013169298, -3.250000000000000000 ) ) ;
#1447 = DIRECTION ( 'NONE',  ( -0.000000000000000000, -7.562047915168481387E-57, -1.000000000000000000 ) ) ;
#1448 = CARTESIAN_POINT ( 'NONE',  ( -3.596408548076577710E-16, 1.732050807568877415, -3.582575694955841161 ) ) ;
#1449 = FACE_OUTER_BOUND ( 'NONE', #1985, .T. ) ;
#1450 =( BOUNDED_CURVE ( )  B_SPLINE_CURVE ( 2, ( #404, #1164, #1177, #220, #2348, #993, #2133 ),
 .UNSPECIFIED., .F., .T. ) 
 B_SPLINE_CURVE_WITH_KNOTS ( ( 3, 2, 2, 3 ),
 ( 0.5000000000000000000, 0.5166666666666667185, 0.5333333333333333259, 0.5500000000000000444 ),
 .UNSPECIFIED. ) 
 CURVE ( )  GEOMETRIC_REPRESENTATION_ITEM ( )  RATIONAL_B_SPLINE_CURVE ( ( 1.000000000000000000, 0.8660254037844387076, 1.000000000000000000, 0.8660254037844387076, 1.000000000000000000, 0.8660254037844387076, 1.000000000000000000 ) ) 
 REPRESENTATION_ITEM ( '' )  );
#1451 = CARTESIAN_POINT ( 'NONE',  ( 0.000000000000000000, -7.562047915168480934E-56, -5.000000000000000000 ) ) ;
#1452 = CARTESIAN_POINT ( 'NONE',  ( 1.176575538379250663, -2.037888611415569429, 0.3739583333333051929 ) ) ;
#1453 = CARTESIAN_POINT ( 'NONE',  ( -2.353151076758502658, 1.440889467031223773E-16, 0.09687500000002924327 ) ) ;
#1454 = EDGE_CURVE ( 'NONE', #763, #976, #1295, .T. ) ;
#1455 = CARTESIAN_POINT ( 'NONE',  ( 0.000000000000000000, 1.545336663013169298, -4.649999999999999467 ) ) ;
#1456 = LINE ( 'NONE', #2234, #191 ) ;
#1457 = CARTESIAN_POINT ( 'NONE',  ( 1.338300807568876483, -0.7726683315065853153, -1.995833333333332016 ) ) ;
#1458 = VERTEX_POINT ( 'NONE', #656 ) ;
#1459 = CARTESIAN_POINT ( 'NONE',  ( -1.338300807568877149, -0.7726683315065843161, 1.270833333333334814 ) ) ;
#1460 = CARTESIAN_POINT ( 'NONE',  ( 0.000000000000000000, 2.000000000000000888, -2.899999999999971934 ) ) ;
#1461 = CARTESIAN_POINT ( 'NONE',  ( -1.623893319915384215, -1.027451357043838165, -4.627616520773292663 ) ) ;
#1462 = FACE_OUTER_BOUND ( 'NONE', #1484, .T. ) ;
#1463 =( BOUNDED_CURVE ( )  B_SPLINE_CURVE ( 2, ( #2003, #1966, #2382, #1003, #627, #801, #2194 ),
 .UNSPECIFIED., .F., .T. ) 
 B_SPLINE_CURVE_WITH_KNOTS ( ( 3, 2, 2, 3 ),
 ( 0.06477332814372586955, 0.06666666666666666574, 0.08333333333333339810, 0.1000000000000001305 ),
 .UNSPECIFIED. ) 
 CURVE ( )  GEOMETRIC_REPRESENTATION_ITEM ( )  RATIONAL_B_SPLINE_CURVE ( ( 0.9730187808731316501, 0.9847804441533783981, 1.000000000000000000, 0.8660254037844387076, 1.000000000000000000, 0.8660254037844377084, 1.000000000000001110 ) ) 
 REPRESENTATION_ITEM ( '' )  );
#1464 = CARTESIAN_POINT ( 'NONE',  ( -1.154700538379252572, -2.000000000000000888, -3.308333333333305148 ) ) ;
#1465 = CARTESIAN_POINT ( 'NONE',  ( 1.764863307568877993, 1.018944305707782938, -2.294791666666637475 ) ) ;
#1466 = CARTESIAN_POINT ( 'NONE',  ( -0.8922005383792517286, -1.545336663013168854, -1.558333333333332904 ) ) ;
#1467 = CARTESIAN_POINT ( 'NONE',  ( -0.8922005383792517286, -1.545336663013168854, -3.658333333333333215 ) ) ;
#1468 = CARTESIAN_POINT ( 'NONE',  ( 1.784401076758502347, -3.277891600571085508E-16, -1.237499999999998712 ) ) ;
#1469 = B_SPLINE_CURVE_WITH_KNOTS ( 'NONE', 3,
 ( #668, #2396, #2208, #1613, #246, #640, #1426, #454, #2195, #439 ),
 .UNSPECIFIED., .F., .F.,
 ( 4, 2, 2, 2, 4 ),
 ( 0.000000000000000000, 0.0003269787248332094165, 0.0006539574496664188330, 0.0009809361744996282495, 0.001307914899332837666 ),
 .UNSPECIFIED. ) ;
#1470 = EDGE_CURVE ( 'NONE', #976, #44, #63, .T. ) ;
#1471 = VERTEX_POINT ( 'NONE', #1443 ) ;
#1472 = CARTESIAN_POINT ( 'NONE',  ( -1.338300807568876927, 0.7726683315065848712, 0.4541666666666678287 ) ) ;
#1473 = CARTESIAN_POINT ( 'NONE',  ( 1.166193027847816071E-11, -1.752363885845930280, -4.792972777167239684 ) ) ;
#1474 = CARTESIAN_POINT ( 'NONE',  ( 1.732050807568878970, 0.9999999999999988898, -3.629166666666692631 ) ) ;
#1475 = CARTESIAN_POINT ( 'NONE',  ( 1.732050807568877637, -1.000000000000001332, -2.345833333333359860 ) ) ;
#1476 = CC_DESIGN_APPROVAL ( #1937, ( #1883 ) ) ;
#1477 = AXIS2_PLACEMENT_3D ( 'NONE', #623, #1648, #833 ) ;
#1478 = DIRECTION ( 'NONE',  ( -0.000000000000000000, -7.562047915168481387E-57, -1.000000000000000000 ) ) ;
#1479 = CARTESIAN_POINT ( 'NONE',  ( 0.4651547802057492964, -2.037888611415568985, 1.038686867224164478 ) ) ;
#1480 = CARTESIAN_POINT ( 'NONE',  ( 1.764863307568877993, 1.018944305707782938, -1.594791666666637076 ) ) ;
#1481 = CARTESIAN_POINT ( 'NONE',  ( -0.8922005383792517286, -1.545336663013168854, -2.958333333333333037 ) ) ;
#1482 = CARTESIAN_POINT ( 'NONE',  ( 1.338300807568877593, 0.7726683315065835389, -1.966666666666666563 ) ) ;
#1483 = CARTESIAN_POINT ( 'NONE',  ( 1.732050807568878970, 0.9999999999999988898, -4.329166666666693253 ) ) ;
#1484 = EDGE_LOOP ( 'NONE', ( #1172, #724, #128, #556 ) ) ;
#1485 = CARTESIAN_POINT ( 'NONE',  ( 0.8922005383792507294, -1.545336663013169742, -2.141666666666666163 ) ) ;
#1486 = CARTESIAN_POINT ( 'NONE',  ( 0.000000000000000000, -7.562047915168480934E-56, -5.000000000000000000 ) ) ;
#1487 = EDGE_CURVE ( 'NONE', #2149, #297, #1469, .T. ) ;
#1488 = DIRECTION ( 'NONE',  ( 0.000000000000000000, -1.000000000000000000, 0.000000000000000000 ) ) ;
#1489 = DIRECTION ( 'NONE',  ( 0.000000000000000000, 1.000000000000000000, 0.000000000000000000 ) ) ;
#1490 = CARTESIAN_POINT ( 'NONE',  ( 0.000000000000000000, 1.545336663013169298, -5.262499999999999289 ) ) ;
#1491 = CARTESIAN_POINT ( 'NONE',  ( 1.338300807568876483, -0.7726683315065853153, -4.183333333333333570 ) ) ;
#1492 = CARTESIAN_POINT ( 'NONE',  ( -0.8922005383792517286, -1.545336663013168854, -0.8583333333333333925 ) ) ;
#1493 = EDGE_LOOP ( 'NONE', ( #1266, #411, #1334, #1938 ) ) ;
#1494 = CARTESIAN_POINT ( 'NONE',  ( 1.784401076758502347, -3.277891600571085508E-16, -0.6249999999999997780 ) ) ;
#1495 = CARTESIAN_POINT ( 'NONE',  ( 1.541945508262762887, -0.7644303202124230756, 0.6301639027492699219 ) ) ;
#1496 = CARTESIAN_POINT ( 'NONE',  ( 0.000000000000000000, 2.000000000000000888, -5.000000000000000000 ) ) ;
#1497 = VERTEX_POINT ( 'NONE', #1238 ) ;
#1498 = B_SPLINE_CURVE_WITH_KNOTS ( 'NONE', 3,
 ( #1646, #2047, #2400, #1856 ),
 .UNSPECIFIED., .F., .F.,
 ( 4, 4 ),
 ( 0.001138295382465147549, 0.002035738683355169804 ),
 .UNSPECIFIED. ) ;
#1499 = ADVANCED_FACE ( 'NONE', ( #879 ), #1852, .T. ) ;
#1500 = CARTESIAN_POINT ( 'NONE',  ( -1.689851929774194073, 1.069766542493472583, 0.8000000000000003775 ) ) ;
#1501 = CARTESIAN_POINT ( 'NONE',  ( -1.338300807568876927, 0.7726683315065848712, -3.745833333333332238 ) ) ;
#1502 = CARTESIAN_POINT ( 'NONE',  ( -0.8199718585145996386, -1.309851729508645590, 0.5374999999999965361 ) ) ;
#1503 = CARTESIAN_POINT ( 'NONE',  ( 0.000000000000000000, 1.545336663013169298, -3.250000000000000000 ) ) ;
#1504 = ORIENTED_EDGE ( 'NONE', *, *, #2482, .F. ) ;
#1505 = CARTESIAN_POINT ( 'NONE',  ( 1.338300807568877593, 0.7726683315065835389, -1.966666666666666563 ) ) ;
#1506 = CARTESIAN_POINT ( 'NONE',  ( 0.000000000000000000, -7.562047915168481839E-56, -5.000000000000001776 ) ) ;
#1507 = CARTESIAN_POINT ( 'NONE',  ( -1.100964458620739439, 2.000000000000001332, 0.7431186860733514088 ) ) ;
#1508 = AXIS2_PLACEMENT_3D ( 'NONE', #1196, #385, #611 ) ;
#1509 = CARTESIAN_POINT ( 'NONE',  ( 0.000000000000000000, 2.000000000000000888, -2.812500000000026645 ) ) ;
#1510 = DIRECTION ( 'NONE',  ( -0.000000000000000000, -7.562047915168481387E-57, -1.000000000000000000 ) ) ;
#1511 = CARTESIAN_POINT ( 'NONE',  ( 1.338300807568877593, 0.7726683315065835389, -4.679166666666665364 ) ) ;
#1512 = CARTESIAN_POINT ( 'NONE',  ( 0.8922005383792508404, -1.545336663013169742, -0.7416666666666664742 ) ) ;
#1513 = CARTESIAN_POINT ( 'NONE',  ( 0.8922005383792521727, 1.545336663013168854, -0.5083333333333328596 ) ) ;
#1514 = EDGE_CURVE ( 'NONE', #1778, #1458, #1456, .T. ) ;
#1515 = EDGE_LOOP ( 'NONE', ( #2266, #144, #2356, #882 ) ) ;
#1516 = VERTEX_POINT ( 'NONE', #2383 ) ;
#1517 = CARTESIAN_POINT ( 'NONE',  ( 0.000000000000000000, -1.512409583033693221E-57, 4.799999999999999822 ) ) ;
#1518 = CARTESIAN_POINT ( 'NONE',  ( -1.892491597964129933E-16, -1.545336663013169298, -1.499999999999999556 ) ) ;
#1519 = DIRECTION ( 'NONE',  ( 0.000000000000000000, -1.000000000000000000, 0.000000000000000000 ) ) ;
#1520 = DIRECTION ( 'NONE',  ( 0.000000000000000000, 7.562047915168481387E-57, 1.000000000000000000 ) ) ;
#1521 = CARTESIAN_POINT ( 'NONE',  ( 1.500000000000000000, -0.8660254037844384856, -3.582575694955841161 ) ) ;
#1522 = CARTESIAN_POINT ( 'NONE',  ( -1.784401076758502347, 1.092630533523695498E-16, -5.087499999999999467 ) ) ;
#1523 = CARTESIAN_POINT ( 'NONE',  ( -0.8922005383792511735, 1.545336663013169520, 0.3083333333333331816 ) ) ;
#1524 = CARTESIAN_POINT ( 'NONE',  ( -1.764863307568877104, 1.018944305707784714, -5.517708333333361637 ) ) ;
#1525 = ORIENTED_EDGE ( 'NONE', *, *, #1076, .T. ) ;
#1526 = ADVANCED_FACE ( 'NONE', ( #1054 ), #859, .T. ) ;
#1527 = ORIENTED_EDGE ( 'NONE', *, *, #1011, .T. ) ;
#1528 = LINE ( 'NONE', #955, #1757 ) ;
#1529 = CARTESIAN_POINT ( 'NONE',  ( -1.338300807568877149, -0.7726683315065843161, -1.616666666666666474 ) ) ;
#1530 = CARTESIAN_POINT ( 'NONE',  ( 0.000000000000000000, 2.000000000000000888, -5.000000000000000000 ) ) ;
#1531 = DIRECTION ( 'NONE',  ( 0.000000000000000000, 1.000000000000000000, 0.000000000000000000 ) ) ;
#1532 = CARTESIAN_POINT ( 'NONE',  ( 0.8407320978892052210, -1.360487576230361206, -4.960720249035686535 ) ) ;
#1533 = CARTESIAN_POINT ( 'NONE',  ( -1.338300807568877149, -0.7726683315065843161, -5.029166666666665009 ) ) ;
#1534 = DIRECTION ( 'NONE',  ( 0.000000000000000000, 1.000000000000000000, 0.000000000000000000 ) ) ;
#1535 = CARTESIAN_POINT ( 'NONE',  ( 0.8922005383792521727, 1.545336663013168854, 0.1916666666666672347 ) ) ;
#1536 = ORIENTED_EDGE ( 'NONE', *, *, #1605, .T. ) ;
#1537 = ORIENTED_EDGE ( 'NONE', *, *, #1559, .F. ) ;
#1538 = CARTESIAN_POINT ( 'NONE',  ( 1.732050807568877637, -1.000000000000001332, -3.833333333333305948 ) ) ;
#1539 = CARTESIAN_POINT ( 'NONE',  ( -0.2357771903914939737, -1.595924783227574695, 4.733970165090436666 ) ) ;
#1540 = CARTESIAN_POINT ( 'NONE',  ( -1.338300807568876927, 0.7726683315065848712, -3.045833333333332060 ) ) ;
#1541 = CARTESIAN_POINT ( 'NONE',  ( 0.000000000000000000, 2.000000000000000888, -0.7125000000000267786 ) ) ;
#1542 = EDGE_CURVE ( 'NONE', #216, #2406, #1376, .T. ) ;
#1543 = CARTESIAN_POINT ( 'NONE',  ( -0.8922005383792517286, -1.545336663013168854, -0.7708333333333325932 ) ) ;
#1544 = ORIENTED_EDGE ( 'NONE', *, *, #890, .T. ) ;
#1545 = CARTESIAN_POINT ( 'NONE',  ( 0.4285988816069670193, 1.700662693538449455, -4.794834568719139156 ) ) ;
#1546 = CIRCLE ( 'NONE', #1381, 3.299999999999999822 ) ;
#1547 = CARTESIAN_POINT ( 'NONE',  ( -1.338300807568877149, -0.7726683315065843161, -0.8291666666666654972 ) ) ;
#1548 = CARTESIAN_POINT ( 'NONE',  ( 1.338300807568877593, 0.7726683315065835389, -3.979166666666665630 ) ) ;
#1549 = CARTESIAN_POINT ( 'NONE',  ( 1.176575538379250663, -2.037888611415569429, -3.826041666666695207 ) ) ;
#1550 = VECTOR ( 'NONE', #537, 1000.000000000000000 ) ;
#1551 = AXIS2_PLACEMENT_3D ( 'NONE', #1451, #1221, #1860 ) ;
#1552 = CARTESIAN_POINT ( 'NONE',  ( -2.449293598294707400E-16, -2.000000000000000888, -0.3625000000000263012 ) ) ;
#1553 = CARTESIAN_POINT ( 'NONE',  ( -2.449293598294707400E-16, -2.000000000000000888, -2.549999999999971845 ) ) ;
#1554 = DIRECTION ( 'NONE',  ( 0.000000000000000000, 1.000000000000000000, 0.000000000000000000 ) ) ;
#1555 = CARTESIAN_POINT ( 'NONE',  ( -0.8922005383792517286, -1.545336663013168854, -2.870833333333332238 ) ) ;
#1556 = COORDINATED_UNIVERSAL_TIME_OFFSET ( 6, 0, .BEHIND. ) ;
#1557 =( BOUNDED_CURVE ( )  B_SPLINE_CURVE ( 2, ( #1621, #461, #251, #1663, #2027, #1638, #2424 ),
 .UNSPECIFIED., .F., .F. ) 
 B_SPLINE_CURVE_WITH_KNOTS ( ( 3, 2, 2, 3 ),
 ( 0.5500000000000000444, 0.5666666666666666519, 0.5833333333333333703, 0.5999999999999999778 ),
 .UNSPECIFIED. ) 
 CURVE ( )  GEOMETRIC_REPRESENTATION_ITEM ( )  RATIONAL_B_SPLINE_CURVE ( ( 1.000000000000000000, 0.8660254037844387076, 1.000000000000000000, 0.8660254037844387076, 1.000000000000000000, 0.8660254037844387076, 1.000000000000000000 ) ) 
 REPRESENTATION_ITEM ( '' )  );
#1558 = CARTESIAN_POINT ( 'NONE',  ( -0.8922005383792510624, 1.545336663013169520, -1.004166666666665320 ) ) ;
#1559 = EDGE_CURVE ( 'NONE', #476, #881, #1293, .T. ) ;
#1560 = ORIENTED_EDGE ( 'NONE', *, *, #84, .F. ) ;
#1561 = CARTESIAN_POINT ( 'NONE',  ( 0.5381769757335176374, -1.478268324827136215, -4.975870267742463326 ) ) ;
#1562 = CARTESIAN_POINT ( 'NONE',  ( -1.338300807568876927, 0.7726683315065848712, -0.2458333333333322934 ) ) ;
#1563 = CARTESIAN_POINT ( 'NONE',  ( -1.764863307568877104, 1.018944305707784714, -3.417708333333361548 ) ) ;
#1564 = ORIENTED_EDGE ( 'NONE', *, *, #965, .F. ) ;
#1565 = CARTESIAN_POINT ( 'NONE',  ( 0.000000000000000000, 2.000000000000000888, -4.212500000000026112 ) ) ;
#1566 = CARTESIAN_POINT ( 'NONE',  ( 0.000000000000000000, 2.000000000000000888, 0.6874999999999733546 ) ) ;
#1567 = CARTESIAN_POINT ( 'NONE',  ( -0.4908700901641189218, -1.448646828875488124, 4.637405605205471737 ) ) ;
#1568 = CARTESIAN_POINT ( 'NONE',  ( 0.8922005383792508404, -1.545336663013169742, -2.754166666666665542 ) ) ;
#1569 = APPLICATION_PROTOCOL_DEFINITION ( 'international standard', 'config_control_design', 1994, #679 ) ;
#1570 = CARTESIAN_POINT ( 'NONE',  ( -1.784401076758502347, 1.092630533523695498E-16, -0.1874999999999992784 ) ) ;
#1571 = CARTESIAN_POINT ( 'NONE',  ( 1.500000000000000000, -0.8660254037844384856, 4.870096189432334910 ) ) ;
#1572 = ORIENTED_EDGE ( 'NONE', *, *, #1270, .T. ) ;
#1573 = FACE_OUTER_BOUND ( 'NONE', #229, .T. ) ;
#1574 = EDGE_CURVE ( 'NONE', #1744, #1141, #1997, .T. ) ;
#1575 = ORIENTED_EDGE ( 'NONE', *, *, #2270, .F. ) ;
#1576 = CARTESIAN_POINT ( 'NONE',  ( 0.8922005383792521727, 1.545336663013168854, 0.2791666666666680063 ) ) ;
#1577 = CARTESIAN_POINT ( 'NONE',  ( -0.8922005383792510624, 1.545336663013169520, 0.3083333333333331816 ) ) ;
#1578 = CARTESIAN_POINT ( 'NONE',  ( 2.309401076758504257, -4.242300954899628645E-16, -1.674999999999972289 ) ) ;
#1579 = CARTESIAN_POINT ( 'NONE',  ( 0.000000000000000000, 2.000000000000000888, -4.212500000000026112 ) ) ;
#1580 = DIRECTION ( 'NONE',  ( 0.000000000000000000, 1.000000000000000000, 0.000000000000000000 ) ) ;
#1581 = CARTESIAN_POINT ( 'NONE',  ( -1.892491597964129933E-16, -1.545336663013169298, -4.912499999999999645 ) ) ;
#1582 = DATE_AND_TIME ( #1762, #2002 ) ;
#1583 = CARTESIAN_POINT ( 'NONE',  ( -0.8922005383792517286, -1.545336663013168854, -1.470833333333332327 ) ) ;
#1584 = CARTESIAN_POINT ( 'NONE',  ( 0.000000000000000000, 2.000000000000000888, -4.299999999999971401 ) ) ;
#1585 = ORIENTED_EDGE ( 'NONE', *, *, #997, .T. ) ;
#1586 = CARTESIAN_POINT ( 'NONE',  ( 0.2177154099727698910, -1.543083391978317120, -4.990740170083139304 ) ) ;
#1587 = AXIS2_PLACEMENT_3D ( 'NONE', #842, #2418, #687 ) ;
#1588 = CARTESIAN_POINT ( 'NONE',  ( -1.892491597964129933E-16, -1.545336663013169298, -2.112499999999998934 ) ) ;
#1589 = CARTESIAN_POINT ( 'NONE',  ( -1.764863307568877326, -1.018944305707784048, -2.601041666666695118 ) ) ;
#1590 = CARTESIAN_POINT ( 'NONE',  ( -2.495693764988920690E-16, -2.037888611415568985, -4.628124999999970512 ) ) ;
#1591 = EDGE_CURVE ( 'NONE', #1288, #197, #1637, .T. ) ;
#1592 = VECTOR ( 'NONE', #1808, 1000.000000000000000 ) ;
#1593 = CARTESIAN_POINT ( 'NONE',  ( 0.8922005383792521727, 1.545336663013168854, 0.8916666666666664964 ) ) ;
#1594 = CARTESIAN_POINT ( 'NONE',  ( -4.661927398062823226E-14, -1.989118880364043607, -4.556217782649124359 ) ) ;
#1595 = CARTESIAN_POINT ( 'NONE',  ( 1.338300807568877593, 0.7726683315065835389, -3.279166666666665453 ) ) ;
#1596 = DIRECTION ( 'NONE',  ( 0.000000000000000000, 1.000000000000000000, 0.000000000000000000 ) ) ;
#1597 = LINE ( 'NONE', #1025, #609 ) ;
#1598 = CARTESIAN_POINT ( 'NONE',  ( -0.8922005383792510624, 1.545336663013169520, -2.404166666666665897 ) ) ;
#1599 = CARTESIAN_POINT ( 'NONE',  ( 1.176575538379252439, 2.037888611415568096, -0.7927083333333614368 ) ) ;
#1600 = CARTESIAN_POINT ( 'NONE',  ( 1.764863307568876660, -1.018944305707785380, -3.811458333333304083 ) ) ;
#1601 = CARTESIAN_POINT ( 'NONE',  ( -3.596408548076577710E-16, 1.732050807568877415, 2.000000000000000000 ) ) ;
#1602 = CARTESIAN_POINT ( 'NONE',  ( 1.784401076758502347, -3.277891600571085508E-16, -4.824999999999999289 ) ) ;
#1603 = CARTESIAN_POINT ( 'NONE',  ( -1.338300807568876927, 0.7726683315065848712, 0.4541666666666678287 ) ) ;
#1604 = PERSON_AND_ORGANIZATION_ROLE ( 'design_owner' ) ;
#1605 = EDGE_CURVE ( 'NONE', #1109, #348, #238, .T. ) ;
#1606 = CARTESIAN_POINT ( 'NONE',  ( -0.8922005383792510624, 1.545336663013169520, 1.095833333333334103 ) ) ;
#1607 = CARTESIAN_POINT ( 'NONE',  ( 2.694222958124179965E-16, -2.200000000000001954, 1.000000000000000000 ) ) ;
#1608 = CARTESIAN_POINT ( 'NONE',  ( -0.9951266961593934202, -1.200204175884160396, 0.5374999999999965361 ) ) ;
#1609 = CARTESIAN_POINT ( 'NONE',  ( 0.000000000000000000, 8.843436600416711296E-72, 5.000000000000000000 ) ) ;
#1610 = CARTESIAN_POINT ( 'NONE',  ( -1.176575538379251995, -2.037888611415568985, -1.142708333333361859 ) ) ;
#1611 = CARTESIAN_POINT ( 'NONE',  ( 1.764863307568876660, -1.018944305707785380, -1.011458333333303372 ) ) ;
#1612 = CARTESIAN_POINT ( 'NONE',  ( 0.000000000000000000, -1.512409583033693221E-57, 4.799999999999999822 ) ) ;
#1613 = CARTESIAN_POINT ( 'NONE',  ( -0.7893880816653063848, -1.417270157901000971, -4.926521410710830828 ) ) ;
#1614 = CARTESIAN_POINT ( 'NONE',  ( -1.338300807568877149, -0.7726683315065843161, -0.8291666666666654972 ) ) ;
#1615 = CARTESIAN_POINT ( 'NONE',  ( 0.8922005383792521727, 1.545336663013168854, -4.008333333333332860 ) ) ;
#1616 = EDGE_CURVE ( 'NONE', #2466, #1440, #1900, .T. ) ;
#1617 = DIRECTION ( 'NONE',  ( 0.000000000000000000, -1.000000000000000000, -1.281975124255723263E-16 ) ) ;
#1618 = FACE_OUTER_BOUND ( 'NONE', #2416, .T. ) ;
#1619 = FACE_OUTER_BOUND ( 'NONE', #2456, .T. ) ;
#1620 = EDGE_CURVE ( 'NONE', #2406, #1727, #2100, .T. ) ;
#1621 = CARTESIAN_POINT ( 'NONE',  ( -2.449293598294707400E-16, -2.000000000000000888, -1.149999999999971712 ) ) ;
#1622 = CARTESIAN_POINT ( 'NONE',  ( -2.495693764988920690E-16, -2.037888611415568985, 0.3156249999999712896 ) ) ;
#1623 = ORIENTED_EDGE ( 'NONE', *, *, #38, .F. ) ;
#1624 = CIRCLE ( 'NONE', #525, 2.000000000000001776 ) ;
#1625 = CARTESIAN_POINT ( 'NONE',  ( 1.176575538379250663, -2.037888611415569429, -1.769791666666636898 ) ) ;
#1626 = CARTESIAN_POINT ( 'NONE',  ( 1.338300807568876483, -0.7726683315065853153, -2.783333333333332771 ) ) ;
#1627 = CARTESIAN_POINT ( 'NONE',  ( -0.8922005383792510624, 1.545336663013169520, -4.591666666666665897 ) ) ;
#1628 = CARTESIAN_POINT ( 'NONE',  ( -0.8922005383792517286, -1.545336663013168854, -1.470833333333332327 ) ) ;
#1629 = ORIENTED_EDGE ( 'NONE', *, *, #1270, .F. ) ;
#1630 = CARTESIAN_POINT ( 'NONE',  ( -0.8922005383792510624, 1.545336663013169520, -3.891666666666666607 ) ) ;
#1631 = CARTESIAN_POINT ( 'NONE',  ( 1.500000000000000000, -2.095679045568001487E-20, 4.638045381863459049 ) ) ;
#1632 = CARTESIAN_POINT ( 'NONE',  ( -1.499999999999999778, 0.8660254037844382635, -3.582575694955841161 ) ) ;
#1633 = VECTOR ( 'NONE', #1224, 1000.000000000000000 ) ;
#1634 = ORIENTED_EDGE ( 'NONE', *, *, #1701, .T. ) ;
#1635 = DIRECTION ( 'NONE',  ( 0.000000000000000000, 0.7071067811865467956, -0.7071067811865483499 ) ) ;
#1636 = EDGE_CURVE ( 'NONE', #2093, #1670, #145, .T. ) ;
#1637 =( BOUNDED_CURVE ( )  B_SPLINE_CURVE ( 2, ( #489, #922, #2065, #1872, #1664, #1464, #135 ),
 .UNSPECIFIED., .F., .F. ) 
 B_SPLINE_CURVE_WITH_KNOTS ( ( 3, 2, 2, 3 ),
 ( 0.2000000000000000666, 0.2166666666666667018, 0.2333333333333333648, 0.2500000000000000000 ),
 .UNSPECIFIED. ) 
 CURVE ( )  GEOMETRIC_REPRESENTATION_ITEM ( )  RATIONAL_B_SPLINE_CURVE ( ( 0.9999999999999995559, 0.8660254037844391517, 1.000000000000000000, 0.8660254037844387076, 1.000000000000000000, 0.8660254037844387076, 1.000000000000000000 ) ) 
 REPRESENTATION_ITEM ( '' )  );
#1638 = CARTESIAN_POINT ( 'NONE',  ( 1.154700538379252794, 2.000000000000000000, -0.8583333333333053039 ) ) ;
#1639 = CARTESIAN_POINT ( 'NONE',  ( 1.764863307568877993, 1.018944305707782938, -2.251041666666695029 ) ) ;
#1640 = CARTESIAN_POINT ( 'NONE',  ( 1.176575538379250663, -2.037888611415569429, -3.169791666666637475 ) ) ;
#1641 = CARTESIAN_POINT ( 'NONE',  ( 0.8922005383792521727, 1.545336663013168854, -4.008333333333333748 ) ) ;
#1642 = CARTESIAN_POINT ( 'NONE',  ( -1.338300807568877149, -0.7726683315065843161, -4.416666666666666075 ) ) ;
#1643 = CARTESIAN_POINT ( 'NONE',  ( 1.338300807568877593, 0.7726683315065835389, 0.2208333333333341586 ) ) ;
#1644 = VERTEX_POINT ( 'NONE', #526 ) ;
#1645 = CARTESIAN_POINT ( 'NONE',  ( -1.338300807568877149, -0.7726683315065843161, -3.016666666666666607 ) ) ;
#1646 = CARTESIAN_POINT ( 'NONE',  ( 1.500000000000000000, -0.8660254037844384856, 4.870096189432334910 ) ) ;
#1647 = CARTESIAN_POINT ( 'NONE',  ( -1.869212099649659287, 0.1585019890369637197, -4.673413812835042869 ) ) ;
#1648 = DIRECTION ( 'NONE',  ( -0.5000000000000004441, 0.8660254037844383745, 0.000000000000000000 ) ) ;
#1649 = FACE_OUTER_BOUND ( 'NONE', #1253, .T. ) ;
#1650 = EDGE_CURVE ( 'NONE', #1734, #1775, #1340, .T. ) ;
#1651 =( BOUNDED_CURVE ( )  B_SPLINE_CURVE ( 2, ( #1362, #1939, #1538, #2336, #96, #2143, #581 ),
 .UNSPECIFIED., .F., .F. ) 
 B_SPLINE_CURVE_WITH_KNOTS ( ( 3, 2, 2, 3 ),
 ( 0.1500000000000000777, 0.1666666666666667407, 0.1833333333333333759, 0.2000000000000000666 ),
 .UNSPECIFIED. ) 
 CURVE ( )  GEOMETRIC_REPRESENTATION_ITEM ( )  RATIONAL_B_SPLINE_CURVE ( ( 0.9999999999999993339, 0.8660254037844393737, 1.000000000000000000, 0.8660254037844387076, 1.000000000000000000, 0.8660254037844382635, 1.000000000000000444 ) ) 
 REPRESENTATION_ITEM ( '' )  );
#1652 = CARTESIAN_POINT ( 'NONE',  ( -2.495693764988920690E-16, -2.037888611415568985, -0.4281249999999702238 ) ) ;
#1653 = CARTESIAN_POINT ( 'NONE',  ( 1.784401076758502347, -3.277891600571085508E-16, -4.824999999999999289 ) ) ;
#1654 = CARTESIAN_POINT ( 'NONE',  ( -1.338300807568876927, 0.7726683315065848712, -4.533333333333333215 ) ) ;
#1655 = CARTESIAN_POINT ( 'NONE',  ( 1.338300807568876483, -0.7726683315065853153, -0.5958333333333327708 ) ) ;
#1656 = ORIENTED_EDGE ( 'NONE', *, *, #1845, .F. ) ;
#1657 = ORIENTED_EDGE ( 'NONE', *, *, #931, .F. ) ;
#1658 = CARTESIAN_POINT ( 'NONE',  ( -1.338300807568877149, -0.7726683315065843161, -4.416666666666666075 ) ) ;
#1659 = CARTESIAN_POINT ( 'NONE',  ( 0.000000000000000000, 2.000000000000000888, -2.112500000000026468 ) ) ;
#1660 = DIRECTION ( 'NONE',  ( -0.000000000000000000, 0.000000000000000000, 1.000000000000000000 ) ) ;
#1661 = AXIS2_PLACEMENT_3D ( 'NONE', #1632, #1243, #1660 ) ;
#1662 = CARTESIAN_POINT ( 'NONE',  ( 0.000000000000000000, 2.000000000000000888, -5.000000000000000000 ) ) ;
#1663 = CARTESIAN_POINT ( 'NONE',  ( 2.309401076758504257, -4.242300954899628645E-16, -0.9749999999999721112 ) ) ;
#1664 = CARTESIAN_POINT ( 'NONE',  ( -1.732050807568878303, -1.000000000000000000, -3.366666666666638719 ) ) ;
#1665 = CARTESIAN_POINT ( 'NONE',  ( -1.764863307568877326, -1.018944305707784048, -0.5447916666666370311 ) ) ;
#1666 = CARTESIAN_POINT ( 'NONE',  ( 0.8922005383792508404, -1.545336663013169742, -2.141666666666666163 ) ) ;
#1667 = CARTESIAN_POINT ( 'NONE',  ( -1.338300807568877149, -0.7726683315065843161, -0.9166666666666662966 ) ) ;
#1668 = CARTESIAN_POINT ( 'NONE',  ( 0.000000000000000000, 2.000000000000000888, -4.212500000000026112 ) ) ;
#1669 = VERTEX_POINT ( 'NONE', #1378 ) ;
#1670 = VERTEX_POINT ( 'NONE', #2387 ) ;
#1671 = AXIS2_PLACEMENT_3D ( 'NONE', #582, #391, #1554 ) ;
#1672 = CARTESIAN_POINT ( 'NONE',  ( 0.8922005383792521727, 1.545336663013168854, -1.208333333333333037 ) ) ;
#1673 = DIRECTION ( 'NONE',  ( 0.000000000000000000, 7.562047915168481387E-57, 1.000000000000000000 ) ) ;
#1674 = LINE ( 'NONE', #1448, #2259 ) ;
#1675 = LOCAL_TIME ( 12, 53, 28.00000000000000000, #41 ) ;
#1676 = VECTOR ( 'NONE', #363, 999.9999999999998863 ) ;
#1677 = DIRECTION ( 'NONE',  ( 0.000000000000000000, 7.562047915168481387E-57, 1.000000000000000000 ) ) ;
#1678 = B_SPLINE_CURVE_WITH_KNOTS ( 'NONE', 3,
 ( #2061, #1060, #1048, #286, #673, #472, #843, #1830, #2255, #1461, #1256, #273, #2072, #1073, #1844, #873, #1647, #2433, #688, #2240, #2459, #300, #703, #459, #485, #512, #312, #2025, #1818, #2214 ),
 .UNSPECIFIED., .F., .F.,
 ( 4, 2, 2, 2, 2, 2, 2, 2, 2, 2, 2, 2, 2, 2, 4 ),
 ( 0.0003239473825344344068, 0.001059433720035047894, 0.001427176888785354827, 0.001794920057535661544, 0.002162663226285968261, 0.002530406395036275194, 0.002898149563786582127, 0.003265892732536888627, 0.003633635901287195127, 0.004001379070037502060, 0.004369122238787809427, 0.004736865407538115927, 0.005472351745038728059, 0.005840094913789034559, 0.006207838082539340191 ),
 .UNSPECIFIED. ) ;
#1679 = CARTESIAN_POINT ( 'NONE',  ( -1.176575538379251995, -2.037888611415568985, 0.9572916666666384522 ) ) ;
#1680 = APPLICATION_CONTEXT ( 'configuration controlled 3d designs of mechanical parts and assemblies' ) ;
#1681 = CARTESIAN_POINT ( 'NONE',  ( 0.4651463069290629471, -2.037888611415568985, 1.694936447128395196 ) ) ;
#1682 = CARTESIAN_POINT ( 'NONE',  ( 0.8922005383792508404, -1.545336663013169742, -4.241666666666666252 ) ) ;
#1683 = CARTESIAN_POINT ( 'NONE',  ( 1.338300807568876483, -0.7726683315065853153, -3.483333333333332948 ) ) ;
#1684 = VERTEX_POINT ( 'NONE', #1607 ) ;
#1685 = CARTESIAN_POINT ( 'NONE',  ( -0.8922005383792517286, -1.545336663013168854, -1.558333333333332904 ) ) ;
#1686 = CARTESIAN_POINT ( 'NONE',  ( 0.8714270500160572475, 1.642329529393153464, 0.7166854190672037328 ) ) ;
#1687 = ADVANCED_FACE ( 'NONE', ( #1415 ), #2175, .F. ) ;
#1688 = ORIENTED_EDGE ( 'NONE', *, *, #997, .F. ) ;
#1689 = CARTESIAN_POINT ( 'NONE',  ( 1.500000000000000222, 0.5909740868883565090, 4.744243554733362345 ) ) ;
#1690 = CARTESIAN_POINT ( 'NONE',  ( 1.764863307568877993, 1.018944305707782938, 0.5489583333333050152 ) ) ;
#1691 = CARTESIAN_POINT ( 'NONE',  ( -1.764863307568877326, -1.018944305707784048, 0.8552083333333632131 ) ) ;
#1692 = CARTESIAN_POINT ( 'NONE',  ( -1.338300807568877149, -0.7726683315065843161, -0.9166666666666662966 ) ) ;
#1693 = CARTESIAN_POINT ( 'NONE',  ( 0.8922005383792521727, 1.545336663013168854, -3.308333333333333570 ) ) ;
#1694 = VERTEX_POINT ( 'NONE', #2351 ) ;
#1695 = VERTEX_POINT ( 'NONE', #633 ) ;
#1696 = CARTESIAN_POINT ( 'NONE',  ( 0.000000000000000000, 1.545336663013169298, 0.2500000000000002220 ) ) ;
#1697 = DIRECTION ( 'NONE',  ( 0.8660254037844383745, 0.5000000000000003331, -3.781023957584242391E-57 ) ) ;
#1698 = FACE_OUTER_BOUND ( 'NONE', #2134, .T. ) ;
#1699 = EDGE_CURVE ( 'NONE', #976, #1670, #2162, .T. ) ;
#1700 = ORIENTED_EDGE ( 'NONE', *, *, #649, .F. ) ;
#1701 = EDGE_CURVE ( 'NONE', #396, #637, #301, .T. ) ;
#1702 = CARTESIAN_POINT ( 'NONE',  ( -1.154700538379251906, 2.000000000000000888, -2.754166666666693075 ) ) ;
#1703 = CARTESIAN_POINT ( 'NONE',  ( 0.000000000000000000, 2.000000000000000888, -2.199999999999971756 ) ) ;
#1704 = CARTESIAN_POINT ( 'NONE',  ( 0.000000000000000000, 2.037888611415568985, 0.6218750000000294875 ) ) ;
#1705 = CARTESIAN_POINT ( 'NONE',  ( -1.500000000000000000, 0.3005327505313507008, 4.661509242051500301 ) ) ;
#1706 = CARTESIAN_POINT ( 'NONE',  ( 1.784401076758502347, -3.277891600571085508E-16, -1.324999999999999956 ) ) ;
#1707 = ORIENTED_EDGE ( 'NONE', *, *, #1699, .F. ) ;
#1708 = ORIENTED_EDGE ( 'NONE', *, *, #1731, .F. ) ;
#1709 = CARTESIAN_POINT ( 'NONE',  ( 1.732050807568877637, -1.000000000000001332, -2.433333333333305148 ) ) ;
#1710 = CARTESIAN_POINT ( 'NONE',  ( 1.784401076758502347, -3.277891600571085508E-16, -2.024999999999999911 ) ) ;
#1711 = DIRECTION ( 'NONE',  ( 0.000000000000000000, 1.000000000000000000, 0.000000000000000000 ) ) ;
#1712 = MECHANICAL_CONTEXT ( 'NONE', #1680, 'mechanical' ) ;
#1713 = VECTOR ( 'NONE', #1363, 1000.000000000000114 ) ;
#1714 = CARTESIAN_POINT ( 'NONE',  ( -1.485608764451666897, 1.326407667869596407, 0.7912562590186835720 ) ) ;
#1715 = CARTESIAN_POINT ( 'NONE',  ( 5.751325091730622394E-16, -1.732050807568877415, 4.870096189432334910 ) ) ;
#1716 = UNCERTAINTY_MEASURE_WITH_UNIT (LENGTH_MEASURE( 1.000000000000000082E-05 ), #2084, 'distance_accuracy_value', 'NONE');
#1717 = ADVANCED_FACE ( 'NONE', ( #995 ), #1777, .F. ) ;
#1718 = CARTESIAN_POINT ( 'NONE',  ( 0.8922005383792507294, -1.545336663013169742, -4.854166666666664298 ) ) ;
#1719 = CARTESIAN_POINT ( 'NONE',  ( -1.338300807568877149, -0.7726683315065843161, -4.329166666666664831 ) ) ;
#1720 = CARTESIAN_POINT ( 'NONE',  ( 1.338300807568876483, -0.7726683315065853153, -2.083333333333333037 ) ) ;
#1721 = ORIENTED_EDGE ( 'NONE', *, *, #1920, .T. ) ;
#1722 = ORIENTED_EDGE ( 'NONE', *, *, #717, .F. ) ;
#1723 = CARTESIAN_POINT ( 'NONE',  ( 0.2357771903914938905, 1.595924783227574029, 4.733970165090434890 ) ) ;
#1724 = CARTESIAN_POINT ( 'NONE',  ( 1.338300807568876483, -0.7726683315065853153, -2.083333333333333037 ) ) ;
#1725 = CARTESIAN_POINT ( 'NONE',  ( 5.602117988209822537E-16, -1.732050807568877415, 2.000000000000000000 ) ) ;
#1726 = DIRECTION ( 'NONE',  ( 0.000000000000000000, 1.000000000000000000, -7.562047915168481387E-57 ) ) ;
#1727 = VERTEX_POINT ( 'NONE', #432 ) ;
#1728 = EDGE_LOOP ( 'NONE', ( #2409, #186 ) ) ;
#1729 = CARTESIAN_POINT ( 'NONE',  ( 0.000000000000000000, -7.562047915168480934E-56, -5.000000000000000000 ) ) ;
#1730 = CARTESIAN_POINT ( 'NONE',  ( 1.784401076758502347, -3.277891600571085508E-16, -4.037499999999999645 ) ) ;
#1731 = EDGE_CURVE ( 'NONE', #348, #1109, #1144, .T. ) ;
#1732 = CARTESIAN_POINT ( 'NONE',  ( -1.338300807568876927, 0.7726683315065848712, 0.3666666666666670293 ) ) ;
#1733 = CARTESIAN_POINT ( 'NONE',  ( -1.784401076758502347, 1.092630533523695498E-16, 1.125000000000000000 ) ) ;
#1734 = VERTEX_POINT ( 'NONE', #1715 ) ;
#1735 = ORIENTED_EDGE ( 'NONE', *, *, #810, .F. ) ;
#1736 = CARTESIAN_POINT ( 'NONE',  ( 1.154700538379250796, 2.000000000000004441, -2.258333333333305326 ) ) ;
#1737 = CARTESIAN_POINT ( 'NONE',  ( -1.732050807568878081, 1.000000000000000666, 0.01666666666669467181 ) ) ;
#1738 = CARTESIAN_POINT ( 'NONE',  ( 0.7716528725939494349, 1.698386835291691321, 0.7202634398046591224 ) ) ;
#1739 = DIRECTION ( 'NONE',  ( 0.000000000000000000, -1.000000000000000000, 0.000000000000000000 ) ) ;
#1740 = ORIENTED_EDGE ( 'NONE', *, *, #1029, .T. ) ;
#1741 = CARTESIAN_POINT ( 'NONE',  ( 1.500000000000000000, -0.8660254037844384856, 2.000000000000000000 ) ) ;
#1742 = CARTESIAN_POINT ( 'NONE',  ( 1.338300807568877593, 0.7726683315065835389, -1.879166666666665764 ) ) ;
#1743 = CARTESIAN_POINT ( 'NONE',  ( 1.176575538379252439, 2.037888611415568096, -4.292708333333361992 ) ) ;
#1744 = VERTEX_POINT ( 'NONE', #1180 ) ;
#1745 = EDGE_LOOP ( 'NONE', ( #2117, #2181 ) ) ;
#1746 = CARTESIAN_POINT ( 'NONE',  ( 1.732050807568878970, 0.9999999999999988898, -2.316666666666639340 ) ) ;
#1747 = CARTESIAN_POINT ( 'NONE',  ( -0.8922005383792517286, -1.545336663013168854, 1.241666666666666918 ) ) ;
#1748 = CARTESIAN_POINT ( 'NONE',  ( -1.082708096908975737, -1.102637102105865630, -5.000000000000003553 ) ) ;
#1749 = ADVANCED_FACE ( 'NONE', ( #791 ), #594, .T. ) ;
#1750 = CARTESIAN_POINT ( 'NONE',  ( 0.000000000000000000, 1.545336663013169298, -2.462499999999999023 ) ) ;
#1751 = CIRCLE ( 'NONE', #642, 2.200000000000001954 ) ;
#1752 = CARTESIAN_POINT ( 'NONE',  ( 1.333366581238142112, -0.9344644838807786291, -4.931454626241853489 ) ) ;
#1753 = CONICAL_SURFACE ( 'NONE', #1024, 1.861954618136542727, 0.7853981633974500554 ) ;
#1754 = CARTESIAN_POINT ( 'NONE',  ( -1.784401076758502347, 1.092630533523695498E-16, -0.8874999999999995115 ) ) ;
#1755 = CARTESIAN_POINT ( 'NONE',  ( -0.8922005383792510624, 1.545336663013169520, -3.804166666666665808 ) ) ;
#1756 = CARTESIAN_POINT ( 'NONE',  ( -2.353151076758502658, 1.440889467031223773E-16, -5.459375000000028955 ) ) ;
#1757 = VECTOR ( 'NONE', #1150, 999.9999999999998863 ) ;
#1758 = CARTESIAN_POINT ( 'NONE',  ( -1.264222809608505305, 1.002151428125741761, 4.733970165090435778 ) ) ;
#1759 = DIRECTION ( 'NONE',  ( 0.000000000000000000, -1.224646799147355672E-16, 1.000000000000000000 ) ) ;
#1760 = CARTESIAN_POINT ( 'NONE',  ( -1.014703996554336740, -1.146211182010441920, 4.662699326111870768 ) ) ;
#1761 = CARTESIAN_POINT ( 'NONE',  ( -1.784401076758502347, 1.092630533523695375E-16, -4.387499999999999289 ) ) ;
#1762 = CALENDAR_DATE ( 2026, 8, 1 ) ;
#1763 = CARTESIAN_POINT ( 'NONE',  ( -1.892491597964129933E-16, -1.545336663013169298, -2.812499999999999112 ) ) ;
#1764 = EDGE_CURVE ( 'NONE', #1694, #2477, #690, .T. ) ;
#1765 = CARTESIAN_POINT ( 'NONE',  ( -0.1468154332071055501, -1.591431587379027901, 0.5641129169902197038 ) ) ;
#1766 = ORIENTED_EDGE ( 'NONE', *, *, #2157, .F. ) ;
#1767 = CARTESIAN_POINT ( 'NONE',  ( 0.5310380906840447279, 1.666895522236551352, -4.799255160399438225 ) ) ;
#1768 = CARTESIAN_POINT ( 'NONE',  ( 1.338300807568877593, 0.7726683315065835389, 0.2208333333333341586 ) ) ;
#1769 = CARTESIAN_POINT ( 'NONE',  ( 0.8922005383792507294, -1.545336663013169742, 0.6583333333333336590 ) ) ;
#1770 = CARTESIAN_POINT ( 'NONE',  ( 1.176575538379252439, 2.037888611415568096, -4.336458333333303550 ) ) ;
#1771 = FACE_OUTER_BOUND ( 'NONE', #2097, .T. ) ;
#1772 = LINE ( 'NONE', #591, #111 ) ;
#1773 = CARTESIAN_POINT ( 'NONE',  ( -0.6318599298582713297, -1.545336663013169298, -4.953811896062463305 ) ) ;
#1774 = DATE_TIME_ROLE ( 'classification_date' ) ;
#1775 = VERTEX_POINT ( 'NONE', #1571 ) ;
#1776 = CARTESIAN_POINT ( 'NONE',  ( 1.784401076758502347, -3.277891600571085508E-16, 0.1625000000000011990 ) ) ;
#1777 = PLANE ( 'NONE',  #1836 ) ;
#1778 = VERTEX_POINT ( 'NONE', #552 ) ;
#1779 = ORIENTED_EDGE ( 'NONE', *, *, #1126, .T. ) ;
#1780 = CARTESIAN_POINT ( 'NONE',  ( 2.694222958124179472E-16, -2.200000000000001954, 0.8000000000000003775 ) ) ;
#1781 = ADVANCED_FACE ( 'NONE', ( #223 ), #408, .F. ) ;
#1782 = CARTESIAN_POINT ( 'NONE',  ( 0.8922005383792521727, 1.545336663013168854, -0.4208333333333320603 ) ) ;
#1783 = CARTESIAN_POINT ( 'NONE',  ( 0.000000000000000000, 1.545336663013169298, 0.9500000000000002887 ) ) ;
#1784 = CARTESIAN_POINT ( 'NONE',  ( -1.764863307568877104, 1.018944305707784714, -4.861458333333303905 ) ) ;
#1785 = CARTESIAN_POINT ( 'NONE',  ( 0.000000000000000000, -7.562047915168480934E-56, -5.000000000000000000 ) ) ;
#1786 = CARTESIAN_POINT ( 'NONE',  ( -1.382802616965772113, -0.9336893444275702336, 4.802432248789203939 ) ) ;
#1787 = CARTESIAN_POINT ( 'NONE',  ( 0.000000000000000000, 1.545336663013169298, -3.862499999999998934 ) ) ;
#1788 = APPROVAL_DATE_TIME ( #1412, #1937 ) ;
#1789 = CARTESIAN_POINT ( 'NONE',  ( -1.784401076758502347, 1.092630533523695498E-16, -2.987499999999998934 ) ) ;
#1790 = DIRECTION ( 'NONE',  ( -0.000000000000000000, -7.562047915168481387E-57, -1.000000000000000000 ) ) ;
#1791 =( BOUNDED_CURVE ( )  B_SPLINE_CURVE ( 2, ( #1290, #143, #2517, #760, #511, #311, #120 ),
 .UNSPECIFIED., .F., .F. ) 
 B_SPLINE_CURVE_WITH_KNOTS ( ( 3, 2, 2, 3 ),
 ( 0.3071699281526708569, 0.3238365948193375754, 0.3405032614860041829, 0.3571699281526709013 ),
 .UNSPECIFIED. ) 
 CURVE ( )  GEOMETRIC_REPRESENTATION_ITEM ( )  RATIONAL_B_SPLINE_CURVE ( ( 1.000000000000000000, 0.8660254037844387076, 1.000000000000000000, 0.8660254037844387076, 1.000000000000000000, 0.8660254037844387076, 1.000000000000000000 ) ) 
 REPRESENTATION_ITEM ( '' )  );
#1792 = VERTEX_POINT ( 'NONE', #19 ) ;
#1793 = LINE ( 'NONE', #987, #1840 ) ;
#1794 = B_SPLINE_CURVE_WITH_KNOTS ( 'NONE', 3,
 ( #1351, #772, #1162, #154, #748, #2515, #1723, #2502 ),
 .UNSPECIFIED., .F., .F.,
 ( 4, 2, 2, 4 ),
 ( 2.544365555416565438E-07, 0.0004475380576734570848, 0.0008948216787913725739, 0.001789388921027203769 ),
 .UNSPECIFIED. ) ;
#1795 = CARTESIAN_POINT ( 'NONE',  ( -0.8922005383792517286, -1.545336663013168854, -0.07083333333333247106 ) ) ;
#1796 = CARTESIAN_POINT ( 'NONE',  ( 2.353151076758502658, -4.322668401093671811E-16, -0.2093750000000280942 ) ) ;
#1797 = EDGE_CURVE ( 'NONE', #1356, #1161, #415, .T. ) ;
#1798 = CARTESIAN_POINT ( 'NONE',  ( -1.176575538379251107, 2.037888611415568985, -3.519791666666637120 ) ) ;
#1799 = CARTESIAN_POINT ( 'NONE',  ( 1.338300807568876483, -0.7726683315065853153, -4.883333333333332860 ) ) ;
#1800 = VECTOR ( 'NONE', #2447, 999.9999999999998863 ) ;
#1801 = CARTESIAN_POINT ( 'NONE',  ( -1.338300807568877149, -0.7726683315065843161, -3.716666666666666341 ) ) ;
#1802 = CARTESIAN_POINT ( 'NONE',  ( 2.309401076758504257, -4.242300954899628645E-16, 0.4250000000000281886 ) ) ;
#1803 = CALENDAR_DATE ( 2026, 8, 1 ) ;
#1804 = CARTESIAN_POINT ( 'NONE',  ( -1.784401076758502347, 1.092630533523695498E-16, -4.474999999999999645 ) ) ;
#1805 = PLANE ( 'NONE',  #1100 ) ;
#1806 = VECTOR ( 'NONE', #327, 1000.000000000000000 ) ;
#1807 = ORIENTED_EDGE ( 'NONE', *, *, #304, .F. ) ;
#1808 = DIRECTION ( 'NONE',  ( -0.000000000000000000, -0.000000000000000000, 1.000000000000000000 ) ) ;
#1809 = CARTESIAN_POINT ( 'NONE',  ( -1.953542047311153107, -0.4285714285709590898, 0.8000000000000007105 ) ) ;
#1810 = CARTESIAN_POINT ( 'NONE',  ( -1.176575538379251107, 2.037888611415568985, -2.776041666666694496 ) ) ;
#1811 = EDGE_CURVE ( 'NONE', #806, #1694, #1624, .T. ) ;
#1812 = CARTESIAN_POINT ( 'NONE',  ( 1.176575538379252439, 2.037888611415568096, -1.536458333333303949 ) ) ;
#1813 = DIRECTION ( 'NONE',  ( -0.000000000000000000, -7.562047915168481387E-57, -1.000000000000000000 ) ) ;
#1814 = CARTESIAN_POINT ( 'NONE',  ( 1.732050807568877637, -1.000000000000001332, -0.2458333333333604098 ) ) ;
#1815 = CARTESIAN_POINT ( 'NONE',  ( -1.892491597964129933E-16, -1.545336663013169298, -0.7124999999999986899 ) ) ;
#1816 = CARTESIAN_POINT ( 'NONE',  ( 0.8922005383792507294, -1.545336663013169742, -4.941666666666666430 ) ) ;
#1817 = CARTESIAN_POINT ( 'NONE',  ( 0.000000000000000000, -7.562047915168480934E-56, -5.000000000000000000 ) ) ;
#1818 = CARTESIAN_POINT ( 'NONE',  ( -0.1228011280726549609, 1.771678787178248671, -4.773657875835010778 ) ) ;
#1819 = FACE_OUTER_BOUND ( 'NONE', #770, .T. ) ;
#1820 = FACE_OUTER_BOUND ( 'NONE', #845, .T. ) ;
#1821 = CARTESIAN_POINT ( 'NONE',  ( -1.764863307568877326, -1.018944305707784048, -3.301041666666695296 ) ) ;
#1822 = CARTESIAN_POINT ( 'NONE',  ( 1.764863307568876660, -1.018944305707785380, -3.111458333333303905 ) ) ;
#1823 = CARTESIAN_POINT ( 'NONE',  ( -1.784401076758502347, 1.092630533523695375E-16, -3.075000000000000178 ) ) ;
#1824 = CARTESIAN_POINT ( 'NONE',  ( -1.892491597964129933E-16, -1.545336663013169298, -5.000000000000000000 ) ) ;
#1825 = CARTESIAN_POINT ( 'NONE',  ( -0.8922005383792511735, 1.545336663013169520, -1.704166666666665497 ) ) ;
#1826 = ORIENTED_EDGE ( 'NONE', *, *, #1650, .T. ) ;
#1827 = VERTEX_POINT ( 'NONE', #1022 ) ;
#1828 = CARTESIAN_POINT ( 'NONE',  ( 0.000000000000000000, 1.545336663013169298, -5.349999999999999645 ) ) ;
#1829 = CYLINDRICAL_SURFACE ( 'NONE', #1423, 3.500000000000000000 ) ;
#1830 = CARTESIAN_POINT ( 'NONE',  ( -1.407367319032092112, -1.327668142743918978, -4.614447692597428485 ) ) ;
#1831 = ADVANCED_FACE ( 'NONE', ( #1404, #2187 ), #1805, .T. ) ;
#1832 = CARTESIAN_POINT ( 'NONE',  ( 0.000000000000000000, 3.500000000000000000, 4.799999999999999822 ) ) ;
#1833 = PRODUCT_DEFINITION ( 'UNKNOWN', '', #1883, #1183 ) ;
#1834 = DIRECTION ( 'NONE',  ( -0.000000000000000000, -7.562047915168481387E-57, -1.000000000000000000 ) ) ;
#1835 = CARTESIAN_POINT ( 'NONE',  ( -2.353151076758502658, 1.440889467031223773E-16, -1.959375000000028511 ) ) ;
#1836 = AXIS2_PLACEMENT_3D ( 'NONE', #9, #1129, #933 ) ;
#1837 = CARTESIAN_POINT ( 'NONE',  ( -1.176575538379251995, -2.037888611415568985, -1.886458333333303594 ) ) ;
#1838 = CARTESIAN_POINT ( 'NONE',  ( -1.892491597964129933E-16, -1.545336663013169298, -2.899999999999999911 ) ) ;
#1839 = CARTESIAN_POINT ( 'NONE',  ( -1.338300807568876927, 0.7726683315065848712, -0.2458333333333322934 ) ) ;
#1840 = VECTOR ( 'NONE', #2368, 1000.000000000000114 ) ;
#1841 = ORIENTED_EDGE ( 'NONE', *, *, #2256, .T. ) ;
#1842 = CARTESIAN_POINT ( 'NONE',  ( -1.338300807568876927, 0.7726683315065848712, -3.133333333333332860 ) ) ;
#1843 = CARTESIAN_POINT ( 'NONE',  ( -2.309401076758504257, 1.414100318299876297E-16, -2.724999999999971667 ) ) ;
#1844 = CARTESIAN_POINT ( 'NONE',  ( -1.878632124668940362, -0.2121984510488434394, -4.658831158179923548 ) ) ;
#1845 = EDGE_CURVE ( 'NONE', #2299, #1827, #674, .T. ) ;
#1846 = CYLINDRICAL_SURFACE ( 'NONE', #1148, 3.500000000000000000 ) ;
#1847 = CARTESIAN_POINT ( 'NONE',  ( 1.154700538379252794, 2.000000000000000000, -2.870833333333360660 ) ) ;
#1848 = CARTESIAN_POINT ( 'NONE',  ( 5.751325091730622394E-16, -1.732050807568877415, 4.870096189432334910 ) ) ;
#1849 = ORIENTED_EDGE ( 'NONE', *, *, #1247, .T. ) ;
#1850 = CARTESIAN_POINT ( 'NONE',  ( -2.495693764988920690E-16, -2.037888611415568985, -1.128124999999970290 ) ) ;
#1851 = CARTESIAN_POINT ( 'NONE',  ( -1.784401076758502347, 1.092630533523695375E-16, -1.674999999999999822 ) ) ;
#1852 = CYLINDRICAL_SURFACE ( 'NONE', #564, 2.000000000000000888 ) ;
#1853 = CARTESIAN_POINT ( 'NONE',  ( -1.338300807568876927, 0.7726683315065848712, -0.9458333333333324155 ) ) ;
#1854 = ORIENTED_EDGE ( 'NONE', *, *, #1893, .F. ) ;
#1855 = CARTESIAN_POINT ( 'NONE',  ( 1.784401076758502347, -3.277891600571085508E-16, -3.424999999999999378 ) ) ;
#1856 = CARTESIAN_POINT ( 'NONE',  ( 1.500000000000000000, -2.095679045568001487E-20, 4.638045381863459049 ) ) ;
#1857 = CARTESIAN_POINT ( 'NONE',  ( 0.000000000000000000, -7.562047915168480934E-56, -5.000000000000000000 ) ) ;
#1858 = CARTESIAN_POINT ( 'NONE',  ( 0.000000000000000000, 2.000000000000000888, -2.112500000000026468 ) ) ;
#1859 =( BOUNDED_CURVE ( )  B_SPLINE_CURVE ( 2, ( #1668, #698, #1483, #507, #1287, #2069, #308 ),
 .UNSPECIFIED., .F., .T. ) 
 B_SPLINE_CURVE_WITH_KNOTS ( ( 3, 2, 2, 3 ),
 ( 0.7571699281526709235, 0.7738365948193375310, 0.7905032614860042495, 0.8045064219653926818 ),
 .UNSPECIFIED. ) 
 CURVE ( )  GEOMETRIC_REPRESENTATION_ITEM ( )  RATIONAL_B_SPLINE_CURVE ( ( 1.000000000000000000, 0.8660254037844387076, 1.000000000000000000, 0.8660254037844387076, 1.000000000000000000, 0.8874359337419333027, 0.9640221895667737684 ) ) 
 REPRESENTATION_ITEM ( '' )  );
#1860 = DIRECTION ( 'NONE',  ( 0.000000000000000000, 1.000000000000000000, 0.000000000000000000 ) ) ;
#1861 = CARTESIAN_POINT ( 'NONE',  ( -2.449293598294707400E-16, -2.000000000000000888, -0.4499999999999718114 ) ) ;
#1862 = CARTESIAN_POINT ( 'NONE',  ( 2.353151076758502658, -4.322668401093671811E-16, -2.353124999999970157 ) ) ;
#1863 = CARTESIAN_POINT ( 'NONE',  ( 0.8922005383792521727, 1.545336663013168854, -1.208333333333333037 ) ) ;
#1864 = CARTESIAN_POINT ( 'NONE',  ( 0.8922005383792521727, 1.545336663013168854, -1.908333333333332993 ) ) ;
#1865 = CARTESIAN_POINT ( 'NONE',  ( -0.8922005383792517286, -1.545336663013168854, -2.170833333333332504 ) ) ;
#1866 = EDGE_LOOP ( 'NONE', ( #48, #824, #799, #870 ) ) ;
#1867 = CARTESIAN_POINT ( 'NONE',  ( -0.8922005383792510624, 1.545336663013169520, -1.791666666666666297 ) ) ;
#1868 = FACE_OUTER_BOUND ( 'NONE', #534, .T. ) ;
#1869 = CARTESIAN_POINT ( 'NONE',  ( -1.689851929774194073, 1.069766542493472583, 0.8000000000000003775 ) ) ;
#1870 = ORIENTED_EDGE ( 'NONE', *, *, #704, .F. ) ;
#1871 = DIRECTION ( 'NONE',  ( -0.000000000000000000, -0.000000000000000000, 1.000000000000000000 ) ) ;
#1872 = CARTESIAN_POINT ( 'NONE',  ( -2.309401076758504257, 1.414100318299876297E-16, -3.424999999999971845 ) ) ;
#1873 = CARTESIAN_POINT ( 'NONE',  ( 0.8922005383792507294, -1.545336663013169742, -3.454166666666665719 ) ) ;
#1874 = ADVANCED_FACE ( 'NONE', ( #2445 ), #857, .T. ) ;
#1875 = CARTESIAN_POINT ( 'NONE',  ( 0.000000000000000000, 1.545336663013169298, -1.149999999999999911 ) ) ;
#1876 = CARTESIAN_POINT ( 'NONE',  ( -0.8922005383792517286, -1.545336663013168854, -2.958333333333333037 ) ) ;
#1877 = LOCAL_TIME ( 12, 53, 28.00000000000000000, #1019 ) ;
#1878 = ORIENTED_EDGE ( 'NONE', *, *, #53, .T. ) ;
#1879 = AXIS2_PLACEMENT_3D ( 'NONE', #802, #1967, #1580 ) ;
#1880 = CARTESIAN_POINT ( 'NONE',  ( 0.8922005383792507294, -1.545336663013169742, -2.841666666666666341 ) ) ;
#1881 = CARTESIAN_POINT ( 'NONE',  ( 1.079032325015215621, -1.277018716365853956, 0.6082839126134234053 ) ) ;
#1882 = DIRECTION ( 'NONE',  ( -0.000000000000000000, -7.562047915168481387E-57, -1.000000000000000000 ) ) ;
#1883 = PRODUCT_DEFINITION_FORMATION_WITH_SPECIFIED_SOURCE ( 'ANY', '', #1132, .NOT_KNOWN. ) ;
#1884 = CARTESIAN_POINT ( 'NONE',  ( 0.000000000000000000, 1.902572142074233197, 0.7437499999999896971 ) ) ;
#1885 = DIRECTION ( 'NONE',  ( -0.000000000000000000, -7.562047915168481387E-57, -1.000000000000000000 ) ) ;
#1886 = CARTESIAN_POINT ( 'NONE',  ( -1.176575538379251107, 2.037888611415568985, 1.380208333333362569 ) ) ;
#1887 = CARTESIAN_POINT ( 'NONE',  ( 0.000000000000000000, 1.545336663013169298, -4.562499999999999112 ) ) ;
#1888 = CARTESIAN_POINT ( 'NONE',  ( -0.8922005383792510624, 1.545336663013169520, -1.091666666666666119 ) ) ;
#1889 = ADVANCED_FACE ( 'NONE', ( #107 ), #1829, .T. ) ;
#1890 = ORIENTED_EDGE ( 'NONE', *, *, #951, .F. ) ;
#1891 = CARTESIAN_POINT ( 'NONE',  ( 1.784401076758502347, -3.277891600571085508E-16, 0.07500000000000039968 ) ) ;
#1892 = CARTESIAN_POINT ( 'NONE',  ( 1.756304862520422727, -0.1089806790821169907, 0.6526632231630141723 ) ) ;
#1893 = EDGE_CURVE ( 'NONE', #881, #2315, #934, .T. ) ;
#1894 = CYLINDRICAL_SURFACE ( 'NONE', #2166, 2.000000000000000888 ) ;
#1895 = CARTESIAN_POINT ( 'NONE',  ( 1.732050807568877637, -1.000000000000001332, -0.9458333333333606152 ) ) ;
#1896 = CARTESIAN_POINT ( 'NONE',  ( 0.8842264778654851387, -1.836064685238206762, 1.721491073676721273 ) ) ;
#1897 = CARTESIAN_POINT ( 'NONE',  ( -1.892491597964129933E-16, -1.545336663013169298, -0.7999999999999994893 ) ) ;
#1898 = CARTESIAN_POINT ( 'NONE',  ( 1.338300807568876483, -0.7726683315065853153, -2.783333333333332771 ) ) ;
#1899 = VERTEX_POINT ( 'NONE', #443 ) ;
#1900 =( BOUNDED_CURVE ( )  B_SPLINE_CURVE ( 2, ( #1703, #2273, #2473, #516, #2074, #1103, #1316 ),
 .UNSPECIFIED., .F., .T. ) 
 B_SPLINE_CURVE_WITH_KNOTS ( ( 3, 2, 2, 3 ),
 ( 0.4000000000000000777, 0.4166666666666667407, 0.4333333333333334036, 0.4500000000000000666 ),
 .UNSPECIFIED. ) 
 CURVE ( )  GEOMETRIC_REPRESENTATION_ITEM ( )  RATIONAL_B_SPLINE_CURVE ( ( 0.9999999999999995559, 0.8660254037844391517, 1.000000000000000000, 0.8660254037844387076, 1.000000000000000000, 0.8660254037844382635, 1.000000000000000444 ) ) 
 REPRESENTATION_ITEM ( '' )  );
#1901 = DIRECTION ( 'NONE',  ( -0.000000000000000000, -7.562047915168481387E-57, -1.000000000000000000 ) ) ;
#1902 = CARTESIAN_POINT ( 'NONE',  ( 1.338300807568876483, -0.7726683315065853153, 0.7166666666666666741 ) ) ;
#1903 = CARTESIAN_POINT ( 'NONE',  ( 1.861954618136542727, 3.781023957584240920E-56, 5.000000000000000000 ) ) ;
#1904 =( NAMED_UNIT ( * ) PLANE_ANGLE_UNIT ( ) SI_UNIT ( $, .RADIAN. ) );
#1905 = ADVANCED_FACE ( 'NONE', ( #2060 ), #458, .T. ) ;
#1906 = ORIENTED_EDGE ( 'NONE', *, *, #844, .F. ) ;
#1907 = CARTESIAN_POINT ( 'NONE',  ( 1.166193027847816071E-11, -1.752363885845930280, -4.792972777167239684 ) ) ;
#1908 = CARTESIAN_POINT ( 'NONE',  ( -0.5686687670246904913, -1.464927586335217802, 0.5485623289093406463 ) ) ;
#1909 = CARTESIAN_POINT ( 'NONE',  ( 1.338300807568876483, -0.7726683315065853153, -4.795833333333332504 ) ) ;
#1910 = CARTESIAN_POINT ( 'NONE',  ( -0.8922005383792510624, 1.545336663013169520, -4.504166666666665542 ) ) ;
#1911 = CARTESIAN_POINT ( 'NONE',  ( -1.338300807568876927, 0.7726683315065848712, -3.133333333333332860 ) ) ;
#1912 = VERTEX_POINT ( 'NONE', #1631 ) ;
#1913 = ORIENTED_EDGE ( 'NONE', *, *, #1701, .F. ) ;
#1914 = LINE ( 'NONE', #1662, #571 ) ;
#1915 = CARTESIAN_POINT ( 'NONE',  ( 1.784401076758502347, -3.277891600571085508E-16, -2.724999999999999645 ) ) ;
#1916 = CARTESIAN_POINT ( 'NONE',  ( 0.8865176126690370584, -1.401159054982051844, 0.6003020398223574139 ) ) ;
#1917 = CARTESIAN_POINT ( 'NONE',  ( 0.000000000000000000, 2.000000000000000888, -1.412500000000026956 ) ) ;
#1918 =( BOUNDED_CURVE ( )  B_SPLINE_CURVE ( 2, ( #1553, #2062, #1709, #2489, #1746, #1736, #2131 ),
 .UNSPECIFIED., .F., .F. ) 
 B_SPLINE_CURVE_WITH_KNOTS ( ( 3, 2, 2, 3 ),
 ( 0.3500000000000000333, 0.3666666666666666963, 0.3833333333333334147, 0.4000000000000000777 ),
 .UNSPECIFIED. ) 
 CURVE ( )  GEOMETRIC_REPRESENTATION_ITEM ( )  RATIONAL_B_SPLINE_CURVE ( ( 0.9999999999999995559, 0.8660254037844391517, 1.000000000000000000, 0.8660254037844387076, 1.000000000000000000, 0.8660254037844382635, 1.000000000000000444 ) ) 
 REPRESENTATION_ITEM ( '' )  );
#1919 = ORIENTED_EDGE ( 'NONE', *, *, #258, .F. ) ;
#1920 = EDGE_CURVE ( 'NONE', #297, #1471, #706, .T. ) ;
#1921 = AXIS2_PLACEMENT_3D ( 'NONE', #2272, #1292, #343 ) ;
#1922 = LINE ( 'NONE', #2281, #1104 ) ;
#1923 = B_SPLINE_CURVE_WITH_KNOTS ( 'NONE', 3,
 ( #529, #936, #755, #1705, #2090, #2486 ),
 .UNSPECIFIED., .F., .F.,
 ( 4, 2, 4 ),
 ( 0.0009188203661060445572, 0.001367692083753643123, 0.001816563801401241580 ),
 .UNSPECIFIED. ) ;
#1924 = CARTESIAN_POINT ( 'NONE',  ( 1.176575538379252439, 2.037888611415568096, 1.263541666666695651 ) ) ;
#1925 = DIRECTION ( 'NONE',  ( -0.000000000000000000, -7.562047915168481387E-57, -1.000000000000000000 ) ) ;
#1926 = CARTESIAN_POINT ( 'NONE',  ( -1.176575538379251107, 2.037888611415568985, -4.176041666666694852 ) ) ;
#1927 = VERTEX_POINT ( 'NONE', #1072 ) ;
#1928 = CARTESIAN_POINT ( 'NONE',  ( 1.500000000000000000, -0.8660254037844384856, -3.582575694955841161 ) ) ;
#1929 = CARTESIAN_POINT ( 'NONE',  ( 0.3527281774877110698, -1.545336663013169520, 1.323061867224186505 ) ) ;
#1930 = CARTESIAN_POINT ( 'NONE',  ( 0.000000000000000000, 2.000000000000000888, -0.7999999999999722888 ) ) ;
#1931 = CARTESIAN_POINT ( 'NONE',  ( 2.571758278209444422E-16, -2.000000000000001776, 0.8000000000000003775 ) ) ;
#1932 = EDGE_LOOP ( 'NONE', ( #384, #675, #377, #1707 ) ) ;
#1933 = CARTESIAN_POINT ( 'NONE',  ( 1.649067924041833999, -0.1286264408572422302, -4.894804415986084400 ) ) ;
#1934 = CARTESIAN_POINT ( 'NONE',  ( -0.8922005383792510624, 1.545336663013169520, -0.3041666666666653085 ) ) ;
#1935 = CARTESIAN_POINT ( 'NONE',  ( 1.338300807568877593, 0.7726683315065835389, 0.1333333333333333870 ) ) ;
#1936 = CARTESIAN_POINT ( 'NONE',  ( -1.764863307568877104, 1.018944305707784714, -4.817708333333361459 ) ) ;
#1937 = APPROVAL ( #1402, 'UNSPECIFIED' ) ;
#1938 = ORIENTED_EDGE ( 'NONE', *, *, #2075, .F. ) ;
#1939 = CARTESIAN_POINT ( 'NONE',  ( 1.154700538379254571, -1.999999999999996003, -3.891666666666637298 ) ) ;
#1940 = CARTESIAN_POINT ( 'NONE',  ( 0.000000000000000000, -1.545336663013169298, -5.000000000000001776 ) ) ;
#1941 = CARTESIAN_POINT ( 'NONE',  ( 1.784401076758502347, -3.277891600571085508E-16, -4.737499999999998934 ) ) ;
#1942 = MANIFOLD_SOLID_BREP ( 'Revolve2', #1020 ) ;
#1943 = CARTESIAN_POINT ( 'NONE',  ( 1.338300807568877593, 0.7726683315065835389, -0.4791666666666659635 ) ) ;
#1944 = ORIENTED_EDGE ( 'NONE', *, *, #400, .F. ) ;
#1945 = LINE ( 'NONE', #1182, #939 ) ;
#1946 = CARTESIAN_POINT ( 'NONE',  ( -1.892491597964129933E-16, -1.545336663013169298, -1.412499999999998757 ) ) ;
#1947 = CARTESIAN_POINT ( 'NONE',  ( 1.784401076758502347, -3.277891600571085508E-16, -4.037499999999999645 ) ) ;
#1948 = CARTESIAN_POINT ( 'NONE',  ( 2.353151076758502658, -4.322668401093671811E-16, -3.709375000000028511 ) ) ;
#1949 = ORIENTED_EDGE ( 'NONE', *, *, #1454, .F. ) ;
#1950 = ADVANCED_FACE ( 'NONE', ( #1868 ), #31, .T. ) ;
#1951 = CARTESIAN_POINT ( 'NONE',  ( -1.176575538379251107, 2.037888611415568985, -4.219791666666637298 ) ) ;
#1952 = DIRECTION ( 'NONE',  ( 0.000000000000000000, 1.000000000000000000, 0.000000000000000000 ) ) ;
#1953 = CARTESIAN_POINT ( 'NONE',  ( -1.338300807568876927, 0.7726683315065848712, 1.066666666666667096 ) ) ;
#1954 = CARTESIAN_POINT ( 'NONE',  ( 0.8922005383792521727, 1.545336663013168854, -4.620833333333332682 ) ) ;
#1955 = COORDINATED_UNIVERSAL_TIME_OFFSET ( 6, 0, .BEHIND. ) ;
#1956 = CARTESIAN_POINT ( 'NONE',  ( -0.8922005383792510624, 1.545336663013169520, -0.3041666666666653085 ) ) ;
#1957 = CARTESIAN_POINT ( 'NONE',  ( -0.6997034918874950327, -1.396544437960175911, 0.5430809269159262431 ) ) ;
#1958 = VECTOR ( 'NONE', #944, 1000.000000000000000 ) ;
#1959 = ORIENTED_EDGE ( 'NONE', *, *, #2372, .F. ) ;
#1960 = CARTESIAN_POINT ( 'NONE',  ( 1.608622363692299828, -0.3414859860383495649, -4.904432794190676681 ) ) ;
#1961 = CIRCLE ( 'NONE', #736, 0.1999999999999998723 ) ;
#1962 = CARTESIAN_POINT ( 'NONE',  ( 1.338300807568876483, -0.7726683315065853153, 0.1041666666666673374 ) ) ;
#1963 = CARTESIAN_POINT ( 'NONE',  ( 2.353151076758502658, -4.322668401093671811E-16, -5.109375000000028422 ) ) ;
#1964 = TOROIDAL_SURFACE ( 'NONE', #1433, 2.200000000000001954, 0.1999999999999998723 ) ;
#1965 = CARTESIAN_POINT ( 'NONE',  ( -0.4852960034456633154, 1.451865029342874092, 4.662699326111870768 ) ) ;
#1966 = CARTESIAN_POINT ( 'NONE',  ( 1.674372818504974658, -1.099901207537082870, -4.539160903772968325 ) ) ;
#1967 = DIRECTION ( 'NONE',  ( -0.000000000000000000, -7.562047915168481387E-57, -1.000000000000000000 ) ) ;
#1968 = CARTESIAN_POINT ( 'NONE',  ( 0.8922005383792508404, -1.545336663013169742, -3.454166666666665719 ) ) ;
#1969 = APPROVAL_STATUS ( 'not_yet_approved' ) ;
#1970 = CARTESIAN_POINT ( 'NONE',  ( -0.8922005383792510624, 1.545336663013169520, -3.104166666666665630 ) ) ;
#1971 = CARTESIAN_POINT ( 'NONE',  ( 1.293444672199229517E-11, -1.599463250750404297, 0.5687500000004053202 ) ) ;
#1972 = ADVANCED_FACE ( 'NONE', ( #2239 ), #1280, .T. ) ;
#1973 = VERTEX_POINT ( 'NONE', #1059 ) ;
#1974 = CARTESIAN_POINT ( 'NONE',  ( 0.8261157347643207638, 1.526450242585731143, -4.813038028953243064 ) ) ;
#1975 = CARTESIAN_POINT ( 'NONE',  ( -0.8922005383792517286, -1.545336663013168854, 0.6291666666666676511 ) ) ;
#1976 = CARTESIAN_POINT ( 'NONE',  ( -0.8922005383792517286, -1.545336663013168854, 0.5416666666666668517 ) ) ;
#1977 = CARTESIAN_POINT ( 'NONE',  ( -1.764863307568877104, 1.018944305707784714, -3.461458333333303994 ) ) ;
#1978 = FACE_OUTER_BOUND ( 'NONE', #2150, .T. ) ;
#1979 = CARTESIAN_POINT ( 'NONE',  ( -1.892491597964129933E-16, -1.545336663013169298, 1.300000000000000044 ) ) ;
#1980 = CARTESIAN_POINT ( 'NONE',  ( -1.338300807568876927, 0.7726683315065848712, -4.445833333333331971 ) ) ;
#1981 = PERSON_AND_ORGANIZATION_ROLE ( 'creator' ) ;
#1982 = CARTESIAN_POINT ( 'NONE',  ( 0.8922005383792507294, -1.545336663013169742, -2.054166666666665808 ) ) ;
#1983 = CARTESIAN_POINT ( 'NONE',  ( 0.000000000000000000, -3.176060124370761594E-56, 0.8000000000000003775 ) ) ;
#1984 = EDGE_CURVE ( 'NONE', #1775, #1912, #1498, .T. ) ;
#1985 = EDGE_LOOP ( 'NONE', ( #954, #986, #336, #919 ) ) ;
#1986 = CARTESIAN_POINT ( 'NONE',  ( 0.4316687861656606229, -1.507532294141390672, -4.980966035469823083 ) ) ;
#1987 =( BOUNDED_CURVE ( )  B_SPLINE_CURVE ( 2, ( #1858, #942, #886, #758, #1475, #177, #500 ),
 .UNSPECIFIED., .F., .F. ) 
 B_SPLINE_CURVE_WITH_KNOTS ( ( 3, 2, 2, 3 ),
 ( 0.4571699281526708791, 0.4738365948193375421, 0.4905032614860042051, 0.5071699281526709235 ),
 .UNSPECIFIED. ) 
 CURVE ( )  GEOMETRIC_REPRESENTATION_ITEM ( )  RATIONAL_B_SPLINE_CURVE ( ( 1.000000000000000000, 0.8660254037844387076, 1.000000000000000000, 0.8660254037844387076, 1.000000000000000000, 0.8660254037844387076, 1.000000000000000000 ) ) 
 REPRESENTATION_ITEM ( '' )  );
#1988 = CARTESIAN_POINT ( 'NONE',  ( 1.784401076758502347, -3.277891600571085508E-16, -2.637499999999998845 ) ) ;
#1989 = CARTESIAN_POINT ( 'NONE',  ( 1.764863307568877993, 1.018944305707782938, -1.551041666666695296 ) ) ;
#1990 = CARTESIAN_POINT ( 'NONE',  ( -0.8922005383792510624, 1.545336663013169520, -3.891666666666666607 ) ) ;
#1991 = CARTESIAN_POINT ( 'NONE',  ( -2.449293598294707400E-16, -2.000000000000000888, 0.2500000000000283107 ) ) ;
#1992 = APPROVAL_DATE_TIME ( #630, #232 ) ;
#1993 = CARTESIAN_POINT ( 'NONE',  ( 1.784401076758502347, -3.277891600571085508E-16, -1.937499999999999112 ) ) ;
#1994 = CARTESIAN_POINT ( 'NONE',  ( 0.000000000000000000, -3.176060124370761594E-56, 0.8000000000000003775 ) ) ;
#1995 = PLANE ( 'NONE',  #1272 ) ;
#1996 =( BOUNDED_CURVE ( )  B_SPLINE_CURVE ( 2, ( #1566, #2374, #615, #203, #1400, #428, #1214 ),
 .UNSPECIFIED., .F., .T. ) 
 B_SPLINE_CURVE_WITH_KNOTS ( ( 3, 2, 2, 3 ),
 ( 0.05716992815267085692, 0.07383659481933757540, 0.09050326148600418286, 0.1071699281526709013 ),
 .UNSPECIFIED. ) 
 CURVE ( )  GEOMETRIC_REPRESENTATION_ITEM ( )  RATIONAL_B_SPLINE_CURVE ( ( 1.000000000000000000, 0.8660254037844387076, 1.000000000000000000, 0.8660254037844387076, 1.000000000000000000, 0.8660254037844387076, 1.000000000000000000 ) ) 
 REPRESENTATION_ITEM ( '' )  );
#1997 = CIRCLE ( 'NONE', #2366, 3.299999999999999822 ) ;
#1998 = CARTESIAN_POINT ( 'NONE',  ( 0.3527217521782781140, -1.545336663013169520, 1.410561447128366952 ) ) ;
#1999 = CARTESIAN_POINT ( 'NONE',  ( 1.176575538379252439, 2.037888611415568096, -1.492708333333361503 ) ) ;
#2000 = ADVANCED_FACE ( 'NONE', ( #498 ), #884, .F. ) ;
#2001 = CARTESIAN_POINT ( 'NONE',  ( -1.764863307568877104, 1.018944305707784714, -4.161458333333303727 ) ) ;
#2003 = CARTESIAN_POINT ( 'NONE',  ( 1.605591327059690432, -1.192508486540329260, -4.545336663013168632 ) ) ;
#2002 = LOCAL_TIME ( 12, 53, 28.00000000000000000, #583 ) ;
#2004 = VECTOR ( 'NONE', #1871, 1000.000000000000000 ) ;
#2005 = DIRECTION ( 'NONE',  ( 0.000000000000000000, -1.000000000000000000, 7.562047915168481387E-57 ) ) ;
#2006 = DIRECTION ( 'NONE',  ( 0.000000000000000000, 1.000000000000000000, 0.000000000000000000 ) ) ;
#2007 = ORIENTED_EDGE ( 'NONE', *, *, #161, .F. ) ;
#2008 = ORIENTED_EDGE ( 'NONE', *, *, #2535, .F. ) ;
#2009 = CARTESIAN_POINT ( 'NONE',  ( -1.892491597964129933E-16, -1.545336663013169298, -4.299999999999999822 ) ) ;
#2010 = DIRECTION ( 'NONE',  ( 0.000000000000000000, 1.000000000000000000, 0.000000000000000000 ) ) ;
#2011 = DIRECTION ( 'NONE',  ( 0.000000000000000000, -0.8660254037844363761, 0.5000000000000039968 ) ) ;
#2012 = DIRECTION ( 'NONE',  ( -0.000000000000000000, -7.562047915168481387E-57, -1.000000000000000000 ) ) ;
#2013 = CARTESIAN_POINT ( 'NONE',  ( -1.176575538379251107, 2.037888611415568985, -2.076041666666694763 ) ) ;
#2014 = ADVANCED_BREP_SHAPE_REPRESENTATION ( '91290A139_Black-Oxide Alloy Steel Socket Head Screw', ( #1942, #1347 ), #863 ) ;
#2015 = CARTESIAN_POINT ( 'NONE',  ( -1.764863307568877326, -1.018944305707784048, -1.944791666666637164 ) ) ;
#2016 = EDGE_CURVE ( 'NONE', #175, #396, #121, .T. ) ;
#2017 = CARTESIAN_POINT ( 'NONE',  ( 1.338300807568876483, -0.7726683315065853153, -3.483333333333332948 ) ) ;
#2018 = CARTESIAN_POINT ( 'NONE',  ( 0.000000000000000000, -7.562047915168480934E-56, -5.000000000000000000 ) ) ;
#2019 = CARTESIAN_POINT ( 'NONE',  ( -0.8922005383792511735, 1.545336663013169520, 0.3958333333333339810 ) ) ;
#2020 = ORIENTED_EDGE ( 'NONE', *, *, #2016, .T. ) ;
#2021 = ORIENTED_EDGE ( 'NONE', *, *, #1339, .T. ) ;
#2022 = ORIENTED_EDGE ( 'NONE', *, *, #1126, .F. ) ;
#2023 = CARTESIAN_POINT ( 'NONE',  ( -1.784401076758502347, 1.092630533523695498E-16, 1.212500000000001021 ) ) ;
#2024 = CARTESIAN_POINT ( 'NONE',  ( -1.732050807568878303, -1.000000000000000000, -2.666666666666638985 ) ) ;
#2025 = CARTESIAN_POINT ( 'NONE',  ( -0.2450979030590700602, 1.763676809032068249, -4.768993670617899916 ) ) ;
#2026 = LINE ( 'NONE', #1832, #367 ) ;
#2027 = CARTESIAN_POINT ( 'NONE',  ( 1.732050807568878970, 0.9999999999999988898, -0.9166666666666390961 ) ) ;
#2028 = CARTESIAN_POINT ( 'NONE',  ( -1.176575538379251995, -2.037888611415568985, -2.542708333333361992 ) ) ;
#2029 = CARTESIAN_POINT ( 'NONE',  ( -1.764863307568877104, 1.018944305707784714, -1.361458333333303905 ) ) ;
#2030 = CARTESIAN_POINT ( 'NONE',  ( 1.338300807568877593, 0.7726683315065835389, -3.366666666666666252 ) ) ;
#2031 = CARTESIAN_POINT ( 'NONE',  ( 0.000000000000000000, 1.545336663013169298, -3.949999999999999734 ) ) ;
#2032 = CARTESIAN_POINT ( 'NONE',  ( 1.784401076758502347, -3.277891600571085508E-16, -1.937499999999999112 ) ) ;
#2033 = EDGE_CURVE ( 'NONE', #1684, #1070, #1751, .T. ) ;
#2034 = ORIENTED_EDGE ( 'NONE', *, *, #243, .F. ) ;
#2035 = CARTESIAN_POINT ( 'NONE',  ( -0.8922005383792510624, 1.545336663013169520, -3.191666666666666430 ) ) ;
#2036 = FACE_OUTER_BOUND ( 'NONE', #946, .T. ) ;
#2037 = LINE ( 'NONE', #83, #159 ) ;
#2038 = CARTESIAN_POINT ( 'NONE',  ( -2.449293598294707400E-16, -2.000000000000000888, -3.249999999999972022 ) ) ;
#2039 = CARTESIAN_POINT ( 'NONE',  ( 1.764863307568877993, 1.018944305707782938, -0.8510416666666952290 ) ) ;
#2040 = CARTESIAN_POINT ( 'NONE',  ( -1.176575538379251995, -2.037888611415568985, -1.186458333333303639 ) ) ;
#2041 = CARTESIAN_POINT ( 'NONE',  ( -1.784401076758502347, 1.092630533523695375E-16, -2.375000000000000444 ) ) ;
#2042 = CARTESIAN_POINT ( 'NONE',  ( 1.154700538379251240, -2.000000000000001332, -0.3041666666666933416 ) ) ;
#2043 = CARTESIAN_POINT ( 'NONE',  ( 0.000000000000000000, 1.545336663013169298, -1.762499999999998845 ) ) ;
#2044 = CONICAL_SURFACE ( 'NONE', #2369, 3.500000000000000000, 0.7853981633974472798 ) ;
#2045 = ORIENTED_EDGE ( 'NONE', *, *, #1559, .T. ) ;
#2046 = CARTESIAN_POINT ( 'NONE',  ( -1.892491597964129933E-16, -1.545336663013169298, 1.387500000000000622 ) ) ;
#2047 = CARTESIAN_POINT ( 'NONE',  ( 1.500000000000000000, -0.5973773716075508888, 4.735772173343888447 ) ) ;
#2048 = CYLINDRICAL_SURFACE ( 'NONE', #33, 2.000000000000000888 ) ;
#2049 = ORIENTED_EDGE ( 'NONE', *, *, #2236, .T. ) ;
#2050 = CARTESIAN_POINT ( 'NONE',  ( -1.499999999999999778, -0.5973773716075509999, 4.735772173343888447 ) ) ;
#2051 = CARTESIAN_POINT ( 'NONE',  ( -2.449293598294707400E-16, -2.000000000000000888, -2.462500000000026557 ) ) ;
#2052 = CARTESIAN_POINT ( 'NONE',  ( 0.6162907893786166991, -1.376235154422046136, 4.638370359032660595 ) ) ;
#2053 =( BOUNDED_CURVE ( )  B_SPLINE_CURVE ( 2, ( #661, #885, #1474, #2401, #82, #1281, #897 ),
 .UNSPECIFIED., .F., .T. ) 
 B_SPLINE_CURVE_WITH_KNOTS ( ( 3, 2, 2, 3 ),
 ( 0.6571699281526708347, 0.6738365948193375532, 0.6905032614860042717, 0.7071699281526708791 ),
 .UNSPECIFIED. ) 
 CURVE ( )  GEOMETRIC_REPRESENTATION_ITEM ( )  RATIONAL_B_SPLINE_CURVE ( ( 1.000000000000000000, 0.8660254037844387076, 1.000000000000000000, 0.8660254037844387076, 1.000000000000000000, 0.8660254037844387076, 1.000000000000000000 ) ) 
 REPRESENTATION_ITEM ( '' )  );
#2054 = CARTESIAN_POINT ( 'NONE',  ( 1.764863307568877993, 1.018944305707782938, -2.994791666666636765 ) ) ;
#2055 = CARTESIAN_POINT ( 'NONE',  ( 1.338300807568877593, 0.7726683315065835389, -1.266666666666666829 ) ) ;
#2056 = CARTESIAN_POINT ( 'NONE',  ( 0.8922005383792507294, -1.545336663013169742, -1.441666666666666430 ) ) ;
#2057 = CARTESIAN_POINT ( 'NONE',  ( -1.892491597964129933E-16, -1.545336663013169298, -0.01249999999999862332 ) ) ;
#2058 = EDGE_LOOP ( 'NONE', ( #658, #2367, #259, #2322 ) ) ;
#2059 = CARTESIAN_POINT ( 'NONE',  ( 0.8922005383792507294, -1.545336663013169742, 0.7458333333333344584 ) ) ;
#2060 = FACE_OUTER_BOUND ( 'NONE', #129, .T. ) ;
#2061 = CARTESIAN_POINT ( 'NONE',  ( -4.661927398062823226E-14, -1.989118880364043607, -4.556217782649124359 ) ) ;
#2062 = CARTESIAN_POINT ( 'NONE',  ( 1.154700538379253461, -1.999999999999997335, -2.491666666666638275 ) ) ;
#2063 = EDGE_CURVE ( 'NONE', #2227, #2155, #2079, .T. ) ;
#2064 = DIRECTION ( 'NONE',  ( 0.000000000000000000, 1.000000000000000000, 0.000000000000000000 ) ) ;
#2065 = CARTESIAN_POINT ( 'NONE',  ( -1.732050807568878081, 1.000000000000000666, -3.483333333333305415 ) ) ;
#2066 = CARTESIAN_POINT ( 'NONE',  ( -1.176575538379251107, 2.037888611415568985, -2.119791666666637209 ) ) ;
#2067 = CARTESIAN_POINT ( 'NONE',  ( -0.8922005383792517286, -1.545336663013168854, -2.258333333333333304 ) ) ;
#2068 = CARTESIAN_POINT ( 'NONE',  ( 1.338300807568876483, -0.7726683315065853153, -0.6833333333333335702 ) ) ;
#2069 = CARTESIAN_POINT ( 'NONE',  ( 1.258670365771465516, -1.819918976502518992, -4.493661940296007629 ) ) ;
#2070 = ORIENTED_EDGE ( 'NONE', *, *, #2355, .F. ) ;
#2071 = CARTESIAN_POINT ( 'NONE',  ( -1.338300807568877149, -0.7726683315065843161, -0.9166666666666662966 ) ) ;
#2072 = CARTESIAN_POINT ( 'NONE',  ( -1.815913897493424800, -0.5739363260019746393, -4.644815816490440064 ) ) ;
#2073 = CARTESIAN_POINT ( 'NONE',  ( 0.000000000000000000, -3.024819166067392102E-56, 1.000000000000000000 ) ) ;
#2074 = CARTESIAN_POINT ( 'NONE',  ( -1.732050807568878303, -1.000000000000000000, -1.966666666666638807 ) ) ;
#2075 = EDGE_CURVE ( 'NONE', #270, #1288, #714, .T. ) ;
#2076 = CARTESIAN_POINT ( 'NONE',  ( -0.8922005383792510624, 1.545336663013169520, -4.504166666666665542 ) ) ;
#2077 = CARTESIAN_POINT ( 'NONE',  ( 1.784401076758502347, -3.277891600571085508E-16, -0.6249999999999996669 ) ) ;
#2078 = CARTESIAN_POINT ( 'NONE',  ( -1.784401076758502347, 1.092630533523695498E-16, -0.2750000000000000777 ) ) ;
#2079 = CIRCLE ( 'NONE', #972, 1.861954618136542727 ) ;
#2080 = ORIENTED_EDGE ( 'NONE', *, *, #906, .F. ) ;
#2081 =( BOUNDED_CURVE ( )  B_SPLINE_CURVE ( 2, ( #2051, #691, #2190, #947, #899, #1702, #1509 ),
 .UNSPECIFIED., .F., .F. ) 
 B_SPLINE_CURVE_WITH_KNOTS ( ( 3, 2, 2, 3 ),
 ( 0.5071699281526709235, 0.5238365948193375310, 0.5405032614860041384, 0.5571699281526708569 ),
 .UNSPECIFIED. ) 
 CURVE ( )  GEOMETRIC_REPRESENTATION_ITEM ( )  RATIONAL_B_SPLINE_CURVE ( ( 1.000000000000000000, 0.8660254037844387076, 1.000000000000000000, 0.8660254037844387076, 1.000000000000000000, 0.8660254037844387076, 1.000000000000000000 ) ) 
 REPRESENTATION_ITEM ( '' )  );
#2082 = CARTESIAN_POINT ( 'NONE',  ( 0.8922005383792507294, -1.545336663013169742, -0.04166666666666641455 ) ) ;
#2083 = CARTESIAN_POINT ( 'NONE',  ( -2.449293598294707400E-16, -2.000000000000000888, -0.4499999999999718114 ) ) ;
#2084 =( LENGTH_UNIT ( ) NAMED_UNIT ( * ) SI_UNIT ( .MILLI., .METRE. ) );
#2085 = ORGANIZATION ( 'UNSPECIFIED', 'UNSPECIFIED', '' ) ;
#2086 = AXIS2_PLACEMENT_3D ( 'NONE', #1517, #379, #738 ) ;
#2087 = LINE ( 'NONE', #1088, #2004 ) ;
#2088 = CARTESIAN_POINT ( 'NONE',  ( 0.000000000000000000, 2.000000000000000888, -0.09999999999997215283 ) ) ;
#2089 = CARTESIAN_POINT ( 'NONE',  ( 0.000000000000000000, 1.545336663013169298, -4.562499999999999112 ) ) ;
#2090 = CARTESIAN_POINT ( 'NONE',  ( -1.499999999999999778, 0.1522638590145232174, 4.638045381863458161 ) ) ;
#2091 = CARTESIAN_POINT ( 'NONE',  ( -0.8922005383792510624, 1.545336663013169520, -3.191666666666666430 ) ) ;
#2092 = EDGE_CURVE ( 'NONE', #2500, #469, #2468, .T. ) ;
#2093 = VERTEX_POINT ( 'NONE', #2083 ) ;
#2094 = CARTESIAN_POINT ( 'NONE',  ( -1.338300807568877149, -0.7726683315065843161, 0.4833333333333338921 ) ) ;
#2095 = CARTESIAN_POINT ( 'NONE',  ( -1.732050807568878081, 1.000000000000000666, -0.6833333333333054815 ) ) ;
#2096 = CARTESIAN_POINT ( 'NONE',  ( -1.732050807568878081, 1.000000000000000666, -0.5958333333333599713 ) ) ;
#2097 = EDGE_LOOP ( 'NONE', ( #1575, #1311, #253, #2363, #1299, #1074 ) ) ;
#2098 = ORIENTED_EDGE ( 'NONE', *, *, #2283, .F. ) ;
#2099 = LINE ( 'NONE', #330, #2539 ) ;
#2100 = LINE ( 'NONE', #290, #2325 ) ;
#2101 = CARTESIAN_POINT ( 'NONE',  ( -0.8922005383792510624, 1.545336663013169520, -3.104166666666665630 ) ) ;
#2102 = CYLINDRICAL_SURFACE ( 'NONE', #1302, 2.000000000000000888 ) ;
#2103 = CARTESIAN_POINT ( 'NONE',  ( 1.338300807568876483, -0.7726683315065853153, -1.383333333333332860 ) ) ;
#2104 = ORIENTED_EDGE ( 'NONE', *, *, #1247, .F. ) ;
#2105 = ORIENTED_EDGE ( 'NONE', *, *, #2153, .T. ) ;
#2106 = FACE_OUTER_BOUND ( 'NONE', #2488, .T. ) ;
#2107 = CARTESIAN_POINT ( 'NONE',  ( 1.338300807568877593, 0.7726683315065835389, -1.266666666666666829 ) ) ;
#2108 = CARTESIAN_POINT ( 'NONE',  ( 1.413575771352699295, -0.9617613090950465349, 0.6235646902571914119 ) ) ;
#2109 = CARTESIAN_POINT ( 'NONE',  ( 4.286263797015736595E-16, -3.500000000000000000, -5.000000000000000000 ) ) ;
#2110 = EDGE_LOOP ( 'NONE', ( #746, #1320, #996, #1807 ) ) ;
#2111 = CARTESIAN_POINT ( 'NONE',  ( 4.286263797015736595E-16, 3.500000000000000000, 1.199999999999999734 ) ) ;
#2112 = DIRECTION ( 'NONE',  ( -0.000000000000000000, -7.562047915168481387E-57, -1.000000000000000000 ) ) ;
#2113 = CARTESIAN_POINT ( 'NONE',  ( -1.892491597964129933E-16, -1.545336663013169298, -4.212499999999999467 ) ) ;
#2114 = CARTESIAN_POINT ( 'NONE',  ( 0.8922005383792507294, -1.545336663013169742, -4.854166666666664298 ) ) ;
#2115 = CARTESIAN_POINT ( 'NONE',  ( -2.495693764988920690E-16, -2.037888611415568985, -4.584375000000028955 ) ) ;
#2116 =( BOUNDED_CURVE ( )  B_SPLINE_CURVE ( 2, ( #1869, #1507, #2290 ),
 .UNSPECIFIED., .F., .F. ) 
 B_SPLINE_CURVE_WITH_KNOTS ( ( 3, 3 ),
 ( 0.04117917664526260513, 0.05716992815267085692 ),
 .UNSPECIFIED. ) 
 CURVE ( )  GEOMETRIC_REPRESENTATION_ITEM ( )  RATIONAL_B_SPLINE_CURVE ( ( 0.9895740409569093732, 0.8714587314166956089, 1.000000000000000000 ) ) 
 REPRESENTATION_ITEM ( '' )  );
#2117 = ORIENTED_EDGE ( 'NONE', *, *, #1574, .F. ) ;
#2118 = CARTESIAN_POINT ( 'NONE',  ( 0.000000000000000000, -3.299999999999999822, 1.000000000000000000 ) ) ;
#2119 = CARTESIAN_POINT ( 'NONE',  ( -1.338300807568877149, -0.7726683315065843161, -2.316666666666666430 ) ) ;
#2120 = CARTESIAN_POINT ( 'NONE',  ( 1.712716132974131389, -0.3404184744872379431, 0.6448336076455335464 ) ) ;
#2121 = ADVANCED_FACE ( 'NONE', ( #536 ), #2420, .T. ) ;
#2122 = AXIS2_PLACEMENT_3D ( 'NONE', #165, #1282, #2064 ) ;
#2123 = ORIENTED_EDGE ( 'NONE', *, *, #546, .T. ) ;
#2124 = DIRECTION ( 'NONE',  ( 0.000000000000000000, 1.000000000000000000, -7.562047915168481387E-57 ) ) ;
#2125 = CARTESIAN_POINT ( 'NONE',  ( 0.8922005383792521727, 1.545336663013168854, -3.920833333333332948 ) ) ;
#2126 = FACE_OUTER_BOUND ( 'NONE', #916, .T. ) ;
#2127 = CARTESIAN_POINT ( 'NONE',  ( 1.338300807568876483, -0.7726683315065853153, 0.7166666666666666741 ) ) ;
#2128 = ORIENTED_EDGE ( 'NONE', *, *, #665, .F. ) ;
#2129 = ORIENTED_EDGE ( 'NONE', *, *, #890, .F. ) ;
#2130 = ORIENTED_EDGE ( 'NONE', *, *, #527, .T. ) ;
#2131 = CARTESIAN_POINT ( 'NONE',  ( 0.000000000000000000, 2.000000000000000888, -2.199999999999971756 ) ) ;
#2132 = CYLINDRICAL_SURFACE ( 'NONE', #1057, 2.000000000000000888 ) ;
#2133 = CARTESIAN_POINT ( 'NONE',  ( -2.449293598294707400E-16, -2.000000000000000888, -1.149999999999971712 ) ) ;
#2134 = EDGE_LOOP ( 'NONE', ( #1572, #2257, #737 ) ) ;
#2135 = CARTESIAN_POINT ( 'NONE',  ( 0.000000000000000000, 1.545336663013169298, -1.762499999999998845 ) ) ;
#2136 = ORIENTED_EDGE ( 'NONE', *, *, #2403, .F. ) ;
#2137 = CARTESIAN_POINT ( 'NONE',  ( 1.004382025050212013, 1.404210840422614126, -4.822277655359918924 ) ) ;
#2138 = EDGE_CURVE ( 'NONE', #44, #2093, #2289, .T. ) ;
#2139 = CARTESIAN_POINT ( 'NONE',  ( 1.338300807568877593, 0.7726683315065835389, -0.4791666666666659635 ) ) ;
#2140 = CARTESIAN_POINT ( 'NONE',  ( -0.8922005383792517286, -1.545336663013168854, -3.570833333333331971 ) ) ;
#2141 = CARTESIAN_POINT ( 'NONE',  ( 1.764863307568876660, -1.018944305707785380, -3.767708333333361637 ) ) ;
#2142 = CARTESIAN_POINT ( 'NONE',  ( -2.353151076758502658, 1.440889467031223773E-16, -4.103124999999970157 ) ) ;
#2143 = CARTESIAN_POINT ( 'NONE',  ( 1.154700538379250796, 2.000000000000004441, -3.658333333333305681 ) ) ;
#2144 = CARTESIAN_POINT ( 'NONE',  ( -1.861954618136542727, 2.280236763258549263E-16, 5.000000000000000000 ) ) ;
#2145 = CARTESIAN_POINT ( 'NONE',  ( -1.892491597964129933E-16, -1.545336663013169298, -2.812499999999999112 ) ) ;
#2146 = PERSON_AND_ORGANIZATION ( #1436, #2085 ) ;
#2147 = ORIENTED_EDGE ( 'NONE', *, *, #2173, .F. ) ;
#2148 = CARTESIAN_POINT ( 'NONE',  ( 1.338300807568877593, 0.7726683315065835389, -2.579166666666665719 ) ) ;
#2149 = VERTEX_POINT ( 'NONE', #1324 ) ;
#2150 = EDGE_LOOP ( 'NONE', ( #670, #317, #622 ) ) ;
#2151 = CARTESIAN_POINT ( 'NONE',  ( 1.087431066633287147, 1.335082821072273385, -4.826880366321720572 ) ) ;
#2152 = CARTESIAN_POINT ( 'NONE',  ( -1.892491597964129933E-16, -1.545336663013169298, -0.01249999999999862332 ) ) ;
#2153 = EDGE_CURVE ( 'NONE', #2330, #2093, #228, .T. ) ;
#2154 = CARTESIAN_POINT ( 'NONE',  ( -1.338300807568877149, -0.7726683315065843161, 1.183333333333334014 ) ) ;
#2155 = VERTEX_POINT ( 'NONE', #1903 ) ;
#2156 = CARTESIAN_POINT ( 'NONE',  ( 0.000000000000000000, 2.000000000000000888, -5.000000000000000000 ) ) ;
#2157 = EDGE_CURVE ( 'NONE', #2406, #118, #1791, .T. ) ;
#2158 = DIRECTION ( 'NONE',  ( 0.000000000000000000, -1.000000000000000000, -1.281975124255723263E-16 ) ) ;
#2159 = FACE_OUTER_BOUND ( 'NONE', #495, .T. ) ;
#2160 = CARTESIAN_POINT ( 'NONE',  ( 1.338300807568877593, 0.7726683315065835389, -3.279166666666665453 ) ) ;
#2161 = CARTESIAN_POINT ( 'NONE',  ( 1.338300807568876483, -0.7726683315065853153, -1.295833333333332060 ) ) ;
#2162 = LINE ( 'NONE', #1218, #765 ) ;
#2163 = VECTOR ( 'NONE', #602, 1000.000000000000000 ) ;
#2164 = ORIENTED_EDGE ( 'NONE', *, *, #2535, .T. ) ;
#2165 = DIRECTION ( 'NONE',  ( 1.000000000000000000, 0.000000000000000000, 0.000000000000000000 ) ) ;
#2166 = AXIS2_PLACEMENT_3D ( 'NONE', #1729, #1478, #1328 ) ;
#2167 = CARTESIAN_POINT ( 'NONE',  ( -1.338300807568876927, 0.7726683315065848712, 0.4541666666666678287 ) ) ;
#2168 = CARTESIAN_POINT ( 'NONE',  ( -1.176575538379251995, -2.037888611415568985, -4.642708333333361637 ) ) ;
#2169 = CARTESIAN_POINT ( 'NONE',  ( 2.353151076758502658, -4.322668401093671811E-16, -3.753124999999970957 ) ) ;
#2170 = CARTESIAN_POINT ( 'NONE',  ( 0.000000000000000000, -1.224646799147355773E-13, 999.6452994616207661 ) ) ;
#2171 = CARTESIAN_POINT ( 'NONE',  ( 0.6705224285318128752, -1.392287712683149881, 1.349616993227388484 ) ) ;
#2172 = CARTESIAN_POINT ( 'NONE',  ( 0.000000000000000000, 2.000000000000000888, 0.6000000000000280664 ) ) ;
#2173 = EDGE_CURVE ( 'NONE', #747, #1792, #213, .T. ) ;
#2174 = CARTESIAN_POINT ( 'NONE',  ( -1.338300807568876927, 0.7726683315065848712, -3.045833333333332060 ) ) ;
#2175 = PLANE ( 'NONE',  #898 ) ;
#2176 = EDGE_LOOP ( 'NONE', ( #47, #927, #79, #1341 ) ) ;
#2177 = DIRECTION ( 'NONE',  ( -1.224646799147350742E-16, 1.000000000000000000, 0.000000000000000000 ) ) ;
#2178 =( BOUNDED_SURFACE ( )  B_SPLINE_SURFACE ( 1, 2, ( 
 ( #1106, #374, #2275, #333, #554, #2297, #2497, #2114, #518, #1146, #1297, #1318, #1887, #1910, #346, #1131, #1719, #1332, #387, #184, #974, #1947, #1548, #1170, #2333, #1755, #1359, #2, #578, #2140, #1217, #382, #1194, #762, #1595, #18, #222, #1970, #2174, #1789, #779, #994, #1763, #395, #805, #421, #2148, #2377, #1750, #2364, #606, #1354, #1205, #2326, #790, #1982, #817, #1993, #1007, #2534, #2135, #194, #236, #1021, #207, #1583, #431, #2518, #2161, #29, #620, #584, #1403, #1558, #2350, #1179, #2186, #1543, #573, #1165, #2339, #593, #1943, #1365, #984, #1956, #181, #1570, #969, #1391, #8, #1377, #407, #1776, #260, #2431, #483, #248, #1472, #2224, #298, #1058, #1267, #2059, #1430, #271, #2197, #457, #631, #1606, #1047, #2023, #1459, #830, #2046, #497, #442 ),
 ( #1828, #643, #2399, #2212, #1241, #67, #1034, #1816, #856, #284, #1254, #1279, #2253, #1228, #686, #1804, #1658, #871, #2009, #2444, #671, #470, #883, #1615, #42, #1630, #2386, #93, #54, #2238, #2417, #1071, #659, #1855, #1414, #841, #1446, #2035, #1842, #80, #1645, #749, #558, #1880, #119, #1915, #928, #1323, #895, #2312, #725, #2503, #2119, #943, #142, #1485, #1724, #1710, #1505, #155, #908, #1867, #1300, #1336, #1529, #1685, #1518, #917, #2301, #713, #2107, #1672, #2457, #521, #1110, #1086, #2071, #700, #106, #2267, #2467, #1494, #510, #2490, #351, #1289, #310, #2288, #1138, #2278, #1098, #2082, #326, #1891, #1312, #130, #1696, #739, #2479, #535, #2094, #338, #1123, #549, #1902, #1176, #967, #1593, #1151, #1163, #1953, #774, #2528, #1747, #1979, #1929, #2171 ) ),
 .UNSPECIFIED., .F., .F., .F. ) 
 B_SPLINE_SURFACE_WITH_KNOTS ( ( 2, 2 ),
 ( 3, 2, 2, 2, 2, 2, 2, 2, 2, 2, 2, 2, 2, 2, 2, 2, 2, 2, 2, 2, 2, 2, 2, 2, 2, 2, 2, 2, 2, 2, 2, 2, 2, 2, 2, 2, 2, 2, 2, 2, 2, 2, 2, 2, 2, 2, 2, 2, 2, 2, 2, 2, 2, 2, 2, 2, 2, 2, 3 ),
 ( 0.000000000000000000, 1.000000000000000000 ),
 ( 0.000000000000000000, 0.01666666666666666644, 0.03333333333333333287, 0.05000000000000000278, 0.06666666666666666574, 0.08333333333333332871, 0.1000000000000000056, 0.1166666666666666685, 0.1333333333333333315, 0.1499999999999999944, 0.1666666666666666574, 0.1833333333333333204, 0.2000000000000000111, 0.2166666666666666741, 0.2333333333333333370, 0.2500000000000000000, 0.2666666666666666630, 0.2833333333333333259, 0.2999999999999999889, 0.3166666666666666519, 0.3333333333333333148, 0.3499999999999999778, 0.3666666666666666408, 0.3833333333333333592, 0.4000000000000000222, 0.4166666666666666852, 0.4333333333333333481, 0.4500000000000000111, 0.4666666666666666741, 0.4833333333333333370, 0.5000000000000000000, 0.5166666666666667185, 0.5333333333333333259, 0.5500000000000000444, 0.5666666666666666519, 0.5833333333333333703, 0.5999999999999999778, 0.6166666666666666963, 0.6333333333333333037, 0.6500000000000000222, 0.6666666666666666297, 0.6833333333333333481, 0.6999999999999999556, 0.7166666666666666741, 0.7333333333333332815, 0.7500000000000000000, 0.7666666666666667185, 0.7833333333333333259, 0.8000000000000000444, 0.8166666666666666519, 0.8333333333333333703, 0.8499999999999999778, 0.8666666666666666963, 0.8833333333333333037, 0.9000000000000000222, 0.9166666666666666297, 0.9333333333333333481, 0.9499999999999999556, 0.9571699281526689917 ),
 .UNSPECIFIED. ) 
 GEOMETRIC_REPRESENTATION_ITEM ( )  RATIONAL_B_SPLINE_SURFACE ( (
 ( 1.000000000000000000, 0.8660254037844387076, 1.000000000000000000, 0.8660254037844387076, 1.000000000000000000, 0.8660254037844387076, 1.000000000000000000, 0.8660254037844387076, 1.000000000000000000, 0.8660254037844387076, 1.000000000000000000, 0.8660254037844387076, 1.000000000000000000, 0.8660254037844387076, 1.000000000000000000, 0.8660254037844387076, 1.000000000000000000, 0.8660254037844387076, 1.000000000000000000, 0.8660254037844387076, 1.000000000000000000, 0.8660254037844387076, 1.000000000000000000, 0.8660254037844387076, 1.000000000000000000, 0.8660254037844387076, 1.000000000000000000, 0.8660254037844387076, 1.000000000000000000, 0.8660254037844387076, 1.000000000000000000, 0.8660254037844387076, 1.000000000000000000, 0.8660254037844387076, 1.000000000000000000, 0.8660254037844387076, 1.000000000000000000, 0.8660254037844387076, 1.000000000000000000, 0.8660254037844387076, 1.000000000000000000, 0.8660254037844387076, 1.000000000000000000, 0.8660254037844387076, 1.000000000000000000, 0.8660254037844387076, 1.000000000000000000, 0.8660254037844387076, 1.000000000000000000, 0.8660254037844387076, 1.000000000000000000, 0.8660254037844387076, 1.000000000000000000, 0.8660254037844387076, 1.000000000000000000, 0.8660254037844387076, 1.000000000000000000, 0.8660254037844387076, 1.000000000000000000, 0.8660254037844387076, 1.000000000000000000, 0.8660254037844387076, 1.000000000000000000, 0.8660254037844387076, 1.000000000000000000, 0.8660254037844387076, 1.000000000000000000, 0.8660254037844387076, 1.000000000000000000, 0.8660254037844387076, 1.000000000000000000, 0.8660254037844387076, 1.000000000000000000, 0.8660254037844387076, 1.000000000000000000, 0.8660254037844387076, 1.000000000000000000, 0.8660254037844387076, 1.000000000000000000, 0.8660254037844387076, 1.000000000000000000, 0.8660254037844387076, 1.000000000000000000, 0.8660254037844387076, 1.000000000000000000, 0.8660254037844387076, 1.000000000000000000, 0.8660254037844387076, 1.000000000000000000, 0.8660254037844387076, 1.000000000000000000, 0.8660254037844387076, 1.000000000000000000, 0.8660254037844387076, 1.000000000000000000, 0.8660254037844387076, 1.000000000000000000, 0.8660254037844387076, 1.000000000000000000, 0.8660254037844387076, 1.000000000000000000, 0.8660254037844387076, 1.000000000000000000, 0.8660254037844387076, 1.000000000000000000, 0.8660254037844387076, 1.000000000000000000, 0.8660254037844387076, 1.000000000000000000, 0.8660254037844387076, 1.000000000000000000, 0.8660254037844387076, 1.000000000000000000, 0.8660254037844387076, 1.000000000000000000, 0.9423647062510950301, 0.9343183223307047758),
 ( 1.000000000000000000, 0.8660254037844387076, 1.000000000000000000, 0.8660254037844387076, 1.000000000000000000, 0.8660254037844387076, 1.000000000000000000, 0.8660254037844387076, 1.000000000000000000, 0.8660254037844387076, 1.000000000000000000, 0.8660254037844387076, 1.000000000000000000, 0.8660254037844387076, 1.000000000000000000, 0.8660254037844387076, 1.000000000000000000, 0.8660254037844387076, 1.000000000000000000, 0.8660254037844387076, 1.000000000000000000, 0.8660254037844387076, 1.000000000000000000, 0.8660254037844387076, 1.000000000000000000, 0.8660254037844387076, 1.000000000000000000, 0.8660254037844387076, 1.000000000000000000, 0.8660254037844387076, 1.000000000000000000, 0.8660254037844387076, 1.000000000000000000, 0.8660254037844387076, 1.000000000000000000, 0.8660254037844387076, 1.000000000000000000, 0.8660254037844387076, 1.000000000000000000, 0.8660254037844387076, 1.000000000000000000, 0.8660254037844387076, 1.000000000000000000, 0.8660254037844387076, 1.000000000000000000, 0.8660254037844387076, 1.000000000000000000, 0.8660254037844387076, 1.000000000000000000, 0.8660254037844387076, 1.000000000000000000, 0.8660254037844387076, 1.000000000000000000, 0.8660254037844387076, 1.000000000000000000, 0.8660254037844387076, 1.000000000000000000, 0.8660254037844387076, 1.000000000000000000, 0.8660254037844387076, 1.000000000000000000, 0.8660254037844387076, 1.000000000000000000, 0.8660254037844387076, 1.000000000000000000, 0.8660254037844387076, 1.000000000000000000, 0.8660254037844387076, 1.000000000000000000, 0.8660254037844387076, 1.000000000000000000, 0.8660254037844387076, 1.000000000000000000, 0.8660254037844387076, 1.000000000000000000, 0.8660254037844387076, 1.000000000000000000, 0.8660254037844387076, 1.000000000000000000, 0.8660254037844387076, 1.000000000000000000, 0.8660254037844387076, 1.000000000000000000, 0.8660254037844387076, 1.000000000000000000, 0.8660254037844387076, 1.000000000000000000, 0.8660254037844387076, 1.000000000000000000, 0.8660254037844387076, 1.000000000000000000, 0.8660254037844387076, 1.000000000000000000, 0.8660254037844387076, 1.000000000000000000, 0.8660254037844387076, 1.000000000000000000, 0.8660254037844387076, 1.000000000000000000, 0.8660254037844387076, 1.000000000000000000, 0.8660254037844387076, 1.000000000000000000, 0.8660254037844387076, 1.000000000000000000, 0.8660254037844387076, 1.000000000000000000, 0.8660254037844387076, 1.000000000000000000, 0.8660254037844387076, 1.000000000000000000, 0.8660254037844387076, 1.000000000000000000, 0.8660254037844387076, 1.000000000000000000, 0.9423647062510950301, 0.9343183223307047758) ) ) 
 REPRESENTATION_ITEM ( '' )  SURFACE ( )  );
#2179 = CARTESIAN_POINT ( 'NONE',  ( -1.338300807568876927, 0.7726683315065848712, -0.9458333333333324155 ) ) ;
#2180 = CARTESIAN_POINT ( 'NONE',  ( -2.353151076758502658, 1.440889467031223773E-16, -1.259375000000028777 ) ) ;
#2181 = ORIENTED_EDGE ( 'NONE', *, *, #193, .F. ) ;
#2182 = CARTESIAN_POINT ( 'NONE',  ( 1.154700538379253461, -1.999999999999997335, -1.791666666666638541 ) ) ;
#2183 = CYLINDRICAL_SURFACE ( 'NONE', #2405, 2.000000000000000888 ) ;
#2184 = CARTESIAN_POINT ( 'NONE',  ( 1.338300807568876483, -0.7726683315065853153, -4.183333333333333570 ) ) ;
#2185 = CARTESIAN_POINT ( 'NONE',  ( -1.338300807568877149, -0.7726683315065843161, -4.329166666666664831 ) ) ;
#2186 = CARTESIAN_POINT ( 'NONE',  ( -1.338300807568877149, -0.7726683315065843161, -0.8291666666666654972 ) ) ;
#2187 = FACE_OUTER_BOUND ( 'NONE', #1745, .T. ) ;
#2188 = ORIENTED_EDGE ( 'NONE', *, *, #115, .F. ) ;
#2189 = DIRECTION ( 'NONE',  ( -0.000000000000000000, -7.562047915168481387E-57, -1.000000000000000000 ) ) ;
#2190 = CARTESIAN_POINT ( 'NONE',  ( -1.732050807568878303, -1.000000000000000000, -2.579166666666693253 ) ) ;
#2191 = CARTESIAN_POINT ( 'NONE',  ( 1.176575538379250663, -2.037888611415569429, -3.126041666666695473 ) ) ;
#2192 = VERTEX_POINT ( 'NONE', #803 ) ;
#2193 = CARTESIAN_POINT ( 'NONE',  ( 0.000000000000000000, 2.037888611415568985, -4.978124999999970157 ) ) ;
#2194 = CARTESIAN_POINT ( 'NONE',  ( 0.000000000000000000, 2.000000000000000888, -4.299999999999971401 ) ) ;
#2195 = CARTESIAN_POINT ( 'NONE',  ( -0.1072490957614855717, -1.737733149990358106, -4.807603513023527064 ) ) ;
#2196 = CARTESIAN_POINT ( 'NONE',  ( -1.509440074223797446, -0.3311435706456249961, 0.5374999999999968692 ) ) ;
#2197 = CARTESIAN_POINT ( 'NONE',  ( 1.338300807568877593, 0.7726683315065835389, 0.9208333333333342807 ) ) ;
#2198 = CARTESIAN_POINT ( 'NONE',  ( -0.2899361963831942890, -1.563047586319412430, 0.5591621751512533267 ) ) ;
#2199 = CARTESIAN_POINT ( 'NONE',  ( 0.000000000000000000, -7.562047915168480934E-56, -5.000000000000000000 ) ) ;
#2200 = AXIS2_PLACEMENT_3D ( 'NONE', #1521, #1330, #422 ) ;
#2201 = ORIENTED_EDGE ( 'NONE', *, *, #2270, .T. ) ;
#2202 = CARTESIAN_POINT ( 'NONE',  ( 1.784401076758502347, -3.277891600571085508E-16, 0.8625000000000012657 ) ) ;
#2203 = CARTESIAN_POINT ( 'NONE',  ( -2.495693764988920690E-16, -2.037888611415568985, -0.3843750000000279443 ) ) ;
#2204 = CARTESIAN_POINT ( 'NONE',  ( 1.764863307568876660, -1.018944305707785380, -1.711458333333303550 ) ) ;
#2206 = CARTESIAN_POINT ( 'NONE',  ( 4.163799117101000559E-16, -3.299999999999999822, 5.000000000000000000 ) ) ;
#2205 = APPROVAL_PERSON_ORGANIZATION ( #420, #2390, #2349 ) ;
#2207 = AXIS2_PLACEMENT_3D ( 'NONE', #1609, #1834, #677 ) ;
#2208 = CARTESIAN_POINT ( 'NONE',  ( -0.9475763155583668551, -1.271632392438552861, -4.963020514943863759 ) ) ;
#2209 = CARTESIAN_POINT ( 'NONE',  ( 1.338300807568876483, -0.7726683315065853153, -1.295833333333332060 ) ) ;
#2210 = ORIENTED_EDGE ( 'NONE', *, *, #2218, .F. ) ;
#2211 = ORIENTED_EDGE ( 'NONE', *, *, #1699, .T. ) ;
#2212 = CARTESIAN_POINT ( 'NONE',  ( -1.784401076758502347, 1.092630533523695498E-16, -5.174999999999999822 ) ) ;
#2213 = CARTESIAN_POINT ( 'NONE',  ( -2.449293598294707400E-16, -2.000000000000000888, -2.549999999999971845 ) ) ;
#2214 = CARTESIAN_POINT ( 'NONE',  ( 0.000000000000000000, 1.767227771688608007, -4.778108891324561291 ) ) ;
#2215 = CARTESIAN_POINT ( 'NONE',  ( -0.8199718585145996386, -1.309851729508645590, 0.5374999999999965361 ) ) ;
#2216 = CARTESIAN_POINT ( 'NONE',  ( 0.000000000000000000, 2.000000000000000888, -1.412500000000026956 ) ) ;
#2217 = CARTESIAN_POINT ( 'NONE',  ( -2.353151076758502658, 1.440889467031223773E-16, -2.659375000000028688 ) ) ;
#2218 = EDGE_CURVE ( 'NONE', #65, #1727, #1450, .T. ) ;
#2219 = CARTESIAN_POINT ( 'NONE',  ( 1.176575538379252439, 2.037888611415568096, -0.8364583333333037718 ) ) ;
#2220 = CARTESIAN_POINT ( 'NONE',  ( 1.338300807568877593, 0.7726683315065835389, -2.666666666666666519 ) ) ;
#2221 = CARTESIAN_POINT ( 'NONE',  ( 1.732050807568878970, 0.9999999999999988898, -0.1291666666666935470 ) ) ;
#2222 = CARTESIAN_POINT ( 'NONE',  ( 0.000000000000000000, 1.545336663013169298, -0.3624999999999991007 ) ) ;
#2223 = ORIENTED_EDGE ( 'NONE', *, *, #258, .T. ) ;
#2224 = CARTESIAN_POINT ( 'NONE',  ( -1.784401076758502347, 1.092630533523695498E-16, 0.5125000000000007327 ) ) ;
#2225 = CARTESIAN_POINT ( 'NONE',  ( 0.5869152029784155955, -1.745554484682991569, -4.709513423924609477 ) ) ;
#2226 = DIRECTION ( 'NONE',  ( 0.000000000000000000, 1.000000000000000000, -7.562047915168481387E-57 ) ) ;
#2227 = VERTEX_POINT ( 'NONE', #234 ) ;
#2228 = CARTESIAN_POINT ( 'NONE',  ( 2.449293598294707893E-16, -2.000000000000000888, -5.000000000000000000 ) ) ;
#2229 = CARTESIAN_POINT ( 'NONE',  ( 0.000000000000000000, -7.562047915168481839E-56, -5.000000000000001776 ) ) ;
#2230 = CARTESIAN_POINT ( 'NONE',  ( 2.353151076758502658, -4.322668401093671811E-16, -0.9093750000000282441 ) ) ;
#2231 = ORIENTED_EDGE ( 'NONE', *, *, #372, .F. ) ;
#2232 = CARTESIAN_POINT ( 'NONE',  ( 2.353151076758502658, -4.322668401093671811E-16, -1.653124999999970646 ) ) ;
#2233 = CARTESIAN_POINT ( 'NONE',  ( 1.338300807568877593, 0.7726683315065835389, -1.966666666666666563 ) ) ;
#2234 = CARTESIAN_POINT ( 'NONE',  ( -1.499999999999999778, 0.8660254037844382635, 2.000000000000000000 ) ) ;
#2235 = CARTESIAN_POINT ( 'NONE',  ( -1.784401076758502347, 1.092630533523695375E-16, -0.1874999999999993061 ) ) ;
#2236 = EDGE_CURVE ( 'NONE', #531, #1258, #795, .T. ) ;
#2237 = ORIENTED_EDGE ( 'NONE', *, *, #274, .T. ) ;
#2238 = CARTESIAN_POINT ( 'NONE',  ( -0.8922005383792517286, -1.545336663013168854, -3.658333333333333215 ) ) ;
#2239 = FACE_OUTER_BOUND ( 'NONE', #2058, .T. ) ;
#2240 = CARTESIAN_POINT ( 'NONE',  ( -1.695019749476870174, 0.7471614182261030468, -4.697051283613330241 ) ) ;
#2241 = CARTESIAN_POINT ( 'NONE',  ( -0.8199718585145996386, -1.309851729508645590, 0.5374999999999965361 ) ) ;
#2242 = CARTESIAN_POINT ( 'NONE',  ( 0.6705114239307621293, -1.392293012419088205, 1.437116073676693029 ) ) ;
#2243 = CARTESIAN_POINT ( 'NONE',  ( 0.000000000000000000, 2.000000000000000888, -5.000000000000000000 ) ) ;
#2244 = AXIS2_PLACEMENT_3D ( 'NONE', #55, #94, #1617 ) ;
#2245 = CARTESIAN_POINT ( 'NONE',  ( -1.764863307568877104, 1.018944305707784714, -0.6614583333333038384 ) ) ;
#2246 = CARTESIAN_POINT ( 'NONE',  ( 0.8922005383792508404, -1.545336663013169742, -1.441666666666666652 ) ) ;
#2247 = CARTESIAN_POINT ( 'NONE',  ( -0.8922005383792517286, -1.545336663013168854, -1.558333333333332904 ) ) ;
#2248 =( BOUNDED_SURFACE ( )  B_SPLINE_SURFACE ( 1, 2, ( 
 ( #2193, #2335, #1784, #1014, #244, #1187, #1590, #1174, #990, #1361, #580, #1770, #2357, #1951, #2001, #2142, #599, #589, #1200, #1372, #1600, #2169, #1385, #416, #1223, #1798, #1977, #826, #626, #1408, #654, #1640, #1822, #1248, #2054, #2437, #1052, #2427, #60, #452, #477, #1236, #2451, #266, #1284, #1862, #1465, #2262, #49, #2066, #504, #305, #2015, #1837, #463, #1625, #2204, #2232, #1480, #1812, #889, #75, #2029, #837, #254, #2040, #1850, #680, #1611, #638, #850, #2219, #866, #87, #2245, #1441, #1665, #1040, #1652, #491, #1424, #1274, #2394, #666, #292, #694, #2411, #1453, #1262, #279, #1066, #877, #1080, #101, #150, #542, #1704, #733, #358, #2306, #1691, #1145, #1105, #923, #2284, #754, #902, #1924, #2496, #1886, #2485, #2463, #742, #709, #162, #1681, #1896 ),
 ( #1490, #948, #1296, #1522, #1533, #136, #553, #1718, #1909, #112, #1511, #2317, #2089, #2076, #721, #561, #2274, #1117, #2113, #1331, #2509, #1730, #1344, #2125, #2295, #1317, #1501, #2474, #528, #318, #1091, #1873, #517, #125, #912, #1307, #332, #2101, #345, #1130, #935, #766, #1012, #1000, #797, #1988, #183, #1156, #587, #1598, #1211, #1168, #808, #199, #1588, #1, #1396, #172, #1742, #2344, #398, #624, #1358, #961, #35, #2380, #1946, #973, #226, #214, #612, #2522, #1406, #12, #2179, #1754, #1547, #822, #783, #373, #597, #1368, #2139, #1782, #386, #1934, #1562, #988, #2332, #1795, #2152, #1185, #1962, #577, #1768, #1576, #2353, #1382, #2167, #413, #1197, #1975, #425, #23, #2370, #2202, #1064, #474, #289, #1077, #834, #1273, #1038, #1438, #1233, #1998, #2242 ) ),
 .UNSPECIFIED., .F., .F., .F. ) 
 B_SPLINE_SURFACE_WITH_KNOTS ( ( 2, 2 ),
 ( 3, 2, 2, 2, 2, 2, 2, 2, 2, 2, 2, 2, 2, 2, 2, 2, 2, 2, 2, 2, 2, 2, 2, 2, 2, 2, 2, 2, 2, 2, 2, 2, 2, 2, 2, 2, 2, 2, 2, 2, 2, 2, 2, 2, 2, 2, 2, 2, 2, 2, 2, 2, 2, 2, 2, 2, 2, 2, 3 ),
 ( 0.000000000000000000, 1.000000000000000000 ),
 ( 0.000000000000000000, 0.01666666666666666644, 0.03333333333333333287, 0.05000000000000000278, 0.06666666666666666574, 0.08333333333333332871, 0.1000000000000000056, 0.1166666666666666685, 0.1333333333333333315, 0.1499999999999999944, 0.1666666666666666574, 0.1833333333333333204, 0.2000000000000000111, 0.2166666666666666741, 0.2333333333333333370, 0.2500000000000000000, 0.2666666666666666630, 0.2833333333333333259, 0.2999999999999999889, 0.3166666666666666519, 0.3333333333333333148, 0.3499999999999999778, 0.3666666666666666408, 0.3833333333333333592, 0.4000000000000000222, 0.4166666666666666852, 0.4333333333333333481, 0.4500000000000000111, 0.4666666666666666741, 0.4833333333333333370, 0.5000000000000000000, 0.5166666666666667185, 0.5333333333333333259, 0.5500000000000000444, 0.5666666666666666519, 0.5833333333333333703, 0.5999999999999999778, 0.6166666666666666963, 0.6333333333333333037, 0.6500000000000000222, 0.6666666666666666297, 0.6833333333333333481, 0.6999999999999999556, 0.7166666666666666741, 0.7333333333333332815, 0.7500000000000000000, 0.7666666666666667185, 0.7833333333333333259, 0.8000000000000000444, 0.8166666666666666519, 0.8333333333333333703, 0.8499999999999999778, 0.8666666666666666963, 0.8833333333333333037, 0.9000000000000000222, 0.9166666666666666297, 0.9333333333333333481, 0.9499999999999999556, 0.9571698050724769535 ),
 .UNSPECIFIED. ) 
 GEOMETRIC_REPRESENTATION_ITEM ( )  RATIONAL_B_SPLINE_SURFACE ( (
 ( 1.000000000000000000, 0.8660254037844387076, 1.000000000000000000, 0.8660254037844387076, 1.000000000000000000, 0.8660254037844387076, 1.000000000000000000, 0.8660254037844387076, 1.000000000000000000, 0.8660254037844387076, 1.000000000000000000, 0.8660254037844387076, 1.000000000000000000, 0.8660254037844387076, 1.000000000000000000, 0.8660254037844387076, 1.000000000000000000, 0.8660254037844387076, 1.000000000000000000, 0.8660254037844387076, 1.000000000000000000, 0.8660254037844387076, 1.000000000000000000, 0.8660254037844387076, 1.000000000000000000, 0.8660254037844387076, 1.000000000000000000, 0.8660254037844387076, 1.000000000000000000, 0.8660254037844387076, 1.000000000000000000, 0.8660254037844387076, 1.000000000000000000, 0.8660254037844387076, 1.000000000000000000, 0.8660254037844387076, 1.000000000000000000, 0.8660254037844387076, 1.000000000000000000, 0.8660254037844387076, 1.000000000000000000, 0.8660254037844387076, 1.000000000000000000, 0.8660254037844387076, 1.000000000000000000, 0.8660254037844387076, 1.000000000000000000, 0.8660254037844387076, 1.000000000000000000, 0.8660254037844387076, 1.000000000000000000, 0.8660254037844387076, 1.000000000000000000, 0.8660254037844387076, 1.000000000000000000, 0.8660254037844387076, 1.000000000000000000, 0.8660254037844387076, 1.000000000000000000, 0.8660254037844387076, 1.000000000000000000, 0.8660254037844387076, 1.000000000000000000, 0.8660254037844387076, 1.000000000000000000, 0.8660254037844387076, 1.000000000000000000, 0.8660254037844387076, 1.000000000000000000, 0.8660254037844387076, 1.000000000000000000, 0.8660254037844387076, 1.000000000000000000, 0.8660254037844387076, 1.000000000000000000, 0.8660254037844387076, 1.000000000000000000, 0.8660254037844387076, 1.000000000000000000, 0.8660254037844387076, 1.000000000000000000, 0.8660254037844387076, 1.000000000000000000, 0.8660254037844387076, 1.000000000000000000, 0.8660254037844387076, 1.000000000000000000, 0.8660254037844387076, 1.000000000000000000, 0.8660254037844387076, 1.000000000000000000, 0.8660254037844387076, 1.000000000000000000, 0.8660254037844387076, 1.000000000000000000, 0.8660254037844387076, 1.000000000000000000, 0.8660254037844387076, 1.000000000000000000, 0.8660254037844387076, 1.000000000000000000, 0.8660254037844387076, 1.000000000000000000, 0.8660254037844387076, 1.000000000000000000, 0.8660254037844387076, 1.000000000000000000, 0.8660254037844387076, 1.000000000000000000, 0.8660254037844387076, 1.000000000000000000, 0.8660254037844387076, 1.000000000000000000, 0.8660254037844387076, 1.000000000000000000, 0.9423656956282369102, 0.9343185985964757023),
 ( 1.000000000000000000, 0.8660254037844387076, 1.000000000000000000, 0.8660254037844387076, 1.000000000000000000, 0.8660254037844387076, 1.000000000000000000, 0.8660254037844387076, 1.000000000000000000, 0.8660254037844387076, 1.000000000000000000, 0.8660254037844387076, 1.000000000000000000, 0.8660254037844387076, 1.000000000000000000, 0.8660254037844387076, 1.000000000000000000, 0.8660254037844387076, 1.000000000000000000, 0.8660254037844387076, 1.000000000000000000, 0.8660254037844387076, 1.000000000000000000, 0.8660254037844387076, 1.000000000000000000, 0.8660254037844387076, 1.000000000000000000, 0.8660254037844387076, 1.000000000000000000, 0.8660254037844387076, 1.000000000000000000, 0.8660254037844387076, 1.000000000000000000, 0.8660254037844387076, 1.000000000000000000, 0.8660254037844387076, 1.000000000000000000, 0.8660254037844387076, 1.000000000000000000, 0.8660254037844387076, 1.000000000000000000, 0.8660254037844387076, 1.000000000000000000, 0.8660254037844387076, 1.000000000000000000, 0.8660254037844387076, 1.000000000000000000, 0.8660254037844387076, 1.000000000000000000, 0.8660254037844387076, 1.000000000000000000, 0.8660254037844387076, 1.000000000000000000, 0.8660254037844387076, 1.000000000000000000, 0.8660254037844387076, 1.000000000000000000, 0.8660254037844387076, 1.000000000000000000, 0.8660254037844387076, 1.000000000000000000, 0.8660254037844387076, 1.000000000000000000, 0.8660254037844387076, 1.000000000000000000, 0.8660254037844387076, 1.000000000000000000, 0.8660254037844387076, 1.000000000000000000, 0.8660254037844387076, 1.000000000000000000, 0.8660254037844387076, 1.000000000000000000, 0.8660254037844387076, 1.000000000000000000, 0.8660254037844387076, 1.000000000000000000, 0.8660254037844387076, 1.000000000000000000, 0.8660254037844387076, 1.000000000000000000, 0.8660254037844387076, 1.000000000000000000, 0.8660254037844387076, 1.000000000000000000, 0.8660254037844387076, 1.000000000000000000, 0.8660254037844387076, 1.000000000000000000, 0.8660254037844387076, 1.000000000000000000, 0.8660254037844387076, 1.000000000000000000, 0.8660254037844387076, 1.000000000000000000, 0.8660254037844387076, 1.000000000000000000, 0.8660254037844387076, 1.000000000000000000, 0.8660254037844387076, 1.000000000000000000, 0.8660254037844387076, 1.000000000000000000, 0.8660254037844387076, 1.000000000000000000, 0.8660254037844387076, 1.000000000000000000, 0.8660254037844387076, 1.000000000000000000, 0.8660254037844387076, 1.000000000000000000, 0.8660254037844387076, 1.000000000000000000, 0.8660254037844387076, 1.000000000000000000, 0.9423656956282369102, 0.9343185985964757023) ) ) 
 REPRESENTATION_ITEM ( '' )  SURFACE ( )  );
#2249 = CARTESIAN_POINT ( 'NONE',  ( 1.784401076758502347, -3.277891600571085508E-16, -0.5374999999999988676 ) ) ;
#2250 = AXIS2_PLACEMENT_3D ( 'NONE', #1325, #1140, #1726 ) ;
#2251 = CIRCLE ( 'NONE', #34, 2.000000000000000000 ) ;
#2252 = EDGE_LOOP ( 'NONE', ( #1700, #2223, #2045, #376 ) ) ;
#2253 = CARTESIAN_POINT ( 'NONE',  ( 0.000000000000000000, 1.545336663013169298, -4.649999999999999467 ) ) ;
#2254 = CARTESIAN_POINT ( 'NONE',  ( -1.154700538379251906, 2.000000000000000888, -2.054166666666693342 ) ) ;
#2255 = CARTESIAN_POINT ( 'NONE',  ( -1.486790202509791214, -1.230965696151830935, -4.618996508788800526 ) ) ;
#2256 = EDGE_CURVE ( 'NONE', #2149, #712, #383, .T. ) ;
#2257 = ORIENTED_EDGE ( 'NONE', *, *, #372, .T. ) ;
#2258 = CARTESIAN_POINT ( 'NONE',  ( 0.000000000000000000, 2.000000000000000888, -2.899999999999971934 ) ) ;
#2259 = VECTOR ( 'NONE', #1291, 1000.000000000000000 ) ;
#2260 = CARTESIAN_POINT ( 'NONE',  ( -2.309401076758504257, 1.414100318299876297E-16, -3.337500000000026112 ) ) ;
#2261 = CARTESIAN_POINT ( 'NONE',  ( -2.495693764988920690E-16, -2.037888611415568985, 1.015624999999971356 ) ) ;
#2262 = CARTESIAN_POINT ( 'NONE',  ( 1.176575538379252439, 2.037888611415568096, -2.236458333333303905 ) ) ;
#2263 = CARTESIAN_POINT ( 'NONE',  ( -1.892491597964129933E-16, -1.545336663013169298, -1.499999999999999556 ) ) ;
#2264 = CARTESIAN_POINT ( 'NONE',  ( 0.8922005383792507294, -1.545336663013169742, -0.7416666666666664742 ) ) ;
#2265 = DIRECTION ( 'NONE',  ( -0.000000000000000000, -7.562047915168481387E-57, -1.000000000000000000 ) ) ;
#2266 = ORIENTED_EDGE ( 'NONE', *, *, #481, .F. ) ;
#2267 = CARTESIAN_POINT ( 'NONE',  ( 0.8922005383792507294, -1.545336663013169742, -0.7416666666666664742 ) ) ;
#2268 = CARTESIAN_POINT ( 'NONE',  ( 0.4609609714215200937, -1.576160427643013007, 0.5840359222385169691 ) ) ;
#2269 = PLANE ( 'NONE',  #264 ) ;
#2270 = EDGE_CURVE ( 'NONE', #2477, #1899, #702, .T. ) ;
#2271 = ADVANCED_FACE ( 'NONE', ( #2415 ), #323, .T. ) ;
#2272 = CARTESIAN_POINT ( 'NONE',  ( 0.000000000000000000, -3.176060124370761594E-56, 0.8000000000000003775 ) ) ;
#2273 = CARTESIAN_POINT ( 'NONE',  ( -1.154700538379253905, 1.999999999999997113, -2.141666666666638186 ) ) ;
#2274 = CARTESIAN_POINT ( 'NONE',  ( -1.338300807568877149, -0.7726683315065843161, -4.329166666666664831 ) ) ;
#2275 = CARTESIAN_POINT ( 'NONE',  ( -1.338300807568876927, 0.7726683315065848712, -5.145833333333332149 ) ) ;
#2276 = CARTESIAN_POINT ( 'NONE',  ( -0.8922005383792517286, -1.545336663013168854, -2.258333333333333304 ) ) ;
#2277 = ORIENTED_EDGE ( 'NONE', *, *, #1984, .F. ) ;
#2278 = CARTESIAN_POINT ( 'NONE',  ( -0.8922005383792517286, -1.545336663013168854, -0.1583333333333332704 ) ) ;
#2279 = CARTESIAN_POINT ( 'NONE',  ( 0.7845284691549146983, -1.452865356376106254, 0.5962692458992105982 ) ) ;
#2280 = DIRECTION ( 'NONE',  ( 1.000000000000000000, 0.000000000000000000, 0.000000000000000000 ) ) ;
#2281 = CARTESIAN_POINT ( 'NONE',  ( 0.000000000000000000, 2.000000000000000888, -5.000000000000000000 ) ) ;
#2282 = CARTESIAN_POINT ( 'NONE',  ( 2.309401076758504257, -4.242300954899628645E-16, -0.2749999999999719336 ) ) ;
#2283 = EDGE_CURVE ( 'NONE', #2442, #348, #2429, .T. ) ;
#2284 = CARTESIAN_POINT ( 'NONE',  ( 1.764863307568876660, -1.018944305707785380, 1.088541666666696051 ) ) ;
#2285 = FACE_OUTER_BOUND ( 'NONE', #1932, .T. ) ;
#2286 = CARTESIAN_POINT ( 'NONE',  ( 0.8922005383792507294, -1.545336663013169742, -2.841666666666666341 ) ) ;
#2287 = ORIENTED_EDGE ( 'NONE', *, *, #1339, .F. ) ;
#2288 = CARTESIAN_POINT ( 'NONE',  ( -1.784401076758502347, 1.092630533523695498E-16, -0.2750000000000000777 ) ) ;
#2289 = LINE ( 'NONE', #1313, #1806 ) ;
#2290 = CARTESIAN_POINT ( 'NONE',  ( 0.000000000000000000, 2.000000000000000888, 0.6874999999999733546 ) ) ;
#2291 = AXIS2_PLACEMENT_3D ( 'NONE', #2407, #448, #2448 ) ;
#2292 = ORIENTED_EDGE ( 'NONE', *, *, #1731, .T. ) ;
#2293 = CARTESIAN_POINT ( 'NONE',  ( 1.500000000000000222, 0.7319659167298775415, 4.803066445905055382 ) ) ;
#2294 = CARTESIAN_POINT ( 'NONE',  ( 0.1171973830342286083, -1.664386866925746222, 4.802432248789203939 ) ) ;
#2295 = CARTESIAN_POINT ( 'NONE',  ( 0.000000000000000000, 1.545336663013169298, -3.862499999999998934 ) ) ;
#2296 = EDGE_CURVE ( 'NONE', #1097, #531, #1859, .T. ) ;
#2297 = CARTESIAN_POINT ( 'NONE',  ( -0.8922005383792517286, -1.545336663013168854, -4.970833333333332327 ) ) ;
#2298 = CARTESIAN_POINT ( 'NONE',  ( 0.8922005383792507294, -1.545336663013169742, -2.141666666666666163 ) ) ;
#2299 = VERTEX_POINT ( 'NONE', #1095 ) ;
#2300 = CARTESIAN_POINT ( 'NONE',  ( 0.000000000000000000, 2.000000000000000888, -0.01250000000002672411 ) ) ;
#2301 = CARTESIAN_POINT ( 'NONE',  ( 1.338300807568876483, -0.7726683315065853153, -1.383333333333332860 ) ) ;
#2302 = CARTESIAN_POINT ( 'NONE',  ( 1.148851205632250183, 1.437886851146498834, 0.7058308981727895448 ) ) ;
#2303 = CARTESIAN_POINT ( 'NONE',  ( 1.500000000000000000, 0.8660254037844388186, 4.870096189432334910 ) ) ;
#2304 = CARTESIAN_POINT ( 'NONE',  ( -1.732050807568878081, 1.000000000000000666, -4.183333333333305148 ) ) ;
#2305 = ORIENTED_EDGE ( 'NONE', *, *, #514, .F. ) ;
#2306 = CARTESIAN_POINT ( 'NONE',  ( -2.353151076758502658, 1.440889467031223773E-16, 0.7968750000000293099 ) ) ;
#2307 = CARTESIAN_POINT ( 'NONE',  ( -0.8922005383792511735, 1.545336663013169520, -0.3916666666666660523 ) ) ;
#2308 = CARTESIAN_POINT ( 'NONE',  ( -1.176575538379251995, -2.037888611415568985, -5.342708333333361814 ) ) ;
#2309 = ORIENTED_EDGE ( 'NONE', *, *, #1384, .F. ) ;
#2310 = ORIENTED_EDGE ( 'NONE', *, *, #208, .F. ) ;
#2311 = LINE ( 'NONE', #1928, #533 ) ;
#2312 = CARTESIAN_POINT ( 'NONE',  ( -0.8922005383792510624, 1.545336663013169520, -2.491666666666666252 ) ) ;
#2313 = CARTESIAN_POINT ( 'NONE',  ( -1.154700538379251906, 2.000000000000000888, -0.7416666666666382746 ) ) ;
#2314 = CARTESIAN_POINT ( 'NONE',  ( -1.154700538379252572, -2.000000000000000888, -0.4208333333333602044 ) ) ;
#2315 = VERTEX_POINT ( 'NONE', #104 ) ;
#2316 = DIRECTION ( 'NONE',  ( -0.000000000000000000, -0.000000000000000000, 1.000000000000000000 ) ) ;
#2317 = CARTESIAN_POINT ( 'NONE',  ( 0.8922005383792521727, 1.545336663013168854, -4.620833333333332682 ) ) ;
#2318 = CARTESIAN_POINT ( 'NONE',  ( 1.338300807568877593, 0.7726683315065835389, -0.5666666666666666519 ) ) ;
#2319 = CARTESIAN_POINT ( 'NONE',  ( 0.000000000000000000, 1.545336663013169298, 0.2500000000000002220 ) ) ;
#2320 = VERTEX_POINT ( 'NONE', #893 ) ;
#2321 = B_SPLINE_CURVE_WITH_KNOTS ( 'NONE', 3,
 ( #979, #1786, #992, #1760, #6, #1567, #1539, #2347 ),
 .UNSPECIFIED., .F., .F.,
 ( 4, 2, 2, 4 ),
 ( 2.544365555416565438E-07, 0.0004475380576734571932, 0.0008948216787913727908, 0.001789388921027203335 ),
 .UNSPECIFIED. ) ;
#2322 = ORIENTED_EDGE ( 'NONE', *, *, #1062, .T. ) ;
#2323 = CARTESIAN_POINT ( 'NONE',  ( 1.500000000000000000, 0.8660254037844388186, 2.000000000000000000 ) ) ;
#2324 = CARTESIAN_POINT ( 'NONE',  ( 1.338300807568876483, -0.7726683315065853153, -3.395833333333332149 ) ) ;
#2325 = VECTOR ( 'NONE', #1885, 1000.000000000000000 ) ;
#2326 = CARTESIAN_POINT ( 'NONE',  ( -0.8922005383792517286, -1.545336663013168854, -2.170833333333332060 ) ) ;
#2327 = EDGE_CURVE ( 'NONE', #2320, #348, #645, .T. ) ;
#2328 =( BOUNDED_CURVE ( )  B_SPLINE_CURVE ( 1, ( #241, #1809 ),
 .UNSPECIFIED., .F., .F. ) 
 B_SPLINE_CURVE_WITH_KNOTS ( ( 2, 2 ),
 ( 0.000000000000000000, 0.0005250000000000023528 ),
 .UNSPECIFIED. ) 
 CURVE ( )  GEOMETRIC_REPRESENTATION_ITEM ( )  RATIONAL_B_SPLINE_CURVE ( ( 0.9439765058543203580, 0.9439765058543203580 ) ) 
 REPRESENTATION_ITEM ( '' )  );
#2329 = CIRCLE ( 'NONE', #2086, 3.500000000000000000 ) ;
#2330 = VERTEX_POINT ( 'NONE', #2446 ) ;
#2331 = CARTESIAN_POINT ( 'NONE',  ( 1.658780372346748688, -0.02106297470175830938, -4.889981466941651256 ) ) ;
#2332 = CARTESIAN_POINT ( 'NONE',  ( -1.338300807568877149, -0.7726683315065843161, -0.1291666666666654584 ) ) ;
#2333 = CARTESIAN_POINT ( 'NONE',  ( 0.000000000000000000, 1.545336663013169298, -3.862499999999998934 ) ) ;
#2334 = CARTESIAN_POINT ( 'NONE',  ( -1.764863307568877104, 1.018944305707784714, -4.117708333333362170 ) ) ;
#2335 = CARTESIAN_POINT ( 'NONE',  ( -1.176575538379251107, 2.037888611415568985, -4.919791666666637475 ) ) ;
#2336 = CARTESIAN_POINT ( 'NONE',  ( 2.309401076758504257, -4.242300954899628645E-16, -3.774999999999971934 ) ) ;
#2337 = CARTESIAN_POINT ( 'NONE',  ( -2.309401076758504257, 1.414100318299876297E-16, 0.07500000000002765566 ) ) ;
#2338 = CARTESIAN_POINT ( 'NONE',  ( 1.784401076758502347, -3.277891600571085508E-16, -3.337499999999999023 ) ) ;
#2339 = CARTESIAN_POINT ( 'NONE',  ( 1.338300807568876483, -0.7726683315065853153, -0.5958333333333327708 ) ) ;
#2340 = ADVANCED_FACE ( 'NONE', ( #2036, #108 ), #2269, .T. ) ;
#2341 = ORIENTED_EDGE ( 'NONE', *, *, #2138, .F. ) ;
#2342 = CARTESIAN_POINT ( 'NONE',  ( 0.000000000000000000, 3.781023957584240920E-56, 5.000000000000000000 ) ) ;
#2343 = ADVANCED_FACE ( 'NONE', ( #1618 ), #70, .F. ) ;
#2344 = CARTESIAN_POINT ( 'NONE',  ( 0.8922005383792521727, 1.545336663013168854, -1.820833333333332194 ) ) ;
#2345 = CARTESIAN_POINT ( 'NONE',  ( -2.353151076758502658, 1.440889467031223773E-16, -3.359375000000027978 ) ) ;
#2346 = DIRECTION ( 'NONE',  ( -0.000000000000000000, -7.562047915168481387E-57, -1.000000000000000000 ) ) ;
#2347 = CARTESIAN_POINT ( 'NONE',  ( 5.751325091730622394E-16, -1.732050807568877415, 4.870096189432334910 ) ) ;
#2348 = CARTESIAN_POINT ( 'NONE',  ( -1.732050807568878303, -1.000000000000000000, -1.266666666666638852 ) ) ;
#2349 = APPROVAL_ROLE ( '' ) ;
#2350 = CARTESIAN_POINT ( 'NONE',  ( -1.338300807568876927, 0.7726683315065848712, -0.9458333333333324155 ) ) ;
#2351 = CARTESIAN_POINT ( 'NONE',  ( 0.000000000000000000, 2.000000000000001776, 0.8000000000000003775 ) ) ;
#2352 = CARTESIAN_POINT ( 'NONE',  ( 0.000000000000000000, -1.224646799147355773E-13, 999.6452994616207661 ) ) ;
#2353 = CARTESIAN_POINT ( 'NONE',  ( 0.000000000000000000, 1.545336663013169298, 0.3375000000000010214 ) ) ;
#2354 = CARTESIAN_POINT ( 'NONE',  ( 1.176575538379252439, 2.037888611415568096, -4.992708333333361281 ) ) ;
#2355 = EDGE_CURVE ( 'NONE', #270, #1927, #2053, .T. ) ;
#2356 = ORIENTED_EDGE ( 'NONE', *, *, #632, .T. ) ;
#2357 = CARTESIAN_POINT ( 'NONE',  ( 0.000000000000000000, 2.037888611415568985, -4.278124999999969980 ) ) ;
#2358 = CARTESIAN_POINT ( 'NONE',  ( 0.000000000000000000, -3.500000000000000000, 1.199999999999999734 ) ) ;
#2359 = DIRECTION ( 'NONE',  ( 0.000000000000000000, -1.000000000000000000, 0.000000000000000000 ) ) ;
#2360 = CARTESIAN_POINT ( 'NONE',  ( -0.8922005383792511735, 1.545336663013169520, -4.504166666666665542 ) ) ;
#2361 = APPROVAL_DATE_TIME ( #1582, #2390 ) ;
#2362 = CC_DESIGN_DATE_AND_TIME_ASSIGNMENT ( #1006, #221, ( #1833 ) ) ;
#2363 = ORIENTED_EDGE ( 'NONE', *, *, #632, .F. ) ;
#2364 = CARTESIAN_POINT ( 'NONE',  ( -0.8922005383792510624, 1.545336663013169520, -2.404166666666665897 ) ) ;
#2365 = CARTESIAN_POINT ( 'NONE',  ( -2.309401076758504257, 1.414100318299876297E-16, -4.124999999999972466 ) ) ;
#2366 = AXIS2_PLACEMENT_3D ( 'NONE', #502, #1089, #888 ) ;
#2367 = ORIENTED_EDGE ( 'NONE', *, *, #2296, .T. ) ;
#2368 = DIRECTION ( 'NONE',  ( 1.060575238724904080E-16, 0.8660254037844362651, 0.5000000000000042188 ) ) ;
#2369 = AXIS2_PLACEMENT_3D ( 'NONE', #473, #2404, #1259 ) ;
#2370 = CARTESIAN_POINT ( 'NONE',  ( 1.338300807568876483, -0.7726683315065853153, 0.8041666666666674734 ) ) ;
#2371 = CARTESIAN_POINT ( 'NONE',  ( 0.000000000000000000, 2.037888611415568985, -2.834375000000028066 ) ) ;
#2372 = EDGE_CURVE ( 'NONE', #1669, #959, #1674, .T. ) ;
#2373 = CARTESIAN_POINT ( 'NONE',  ( 2.449293598294707893E-16, -2.000000000000000888, -5.000000000000000000 ) ) ;
#2374 = CARTESIAN_POINT ( 'NONE',  ( 1.154700538379252794, 2.000000000000000000, 0.6291666666666395624 ) ) ;
#2375 = CARTESIAN_POINT ( 'NONE',  ( 0.000000000000000000, 1.767227771688608007, -4.778108891324561291 ) ) ;
#2376 = CARTESIAN_POINT ( 'NONE',  ( -1.784401076758502347, 1.092630533523695375E-16, -3.687499999999999112 ) ) ;
#2377 = CARTESIAN_POINT ( 'NONE',  ( 0.8922005383792521727, 1.545336663013168854, -2.520833333333332149 ) ) ;
#2378 = DIRECTION ( 'NONE',  ( 0.4999999999999998335, 0.8660254037844388186, 0.000000000000000000 ) ) ;
#2379 = DIRECTION ( 'NONE',  ( 0.8660254037844383745, 0.5000000000000003331, 0.000000000000000000 ) ) ;
#2380 = CARTESIAN_POINT ( 'NONE',  ( -0.8922005383792517286, -1.545336663013168854, -1.470833333333332327 ) ) ;
#2381 = CARTESIAN_POINT ( 'NONE',  ( 0.000000000000000000, 2.037888611415568985, -0.7343750000000284217 ) ) ;
#2382 = CARTESIAN_POINT ( 'NONE',  ( 1.732050807568877637, -1.000000000000001332, -4.533333333333305681 ) ) ;
#2383 = CARTESIAN_POINT ( 'NONE',  ( -1.499999999999999778, -0.8660254037844388186, 4.870096189432334910 ) ) ;
#2384 = CARTESIAN_POINT ( 'NONE',  ( 1.338300807568877593, 0.7726683315065835389, -1.179166666666666030 ) ) ;
#2385 = PERSON_AND_ORGANIZATION_ROLE ( 'creator' ) ;
#2386 = CARTESIAN_POINT ( 'NONE',  ( -1.338300807568876927, 0.7726683315065848712, -3.833333333333333037 ) ) ;
#2387 = CARTESIAN_POINT ( 'NONE',  ( 0.000000000000000000, 2.000000000000000888, -0.09999999999997215283 ) ) ;
#2388 = CARTESIAN_POINT ( 'NONE',  ( -1.145495855507279392, -1.057338551293804052, 0.5374999999999979794 ) ) ;
#2389 =( BOUNDED_CURVE ( )  B_SPLINE_CURVE ( 2, ( #1917, #169, #715, #569, #1338, #157, #2505 ),
 .UNSPECIFIED., .F., .T. ) 
 B_SPLINE_CURVE_WITH_KNOTS ( ( 3, 2, 2, 3 ),
 ( 0.3571699281526709013, 0.3738365948193375088, 0.3905032614860042273, 0.4071699281526708347 ),
 .UNSPECIFIED. ) 
 CURVE ( )  GEOMETRIC_REPRESENTATION_ITEM ( )  RATIONAL_B_SPLINE_CURVE ( ( 1.000000000000000000, 0.8660254037844387076, 1.000000000000000000, 0.8660254037844387076, 1.000000000000000000, 0.8660254037844387076, 1.000000000000000000 ) ) 
 REPRESENTATION_ITEM ( '' )  );
#2390 = APPROVAL ( #1969, 'UNSPECIFIED' ) ;
#2391 = CARTESIAN_POINT ( 'NONE',  ( 0.000000000000000000, 2.000000000000000888, -2.812500000000026645 ) ) ;
#2392 = CARTESIAN_POINT ( 'NONE',  ( 1.176575538379252439, 2.037888611415568096, -0.09270833333336130078 ) ) ;
#2393 = ORIENTED_EDGE ( 'NONE', *, *, #2218, .T. ) ;
#2394 = CARTESIAN_POINT ( 'NONE',  ( 1.764863307568877993, 1.018944305707782938, -0.1947916666666374141 ) ) ;
#2395 = DIRECTION ( 'NONE',  ( -0.000000000000000000, -7.562047915168481387E-57, -1.000000000000000000 ) ) ;
#2396 = CARTESIAN_POINT ( 'NONE',  ( -1.019091975671370776, -1.191135485182867049, -4.981425464246420631 ) ) ;
#2397 = CARTESIAN_POINT ( 'NONE',  ( -1.338300807568876927, 0.7726683315065848712, -1.645833333333332593 ) ) ;
#2398 = ORIENTED_EDGE ( 'NONE', *, *, #115, .T. ) ;
#2399 = CARTESIAN_POINT ( 'NONE',  ( -1.338300807568876927, 0.7726683315065848712, -5.233333333333332504 ) ) ;
#2400 = CARTESIAN_POINT ( 'NONE',  ( 1.500000000000000000, -0.3042102711411889260, 4.638045381863457273 ) ) ;
#2401 = CARTESIAN_POINT ( 'NONE',  ( 2.309401076758504257, -4.242300954899628645E-16, -3.687500000000026645 ) ) ;
#2402 = B_SPLINE_CURVE_WITH_KNOTS ( 'NONE', 3,
 ( #1500, #2494, #1714, #356, #740, #1128, #1143, #1304, #1115, #1884 ),
 .UNSPECIFIED., .F., .F.,
 ( 4, 2, 2, 2, 4 ),
 ( 3.066586833366748373E-19, 0.0004895714581146428518, 0.0009791429162292852699, 0.001468714374343927471, 0.001958285832458569672 ),
 .UNSPECIFIED. ) ;
#2403 = EDGE_CURVE ( 'NONE', #1258, #1348, #1678, .T. ) ;
#2404 = DIRECTION ( 'NONE',  ( -0.000000000000000000, -7.562047915168481387E-57, -1.000000000000000000 ) ) ;
#2405 = AXIS2_PLACEMENT_3D ( 'NONE', #1785, #786, #812 ) ;
#2406 = VERTEX_POINT ( 'NONE', #56 ) ;
#2407 = CARTESIAN_POINT ( 'NONE',  ( 0.000000000000000000, -7.562047915168480934E-56, -5.000000000000000000 ) ) ;
#2408 = CARTESIAN_POINT ( 'NONE',  ( -1.764863307568877104, 1.018944305707784714, -0.6177083333333616144 ) ) ;
#2409 = ORIENTED_EDGE ( 'NONE', *, *, #876, .F. ) ;
#2410 = AXIS2_PLACEMENT_3D ( 'NONE', #1780, #412, #2177 ) ;
#2411 = CARTESIAN_POINT ( 'NONE',  ( -1.764863307568877104, 1.018944305707784714, 0.03854166666669624902 ) ) ;
#2412 = CARTESIAN_POINT ( 'NONE',  ( 1.338300807568877593, 0.7726683315065835389, -4.766666666666666607 ) ) ;
#2413 = VECTOR ( 'NONE', #838, 1000.000000000000114 ) ;
#2414 = DIRECTION ( 'NONE',  ( 0.000000000000000000, 1.000000000000000000, 0.000000000000000000 ) ) ;
#2415 = FACE_OUTER_BOUND ( 'NONE', #653, .T. ) ;
#2416 = EDGE_LOOP ( 'NONE', ( #1525, #1849, #520, #1944, #20 ) ) ;
#2417 = CARTESIAN_POINT ( 'NONE',  ( -1.892491597964129933E-16, -1.545336663013169298, -3.600000000000000089 ) ) ;
#2418 = DIRECTION ( 'NONE',  ( -0.000000000000000000, -7.562047915168481387E-57, -1.000000000000000000 ) ) ;
#2419 = CARTESIAN_POINT ( 'NONE',  ( 4.041334437186265510E-16, 3.299999999999999822, 1.000000000000000000 ) ) ;
#2420 = CONICAL_SURFACE ( 'NONE', #371, 1.545336663013169298, 0.7853981633974461696 ) ;
#2421 = ORIENTED_EDGE ( 'NONE', *, *, #146, .F. ) ;
#2422 = CARTESIAN_POINT ( 'NONE',  ( -1.953542047311153107, -0.4285714285709590343, 0.8000000000000007105 ) ) ;
#2423 = ADVANCED_FACE ( 'NONE', ( #1269 ), #2048, .T. ) ;
#2424 = CARTESIAN_POINT ( 'NONE',  ( 0.000000000000000000, 2.000000000000000888, -0.7999999999999722888 ) ) ;
#2425 = CARTESIAN_POINT ( 'NONE',  ( -2.353151076758502658, 1.440889467031223773E-16, -0.5593750000000285993 ) ) ;
#2426 = EDGE_CURVE ( 'NONE', #806, #1644, #2116, .T. ) ;
#2427 = CARTESIAN_POINT ( 'NONE',  ( -1.176575538379251107, 2.037888611415568985, -2.819791666666636942 ) ) ;
#2428 = CARTESIAN_POINT ( 'NONE',  ( 1.338300807568876483, -0.7726683315065853153, -2.083333333333333037 ) ) ;
#2429 = LINE ( 'NONE', #282, #2537 ) ;
#2430 = ORIENTED_EDGE ( 'NONE', *, *, #1094, .T. ) ;
#2431 = CARTESIAN_POINT ( 'NONE',  ( 0.8922005383792521727, 1.545336663013168854, 0.2791666666666680063 ) ) ;
#2432 = DIRECTION ( 'NONE',  ( 0.000000000000000000, 1.000000000000000000, 0.000000000000000000 ) ) ;
#2433 = CARTESIAN_POINT ( 'NONE',  ( -1.823175883080497384, 0.3991240922405256408, -4.683002443635023937 ) ) ;
#2434 = CARTESIAN_POINT ( 'NONE',  ( -1.689851929774194073, 1.069766542493472583, 0.8000000000000003775 ) ) ;
#2435 = DIRECTION ( 'NONE',  ( -0.000000000000000000, -7.562047915168481387E-57, -1.000000000000000000 ) ) ;
#2436 = CARTESIAN_POINT ( 'NONE',  ( 1.154700538379251240, -2.000000000000001332, -1.004166666666693519 ) ) ;
#2437 = CARTESIAN_POINT ( 'NONE',  ( 1.176575538379252439, 2.037888611415568096, -2.936458333333304083 ) ) ;
#2438 = EDGE_CURVE ( 'NONE', #2320, #575, #1230, .T. ) ;
#2439 = CARTESIAN_POINT ( 'NONE',  ( -1.338300807568877149, -0.7726683315065843161, -1.616666666666666474 ) ) ;
#2440 = CARTESIAN_POINT ( 'NONE',  ( 0.8922005383792507294, -1.545336663013169742, -4.241666666666666252 ) ) ;
#2441 = CARTESIAN_POINT ( 'NONE',  ( 1.338300807568877593, 0.7726683315065835389, -2.579166666666665719 ) ) ;
#2442 = VERTEX_POINT ( 'NONE', #340 ) ;
#2443 = EDGE_LOOP ( 'NONE', ( #695, #2123, #1544, #757, #1420, #1527 ) ) ;
#2444 = CARTESIAN_POINT ( 'NONE',  ( 0.8922005383792507294, -1.545336663013169742, -4.241666666666666252 ) ) ;
#2445 = FACE_OUTER_BOUND ( 'NONE', #2176, .T. ) ;
#2446 = CARTESIAN_POINT ( 'NONE',  ( 0.000000000000000000, 2.000000000000000888, -0.7999999999999722888 ) ) ;
#2447 = DIRECTION ( 'NONE',  ( 0.000000000000000000, -0.7071067811865483499, 0.7071067811865467956 ) ) ;
#2448 = DIRECTION ( 'NONE',  ( 0.000000000000000000, 1.000000000000000000, 0.000000000000000000 ) ) ;
#2449 = CARTESIAN_POINT ( 'NONE',  ( -1.176575538379251107, 2.037888611415568985, 0.7239583333333047266 ) ) ;
#2450 = CONICAL_SURFACE ( 'NONE', #1343, 1.545336663013169298, 0.7853981633974461696 ) ;
#2451 = CARTESIAN_POINT ( 'NONE',  ( -2.495693764988920690E-16, -2.037888611415568985, -2.528124999999970424 ) ) ;
#2452 = CARTESIAN_POINT ( 'NONE',  ( -1.338300807568877149, -0.7726683315065843161, -2.316666666666666430 ) ) ;
#2453 = CARTESIAN_POINT ( 'NONE',  ( -1.892491597964129933E-16, -1.545336663013169298, -0.7999999999999994893 ) ) ;
#2454 = ORIENTED_EDGE ( 'NONE', *, *, #2532, .F. ) ;
#2455 = CONICAL_SURFACE ( 'NONE', #1428, 3.299999999999999822, 0.7853981633974492782 ) ;
#2456 = EDGE_LOOP ( 'NONE', ( #1504, #1398, #1056, #2521 ) ) ;
#2457 = CARTESIAN_POINT ( 'NONE',  ( 0.000000000000000000, 1.545336663013169298, -1.149999999999999911 ) ) ;
#2458 = DIRECTION ( 'NONE',  ( 0.000000000000000000, -1.000000000000000000, 7.562047915168481387E-57 ) ) ;
#2459 = CARTESIAN_POINT ( 'NONE',  ( -1.638055182908235485, 0.8555951293755647002, -4.701374594627676373 ) ) ;
#2460 = ADVANCED_FACE ( 'NONE', ( #1698 ), #523, .T. ) ;
#2461 = DIRECTION ( 'NONE',  ( 0.000000000000000000, -1.000000000000000000, 0.000000000000000000 ) ) ;
#2462 = CARTESIAN_POINT ( 'NONE',  ( 0.000000000000000000, 2.000000000000000888, -0.7125000000000267786 ) ) ;
#2463 = CARTESIAN_POINT ( 'NONE',  ( -2.353151076758502658, 1.440889467031223773E-16, 1.496875000000029488 ) ) ;
#2464 = CARTESIAN_POINT ( 'NONE',  ( -0.8922005383792511735, 1.545336663013169520, -4.591666666666665897 ) ) ;
#2465 = CARTESIAN_POINT ( 'NONE',  ( 0.8922005383792507294, -1.545336663013169742, -3.541666666666666075 ) ) ;
#2466 = VERTEX_POINT ( 'NONE', #761 ) ;
#2467 = CARTESIAN_POINT ( 'NONE',  ( 1.338300807568876483, -0.7726683315065853153, -0.6833333333333335702 ) ) ;
#2468 = LINE ( 'NONE', #1725, #815 ) ;
#2469 = DIRECTION ( 'NONE',  ( 0.000000000000000000, 0.000000000000000000, 1.000000000000000000 ) ) ;
#2470 = ORIENTED_EDGE ( 'NONE', *, *, #665, .T. ) ;
#2471 = ADVANCED_FACE ( 'NONE', ( #328 ), #158, .T. ) ;
#2472 = CARTESIAN_POINT ( 'NONE',  ( -2.449293598294707400E-16, -2.000000000000000888, -3.162500000000026734 ) ) ;
#2473 = CARTESIAN_POINT ( 'NONE',  ( -1.732050807568878081, 1.000000000000000666, -2.083333333333305060 ) ) ;
#2474 = CARTESIAN_POINT ( 'NONE',  ( -1.784401076758502347, 1.092630533523695498E-16, -3.687499999999999112 ) ) ;
#2475 = CARTESIAN_POINT ( 'NONE',  ( -1.338300807568876927, 0.7726683315065848712, -0.3333333333333330373 ) ) ;
#2476 = CARTESIAN_POINT ( 'NONE',  ( -1.784401076758502347, 1.092630533523695498E-16, -1.674999999999999822 ) ) ;
#2477 = VERTEX_POINT ( 'NONE', #1931 ) ;
#2478 = ORIENTED_EDGE ( 'NONE', *, *, #2426, .T. ) ;
#2479 = CARTESIAN_POINT ( 'NONE',  ( -1.338300807568876927, 0.7726683315065848712, 0.3666666666666670293 ) ) ;
#2480 = CARTESIAN_POINT ( 'NONE',  ( 0.4547212510673956376, 1.839121828802209535, 0.7309401599745464218 ) ) ;
#2481 = DIRECTION ( 'NONE',  ( -0.000000000000000000, -7.562047915168481387E-57, -1.000000000000000000 ) ) ;
#2482 = EDGE_CURVE ( 'NONE', #509, #1109, #353, .T. ) ;
#2483 = CARTESIAN_POINT ( 'NONE',  ( 1.293444672199229517E-11, -1.599463250750404297, 0.5687500000004053202 ) ) ;
#2484 = CARTESIAN_POINT ( 'NONE',  ( 1.732050807568878970, 0.9999999999999988898, -0.2166666666666389740 ) ) ;
#2485 = CARTESIAN_POINT ( 'NONE',  ( -1.764863307568877104, 1.018944305707784714, 1.438541666666696361 ) ) ;
#2486 = CARTESIAN_POINT ( 'NONE',  ( -1.499999999999999778, 1.836760632859557058E-16, 4.638045381863459049 ) ) ;
#2487 = CARTESIAN_POINT ( 'NONE',  ( 0.000000000000000000, 1.545336663013169298, -1.149999999999999911 ) ) ;
#2488 = EDGE_LOOP ( 'NONE', ( #1181, #2021, #100, #2309, #2277, #781, #1413 ) ) ;
#2489 = CARTESIAN_POINT ( 'NONE',  ( 2.309401076758504257, -4.242300954899628645E-16, -2.374999999999971578 ) ) ;
#2490 = CARTESIAN_POINT ( 'NONE',  ( 0.8922005383792521727, 1.545336663013168854, -0.5083333333333328596 ) ) ;
#2491 = CARTESIAN_POINT ( 'NONE',  ( 1.059619966354815146, 1.512522150840805102, 0.7094877207656895557 ) ) ;
#2492 = CARTESIAN_POINT ( 'NONE',  ( -1.732050807568878303, -1.000000000000000000, -0.4791666666666932195 ) ) ;
#2493 = VECTOR ( 'NONE', #1271, 1000.000000000000000 ) ;
#2494 = CARTESIAN_POINT ( 'NONE',  ( -1.595221303911174227, 1.205427046079954767, 0.7957314537797879339 ) ) ;
#2495 = DIRECTION ( 'NONE',  ( -0.000000000000000000, -7.562047915168481387E-57, -1.000000000000000000 ) ) ;
#2496 = CARTESIAN_POINT ( 'NONE',  ( 0.000000000000000000, 2.037888611415568985, 1.321875000000029665 ) ) ;
#2497 = CARTESIAN_POINT ( 'NONE',  ( -1.892491597964129933E-16, -1.545336663013169298, -4.912499999999999645 ) ) ;
#2498 = CARTESIAN_POINT ( 'NONE',  ( -1.338300807568876927, 0.7726683315065848712, -1.733333333333333171 ) ) ;
#2499 = ORIENTED_EDGE ( 'NONE', *, *, #2092, .F. ) ;
#2500 = VERTEX_POINT ( 'NONE', #1125 ) ;
#2501 = ORIENTED_EDGE ( 'NONE', *, *, #2033, .F. ) ;
#2502 = CARTESIAN_POINT ( 'NONE',  ( -3.745615662190465085E-16, 1.732050807568877415, 4.870096189432334910 ) ) ;
#2503 = CARTESIAN_POINT ( 'NONE',  ( -1.784401076758502347, 1.092630533523695498E-16, -2.374999999999999556 ) ) ;
#2504 = DIRECTION ( 'NONE',  ( 0.000000000000000000, 0.000000000000000000, 1.000000000000000000 ) ) ;
#2505 = CARTESIAN_POINT ( 'NONE',  ( -2.449293598294707400E-16, -2.000000000000000888, -1.762500000000026379 ) ) ;
#2506 = ORIENTED_EDGE ( 'NONE', *, *, #1487, .F. ) ;
#2507 =( BOUNDED_CURVE ( )  B_SPLINE_CURVE ( 2, ( #187, #2182, #436, #1578, #427, #614, #811 ),
 .UNSPECIFIED., .F., .F. ) 
 B_SPLINE_CURVE_WITH_KNOTS ( ( 3, 2, 2, 3 ),
 ( 0.4500000000000000666, 0.4666666666666667296, 0.4833333333333333370, 0.5000000000000000000 ),
 .UNSPECIFIED. ) 
 CURVE ( )  GEOMETRIC_REPRESENTATION_ITEM ( )  RATIONAL_B_SPLINE_CURVE ( ( 0.9999999999999995559, 0.8660254037844391517, 1.000000000000000000, 0.8660254037844387076, 1.000000000000000000, 0.8660254037844387076, 1.000000000000000000 ) ) 
 REPRESENTATION_ITEM ( '' )  );
#2508 = ORIENTED_EDGE ( 'NONE', *, *, #586, .T. ) ;
#2509 = CARTESIAN_POINT ( 'NONE',  ( 1.338300807568876483, -0.7726683315065853153, -4.095833333333332327 ) ) ;
#2510 = LINE ( 'NONE', #962, #604 ) ;
#2511 = CARTESIAN_POINT ( 'NONE',  ( -0.8922005383792517286, -1.545336663013168854, 1.241666666666666918 ) ) ;
#2512 = ORIENTED_EDGE ( 'NONE', *, *, #2256, .F. ) ;
#2513 = EDGE_CURVE ( 'NONE', #118, #2299, #2389, .T. ) ;
#2514 = VERTEX_POINT ( 'NONE', #1314 ) ;
#2515 = CARTESIAN_POINT ( 'NONE',  ( 0.4908700901641190328, 1.448646828875487680, 4.637405605205471737 ) ) ;
#2516 = CARTESIAN_POINT ( 'NONE',  ( -1.154700538379252572, -2.000000000000000888, 0.2791666666666398622 ) ) ;
#2517 = CARTESIAN_POINT ( 'NONE',  ( -1.732050807568878303, -1.000000000000000000, -1.179166666666693342 ) ) ;
#2518 = CARTESIAN_POINT ( 'NONE',  ( 0.8922005383792507294, -1.545336663013169742, -1.354166666666665853 ) ) ;
#2519 = ORIENTED_EDGE ( 'NONE', *, *, #2075, .T. ) ;
#2520 = CARTESIAN_POINT ( 'NONE',  ( 1.577416387943928244, -0.4473962140916027952, -4.909267387766602653 ) ) ;
#2521 = ORIENTED_EDGE ( 'NONE', *, *, #1605, .F. ) ;
#2522 = CARTESIAN_POINT ( 'NONE',  ( 0.8922005383792521727, 1.545336663013168854, -1.120833333333332238 ) ) ;
#2523 = CARTESIAN_POINT ( 'NONE',  ( -1.784401076758502347, 1.092630533523695375E-16, 0.4250000000000000444 ) ) ;
#2524 = CARTESIAN_POINT ( 'NONE',  ( 0.000000000000000000, 2.037888611415568985, -4.234375000000028422 ) ) ;
#2525 = ORIENTED_EDGE ( 'NONE', *, *, #389, .F. ) ;
#2526 = CARTESIAN_POINT ( 'NONE',  ( -1.499999999999999778, 0.8660254037844384856, 4.870096189432334910 ) ) ;
#2527 = DIRECTION ( 'NONE',  ( -0.000000000000000000, -0.000000000000000000, 1.000000000000000000 ) ) ;
#2528 = CARTESIAN_POINT ( 'NONE',  ( -1.338300807568877149, -0.7726683315065843161, 1.183333333333334014 ) ) ;
#2529 = AXIS2_PLACEMENT_3D ( 'NONE', #751, #2481, #1531 ) ;
#2530 = CARTESIAN_POINT ( 'NONE',  ( -0.8922005383792517286, -1.545336663013168854, -3.570833333333331971 ) ) ;
#2531 = TOROIDAL_SURFACE ( 'NONE', #730, 2.200000000000001954, 0.1999999999999998723 ) ;
#2532 = EDGE_CURVE ( 'NONE', #1644, #1792, #909, .T. ) ;
#2533 = VECTOR ( 'NONE', #2346, 1000.000000000000000 ) ;
#2534 = CARTESIAN_POINT ( 'NONE',  ( 0.8922005383792521727, 1.545336663013168854, -1.820833333333332194 ) ) ;
#2535 = EDGE_CURVE ( 'NONE', #44, #216, #464, .T. ) ;
#2536 = CIRCLE ( 'NONE', #2122, 1.545336663013169298 ) ;
#2537 = VECTOR ( 'NONE', #2265, 1000.000000000000000 ) ;
#2538 = LOCAL_TIME ( 12, 53, 28.00000000000000000, #1955 ) ;
#2539 = VECTOR ( 'NONE', #147, 1000.000000000000000 ) ;
#2540 = CARTESIAN_POINT ( 'NONE',  ( 0.7297655078867668621, 1.579968866737365252, -4.808351402764603044 ) ) ;
ENDSEC;
END-ISO-10303-21;
