ISO-10303-21;
HEADER;
FILE_DESCRIPTION (( 'STEP AP203' ),
    '1' );
FILE_NAME ('91290A144_Alloy Steel Socket Head Screw.STEP',
    '2025-07-16T13:29:28',
    ( 'Administrator' ),
    ( 'Managed by Terraform' ),
    'SwSTEP 2.0',
    'SolidWorks 2017',
    '' );
FILE_SCHEMA (( 'CONFIG_CONTROL_DESIGN' ));
ENDSEC;

DATA;
#1 = CARTESIAN_POINT ( 'NONE',  ( 0.0000000000000000000, 2.000000000000000900, -7.000000000000000000 ) ) ;
#2 = ORIENTED_EDGE ( 'NONE', *, *, #1751, .T. ) ;
#3 = CARTESIAN_POINT ( 'NONE',  ( -0.8922005383792517300, -1.545336663013168900, -1.370833333333332200 ) ) ;
#4 = CARTESIAN_POINT ( 'NONE',  ( 1.605591327059802600, -1.192508486540178000, -6.545336663013166000 ) ) ;
#5 = EDGE_CURVE ( 'NONE', #2867, #142, #1647, .T. ) ;
#6 = CARTESIAN_POINT ( 'NONE',  ( 1.317854340758858800, 1.103052742662840900, -6.840630314136238800 ) ) ;
#7 =( BOUNDED_CURVE ( )  B_SPLINE_CURVE ( 2, ( #807, #819, #43, #2723, #309, #3499, #1895 ),
 .UNSPECIFIED., .F., .F. ) 
 B_SPLINE_CURVE_WITH_KNOTS ( ( 3, 2, 2, 3 ),
 ( 0.2187500000000000000, 0.2291666666666666900, 0.2395833333333333700, 0.2500000000000000600 ),
 .UNSPECIFIED. ) 
 CURVE ( )  GEOMETRIC_REPRESENTATION_ITEM ( )  RATIONAL_B_SPLINE_CURVE ( ( 1.000000000000000000, 0.8660254037844387100, 1.000000000000000000, 0.8660254037844387100, 1.000000000000000000, 0.8660254037844380400, 1.000000000000000700 ) ) 
 REPRESENTATION_ITEM ( '' )  );
#8 = CARTESIAN_POINT ( 'NONE',  ( -2.164757899892817000, 0.3263065541306777700, 3.678194343084495000 ) ) ;
#9 = ORIENTED_EDGE ( 'NONE', *, *, #322, .F. ) ;
#10 = DIRECTION ( 'NONE',  ( -0.0000000000000000000, -3.858187711820656000E-057, -1.000000000000000000 ) ) ;
#11 = CARTESIAN_POINT ( 'NONE',  ( -2.495693764988920700E-016, -2.037888611415569000, 1.115624999999979400 ) ) ;
#12 = CIRCLE ( 'NONE', #1404, 1.861954618136542700 ) ;
#13 = DIRECTION ( 'NONE',  ( -0.0000000000000000000, -3.858187711820656000E-057, -1.000000000000000000 ) ) ;
#14 = CARTESIAN_POINT ( 'NONE',  ( 0.8922005383792521700, 1.545336663013168900, -3.820833333333332400 ) ) ;
#15 = DIRECTION ( 'NONE',  ( 0.0000000000000000000, 1.000000000000000000, 0.0000000000000000000 ) ) ;
#16 = VECTOR ( 'NONE', #2792, 1000.000000000000000 ) ;
#17 = CARTESIAN_POINT ( 'NONE',  ( 1.338300807568876500, -0.7726683315065853200, -3.295833333333332100 ) ) ;
#18 = VERTEX_POINT ( 'NONE', #3468 ) ;
#19 = CARTESIAN_POINT ( 'NONE',  ( 1.338300807568877600, 0.7726683315065835400, 2.420833333333334700 ) ) ;
#20 = CYLINDRICAL_SURFACE ( 'NONE', #2244, 2.000000000000000900 ) ;
#21 = CARTESIAN_POINT ( 'NONE',  ( -2.309401076759206400, 1.414100318300306000E-016, 2.362499999999629500 ) ) ;
#22 = LINE ( 'NONE', #766, #2090 ) ;
#23 = CARTESIAN_POINT ( 'NONE',  ( 0.8922005383792507300, -1.545336663013169700, -2.654166666666665900 ) ) ;
#24 = CARTESIAN_POINT ( 'NONE',  ( 0.0000000000000000000, -5.401462796548918100E-056, -6.999999999999998200 ) ) ;
#25 = CARTESIAN_POINT ( 'NONE',  ( 2.353151076758502700, -4.322668401093671800E-016, 1.290624999999981000 ) ) ;
#26 = CARTESIAN_POINT ( 'NONE',  ( -2.449293598294706900E-016, -2.000000000000000900, 0.4374999999999812400 ) ) ;
#27 = CARTESIAN_POINT ( 'NONE',  ( 1.338300807568877400, 0.7726683315065834300, -6.066666666666666400 ) ) ;
#28 = CARTESIAN_POINT ( 'NONE',  ( 1.176575538379252400, 2.037888611415568100, -6.336458333333313300 ) ) ;
#29 = CARTESIAN_POINT ( 'NONE',  ( -1.338300807568876900, 0.7726683315065848700, -0.8458333333333321000 ) ) ;
#30 = ORIENTED_EDGE ( 'NONE', *, *, #786, .F. ) ;
#31 = CARTESIAN_POINT ( 'NONE',  ( -1.154700538379249200, -2.000000000000007100, -1.808333333333313100 ) ) ;
#32 = CARTESIAN_POINT ( 'NONE',  ( -1.338300807568876900, 0.7726683315065848700, -0.1458333333333320100 ) ) ;
#33 = ORIENTED_EDGE ( 'NONE', *, *, #918, .T. ) ;
#34 = CARTESIAN_POINT ( 'NONE',  ( -1.338300807568877100, -0.7726683315065843200, 0.6708333333333349500 ) ) ;
#35 = CARTESIAN_POINT ( 'NONE',  ( 0.1094979482178055600, -1.549875370041949900, -6.995461292971223900 ) ) ;
#36 = CARTESIAN_POINT ( 'NONE',  ( 0.8922005383792507300, -1.545336663013169700, -5.454166666666666600 ) ) ;
#37 = CARTESIAN_POINT ( 'NONE',  ( -2.495693764988920700E-016, -2.037888611415569000, 1.815624999999980500 ) ) ;
#38 = CARTESIAN_POINT ( 'NONE',  ( -2.449293598294707400E-016, -2.000000000000000900, -2.449999999999979700 ) ) ;
#39 = CARTESIAN_POINT ( 'NONE',  ( 0.8922005383792521700, 1.545336663013168900, -0.3208333333333326400 ) ) ;
#40 = EDGE_LOOP ( 'NONE', ( #2601, #2095, #3026, #3396 ) ) ;
#41 = CARTESIAN_POINT ( 'NONE',  ( -1.338300807568877100, -0.7726683315065843200, -0.02916666666666605700 ) ) ;
#42 = CARTESIAN_POINT ( 'NONE',  ( -0.8922005383792510600, 1.545336663013169500, 1.195833333333334400 ) ) ;
#43 = CARTESIAN_POINT ( 'NONE',  ( 1.732050807568877600, -1.000000000000001300, -4.433333333333313100 ) ) ;
#44 = CARTESIAN_POINT ( 'NONE',  ( -2.449293598294708900E-016, -2.000000000000002200, 2.537499999999980100 ) ) ;
#45 = AXIS2_PLACEMENT_3D ( 'NONE', #3261, #2194, #831 ) ;
#46 = CARTESIAN_POINT ( 'NONE',  ( -1.784401076758502300, 1.092630533523695500E-016, -2.187499999999999600 ) ) ;
#47 = CARTESIAN_POINT ( 'NONE',  ( -1.732050807568878100, 1.000000000000000700, -3.295833333333352500 ) ) ;
#48 = CARTESIAN_POINT ( 'NONE',  ( 0.0000000000000000000, 2.037888611415569000, -0.6343750000000194500 ) ) ;
#49 = CARTESIAN_POINT ( 'NONE',  ( 1.338300807568876500, -0.7726683315065853200, 3.004166666666668200 ) ) ;
#50 = AXIS2_PLACEMENT_3D ( 'NONE', #1921, #2181, #1162 ) ;
#51 = CARTESIAN_POINT ( 'NONE',  ( 0.0000000000000000000, 2.000000000000000000, -5.512500000000018800 ) ) ;
#52 = CARTESIAN_POINT ( 'NONE',  ( 1.338300807568876500, -0.7726683315065853200, 1.604166666666667900 ) ) ;
#53 = CARTESIAN_POINT ( 'NONE',  ( 0.0000000000000000000, 1.545336663013170200, 2.537499999999998800 ) ) ;
#54 = AXIS2_PLACEMENT_3D ( 'NONE', #1658, #3292, #1147 ) ;
#55 = EDGE_CURVE ( 'NONE', #364, #2346, #965, .T. ) ;
#56 = CARTESIAN_POINT ( 'NONE',  ( 0.0000000000000000000, 2.000000000000000900, 2.800000000000019400 ) ) ;
#57 = CARTESIAN_POINT ( 'NONE',  ( 0.8922005383792521700, 1.545336663013168900, -4.520833333333332100 ) ) ;
#58 = EDGE_LOOP ( 'NONE', ( #2970, #2187, #899, #2259 ) ) ;
#59 = CARTESIAN_POINT ( 'NONE',  ( 0.0000000000000000000, -5.401462796548918100E-056, -7.000000000000000000 ) ) ;
#60 = CARTESIAN_POINT ( 'NONE',  ( -1.764863307568877100, 1.018944305707784700, 2.282291666666648000 ) ) ;
#61 = VECTOR ( 'NONE', #2559, 999.9999999999998900 ) ;
#62 = CARTESIAN_POINT ( 'NONE',  ( 1.338300807568877600, 0.7726683315065835400, 1.720833333333333700 ) ) ;
#63 = ORIENTED_EDGE ( 'NONE', *, *, #745, .T. ) ;
#64 = CARTESIAN_POINT ( 'NONE',  ( 2.309401076758505100, -4.242300954899629100E-016, 2.712499999999980400 ) ) ;
#65 = CARTESIAN_POINT ( 'NONE',  ( -1.732050807568893800, 1.000000000000009800, -2.595833333333362500 ) ) ;
#66 = CARTESIAN_POINT ( 'NONE',  ( 1.154700538379251500, -2.000000000000001300, 0.4958333333333149200 ) ) ;
#67 = EDGE_CURVE ( 'NONE', #2451, #1250, #697, .T. ) ;
#68 = ORIENTED_EDGE ( 'NONE', *, *, #3083, .F. ) ;
#69 = CARTESIAN_POINT ( 'NONE',  ( -1.892491597964129900E-016, -1.545336663013169300, -4.812499999999999100 ) ) ;
#70 = ORIENTED_EDGE ( 'NONE', *, *, #2354, .F. ) ;
#71 = AXIS2_PLACEMENT_3D ( 'NONE', #2672, #529, #3202 ) ;
#72 = CARTESIAN_POINT ( 'NONE',  ( -2.449293598294708900E-016, -2.000000000000002200, -4.462500000000018100 ) ) ;
#73 = ADVANCED_FACE ( 'NONE', ( #2699 ), #266, .F. ) ;
#74 = CARTESIAN_POINT ( 'NONE',  ( -0.8922005383792510600, 1.545336663013169500, 1.195833333333334400 ) ) ;
#75 = CARTESIAN_POINT ( 'NONE',  ( -1.892491597964129900E-016, -1.545336663013169300, -3.499999999999999600 ) ) ;
#76 =( BOUNDED_CURVE ( )  B_SPLINE_CURVE ( 2, ( #1035, #717, #2914, #166, #1838, #1315, #453 ),
 .UNSPECIFIED., .F., .F. ) 
 B_SPLINE_CURVE_WITH_KNOTS ( ( 3, 2, 2, 3 ),
 ( 0.2500000000000000600, 0.2604166666666667400, 0.2708333333333333100, 0.2812500000000000000 ),
 .UNSPECIFIED. ) 
 CURVE ( )  GEOMETRIC_REPRESENTATION_ITEM ( )  RATIONAL_B_SPLINE_CURVE ( ( 0.9999999999999993300, 0.8660254037844393700, 1.000000000000000000, 0.8660254037844387100, 1.000000000000000000, 0.8660254037844387100, 1.000000000000000000 ) ) 
 REPRESENTATION_ITEM ( '' )  );
#77 = CARTESIAN_POINT ( 'NONE',  ( 0.0000000000000000000, 2.200000000000001500, 2.800000000000000300 ) ) ;
#78 = ORIENTED_EDGE ( 'NONE', *, *, #2687, .T. ) ;
#79 = CARTESIAN_POINT ( 'NONE',  ( -1.338300807568876900, 0.7726683315065848700, -0.1458333333333320100 ) ) ;
#80 = CARTESIAN_POINT ( 'NONE',  ( 0.0000000000000000000, -5.401462796548918100E-056, -7.000000000000000000 ) ) ;
#81 = CARTESIAN_POINT ( 'NONE',  ( 0.8922005383792521700, 1.545336663013168900, 3.179166666666667600 ) ) ;
#82 = VERTEX_POINT ( 'NONE', #1693 ) ;
#83 = CARTESIAN_POINT ( 'NONE',  ( 1.338300807568876500, -0.7726683315065853200, -5.483333333333333400 ) ) ;
#84 = CARTESIAN_POINT ( 'NONE',  ( 0.3244505120075005800, -1.973507503218083800, -6.545336663013166000 ) ) ;
#85 = ADVANCED_FACE ( 'NONE', ( #2445 ), #267, .T. ) ;
#86 = EDGE_CURVE ( 'NONE', #2026, #817, #139, .T. ) ;
#87 = CARTESIAN_POINT ( 'NONE',  ( 1.338300807568876500, -0.7726683315065853200, -1.195833333333332600 ) ) ;
#88 = LOCAL_TIME ( 8, 29, 28.00000000000000000, #1240 ) ;
#89 = CARTESIAN_POINT ( 'NONE',  ( 1.338300807568877600, 0.7726683315065835400, -4.666666666666666100 ) ) ;
#90 = CARTESIAN_POINT ( 'NONE',  ( -2.495693764988920700E-016, -2.037888611415569000, -6.628124999999979400 ) ) ;
#91 = CARTESIAN_POINT ( 'NONE',  ( 1.338300807568876500, -0.7726683315065853200, -2.683333333333333600 ) ) ;
#92 = CIRCLE ( 'NONE', #596, 3.299999999999999800 ) ;
#93 = CARTESIAN_POINT ( 'NONE',  ( 2.977860112640532100E-011, -2.000000000000000900, -2.362499999998513900 ) ) ;
#94 = CARTESIAN_POINT ( 'NONE',  ( -2.449293598294708900E-016, -2.000000000000001800, -3.062500000000018700 ) ) ;
#95 = CARTESIAN_POINT ( 'NONE',  ( 1.154700538388471000, -1.999999999984095600, 1.195833333334225700 ) ) ;
#96 = FACE_OUTER_BOUND ( 'NONE', #40, .T. ) ;
#97 = CARTESIAN_POINT ( 'NONE',  ( 0.0000000000000000000, -5.401462796548918100E-056, -7.000000000000000000 ) ) ;
#98 = ORIENTED_EDGE ( 'NONE', *, *, #224, .F. ) ;
#99 = FACE_OUTER_BOUND ( 'NONE', #2542, .T. ) ;
#100 = CARTESIAN_POINT ( 'NONE',  ( -0.8922005383792510600, 1.545336663013169500, -1.604166666666666100 ) ) ;
#101 = ADVANCED_FACE ( 'NONE', ( #3065 ), #179, .T. ) ;
#102 = CARTESIAN_POINT ( 'NONE',  ( -1.338300807568876900, 0.7726683315065848700, -5.133333333333333700 ) ) ;
#103 = CARTESIAN_POINT ( 'NONE',  ( -1.176575538379251100, 2.037888611415569000, -6.219791666666646200 ) ) ;
#104 = CARTESIAN_POINT ( 'NONE',  ( 1.784401076758502300, -3.277891600571085500E-016, -4.025000000000000400 ) ) ;
#105 = ORIENTED_EDGE ( 'NONE', *, *, #407, .T. ) ;
#106 = DIRECTION ( 'NONE',  ( 0.0000000000000000000, 1.000000000000000000, 0.0000000000000000000 ) ) ;
#107 = EDGE_CURVE ( 'NONE', #3276, #3000, #914, .T. ) ;
#108 = CARTESIAN_POINT ( 'NONE',  ( 1.784401076758502300, -3.277891600571085500E-016, 0.9625000000000006900 ) ) ;
#109 = ORIENTED_EDGE ( 'NONE', *, *, #1463, .T. ) ;
#110 = CARTESIAN_POINT ( 'NONE',  ( 1.338300807568876500, -0.7726683315065853200, -0.4958333333333325200 ) ) ;
#111 = CARTESIAN_POINT ( 'NONE',  ( 1.784401076758502300, -3.277891600571085500E-016, -6.037499999999999600 ) ) ;
#112 = CARTESIAN_POINT ( 'NONE',  ( -1.892491597964129900E-016, -1.545336663013169300, -5.599999999999999600 ) ) ;
#113 = DIRECTION ( 'NONE',  ( 0.8660254037844387100, -0.4999999999999997800, 0.0000000000000000000 ) ) ;
#114 = CARTESIAN_POINT ( 'NONE',  ( 0.8922005383792508400, -1.545336663013169700, -4.841666666666665900 ) ) ;
#115 = EDGE_CURVE ( 'NONE', #2005, #1810, #1721, .T. ) ;
#116 = CARTESIAN_POINT ( 'NONE',  ( 0.0000000000000000000, 2.000000000000001800, -4.112500000000018500 ) ) ;
#117 = CARTESIAN_POINT ( 'NONE',  ( 0.0000000000000000000, 1.545336663013169300, 0.4375000000000012800 ) ) ;
#118 = ORIENTED_EDGE ( 'NONE', *, *, #1999, .F. ) ;
#119 = DIRECTION ( 'NONE',  ( -0.0000000000000000000, -3.858187711820656000E-057, -1.000000000000000000 ) ) ;
#120 = CARTESIAN_POINT ( 'NONE',  ( -1.784401076758502300, 1.092630533523695500E-016, -5.074999999999999300 ) ) ;
#121 = CARTESIAN_POINT ( 'NONE',  ( -1.176575538379251100, 2.037888611415569000, -4.119791666666645600 ) ) ;
#122 = CARTESIAN_POINT ( 'NONE',  ( -1.338300807568876900, 0.7726683315065848700, -0.9333333333333329000 ) ) ;
#123 = CARTESIAN_POINT ( 'NONE',  ( -2.449293598294707400E-016, -2.000000000000000900, -1.049999999999980500 ) ) ;
#124 = DIRECTION ( 'NONE',  ( -0.0000000000000000000, -3.858187711820656000E-057, -1.000000000000000000 ) ) ;
#125 = VERTEX_POINT ( 'NONE', #3342 ) ;
#126 = CARTESIAN_POINT ( 'NONE',  ( 1.338300807568876500, -0.7726683315065853200, 0.9041666666666667900 ) ) ;
#127 = CARTESIAN_POINT ( 'NONE',  ( 1.861954618136542700, 2.700731398274459000E-056, 7.000000000000000000 ) ) ;
#128 = DIRECTION ( 'NONE',  ( 0.0000000000000000000, 1.000000000000000000, -3.858187711820656000E-057 ) ) ;
#129 = CARTESIAN_POINT ( 'NONE',  ( -1.338300807568876900, 0.7726683315065848700, -6.533333333333333200 ) ) ;
#130 = CARTESIAN_POINT ( 'NONE',  ( -1.764863307568877100, 1.018944305707784700, -2.661458333333312600 ) ) ;
#131 = VERTEX_POINT ( 'NONE', #3290 ) ;
#132 = CARTESIAN_POINT ( 'NONE',  ( -1.338300807568876900, 0.7726683315065848700, -2.333333333333333000 ) ) ;
#133 = VECTOR ( 'NONE', #10, 1000.000000000000000 ) ;
#134 = CARTESIAN_POINT ( 'NONE',  ( -1.499999999999999800, 0.8660254037844384900, 6.870096189432334900 ) ) ;
#135 = CARTESIAN_POINT ( 'NONE',  ( 1.166236801929308200E-011, -1.752363885845910100, -6.792972777167253900 ) ) ;
#136 = VERTEX_POINT ( 'NONE', #2290 ) ;
#137 = VECTOR ( 'NONE', #1986, 1000.000000000000000 ) ;
#138 = CARTESIAN_POINT ( 'NONE',  ( -1.784401076758502300, 1.092630533523695400E-016, 2.012500000000001100 ) ) ;
#139 = CIRCLE ( 'NONE', #1863, 3.500000000000000000 ) ;
#140 = CARTESIAN_POINT ( 'NONE',  ( -1.892491597964129900E-016, -1.545336663013169300, -6.212499999999999500 ) ) ;
#141 = CARTESIAN_POINT ( 'NONE',  ( 0.8922005383792521700, 1.545336663013168900, -1.108333333333333600 ) ) ;
#142 = VERTEX_POINT ( 'NONE', #2278 ) ;
#143 = CARTESIAN_POINT ( 'NONE',  ( -1.176575538379251100, 2.037888611415569000, -3.419791666666645500 ) ) ;
#144 = CARTESIAN_POINT ( 'NONE',  ( -0.8922005383792511700, 1.545336663013169500, -2.391666666666666200 ) ) ;
#145 = CARTESIAN_POINT ( 'NONE',  ( -0.8922005383792509500, 1.545336663013169100, 2.508333333333333700 ) ) ;
#146 = CARTESIAN_POINT ( 'NONE',  ( -1.608689566276601200, -0.3783113747844471500, 2.594705487234703100 ) ) ;
#147 = DIRECTION ( 'NONE',  ( 0.0000000000000000000, 1.000000000000000000, 0.0000000000000000000 ) ) ;
#148 = CARTESIAN_POINT ( 'NONE',  ( -1.892491597964129900E-016, -1.545336663013169300, -5.512499999999999300 ) ) ;
#149 = CARTESIAN_POINT ( 'NONE',  ( -1.784401076758502300, 1.092630533523695500E-016, -0.1749999999999998500 ) ) ;
#150 = ORIENTED_EDGE ( 'NONE', *, *, #3042, .F. ) ;
#151 = CARTESIAN_POINT ( 'NONE',  ( 1.176575538379250700, -2.037888611415569400, -3.769791666666645600 ) ) ;
#152 = CARTESIAN_POINT ( 'NONE',  ( -1.338300807568877100, -0.7726683315065843200, 0.5833333333333341500 ) ) ;
#153 = CARTESIAN_POINT ( 'NONE',  ( -1.764863307568877300, -1.018944305707784000, -6.701041666666686300 ) ) ;
#154 = CARTESIAN_POINT ( 'NONE',  ( -0.8922005383792509500, 1.545336663013169100, -4.491666666666666300 ) ) ;
#155 = DIRECTION ( 'NONE',  ( -0.0000000000000000000, -3.858187711820656000E-057, -1.000000000000000000 ) ) ;
#156 = DIRECTION ( 'NONE',  ( -0.0000000000000000000, -3.858187711820656000E-057, -1.000000000000000000 ) ) ;
#157 = CARTESIAN_POINT ( 'NONE',  ( -2.449293598294707400E-016, -2.000000000000000900, 1.750000000000019100 ) ) ;
#158 = CARTESIAN_POINT ( 'NONE',  ( -1.338300807568876900, 0.7726683315065848700, -4.345833333333331400 ) ) ;
#159 = DIRECTION ( 'NONE',  ( 0.0000000000000000000, 1.000000000000000000, 0.0000000000000000000 ) ) ;
#160 = CARTESIAN_POINT ( 'NONE',  ( -0.8922005383792517300, -1.545336663013168900, -1.458333333333333300 ) ) ;
#161 = CARTESIAN_POINT ( 'NONE',  ( -2.353151076758502700, 1.440889467031223800E-016, -1.203124999999979600 ) ) ;
#162 = CARTESIAN_POINT ( 'NONE',  ( -1.784401076758502300, 1.092630533523695400E-016, -0.8749999999999998900 ) ) ;
#163 = EDGE_CURVE ( 'NONE', #3489, #3268, #1862, .T. ) ;
#164 = CARTESIAN_POINT ( 'NONE',  ( -1.176575538379251100, 2.037888611415569000, -6.176041666666686000 ) ) ;
#165 = CARTESIAN_POINT ( 'NONE',  ( 0.8922005383792506200, -1.545336663013169500, -3.441666666666666900 ) ) ;
#166 = CARTESIAN_POINT ( 'NONE',  ( -2.309401076758504300, 1.414100318299876300E-016, -4.024999999999979900 ) ) ;
#167 = ORIENTED_EDGE ( 'NONE', *, *, #2540, .T. ) ;
#168 = COORDINATED_UNIVERSAL_TIME_OFFSET ( 6, 0, .BEHIND. ) ;
#169 = CONICAL_SURFACE ( 'NONE', #217, 3.500000000000000000, 0.7853981633974472800 ) ;
#170 = ORIENTED_EDGE ( 'NONE', *, *, #3322, .F. ) ;
#171 = CARTESIAN_POINT ( 'NONE',  ( 1.154700538379686700, 2.000000000000455600, 2.129166666666289800 ) ) ;
#172 = CARTESIAN_POINT ( 'NONE',  ( -1.338300807568877100, -0.7726683315065843200, -0.8166666666666661000 ) ) ;
#173 = LINE ( 'NONE', #582, #393 ) ;
#174 = CARTESIAN_POINT ( 'NONE',  ( -1.764863307568877100, 1.018944305707784700, -1.261458333333312300 ) ) ;
#175 = EDGE_CURVE ( 'NONE', #3103, #1517, #1230, .T. ) ;
#176 = DIRECTION ( 'NONE',  ( -0.0000000000000000000, -3.858187711820656000E-057, -1.000000000000000000 ) ) ;
#177 = CARTESIAN_POINT ( 'NONE',  ( 1.764863307568878000, 1.018944305707782900, -5.651041666666686500 ) ) ;
#178 = CARTESIAN_POINT ( 'NONE',  ( -1.338300807568876700, 0.7726683315065847600, -5.133333333333333700 ) ) ;
#179 = CONICAL_SURFACE ( 'NONE', #951, 3.299999999999999800, 0.7853981633974472800 ) ;
#180 =( NAMED_UNIT ( * ) SI_UNIT ( $, .STERADIAN. ) SOLID_ANGLE_UNIT ( ) );
#181 = CARTESIAN_POINT ( 'NONE',  ( -1.338300807568877100, -0.7726683315065843200, 2.683333333333333600 ) ) ;
#182 = CARTESIAN_POINT ( 'NONE',  ( -2.449293598294707400E-016, -2.000000000000000900, -1.662500000000019000 ) ) ;
#183 = ORIENTED_EDGE ( 'NONE', *, *, #1307, .F. ) ;
#184 = B_SPLINE_CURVE_WITH_KNOTS ( 'NONE', 3,
 ( #3309, #620, #1218, #2010, #2052, #1764, #2823, #3105 ),
 .UNSPECIFIED., .F., .F.,
 ( 4, 2, 2, 4 ),
 ( 2.544365555416565400E-007, 0.0004475380576734570800, 0.0008948216787913725700, 0.001789388921027203800 ),
 .UNSPECIFIED. ) ;
#185 = ORIENTED_EDGE ( 'NONE', *, *, #1584, .T. ) ;
#186 = CARTESIAN_POINT ( 'NONE',  ( -2.449293598294707400E-016, -2.000000000000000900, -0.2625000000000188800 ) ) ;
#187 = CARTESIAN_POINT ( 'NONE',  ( -0.8922005383792510600, 1.545336663013169500, -1.691666666666667100 ) ) ;
#188 = CARTESIAN_POINT ( 'NONE',  ( -1.176575538379252000, -2.037888611415569000, 0.3135416666666876500 ) ) ;
#189 = CARTESIAN_POINT ( 'NONE',  ( -1.082708096908916000, -1.102637102105924500, -6.999999999999995600 ) ) ;
#190 = CARTESIAN_POINT ( 'NONE',  ( -1.339743668033150500, -1.074994561530985900, 3.406157740691967600 ) ) ;
#191 = CARTESIAN_POINT ( 'NONE',  ( -1.892491597964129700E-016, -1.545336663013169100, -4.200000000000000200 ) ) ;
#192 = ORIENTED_EDGE ( 'NONE', *, *, #1409, .F. ) ;
#193 = APPROVAL_STATUS ( 'not_yet_approved' ) ;
#194 = CARTESIAN_POINT ( 'NONE',  ( -1.338300807568876900, 0.7726683315065848700, 1.166666666666667400 ) ) ;
#195 = CARTESIAN_POINT ( 'NONE',  ( -1.892491597964129900E-016, -1.545336663013169300, -3.412499999999998800 ) ) ;
#196 = ORIENTED_EDGE ( 'NONE', *, *, #2102, .F. ) ;
#197 = CARTESIAN_POINT ( 'NONE',  ( 0.0000000000000000000, -5.401462796548918100E-056, -7.000000000000000000 ) ) ;
#198 = CARTESIAN_POINT ( 'NONE',  ( -1.892491597964129900E-016, -1.545336663013169300, 0.7000000000000000700 ) ) ;
#199 = CARTESIAN_POINT ( 'NONE',  ( -2.495693764988920700E-016, -2.037888611415569000, -0.3281249999999794600 ) ) ;
#200 = CARTESIAN_POINT ( 'NONE',  ( -2.449293598294707400E-016, -2.000000000000000900, -5.949999999999980600 ) ) ;
#201 = CARTESIAN_POINT ( 'NONE',  ( -2.495693764988920700E-016, -2.037888611415569000, -5.184375000000019700 ) ) ;
#202 = CARTESIAN_POINT ( 'NONE',  ( 0.0000000000000000000, 1.545336663013169100, -4.549999999999999800 ) ) ;
#203 = PERSON_AND_ORGANIZATION_ROLE ( 'creator' ) ;
#204 = CARTESIAN_POINT ( 'NONE',  ( 1.784401076758502300, -3.277891600571085500E-016, 2.274999999999999900 ) ) ;
#205 = CARTESIAN_POINT ( 'NONE',  ( -1.154700538379207700, 2.000000000000097300, -0.5541666666666963400 ) ) ;
#206 = CARTESIAN_POINT ( 'NONE',  ( 1.338300807568876500, -0.7726683315065853200, -4.695833333333332000 ) ) ;
#207 = APPROVAL_DATE_TIME ( #2981, #2032 ) ;
#208 = CARTESIAN_POINT ( 'NONE',  ( 1.500000000000000000, -2.095679045568001500E-020, 6.638045381863459000 ) ) ;
#209 = CARTESIAN_POINT ( 'NONE',  ( 2.353151076758502700, -4.322668401093671800E-016, -1.553124999999979200 ) ) ;
#210 = AXIS2_PLACEMENT_3D ( 'NONE', #97, #1506, #1767 ) ;
#211 = CARTESIAN_POINT ( 'NONE',  ( -1.176575538379252000, -2.037888611415569000, -2.442708333333353000 ) ) ;
#212 = FACE_OUTER_BOUND ( 'NONE', #2240, .T. ) ;
#213 = CARTESIAN_POINT ( 'NONE',  ( -1.338300807568876700, 0.7726683315065847600, 0.4666666666666664500 ) ) ;
#214 = CARTESIAN_POINT ( 'NONE',  ( 0.8922005383792521700, 1.545336663013168900, 2.391666666666666200 ) ) ;
#215 = ORIENTED_EDGE ( 'NONE', *, *, #2496, .F. ) ;
#216 = LINE ( 'NONE', #796, #1378 ) ;
#217 = AXIS2_PLACEMENT_3D ( 'NONE', #1236, #155, #2326 ) ;
#218 = CARTESIAN_POINT ( 'NONE',  ( -0.8922005383792511700, 1.545336663013169500, -3.704166666666665700 ) ) ;
#219 = ORIENTED_EDGE ( 'NONE', *, *, #2969, .T. ) ;
#220 = VECTOR ( 'NONE', #3260, 1000.000000000000000 ) ;
#221 = AXIS2_PLACEMENT_3D ( 'NONE', #3250, #2182, #1669 ) ;
#222 = FACE_OUTER_BOUND ( 'NONE', #2170, .T. ) ;
#223 = CARTESIAN_POINT ( 'NONE',  ( -0.8922005383792510600, 1.545336663013169500, -5.804166666666666300 ) ) ;
#224 = EDGE_CURVE ( 'NONE', #390, #1299, #2229, .T. ) ;
#225 = CARTESIAN_POINT ( 'NONE',  ( -1.176575538379251100, 2.037888611415569000, -4.076041666666686300 ) ) ;
#226 = CARTESIAN_POINT ( 'NONE',  ( 0.8922005383792506200, -1.545336663013169500, 1.458333333333333300 ) ) ;
#227 = DIRECTION ( 'NONE',  ( -0.0000000000000000000, -3.858187711820656000E-057, -1.000000000000000000 ) ) ;
#228 = CARTESIAN_POINT ( 'NONE',  ( -0.8922005383792517300, -1.545336663013168900, 2.041666666666666500 ) ) ;
#229 = ORIENTED_EDGE ( 'NONE', *, *, #2427, .F. ) ;
#230 = CARTESIAN_POINT ( 'NONE',  ( 4.902744876744521600E-013, 2.000000000000001800, -3.412500000000044100 ) ) ;
#231 = DIRECTION ( 'NONE',  ( -0.5000000000000004400, 0.8660254037844383700, 0.0000000000000000000 ) ) ;
#232 = B_SPLINE_CURVE_WITH_KNOTS ( 'NONE', 3,
 ( #2636, #1294, #1955, #1683, #2480, #1092, #2469, #3501, #1117, #6, #3265, #2156, #1670, #2713, #2185, #1923, #1898, #3011, #531, #2702, #2212, #3241, #1075, #3021, #1411, #283, #35, #1938 ),
 .UNSPECIFIED., .F., .F.,
 ( 4, 2, 2, 2, 2, 2, 2, 2, 2, 2, 2, 2, 2, 4 ),
 ( 0.006207838082567569300, 0.006531719070946791000, 0.006855600059326012700, 0.007179481047705234400, 0.007503362036084456100, 0.008151124012842899500, 0.008475005001222122100, 0.008798885989601342900, 0.009122766977980565500, 0.009446647966359786300, 0.01009440994311823100, 0.01074217191987667300, 0.01106605290825589600, 0.01138993389663511700 ),
 .UNSPECIFIED. ) ;
#233 = CARTESIAN_POINT ( 'NONE',  ( -0.8922005383792517300, -1.545336663013168900, -6.270833333333333000 ) ) ;
#234 = EDGE_CURVE ( 'NONE', #430, #2110, #3399, .T. ) ;
#235 = CARTESIAN_POINT ( 'NONE',  ( 0.0000000000000000000, 1.545336663013169300, -7.262499999999999300 ) ) ;
#236 = CARTESIAN_POINT ( 'NONE',  ( -2.495693764988920700E-016, -2.037888611415569000, -2.384375000000019500 ) ) ;
#237 = CARTESIAN_POINT ( 'NONE',  ( 0.8922005383792519500, 1.545336663013168600, -1.808333333333332900 ) ) ;
#238 = EDGE_LOOP ( 'NONE', ( #2219, #833, #2022, #742 ) ) ;
#239 = CARTESIAN_POINT ( 'NONE',  ( 1.154700538379256300, 1.999999999999994400, -4.958333333333314400 ) ) ;
#240 = CARTESIAN_POINT ( 'NONE',  ( -0.8922005383792510600, 1.545336663013169500, -0.9041666666666659000 ) ) ;
#241 = CARTESIAN_POINT ( 'NONE',  ( 1.154700538378482100, -2.000000000001351800, -5.804166666666769300 ) ) ;
#242 = CARTESIAN_POINT ( 'NONE',  ( 1.732050807569050400, -1.000000000000101000, -6.445833333333467000 ) ) ;
#243 = ORIENTED_EDGE ( 'NONE', *, *, #1594, .F. ) ;
#244 = CARTESIAN_POINT ( 'NONE',  ( 1.338300807568877600, 0.7726683315065835400, -3.879166666666665500 ) ) ;
#245 = PLANE ( 'NONE',  #2975 ) ;
#246 = CARTESIAN_POINT ( 'NONE',  ( 1.784401076758502300, -3.277891600571085500E-016, -6.037499999999999600 ) ) ;
#247 = CC_DESIGN_APPROVAL ( #2395, ( #2803 ) ) ;
#248 = CARTESIAN_POINT ( 'NONE',  ( 2.353151076758502700, -4.322668401093671800E-016, -3.609375000000020000 ) ) ;
#249 = CARTESIAN_POINT ( 'NONE',  ( -0.8922005383792509500, 1.545336663013169100, 0.4083333333333334400 ) ) ;
#250 = EDGE_LOOP ( 'NONE', ( #243, #3098, #2040, #3068 ) ) ;
#251 = CARTESIAN_POINT ( 'NONE',  ( -0.8922005383792517300, -1.545336663013168900, -1.370833333333332200 ) ) ;
#252 = CARTESIAN_POINT ( 'NONE',  ( -1.784401076758502300, 1.092630533523695400E-016, -2.187499999999999600 ) ) ;
#253 = CIRCLE ( 'NONE', #1873, 3.299999999999999800 ) ;
#254 = CARTESIAN_POINT ( 'NONE',  ( 2.309401076758504300, -4.242300954899628600E-016, -2.974999999999980100 ) ) ;
#255 = FACE_BOUND ( 'NONE', #2232, .T. ) ;
#256 =( BOUNDED_CURVE ( )  B_SPLINE_CURVE ( 2, ( #295, #2199, #2968, #254, #573, #1354, #2983 ),
 .UNSPECIFIED., .F., .F. ) 
 B_SPLINE_CURVE_WITH_KNOTS ( ( 3, 2, 2, 3 ),
 ( 0.3437500000000000000, 0.3541666666666666900, 0.3645833333333333100, 0.3750000000000000000 ),
 .UNSPECIFIED. ) 
 CURVE ( )  GEOMETRIC_REPRESENTATION_ITEM ( )  RATIONAL_B_SPLINE_CURVE ( ( 1.000000000000000000, 0.8660254037844387100, 1.000000000000000000, 0.8660254037844387100, 1.000000000000000000, 0.8660254037844387100, 1.000000000000000000 ) ) 
 REPRESENTATION_ITEM ( '' )  );
#257 = CARTESIAN_POINT ( 'NONE',  ( 0.8922005383792521700, 1.545336663013168900, -6.620833333333332700 ) ) ;
#258 = ORIENTED_EDGE ( 'NONE', *, *, #2835, .T. ) ;
#259 = CARTESIAN_POINT ( 'NONE',  ( 0.0000000000000000000, -7.716375423641332400E-058, 6.799999999999999800 ) ) ;
#260 = EDGE_CURVE ( 'NONE', #707, #1071, #3230, .T. ) ;
#261 = CARTESIAN_POINT ( 'NONE',  ( 1.764863307568876700, -1.018944305707785400, -0.1677083333333530300 ) ) ;
#262 = CARTESIAN_POINT ( 'NONE',  ( 0.8922005383792506200, -1.545336663013169500, -2.041666666666666500 ) ) ;
#263 = FACE_OUTER_BOUND ( 'NONE', #1754, .T. ) ;
#264 = CARTESIAN_POINT ( 'NONE',  ( 1.784401076758502300, -3.277891600571085500E-016, -1.837499999999998800 ) ) ;
#265 = ORIENTED_EDGE ( 'NONE', *, *, #284, .T. ) ;
#266 = PLANE ( 'NONE',  #45 ) ;
#267 = CYLINDRICAL_SURFACE ( 'NONE', #2079, 2.000000000000000900 ) ;
#268 = CARTESIAN_POINT ( 'NONE',  ( 0.8922005383792508400, -1.545336663013169700, -1.254166666666665500 ) ) ;
#269 = CARTESIAN_POINT ( 'NONE',  ( -0.8922005383792510600, 1.545336663013169500, 2.595833333333334500 ) ) ;
#270 = CARTESIAN_POINT ( 'NONE',  ( 1.732050807568879000, 0.9999999999999988900, -6.416666666666646500 ) ) ;
#271 = EDGE_LOOP ( 'NONE', ( #2439, #2836, #912, #2788 ) ) ;
#272 = CARTESIAN_POINT ( 'NONE',  ( 1.176575538379252400, 2.037888611415568100, 2.063541666666687500 ) ) ;
#273 = ORIENTED_EDGE ( 'NONE', *, *, #2389, .T. ) ;
#274 = CARTESIAN_POINT ( 'NONE',  ( 2.449293598294707900E-016, -2.000000000000000900, -7.000000000000000000 ) ) ;
#275 = CARTESIAN_POINT ( 'NONE',  ( -2.353151076758502700, 1.440889467031223800E-016, -0.4593750000000196800 ) ) ;
#276 = CARTESIAN_POINT ( 'NONE',  ( -0.4186287125032708300, -1.640062675034395000, -6.856076143220069400 ) ) ;
#277 = CARTESIAN_POINT ( 'NONE',  ( -1.732050807568878100, 1.000000000000000700, 1.604166666666647900 ) ) ;
#278 = CARTESIAN_POINT ( 'NONE',  ( -1.338300807568876900, 0.7726683315065848700, -1.545833333333332300 ) ) ;
#279 = CARTESIAN_POINT ( 'NONE',  ( -1.732050807568878300, -1.000000000000000000, -1.866666666666646700 ) ) ;
#280 = CARTESIAN_POINT ( 'NONE',  ( -1.892491597964129900E-016, -1.545336663013169300, -2.012499999999998800 ) ) ;
#281 = CARTESIAN_POINT ( 'NONE',  ( -2.449293598294707400E-016, -2.000000000000000900, 1.050000000000019800 ) ) ;
#282 = CARTESIAN_POINT ( 'NONE',  ( -1.732050807568886100, -1.000000000000004700, -5.979166666666690100 ) ) ;
#283 = CARTESIAN_POINT ( 'NONE',  ( 0.2177154099715806800, -1.543083391978386800, -6.990740170083186400 ) ) ;
#284 = EDGE_CURVE ( 'NONE', #1644, #3194, #598, .T. ) ;
#285 = CARTESIAN_POINT ( 'NONE',  ( -1.784401076758502300, 1.092630533523695500E-016, -2.887499999999999300 ) ) ;
#286 = CARTESIAN_POINT ( 'NONE',  ( 3.197442310920393300E-013, 2.000000000000000000, -1.312500000000034600 ) ) ;
#287 = CARTESIAN_POINT ( 'NONE',  ( 1.176575538379250700, -2.037888611415569400, 1.173958333333313200 ) ) ;
#288 = CARTESIAN_POINT ( 'NONE',  ( -2.309401076758504300, 1.414100318299876300E-016, -5.424999999999980300 ) ) ;
#289 = CARTESIAN_POINT ( 'NONE',  ( 0.0000000000000000000, 1.545336663013169100, -6.649999999999999500 ) ) ;
#290 = CARTESIAN_POINT ( 'NONE',  ( -0.8922005383792517300, -1.545336663013168900, -2.770833333333332600 ) ) ;
#291 = DIRECTION ( 'NONE',  ( 0.0000000000000000000, -1.000000000000000000, 0.0000000000000000000 ) ) ;
#292 = CARTESIAN_POINT ( 'NONE',  ( 1.338300807568877600, 0.7726683315065835400, -0.3791666666666656500 ) ) ;
#293 = CARTESIAN_POINT ( 'NONE',  ( 1.154700538379252800, 2.000000000000000000, 1.341666666666687400 ) ) ;
#294 = EDGE_CURVE ( 'NONE', #3489, #2005, #2994, .T. ) ;
#295 = CARTESIAN_POINT ( 'NONE',  ( -2.449293598294707400E-016, -2.000000000000000900, -3.149999999999979900 ) ) ;
#296 = DIRECTION ( 'NONE',  ( 0.8660254037844388200, -0.4999999999999998300, 1.929093855910327200E-057 ) ) ;
#297 = CARTESIAN_POINT ( 'NONE',  ( -1.338300807568877100, -0.7726683315065843200, -4.229166666666666100 ) ) ;
#298 = ORIENTED_EDGE ( 'NONE', *, *, #983, .F. ) ;
#299 = CARTESIAN_POINT ( 'NONE',  ( 1.732050807568877600, -1.000000000000001300, -2.333333333333313900 ) ) ;
#300 = CARTESIAN_POINT ( 'NONE',  ( -2.353151076758502700, 1.440889467031223800E-016, 1.640624999999980700 ) ) ;
#301 = CARTESIAN_POINT ( 'NONE',  ( -1.338300807568876900, -0.7726683315065842100, -7.116666666666666300 ) ) ;
#302 = CARTESIAN_POINT ( 'NONE',  ( 0.0000000000000000000, 1.545336663013169300, 2.537500000000000500 ) ) ;
#303 = CARTESIAN_POINT ( 'NONE',  ( -1.892491597964129900E-016, -1.545336663013169300, -6.299999999999999800 ) ) ;
#304 = FACE_OUTER_BOUND ( 'NONE', #885, .T. ) ;
#305 = CARTESIAN_POINT ( 'NONE',  ( -2.449293598294707400E-016, -2.000000000000000900, -1.749999999999979600 ) ) ;
#306 = CARTESIAN_POINT ( 'NONE',  ( -0.8922005383792511700, 1.545336663013169500, -0.9041666666666660100 ) ) ;
#307 = ORIENTED_EDGE ( 'NONE', *, *, #1646, .T. ) ;
#308 = CARTESIAN_POINT ( 'NONE',  ( 1.784401076758502300, -3.277891600571085500E-016, 2.362500000000001200 ) ) ;
#309 = CARTESIAN_POINT ( 'NONE',  ( 1.732050807568879000, 0.9999999999999988900, -4.316666666666647800 ) ) ;
#310 = FACE_OUTER_BOUND ( 'NONE', #1259, .T. ) ;
#311 = ORIENTED_EDGE ( 'NONE', *, *, #1093, .T. ) ;
#312 = CARTESIAN_POINT ( 'NONE',  ( -1.154700538379517500, 2.000000000000756300, 2.245833333332955700 ) ) ;
#313 = CARTESIAN_POINT ( 'NONE',  ( 1.338300807568876500, -0.7726683315065853200, -1.895833333333332600 ) ) ;
#314 = CARTESIAN_POINT ( 'NONE',  ( -1.154700538379252600, -2.000000000000000900, -3.120833333333352700 ) ) ;
#315 = CARTESIAN_POINT ( 'NONE',  ( -1.764863307568877100, 1.018944305707784700, 0.1822916666666465900 ) ) ;
#316 = ADVANCED_FACE ( 'NONE', ( #521 ), #2611, .T. ) ;
#317 = CARTESIAN_POINT ( 'NONE',  ( 1.338300807568877600, 0.7726683315065835400, 3.120833333333334000 ) ) ;
#318 = ORIENTED_EDGE ( 'NONE', *, *, #2855, .F. ) ;
#319 = CARTESIAN_POINT ( 'NONE',  ( 1.732050807568879200, 0.9999999999999991100, 2.770833333333313900 ) ) ;
#320 = ORIENTED_EDGE ( 'NONE', *, *, #3135, .F. ) ;
#321 = CARTESIAN_POINT ( 'NONE',  ( 0.8922005383792521700, 1.545336663013168900, 2.479166666666667000 ) ) ;
#322 = EDGE_CURVE ( 'NONE', #3140, #2053, #2280, .T. ) ;
#323 = CARTESIAN_POINT ( 'NONE',  ( -1.732050807568877900, -0.9999999999999997800, -1.779166666666684800 ) ) ;
#324 = B_SPLINE_CURVE_WITH_KNOTS ( 'NONE', 3,
 ( #189, #2628, #1816, #1595, #2988, #1370, #276, #2366, #735, #2173 ),
 .UNSPECIFIED., .F., .F.,
 ( 4, 2, 2, 2, 4 ),
 ( 0.0000000000000000000, 0.0003269787248331967300, 0.0006539574496663934600, 0.0009809361744995900900, 0.001307914899332786900 ),
 .UNSPECIFIED. ) ;
#325 = CARTESIAN_POINT ( 'NONE',  ( 2.309401076758504300, -4.242300954899628600E-016, 2.625000000000020000 ) ) ;
#326 = CARTESIAN_POINT ( 'NONE',  ( -1.784401076758502300, 1.092630533523695500E-016, -4.287499999999999600 ) ) ;
#327 = DIRECTION ( 'NONE',  ( -0.0000000000000000000, -3.858187711820656000E-057, -1.000000000000000000 ) ) ;
#328 = DIRECTION ( 'NONE',  ( -0.0000000000000000000, -0.0000000000000000000, 1.000000000000000000 ) ) ;
#329 = CARTESIAN_POINT ( 'NONE',  ( 1.338300807568876500, -0.7726683315065853200, 2.304166666666667100 ) ) ;
#330 =( BOUNDED_CURVE ( )  B_SPLINE_CURVE ( 2, ( #2612, #3153, #987, #1265, #1549, #1560, #3420 ),
 .UNSPECIFIED., .F., .F. ) 
 B_SPLINE_CURVE_WITH_KNOTS ( ( 3, 2, 2, 3 ),
 ( 0.09374999999999997200, 0.1041666666666666600, 0.1145833333333333400, 0.1250000000000000300 ),
 .UNSPECIFIED. ) 
 CURVE ( )  GEOMETRIC_REPRESENTATION_ITEM ( )  RATIONAL_B_SPLINE_CURVE ( ( 1.000000000000000400, 0.8660254037844383700, 1.000000000000000000, 0.8660254037844387100, 1.000000000000000000, 0.8660254037844383700, 1.000000000000000400 ) ) 
 REPRESENTATION_ITEM ( '' )  );
#331 = VERTEX_POINT ( 'NONE', #3358 ) ;
#332 = ADVANCED_FACE ( 'NONE', ( #2743 ), #1389, .F. ) ;
#333 =( BOUNDED_CURVE ( )  B_SPLINE_CURVE ( 2, ( #157, #1252, #2634, #2905, #3127, #1291, #3164 ),
 .UNSPECIFIED., .F., .F. ) 
 B_SPLINE_CURVE_WITH_KNOTS ( ( 3, 2, 2, 3 ),
 ( 0.7812499999999998900, 0.7916666666666665200, 0.8020833333333333700, 0.8125000000000000000 ),
 .UNSPECIFIED. ) 
 CURVE ( )  GEOMETRIC_REPRESENTATION_ITEM ( )  RATIONAL_B_SPLINE_CURVE ( ( 1.000000000000001300, 0.8660254037844372600, 1.000000000000000000, 0.8660254037844387100, 1.000000000000000000, 0.8660254037844387100, 1.000000000000000000 ) ) 
 REPRESENTATION_ITEM ( '' )  );
#334 = CARTESIAN_POINT ( 'NONE',  ( -1.338300807568876900, 0.7726683315065848700, -4.345833333333331400 ) ) ;
#335 = CARTESIAN_POINT ( 'NONE',  ( 1.764863307568878000, 1.018944305707782900, 2.748958333333313400 ) ) ;
#336 = CARTESIAN_POINT ( 'NONE',  ( 0.8922005383792507300, -1.545336663013169700, 2.945833333333334600 ) ) ;
#337 = AXIS2_PLACEMENT_3D ( 'NONE', #3081, #370, #2475 ) ;
#338 = CARTESIAN_POINT ( 'NONE',  ( 1.784401076758502300, -3.277891600571085500E-016, -4.724999999999999600 ) ) ;
#339 = ORIENTED_EDGE ( 'NONE', *, *, #918, .F. ) ;
#340 = CIRCLE ( 'NONE', #2293, 2.000000000000001300 ) ;
#341 = CARTESIAN_POINT ( 'NONE',  ( 1.338300807568877600, 0.7726683315065835400, -0.3791666666666656500 ) ) ;
#342 = CARTESIAN_POINT ( 'NONE',  ( 2.353151076758502700, -4.322668401093671800E-016, 2.690624999999979800 ) ) ;
#343 = ADVANCED_FACE ( 'NONE', ( #1612 ), #2266, .T. ) ;
#344 = CIRCLE ( 'NONE', #3305, 0.2000000000000000900 ) ;
#345 = CARTESIAN_POINT ( 'NONE',  ( -1.338300807568877100, -0.7726683315065843200, 2.070833333333333300 ) ) ;
#346 = ORIENTED_EDGE ( 'NONE', *, *, #224, .T. ) ;
#347 = CARTESIAN_POINT ( 'NONE',  ( 1.338300807568876500, -0.7726683315065853200, -4.083333333333333000 ) ) ;
#348 = LINE ( 'NONE', #1, #3188 ) ;
#349 = CARTESIAN_POINT ( 'NONE',  ( -0.7697173568994172300, 1.354815279638607300, 2.537499999999996500 ) ) ;
#350 = CARTESIAN_POINT ( 'NONE',  ( -1.499999999999999600, 0.8660254037844382600, 4.000000000000000000 ) ) ;
#351 = EDGE_LOOP ( 'NONE', ( #2495, #2845, #1041, #647 ) ) ;
#352 = EDGE_CURVE ( 'NONE', #1523, #3312, #3471, .T. ) ;
#353 = CARTESIAN_POINT ( 'NONE',  ( -0.8922005383792517300, -1.545336663013168900, -0.6708333333333321700 ) ) ;
#354 = ORIENTED_EDGE ( 'NONE', *, *, #2059, .F. ) ;
#355 = AXIS2_PLACEMENT_3D ( 'NONE', #540, #1050, #2939 ) ;
#356 = CARTESIAN_POINT ( 'NONE',  ( 1.764863307568878000, 1.018944305707782900, 2.048958333333314100 ) ) ;
#357 = CARTESIAN_POINT ( 'NONE',  ( 0.0000000000000000000, 1.545336663013169300, -7.349999999999999600 ) ) ;
#358 = CARTESIAN_POINT ( 'NONE',  ( -1.764863307568877300, -1.018944305707784000, -6.744791666666645600 ) ) ;
#359 = CARTESIAN_POINT ( 'NONE',  ( 0.8922005383792521700, 1.545336663013168900, -2.508333333333332900 ) ) ;
#360 = CARTESIAN_POINT ( 'NONE',  ( 0.0000000000000000000, 2.000000000000000900, -3.499999999999979600 ) ) ;
#361 = EDGE_CURVE ( 'NONE', #125, #3331, #1345, .T. ) ;
#362 = CARTESIAN_POINT ( 'NONE',  ( 1.154700538379252800, 2.000000000000000400, 0.7291666666666486400 ) ) ;
#363 = ADVANCED_FACE ( 'NONE', ( #434 ), #1479, .T. ) ;
#364 = VERTEX_POINT ( 'NONE', #1820 ) ;
#365 = CARTESIAN_POINT ( 'NONE',  ( -0.8922005383792511700, 1.545336663013169500, 1.195833333333334400 ) ) ;
#366 = CARTESIAN_POINT ( 'NONE',  ( -0.8922005383792510600, 1.545336663013169500, -0.9041666666666659000 ) ) ;
#367 = DIRECTION ( 'NONE',  ( -0.0000000000000000000, -3.858187711820656000E-057, -1.000000000000000000 ) ) ;
#368 =( BOUNDED_CURVE ( )  B_SPLINE_CURVE ( 2, ( #2504, #1433, #1157, #325, #1420, #586, #56 ),
 .UNSPECIFIED., .F., .F. ) 
 B_SPLINE_CURVE_WITH_KNOTS ( ( 3, 2, 2, 3 ),
 ( 0.8437500000000000000, 0.8541666666666666300, 0.8645833333333333700, 0.8750000000000000000 ),
 .UNSPECIFIED. ) 
 CURVE ( )  GEOMETRIC_REPRESENTATION_ITEM ( )  RATIONAL_B_SPLINE_CURVE ( ( 1.000000000000000000, 0.8660254037844387100, 1.000000000000000000, 0.8660254037844387100, 1.000000000000000000, 0.8660254037844387100, 1.000000000000000000 ) ) 
 REPRESENTATION_ITEM ( '' )  );
#369 = CARTESIAN_POINT ( 'NONE',  ( 0.8922005383792507300, -1.545336663013169700, -4.141666666666666600 ) ) ;
#370 = DIRECTION ( 'NONE',  ( -0.0000000000000000000, -3.858187711820656000E-057, -1.000000000000000000 ) ) ;
#371 = CARTESIAN_POINT ( 'NONE',  ( 0.8922005383792521700, 1.545336663013168900, -3.908333333333333200 ) ) ;
#372 = CARTESIAN_POINT ( 'NONE',  ( -3.745615662190465100E-016, 1.732050807568877400, 6.870096189432334900 ) ) ;
#373 = CARTESIAN_POINT ( 'NONE',  ( 1.338300807568876500, -0.7726683315065853200, 1.604166666666667900 ) ) ;
#374 = CARTESIAN_POINT ( 'NONE',  ( 1.784401076758502300, -3.277891600571085500E-016, -6.737499999999998900 ) ) ;
#375 = ADVANCED_FACE ( 'NONE', ( #823 ), #1807, .T. ) ;
#376 = DIRECTION ( 'NONE',  ( -0.7071067811865487900, 8.659560562354948900E-017, 0.7071067811865463500 ) ) ;
#377 = CARTESIAN_POINT ( 'NONE',  ( -1.784401076758502300, 1.092630533523695500E-016, -7.175000000000000700 ) ) ;
#378 = ORIENTED_EDGE ( 'NONE', *, *, #2242, .T. ) ;
#379 = CARTESIAN_POINT ( 'NONE',  ( 1.176575538379252400, 2.037888611415568100, -2.836458333333312400 ) ) ;
#380 = CARTESIAN_POINT ( 'NONE',  ( 1.338300807568877600, 0.7726683315065835400, -3.266666666666667100 ) ) ;
#381 = PERSON_AND_ORGANIZATION ( #1239, #901 ) ;
#382 = CARTESIAN_POINT ( 'NONE',  ( 0.0000000000000000000, 2.000000000000000900, 2.800000000000019400 ) ) ;
#383 = DIRECTION ( 'NONE',  ( 0.0000000000000000000, 1.000000000000000000, 0.0000000000000000000 ) ) ;
#384 = CC_DESIGN_PERSON_AND_ORGANIZATION_ASSIGNMENT ( #2848, #1588, ( #754 ) ) ;
#385 = LINE ( 'NONE', #2045, #906 ) ;
#386 = CARTESIAN_POINT ( 'NONE',  ( -1.338300807568877100, -0.7726683315065843200, 1.370833333333334200 ) ) ;
#387 = ORIENTED_EDGE ( 'NONE', *, *, #1897, .T. ) ;
#388 = VECTOR ( 'NONE', #2765, 1000.000000000000000 ) ;
#389 = CARTESIAN_POINT ( 'NONE',  ( 1.338300807568877600, 0.7726683315065835400, -6.679166666666665400 ) ) ;
#390 = VERTEX_POINT ( 'NONE', #1809 ) ;
#391 = CARTESIAN_POINT ( 'NONE',  ( -1.732050807568878300, -1.000000000000000000, -3.179166666666685300 ) ) ;
#392 = CARTESIAN_POINT ( 'NONE',  ( -1.892491597964129900E-016, -1.545336663013169300, -4.899999999999999500 ) ) ;
#393 = VECTOR ( 'NONE', #1112, 999.9999999999998900 ) ;
#394 = CARTESIAN_POINT ( 'NONE',  ( 1.176575538379252400, 2.037888611415568100, -3.536458333333312600 ) ) ;
#395 = CARTESIAN_POINT ( 'NONE',  ( -1.784401076758502300, 1.092630533523695400E-016, 1.224999999999999400 ) ) ;
#396 = ORIENTED_EDGE ( 'NONE', *, *, #2113, .T. ) ;
#397 = CARTESIAN_POINT ( 'NONE',  ( -0.1646770438867467500, -1.764539771254233200, 2.664056973550174200 ) ) ;
#398 = CARTESIAN_POINT ( 'NONE',  ( 0.0000000000000000000, 1.545336663013169300, 1.137500000000000400 ) ) ;
#399 = ORIENTED_EDGE ( 'NONE', *, *, #1395, .T. ) ;
#400 = AXIS2_PLACEMENT_3D ( 'NONE', #2261, #2511, #1762 ) ;
#401 = CARTESIAN_POINT ( 'NONE',  ( -0.8922005383792517300, -1.545336663013168900, -5.570833333333331100 ) ) ;
#402 = CARTESIAN_POINT ( 'NONE',  ( -2.449293598294707400E-016, -2.000000000000000900, 0.3500000000000197400 ) ) ;
#403 = CARTESIAN_POINT ( 'NONE',  ( 0.8922005383792507300, -1.545336663013169700, -6.241666666666666300 ) ) ;
#404 = CARTESIAN_POINT ( 'NONE',  ( 1.764863307568876700, -1.018944305707785400, -2.311458333333313000 ) ) ;
#405 = CARTESIAN_POINT ( 'NONE',  ( 0.8922005383792508400, -1.545336663013169700, 0.05833333333333386200 ) ) ;
#406 = CARTESIAN_POINT ( 'NONE',  ( 1.154700538379255000, -1.999999999999995300, -1.691666666666646400 ) ) ;
#407 = EDGE_CURVE ( 'NONE', #950, #1644, #1088, .T. ) ;
#408 = CARTESIAN_POINT ( 'NONE',  ( 1.338300807568876500, -0.7726683315065853200, 2.304166666666667100 ) ) ;
#409 = ORIENTED_EDGE ( 'NONE', *, *, #795, .T. ) ;
#410 = CARTESIAN_POINT ( 'NONE',  ( -1.732050807569103900, 1.000000000000131200, -4.695833333333503400 ) ) ;
#411 = CARTESIAN_POINT ( 'NONE',  ( 1.732050807568877600, -1.000000000000001600, -0.1458333333333523300 ) ) ;
#412 = CARTESIAN_POINT ( 'NONE',  ( 1.338300807568877600, 0.7726683315065835400, -0.4666666666666664500 ) ) ;
#413 = CARTESIAN_POINT ( 'NONE',  ( 1.176575538379252400, 2.037888611415568100, -2.136458333333312300 ) ) ;
#414 = CARTESIAN_POINT ( 'NONE',  ( 0.8922005383792521700, 1.545336663013168900, -1.108333333333333600 ) ) ;
#415 = EDGE_CURVE ( 'NONE', #1772, #2520, #1893, .T. ) ;
#416 = CARTESIAN_POINT ( 'NONE',  ( 1.338300807568876300, -0.7726683315065852000, 2.916666666666667400 ) ) ;
#417 = CARTESIAN_POINT ( 'NONE',  ( 0.0000000000000000000, -5.401462796548918100E-056, -6.999999999999998200 ) ) ;
#418 = ORIENTED_EDGE ( 'NONE', *, *, #1940, .F. ) ;
#419 = DIRECTION ( 'NONE',  ( -0.0000000000000000000, -3.858187711820656000E-057, -1.000000000000000000 ) ) ;
#420 = VECTOR ( 'NONE', #1452, 1000.000000000000000 ) ;
#421 = CARTESIAN_POINT ( 'NONE',  ( -1.407367319037216500, -1.327668142738135400, -6.614447692597706500 ) ) ;
#422 = CARTESIAN_POINT ( 'NONE',  ( -1.338300807568877100, -0.7726683315065843200, -0.1166666666666668400 ) ) ;
#423 = CARTESIAN_POINT ( 'NONE',  ( -2.353151076758502700, 1.440889467031223800E-016, -5.403124999999978900 ) ) ;
#424 = EDGE_CURVE ( 'NONE', #3184, #2520, #2858, .T. ) ;
#425 = CARTESIAN_POINT ( 'NONE',  ( -0.8922005383792517300, -1.545336663013168900, 0.6416666666666663900 ) ) ;
#426 = CARTESIAN_POINT ( 'NONE',  ( -2.353151076758502700, 1.440889467031223800E-016, -6.759375000000019000 ) ) ;
#427 = VECTOR ( 'NONE', #3350, 1000.000000000000000 ) ;
#428 = CARTESIAN_POINT ( 'NONE',  ( -1.338300807568876700, 0.7726683315065847600, -4.433333333333332700 ) ) ;
#429 = CARTESIAN_POINT ( 'NONE',  ( -1.312960011841739300, 0.8676825964692855800, 2.548943836896827800 ) ) ;
#430 = VERTEX_POINT ( 'NONE', #989 ) ;
#431 = CARTESIAN_POINT ( 'NONE',  ( -1.154700538379112700, 2.000000000000277100, -4.054166666666710700 ) ) ;
#432 = B_SPLINE_CURVE_WITH_KNOTS ( 'NONE', 3,
 ( #372, #902, #2538, #1735, #917, #1711, #1191, #892 ),
 .UNSPECIFIED., .F., .F.,
 ( 4, 2, 2, 4 ),
 ( 2.544365555416902700E-007, 0.0004475380576734571900, 0.0008948216787913726800, 0.001789388921027203100 ),
 .UNSPECIFIED. ) ;
#433 = EDGE_LOOP ( 'NONE', ( #2263, #2129, #2780, #3178 ) ) ;
#434 = FACE_OUTER_BOUND ( 'NONE', #1145, .T. ) ;
#435 =( BOUNDED_CURVE ( )  B_SPLINE_CURVE ( 2, ( #579, #2449, #536, #2746, #277, #1371, #1123 ),
 .UNSPECIFIED., .F., .F. ) 
 B_SPLINE_CURVE_WITH_KNOTS ( ( 3, 2, 2, 3 ),
 ( 0.01726278016707845000, 0.01935302474305077700, 0.02144326931902312500, 0.02353351389499545200 ),
 .UNSPECIFIED. ) 
 CURVE ( )  GEOMETRIC_REPRESENTATION_ITEM ( )  RATIONAL_B_SPLINE_CURVE ( ( 0.9999999999999529300, 0.8660254037844857800, 1.000000000000000000, 0.8660254037844387100, 1.000000000000000000, 0.8660254037844287200, 1.000000000000010000 ) ) 
 REPRESENTATION_ITEM ( '' )  );
#436 = CARTESIAN_POINT ( 'NONE',  ( 1.338300807568876500, -0.7726683315065853200, -5.395833333333332100 ) ) ;
#437 = CARTESIAN_POINT ( 'NONE',  ( -1.338300807568877100, -0.7726683315065843200, -2.916666666666666500 ) ) ;
#438 = VERTEX_POINT ( 'NONE', #182 ) ;
#439 = CARTESIAN_POINT ( 'NONE',  ( -1.176575538379251100, 2.037888611415569000, -0.6197916666666462000 ) ) ;
#440 = CARTESIAN_POINT ( 'NONE',  ( 1.338300807568876500, -0.7726683315065853200, 0.8166666666666661000 ) ) ;
#441 = CARTESIAN_POINT ( 'NONE',  ( 1.176575538379252400, 2.037888611415568100, -6.292708333333353100 ) ) ;
#442 = CARTESIAN_POINT ( 'NONE',  ( 1.338300807568877400, 0.7726683315065834300, -4.666666666666666100 ) ) ;
#443 = CARTESIAN_POINT ( 'NONE',  ( 0.0000000000000000000, 2.000000000000000900, 0.7000000000000201600 ) ) ;
#444 = CARTESIAN_POINT ( 'NONE',  ( -1.732050807568893400, 1.000000000000009500, -3.995833333333362400 ) ) ;
#445 = EDGE_CURVE ( 'NONE', #1810, #1523, #333, .T. ) ;
#446 = CARTESIAN_POINT ( 'NONE',  ( -2.449293598294707400E-016, -2.000000000000000900, 1.750000000000019100 ) ) ;
#447 = CARTESIAN_POINT ( 'NONE',  ( -1.338300807568877100, -0.7726683315065843200, -3.616666666666666300 ) ) ;
#448 = CARTESIAN_POINT ( 'NONE',  ( -2.495693764988920700E-016, -2.037888611415569000, 0.3718750000000206100 ) ) ;
#449 = CARTESIAN_POINT ( 'NONE',  ( -0.8922005383792517300, -1.545336663013168900, 1.341666666666667200 ) ) ;
#450 = CARTESIAN_POINT ( 'NONE',  ( 1.176575538379250700, -2.037888611415569400, -5.826041666666686300 ) ) ;
#451 = CARTESIAN_POINT ( 'NONE',  ( 0.8922005383792519500, 1.545336663013168600, -2.508333333333332900 ) ) ;
#452 = ORIENTED_EDGE ( 'NONE', *, *, #407, .F. ) ;
#453 = CARTESIAN_POINT ( 'NONE',  ( -2.449293598294707400E-016, -2.000000000000000900, -3.849999999999980100 ) ) ;
#454 = CARTESIAN_POINT ( 'NONE',  ( -1.506591846489385700, -0.3438697575309306300, 3.350960775628259600 ) ) ;
#455 = CARTESIAN_POINT ( 'NONE',  ( -2.449293598294706900E-016, -2.000000000000000000, -3.762500000000018400 ) ) ;
#456 = CARTESIAN_POINT ( 'NONE',  ( 1.154700538379251500, -2.000000000000001800, -0.2041666666666852900 ) ) ;
#457 = CARTESIAN_POINT ( 'NONE',  ( 0.8922005383792521700, 1.545336663013168900, -1.808333333333332900 ) ) ;
#458 = CARTESIAN_POINT ( 'NONE',  ( 0.0000000000000000000, 2.037888611415569000, -1.378124999999979200 ) ) ;
#459 = CARTESIAN_POINT ( 'NONE',  ( 0.8922005383792508400, -1.545336663013169700, 2.158333333333334100 ) ) ;
#460 = EDGE_CURVE ( 'NONE', #430, #1000, #1078, .T. ) ;
#461 = CARTESIAN_POINT ( 'NONE',  ( -2.495693764988920700E-016, -2.037888611415569000, -7.284375000000020300 ) ) ;
#462 = CARTESIAN_POINT ( 'NONE',  ( -0.8922005383792509500, 1.545336663013169100, -3.091666666666665900 ) ) ;
#463 = CARTESIAN_POINT ( 'NONE',  ( 0.0000000000000000000, -1.466111330491849200E-056, 3.200000000000000600 ) ) ;
#464 = FACE_OUTER_BOUND ( 'NONE', #2348, .T. ) ;
#465 = CARTESIAN_POINT ( 'NONE',  ( -1.784401076758502300, 1.092630533523695400E-016, -5.687499999999999100 ) ) ;
#466 = FACE_OUTER_BOUND ( 'NONE', #433, .T. ) ;
#467 = VERTEX_POINT ( 'NONE', #2663 ) ;
#468 = CARTESIAN_POINT ( 'NONE',  ( 0.0000000000000000000, 2.000000000000000900, 1.400000000000019200 ) ) ;
#469 = CARTESIAN_POINT ( 'NONE',  ( 0.8922005383792521700, 1.545336663013168900, 0.2916666666666666900 ) ) ;
#470 = FACE_OUTER_BOUND ( 'NONE', #2752, .T. ) ;
#471 = CARTESIAN_POINT ( 'NONE',  ( 1.176575538379250700, -2.037888611415569400, 0.4302083333333545100 ) ) ;
#472 = EDGE_CURVE ( 'NONE', #916, #125, #3214, .T. ) ;
#473 = ORIENTED_EDGE ( 'NONE', *, *, #2302, .T. ) ;
#474 = CARTESIAN_POINT ( 'NONE',  ( 1.764863307568876700, -1.018944305707785400, -3.667708333333352700 ) ) ;
#475 =( BOUNDED_CURVE ( )  B_SPLINE_CURVE ( 2, ( #26, #1122, #1927, #1400, #563, #826, #2731 ),
 .UNSPECIFIED., .F., .F. ) 
 B_SPLINE_CURVE_WITH_KNOTS ( ( 3, 2, 2, 3 ),
 ( 0.04234621403030142800, 0.04443612630261351700, 0.04652603857492562000, 0.04861595084723770900 ),
 .UNSPECIFIED. ) 
 CURVE ( )  GEOMETRIC_REPRESENTATION_ITEM ( )  RATIONAL_B_SPLINE_CURVE ( ( 1.000000000000000000, 0.8660254037844387100, 1.000000000000000000, 0.8660254037844387100, 1.000000000000000000, 0.8660254037857252300, 0.9999999999987134700 ) ) 
 REPRESENTATION_ITEM ( '' )  );
#476 = CARTESIAN_POINT ( 'NONE',  ( -1.892491597964129700E-016, -1.545336663013169100, -2.099999999999999600 ) ) ;
#477 = CARTESIAN_POINT ( 'NONE',  ( 0.3244505120075005800, -1.973507503218083800, -6.545336663013166000 ) ) ;
#478 =( LENGTH_UNIT ( ) NAMED_UNIT ( * ) SI_UNIT ( .MILLI., .METRE. ) );
#479 = CARTESIAN_POINT ( 'NONE',  ( 0.0000000000000000000, 2.000000000000000000, -0.6125000000000183600 ) ) ;
#480 = ORIENTED_EDGE ( 'NONE', *, *, #2168, .F. ) ;
#481 = B_SPLINE_CURVE_WITH_KNOTS ( 'NONE', 3,
 ( #961, #397, #3115, #666, #1524, #2586, #1511, #949, #676, #3385, #146, #2903, #739, #2643, #1023, #429, #1587, #2071 ),
 .UNSPECIFIED., .F., .F.,
 ( 4, 2, 2, 2, 2, 2, 2, 2, 4 ),
 ( 0.004454555970803472100, 0.004944050625025565300, 0.005433545279247659400, 0.005923039933469752600, 0.006412534587691845800, 0.006902029241913939900, 0.007391523896136033100, 0.007881018550358127200, 0.008370513204580220400 ),
 .UNSPECIFIED. ) ;
#482 = CARTESIAN_POINT ( 'NONE',  ( 1.338300807568877600, 0.7726683315065835400, -4.579166666666665700 ) ) ;
#483 = VERTEX_POINT ( 'NONE', #1039 ) ;
#484 = CARTESIAN_POINT ( 'NONE',  ( -0.2450979030320349400, 1.763676809034795200, -6.768993670618944400 ) ) ;
#485 = CARTESIAN_POINT ( 'NONE',  ( 2.353151076758502700, -4.322668401093671800E-016, 1.246875000000020600 ) ) ;
#486 = CARTESIAN_POINT ( 'NONE',  ( 0.6162907893786167000, -1.376235154422046100, 6.638370359032661500 ) ) ;
#487 = CARTESIAN_POINT ( 'NONE',  ( -1.764863307568877100, 1.018944305707784700, -4.717708333333352900 ) ) ;
#488 = CARTESIAN_POINT ( 'NONE',  ( 0.8922005383792506200, -1.545336663013169500, 0.7583333333333339700 ) ) ;
#489 = CARTESIAN_POINT ( 'NONE',  ( 1.732050807568877600, -1.000000000000001300, -5.133333333333313300 ) ) ;
#490 = CARTESIAN_POINT ( 'NONE',  ( -1.338300807568877100, -0.7726683315065843200, 1.283333333333333400 ) ) ;
#491 = AXIS2_PLACEMENT_3D ( 'NONE', #259, #1912, #1095 ) ;
#492 = CARTESIAN_POINT ( 'NONE',  ( -2.449293598294707400E-016, -2.000000000000000900, 0.3500000000000197400 ) ) ;
#493 = CARTESIAN_POINT ( 'NONE',  ( 0.8922005383792519500, 1.545336663013168600, 1.691666666666667100 ) ) ;
#494 = CARTESIAN_POINT ( 'NONE',  ( -1.892491597964129900E-016, -1.545336663013169300, -6.912499999999999600 ) ) ;
#495 = ORIENTED_EDGE ( 'NONE', *, *, #1533, .T. ) ;
#496 = EDGE_CURVE ( 'NONE', #3061, #18, #2597, .T. ) ;
#497 = CARTESIAN_POINT ( 'NONE',  ( 0.0000000000000000000, 3.299999999999999800, 4.000000000000000000 ) ) ;
#498 = CARTESIAN_POINT ( 'NONE',  ( 0.0000000000000000000, 2.037888611415569000, 2.121875000000021500 ) ) ;
#499 = CC_DESIGN_PERSON_AND_ORGANIZATION_ASSIGNMENT ( #3467, #2925, ( #2803 ) ) ;
#500 = CARTESIAN_POINT ( 'NONE',  ( -1.176575538379251100, 2.037888611415569000, -4.776041666666686500 ) ) ;
#501 = CARTESIAN_POINT ( 'NONE',  ( 1.338300807568876300, -0.7726683315065852000, 1.516666666666667100 ) ) ;
#502 = CARTESIAN_POINT ( 'NONE',  ( -1.784401076758502300, 1.092630533523695500E-016, 1.224999999999999600 ) ) ;
#503 = CARTESIAN_POINT ( 'NONE',  ( -1.154700538379252600, -2.000000000000000900, 0.2916666666666867200 ) ) ;
#504 = DIRECTION ( 'NONE',  ( -0.0000000000000000000, -3.858187711820656000E-057, -1.000000000000000000 ) ) ;
#505 = CARTESIAN_POINT ( 'NONE',  ( 1.732050807569051700, 1.000000000000098800, -6.329166666666800700 ) ) ;
#506 = CARTESIAN_POINT ( 'NONE',  ( -1.892491597964129900E-016, -1.545336663013169300, -6.212499999999999500 ) ) ;
#507 = CARTESIAN_POINT ( 'NONE',  ( -2.449293598294706900E-016, -2.000000000000000900, 1.837499999999981500 ) ) ;
#508 = CARTESIAN_POINT ( 'NONE',  ( 1.764863307568878000, 1.018944305707782900, 2.005208333333353500 ) ) ;
#509 = VERTEX_POINT ( 'NONE', #2929 ) ;
#510 = ADVANCED_FACE ( 'NONE', ( #2818 ), #3203, .F. ) ;
#511 = CARTESIAN_POINT ( 'NONE',  ( -1.764863307568877100, 1.018944305707784700, -5.417708333333352200 ) ) ;
#512 = LINE ( 'NONE', #2833, #3307 ) ;
#513 = CARTESIAN_POINT ( 'NONE',  ( -0.8922005383792509500, 1.545336663013169100, -0.9916666666666668100 ) ) ;
#514 = CARTESIAN_POINT ( 'NONE',  ( -1.784401076758502300, 1.092630533523695500E-016, -3.587499999999999000 ) ) ;
#515 = VECTOR ( 'NONE', #810, 1000.000000000000000 ) ;
#516 = CARTESIAN_POINT ( 'NONE',  ( 1.784401076758502300, -3.277891600571085500E-016, -3.937499999999999100 ) ) ;
#517 = EDGE_LOOP ( 'NONE', ( #2876, #692, #1441, #3285 ) ) ;
#518 = ORIENTED_EDGE ( 'NONE', *, *, #2725, .F. ) ;
#519 = CARTESIAN_POINT ( 'NONE',  ( -1.695019749468912100, 0.7471614182425737600, -6.697051283613995500 ) ) ;
#520 =( BOUNDED_CURVE ( )  B_SPLINE_CURVE ( 2, ( #1962, #2770, #1443, #1156, #3041, #1712, #893 ),
 .UNSPECIFIED., .F., .T. ) 
 B_SPLINE_CURVE_WITH_KNOTS ( ( 3, 2, 2, 3 ),
 ( 0.06250000000000008300, 0.07291666666666671300, 0.08333333333333334300, 0.09374999999999997200 ),
 .UNSPECIFIED. ) 
 CURVE ( )  GEOMETRIC_REPRESENTATION_ITEM ( )  RATIONAL_B_SPLINE_CURVE ( ( 0.9999999999999988900, 0.8660254037844398200, 1.000000000000000000, 0.8660254037844387100, 1.000000000000000000, 0.8660254037844390400, 0.9999999999999996700 ) ) 
 REPRESENTATION_ITEM ( '' )  );
#521 = FACE_OUTER_BOUND ( 'NONE', #3034, .T. ) ;
#522 = CARTESIAN_POINT ( 'NONE',  ( 1.338300807568877600, 0.7726683315065835400, -5.979166666666665200 ) ) ;
#523 = CARTESIAN_POINT ( 'NONE',  ( 0.0000000000000000000, -5.401462796548918100E-056, -6.999999999999998200 ) ) ;
#524 = CARTESIAN_POINT ( 'NONE',  ( 0.0000000000000000000, 2.037888611415569000, -4.134375000000019900 ) ) ;
#525 = CARTESIAN_POINT ( 'NONE',  ( 0.0000000000000000000, 1.545336663013169100, 1.049999999999999800 ) ) ;
#526 = CARTESIAN_POINT ( 'NONE',  ( -2.449293598294707400E-016, -2.000000000000000900, -3.849999999999980100 ) ) ;
#527 = CARTESIAN_POINT ( 'NONE',  ( 0.8922005383792507300, -1.545336663013169700, -0.5541666666666654800 ) ) ;
#528 = ORIENTED_EDGE ( 'NONE', *, *, #163, .F. ) ;
#529 = DIRECTION ( 'NONE',  ( 0.4999999999999998300, 0.8660254037844388200, 0.0000000000000000000 ) ) ;
#530 = CARTESIAN_POINT ( 'NONE',  ( -1.892491597964129900E-016, -1.545336663013169300, -2.712499999999998600 ) ) ;
#531 = CARTESIAN_POINT ( 'NONE',  ( 1.577416387940337300, -0.4473962141023146200, -6.909267387767092900 ) ) ;
#532 = EDGE_CURVE ( 'NONE', #728, #3312, #22, .T. ) ;
#533 = CARTESIAN_POINT ( 'NONE',  ( -1.892491597964129900E-016, -1.545336663013169300, -6.912499999999999600 ) ) ;
#534 = DIRECTION ( 'NONE',  ( -0.0000000000000000000, -3.858187711820656000E-057, -1.000000000000000000 ) ) ;
#535 = CARTESIAN_POINT ( 'NONE',  ( -1.176575538379251100, 2.037888611415569000, 0.1239583333333136200 ) ) ;
#536 = CARTESIAN_POINT ( 'NONE',  ( -1.732050807568878300, -1.000000000000000000, 1.720833333333313700 ) ) ;
#537 = ORIENTED_EDGE ( 'NONE', *, *, #2793, .T. ) ;
#538 = CARTESIAN_POINT ( 'NONE',  ( 1.732050807568879000, 0.9999999999999988900, -3.616666666666646700 ) ) ;
#539 = CARTESIAN_POINT ( 'NONE',  ( -1.892491597964129900E-016, -1.545336663013169300, -3.412499999999998800 ) ) ;
#540 = CARTESIAN_POINT ( 'NONE',  ( 0.0000000000000000000, -7.716375423641332400E-058, 6.799999999999999800 ) ) ;
#541 = CARTESIAN_POINT ( 'NONE',  ( -1.154700538379251900, 2.000000000000000900, -2.041666666666646500 ) ) ;
#542 = CARTESIAN_POINT ( 'NONE',  ( -1.338300807568877100, -0.7726683315065843200, -2.829166666666665700 ) ) ;
#543 = CARTESIAN_POINT ( 'NONE',  ( -1.892491597964129900E-016, -1.545336663013169300, 1.487500000000000000 ) ) ;
#544 = CARTESIAN_POINT ( 'NONE',  ( -1.154700538380032400, -1.999999999998668200, -5.920833333333434600 ) ) ;
#545 = EDGE_CURVE ( 'NONE', #3000, #1841, #651, .T. ) ;
#546 = CARTESIAN_POINT ( 'NONE',  ( -0.8922005383792517300, -1.545336663013168900, -6.270833333333333000 ) ) ;
#547 = CARTESIAN_POINT ( 'NONE',  ( 1.732050807568892500, -1.000000000000009800, -4.345833333333362500 ) ) ;
#548 = CARTESIAN_POINT ( 'NONE',  ( 0.0000000000000000000, 2.037888611415569000, 0.06562499999998062900 ) ) ;
#549 = CARTESIAN_POINT ( 'NONE',  ( -1.338300807568876900, 0.7726683315065848700, 1.866666666666666700 ) ) ;
#550 = CARTESIAN_POINT ( 'NONE',  ( 0.0000000000000000000, 1.545336663013169100, -7.349999999999999600 ) ) ;
#551 = PLANE ( 'NONE',  #1449 ) ;
#552 = CARTESIAN_POINT ( 'NONE',  ( -0.8922005383792510600, 1.545336663013169500, -3.704166666666665300 ) ) ;
#553 = CARTESIAN_POINT ( 'NONE',  ( 1.338300807568876500, -0.7726683315065853200, -6.883333333333333700 ) ) ;
#554 = ORIENTED_EDGE ( 'NONE', *, *, #322, .T. ) ;
#555 = CARTESIAN_POINT ( 'NONE',  ( -1.784401076758502300, 1.092630533523695400E-016, -0.7874999999999990900 ) ) ;
#556 = CARTESIAN_POINT ( 'NONE',  ( 1.732050807568877600, -1.000000000000001300, 1.166666666666685600 ) ) ;
#557 = CARTESIAN_POINT ( 'NONE',  ( -2.449293598294708900E-016, -2.000000000000001800, -3.062500000000018700 ) ) ;
#558 = LOCAL_TIME ( 8, 29, 28.00000000000000000, #168 ) ;
#559 = FACE_OUTER_BOUND ( 'NONE', #3217, .T. ) ;
#560 = CARTESIAN_POINT ( 'NONE',  ( 0.0000000000000000000, 1.545336663013169300, -2.362499999999998900 ) ) ;
#561 = ORIENTED_EDGE ( 'NONE', *, *, #3198, .F. ) ;
#562 = CARTESIAN_POINT ( 'NONE',  ( -2.495693764988920700E-016, -2.037888611415569000, -1.684375000000020200 ) ) ;
#563 = CARTESIAN_POINT ( 'NONE',  ( -1.732050807568878300, 1.000000000000000900, 0.2041666666666473200 ) ) ;
#564 = CARTESIAN_POINT ( 'NONE',  ( 0.8922005383792519500, 1.545336663013168600, -6.008333333333333700 ) ) ;
#565 = CARTESIAN_POINT ( 'NONE',  ( 0.0000000000000000000, 2.000000000000000900, -0.6999999999999800800 ) ) ;
#566 = CARTESIAN_POINT ( 'NONE',  ( 1.338300807568877600, 0.7726683315065835400, -2.479166666666666100 ) ) ;
#567 = ORIENTED_EDGE ( 'NONE', *, *, #3165, .F. ) ;
#568 = CARTESIAN_POINT ( 'NONE',  ( -2.449293598294708900E-016, -2.000000000000002200, 2.537499999999980100 ) ) ;
#569 = CARTESIAN_POINT ( 'NONE',  ( -1.892491597964129900E-016, -1.545336663013169300, -0.6124999999999993800 ) ) ;
#570 = CARTESIAN_POINT ( 'NONE',  ( 0.0000000000000000000, 1.545336663013169300, 2.537500000000000500 ) ) ;
#571 = CARTESIAN_POINT ( 'NONE',  ( 2.977860112640532100E-011, -2.000000000000000900, -2.362499999998513900 ) ) ;
#572 = VERTEX_POINT ( 'NONE', #1916 ) ;
#573 = CARTESIAN_POINT ( 'NONE',  ( 1.732050807568879000, 0.9999999999999988900, -2.916666666666647400 ) ) ;
#574 = CARTESIAN_POINT ( 'NONE',  ( -1.338300807568876900, 0.7726683315065848700, 0.5541666666666672500 ) ) ;
#575 = CARTESIAN_POINT ( 'NONE',  ( 1.784401076758502300, -3.277891600571085500E-016, -2.537499999999998800 ) ) ;
#576 = ORIENTED_EDGE ( 'NONE', *, *, #1274, .F. ) ;
#577 = CARTESIAN_POINT ( 'NONE',  ( 1.154700538379251200, -2.000000000000001300, -2.391666666666646600 ) ) ;
#578 = CARTESIAN_POINT ( 'NONE',  ( -1.176575538379252000, -2.037888611415569000, -1.042708333333352900 ) ) ;
#579 = CARTESIAN_POINT ( 'NONE',  ( -2.449293598294706900E-016, -2.000000000000000900, 1.837499999999981500 ) ) ;
#580 = CARTESIAN_POINT ( 'NONE',  ( -2.495693764988920700E-016, -2.037888611415569000, -5.928124999999979200 ) ) ;
#581 = CARTESIAN_POINT ( 'NONE',  ( -1.338300807568876900, 0.7726683315065848700, 2.654166666666668600 ) ) ;
#582 = CARTESIAN_POINT ( 'NONE',  ( 4.041334437186265500E-016, 3.299999999999999800, 3.000000000000000000 ) ) ;
#583 = CARTESIAN_POINT ( 'NONE',  ( 1.784401076758502300, -3.277891600571085500E-016, 0.2625000000000005700 ) ) ;
#584 = CARTESIAN_POINT ( 'NONE',  ( -1.338300807568876900, 0.7726683315065848700, 1.954166666666667500 ) ) ;
#585 = CARTESIAN_POINT ( 'NONE',  ( 5.751325091730622400E-016, -1.732050807568877400, 6.870096189432334900 ) ) ;
#586 = CARTESIAN_POINT ( 'NONE',  ( 1.154700538379252800, 2.000000000000000000, 2.741666666666685800 ) ) ;
#587 = CARTESIAN_POINT ( 'NONE',  ( -0.8922005383792511700, 1.545336663013169500, 0.4958333333333342400 ) ) ;
#588 = CARTESIAN_POINT ( 'NONE',  ( 0.8922005383792521700, 1.545336663013168900, -3.820833333333332400 ) ) ;
#589 = CARTESIAN_POINT ( 'NONE',  ( 2.449293598294707900E-016, -2.000000000000000900, -7.000000000000000000 ) ) ;
#590 = CARTESIAN_POINT ( 'NONE',  ( 1.176575538379250700, -2.037888611415569400, 0.4739583333333141100 ) ) ;
#591 = CARTESIAN_POINT ( 'NONE',  ( -0.8922005383792510600, 1.545336663013169500, 3.295833333333333800 ) ) ;
#592 = CARTESIAN_POINT ( 'NONE',  ( 1.338300807568877600, 0.7726683315065835400, -6.766666666666666600 ) ) ;
#593 =( BOUNDED_SURFACE ( )  B_SPLINE_SURFACE ( 1, 2, ( 
 ( #1995, #2204, #2175, #3257, #358, #1180, #90, #1665, #2258, #3071, #2807, #28, #2758, #103, #1470, #2192, #3274, #3060, #580, #2487, #1946, #2536, #3329, #3394, #3121, #3112, #664, #423, #656, #1773, #2057, #2868, #2842, #2561, #2605, #2297, #2322, #1759, #1531, #2877, #2036, #2576, #1500, #945, #1226, #2852, #3364, #1779, #2584, #121, #1520, #1234, #959, #1790, #935, #151, #2028, #2020, #982, #394, #1213, #143, #2593, #2047, #2830, #2312, #1260, #2333, #3090, #702, #1803, #379, #3380, #3101, #130, #1509, #3133, #1543, #3408, #3373, #404, #674, #2286, #413, #687, #970, #1245, #1555, #2619, #3417, #2653, #2364, #1297, #209, #2074, #1815, #458, #720, #174, #161, #2932, #2885, #2921, #1583, #2066, #1029, #1310, #1823, #3168, #439, #2667, #996, #1007, #2897, #199, #1320, #1044, #3452, #2352, #3182, #1604, #2112, #1018, #1283, #3461, #188, #448, #471, #1834, #2086, #3197, #2342, #2100, #2909, #3442, #1272, #2378, #1593, #1850, #712, #2638, #485, #2393, #757, #2627, #734, #748, #3148, #3158, #1570, #3426, #3242, #2985, #2971, #508, #272, #498, #1625, #1911, #2714, #2690, #2407, #2458, #2139, #2157, #1617, #1366, #2726, #1885, #2417, #1330, #787, #1064, #2703, #3208, #1634, #2428, #3477, #1355, #1077, #798, #1648, #772, #8, #1875 ),
 ( #235, #3504, #2148, #2956, #3231, #1344, #533, #824, #1899, #2446, #1107, #257, #3220, #809, #1094, #1660, #2169, #546, #3490, #2999, #1379, #246, #522, #3253, #1861, #223, #2124, #2677, #1054, #2946, #1707, #36, #3044, #1671, #850, #1942, #2470, #1158, #1137, #2514, #1699, #1396, #69, #3267, #2225, #1435, #1975, #57, #1966, #886, #334, #326, #297, #1168, #1924, #2214, #2498, #879, #2234, #588, #2483, #3037, #1421, #3284, #612, #1412, #2773, #3301, #599, #2787, #3294, #3052, #2756, #1148, #1445, #285, #1685, #2201, #3314, #23, #2186, #575, #2505, #1119, #560, #3022, #836, #46, #2744, #3013, #864, #1956, #313, #2764, #3346, #2533, #1738, #100, #2001, #1714, #637, #1176, #2243, #622, #87, #1456, #2544, #2522, #923, #366, #3077, #2269, #2815, #353, #3057, #1991, #110, #1194, #341, #1482, #1744, #3067, #79, #894, #2254, #2796, #1984, #3324, #909, #1729, #629, #2804, #1185, #1466, #3335, #1417, #34, #3019, #3291, #1391, #1376, #1407, #3009, #2220, #1680, #42, #1908, #2762, #1146, #3249, #543, #1696, #52, #2722, #3280, #1364, #2208, #1961, #584, #2455, #1952, #818, #1657, #1102, #3239, #308, #19, #321, #570, #269, #2493, #2166, #1131, #858, #3031, #2479, #846, #2440, #806, #2753, #2996, #2711, #1090, #1116, #3263 ) ),
 .UNSPECIFIED., .F., .F., .F. ) 
 B_SPLINE_SURFACE_WITH_KNOTS ( ( 2, 2 ),
 ( 3, 2, 2, 2, 2, 2, 2, 2, 2, 2, 2, 2, 2, 2, 2, 2, 2, 2, 2, 2, 2, 2, 2, 2, 2, 2, 2, 2, 2, 2, 2, 2, 2, 2, 2, 2, 2, 2, 2, 2, 2, 2, 2, 2, 2, 2, 2, 2, 2, 2, 2, 2, 2, 2, 2, 2, 2, 2, 2, 2, 2, 2, 2, 2, 2, 2, 2, 2, 2, 2, 2, 2, 2, 2, 2, 2, 2, 2, 2, 2, 2, 2, 2, 2, 2, 2, 2, 2, 2, 2, 2, 2, 3 ),
 ( 0.0000000000000000000, 1.000000000000000000 ),
 ( 0.0000000000000000000, 0.01041666666666666600, 0.02083333333333333200, 0.03125000000000000000, 0.04166666666666666400, 0.05208333333333333600, 0.06250000000000000000, 0.07291666666666667100, 0.08333333333333332900, 0.09375000000000000000, 0.1041666666666666700, 0.1145833333333333300, 0.1250000000000000000, 0.1354166666666666600, 0.1458333333333333400, 0.1562500000000000000, 0.1666666666666666600, 0.1770833333333333400, 0.1875000000000000000, 0.1979166666666666600, 0.2083333333333333400, 0.2187500000000000000, 0.2291666666666666600, 0.2395833333333333400, 0.2500000000000000000, 0.2604166666666666900, 0.2708333333333333100, 0.2812500000000000000, 0.2916666666666666900, 0.3020833333333333100, 0.3125000000000000000, 0.3229166666666666900, 0.3333333333333333100, 0.3437500000000000000, 0.3541666666666666900, 0.3645833333333333100, 0.3750000000000000000, 0.3854166666666666900, 0.3958333333333333100, 0.4062500000000000000, 0.4166666666666666900, 0.4270833333333333100, 0.4375000000000000000, 0.4479166666666666900, 0.4583333333333333100, 0.4687500000000000000, 0.4791666666666666900, 0.4895833333333333100, 0.5000000000000000000, 0.5104166666666666300, 0.5208333333333333700, 0.5312500000000000000, 0.5416666666666666300, 0.5520833333333333700, 0.5625000000000000000, 0.5729166666666666300, 0.5833333333333333700, 0.5937500000000000000, 0.6041666666666666300, 0.6145833333333333700, 0.6250000000000000000, 0.6354166666666666300, 0.6458333333333333700, 0.6562500000000000000, 0.6666666666666666300, 0.6770833333333333700, 0.6875000000000000000, 0.6979166666666666300, 0.7083333333333333700, 0.7187500000000000000, 0.7291666666666666300, 0.7395833333333333700, 0.7500000000000000000, 0.7604166666666666300, 0.7708333333333333700, 0.7812500000000000000, 0.7916666666666666300, 0.8020833333333333700, 0.8125000000000000000, 0.8229166666666666300, 0.8333333333333333700, 0.8437500000000000000, 0.8541666666666666300, 0.8645833333333333700, 0.8750000000000000000, 0.8854166666666666300, 0.8958333333333333700, 0.9062500000000000000, 0.9166666666666666300, 0.9270833333333333700, 0.9375000000000000000, 0.9479166666666666300, 0.9553149162587649700 ),
 .UNSPECIFIED. ) 
 GEOMETRIC_REPRESENTATION_ITEM ( )  RATIONAL_B_SPLINE_SURFACE ( (
 ( 1.000000000000000000, 0.8660254037844387100, 1.000000000000000000, 0.8660254037844387100, 1.000000000000000000, 0.8660254037844387100, 1.000000000000000000, 0.8660254037844387100, 1.000000000000000000, 0.8660254037844387100, 1.000000000000000000, 0.8660254037844387100, 1.000000000000000000, 0.8660254037844387100, 1.000000000000000000, 0.8660254037844387100, 1.000000000000000000, 0.8660254037844387100, 1.000000000000000000, 0.8660254037844387100, 1.000000000000000000, 0.8660254037844387100, 1.000000000000000000, 0.8660254037844387100, 1.000000000000000000, 0.8660254037844387100, 1.000000000000000000, 0.8660254037844387100, 1.000000000000000000, 0.8660254037844387100, 1.000000000000000000, 0.8660254037844387100, 1.000000000000000000, 0.8660254037844387100, 1.000000000000000000, 0.8660254037844387100, 1.000000000000000000, 0.8660254037844387100, 1.000000000000000000, 0.8660254037844387100, 1.000000000000000000, 0.8660254037844387100, 1.000000000000000000, 0.8660254037844387100, 1.000000000000000000, 0.8660254037844387100, 1.000000000000000000, 0.8660254037844387100, 1.000000000000000000, 0.8660254037844387100, 1.000000000000000000, 0.8660254037844387100, 1.000000000000000000, 0.8660254037844387100, 1.000000000000000000, 0.8660254037844387100, 1.000000000000000000, 0.8660254037844387100, 1.000000000000000000, 0.8660254037844387100, 1.000000000000000000, 0.8660254037844387100, 1.000000000000000000, 0.8660254037844387100, 1.000000000000000000, 0.8660254037844387100, 1.000000000000000000, 0.8660254037844387100, 1.000000000000000000, 0.8660254037844387100, 1.000000000000000000, 0.8660254037844387100, 1.000000000000000000, 0.8660254037844387100, 1.000000000000000000, 0.8660254037844387100, 1.000000000000000000, 0.8660254037844387100, 1.000000000000000000, 0.8660254037844387100, 1.000000000000000000, 0.8660254037844387100, 1.000000000000000000, 0.8660254037844387100, 1.000000000000000000, 0.8660254037844387100, 1.000000000000000000, 0.8660254037844387100, 1.000000000000000000, 0.8660254037844387100, 1.000000000000000000, 0.8660254037844387100, 1.000000000000000000, 0.8660254037844387100, 1.000000000000000000, 0.8660254037844387100, 1.000000000000000000, 0.8660254037844387100, 1.000000000000000000, 0.8660254037844387100, 1.000000000000000000, 0.8660254037844387100, 1.000000000000000000, 0.8660254037844387100, 1.000000000000000000, 0.8660254037844387100, 1.000000000000000000, 0.8660254037844387100, 1.000000000000000000, 0.8660254037844387100, 1.000000000000000000, 0.8660254037844387100, 1.000000000000000000, 0.8660254037844387100, 1.000000000000000000, 0.8660254037844387100, 1.000000000000000000, 0.8660254037844387100, 1.000000000000000000, 0.8660254037844387100, 1.000000000000000000, 0.8660254037844387100, 1.000000000000000000, 0.8660254037844387100, 1.000000000000000000, 0.8660254037844387100, 1.000000000000000000, 0.8660254037844387100, 1.000000000000000000, 0.8660254037844387100, 1.000000000000000000, 0.8660254037844387100, 1.000000000000000000, 0.8660254037844387100, 1.000000000000000000, 0.8660254037844387100, 1.000000000000000000, 0.8660254037844387100, 1.000000000000000000, 0.8660254037844387100, 1.000000000000000000, 0.8660254037844387100, 1.000000000000000000, 0.8660254037844387100, 1.000000000000000000, 0.8660254037844387100, 1.000000000000000000, 0.8660254037844387100, 1.000000000000000000, 0.8660254037844387100, 1.000000000000000000, 0.8660254037844387100, 1.000000000000000000, 0.8660254037844387100, 1.000000000000000000, 0.8660254037844387100, 1.000000000000000000, 0.8660254037844387100, 1.000000000000000000, 0.8660254037844387100, 1.000000000000000000, 0.8660254037844387100, 1.000000000000000000, 0.8660254037844387100, 1.000000000000000000, 0.8660254037844387100, 1.000000000000000000, 0.8660254037844387100, 1.000000000000000000, 0.8660254037844387100, 1.000000000000000000, 0.8660254037844387100, 1.000000000000000000, 0.8660254037844387100, 1.000000000000000000, 0.8660254037844387100, 1.000000000000000000, 0.8660254037844387100, 1.000000000000000000, 0.8660254037844387100, 1.000000000000000000, 0.8660254037844387100, 1.000000000000000000, 0.9048469598268823500, 0.9448553802581192200),
 ( 1.000000000000000000, 0.8660254037844387100, 1.000000000000000000, 0.8660254037844387100, 1.000000000000000000, 0.8660254037844387100, 1.000000000000000000, 0.8660254037844387100, 1.000000000000000000, 0.8660254037844387100, 1.000000000000000000, 0.8660254037844387100, 1.000000000000000000, 0.8660254037844387100, 1.000000000000000000, 0.8660254037844387100, 1.000000000000000000, 0.8660254037844387100, 1.000000000000000000, 0.8660254037844387100, 1.000000000000000000, 0.8660254037844387100, 1.000000000000000000, 0.8660254037844387100, 1.000000000000000000, 0.8660254037844387100, 1.000000000000000000, 0.8660254037844387100, 1.000000000000000000, 0.8660254037844387100, 1.000000000000000000, 0.8660254037844387100, 1.000000000000000000, 0.8660254037844387100, 1.000000000000000000, 0.8660254037844387100, 1.000000000000000000, 0.8660254037844387100, 1.000000000000000000, 0.8660254037844387100, 1.000000000000000000, 0.8660254037844387100, 1.000000000000000000, 0.8660254037844387100, 1.000000000000000000, 0.8660254037844387100, 1.000000000000000000, 0.8660254037844387100, 1.000000000000000000, 0.8660254037844387100, 1.000000000000000000, 0.8660254037844387100, 1.000000000000000000, 0.8660254037844387100, 1.000000000000000000, 0.8660254037844387100, 1.000000000000000000, 0.8660254037844387100, 1.000000000000000000, 0.8660254037844387100, 1.000000000000000000, 0.8660254037844387100, 1.000000000000000000, 0.8660254037844387100, 1.000000000000000000, 0.8660254037844387100, 1.000000000000000000, 0.8660254037844387100, 1.000000000000000000, 0.8660254037844387100, 1.000000000000000000, 0.8660254037844387100, 1.000000000000000000, 0.8660254037844387100, 1.000000000000000000, 0.8660254037844387100, 1.000000000000000000, 0.8660254037844387100, 1.000000000000000000, 0.8660254037844387100, 1.000000000000000000, 0.8660254037844387100, 1.000000000000000000, 0.8660254037844387100, 1.000000000000000000, 0.8660254037844387100, 1.000000000000000000, 0.8660254037844387100, 1.000000000000000000, 0.8660254037844387100, 1.000000000000000000, 0.8660254037844387100, 1.000000000000000000, 0.8660254037844387100, 1.000000000000000000, 0.8660254037844387100, 1.000000000000000000, 0.8660254037844387100, 1.000000000000000000, 0.8660254037844387100, 1.000000000000000000, 0.8660254037844387100, 1.000000000000000000, 0.8660254037844387100, 1.000000000000000000, 0.8660254037844387100, 1.000000000000000000, 0.8660254037844387100, 1.000000000000000000, 0.8660254037844387100, 1.000000000000000000, 0.8660254037844387100, 1.000000000000000000, 0.8660254037844387100, 1.000000000000000000, 0.8660254037844387100, 1.000000000000000000, 0.8660254037844387100, 1.000000000000000000, 0.8660254037844387100, 1.000000000000000000, 0.8660254037844387100, 1.000000000000000000, 0.8660254037844387100, 1.000000000000000000, 0.8660254037844387100, 1.000000000000000000, 0.8660254037844387100, 1.000000000000000000, 0.8660254037844387100, 1.000000000000000000, 0.8660254037844387100, 1.000000000000000000, 0.8660254037844387100, 1.000000000000000000, 0.8660254037844387100, 1.000000000000000000, 0.8660254037844387100, 1.000000000000000000, 0.8660254037844387100, 1.000000000000000000, 0.8660254037844387100, 1.000000000000000000, 0.8660254037844387100, 1.000000000000000000, 0.8660254037844387100, 1.000000000000000000, 0.8660254037844387100, 1.000000000000000000, 0.8660254037844387100, 1.000000000000000000, 0.8660254037844387100, 1.000000000000000000, 0.8660254037844387100, 1.000000000000000000, 0.8660254037844387100, 1.000000000000000000, 0.8660254037844387100, 1.000000000000000000, 0.8660254037844387100, 1.000000000000000000, 0.8660254037844387100, 1.000000000000000000, 0.8660254037844387100, 1.000000000000000000, 0.8660254037844387100, 1.000000000000000000, 0.8660254037844387100, 1.000000000000000000, 0.8660254037844387100, 1.000000000000000000, 0.8660254037844387100, 1.000000000000000000, 0.8660254037844387100, 1.000000000000000000, 0.8660254037844387100, 1.000000000000000000, 0.8660254037844387100, 1.000000000000000000, 0.8660254037844387100, 1.000000000000000000, 0.8660254037844387100, 1.000000000000000000, 0.9048469598268823500, 0.9448553802581192200) ) ) 
 REPRESENTATION_ITEM ( '' )  SURFACE ( )  );
#594 = DIRECTION ( 'NONE',  ( -0.0000000000000000000, -3.858187711820656000E-057, -1.000000000000000000 ) ) ;
#595 = CARTESIAN_POINT ( 'NONE',  ( 2.309401076758504700, -4.242300954899630600E-016, -2.887500000000019700 ) ) ;
#596 = AXIS2_PLACEMENT_3D ( 'NONE', #1750, #976, #106 ) ;
#597 = EDGE_CURVE ( 'NONE', #1896, #3489, #435, .T. ) ;
#598 =( BOUNDED_CURVE ( )  B_SPLINE_CURVE ( 2, ( #1600, #2375, #494, #2134, #2700, #1845, #1325, #1052, #1026, #3204, #767, #2404, #3436, #233, #506, #1579, #2685, #1318, #2648, #2109, #2674, #2917, #2413, #465, #1613, #2942, #3472, #2096, #1830, #782, #1872, #755, #1063, #3215, #2954, #744, #1338, #2387, #1305, #3176, #206, #1072, #482, #1352, #1590, #3450, #1623, #3487, #2664, #1040, #3193, #3460, #1882, #516, #244, #2930, #1858, #218, #2146, #2424, #793, #2967, #195, #3227, #17, #1907, #857, #1089, #2155, #2979, #2195, #845, #542, #1920, #530, #1894, #2438, #805, #2710, #3029, #1114, #832, #3279, #252, #2478, #1679, #280, #1375, #2721, #1144, #1363, #3238, #2751, #2165, #1640, #1129, #3018, #3, #3008, #268, #3248, #2761, #1390, #2454, #1668, #306, #2180, #555, #816, #1933, #569, #2466, #1101, #2995, #292, #2737, #3262, #1631, #32, #1406, #41, #1655, #3498, #1950, #2207, #583, #2492, #635, #117, #587, #574, #990, #2564, #1513, #2014, #3378, #126, #108, #1464, #1776, #398, #365, #3343, #1753, #386, #2837, #3334, #2041, #373, #2570, #652, #930, #1494, #636, #3085, #138, #2802, #2305, #679, #2279, #408, #2267, #2543, #1480, #1184 ),
 .UNSPECIFIED., .F., .F. ) 
 B_SPLINE_CURVE_WITH_KNOTS ( ( 3, 2, 2, 2, 2, 2, 2, 2, 2, 2, 2, 2, 2, 2, 2, 2, 2, 2, 2, 2, 2, 2, 2, 2, 2, 2, 2, 2, 2, 2, 2, 2, 2, 2, 2, 2, 2, 2, 2, 2, 2, 2, 2, 2, 2, 2, 2, 2, 2, 2, 2, 2, 2, 2, 2, 2, 2, 2, 2, 2, 2, 2, 2, 2, 2, 2, 2, 2, 2, 2, 2, 2, 2, 2, 2, 2, 2, 2, 2, 2, 2, 2, 3 ),
 ( 0.02467536771999027900, 0.03271172622571649100, 0.04361563496762198300, 0.05451954370952747500, 0.06542345245143296700, 0.07632736119333846700, 0.08723126993524393800, 0.09813517867714943700, 0.1090390874190549400, 0.1199429961609604200, 0.1308469049028659300, 0.1417508136447714100, 0.1526547223866768800, 0.1635586311285823800, 0.1744625398704878800, 0.1853664486123933800, 0.1962703573542988700, 0.2071742660962043700, 0.2180781748381098700, 0.2289820835800153700, 0.2398859923219208200, 0.2507899010638263100, 0.2616938098057318100, 0.2725977185476373100, 0.2835016272895428100, 0.2944055360314482600, 0.3053094447733538100, 0.3162133535152593100, 0.3271172622571647500, 0.3380211709990703600, 0.3489250797409758100, 0.3598289884828812000, 0.3707328972247868100, 0.3816368059666922500, 0.3925407147085977500, 0.4034446234505032500, 0.4143485321924087500, 0.4252524409343141900, 0.4361563496762197500, 0.4470602584181251900, 0.4579641671600306900, 0.4688680759019361900, 0.4797719846438416900, 0.4906758933857471300, 0.5015798021276526300, 0.5124837108695581300, 0.5233876196114636300, 0.5342915283533690200, 0.5451954370952745200, 0.5560993458371800100, 0.5670032545790855100, 0.5779071633209910100, 0.5888110720628965100, 0.5997149808048020100, 0.6106188895467075100, 0.6215227982886130100, 0.6324267070305184000, 0.6433306157724240100, 0.6542345245143295100, 0.6651384332562349000, 0.6760423419981403900, 0.6869462507400460000, 0.6978501594819513900, 0.7087540682238568900, 0.7196579769657623900, 0.7305618857076677800, 0.7414657944495735000, 0.7523697031914788900, 0.7632736119333842800, 0.7741775206752900000, 0.7850814294171953900, 0.7959853381591007700, 0.8068892469010063900, 0.8177931556429118800, 0.8286970643848172700, 0.8396009731267228800, 0.8505048818686282700, 0.8614087906105338800, 0.8723126993524393800, 0.8832166080943447700, 0.8941205168362502700, 0.9050244255781558800, 0.9159283343200612700 ),
 .UNSPECIFIED. ) 
 CURVE ( )  GEOMETRIC_REPRESENTATION_ITEM ( )  RATIONAL_B_SPLINE_CURVE ( ( 0.9480652107226101900, 0.9012585384440765500, 1.000000000000000000, 0.8660254037844387100, 1.000000000000000000, 0.8660254037844387100, 1.000000000000000000, 0.8660254037844387100, 1.000000000000000000, 0.8660254037844387100, 1.000000000000000000, 0.8660254037844387100, 1.000000000000000000, 0.8660254037844387100, 1.000000000000000000, 0.8660254037844387100, 1.000000000000000000, 0.8660254037844387100, 1.000000000000000000, 0.8660254037844387100, 1.000000000000000000, 0.8660254037844387100, 1.000000000000000000, 0.8660254037844387100, 1.000000000000000000, 0.8660254037844387100, 1.000000000000000000, 0.8660254037844387100, 1.000000000000000000, 0.8660254037844387100, 1.000000000000000000, 0.8660254037844387100, 1.000000000000000000, 0.8660254037844387100, 1.000000000000000000, 0.8660254037844387100, 1.000000000000000000, 0.8660254037844387100, 1.000000000000000000, 0.8660254037844387100, 1.000000000000000000, 0.8660254037844387100, 1.000000000000000000, 0.8660254037844387100, 1.000000000000000000, 0.8660254037844387100, 1.000000000000000000, 0.8660254037844387100, 1.000000000000000000, 0.8660254037844387100, 1.000000000000000000, 0.8660254037844387100, 1.000000000000000000, 0.8660254037844387100, 1.000000000000000000, 0.8660254037844387100, 1.000000000000000000, 0.8660254037844387100, 1.000000000000000000, 0.8660254037844387100, 1.000000000000000000, 0.8660254037844387100, 1.000000000000000000, 0.8660254037844387100, 1.000000000000000000, 0.8660254037844387100, 1.000000000000000000, 0.8660254037844387100, 1.000000000000000000, 0.8660254037844387100, 1.000000000000000000, 0.8660254037844387100, 1.000000000000000000, 0.8660254037844387100, 1.000000000000000000, 0.8660254037844387100, 1.000000000000000000, 0.8660254037844387100, 1.000000000000000000, 0.8660254037844387100, 1.000000000000000000, 0.8660254037844387100, 1.000000000000000000, 0.8660254037844387100, 1.000000000000000000, 0.8660254037844387100, 1.000000000000000000, 0.8660254037844387100, 1.000000000000000000, 0.8660254037844387100, 1.000000000000000000, 0.8660254037844387100, 1.000000000000000000, 0.8660254037844387100, 1.000000000000000000, 0.8660254037844387100, 1.000000000000000000, 0.8660254037844387100, 1.000000000000000000, 0.8660254037844387100, 1.000000000000000000, 0.8660254037844387100, 1.000000000000000000, 0.8660254037844387100, 1.000000000000000000, 0.8660254037844387100, 1.000000000000000000, 0.8660254037844387100, 1.000000000000000000, 0.8660254037844387100, 1.000000000000000000, 0.8660254037844387100, 1.000000000000000000, 0.8660254037844387100, 1.000000000000000000, 0.8660254037844387100, 1.000000000000000000, 0.8660254037844387100, 1.000000000000000000, 0.8660254037844387100, 1.000000000000000000, 0.8660254037844387100, 1.000000000000000000, 0.8660254037844387100, 1.000000000000000000, 0.8660254037844387100, 1.000000000000000000, 0.8660254037844387100, 1.000000000000000000, 0.8660254037844387100, 1.000000000000000000, 0.8660254037844387100, 1.000000000000000000, 0.8660254037844387100, 1.000000000000000000, 0.8660254037844387100, 1.000000000000000000, 0.8660254037844387100, 1.000000000000000000, 0.8660254037844387100, 1.000000000000000000, 0.8660254037844387100, 1.000000000000000000, 0.8660254037844387100, 1.000000000000000000, 0.8660254037844387100, 1.000000000000000000, 0.8660254037844387100, 1.000000000000000000, 0.8660254037844387100, 1.000000000000000000, 0.8660254037844387100, 1.000000000000000000, 0.8660254037844387100, 1.000000000000000000, 0.8660254037844387100, 1.000000000000000000, 0.8660254037844387100, 1.000000000000000000, 0.8660254037844387100, 1.000000000000000000, 0.8660254037844387100, 1.000000000000000000, 0.8660254037844515900, 0.9999999999999871200 ) ) 
 REPRESENTATION_ITEM ( '' )  );
#599 = CARTESIAN_POINT ( 'NONE',  ( 1.338300807568876500, -0.7726683315065853200, -3.295833333333332100 ) ) ;
#600 = CARTESIAN_POINT ( 'NONE',  ( 0.0000000000000000000, 2.037888611415569000, 2.165624999999979900 ) ) ;
#601 = APPROVAL_DATE_TIME ( #2299, #2395 ) ;
#602 = ADVANCED_FACE ( 'NONE', ( #222 ), #3323, .T. ) ;
#603 = CARTESIAN_POINT ( 'NONE',  ( 0.8922005383792507300, -1.545336663013169700, 0.8458333333333346600 ) ) ;
#604 = CARTESIAN_POINT ( 'NONE',  ( -1.784401076758502300, 1.092630533523695400E-016, -6.474999999999998800 ) ) ;
#605 = LINE ( 'NONE', #1642, #1883 ) ;
#606 = ORIENTED_EDGE ( 'NONE', *, *, #2793, .F. ) ;
#607 = CARTESIAN_POINT ( 'NONE',  ( -2.449293598294707400E-016, -2.000000000000000900, -0.2625000000000188800 ) ) ;
#608 = EDGE_CURVE ( 'NONE', #3276, #2053, #2491, .T. ) ;
#609 = FACE_OUTER_BOUND ( 'NONE', #517, .T. ) ;
#610 = ORIENTED_EDGE ( 'NONE', *, *, #496, .F. ) ;
#611 = LINE ( 'NONE', #2235, #1341 ) ;
#612 = CARTESIAN_POINT ( 'NONE',  ( -1.338300807568877100, -0.7726683315065843200, -3.529166666666665900 ) ) ;
#613 = DESIGN_CONTEXT ( 'detailed design', #2062, 'design' ) ;
#614 = AXIS2_PLACEMENT_3D ( 'NONE', #2430, #2715, #2158 ) ;
#615 = CARTESIAN_POINT ( 'NONE',  ( 0.8922005383792507300, -1.545336663013169700, 0.1458333333333346500 ) ) ;
#616 = CARTESIAN_POINT ( 'NONE',  ( 0.8922005383792521700, 1.545336663013168900, -5.308333333333333600 ) ) ;
#617 = EDGE_LOOP ( 'NONE', ( #2760, #495, #1765, #480 ) ) ;
#618 = CARTESIAN_POINT ( 'NONE',  ( -1.732050807568894100, -1.000000000000009100, -2.479166666666695400 ) ) ;
#619 = EDGE_CURVE ( 'NONE', #2110, #1335, #2850, .T. ) ;
#620 = CARTESIAN_POINT ( 'NONE',  ( 1.382802616965771900, 0.9336893444275700100, 6.802432248789204800 ) ) ;
#621 = ADVANCED_FACE ( 'NONE', ( #2399 ), #1643, .T. ) ;
#622 = CARTESIAN_POINT ( 'NONE',  ( 0.8922005383792507300, -1.545336663013169700, -1.254166666666665500 ) ) ;
#623 = CARTESIAN_POINT ( 'NONE',  ( 0.0000000000000000000, 0.0000000000000000000, 1.645299461620734100 ) ) ;
#624 = CARTESIAN_POINT ( 'NONE',  ( 0.0000000000000000000, 1.545336663013169300, -0.2624999999999988500 ) ) ;
#625 = VERTEX_POINT ( 'NONE', #2003 ) ;
#626 = CARTESIAN_POINT ( 'NONE',  ( -1.338300807568876900, 0.7726683315065848700, -5.133333333333333700 ) ) ;
#627 = ORIENTED_EDGE ( 'NONE', *, *, #1963, .F. ) ;
#628 = CARTESIAN_POINT ( 'NONE',  ( 0.0000000000000000000, 2.000000000000000900, 0.7874999999999808800 ) ) ;
#629 = CARTESIAN_POINT ( 'NONE',  ( 1.338300807568877600, 0.7726683315065835400, 0.3208333333333344100 ) ) ;
#630 = DIRECTION ( 'NONE',  ( 0.0000000000000000000, 1.000000000000000000, 0.0000000000000000000 ) ) ;
#631 = ADVANCED_FACE ( 'NONE', ( #1941 ), #3141, .T. ) ;
#632 =( BOUNDED_CURVE ( )  B_SPLINE_CURVE ( 2, ( #2680, #3494, #489, #1637, #3507, #239, #3224 ),
 .UNSPECIFIED., .F., .F. ) 
 B_SPLINE_CURVE_WITH_KNOTS ( ( 3, 2, 2, 3 ),
 ( 0.1562499999999999700, 0.1666666666666666300, 0.1770833333333332900, 0.1874999999999999400 ),
 .UNSPECIFIED. ) 
 CURVE ( )  GEOMETRIC_REPRESENTATION_ITEM ( )  RATIONAL_B_SPLINE_CURVE ( ( 1.000000000000000400, 0.8660254037844383700, 1.000000000000000000, 0.8660254037844387100, 1.000000000000000000, 0.8660254037844393700, 0.9999999999999993300 ) ) 
 REPRESENTATION_ITEM ( '' )  );
#633 = CARTESIAN_POINT ( 'NONE',  ( 0.0000000000000000000, 1.545336663013169300, -6.649999999999999500 ) ) ;
#634 = CARTESIAN_POINT ( 'NONE',  ( -1.338300807568876900, 0.7726683315065848700, -3.733333333333333400 ) ) ;
#635 = CARTESIAN_POINT ( 'NONE',  ( 0.8922005383792521700, 1.545336663013168900, 0.3791666666666674800 ) ) ;
#636 = CARTESIAN_POINT ( 'NONE',  ( -0.8922005383792511700, 1.545336663013169500, 1.895833333333333500 ) ) ;
#637 = CARTESIAN_POINT ( 'NONE',  ( -1.338300807568877100, -0.7726683315065843200, -1.429166666666665400 ) ) ;
#638 = CARTESIAN_POINT ( 'NONE',  ( -1.499999999999999800, -0.8660254037844388200, -1.582575694955841200 ) ) ;
#639 = CYLINDRICAL_SURFACE ( 'NONE', #2589, 2.000000000000000900 ) ;
#640 = CARTESIAN_POINT ( 'NONE',  ( 1.784401076758502300, -3.277891600571085500E-016, -6.825000000000000200 ) ) ;
#641 = CARTESIAN_POINT ( 'NONE',  ( -2.449293598294707400E-016, -2.000000000000000900, -1.049999999999980500 ) ) ;
#642 = EDGE_LOOP ( 'NONE', ( #170, #927 ) ) ;
#643 = CARTESIAN_POINT ( 'NONE',  ( 1.338300807568876500, -0.7726683315065853200, -4.783333333333333200 ) ) ;
#644 = LINE ( 'NONE', #2447, #515 ) ;
#645 = CARTESIAN_POINT ( 'NONE',  ( -1.500000000000000000, 0.7319659167298777600, 6.803066445905054500 ) ) ;
#646 = CARTESIAN_POINT ( 'NONE',  ( 1.634654473275109800, 1.136581264018626400, 2.789718278183034500 ) ) ;
#647 = ORIENTED_EDGE ( 'NONE', *, *, #619, .T. ) ;
#648 = CARTESIAN_POINT ( 'NONE',  ( 1.154700538379321000, 1.999999999999945800, 1.429166666666624500 ) ) ;
#649 = EDGE_CURVE ( 'NONE', #1458, #483, #611, .T. ) ;
#650 = ADVANCED_FACE ( 'NONE', ( #1890 ), #1694, .F. ) ;
#651 = LINE ( 'NONE', #2834, #3438 ) ;
#652 = CARTESIAN_POINT ( 'NONE',  ( 1.338300807568877600, 0.7726683315065835400, 1.720833333333333700 ) ) ;
#653 = VERTEX_POINT ( 'NONE', #72 ) ;
#654 = CARTESIAN_POINT ( 'NONE',  ( -1.338300807568877100, -0.7726683315065843200, -5.016666666666666600 ) ) ;
#655 = ORIENTED_EDGE ( 'NONE', *, *, #1104, .T. ) ;
#656 = CARTESIAN_POINT ( 'NONE',  ( -1.764863307568877300, -1.018944305707784000, -5.344791666666645300 ) ) ;
#657 = CARTESIAN_POINT ( 'NONE',  ( 1.784401076758502300, -3.277891600571085500E-016, -5.424999999999998900 ) ) ;
#658 = EDGE_CURVE ( 'NONE', #3331, #509, #3100, .T. ) ;
#659 = CARTESIAN_POINT ( 'NONE',  ( 1.803576396633424200, 0.8033276115787704200, 2.780111360337449900 ) ) ;
#660 = CARTESIAN_POINT ( 'NONE',  ( 1.732050807568905200, -1.000000000000017100, 1.254166666666629600 ) ) ;
#661 = DIRECTION ( 'NONE',  ( -0.0000000000000000000, -0.0000000000000000000, 1.000000000000000000 ) ) ;
#662 = CARTESIAN_POINT ( 'NONE',  ( -1.784401076758502300, 1.092630533523695500E-016, -7.087499999999998600 ) ) ;
#663 = CARTESIAN_POINT ( 'NONE',  ( -1.338300807568876900, 0.7726683315065848700, -7.233333333333332500 ) ) ;
#664 = CARTESIAN_POINT ( 'NONE',  ( -1.764863307568877100, 1.018944305707784700, -5.461458333333313300 ) ) ;
#665 = CARTESIAN_POINT ( 'NONE',  ( -1.338300807568877100, -0.7726683315065843200, -0.1166666666666668400 ) ) ;
#666 = CARTESIAN_POINT ( 'NONE',  ( -0.6340671965429582900, -1.625916117689987200, 2.648468883612561200 ) ) ;
#667 = CARTESIAN_POINT ( 'NONE',  ( 0.9053087810658460000, -1.592771359992135100, 2.697554084584884200 ) ) ;
#668 = CARTESIAN_POINT ( 'NONE',  ( 0.0000000000000000000, 2.000000000000000900, 2.100000000000020100 ) ) ;
#669 = AXIS2_PLACEMENT_3D ( 'NONE', #2188, #1108, #1346 ) ;
#670 = CARTESIAN_POINT ( 'NONE',  ( 3.197442310920393300E-013, 2.000000000000000000, -1.312500000000034600 ) ) ;
#671 = CARTESIAN_POINT ( 'NONE',  ( -1.154700538377567900, 2.000000000002917700, -3.354166666666854800 ) ) ;
#672 = CARTESIAN_POINT ( 'NONE',  ( 0.0000000000000000000, 1.545336663013169300, -5.949999999999999300 ) ) ;
#673 = ORIENTED_EDGE ( 'NONE', *, *, #67, .T. ) ;
#674 = CARTESIAN_POINT ( 'NONE',  ( 2.353151076758502700, -4.322668401093671800E-016, -2.253124999999979000 ) ) ;
#675 = CARTESIAN_POINT ( 'NONE',  ( 0.8922005383792521700, 1.545336663013168900, 0.2916666666666666900 ) ) ;
#676 = CARTESIAN_POINT ( 'NONE',  ( -1.453160402018197800, -0.8431011322905247500, 2.610690538138683800 ) ) ;
#677 = CARTESIAN_POINT ( 'NONE',  ( 4.163799117101000600E-016, 3.299999999999999800, 3.000000000000000000 ) ) ;
#678 = CIRCLE ( 'NONE', #3170, 3.299999999999999800 ) ;
#679 = CARTESIAN_POINT ( 'NONE',  ( -1.892491597964129900E-016, -1.545336663013169300, 2.187500000000000900 ) ) ;
#680 = ORIENTED_EDGE ( 'NONE', *, *, #1307, .T. ) ;
#681 = CYLINDRICAL_SURFACE ( 'NONE', #931, 2.000000000000000900 ) ;
#682 = CARTESIAN_POINT ( 'NONE',  ( -1.892491597964129900E-016, -1.545336663013169300, -6.912499999999999600 ) ) ;
#683 = ORIENTED_EDGE ( 'NONE', *, *, #424, .F. ) ;
#684 = CARTESIAN_POINT ( 'NONE',  ( -1.262961302073743400, -1.002879759840521200, 6.744900832287270600 ) ) ;
#685 = CARTESIAN_POINT ( 'NONE',  ( 0.8922005383792507300, -1.545336663013169700, -1.341666666666666100 ) ) ;
#686 = CONICAL_SURFACE ( 'NONE', #1716, 1732.050807568856300, 1.047197551196592500 ) ;
#687 = CARTESIAN_POINT ( 'NONE',  ( 0.0000000000000000000, 2.037888611415569000, -2.078124999999979100 ) ) ;
#688 = CARTESIAN_POINT ( 'NONE',  ( -1.784401076758502300, 1.092630533523695400E-016, -1.575000000000000000 ) ) ;
#689 = ORIENTED_EDGE ( 'NONE', *, *, #445, .T. ) ;
#690 = CARTESIAN_POINT ( 'NONE',  ( 1.784401076758502100, -3.277891600571085500E-016, 2.974999999999999600 ) ) ;
#691 = CARTESIAN_POINT ( 'NONE',  ( -1.338300807568876700, 0.7726683315065847600, -3.733333333333333400 ) ) ;
#692 = ORIENTED_EDGE ( 'NONE', *, *, #3502, .T. ) ;
#693 = DIRECTION ( 'NONE',  ( -0.0000000000000000000, -3.858187711820656000E-057, -1.000000000000000000 ) ) ;
#694 = CARTESIAN_POINT ( 'NONE',  ( 1.894125248274485300, -0.2981236031613530600, 2.747166446195833200 ) ) ;
#695 = AXIS2_PLACEMENT_3D ( 'NONE', #2133, #2993, #2437 ) ;
#696 = ORIENTED_EDGE ( 'NONE', *, *, #1002, .F. ) ;
#697 =( BOUNDED_CURVE ( )  B_SPLINE_CURVE ( 2, ( #1881, #541, #2453, #815, #279, #31, #305 ),
 .UNSPECIFIED., .F., .F. ) 
 B_SPLINE_CURVE_WITH_KNOTS ( ( 3, 2, 2, 3 ),
 ( 0.4375000000000000000, 0.4479166666666666900, 0.4583333333333333700, 0.4687500000000000600 ),
 .UNSPECIFIED. ) 
 CURVE ( )  GEOMETRIC_REPRESENTATION_ITEM ( )  RATIONAL_B_SPLINE_CURVE ( ( 1.000000000000000000, 0.8660254037844387100, 1.000000000000000000, 0.8660254037844387100, 1.000000000000000000, 0.8660254037844380400, 1.000000000000000700 ) ) 
 REPRESENTATION_ITEM ( '' )  );
#698 = AXIS2_PLACEMENT_3D ( 'NONE', #1536, #693, #938 ) ;
#699 = CARTESIAN_POINT ( 'NONE',  ( -1.154700538379400000, -2.000000000000267800, -4.520833333333502700 ) ) ;
#700 = CARTESIAN_POINT ( 'NONE',  ( -1.623893319920178400, -1.027451357035728000, -6.627616520773612400 ) ) ;
#701 = CARTESIAN_POINT ( 'NONE',  ( -0.8922005383792517300, -1.545336663013168900, -2.158333333333333200 ) ) ;
#702 = CARTESIAN_POINT ( 'NONE',  ( 2.353151076758502700, -4.322668401093671800E-016, -2.953124999999979600 ) ) ;
#703 = CARTESIAN_POINT ( 'NONE',  ( -1.892491597964129900E-016, -1.545336663013169300, 0.0000000000000000000 ) ) ;
#704 = CARTESIAN_POINT ( 'NONE',  ( -1.764863307568877300, -1.018944305707784000, -7.401041666666685600 ) ) ;
#705 = CARTESIAN_POINT ( 'NONE',  ( 1.338300807568876300, -0.7726683315065852000, -4.083333333333333000 ) ) ;
#706 = CARTESIAN_POINT ( 'NONE',  ( 1.605591327059802600, -1.192508486540178000, -6.545336663013166000 ) ) ;
#707 = VERTEX_POINT ( 'NONE', #3315 ) ;
#708 = CARTESIAN_POINT ( 'NONE',  ( 2.309401076758802700, -4.242300954900178900E-016, -4.987500000000167700 ) ) ;
#709 = CARTESIAN_POINT ( 'NONE',  ( -0.8922005383792510600, 1.545336663013169500, -5.104166666666666100 ) ) ;
#710 = CARTESIAN_POINT ( 'NONE',  ( 0.0000000000000000000, -5.401462796548918100E-056, -7.000000000000000000 ) ) ;
#711 = CARTESIAN_POINT ( 'NONE',  ( -1.892491597964129900E-016, -1.545336663013169300, -3.499999999999999600 ) ) ;
#712 = CARTESIAN_POINT ( 'NONE',  ( 1.176575538379250700, -2.037888611415569400, 1.130208333333354600 ) ) ;
#713 = CARTESIAN_POINT ( 'NONE',  ( 1.784401076758502300, -3.277891600571085500E-016, 0.8749999999999998900 ) ) ;
#714 = EDGE_CURVE ( 'NONE', #2748, #142, #952, .T. ) ;
#715 = CARTESIAN_POINT ( 'NONE',  ( 0.8922005383792519500, 1.545336663013168600, 2.391666666666666200 ) ) ;
#716 = CARTESIAN_POINT ( 'NONE',  ( -0.8922005383792516200, -1.545336663013168600, -3.558333333333333100 ) ) ;
#717 = CARTESIAN_POINT ( 'NONE',  ( -1.154700538379255200, 1.999999999999994900, -4.141666666666646200 ) ) ;
#718 = AXIS2_PLACEMENT_3D ( 'NONE', #1943, #1120, #799 ) ;
#719 = CARTESIAN_POINT ( 'NONE',  ( 0.8922005383792507300, -1.545336663013169700, -2.741666666666666300 ) ) ;
#720 = CARTESIAN_POINT ( 'NONE',  ( -1.176575538379251100, 2.037888611415569000, -1.319791666666646300 ) ) ;
#721 = EDGE_CURVE ( 'NONE', #653, #430, #1505, .T. ) ;
#722 = CARTESIAN_POINT ( 'NONE',  ( 0.4852960034456635900, -1.451865029342874100, 6.662699326111872500 ) ) ;
#723 = CARTESIAN_POINT ( 'NONE',  ( 1.338300807568877400, 0.7726683315065834300, 3.033333333333333200 ) ) ;
#724 = LINE ( 'NONE', #2633, #2641 ) ;
#725 = CARTESIAN_POINT ( 'NONE',  ( -1.338300807568876700, 0.7726683315065847600, -2.333333333333333000 ) ) ;
#726 = DATE_TIME_ROLE ( 'classification_date' ) ;
#727 = DIRECTION ( 'NONE',  ( -0.0000000000000000000, -3.858187711820656000E-057, -1.000000000000000000 ) ) ;
#728 = VERTEX_POINT ( 'NONE', #2847 ) ;
#729 = CONICAL_SURFACE ( 'NONE', #743, 1732.050807568856300, 1.047197551196592500 ) ;
#730 = CARTESIAN_POINT ( 'NONE',  ( -2.309401076758504300, 1.414100318299876300E-016, -1.224999999999980300 ) ) ;
#731 = CARTESIAN_POINT ( 'NONE',  ( 0.0000000000000000000, 2.000000000000000900, -2.799999999999980300 ) ) ;
#732 = CARTESIAN_POINT ( 'NONE',  ( -1.892491597964129900E-016, -1.545336663013169300, -1.400000000000000100 ) ) ;
#733 = ORIENTED_EDGE ( 'NONE', *, *, #115, .F. ) ;
#734 = CARTESIAN_POINT ( 'NONE',  ( -1.176575538379251100, 2.037888611415569000, 1.480208333333354200 ) ) ;
#735 = CARTESIAN_POINT ( 'NONE',  ( -0.1072490957615168500, -1.737733149990335700, -6.807603513023544800 ) ) ;
#736 = CARTESIAN_POINT ( 'NONE',  ( 1.176575538379252400, 2.037888611415568100, -6.992708333333352400 ) ) ;
#737 =( BOUNDED_CURVE ( )  B_SPLINE_CURVE ( 2, ( #3321, #2250, #1724, #595, #1981, #2539, #94 ),
 .UNSPECIFIED., .F., .T. ) 
 B_SPLINE_CURVE_WITH_KNOTS ( ( 3, 2, 2, 3 ),
 ( 0.09878303395507441500, 0.1008734784168855300, 0.1029639228786966100, 0.1050543673405077300 ),
 .UNSPECIFIED. ) 
 CURVE ( )  GEOMETRIC_REPRESENTATION_ITEM ( )  RATIONAL_B_SPLINE_CURVE ( ( 1.000000000000000000, 0.8660254037844386000, 1.000000000000000000, 0.8660254037844386000, 1.000000000000000000, 0.8660254037844386000, 1.000000000000000000 ) ) 
 REPRESENTATION_ITEM ( '' )  );
#738 = CARTESIAN_POINT ( 'NONE',  ( 1.338300807568876300, -0.7726683315065852000, -4.783333333333333200 ) ) ;
#739 = CARTESIAN_POINT ( 'NONE',  ( -1.618645512466731600, 0.1123141415932747000, 2.577228527938347100 ) ) ;
#740 = CARTESIAN_POINT ( 'NONE',  ( 0.0000000000000000000, 2.000000000000000900, 1.487499999999981400 ) ) ;
#741 = CARTESIAN_POINT ( 'NONE',  ( 0.0000000000000000000, 3.500000000000000000, -7.000000000000000000 ) ) ;
#742 = ORIENTED_EDGE ( 'NONE', *, *, #294, .F. ) ;
#743 = AXIS2_PLACEMENT_3D ( 'NONE', #1210, #2573, #1224 ) ;
#744 = CARTESIAN_POINT ( 'NONE',  ( -1.784401076758502300, 1.092630533523695400E-016, -4.987499999999998900 ) ) ;
#745 = EDGE_CURVE ( 'NONE', #1410, #438, #1793, .T. ) ;
#746 = CARTESIAN_POINT ( 'NONE',  ( -2.449293598294706900E-016, -2.000000000000000000, -0.9625000000000189000 ) ) ;
#747 = CARTESIAN_POINT ( 'NONE',  ( 0.0000000000000000000, 1.545336663013169300, 0.3500000000000004800 ) ) ;
#748 = CARTESIAN_POINT ( 'NONE',  ( -1.764863307568877100, 1.018944305707784700, 1.538541666666688000 ) ) ;
#749 = CARTESIAN_POINT ( 'NONE',  ( -1.764863307568877300, -1.018944305707784000, -5.301041666666686900 ) ) ;
#750 = CARTESIAN_POINT ( 'NONE',  ( -0.8922005383792516200, -1.545336663013168600, -0.7583333333333330800 ) ) ;
#751 = CARTESIAN_POINT ( 'NONE',  ( -2.309401076758540700, 1.414100318299898500E-016, 0.9624999999999623900 ) ) ;
#752 = MECHANICAL_CONTEXT ( 'NONE', #1036, 'mechanical' ) ;
#753 = CARTESIAN_POINT ( 'NONE',  ( 1.154700538380937400, 1.999999999997083700, -3.470833333333524200 ) ) ;
#754 = PRODUCT ( '91290A144_Alloy Steel Socket Head Screw', '91290A144_Alloy Steel Socket Head Screw', '', ( #752 ) ) ;
#755 = CARTESIAN_POINT ( 'NONE',  ( 0.8922005383792521700, 1.545336663013168900, -5.220833333333332300 ) ) ;
#756 = CARTESIAN_POINT ( 'NONE',  ( 1.154700538379308100, 1.999999999999923600, -0.6708333333333631500 ) ) ;
#757 = CARTESIAN_POINT ( 'NONE',  ( 1.176575538379252400, 2.037888611415568100, 1.363541666666688200 ) ) ;
#758 = CARTESIAN_POINT ( 'NONE',  ( 0.0000000000000000000, -1.224646799147354300E-013, 1001.645299461620800 ) ) ;
#759 = CARTESIAN_POINT ( 'NONE',  ( 1.176575538379252400, 2.037888611415568100, -4.192708333333353500 ) ) ;
#760 = CARTESIAN_POINT ( 'NONE',  ( 1.338300807568877400, 0.7726683315065834300, 0.9333333333333337900 ) ) ;
#761 = VERTEX_POINT ( 'NONE', #127 ) ;
#762 = CARTESIAN_POINT ( 'NONE',  ( 0.0000000000000000000, 2.000000000000000900, -7.000000000000000000 ) ) ;
#763 = CARTESIAN_POINT ( 'NONE',  ( 0.8922005383792507300, -1.545336663013169700, 2.858333333333333400 ) ) ;
#764 = APPROVAL_PERSON_ORGANIZATION ( #2846, #1618, #1266 ) ;
#765 = CARTESIAN_POINT ( 'NONE',  ( -3.596408548076577700E-016, 1.732050807568877400, 4.000000000000000000 ) ) ;
#766 = CARTESIAN_POINT ( 'NONE',  ( 2.449293598294707900E-016, -2.000000000000000900, -7.000000000000000000 ) ) ;
#767 = CARTESIAN_POINT ( 'NONE',  ( -1.338300807568876900, 0.7726683315065848700, -6.445833333333332000 ) ) ;
#768 = CIRCLE ( 'NONE', #1312, 3.299999999999999800 ) ;
#769 = ORIENTED_EDGE ( 'NONE', *, *, #786, .T. ) ;
#770 = CARTESIAN_POINT ( 'NONE',  ( -1.423380985874808500, 1.157691367873623400, -6.714697557943571500 ) ) ;
#771 = FACE_OUTER_BOUND ( 'NONE', #3064, .T. ) ;
#772 = CARTESIAN_POINT ( 'NONE',  ( -1.764863307568877100, 1.018944305707784700, 3.638541666666687700 ) ) ;
#773 = EDGE_CURVE ( 'NONE', #3061, #1517, #1174, .T. ) ;
#774 = ORIENTED_EDGE ( 'NONE', *, *, #2620, .T. ) ;
#775 = CARTESIAN_POINT ( 'NONE',  ( 2.353151076758502700, -4.322668401093671800E-016, -2.909375000000019800 ) ) ;
#776 = CARTESIAN_POINT ( 'NONE',  ( 0.8922005383792519500, 1.545336663013168600, 0.2916666666666666900 ) ) ;
#777 = VECTOR ( 'NONE', #1880, 1000.000000000000100 ) ;
#778 = DIRECTION ( 'NONE',  ( -0.0000000000000000000, -3.858187711820656000E-057, -1.000000000000000000 ) ) ;
#779 = CARTESIAN_POINT ( 'NONE',  ( 0.0000000000000000000, 2.000000000000000900, 2.009500964066102100E-014 ) ) ;
#780 = CARTESIAN_POINT ( 'NONE',  ( -2.613693847516620000E-013, -2.000000000000000000, -5.162500000000030700 ) ) ;
#781 = VECTOR ( 'NONE', #296, 999.9999999999998900 ) ;
#782 = CARTESIAN_POINT ( 'NONE',  ( 1.784401076758502300, -3.277891600571085500E-016, -5.337499999999998600 ) ) ;
#783 = ADVANCED_FACE ( 'NONE', ( #3393 ), #2960, .T. ) ;
#784 = ORIENTED_EDGE ( 'NONE', *, *, #352, .F. ) ;
#785 = CARTESIAN_POINT ( 'NONE',  ( 1.500000000000000000, -0.8660254037844384900, 4.000000000000000000 ) ) ;
#786 = EDGE_CURVE ( 'NONE', #817, #2026, #1519, .T. ) ;
#787 = CARTESIAN_POINT ( 'NONE',  ( -2.353151076758502700, 1.440889467031223800E-016, 2.996875000000020200 ) ) ;
#788 = CARTESIAN_POINT ( 'NONE',  ( -1.176575538379251100, 2.037888611415569000, -1.976041666666686900 ) ) ;
#789 = CARTESIAN_POINT ( 'NONE',  ( 1.338300807568877400, 0.7726683315065834300, -0.4666666666666664500 ) ) ;
#790 = CARTESIAN_POINT ( 'NONE',  ( -1.784401076758502300, 1.092630533523695500E-016, -2.887499999999999300 ) ) ;
#791 = CARTESIAN_POINT ( 'NONE',  ( 1.500000000000000000, -0.8660254037844384900, 6.870096189432334900 ) ) ;
#792 = CARTESIAN_POINT ( 'NONE',  ( 1.906474977883886100E-011, 2.000000000000000900, -6.212500000000981800 ) ) ;
#793 = CARTESIAN_POINT ( 'NONE',  ( -1.338300807568877100, -0.7726683315065843200, -3.529166666666665900 ) ) ;
#794 = ORIENTED_EDGE ( 'NONE', *, *, #2009, .F. ) ;
#795 = EDGE_CURVE ( 'NONE', #483, #2026, #1434, .T. ) ;
#796 = CARTESIAN_POINT ( 'NONE',  ( -3.596408548076577700E-016, 1.732050807568877400, -1.582575694955841200 ) ) ;
#797 = EDGE_LOOP ( 'NONE', ( #1727, #1601, #2568, #2821 ) ) ;
#798 = CARTESIAN_POINT ( 'NONE',  ( 0.0000000000000000000, 2.037888611415569000, 3.521875000000021400 ) ) ;
#799 = DIRECTION ( 'NONE',  ( 0.0000000000000000000, 1.000000000000000000, 0.0000000000000000000 ) ) ;
#800 = CARTESIAN_POINT ( 'NONE',  ( -1.764863307568877300, -1.018944305707784000, -3.201041666666686300 ) ) ;
#801 = CARTESIAN_POINT ( 'NONE',  ( 1.338300807568877400, 0.7726683315065834300, -1.866666666666666700 ) ) ;
#802 = CARTESIAN_POINT ( 'NONE',  ( 0.0000000000000000000, -1.543275084728262400E-056, 3.000000000000000000 ) ) ;
#803 = CARTESIAN_POINT ( 'NONE',  ( 0.0000000000000000000, 1.545336663013169300, -3.062499999999999100 ) ) ;
#804 = DIRECTION ( 'NONE',  ( 0.0000000000000000000, -0.7071067811865468000, 0.7071067811865483500 ) ) ;
#805 = CARTESIAN_POINT ( 'NONE',  ( 1.784401076758502300, -3.277891600571085500E-016, -2.537499999999998800 ) ) ;
#806 = CARTESIAN_POINT ( 'NONE',  ( 1.338300807568877600, 0.7726683315065835400, 3.120833333333334000 ) ) ;
#807 = CARTESIAN_POINT ( 'NONE',  ( -2.449293598294707400E-016, -2.000000000000000900, -4.549999999999980300 ) ) ;
#808 = CARTESIAN_POINT ( 'NONE',  ( 2.131628207280278600E-013, 2.000000000000000900, 2.187499999999969800 ) ) ;
#809 = CARTESIAN_POINT ( 'NONE',  ( -0.8922005383792510600, 1.545336663013169500, -6.504166666666665500 ) ) ;
#810 = DIRECTION ( 'NONE',  ( -0.0000000000000000000, -3.858187711820656000E-057, -1.000000000000000000 ) ) ;
#811 = CARTESIAN_POINT ( 'NONE',  ( 1.176575538379250700, -2.037888611415569400, -0.9260416666666861900 ) ) ;
#812 = CARTESIAN_POINT ( 'NONE',  ( -1.338300807568876700, 0.7726683315065847600, -7.233333333333332500 ) ) ;
#813 = CARTESIAN_POINT ( 'NONE',  ( 1.154700538379249500, 2.000000000000006200, -3.558333333333313600 ) ) ;
#814 = CARTESIAN_POINT ( 'NONE',  ( -1.338300807568876900, 0.7726683315065848700, -3.645833333333332600 ) ) ;
#815 = CARTESIAN_POINT ( 'NONE',  ( -2.309401076758504300, 1.414100318299876300E-016, -1.924999999999980500 ) ) ;
#816 = CARTESIAN_POINT ( 'NONE',  ( -1.338300807568877100, -0.7726683315065843200, -0.7291666666666653000 ) ) ;
#817 = VERTEX_POINT ( 'NONE', #2937 ) ;
#818 = CARTESIAN_POINT ( 'NONE',  ( -0.8922005383792517300, -1.545336663013168900, 2.129166666666667300 ) ) ;
#819 = CARTESIAN_POINT ( 'NONE',  ( 1.154700538379251200, -2.000000000000001300, -4.491666666666647600 ) ) ;
#820 = FACE_OUTER_BOUND ( 'NONE', #1514, .T. ) ;
#821 = VERTEX_POINT ( 'NONE', #3457 ) ;
#822 = DIRECTION ( 'NONE',  ( -0.0000000000000000000, -0.0000000000000000000, 1.000000000000000000 ) ) ;
#823 = FACE_OUTER_BOUND ( 'NONE', #1038, .T. ) ;
#824 = CARTESIAN_POINT ( 'NONE',  ( 0.8922005383792507300, -1.545336663013169700, -6.854166666666666100 ) ) ;
#825 = CARTESIAN_POINT ( 'NONE',  ( 2.353151076758502700, -4.322668401093671800E-016, -0.1093750000000200500 ) ) ;
#826 = CARTESIAN_POINT ( 'NONE',  ( -1.154700538385654600, 1.999999999988912600, 0.1458333333339612000 ) ) ;
#827 = CARTESIAN_POINT ( 'NONE',  ( 0.8922005383792519500, 1.545336663013168600, -6.708333333333333000 ) ) ;
#828 = CARTESIAN_POINT ( 'NONE',  ( -0.8922005383792517300, -1.545336663013168900, -3.470833333333332300 ) ) ;
#829 = ORIENTED_EDGE ( 'NONE', *, *, #3443, .T. ) ;
#830 = CARTESIAN_POINT ( 'NONE',  ( -2.309401076758503800, 1.414100318299876500E-016, -5.337500000000017200 ) ) ;
#831 = DIRECTION ( 'NONE',  ( -0.0000000000000000000, 0.0000000000000000000, 1.000000000000000000 ) ) ;
#832 = CARTESIAN_POINT ( 'NONE',  ( -0.8922005383792511700, 1.545336663013169500, -2.304166666666665400 ) ) ;
#833 = ORIENTED_EDGE ( 'NONE', *, *, #2656, .T. ) ;
#834 = CARTESIAN_POINT ( 'NONE',  ( 1.732050807568879000, 0.9999999999999988900, 1.283333333333353600 ) ) ;
#835 = EDGE_CURVE ( 'NONE', #1517, #1565, #964, .T. ) ;
#836 = CARTESIAN_POINT ( 'NONE',  ( -1.338300807568876900, 0.7726683315065848700, -2.245833333333332200 ) ) ;
#837 = PRODUCT_DEFINITION_SHAPE ( 'NONE', 'NONE',  #1852 ) ;
#838 = CARTESIAN_POINT ( 'NONE',  ( 2.309401076758523800, -4.242300954899665600E-016, -4.287500000000029000 ) ) ;
#839 = CARTESIAN_POINT ( 'NONE',  ( -1.764863307568877300, -1.018944305707784000, -1.801041666666686000 ) ) ;
#840 = CARTESIAN_POINT ( 'NONE',  ( -1.732050807568878100, 1.000000000000000700, -5.483333333333313900 ) ) ;
#841 = CARTESIAN_POINT ( 'NONE',  ( 0.0000000000000000000, 1.545336663013169100, -5.949999999999999300 ) ) ;
#842 = CARTESIAN_POINT ( 'NONE',  ( -2.309401076758504300, 1.414100318299876300E-016, -2.624999999999980000 ) ) ;
#843 = CARTESIAN_POINT ( 'NONE',  ( -1.784401076758502300, 1.092630533523695500E-016, -2.187499999999999600 ) ) ;
#844 = CARTESIAN_POINT ( 'NONE',  ( 0.8922005383792491800, -1.545336663013172900, -6.941666666666668200 ) ) ;
#845 = CARTESIAN_POINT ( 'NONE',  ( -1.784401076758502300, 1.092630533523695400E-016, -2.887499999999999300 ) ) ;
#846 = CARTESIAN_POINT ( 'NONE',  ( 1.338300807568876500, -0.7726683315065853200, 3.004166666666668200 ) ) ;
#847 = EDGE_CURVE ( 'NONE', #2359, #817, #1083, .T. ) ;
#848 = CARTESIAN_POINT ( 'NONE',  ( -1.154700538379596500, -2.000000000000621300, 2.479166666666299700 ) ) ;
#849 = CARTESIAN_POINT ( 'NONE',  ( -1.154700538379251900, 2.000000000000000900, 1.458333333333353000 ) ) ;
#850 = CARTESIAN_POINT ( 'NONE',  ( 1.338300807568877600, 0.7726683315065835400, -5.279166666666665900 ) ) ;
#851 = CARTESIAN_POINT ( 'NONE',  ( -1.861954618136542700, 2.280236763258549300E-016, 7.000000000000000000 ) ) ;
#852 = CARTESIAN_POINT ( 'NONE',  ( -2.353151076758502700, 1.440889467031223800E-016, 0.2406249999999804400 ) ) ;
#853 = DIRECTION ( 'NONE',  ( 0.0000000000000000000, 1.000000000000000000, 0.0000000000000000000 ) ) ;
#854 = CARTESIAN_POINT ( 'NONE',  ( 1.338300807568877600, 0.7726683315065835400, 2.420833333333334700 ) ) ;
#855 = CARTESIAN_POINT ( 'NONE',  ( -1.154700538379255200, 1.999999999999994900, -3.441666666666646400 ) ) ;
#856 = VERTEX_POINT ( 'NONE', #1905 ) ;
#857 = CARTESIAN_POINT ( 'NONE',  ( 1.338300807568877600, 0.7726683315065835400, -3.179166666666666300 ) ) ;
#858 = CARTESIAN_POINT ( 'NONE',  ( -0.8922005383792517300, -1.545336663013168900, 2.829166666666667900 ) ) ;
#859 = CARTESIAN_POINT ( 'NONE',  ( 4.163799117101000600E-016, -3.299999999999999800, 7.000000000000000000 ) ) ;
#860 = COORDINATED_UNIVERSAL_TIME_OFFSET ( 6, 0, .BEHIND. ) ;
#861 = DIRECTION ( 'NONE',  ( 8.659560562354913100E-017, 0.7071067811865460200, 0.7071067811865489100 ) ) ;
#862 = CARTESIAN_POINT ( 'NONE',  ( -1.732050807568878300, -1.000000000000000000, 1.633333333333352800 ) ) ;
#863 = CYLINDRICAL_SURFACE ( 'NONE', #337, 2.000000000000000900 ) ;
#864 = CARTESIAN_POINT ( 'NONE',  ( -1.892491597964129900E-016, -1.545336663013169300, -2.012499999999998800 ) ) ;
#865 = EDGE_LOOP ( 'NONE', ( #3478, #2121, #192, #2727 ) ) ;
#866 = AXIS2_PLACEMENT_3D ( 'NONE', #523, #1398, #2692 ) ;
#867 = CARTESIAN_POINT ( 'NONE',  ( -1.764863307568877100, 1.018944305707784700, -1.217708333333352700 ) ) ;
#868 = FACE_OUTER_BOUND ( 'NONE', #3070, .T. ) ;
#869 = CARTESIAN_POINT ( 'NONE',  ( 1.338300807568876500, -0.7726683315065853200, 1.604166666666667900 ) ) ;
#870 = ORIENTED_EDGE ( 'NONE', *, *, #2482, .F. ) ;
#871 = DIRECTION ( 'NONE',  ( -0.0000000000000000000, -3.858187711820656000E-057, -1.000000000000000000 ) ) ;
#872 = VECTOR ( 'NONE', #13, 1000.000000000000000 ) ;
#873 = DIRECTION ( 'NONE',  ( 0.0000000000000000000, 0.0000000000000000000, 1.000000000000000000 ) ) ;
#874 = CARTESIAN_POINT ( 'NONE',  ( 2.449293598294707900E-016, -2.000000000000000900, -7.000000000000000000 ) ) ;
#875 = ORIENTED_EDGE ( 'NONE', *, *, #1713, .T. ) ;
#876 = ADVANCED_FACE ( 'NONE', ( #3313 ), #3036, .T. ) ;
#877 = EDGE_LOOP ( 'NONE', ( #907, #3117, #346, #1215, #1697, #1846 ) ) ;
#878 = B_SPLINE_CURVE_WITH_KNOTS ( 'NONE', 3,
 ( #1967, #2506, #684, #2849, #2362, #1269, #3145, #2582 ),
 .UNSPECIFIED., .F., .F.,
 ( 4, 2, 2, 4 ),
 ( 2.544365555416565400E-007, 0.0004475380576734571900, 0.0008948216787913727900, 0.001789388921027203300 ),
 .UNSPECIFIED. ) ;
#879 = CARTESIAN_POINT ( 'NONE',  ( 1.784401076758502300, -3.277891600571085500E-016, -3.937499999999999100 ) ) ;
#880 = ORIENTED_EDGE ( 'NONE', *, *, #835, .T. ) ;
#881 = CARTESIAN_POINT ( 'NONE',  ( 1.784401076758502300, -3.277891600571085500E-016, 0.2625000000000006200 ) ) ;
#882 = CARTESIAN_POINT ( 'NONE',  ( 0.0000000000000000000, -5.401462796548918100E-056, -7.000000000000000000 ) ) ;
#883 = CARTESIAN_POINT ( 'NONE',  ( -1.154700538379262100, 2.000000000000019100, -2.654166666666694800 ) ) ;
#884 = CARTESIAN_POINT ( 'NONE',  ( 0.0000000000000000000, -1.545336663013169300, -6.999999999999998200 ) ) ;
#885 = EDGE_LOOP ( 'NONE', ( #2136, #992, #409, #30 ) ) ;
#886 = CARTESIAN_POINT ( 'NONE',  ( -0.8922005383792510600, 1.545336663013169500, -4.404166666666665900 ) ) ;
#887 = CARTESIAN_POINT ( 'NONE',  ( 0.0000000000000000000, 0.0000000000000000000, 2.800000000000000300 ) ) ;
#888 = ADVANCED_FACE ( 'NONE', ( #2311 ), #1136, .T. ) ;
#889 = CARTESIAN_POINT ( 'NONE',  ( 1.338300807568877600, 0.7726683315065835400, 1.020833333333334600 ) ) ;
#890 = ORIENTED_EDGE ( 'NONE', *, *, #2687, .F. ) ;
#891 = CARTESIAN_POINT ( 'NONE',  ( 1.338300807568877600, 0.7726683315065835400, -3.966666666666666800 ) ) ;
#892 = CARTESIAN_POINT ( 'NONE',  ( -1.499999999999999800, 0.8660254037844384900, 6.870096189432334900 ) ) ;
#893 = CARTESIAN_POINT ( 'NONE',  ( -2.449293598294707400E-016, -2.000000000000000900, -5.949999999999980600 ) ) ;
#894 = CARTESIAN_POINT ( 'NONE',  ( -1.784401076758502300, 1.092630533523695500E-016, -0.08749999999999903700 ) ) ;
#895 = CARTESIAN_POINT ( 'NONE',  ( 0.0000000000000000000, 2.037888611415569000, 2.865624999999981000 ) ) ;
#896 = PERSON_AND_ORGANIZATION ( #1239, #901 ) ;
#897 =( BOUNDED_CURVE ( )  B_SPLINE_CURVE ( 2, ( #1356, #1661, #1887, #838, #547, #3232, #2149 ),
 .UNSPECIFIED., .F., .F. ) 
 B_SPLINE_CURVE_WITH_KNOTS ( ( 3, 2, 2, 3 ),
 ( 0.1238667531194216900, 0.1259568293394465700, 0.1280469055594714300, 0.1301369817794963100 ),
 .UNSPECIFIED. ) 
 CURVE ( )  GEOMETRIC_REPRESENTATION_ITEM ( )  RATIONAL_B_SPLINE_CURVE ( ( 0.9999999999999700200, 0.8660254037844686800, 1.000000000000000000, 0.8660254037844387100, 1.000000000000000000, 0.8660254037844387100, 1.000000000000000000 ) ) 
 REPRESENTATION_ITEM ( '' )  );
#898 = CARTESIAN_POINT ( 'NONE',  ( -1.338300807568876900, 0.7726683315065848700, 1.954166666666667500 ) ) ;
#899 = ORIENTED_EDGE ( 'NONE', *, *, #86, .F. ) ;
#900 = CARTESIAN_POINT ( 'NONE',  ( 1.784401076758502300, -3.277891600571085500E-016, -3.324999999999999700 ) ) ;
#901 = ORGANIZATION ( 'UNSPECIFIED', 'UNSPECIFIED', '' ) ;
#902 = CARTESIAN_POINT ( 'NONE',  ( -0.1171973830342283900, 1.664386866925746200, 6.802432248789203100 ) ) ;
#903 = CARTESIAN_POINT ( 'NONE',  ( 1.732050807568879000, 0.9999999999999991100, 0.6708333333333147400 ) ) ;
#904 = EDGE_CURVE ( 'NONE', #1299, #3080, #2944, .T. ) ;
#905 = ADVANCED_FACE ( 'NONE', ( #263 ), #2153, .F. ) ;
#906 = VECTOR ( 'NONE', #534, 1000.000000000000000 ) ;
#907 = ORIENTED_EDGE ( 'NONE', *, *, #545, .T. ) ;
#908 = CIRCLE ( 'NONE', #2507, 0.2000000000000000900 ) ;
#909 = CARTESIAN_POINT ( 'NONE',  ( 1.338300807568876500, -0.7726683315065853200, 0.2041666666666676100 ) ) ;
#910 = AXIS2_PLACEMENT_3D ( 'NONE', #3038, #3361, #1757 ) ;
#911 = CARTESIAN_POINT ( 'NONE',  ( -1.154700538379252600, -2.000000000000000900, -4.608333333333313000 ) ) ;
#912 = ORIENTED_EDGE ( 'NONE', *, *, #1175, .T. ) ;
#913 = CARTESIAN_POINT ( 'NONE',  ( -1.641550781197758500, 0.2474239697874393600, 3.393820491191707100 ) ) ;
#914 = LINE ( 'NONE', #2755, #781 ) ;
#915 = CARTESIAN_POINT ( 'NONE',  ( -0.8922005383792511700, 1.545336663013169500, -3.791666666666667000 ) ) ;
#916 = VERTEX_POINT ( 'NONE', #230 ) ;
#917 = CARTESIAN_POINT ( 'NONE',  ( -0.6162907893786160300, 1.376235154422046100, 6.638370359032661500 ) ) ;
#918 = EDGE_CURVE ( 'NONE', #136, #761, #2604, .T. ) ;
#919 = CARTESIAN_POINT ( 'NONE',  ( -1.499999999999999800, 1.836760632859557100E-016, 6.638045381863459000 ) ) ;
#920 = CARTESIAN_POINT ( 'NONE',  ( 0.0000000000000000000, 2.000000000000000900, -0.6999999999999800800 ) ) ;
#921 = ORIENTED_EDGE ( 'NONE', *, *, #2314, .F. ) ;
#922 = CC_DESIGN_DATE_AND_TIME_ASSIGNMENT ( #2251, #726, ( #2803 ) ) ;
#923 = CARTESIAN_POINT ( 'NONE',  ( 0.0000000000000000000, 1.545336663013169300, -0.9624999999999989100 ) ) ;
#924 = CARTESIAN_POINT ( 'NONE',  ( 1.338300807568877600, 0.7726683315065835400, -6.766666666666666600 ) ) ;
#925 = DIRECTION ( 'NONE',  ( -0.0000000000000000000, -3.858187711820656000E-057, -1.000000000000000000 ) ) ;
#926 = CARTESIAN_POINT ( 'NONE',  ( -0.8922005383792511700, 1.545336663013169500, -3.091666666666666300 ) ) ;
#927 = ORIENTED_EDGE ( 'NONE', *, *, #3443, .F. ) ;
#928 = CARTESIAN_POINT ( 'NONE',  ( 0.0000000000000000000, -1.543275084728262400E-056, 3.000000000000000000 ) ) ;
#929 = CARTESIAN_POINT ( 'NONE',  ( -0.8922005383792509500, 1.545336663013169100, 1.808333333333332900 ) ) ;
#930 = CARTESIAN_POINT ( 'NONE',  ( 0.8922005383792521700, 1.545336663013168900, 1.779166666666667700 ) ) ;
#931 = AXIS2_PLACEMENT_3D ( 'NONE', #59, #2018, #1257 ) ;
#932 = CARTESIAN_POINT ( 'NONE',  ( 4.316547119742478400E-013, 2.000000000000001800, -4.812500000000040900 ) ) ;
#933 = PLANE ( 'NONE',  #978 ) ;
#934 = CARTESIAN_POINT ( 'NONE',  ( -1.784401076758502300, 1.092630533523695500E-016, -5.775000000000000400 ) ) ;
#935 = CARTESIAN_POINT ( 'NONE',  ( -2.495693764988920700E-016, -2.037888611415569000, -3.828124999999979100 ) ) ;
#936 = EDGE_CURVE ( 'NONE', #142, #707, #908, .T. ) ;
#937 = CARTESIAN_POINT ( 'NONE',  ( 1.338300807568877600, 0.7726683315065835400, 0.9333333333333337900 ) ) ;
#938 = DIRECTION ( 'NONE',  ( 0.0000000000000000000, 1.000000000000000000, 0.0000000000000000000 ) ) ;
#939 = CARTESIAN_POINT ( 'NONE',  ( 0.7345541413941266700, -1.667246805586412300, 2.691593622930038300 ) ) ;
#940 = DIRECTION ( 'NONE',  ( 0.0000000000000000000, 1.000000000000000000, 0.0000000000000000000 ) ) ;
#941 = CARTESIAN_POINT ( 'NONE',  ( 0.8922005383792507300, -1.545336663013169700, -6.154166666666665900 ) ) ;
#942 = FACE_OUTER_BOUND ( 'NONE', #271, .T. ) ;
#943 = CARTESIAN_POINT ( 'NONE',  ( 4.286263797015736600E-016, -3.500000000000000000, 6.799999999999999800 ) ) ;
#944 = CARTESIAN_POINT ( 'NONE',  ( -1.338300807568877100, -0.7726683315065843200, -4.316666666666666400 ) ) ;
#945 = CARTESIAN_POINT ( 'NONE',  ( 1.176575538379250700, -2.037888611415569400, -4.469791666666646200 ) ) ;
#946 = ORIENTED_EDGE ( 'NONE', *, *, #597, .F. ) ;
#947 = CARTESIAN_POINT ( 'NONE',  ( 1.784401076758502300, -3.277891600571085500E-016, -1.924999999999999400 ) ) ;
#948 = LINE ( 'NONE', #1413, #388 ) ;
#949 = CARTESIAN_POINT ( 'NONE',  ( -1.369503876634229600, -0.9875794005387943400, 2.615584931220892100 ) ) ;
#950 = VERTEX_POINT ( 'NONE', #1892 ) ;
#951 = AXIS2_PLACEMENT_3D ( 'NONE', #3007, #1932, #291 ) ;
#952 = LINE ( 'NONE', #623, #1212 ) ;
#953 = CARTESIAN_POINT ( 'NONE',  ( -1.154700538379251900, 2.000000000000000900, 2.158333333333352800 ) ) ;
#954 = ORIENTED_EDGE ( 'NONE', *, *, #3251, .F. ) ;
#955 = CARTESIAN_POINT ( 'NONE',  ( -1.338300807568876900, 0.7726683315065848700, -7.145833333333332100 ) ) ;
#956 = CARTESIAN_POINT ( 'NONE',  ( 1.732050807569401000, 1.000000000000300600, 2.070833333332966900 ) ) ;
#957 = CARTESIAN_POINT ( 'NONE',  ( -1.892491597964129900E-016, -1.545336663013169300, -2.799999999999999400 ) ) ;
#958 = ORIENTED_EDGE ( 'NONE', *, *, #3333, .F. ) ;
#959 = CARTESIAN_POINT ( 'NONE',  ( -1.764863307568877300, -1.018944305707784000, -3.944791666666645800 ) ) ;
#960 = CARTESIAN_POINT ( 'NONE',  ( 0.0000000000000000000, 1.545336663013169300, 0.3500000000000004800 ) ) ;
#961 = CARTESIAN_POINT ( 'NONE',  ( 9.424965617998658100E-014, -1.772668331506584500, 2.668749999999995700 ) ) ;
#962 = EDGE_CURVE ( 'NONE', #1499, #483, #1608, .T. ) ;
#963 = DIRECTION ( 'NONE',  ( 0.0000000000000000000, 1.000000000000000000, 0.0000000000000000000 ) ) ;
#964 =( BOUNDED_CURVE ( )  B_SPLINE_CURVE ( 2, ( #1014, #2904, #3466, #1868, #3163, #2645, #2926 ),
 .UNSPECIFIED., .F., .F. ) 
 B_SPLINE_CURVE_WITH_KNOTS ( ( 3, 2, 2, 3 ),
 ( 0.5937500000000000000, 0.6041666666666666300, 0.6145833333333333700, 0.6250000000000000000 ),
 .UNSPECIFIED. ) 
 CURVE ( )  GEOMETRIC_REPRESENTATION_ITEM ( )  RATIONAL_B_SPLINE_CURVE ( ( 1.000000000000000000, 0.8660254037844387100, 1.000000000000000000, 0.8660254037844387100, 1.000000000000000000, 0.8660254037844387100, 1.000000000000000000 ) ) 
 REPRESENTATION_ITEM ( '' )  );
#965 =( BOUNDED_CURVE ( )  B_SPLINE_CURVE ( 2, ( #792, #1070, #505, #1362, #242, #2977, #2145 ),
 .UNSPECIFIED., .F., .F. ) 
 B_SPLINE_CURVE_WITH_KNOTS ( ( 3, 2, 2, 3 ),
 ( 0.1614911040376997000, 0.1635838301693711700, 0.1656765563010426100, 0.1674348430927150000 ),
 .UNSPECIFIED. ) 
 CURVE ( )  GEOMETRIC_REPRESENTATION_ITEM ( )  RATIONAL_B_SPLINE_CURVE ( ( 0.9999999999987232400, 0.8660254037857154600, 1.000000000000000000, 0.8660254037844387100, 1.000000000000000000, 0.8874359337419283100, 0.9640221895667808700 ) ) 
 REPRESENTATION_ITEM ( '' )  );
#966 = CARTESIAN_POINT ( 'NONE',  ( -0.8922005383792517300, -1.545336663013168900, -6.270833333333333000 ) ) ;
#967 = CARTESIAN_POINT ( 'NONE',  ( 2.309401076759200600, -4.242300954900908100E-016, 2.012499999999632500 ) ) ;
#968 = CARTESIAN_POINT ( 'NONE',  ( 0.0000000000000000000, 1.545336663013169300, -3.149999999999999900 ) ) ;
#969 = VERTEX_POINT ( 'NONE', #791 ) ;
#970 = CARTESIAN_POINT ( 'NONE',  ( -1.176575538379251100, 2.037888611415569000, -2.019791666666645600 ) ) ;
#971 = CARTESIAN_POINT ( 'NONE',  ( -1.892491597964129900E-016, -1.545336663013169300, -0.7000000000000000700 ) ) ;
#972 = EDGE_CURVE ( 'NONE', #18, #3103, #348, .T. ) ;
#973 = CARTESIAN_POINT ( 'NONE',  ( 0.0000000000000000000, 1.545336663013169100, 3.150000000000000800 ) ) ;
#974 = CARTESIAN_POINT ( 'NONE',  ( 1.784401076758502100, -3.277891600571085500E-016, -5.424999999999998900 ) ) ;
#975 = CARTESIAN_POINT ( 'NONE',  ( -1.499999999999999800, 0.1522638590145232200, 6.638045381863458200 ) ) ;
#976 = DIRECTION ( 'NONE',  ( -0.0000000000000000000, -3.858187711820656000E-057, -1.000000000000000000 ) ) ;
#977 = CARTESIAN_POINT ( 'NONE',  ( 0.0000000000000000000, 2.000000000000000900, -1.399999999999979900 ) ) ;
#978 = AXIS2_PLACEMENT_3D ( 'NONE', #1687, #1196, #128 ) ;
#979 = CARTESIAN_POINT ( 'NONE',  ( -1.338300807568877100, -0.7726683315065843200, -4.929166666666666300 ) ) ;
#980 = CARTESIAN_POINT ( 'NONE',  ( -1.778846999750253000, -0.6929981174035337900, -6.640248352310560000 ) ) ;
#981 = CARTESIAN_POINT ( 'NONE',  ( -1.338300807568876900, 0.7726683315065848700, -0.9333333333333329000 ) ) ;
#982 = CARTESIAN_POINT ( 'NONE',  ( 1.764863307568878000, 1.018944305707782900, -3.594791666666645700 ) ) ;
#983 = EDGE_CURVE ( 'NONE', #1565, #1043, #1455, .T. ) ;
#984 = CARTESIAN_POINT ( 'NONE',  ( -0.8922005383792517300, -1.545336663013168900, -2.158333333333333200 ) ) ;
#985 = CARTESIAN_POINT ( 'NONE',  ( -1.176575538379251100, 2.037888611415569000, -7.576041666666686300 ) ) ;
#986 = CARTESIAN_POINT ( 'NONE',  ( 0.0000000000000000000, 1.545336663013169100, -3.849999999999999600 ) ) ;
#987 = CARTESIAN_POINT ( 'NONE',  ( 1.732050807568877600, -1.000000000000001300, -5.833333333333313500 ) ) ;
#988 = LINE ( 'NONE', #874, #420 ) ;
#989 = CARTESIAN_POINT ( 'NONE',  ( 4.316547119742478400E-013, 2.000000000000001800, -4.812500000000040900 ) ) ;
#990 = CARTESIAN_POINT ( 'NONE',  ( -1.784401076758502300, 1.092630533523695400E-016, 0.6125000000000009300 ) ) ;
#991 = CARTESIAN_POINT ( 'NONE',  ( 0.8922005383792521700, 1.545336663013168900, -5.220833333333332300 ) ) ;
#992 = ORIENTED_EDGE ( 'NONE', *, *, #962, .T. ) ;
#993 = CARTESIAN_POINT ( 'NONE',  ( 1.500000000000000200, 0.7319659167298775400, 6.803066445905056300 ) ) ;
#994 = CARTESIAN_POINT ( 'NONE',  ( -0.8922005383792517300, -1.545336663013168900, -2.858333333333333400 ) ) ;
#995 = LINE ( 'NONE', #1426, #220 ) ;
#996 = CARTESIAN_POINT ( 'NONE',  ( -2.353151076758502700, 1.440889467031223800E-016, -0.5031249999999793900 ) ) ;
#997 = CARTESIAN_POINT ( 'NONE',  ( -2.449293598294707400E-016, -2.000000000000000900, 1.050000000000019800 ) ) ;
#998 = CARTESIAN_POINT ( 'NONE',  ( 1.784401076758502100, -3.277891600571085500E-016, 2.274999999999999900 ) ) ;
#999 = CARTESIAN_POINT ( 'NONE',  ( 1.784401076758502100, -3.277891600571085500E-016, -4.725000000000000500 ) ) ;
#1000 = VERTEX_POINT ( 'NONE', #3458 ) ;
#1001 = CARTESIAN_POINT ( 'NONE',  ( 2.449293598294707900E-016, -2.000000000000000900, -7.000000000000000000 ) ) ;
#1002 = EDGE_CURVE ( 'NONE', #1871, #2691, #3404, .T. ) ;
#1003 = DIRECTION ( 'NONE',  ( -0.0000000000000000000, -3.858187711820656000E-057, -1.000000000000000000 ) ) ;
#1004 = ORIENTED_EDGE ( 'NONE', *, *, #1954, .F. ) ;
#1005 = ORIENTED_EDGE ( 'NONE', *, *, #3428, .F. ) ;
#1006 = CARTESIAN_POINT ( 'NONE',  ( 1.338300807568877600, 0.7726683315065835400, -1.166666666666666500 ) ) ;
#1007 = CARTESIAN_POINT ( 'NONE',  ( -1.764863307568877300, -1.018944305707784000, -0.4447916666666454400 ) ) ;
#1008 = CARTESIAN_POINT ( 'NONE',  ( 1.338300807568876500, -0.7726683315065853200, 1.516666666666667100 ) ) ;
#1009 = CARTESIAN_POINT ( 'NONE',  ( 1.176575538379250700, -2.037888611415569400, -7.226041666666685800 ) ) ;
#1010 =( BOUNDED_CURVE ( )  B_SPLINE_CURVE ( 2, ( #1633, #1645, #2724, #1105, #1394, #2998, #1377 ),
 .UNSPECIFIED., .F., .F. ) 
 B_SPLINE_CURVE_WITH_KNOTS ( ( 3, 2, 2, 3 ),
 ( 0.06742875587474564400, 0.06951892480190188800, 0.07160909372905817400, 0.07369926265621441800 ),
 .UNSPECIFIED. ) 
 CURVE ( )  GEOMETRIC_REPRESENTATION_ITEM ( )  RATIONAL_B_SPLINE_CURVE ( ( 0.9999999999996244100, 0.8660254037848141900, 1.000000000000000000, 0.8660254037844386000, 1.000000000000000000, 0.8660254037844457000, 0.9999999999999928900 ) ) 
 REPRESENTATION_ITEM ( '' )  );
#1011 = CARTESIAN_POINT ( 'NONE',  ( -1.338300807568876900, -0.7726683315065842100, -2.216666666666666300 ) ) ;
#1012 = ORIENTED_EDGE ( 'NONE', *, *, #3149, .T. ) ;
#1013 = CARTESIAN_POINT ( 'NONE',  ( -1.154700538370069700, -2.000000000015969400, 1.079166666667559700 ) ) ;
#1014 = CARTESIAN_POINT ( 'NONE',  ( -2.449293598294707400E-016, -2.000000000000000900, -0.3499999999999803800 ) ) ;
#1015 = DIRECTION ( 'NONE',  ( 0.0000000000000000000, -1.000000000000000000, 0.0000000000000000000 ) ) ;
#1016 = CARTESIAN_POINT ( 'NONE',  ( -1.162401438461859300, 1.417116282794166100, -6.728938342615791200 ) ) ;
#1017 = CARTESIAN_POINT ( 'NONE',  ( -0.8922005383792510600, 1.545336663013169500, 0.4083333333333334400 ) ) ;
#1018 = CARTESIAN_POINT ( 'NONE',  ( -1.764863307568877100, 1.018944305707784700, 0.1385416666666878200 ) ) ;
#1019 = CARTESIAN_POINT ( 'NONE',  ( -0.8922005383792517300, -1.545336663013168900, 2.041666666666666500 ) ) ;
#1020 = EDGE_CURVE ( 'NONE', #3319, #2026, #173, .T. ) ;
#1021 = CARTESIAN_POINT ( 'NONE',  ( 0.8922005383792506200, -1.545336663013169500, 2.858333333333333400 ) ) ;
#1022 = CARTESIAN_POINT ( 'NONE',  ( 0.8922005383792506200, -1.545336663013169500, -2.741666666666666300 ) ) ;
#1023 = CARTESIAN_POINT ( 'NONE',  ( -1.481180540647848000, 0.5846231517121144300, 2.559750556268024700 ) ) ;
#1024 = CARTESIAN_POINT ( 'NONE',  ( 1.338300807568877600, 0.7726683315065835400, 3.033333333333333200 ) ) ;
#1025 = CARTESIAN_POINT ( 'NONE',  ( 1.732050807568879200, 0.9999999999999991100, -3.529166666666685900 ) ) ;
#1026 = CARTESIAN_POINT ( 'NONE',  ( 0.0000000000000000000, 1.545336663013169300, -6.562499999999999100 ) ) ;
#1027 = CARTESIAN_POINT ( 'NONE',  ( -0.1228011280449588800, 1.771678787179181700, -6.773657875836051700 ) ) ;
#1028 = CARTESIAN_POINT ( 'NONE',  ( -1.892491597964129900E-016, -1.545336663013169300, 0.0000000000000000000 ) ) ;
#1029 = CARTESIAN_POINT ( 'NONE',  ( 2.353151076758502700, -4.322668401093671800E-016, -0.8531249999999790400 ) ) ;
#1030 = EDGE_CURVE ( 'NONE', #2328, #2918, #2154, .T. ) ;
#1031 = DIRECTION ( 'NONE',  ( 0.0000000000000000000, -1.224646799147354200E-016, 1.000000000000000000 ) ) ;
#1032 = CARTESIAN_POINT ( 'NONE',  ( -2.353151076758502700, 1.440889467031223800E-016, -3.259375000000020300 ) ) ;
#1033 = FACE_OUTER_BOUND ( 'NONE', #1678, .T. ) ;
#1034 = CARTESIAN_POINT ( 'NONE',  ( 1.784401076758502100, -3.277891600571085500E-016, -1.224999999999999600 ) ) ;
#1035 = CARTESIAN_POINT ( 'NONE',  ( 0.0000000000000000000, 2.000000000000000900, -4.199999999999979700 ) ) ;
#1036 = APPLICATION_CONTEXT ( 'configuration controlled 3d designs of mechanical parts and assemblies' ) ;
#1037 = CARTESIAN_POINT ( 'NONE',  ( 0.8922005383792521700, 1.545336663013168900, 1.691666666666667100 ) ) ;
#1038 = EDGE_LOOP ( 'NONE', ( #2562, #1538, #880, #870 ) ) ;
#1039 = CARTESIAN_POINT ( 'NONE',  ( 0.0000000000000000000, 3.500000000000000000, 6.799999999999999800 ) ) ;
#1040 = CARTESIAN_POINT ( 'NONE',  ( -0.8922005383792517300, -1.545336663013168900, -4.170833333333331600 ) ) ;
#1041 = ORIENTED_EDGE ( 'NONE', *, *, #234, .T. ) ;
#1042 = CARTESIAN_POINT ( 'NONE',  ( 1.732050807568886100, -1.000000000000006000, -0.8458333333333579700 ) ) ;
#1043 = VERTEX_POINT ( 'NONE', #2231 ) ;
#1044 = CARTESIAN_POINT ( 'NONE',  ( 1.764863307568876700, -1.018944305707785400, -0.2114583333333126500 ) ) ;
#1045 = CARTESIAN_POINT ( 'NONE',  ( 1.764863307568878000, 1.018944305707782900, -2.151041666666686500 ) ) ;
#1046 = CARTESIAN_POINT ( 'NONE',  ( 1.338300807568876300, -0.7726683315065852000, 0.1166666666666668400 ) ) ;
#1047 = DIRECTION ( 'NONE',  ( 0.0000000000000000000, 0.0000000000000000000, 1.000000000000000000 ) ) ;
#1048 = CARTESIAN_POINT ( 'NONE',  ( -1.338300807568876900, 0.7726683315065848700, 3.266666666666667100 ) ) ;
#1049 = ORIENTED_EDGE ( 'NONE', *, *, #1368, .F. ) ;
#1050 = DIRECTION ( 'NONE',  ( -0.0000000000000000000, -3.858187711820656000E-057, -1.000000000000000000 ) ) ;
#1051 = CARTESIAN_POINT ( 'NONE',  ( -1.732050807568886700, 1.000000000000005600, -0.4958333333333575500 ) ) ;
#1052 = CARTESIAN_POINT ( 'NONE',  ( 0.8922005383792521700, 1.545336663013168900, -6.620833333333332700 ) ) ;
#1053 = DIRECTION ( 'NONE',  ( 0.0000000000000000000, 1.000000000000000000, -3.858187711820656000E-057 ) ) ;
#1054 = CARTESIAN_POINT ( 'NONE',  ( -1.338300807568877100, -0.7726683315065843200, -5.629166666666666400 ) ) ;
#1055 = ADVANCED_FACE ( 'NONE', ( #1728 ), #2137, .T. ) ;
#1056 = CARTESIAN_POINT ( 'NONE',  ( -1.764863307568877300, -1.018944305707784000, -4.601041666666686700 ) ) ;
#1057 = CARTESIAN_POINT ( 'NONE',  ( -1.338300807568876700, 0.7726683315065847600, -0.9333333333333329000 ) ) ;
#1058 = ORIENTED_EDGE ( 'NONE', *, *, #1353, .F. ) ;
#1059 = CARTESIAN_POINT ( 'NONE',  ( 5.602117988209822500E-016, -1.732050807568877400, -1.582575694955841200 ) ) ;
#1060 = CARTESIAN_POINT ( 'NONE',  ( -0.8922005383792510600, 1.545336663013169500, 2.508333333333333700 ) ) ;
#1061 = DIRECTION ( 'NONE',  ( -0.0000000000000000000, -3.858187711820656000E-057, -1.000000000000000000 ) ) ;
#1062 = CARTESIAN_POINT ( 'NONE',  ( 1.732050807568877900, -1.000000000000001600, -3.645833333333352100 ) ) ;
#1063 = CARTESIAN_POINT ( 'NONE',  ( 0.0000000000000000000, 1.545336663013169300, -5.162499999999998800 ) ) ;
#1064 = CARTESIAN_POINT ( 'NONE',  ( -1.764863307568877300, -1.018944305707784000, 3.055208333333354200 ) ) ;
#1065 = CARTESIAN_POINT ( 'NONE',  ( 0.0000000000000000000, 2.000000000000000900, -2.099999999999980500 ) ) ;
#1066 = CARTESIAN_POINT ( 'NONE',  ( -1.764863307568877100, 1.018944305707784700, -1.917708333333352900 ) ) ;
#1067 = CARTESIAN_POINT ( 'NONE',  ( -1.892491597964129700E-016, -1.545336663013169100, -0.7000000000000000700 ) ) ;
#1068 = DIRECTION ( 'NONE',  ( -0.0000000000000000000, -3.858187711820656000E-057, -1.000000000000000000 ) ) ;
#1069 = CARTESIAN_POINT ( 'NONE',  ( 0.8922005383792507300, -1.545336663013169700, -4.054166666666666300 ) ) ;
#1070 = CARTESIAN_POINT ( 'NONE',  ( 1.154700538385721200, 1.999999999989195800, -6.270833333334111100 ) ) ;
#1071 = VERTEX_POINT ( 'NONE', #1677 ) ;
#1072 = CARTESIAN_POINT ( 'NONE',  ( 1.784401076758502300, -3.277891600571085500E-016, -4.637499999999999300 ) ) ;
#1073 = VECTOR ( 'NONE', #2579, 1000.000000000000000 ) ;
#1074 =( BOUNDED_CURVE ( )  B_SPLINE_CURVE ( 2, ( #2531, #2512, #323, #2262, #1973, #1989, #1430 ),
 .UNSPECIFIED., .F., .T. ) 
 B_SPLINE_CURVE_WITH_KNOTS ( ( 3, 2, 2, 3 ),
 ( 0.07997088684680647700, 0.08206116594247041300, 0.08415144503813439000, 0.08624172413379832500 ),
 .UNSPECIFIED. ) 
 CURVE ( )  GEOMETRIC_REPRESENTATION_ITEM ( )  RATIONAL_B_SPLINE_CURVE ( ( 0.9999999999999357200, 0.8660254037845029900, 1.000000000000000000, 0.8660254037844387100, 1.000000000000000000, 0.8660254037844387100, 1.000000000000000000 ) ) 
 REPRESENTATION_ITEM ( '' )  );
#1075 = CARTESIAN_POINT ( 'NONE',  ( 0.8407320978849983600, -1.360487576232518800, -6.960720249035906800 ) ) ;
#1076 = LINE ( 'NONE', #2275, #427 ) ;
#1077 = CARTESIAN_POINT ( 'NONE',  ( 1.176575538379252400, 2.037888611415568100, 3.463541666666687400 ) ) ;
#1078 =( BOUNDED_CURVE ( )  B_SPLINE_CURVE ( 2, ( #1238, #1526, #1785, #708, #2684, #3459, #780 ),
 .UNSPECIFIED., .F., .F. ) 
 B_SPLINE_CURVE_WITH_KNOTS ( ( 3, 2, 2, 3 ),
 ( 0.1364073606158819100, 0.1384978972794589100, 0.1405884339430359100, 0.1426789706066129100 ),
 .UNSPECIFIED. ) 
 CURVE ( )  GEOMETRIC_REPRESENTATION_ITEM ( )  RATIONAL_B_SPLINE_CURVE ( ( 0.9999999999999906700, 0.8660254037844480300, 1.000000000000000000, 0.8660254037844387100, 1.000000000000000000, 0.8660254037844216100, 1.000000000000017100 ) ) 
 REPRESENTATION_ITEM ( '' )  );
#1079 = ORIENTED_EDGE ( 'NONE', *, *, #1104, .F. ) ;
#1080 = CARTESIAN_POINT ( 'NONE',  ( 0.0000000000000000000, 2.000000000000000900, -7.000000000000000000 ) ) ;
#1081 = CARTESIAN_POINT ( 'NONE',  ( 1.764863307568878000, 1.018944305707782900, -3.551041666666686900 ) ) ;
#1082 = CARTESIAN_POINT ( 'NONE',  ( -1.338300807568876900, -0.7726683315065842100, -1.516666666666666200 ) ) ;
#1083 = LINE ( 'NONE', #2164, #2861 ) ;
#1084 = DIRECTION ( 'NONE',  ( 0.0000000000000000000, 3.858187711820656000E-057, 1.000000000000000000 ) ) ;
#1085 = CARTESIAN_POINT ( 'NONE',  ( -0.8922005383792510600, 1.545336663013169500, -3.004166666666665500 ) ) ;
#1086 = ORIENTED_EDGE ( 'NONE', *, *, #294, .T. ) ;
#1087 = CARTESIAN_POINT ( 'NONE',  ( 1.861954618136542700, 2.700731398274459000E-056, 7.000000000000000000 ) ) ;
#1088 = CIRCLE ( 'NONE', #2814, 1.545336663013169300 ) ;
#1089 = CARTESIAN_POINT ( 'NONE',  ( 0.8922005383792521700, 1.545336663013168900, -3.120833333333332200 ) ) ;
#1090 = CARTESIAN_POINT ( 'NONE',  ( -1.338300807568876900, 0.7726683315065848700, 3.354166666666667400 ) ) ;
#1091 = ORIENTED_EDGE ( 'NONE', *, *, #2551, .T. ) ;
#1092 = CARTESIAN_POINT ( 'NONE',  ( 0.7297655079085516600, 1.579968866726132000, -6.808351402765637800 ) ) ;
#1093 = EDGE_CURVE ( 'NONE', #1715, #2451, #995, .T. ) ;
#1094 = CARTESIAN_POINT ( 'NONE',  ( -1.338300807568876900, 0.7726683315065848700, -6.445833333333332000 ) ) ;
#1095 = DIRECTION ( 'NONE',  ( 0.0000000000000000000, 1.000000000000000000, 0.0000000000000000000 ) ) ;
#1096 = CARTESIAN_POINT ( 'NONE',  ( 0.0000000000000000000, 2.037888611415569000, 0.7656249999999799000 ) ) ;
#1097 = CARTESIAN_POINT ( 'NONE',  ( 1.784401076758502100, -3.277891600571085500E-016, -6.825000000000000200 ) ) ;
#1098 = DIRECTION ( 'NONE',  ( 0.0000000000000000000, 1.000000000000000000, 0.0000000000000000000 ) ) ;
#1099 = CARTESIAN_POINT ( 'NONE',  ( -1.892491597964129900E-016, -1.545336663013169300, -2.012499999999998800 ) ) ;
#1100 = AXIS2_PLACEMENT_3D ( 'NONE', #1298, #176, #3150 ) ;
#1101 = CARTESIAN_POINT ( 'NONE',  ( 1.338300807568876500, -0.7726683315065853200, -0.4958333333333325200 ) ) ;
#1102 = CARTESIAN_POINT ( 'NONE',  ( 0.8922005383792507300, -1.545336663013169700, 2.245833333333334900 ) ) ;
#1103 = CARTESIAN_POINT ( 'NONE',  ( 2.309401076758504300, -4.242300954899628600E-016, -6.474999999999980100 ) ) ;
#1104 = EDGE_CURVE ( 'NONE', #1000, #1871, #1340, .T. ) ;
#1105 = CARTESIAN_POINT ( 'NONE',  ( -2.309401076758970600, 1.414100318300161800E-016, -1.137500000000251800 ) ) ;
#1106 = ORIENTED_EDGE ( 'NONE', *, *, #472, .F. ) ;
#1107 = CARTESIAN_POINT ( 'NONE',  ( 1.338300807568877600, 0.7726683315065835400, -6.679166666666665400 ) ) ;
#1108 = DIRECTION ( 'NONE',  ( -0.0000000000000000000, -3.858187711820656000E-057, -1.000000000000000000 ) ) ;
#1109 = CARTESIAN_POINT ( 'NONE',  ( 0.0000000000000000000, 2.037888611415569000, -1.334375000000019600 ) ) ;
#1110 = CARTESIAN_POINT ( 'NONE',  ( -1.784401076758502100, 1.092630533523695300E-016, -7.175000000000000700 ) ) ;
#1111 = CARTESIAN_POINT ( 'NONE',  ( 1.784401076758502300, -3.277891600571085500E-016, -1.137499999999998600 ) ) ;
#1112 = DIRECTION ( 'NONE',  ( 8.659560562354925500E-017, 0.7071067811865468000, 0.7071067811865483500 ) ) ;
#1113 = CARTESIAN_POINT ( 'NONE',  ( 0.0000000000000000000, -5.401462796548918100E-056, -7.000000000000000000 ) ) ;
#1115 = ORIENTED_EDGE ( 'NONE', *, *, #2540, .F. ) ;
#1114 = CARTESIAN_POINT ( 'NONE',  ( 0.0000000000000000000, 1.545336663013169300, -2.362499999999998900 ) ) ;
#1116 = CARTESIAN_POINT ( 'NONE',  ( -1.641542001124412000, 0.2474391773205702500, 3.393819343084474700 ) ) ;
#1117 = CARTESIAN_POINT ( 'NONE',  ( 1.087431066649640300, 1.335082821057723000, -6.826880366322647800 ) ) ;
#1118 = VERTEX_POINT ( 'NONE', #1142 ) ;
#1119 = CARTESIAN_POINT ( 'NONE',  ( 0.8922005383792521700, 1.545336663013168900, -2.420833333333332500 ) ) ;
#1120 = DIRECTION ( 'NONE',  ( -0.0000000000000000000, -3.858187711820656000E-057, -1.000000000000000000 ) ) ;
#1121 = CARTESIAN_POINT ( 'NONE',  ( 1.764863307568878000, 1.018944305707782900, 1.348958333333313100 ) ) ;
#1122 = CARTESIAN_POINT ( 'NONE',  ( -1.154700538379252800, -2.000000000000000900, 0.3791666666666470600 ) ) ;
#1123 = CARTESIAN_POINT ( 'NONE',  ( 0.0000000000000000000, 2.000000000000000900, 1.487499999999981400 ) ) ;
#1124 = CARTESIAN_POINT ( 'NONE',  ( 1.732050807568877600, -1.000000000000001300, -0.9333333333333135900 ) ) ;
#1125 = CARTESIAN_POINT ( 'NONE',  ( 1.784401076758502300, -3.277891600571085500E-016, 0.9625000000000005800 ) ) ;
#1126 = CARTESIAN_POINT ( 'NONE',  ( -0.8922005383792511700, 1.545336663013169500, -6.591666666666667700 ) ) ;
#1127 = VECTOR ( 'NONE', #861, 1000.000000000000100 ) ;
#1128 = DIRECTION ( 'NONE',  ( -0.0000000000000000000, -3.858187711820656000E-057, -1.000000000000000000 ) ) ;
#1129 = CARTESIAN_POINT ( 'NONE',  ( -1.784401076758502300, 1.092630533523695400E-016, -1.487499999999999200 ) ) ;
#1130 = ORIENTED_EDGE ( 'NONE', *, *, #2801, .F. ) ;
#1131 = CARTESIAN_POINT ( 'NONE',  ( -1.338300807568877100, -0.7726683315065843200, 2.770833333333334400 ) ) ;
#1132 = EDGE_CURVE ( 'NONE', #2867, #728, #2892, .T. ) ;
#1133 = CARTESIAN_POINT ( 'NONE',  ( 0.0000000000000000000, 2.000000000000001800, -2.012500000000018800 ) ) ;
#1134 = VECTOR ( 'NONE', #3348, 1000.000000000000000 ) ;
#1135 = ORIENTED_EDGE ( 'NONE', *, *, #2113, .F. ) ;
#1136 = CONICAL_SURFACE ( 'NONE', #1280, 3.299999999999999800, 0.7853981633974472800 ) ;
#1137 = CARTESIAN_POINT ( 'NONE',  ( -1.338300807568876900, 0.7726683315065848700, -5.045833333333332500 ) ) ;
#1138 = CARTESIAN_POINT ( 'NONE',  ( 4.286263797015736600E-016, -3.500000000000000000, 6.799999999999999800 ) ) ;
#1139 = CARTESIAN_POINT ( 'NONE',  ( -1.176575538379252000, -2.037888611415569000, 0.3572916666666463600 ) ) ;
#1140 = CARTESIAN_POINT ( 'NONE',  ( -1.338300807568877100, -0.7726683315065843200, -0.02916666666666605700 ) ) ;
#1141 = VERTEX_POINT ( 'NONE', #1405 ) ;
#1142 = CARTESIAN_POINT ( 'NONE',  ( -1.920597014762030400E-011, 2.000000000000002200, 0.08750000000095166400 ) ) ;
#1143 = DIRECTION ( 'NONE',  ( 0.0000000000000000000, 1.000000000000000000, 0.0000000000000000000 ) ) ;
#1144 = CARTESIAN_POINT ( 'NONE',  ( 1.784401076758502300, -3.277891600571085500E-016, -1.837499999999998800 ) ) ;
#1145 = EDGE_LOOP ( 'NONE', ( #2396, #3363, #3441, #2270 ) ) ;
#1146 = CARTESIAN_POINT ( 'NONE',  ( -1.338300807568877100, -0.7726683315065843200, 1.370833333333334200 ) ) ;
#1147 = DIRECTION ( 'NONE',  ( 0.0000000000000000000, 1.000000000000000000, 0.0000000000000000000 ) ) ;
#1148 = CARTESIAN_POINT ( 'NONE',  ( -0.8922005383792510600, 1.545336663013169500, -3.004166666666665500 ) ) ;
#1149 = CARTESIAN_POINT ( 'NONE',  ( 1.732050807568879000, 0.9999999999999988900, 0.5833333333333533500 ) ) ;
#1150 = CARTESIAN_POINT ( 'NONE',  ( 0.0000000000000000000, -5.401462796548918100E-056, -7.000000000000000000 ) ) ;
#1151 = CARTESIAN_POINT ( 'NONE',  ( -0.8922005383792517300, -1.545336663013168900, 2.829166666666667900 ) ) ;
#1152 = ORIENTED_EDGE ( 'NONE', *, *, #1164, .T. ) ;
#1153 = AXIS2_PLACEMENT_3D ( 'NONE', #417, #2288, #1782 ) ;
#1154 = CARTESIAN_POINT ( 'NONE',  ( 1.401258538443848300, 1.427050983125065300, 2.799999999999999400 ) ) ;
#1155 = CARTESIAN_POINT ( 'NONE',  ( 2.131628207280278600E-013, 2.000000000000000900, 2.187499999999969800 ) ) ;
#1156 = CARTESIAN_POINT ( 'NONE',  ( -2.309401076758504300, 1.414100318299876300E-016, -6.124999999999980500 ) ) ;
#1157 = CARTESIAN_POINT ( 'NONE',  ( 1.732050807568877600, -1.000000000000001300, 2.566666666666686000 ) ) ;
#1158 = CARTESIAN_POINT ( 'NONE',  ( -0.8922005383792510600, 1.545336663013169500, -5.104166666666666100 ) ) ;
#1159 = CARTESIAN_POINT ( 'NONE',  ( -1.732050807568878100, 1.000000000000000700, -4.783333333333311900 ) ) ;
#1160 = CARTESIAN_POINT ( 'NONE',  ( 1.338300807568876500, -0.7726683315065853200, 0.9041666666666667900 ) ) ;
#1161 = CARTESIAN_POINT ( 'NONE',  ( -1.338300807568876900, 0.7726683315065848700, -5.833333333333333000 ) ) ;
#1162 = DIRECTION ( 'NONE',  ( 0.0000000000000000000, -1.000000000000000000, 0.0000000000000000000 ) ) ;
#1163 = CARTESIAN_POINT ( 'NONE',  ( 0.0000000000000000000, -5.226045146571120500E-056, -6.545336663013166000 ) ) ;
#1164 = EDGE_CURVE ( 'NONE', #950, #3192, #1547, .T. ) ;
#1165 = ADVANCED_FACE ( 'NONE', ( #2521 ), #2442, .T. ) ;
#1166 = CIRCLE ( 'NONE', #3195, 2.000000000000000000 ) ;
#1167 = ORIENTED_EDGE ( 'NONE', *, *, #1368, .T. ) ;
#1168 = CARTESIAN_POINT ( 'NONE',  ( -0.8922005383792517300, -1.545336663013168900, -4.170833333333331600 ) ) ;
#1169 = CARTESIAN_POINT ( 'NONE',  ( 0.0000000000000000000, 2.000000000000000900, -7.000000000000000000 ) ) ;
#1170 =( BOUNDED_CURVE ( )  B_SPLINE_CURVE ( 2, ( #1133, #2980, #3020, #2197, #2210, #1408, #571 ),
 .UNSPECIFIED., .F., .F. ) 
 B_SPLINE_CURVE_WITH_KNOTS ( ( 3, 2, 2, 3 ),
 ( 0.08624172413379832500, 0.08833167701739290400, 0.09042162990098746900, 0.09251158278458204700 ),
 .UNSPECIFIED. ) 
 CURVE ( )  GEOMETRIC_REPRESENTATION_ITEM ( )  RATIONAL_B_SPLINE_CURVE ( ( 1.000000000000000000, 0.8660254037844387100, 1.000000000000000000, 0.8660254037844387100, 1.000000000000000000, 0.8660254037865877700, 0.9999999999978509400 ) ) 
 REPRESENTATION_ITEM ( '' )  );
#1171 = CARTESIAN_POINT ( 'NONE',  ( 0.0000000000000000000, 1.545336663013169300, 1.137500000000000400 ) ) ;
#1172 = EDGE_LOOP ( 'NONE', ( #1849, #3359, #2893, #2529 ) ) ;
#1173 = CARTESIAN_POINT ( 'NONE',  ( -1.784401076758502300, 1.092630533523695400E-016, -5.775000000000000400 ) ) ;
#1174 = LINE ( 'NONE', #1241, #1251 ) ;
#1175 = EDGE_CURVE ( 'NONE', #2444, #1523, #3278, .T. ) ;
#1176 = CARTESIAN_POINT ( 'NONE',  ( -0.8922005383792517300, -1.545336663013168900, -1.370833333333332200 ) ) ;
#1177 = ORIENTED_EDGE ( 'NONE', *, *, #86, .T. ) ;
#1178 = CARTESIAN_POINT ( 'NONE',  ( -1.176575538379252000, -2.037888611415569000, 2.457291666666647800 ) ) ;
#1179 = CARTESIAN_POINT ( 'NONE',  ( 1.784401076758502300, -3.277891600571085500E-016, -4.024999999999999500 ) ) ;
#1180 = CARTESIAN_POINT ( 'NONE',  ( -1.176575538379252000, -2.037888611415569000, -6.686458333333313000 ) ) ;
#1181 = CARTESIAN_POINT ( 'NONE',  ( 1.784401076758502300, -3.277891600571085500E-016, -6.125000000000000000 ) ) ;
#1182 = CARTESIAN_POINT ( 'NONE',  ( 0.0000000000000000000, 2.700731398274459000E-056, 7.000000000000000000 ) ) ;
#1183 = CARTESIAN_POINT ( 'NONE',  ( 2.309401076758504300, -4.242300954899628600E-016, 0.6124999999999809500 ) ) ;
#1184 = CARTESIAN_POINT ( 'NONE',  ( 0.0000000000000000000, 1.545336663013170200, 2.537499999999998800 ) ) ;
#1185 = CARTESIAN_POINT ( 'NONE',  ( 0.0000000000000000000, 1.545336663013169300, 0.4375000000000012800 ) ) ;
#1186 = CARTESIAN_POINT ( 'NONE',  ( -2.449293598294707400E-016, -2.000000000000000900, -4.549999999999980300 ) ) ;
#1187 = CARTESIAN_POINT ( 'NONE',  ( -1.784401076758502300, 1.092630533523695500E-016, -6.474999999999998800 ) ) ;
#1188 = ORIENTED_EDGE ( 'NONE', *, *, #3198, .T. ) ;
#1189 = CARTESIAN_POINT ( 'NONE',  ( 0.0000000000000000000, -5.401462796548918100E-056, -7.000000000000000000 ) ) ;
#1190 = CARTESIAN_POINT ( 'NONE',  ( 0.0000000000000000000, 1.545336663013169300, -3.149999999999999900 ) ) ;
#1191 = CARTESIAN_POINT ( 'NONE',  ( -1.264222809608505300, 1.002151428125741800, 6.733970165090436700 ) ) ;
#1192 = CARTESIAN_POINT ( 'NONE',  ( -1.082708096908888500, 1.102637102105951800, 2.537499999999996500 ) ) ;
#1193 = ADVANCED_FACE ( 'NONE', ( #2650 ), #686, .T. ) ;
#1194 = CARTESIAN_POINT ( 'NONE',  ( 1.784401076758502300, -3.277891600571085500E-016, -0.4374999999999986100 ) ) ;
#1195 = CARTESIAN_POINT ( 'NONE',  ( -1.338300807568876900, 0.7726683315065848700, -6.445833333333332000 ) ) ;
#1196 = DIRECTION ( 'NONE',  ( 0.0000000000000000000, -3.858187711820656000E-057, -1.000000000000000000 ) ) ;
#1197 = CARTESIAN_POINT ( 'NONE',  ( 0.0000000000000000000, 1.545336663013169300, -3.849999999999999600 ) ) ;
#1198 = EDGE_LOOP ( 'NONE', ( #2510, #1393 ) ) ;
#1199 = CARTESIAN_POINT ( 'NONE',  ( -1.732050807568878300, -1.000000000000000000, -2.566666666666646400 ) ) ;
#1200 = CARTESIAN_POINT ( 'NONE',  ( -1.338300807568876900, 0.7726683315065848700, -3.033333333333333200 ) ) ;
#1201 = CARTESIAN_POINT ( 'NONE',  ( 0.0000000000000000000, 3.299999999999999800, 3.000000000000000000 ) ) ;
#1202 = CARTESIAN_POINT ( 'NONE',  ( 9.424965617998658100E-014, -1.772668331506584500, 2.668749999999995700 ) ) ;
#1203 = CARTESIAN_POINT ( 'NONE',  ( 0.0000000000000000000, 2.000000000000000900, 1.487499999999981400 ) ) ;
#1204 = EDGE_CURVE ( 'NONE', #2907, #969, #2555, .T. ) ;
#1205 = VECTOR ( 'NONE', #2659, 1000.000000000000000 ) ;
#1206 = CARTESIAN_POINT ( 'NONE',  ( -1.499999999999999800, -0.8660254037844388200, 6.870096189432334900 ) ) ;
#1207 = VERTEX_POINT ( 'NONE', #200 ) ;
#1208 = VECTOR ( 'NONE', #2416, 1000.000000000000000 ) ;
#1209 = ORIENTED_EDGE ( 'NONE', *, *, #2314, .T. ) ;
#1210 = CARTESIAN_POINT ( 'NONE',  ( 0.0000000000000000000, -1.224646799147354300E-013, 1001.645299461620800 ) ) ;
#1211 = CARTESIAN_POINT ( 'NONE',  ( 0.8922005383792507300, -1.545336663013169700, -4.841666666666666800 ) ) ;
#1212 = VECTOR ( 'NONE', #2307, 1000.000000000000100 ) ;
#1213 = CARTESIAN_POINT ( 'NONE',  ( 0.0000000000000000000, 2.037888611415569000, -3.478124999999979000 ) ) ;
#1214 = CARTESIAN_POINT ( 'NONE',  ( -0.8922005383792511700, 1.545336663013169500, 1.108333333333333600 ) ) ;
#1215 = ORIENTED_EDGE ( 'NONE', *, *, #904, .T. ) ;
#1216 = CARTESIAN_POINT ( 'NONE',  ( 1.500000000000000000, -0.8660254037844384900, -1.582575694955841200 ) ) ;
#1217 = EDGE_CURVE ( 'NONE', #1644, #1734, #324, .T. ) ;
#1218 = CARTESIAN_POINT ( 'NONE',  ( 1.262961302073743600, 1.002879759840521700, 6.744900832287271400 ) ) ;
#1219 = DIRECTION ( 'NONE',  ( -0.0000000000000000000, -3.858187711820656000E-057, -1.000000000000000000 ) ) ;
#1220 = CARTESIAN_POINT ( 'NONE',  ( -1.499999999999999800, -0.5973773716075510000, 6.735772173343888400 ) ) ;
#1221 = ORIENTED_EDGE ( 'NONE', *, *, #1020, .F. ) ;
#1222 = B_SPLINE_CURVE_WITH_KNOTS ( 'NONE', 3,
 ( #2349, #2894, #2865, #1567, #2064, #3119, #2054, #421, #2331, #700, #2602, #980, #1860, #1329, #3219, #3196, #3179, #3206, #1319, #519, #3475, #3166, #770, #1016, #1874, #1832, #1624, #484, #1027, #1616 ),
 .UNSPECIFIED., .F., .F.,
 ( 4, 2, 2, 2, 2, 2, 2, 2, 2, 2, 2, 2, 2, 2, 4 ),
 ( 0.0003239473825343462600, 0.001059433720038499100, 0.001427176888790575900, 0.001794920057542652500, 0.002162663226294729000, 0.002530406395046805400, 0.002898149563798882200, 0.003265892732550958100, 0.003633635901303034500, 0.004001379070055110400, 0.004369122238807187200, 0.004736865407559263900, 0.005472351745063416600, 0.005840094913815492600, 0.006207838082567569300 ),
 .UNSPECIFIED. ) ;
#1223 = CARTESIAN_POINT ( 'NONE',  ( -2.449293598294707400E-016, -2.000000000000000900, -1.662500000000019000 ) ) ;
#1224 = DIRECTION ( 'NONE',  ( 0.0000000000000000000, -1.000000000000000000, -1.281975124255724700E-016 ) ) ;
#1225 = CARTESIAN_POINT ( 'NONE',  ( 0.8922005383792521700, 1.545336663013168900, -6.008333333333333700 ) ) ;
#1226 = CARTESIAN_POINT ( 'NONE',  ( 1.764863307568876700, -1.018944305707785400, -4.411458333333312600 ) ) ;
#1227 = CARTESIAN_POINT ( 'NONE',  ( -0.8922005383792517300, -1.545336663013168900, -1.458333333333333300 ) ) ;
#1228 = ADVANCED_FACE ( 'NONE', ( #1847 ), #2569, .T. ) ;
#1229 = CARTESIAN_POINT ( 'NONE',  ( -1.732050807568878100, 1.000000000000000700, 2.216666666666686300 ) ) ;
#1230 =( BOUNDED_CURVE ( )  B_SPLINE_CURVE ( 2, ( #920, #1742, #3093, #3075, #3368, #1478, #2264 ),
 .UNSPECIFIED., .F., .F. ) 
 B_SPLINE_CURVE_WITH_KNOTS ( ( 3, 2, 2, 3 ),
 ( 0.5625000000000000000, 0.5729166666666666300, 0.5833333333333333700, 0.5937500000000000000 ),
 .UNSPECIFIED. ) 
 CURVE ( )  GEOMETRIC_REPRESENTATION_ITEM ( )  RATIONAL_B_SPLINE_CURVE ( ( 1.000000000000000000, 0.8660254037844387100, 1.000000000000000000, 0.8660254037844387100, 1.000000000000000000, 0.8660254037844387100, 1.000000000000000000 ) ) 
 REPRESENTATION_ITEM ( '' )  );
#1231 = CARTESIAN_POINT ( 'NONE',  ( 0.0000000000000000000, 1.545336663013169300, -6.562499999999999100 ) ) ;
#1232 = DIRECTION ( 'NONE',  ( -0.0000000000000000000, -3.858187711820656000E-057, -1.000000000000000000 ) ) ;
#1233 = CARTESIAN_POINT ( 'NONE',  ( -0.8922005383792510600, 1.545336663013169500, -2.391666666666666200 ) ) ;
#1234 = CARTESIAN_POINT ( 'NONE',  ( -2.353151076758502700, 1.440889467031223800E-016, -4.003124999999978500 ) ) ;
#1235 = CARTESIAN_POINT ( 'NONE',  ( -1.338300807568877100, -0.7726683315065843200, -1.516666666666666200 ) ) ;
#1236 = CARTESIAN_POINT ( 'NONE',  ( 0.0000000000000000000, -7.716375423641332400E-058, 6.799999999999999800 ) ) ;
#1237 = CARTESIAN_POINT ( 'NONE',  ( 0.1454694747075762100, -1.772208579584186000, -6.773128083428010100 ) ) ;
#1238 = CARTESIAN_POINT ( 'NONE',  ( 4.316547119742478400E-013, 2.000000000000001800, -4.812500000000040900 ) ) ;
#1239 = PERSON ( 'UNSPECIFIED', 'UNSPECIFIED', 'UNSPECIFIED', ('UNSPECIFIED'), ('UNSPECIFIED'), ('UNSPECIFIED') ) ;
#1240 = COORDINATED_UNIVERSAL_TIME_OFFSET ( 6, 0, .BEHIND. ) ;
#1241 = CARTESIAN_POINT ( 'NONE',  ( 2.449293598294707900E-016, -2.000000000000000900, -7.000000000000000000 ) ) ;
#1242 = CONICAL_SURFACE ( 'NONE', #2300, 3.500000000000000000, 0.7853981633974472800 ) ;
#1243 = CARTESIAN_POINT ( 'NONE',  ( 0.0000000000000000000, 2.000000000000000000, -5.512500000000018800 ) ) ;
#1244 = CARTESIAN_POINT ( 'NONE',  ( 1.338300807568876500, -0.7726683315065853200, -3.383333333333332900 ) ) ;
#1245 = CARTESIAN_POINT ( 'NONE',  ( -1.764863307568877100, 1.018944305707784700, -1.961458333333312400 ) ) ;
#1246 = CARTESIAN_POINT ( 'NONE',  ( 1.338300807568876500, -0.7726683315065853200, -1.283333333333333400 ) ) ;
#1247 = CARTESIAN_POINT ( 'NONE',  ( 0.0000000000000000000, 2.037888611415569000, -7.634375000000019900 ) ) ;
#1248 = CARTESIAN_POINT ( 'NONE',  ( -1.338300807568876700, 0.7726683315065847600, -5.833333333333333000 ) ) ;
#1249 = CARTESIAN_POINT ( 'NONE',  ( 1.362446984630137000, -1.269493263278000100, 2.715106015449367100 ) ) ;
#1250 = VERTEX_POINT ( 'NONE', #1556 ) ;
#1251 = VECTOR ( 'NONE', #119, 1000.000000000000000 ) ;
#1252 = CARTESIAN_POINT ( 'NONE',  ( 1.154700538379244100, -2.000000000000013800, 1.808333333333352200 ) ) ;
#1253 = ORIENTED_EDGE ( 'NONE', *, *, #284, .F. ) ;
#1254 = ORIENTED_EDGE ( 'NONE', *, *, #1475, .T. ) ;
#1255 = AXIS2_PLACEMENT_3D ( 'NONE', #1201, #2872, #2566 ) ;
#1256 = CARTESIAN_POINT ( 'NONE',  ( -1.892491597964129900E-016, -1.545336663013169300, -4.812499999999999100 ) ) ;
#1257 = DIRECTION ( 'NONE',  ( 0.0000000000000000000, 1.000000000000000000, 0.0000000000000000000 ) ) ;
#1258 = CARTESIAN_POINT ( 'NONE',  ( 1.338300807568876500, -0.7726683315065853200, -1.983333333333333400 ) ) ;
#1259 = EDGE_LOOP ( 'NONE', ( #1306, #2253, #875, #2015 ) ) ;
#1260 = CARTESIAN_POINT ( 'NONE',  ( -2.495693764988920700E-016, -2.037888611415569000, -3.128124999999979000 ) ) ;
#1261 = CARTESIAN_POINT ( 'NONE',  ( 0.8922005383792521700, 1.545336663013168900, -1.808333333333332900 ) ) ;
#1262 = AXIS2_PLACEMENT_3D ( 'NONE', #2303, #1783, #963 ) ;
#1263 = CARTESIAN_POINT ( 'NONE',  ( -0.8922005383792516200, -1.545336663013168600, 2.741666666666667600 ) ) ;
#1264 = CARTESIAN_POINT ( 'NONE',  ( -1.338300807568876900, -0.7726683315065842100, -4.316666666666666400 ) ) ;
#1265 = CARTESIAN_POINT ( 'NONE',  ( 2.309401076758504300, -4.242300954899628600E-016, -5.774999999999979000 ) ) ;
#1266 = APPROVAL_ROLE ( '' ) ;
#1267 = ORIENTED_EDGE ( 'NONE', *, *, #1164, .F. ) ;
#1268 = CARTESIAN_POINT ( 'NONE',  ( 1.338300807568877600, 0.7726683315065835400, -4.579166666666665700 ) ) ;
#1269 = CARTESIAN_POINT ( 'NONE',  ( -0.4908700901641189200, -1.448646828875488100, 6.637405605205473500 ) ) ;
#1270 = CARTESIAN_POINT ( 'NONE',  ( -1.338300807568876900, 0.7726683315065848700, -1.633333333333333100 ) ) ;
#1271 = VERTEX_POINT ( 'NONE', #997 ) ;
#1272 = CARTESIAN_POINT ( 'NONE',  ( -2.353151076758502700, 1.440889467031223800E-016, 0.8968750000000209600 ) ) ;
#1273 = CARTESIAN_POINT ( 'NONE',  ( -1.892491597964129900E-016, -1.545336663013169300, 2.100000000000000100 ) ) ;
#1274 = EDGE_CURVE ( 'NONE', #856, #1656, #2532, .T. ) ;
#1275 = CARTESIAN_POINT ( 'NONE',  ( -1.764863307568877100, 1.018944305707784700, -6.117708333333353300 ) ) ;
#1276 =( BOUNDED_CURVE ( )  B_SPLINE_CURVE ( 2, ( #2382, #1013, #2337, #751, #1598, #3412, #3456 ),
 .UNSPECIFIED., .F., .F. ) 
 B_SPLINE_CURVE_WITH_KNOTS ( ( 3, 2, 2, 3 ),
 ( 0.02980344578806377200, 0.03189394493334925900, 0.03398444407863476800, 0.03607494322392025600 ),
 .UNSPECIFIED. ) 
 CURVE ( )  GEOMETRIC_REPRESENTATION_ITEM ( )  RATIONAL_B_SPLINE_CURVE ( ( 1.000000000001849200, 0.8660254037825895200, 1.000000000000000000, 0.8660254037844387100, 1.000000000000000000, 0.8660254037844387100, 1.000000000000000000 ) ) 
 REPRESENTATION_ITEM ( '' )  );
#1277 = CARTESIAN_POINT ( 'NONE',  ( 0.8922005383792519500, 1.545336663013168600, -3.208333333333333000 ) ) ;
#1278 = CARTESIAN_POINT ( 'NONE',  ( -1.732050807568878100, 1.000000000000000700, 0.8166666666666860800 ) ) ;
#1279 = CARTESIAN_POINT ( 'NONE',  ( -1.732050807568878100, 1.000000000000000700, -1.283333333333313200 ) ) ;
#1280 = AXIS2_PLACEMENT_3D ( 'NONE', #1610, #1336, #2422 ) ;
#1281 = CARTESIAN_POINT ( 'NONE',  ( 1.166236801929308200E-011, -1.752363885845910100, -6.792972777167253900 ) ) ;
#1282 = CARTESIAN_POINT ( 'NONE',  ( 1.338300807568876500, -0.7726683315065853200, -0.5833333333333332600 ) ) ;
#1283 = CARTESIAN_POINT ( 'NONE',  ( -2.353151076758502700, 1.440889467031223800E-016, 0.1968750000000208400 ) ) ;
#1284 = EDGE_CURVE ( 'NONE', #3357, #1118, #475, .T. ) ;
#1285 = CARTESIAN_POINT ( 'NONE',  ( 0.0000000000000000000, 1.545336663013169300, 1.750000000000000700 ) ) ;
#1286 = CARTESIAN_POINT ( 'NONE',  ( 2.353151076758502700, -4.322668401093671800E-016, -7.109375000000019500 ) ) ;
#1287 = CARTESIAN_POINT ( 'NONE',  ( -1.338300807568876900, -0.7726683315065842100, -5.716666666666666800 ) ) ;
#1288 = CARTESIAN_POINT ( 'NONE',  ( -1.154700538379251900, 2.000000000000000900, 0.7583333333333531800 ) ) ;
#1289 = CARTESIAN_POINT ( 'NONE',  ( -0.8922005383792510600, 1.545336663013169500, 1.808333333333332900 ) ) ;
#1290 = FACE_OUTER_BOUND ( 'NONE', #351, .T. ) ;
#1291 = CARTESIAN_POINT ( 'NONE',  ( 1.154700538379252800, 2.000000000000000000, 2.041666666666686500 ) ) ;
#1292 = LINE ( 'NONE', #3293, #1127 ) ;
#1293 = ORIENTED_EDGE ( 'NONE', *, *, #1175, .F. ) ;
#1294 = CARTESIAN_POINT ( 'NONE',  ( 0.1081541524758531100, 1.763307646395831000, -6.782029016615645400 ) ) ;
#1295 = CARTESIAN_POINT ( 'NONE',  ( 1.784401076758502300, -3.277891600571085500E-016, 0.1749999999999998500 ) ) ;
#1296 = VECTOR ( 'NONE', #2919, 1000.000000000000000 ) ;
#1297 = CARTESIAN_POINT ( 'NONE',  ( 1.764863307568876700, -1.018944305707785400, -1.611458333333312800 ) ) ;
#1298 = CARTESIAN_POINT ( 'NONE',  ( 0.0000000000000000000, -5.401462796548918100E-056, -7.000000000000000000 ) ) ;
#1299 = VERTEX_POINT ( 'NONE', #1663 ) ;
#1300 = CARTESIAN_POINT ( 'NONE',  ( 1.176575538379252400, 2.037888611415568100, -3.492708333333352800 ) ) ;
#1301 = CARTESIAN_POINT ( 'NONE',  ( 1.784401076758502100, -3.277891600571085500E-016, -3.324999999999999700 ) ) ;
#1302 = APPLICATION_PROTOCOL_DEFINITION ( 'international standard', 'config_control_design', 1994, #1036 ) ;
#1303 = CARTESIAN_POINT ( 'NONE',  ( -3.596408548076577700E-016, 1.732050807568877400, -1.582575694955841200 ) ) ;
#1304 = ORIENTED_EDGE ( 'NONE', *, *, #2443, .T. ) ;
#1305 = CARTESIAN_POINT ( 'NONE',  ( -1.892491597964129900E-016, -1.545336663013169300, -4.812499999999999100 ) ) ;
#1306 = ORIENTED_EDGE ( 'NONE', *, *, #3083, .T. ) ;
#1307 = EDGE_CURVE ( 'NONE', #1871, #856, #1977, .T. ) ;
#1308 = CARTESIAN_POINT ( 'NONE',  ( 1.732050807568887200, 1.000000000000004000, -0.7291666666666909400 ) ) ;
#1309 = CARTESIAN_POINT ( 'NONE',  ( 1.784401076758502300, -3.277891600571085500E-016, 0.8749999999999998900 ) ) ;
#1310 = CARTESIAN_POINT ( 'NONE',  ( 1.764863307568878000, 1.018944305707782900, -0.7947916666666459100 ) ) ;
#1311 = CARTESIAN_POINT ( 'NONE',  ( 5.751325091730622400E-016, -1.732050807568877400, 6.870096189432334900 ) ) ;
#1312 = AXIS2_PLACEMENT_3D ( 'NONE', #2889, #156, #2105 ) ;
#1313 = CARTESIAN_POINT ( 'NONE',  ( -1.176575538379251100, 2.037888611415569000, -3.376041666666685700 ) ) ;
#1314 = CARTESIAN_POINT ( 'NONE',  ( -1.338300807568876900, -0.7726683315065842100, -0.8166666666666661000 ) ) ;
#1315 = CARTESIAN_POINT ( 'NONE',  ( -1.154700538379252600, -2.000000000000000900, -3.908333333333314600 ) ) ;
#1316 = APPROVAL_STATUS ( 'not_yet_approved' ) ;
#1317 = CARTESIAN_POINT ( 'NONE',  ( -0.8922005383792517300, -1.545336663013168900, 2.741666666666667600 ) ) ;
#1318 = CARTESIAN_POINT ( 'NONE',  ( 1.784401076758502300, -3.277891600571085500E-016, -6.037499999999999600 ) ) ;
#1319 = CARTESIAN_POINT ( 'NONE',  ( -1.787890609093711700, 0.5187021130068891800, -6.687805661973311700 ) ) ;
#1320 = CARTESIAN_POINT ( 'NONE',  ( 1.176575538379250700, -2.037888611415569400, -0.2697916666666456100 ) ) ;
#1321 = CARTESIAN_POINT ( 'NONE',  ( 1.176575538379252400, 2.037888611415568100, -2.092708333333352500 ) ) ;
#1322 = CARTESIAN_POINT ( 'NONE',  ( -1.338300807568876700, 0.7726683315065847600, -1.633333333333333100 ) ) ;
#1323 = CARTESIAN_POINT ( 'NONE',  ( 0.8922005383792507300, -1.545336663013169700, 1.458333333333333300 ) ) ;
#1324 = CARTESIAN_POINT ( 'NONE',  ( -1.732050807568878300, -1.000000000000000000, 0.2333333333333529000 ) ) ;
#1325 = CARTESIAN_POINT ( 'NONE',  ( 1.338300807568877600, 0.7726683315065835400, -6.679166666666665400 ) ) ;
#1326 = ORIENTED_EDGE ( 'NONE', *, *, #1204, .F. ) ;
#1327 = APPROVAL_DATE_TIME ( #1718, #1618 ) ;
#1328 = CC_DESIGN_PERSON_AND_ORGANIZATION_ASSIGNMENT ( #2425, #2624, ( #1852 ) ) ;
#1329 = CARTESIAN_POINT ( 'NONE',  ( -1.865513860910450900, -0.3341603060830630200, -6.654083540328771000 ) ) ;
#1330 = CARTESIAN_POINT ( 'NONE',  ( -1.764863307568877100, 1.018944305707784700, 2.938541666666688400 ) ) ;
#1331 = CARTESIAN_POINT ( 'NONE',  ( 2.353151076758502700, -4.322668401093671800E-016, -5.009375000000019000 ) ) ;
#1332 = FACE_OUTER_BOUND ( 'NONE', #58, .T. ) ;
#1333 = CARTESIAN_POINT ( 'NONE',  ( -1.892491597964129700E-016, -1.545336663013169100, 0.7000000000000000700 ) ) ;
#1334 = CARTESIAN_POINT ( 'NONE',  ( 1.338300807568876500, -0.7726683315065853200, -1.195833333333332600 ) ) ;
#1335 = VERTEX_POINT ( 'NONE', #3221 ) ;
#1336 = DIRECTION ( 'NONE',  ( 0.0000000000000000000, 3.858187711820656000E-057, 1.000000000000000000 ) ) ;
#1337 = LINE ( 'NONE', #785, #1296 ) ;
#1338 = CARTESIAN_POINT ( 'NONE',  ( -1.338300807568877100, -0.7726683315065843200, -4.929166666666666300 ) ) ;
#1339 = EDGE_LOOP ( 'NONE', ( #2547, #1786, #1641, #2652 ) ) ;
#1340 =( BOUNDED_CURVE ( )  B_SPLINE_CURVE ( 2, ( #3027, #1667, #3298, #830, #1919, #3006, #51 ),
 .UNSPECIFIED., .F., .F. ) 
 B_SPLINE_CURVE_WITH_KNOTS ( ( 3, 2, 2, 3 ),
 ( 0.1426789706066129100, 0.1447692817895099300, 0.1468595929724069400, 0.1489499041553039600 ),
 .UNSPECIFIED. ) 
 CURVE ( )  GEOMETRIC_REPRESENTATION_ITEM ( )  RATIONAL_B_SPLINE_CURVE ( ( 0.9999999999999824600, 0.8660254037844563600, 1.000000000000000000, 0.8660254037844388200, 1.000000000000000000, 0.8660254037844388200, 1.000000000000000000 ) ) 
 REPRESENTATION_ITEM ( '' )  );
#1341 = VECTOR ( 'NONE', #1708, 999.9999999999998900 ) ;
#1342 = DIRECTION ( 'NONE',  ( 0.0000000000000000000, 1.000000000000000000, -3.858187711820656000E-057 ) ) ;
#1343 = EDGE_CURVE ( 'NONE', #1000, #1656, #3311, .T. ) ;
#1344 = CARTESIAN_POINT ( 'NONE',  ( -0.8922005383792517300, -1.545336663013168900, -6.970833333333333200 ) ) ;
#1345 =( BOUNDED_CURVE ( )  B_SPLINE_CURVE ( 2, ( #455, #3422, #1796, #3402, #444, #431, #2347 ),
 .UNSPECIFIED., .F., .F. ) 
 B_SPLINE_CURVE_WITH_KNOTS ( ( 3, 2, 2, 3 ),
 ( 0.1175951647519030100, 0.1196856942077425800, 0.1217762236635821200, 0.1238667531194216900 ),
 .UNSPECIFIED. ) 
 CURVE ( )  GEOMETRIC_REPRESENTATION_ITEM ( )  RATIONAL_B_SPLINE_CURVE ( ( 1.000000000000000000, 0.8660254037844387100, 1.000000000000000000, 0.8660254037844387100, 1.000000000000000000, 0.8660254037844087300, 1.000000000000030000 ) ) 
 REPRESENTATION_ITEM ( '' )  );
#1346 = DIRECTION ( 'NONE',  ( 0.0000000000000000000, 1.000000000000000000, 0.0000000000000000000 ) ) ;
#1347 = CARTESIAN_POINT ( 'NONE',  ( -2.495693764988920700E-016, -2.037888611415569000, -3.084375000000019200 ) ) ;
#1348 = CARTESIAN_POINT ( 'NONE',  ( -0.8922005383792509500, 1.545336663013169100, -1.691666666666667100 ) ) ;
#1349 = CARTESIAN_POINT ( 'NONE',  ( -2.449293598294707400E-016, -2.000000000000000900, -2.449999999999979700 ) ) ;
#1350 = CARTESIAN_POINT ( 'NONE',  ( -1.892491597964129900E-016, -1.545336663013169300, -2.712499999999998600 ) ) ;
#1351 = ORIENTED_EDGE ( 'NONE', *, *, #1824, .T. ) ;
#1352 = CARTESIAN_POINT ( 'NONE',  ( 0.8922005383792521700, 1.545336663013168900, -4.520833333333332100 ) ) ;
#1353 = EDGE_CURVE ( 'NONE', #625, #950, #2085, .T. ) ;
#1354 = CARTESIAN_POINT ( 'NONE',  ( 1.154700538379252800, 2.000000000000000000, -2.858333333333313000 ) ) ;
#1355 = CARTESIAN_POINT ( 'NONE',  ( 1.764863307568878000, 1.018944305707782900, 3.405208333333353800 ) ) ;
#1356 = CARTESIAN_POINT ( 'NONE',  ( 0.0000000000000000000, 2.000000000000001800, -4.112500000000018500 ) ) ;
#1357 = CARTESIAN_POINT ( 'NONE',  ( -1.764863307568877300, -1.018944305707784000, -0.4010416666666866700 ) ) ;
#1358 = CARTESIAN_POINT ( 'NONE',  ( 0.0000000000000000000, 1.545336663013169100, -0.3499999999999996400 ) ) ;
#1359 = EDGE_LOOP ( 'NONE', ( #1562, #2813, #958, #2429 ) ) ;
#1360 = CARTESIAN_POINT ( 'NONE',  ( 1.732050807568877600, -1.000000000000001300, -3.733333333333313400 ) ) ;
#1361 = CARTESIAN_POINT ( 'NONE',  ( 1.338300807568877600, 0.7726683315065835400, -0.3791666666666656500 ) ) ;
#1362 = CARTESIAN_POINT ( 'NONE',  ( 2.309401076758734300, -4.242300954900052200E-016, -6.387500000000133400 ) ) ;
#1363 = CARTESIAN_POINT ( 'NONE',  ( 1.338300807568877600, 0.7726683315065835400, -1.779166666666665900 ) ) ;
#1364 = CARTESIAN_POINT ( 'NONE',  ( 0.8922005383792521700, 1.545336663013168900, 1.779166666666667700 ) ) ;
#1365 = CARTESIAN_POINT ( 'NONE',  ( 4.286263797015736600E-016, 3.500000000000000000, 3.200000000000000600 ) ) ;
#1366 = CARTESIAN_POINT ( 'NONE',  ( 1.764863307568878000, 1.018944305707782900, 2.705208333333354500 ) ) ;
#1367 = CARTESIAN_POINT ( 'NONE',  ( -2.449293598294707400E-016, -2.000000000000000900, -2.449999999999979700 ) ) ;
#1368 = EDGE_CURVE ( 'NONE', #3331, #653, #897, .T. ) ;
#1369 = CARTESIAN_POINT ( 'NONE',  ( 1.764863307568878000, 1.018944305707782900, -0.7510416666666862600 ) ) ;
#1370 = CARTESIAN_POINT ( 'NONE',  ( -0.5160858296312861300, -1.594286822177501700, -6.873001318563510200 ) ) ;
#1371 = CARTESIAN_POINT ( 'NONE',  ( -1.154700538379201900, 2.000000000000087000, 1.545833333333308700 ) ) ;
#1372 = CARTESIAN_POINT ( 'NONE',  ( -3.745615662190465100E-016, 1.732050807568877400, 6.870096189432334900 ) ) ;
#1373 = CARTESIAN_POINT ( 'NONE',  ( 0.8922005383792507300, -1.545336663013169700, -1.254166666666665500 ) ) ;
#1374 = CARTESIAN_POINT ( 'NONE',  ( -2.449293598294707400E-016, -2.000000000000000900, -3.149999999999979900 ) ) ;
#1375 = CARTESIAN_POINT ( 'NONE',  ( 0.8922005383792508400, -1.545336663013169700, -1.954166666666665700 ) ) ;
#1376 = CARTESIAN_POINT ( 'NONE',  ( 1.338300807568876500, -0.7726683315065853200, 0.9041666666666667900 ) ) ;
#1377 = CARTESIAN_POINT ( 'NONE',  ( 3.197442310920393300E-013, 2.000000000000000000, -1.312500000000034600 ) ) ;
#1378 = VECTOR ( 'NONE', #822, 1000.000000000000000 ) ;
#1379 = CARTESIAN_POINT ( 'NONE',  ( 1.338300807568876500, -0.7726683315065853200, -6.095833333333332300 ) ) ;
#1380 = ORIENTED_EDGE ( 'NONE', *, *, #55, .F. ) ;
#1381 = DIRECTION ( 'NONE',  ( -0.0000000000000000000, -3.858187711820656000E-057, -1.000000000000000000 ) ) ;
#1382 = CARTESIAN_POINT ( 'NONE',  ( 1.176575538379250700, -2.037888611415569400, -0.2260416666666860400 ) ) ;
#1383 = CARTESIAN_POINT ( 'NONE',  ( 0.0000000000000000000, -1.620438838964675800E-056, 2.799999999999999400 ) ) ;
#1384 = CARTESIAN_POINT ( 'NONE',  ( -1.892491597964129700E-016, -1.545336663013169100, -6.299999999999999800 ) ) ;
#1385 = DIRECTION ( 'NONE',  ( -0.4999999999999998300, -0.8660254037844388200, 0.0000000000000000000 ) ) ;
#1386 = CARTESIAN_POINT ( 'NONE',  ( -1.338300807568876900, 0.7726683315065848700, -2.245833333333332200 ) ) ;
#1387 = CARTESIAN_POINT ( 'NONE',  ( 0.0000000000000000000, 2.000000000000000900, -3.499999999999979600 ) ) ;
#1388 =( BOUNDED_CURVE ( )  B_SPLINE_CURVE ( 2, ( #443, #1288, #1278, #3173, #3189, #1574, #3446 ),
 .UNSPECIFIED., .F., .F. ) 
 B_SPLINE_CURVE_WITH_KNOTS ( ( 3, 2, 2, 3 ),
 ( 0.6875000000000000000, 0.6979166666666666300, 0.7083333333333333700, 0.7187500000000000000 ),
 .UNSPECIFIED. ) 
 CURVE ( )  GEOMETRIC_REPRESENTATION_ITEM ( )  RATIONAL_B_SPLINE_CURVE ( ( 1.000000000000000000, 0.8660254037844387100, 1.000000000000000000, 0.8660254037844387100, 1.000000000000000000, 0.8660254037844387100, 1.000000000000000000 ) ) 
 REPRESENTATION_ITEM ( '' )  );
#1389 = CONICAL_SURFACE ( 'NONE', #2039, 1.861954618136542700, 0.7853981633974500600 ) ;
#1390 = CARTESIAN_POINT ( 'NONE',  ( 1.338300807568877600, 0.7726683315065835400, -1.079166666666665700 ) ) ;
#1391 = CARTESIAN_POINT ( 'NONE',  ( 0.8922005383792507300, -1.545336663013169700, 0.8458333333333346600 ) ) ;
#1392 = CARTESIAN_POINT ( 'NONE',  ( -9.807939047087047700E-013, -2.000000000000002200, -5.862500000000069100 ) ) ;
#1393 = ORIENTED_EDGE ( 'NONE', *, *, #260, .F. ) ;
#1394 = CARTESIAN_POINT ( 'NONE',  ( -1.732050807569227100, 1.000000000000202300, -1.195833333333584700 ) ) ;
#1395 = EDGE_CURVE ( 'NONE', #390, #131, #1563, .T. ) ;
#1396 = CARTESIAN_POINT ( 'NONE',  ( -0.8922005383792517300, -1.545336663013168900, -4.870833333333333600 ) ) ;
#1397 = ORIENTED_EDGE ( 'NONE', *, *, #745, .F. ) ;
#1398 = DIRECTION ( 'NONE',  ( 0.0000000000000000000, 3.858187711820656000E-057, 1.000000000000000000 ) ) ;
#1399 = CARTESIAN_POINT ( 'NONE',  ( -1.764863307568877100, 1.018944305707784700, 1.582291666666646900 ) ) ;
#1400 = CARTESIAN_POINT ( 'NONE',  ( -2.309401076758505100, 1.414100318299876800E-016, 0.2624999999999811900 ) ) ;
#1401 = CARTESIAN_POINT ( 'NONE',  ( 1.784401076758502100, -3.277891600571085500E-016, -6.125000000000000000 ) ) ;
#1402 = CARTESIAN_POINT ( 'NONE',  ( -1.861954618136542700, 2.280236763258549300E-016, 7.000000000000000000 ) ) ;
#1403 = CARTESIAN_POINT ( 'NONE',  ( -1.338300807568877100, -0.7726683315065843200, 1.370833333333334200 ) ) ;
#1404 = AXIS2_PLACEMENT_3D ( 'NONE', #3465, #1047, #3201 ) ;
#1405 = CARTESIAN_POINT ( 'NONE',  ( -4.529425463281023900E-014, -1.989118880364047600, -6.556217782649119000 ) ) ;
#1406 = CARTESIAN_POINT ( 'NONE',  ( -1.784401076758502300, 1.092630533523695400E-016, -0.08749999999999903700 ) ) ;
#1407 = CARTESIAN_POINT ( 'NONE',  ( 1.784401076758502300, -3.277891600571085500E-016, 0.9625000000000005800 ) ) ;
#1408 = CARTESIAN_POINT ( 'NONE',  ( 1.154700538389955100, -1.999999999981497500, -2.304166666665615500 ) ) ;
#1409 = EDGE_CURVE ( 'NONE', #483, #1499, #3476, .T. ) ;
#1410 = VERTEX_POINT ( 'NONE', #286 ) ;
#1411 = CARTESIAN_POINT ( 'NONE',  ( 0.4316687861633317100, -1.507532294141898500, -6.980966035469926100 ) ) ;
#1412 = CARTESIAN_POINT ( 'NONE',  ( -0.8922005383792517300, -1.545336663013168900, -3.470833333333332300 ) ) ;
#1413 = CARTESIAN_POINT ( 'NONE',  ( 2.449293598294707900E-016, -2.000000000000000900, -7.000000000000000000 ) ) ;
#1414 = CARTESIAN_POINT ( 'NONE',  ( 1.764863307568878000, 1.018944305707782900, -1.451041666666686300 ) ) ;
#1415 = CARTESIAN_POINT ( 'NONE',  ( 0.8922005383792521700, 1.545336663013168900, 0.3791666666666674800 ) ) ;
#1416 = CARTESIAN_POINT ( 'NONE',  ( 0.0000000000000000000, 2.000000000000000900, -7.000000000000000000 ) ) ;
#1417 = CARTESIAN_POINT ( 'NONE',  ( -1.784401076758502300, 1.092630533523695500E-016, 0.6125000000000011500 ) ) ;
#1418 = CARTESIAN_POINT ( 'NONE',  ( -1.732050807568885900, 1.000000000000005300, -6.095833333333357200 ) ) ;
#1419 = ADVANCED_FACE ( 'NONE', ( #3353 ), #1515, .T. ) ;
#1420 = CARTESIAN_POINT ( 'NONE',  ( 1.732050807568879000, 0.9999999999999988900, 2.683333333333353600 ) ) ;
#1421 = CARTESIAN_POINT ( 'NONE',  ( -1.338300807568876900, 0.7726683315065848700, -3.645833333333332600 ) ) ;
#1422 = CARTESIAN_POINT ( 'NONE',  ( 1.732050807568877600, -1.000000000000001300, 0.4666666666666865500 ) ) ;
#1423 = AXIS2_PLACEMENT_3D ( 'NONE', #197, #2111, #2666 ) ;
#1424 = CARTESIAN_POINT ( 'NONE',  ( 1.176575538379250700, -2.037888611415569400, 2.573958333333313100 ) ) ;
#1425 = CARTESIAN_POINT ( 'NONE',  ( 0.8922005383792521700, 1.545336663013168900, 1.779166666666667700 ) ) ;
#1426 = CARTESIAN_POINT ( 'NONE',  ( 0.0000000000000000000, 2.000000000000000900, -7.000000000000000000 ) ) ;
#1427 = VECTOR ( 'NONE', #2370, 1000.000000000000000 ) ;
#1428 = ORIENTED_EDGE ( 'NONE', *, *, #3264, .F. ) ;
#1429 = CARTESIAN_POINT ( 'NONE',  ( -0.4922899835701868300, 1.468229183908149400, 2.537499999999997400 ) ) ;
#1430 = CARTESIAN_POINT ( 'NONE',  ( 0.0000000000000000000, 2.000000000000001800, -2.012500000000018800 ) ) ;
#1431 = CYLINDRICAL_SURFACE ( 'NONE', #614, 2.000000000000000900 ) ;
#1432 = ORIENTED_EDGE ( 'NONE', *, *, #1284, .F. ) ;
#1433 = CARTESIAN_POINT ( 'NONE',  ( 1.154700538379251200, -2.000000000000001300, 2.508333333333353700 ) ) ;
#1434 = LINE ( 'NONE', #741, #2695 ) ;
#1435 = CARTESIAN_POINT ( 'NONE',  ( 1.784401076758502300, -3.277891600571085500E-016, -4.637500000000000200 ) ) ;
#1436 = DIRECTION ( 'NONE',  ( 0.0000000000000000000, 1.000000000000000000, 0.0000000000000000000 ) ) ;
#1437 = ADVANCED_FACE ( 'NONE', ( #470 ), #2856, .T. ) ;
#1438 = CARTESIAN_POINT ( 'NONE',  ( -0.8922005383792517300, -1.545336663013168900, 2.129166666666667300 ) ) ;
#1439 = ORIENTED_EDGE ( 'NONE', *, *, #721, .F. ) ;
#1440 = CARTESIAN_POINT ( 'NONE',  ( -0.8922005383792511700, 1.545336663013169500, -5.191666666666666400 ) ) ;
#1441 = ORIENTED_EDGE ( 'NONE', *, *, #2009, .T. ) ;
#1442 = CARTESIAN_POINT ( 'NONE',  ( 0.0000000000000000000, 2.000000000000000900, -2.712500000000019000 ) ) ;
#1443 = CARTESIAN_POINT ( 'NONE',  ( -1.732050807568878100, 1.000000000000000700, -6.183333333333313100 ) ) ;
#1444 = AXIS2_PLACEMENT_3D ( 'NONE', #1150, #2775, #1436 ) ;
#1445 = CARTESIAN_POINT ( 'NONE',  ( -1.338300807568876900, 0.7726683315065848700, -2.945833333333332400 ) ) ;
#1446 = CARTESIAN_POINT ( 'NONE',  ( -1.338300807568877100, -0.7726683315065843200, -4.229166666666666100 ) ) ;
#1447 = ORIENTED_EDGE ( 'NONE', *, *, #2302, .F. ) ;
#1448 = CARTESIAN_POINT ( 'NONE',  ( 1.784401076758502300, -3.277891600571085500E-016, 3.062500000000000000 ) ) ;
#1449 = AXIS2_PLACEMENT_3D ( 'NONE', #1675, #1385, #113 ) ;
#1450 = CARTESIAN_POINT ( 'NONE',  ( 1.338300807568876500, -0.7726683315065853200, -6.183333333333333600 ) ) ;
#1451 = DIRECTION ( 'NONE',  ( -0.0000000000000000000, -3.858187711820656000E-057, -1.000000000000000000 ) ) ;
#1452 = DIRECTION ( 'NONE',  ( -0.0000000000000000000, -3.858187711820656000E-057, -1.000000000000000000 ) ) ;
#1453 = ADVANCED_FACE ( 'NONE', ( #310 ), #1431, .T. ) ;
#1454 = ORIENTED_EDGE ( 'NONE', *, *, #1817, .F. ) ;
#1455 =( BOUNDED_CURVE ( )  B_SPLINE_CURVE ( 2, ( #779, #2131, #2720, #2928, #1324, #503, #492 ),
 .UNSPECIFIED., .F., .F. ) 
 B_SPLINE_CURVE_WITH_KNOTS ( ( 3, 2, 2, 3 ),
 ( 0.6250000000000000000, 0.6354166666666666300, 0.6458333333333333700, 0.6562500000000000000 ),
 .UNSPECIFIED. ) 
 CURVE ( )  GEOMETRIC_REPRESENTATION_ITEM ( )  RATIONAL_B_SPLINE_CURVE ( ( 1.000000000000000000, 0.8660254037844387100, 1.000000000000000000, 0.8660254037844387100, 1.000000000000000000, 0.8660254037844387100, 1.000000000000000000 ) ) 
 REPRESENTATION_ITEM ( '' )  );
#1456 = CARTESIAN_POINT ( 'NONE',  ( 1.784401076758502300, -3.277891600571085500E-016, -1.137499999999998600 ) ) ;
#1457 = CARTESIAN_POINT ( 'NONE',  ( 1.784401076758502300, -3.277891600571085500E-016, -6.125000000000000000 ) ) ;
#1458 = VERTEX_POINT ( 'NONE', #2728 ) ;
#1459 = CARTESIAN_POINT ( 'NONE',  ( -1.732050807568878100, 1.000000000000000700, -2.683333333333313600 ) ) ;
#1460 = CARTESIAN_POINT ( 'NONE',  ( -1.784401076758502300, 1.092630533523695400E-016, -2.975000000000000100 ) ) ;
#1461 = DIRECTION ( 'NONE',  ( 1.000000000000000000, 0.0000000000000000000, 0.0000000000000000000 ) ) ;
#1462 = CARTESIAN_POINT ( 'NONE',  ( 0.0000000000000000000, 2.000000000000000900, -1.399999999999979900 ) ) ;
#1463 = EDGE_CURVE ( 'NONE', #653, #1335, #644, .T. ) ;
#1464 = CARTESIAN_POINT ( 'NONE',  ( 1.338300807568877600, 0.7726683315065835400, 1.020833333333334600 ) ) ;
#1465 = ORIENTED_EDGE ( 'NONE', *, *, #1217, .T. ) ;
#1466 = CARTESIAN_POINT ( 'NONE',  ( -0.8922005383792510600, 1.545336663013169500, 0.4958333333333341800 ) ) ;
#1467 = CARTESIAN_POINT ( 'NONE',  ( -1.764863307568877100, 1.018944305707784700, 2.982291666666646800 ) ) ;
#1468 = ADVANCED_FACE ( 'NONE', ( #820 ), #1473, .T. ) ;
#1469 = CARTESIAN_POINT ( 'NONE',  ( -1.784401076758502300, 1.092630533523695500E-016, -4.375000000000000000 ) ) ;
#1470 = CARTESIAN_POINT ( 'NONE',  ( -1.764863307568877100, 1.018944305707784700, -6.161458333333312600 ) ) ;
#1471 = ORIENTED_EDGE ( 'NONE', *, *, #3264, .T. ) ;
#1472 = CARTESIAN_POINT ( 'NONE',  ( 0.8922005383792508400, -1.545336663013169700, -4.141666666666666600 ) ) ;
#1473 = CYLINDRICAL_SURFACE ( 'NONE', #718, 2.000000000000000900 ) ;
#1474 = CARTESIAN_POINT ( 'NONE',  ( -1.154700538368569800, -2.000000000018540700, -2.420833333332282200 ) ) ;
#1475 = EDGE_CURVE ( 'NONE', #2826, #2451, #2265, .T. ) ;
#1476 = CARTESIAN_POINT ( 'NONE',  ( 0.0000000000000000000, 2.000000000000000900, -0.6999999999999800800 ) ) ;
#1477 = ORIENTED_EDGE ( 'NONE', *, *, #1475, .F. ) ;
#1478 = CARTESIAN_POINT ( 'NONE',  ( -1.154700538379252600, -2.000000000000000900, -0.4083333333333133400 ) ) ;
#1479 = CONICAL_SURFACE ( 'NONE', #2268, 1.545336663013169300, 0.7853981633974461700 ) ;
#1480 = CARTESIAN_POINT ( 'NONE',  ( 0.8922005383793015800, 1.545336663013083400, 2.479166666666659900 ) ) ;
#1481 = PRODUCT_RELATED_PRODUCT_CATEGORY ( 'detail', '', ( #754 ) ) ;
#1482 = CARTESIAN_POINT ( 'NONE',  ( 0.8922005383792521700, 1.545336663013168900, -0.3208333333333326400 ) ) ;
#1483 = ORIENTED_EDGE ( 'NONE', *, *, #3076, .F. ) ;
#1484 = CARTESIAN_POINT ( 'NONE',  ( -1.732050807569104100, -1.000000000000130600, -4.579166666666836200 ) ) ;
#1485 = CARTESIAN_POINT ( 'NONE',  ( 1.154700538379251200, -2.000000000000001300, 0.4083333333333535900 ) ) ;
#1486 = CARTESIAN_POINT ( 'NONE',  ( 0.8922005383792521700, 1.545336663013168900, -6.708333333333333000 ) ) ;
#1487 = ORIENTED_EDGE ( 'NONE', *, *, #3251, .T. ) ;
#1488 = CARTESIAN_POINT ( 'NONE',  ( 1.154700538379252800, 2.000000000000000000, -0.7583333333333139900 ) ) ;
#1489 = CARTESIAN_POINT ( 'NONE',  ( 0.8922005383792521700, 1.545336663013168900, -3.208333333333333000 ) ) ;
#1490 = CARTESIAN_POINT ( 'NONE',  ( -2.449293598294707400E-016, -2.000000000000000900, -1.749999999999979600 ) ) ;
#1491 = CARTESIAN_POINT ( 'NONE',  ( 0.0000000000000000000, -7.716375423641332400E-058, 6.799999999999999800 ) ) ;
#1492 = CARTESIAN_POINT ( 'NONE',  ( 0.0000000000000000000, -1.543275084728262400E-056, 3.000000000000000000 ) ) ;
#1493 = ADVANCED_FACE ( 'NONE', ( #2174 ), #2896, .T. ) ;
#1494 = CARTESIAN_POINT ( 'NONE',  ( 0.0000000000000000000, 1.545336663013169300, 1.837500000000001500 ) ) ;
#1495 = AXIS2_PLACEMENT_3D ( 'NONE', #3496, #1857, #2709 ) ;
#1496 = ORIENTED_EDGE ( 'NONE', *, *, #175, .F. ) ;
#1497 = CARTESIAN_POINT ( 'NONE',  ( 0.8922005383792507300, -1.545336663013169700, -6.854166666666666100 ) ) ;
#1498 = CARTESIAN_POINT ( 'NONE',  ( 1.784401076758502300, -3.277891600571085500E-016, -4.725000000000000500 ) ) ;
#1499 = VERTEX_POINT ( 'NONE', #943 ) ;
#1500 = CARTESIAN_POINT ( 'NONE',  ( -2.495693764988920700E-016, -2.037888611415569000, -4.528124999999978900 ) ) ;
#1501 = CARTESIAN_POINT ( 'NONE',  ( 1.338300807568876500, -0.7726683315065853200, 0.1166666666666668400 ) ) ;
#1502 = DIRECTION ( 'NONE',  ( 0.0000000000000000000, 0.0000000000000000000, -1.000000000000000000 ) ) ;
#1503 = DIRECTION ( 'NONE',  ( -0.0000000000000000000, -3.858187711820656000E-057, -1.000000000000000000 ) ) ;
#1504 = DIRECTION ( 'NONE',  ( -0.0000000000000000000, -3.858187711820656000E-057, -1.000000000000000000 ) ) ;
#1505 =( BOUNDED_CURVE ( )  B_SPLINE_CURVE ( 2, ( #2294, #699, #1484, #3347, #410, #1755, #932 ),
 .UNSPECIFIED., .F., .F. ) 
 B_SPLINE_CURVE_WITH_KNOTS ( ( 3, 2, 2, 3 ),
 ( 0.1301369817794963100, 0.1322271080582915200, 0.1343172343370867000, 0.1364073606158819100 ),
 .UNSPECIFIED. ) 
 CURVE ( )  GEOMETRIC_REPRESENTATION_ITEM ( )  RATIONAL_B_SPLINE_CURVE ( ( 1.000000000000000700, 0.8660254037844380400, 1.000000000000000000, 0.8660254037844387100, 1.000000000000000000, 0.8660254037844293800, 1.000000000000009300 ) ) 
 REPRESENTATION_ITEM ( '' )  );
#1506 = DIRECTION ( 'NONE',  ( -0.0000000000000000000, -3.858187711820656000E-057, -1.000000000000000000 ) ) ;
#1507 = CARTESIAN_POINT ( 'NONE',  ( 0.8922005383792521700, 1.545336663013168900, -6.620833333333332700 ) ) ;
#1508 = CARTESIAN_POINT ( 'NONE',  ( 1.338300807568877600, 0.7726683315065835400, -3.966666666666666800 ) ) ;
#1509 = CARTESIAN_POINT ( 'NONE',  ( -2.353151076758502700, 1.440889467031223800E-016, -2.603124999999979000 ) ) ;
#1510 = CARTESIAN_POINT ( 'NONE',  ( 0.8922005383792508400, -1.545336663013169700, -1.341666666666666300 ) ) ;
#1511 = CARTESIAN_POINT ( 'NONE',  ( -1.168381573217999200, -1.244209262018261700, 2.626230979005145000 ) ) ;
#1512 = DIRECTION ( 'NONE',  ( 0.0000000000000000000, -1.000000000000000000, 3.858187711820656000E-057 ) ) ;
#1513 = CARTESIAN_POINT ( 'NONE',  ( -0.8922005383792517300, -1.545336663013168900, 0.7291666666666671800 ) ) ;
#1514 = EDGE_LOOP ( 'NONE', ( #219, #1691, #1254, #2768 ) ) ;
#1515 = CYLINDRICAL_SURFACE ( 'NONE', #669, 2.000000000000000900 ) ;
#1516 = CARTESIAN_POINT ( 'NONE',  ( -0.8922005383792510600, 1.545336663013169500, -7.204166666666665700 ) ) ;
#1517 = VERTEX_POINT ( 'NONE', #2226 ) ;
#1518 = CARTESIAN_POINT ( 'NONE',  ( -0.8922005383792510600, 1.545336663013169500, -0.2916666666666666900 ) ) ;
#1519 = CIRCLE ( 'NONE', #1626, 3.500000000000000000 ) ;
#1520 = CARTESIAN_POINT ( 'NONE',  ( -1.764863307568877100, 1.018944305707784700, -4.061458333333313000 ) ) ;
#1521 = CARTESIAN_POINT ( 'NONE',  ( 0.8922005383792508400, -1.545336663013169700, -0.6416666666666663900 ) ) ;
#1522 = CARTESIAN_POINT ( 'NONE',  ( -1.764863307568877100, 1.018944305707784700, -7.517708333333352800 ) ) ;
#1523 = VERTEX_POINT ( 'NONE', #2840 ) ;
#1524 = CARTESIAN_POINT ( 'NONE',  ( -0.7821623353866219400, -1.549295655883819100, 2.642897889361740300 ) ) ;
#1525 = CARTESIAN_POINT ( 'NONE',  ( -1.499999999999999800, -0.8660254037844389300, 4.000000000000000000 ) ) ;
#1526 = CARTESIAN_POINT ( 'NONE',  ( 1.154700538379448600, 2.000000000000179000, -4.870833333333506800 ) ) ;
#1527 = ORIENTED_EDGE ( 'NONE', *, *, #1824, .F. ) ;
#1528 = CARTESIAN_POINT ( 'NONE',  ( 2.309401076758966600, -4.242300954900478600E-016, -1.487500000000249400 ) ) ;
#1529 = CARTESIAN_POINT ( 'NONE',  ( -2.449293598294706900E-016, -2.000000000000000900, 1.837499999999981500 ) ) ;
#1530 = CARTESIAN_POINT ( 'NONE',  ( 0.8922005383792521700, 1.545336663013168900, -2.508333333333332900 ) ) ;
#1531 = CARTESIAN_POINT ( 'NONE',  ( -1.764863307568877100, 1.018944305707784700, -4.761458333333312300 ) ) ;
#1532 = CARTESIAN_POINT ( 'NONE',  ( 0.0000000000000000000, 1.545336663013169300, -2.449999999999999700 ) ) ;
#1533 = EDGE_CURVE ( 'NONE', #125, #1760, #948, .T. ) ;
#1534 = CARTESIAN_POINT ( 'NONE',  ( -1.641535545525925500, 0.2474503587451404900, 3.306318498932151700 ) ) ;
#1535 = CARTESIAN_POINT ( 'NONE',  ( 1.338300807568877400, 0.7726683315065834300, -5.366666666666666300 ) ) ;
#1536 = CARTESIAN_POINT ( 'NONE',  ( 0.0000000000000000000, -5.401462796548918100E-056, -7.000000000000000000 ) ) ;
#1537 = CARTESIAN_POINT ( 'NONE',  ( 0.5869152029952534600, -1.745554484680272200, -6.709513423922137700 ) ) ;
#1538 = ORIENTED_EDGE ( 'NONE', *, *, #773, .T. ) ;
#1539 = ORIENTED_EDGE ( 'NONE', *, *, #1817, .T. ) ;
#1540 = CARTESIAN_POINT ( 'NONE',  ( 0.0000000000000000000, 1.545336663013169300, -4.462499999999999500 ) ) ;
#1541 = CARTESIAN_POINT ( 'NONE',  ( 1.154700538372851000, 2.000000000011088900, 0.02916666666729433500 ) ) ;
#1542 = CARTESIAN_POINT ( 'NONE',  ( 0.0000000000000000000, 1.545336663013169300, -1.749999999999999800 ) ) ;
#1543 = CARTESIAN_POINT ( 'NONE',  ( -1.176575538379252000, -2.037888611415569000, -2.486458333333312800 ) ) ;
#1544 = EDGE_CURVE ( 'NONE', #2991, #1499, #2777, .T. ) ;
#1545 = CARTESIAN_POINT ( 'NONE',  ( 1.784401076758502300, -3.277891600571085500E-016, -0.5249999999999994700 ) ) ;
#1546 = CARTESIAN_POINT ( 'NONE',  ( 1.176575538379250700, -2.037888611415569400, -6.526041666666686500 ) ) ;
#1547 =( BOUNDED_CURVE ( )  B_SPLINE_CURVE ( 2, ( #2477, #844, #553, #3289, #592, #1960, #1703, #1126, #3017, #604, #2992, #1949, #303, #2206, #1450, #1181, #2260, #2537, #2781, #2276, #1161, #1173, #2563, #3352, #3046, #3317, #83, #657, #2799, #616, #3062, #1440, #626, #3306, #1748, #1988, #1980, #114, #643, #338, #2007, #1710, #2517, #2287, #2021, #2820, #1722, #2808, #2239, #1472, #347, #104, #891, #371, #3055, #915, #634, #2791, #3340, #2247, #75, #2549, #2528, #900, #380, #1489, #1190, #926, #1200, #1460, #3330, #3082, #1733, #3072, #91, #1741, #1996, #359, #1532, #144, #132, #2843, #3395, #984, #3374, #2323, #2878, #947, #2594, #1261, #2343, #2334, #3113, #688, #1235, #1227, #1780, #1510, #1246, #3409, #2049, #414, #3102, #2585, #122, #162, #2606, #3134, #971, #1521, #3381, #1545, #1774, #2869, #2037, #1804, #2298, #3365, #665, #1791, #703, #405, #1501, #2313, #2577, #675, #960, #1761, #3122, #2058, #152, #425, #2854, #2068, #440, #713, #937, #2831, #2029, #1214, #3091, #395, #1571, #449, #2114, #2394, #1008, #2461, #3244, #2886, #1285, #3427, #549, #2639, #2353, #1019, #1273, #459, #2621, #1650, #1825, #1915, #2654, #3183, #3169 ),
 .UNSPECIFIED., .F., .F. ) 
 B_SPLINE_CURVE_WITH_KNOTS ( ( 3, 2, 2, 2, 2, 2, 2, 2, 2, 2, 2, 2, 2, 2, 2, 2, 2, 2, 2, 2, 2, 2, 2, 2, 2, 2, 2, 2, 2, 2, 2, 2, 2, 2, 2, 2, 2, 2, 2, 2, 2, 2, 2, 2, 2, 2, 2, 2, 2, 2, 2, 2, 2, 2, 2, 2, 2, 2, 2, 2, 2, 2, 2, 2, 2, 2, 2, 2, 2, 2, 2, 2, 2, 2, 2, 2, 2, 2, 2, 2, 2, 2, 3 ),
 ( 0.03271171958874918900, 0.04361562611833225800, 0.05451953264791533500, 0.06542343917749840500, 0.07632734570708148100, 0.08723125223666455800, 0.09813515876624762100, 0.1090390652958307100, 0.1199429718254137600, 0.1308468783549968700, 0.1417507848845799300, 0.1526546914141629900, 0.1635585979437460500, 0.1744625044733291400, 0.1853664110029122300, 0.1962703175324952700, 0.2071742240620783300, 0.2180781305916614200, 0.2289820371212445100, 0.2398859436508275800, 0.2507898501804106700, 0.2616937567099937300, 0.2725976632395767900, 0.2835015697691598600, 0.2944054762987429200, 0.3053093828283260400, 0.3162132893579091000, 0.3271171958874921600, 0.3380211024170752800, 0.3489250089466582900, 0.3598289154762413500, 0.3707328220058244700, 0.3816367285354074800, 0.3925406350649906000, 0.4034445415945736600, 0.4143484481241567800, 0.4252523546537398400, 0.4361562611833229000, 0.4470601677129059600, 0.4579640742424890300, 0.4688679807720721500, 0.4797718873016551500, 0.4906757938312382700, 0.5015797003608213300, 0.5124836068904044000, 0.5233875134199874600, 0.5342914199495705200, 0.5451953264791537000, 0.5560992330087366500, 0.5670031395383197100, 0.5779070460679028900, 0.5888109525974859500, 0.5997148591270690100, 0.6106187656566520700, 0.6215226721862351400, 0.6324265787158180900, 0.6433304852454013700, 0.6542343917749843300, 0.6651382983045673900, 0.6760422048341504500, 0.6869461113637335100, 0.6978500178933166900, 0.7087539244228997500, 0.7196578309524828100, 0.7305617374820657700, 0.7414656440116490500, 0.7523695505412320000, 0.7632734570708150600, 0.7741773636003981300, 0.7850812701299811900, 0.7959851766595643600, 0.8068890831891474300, 0.8177929897187304900, 0.8286968962483134400, 0.8396008027778966200, 0.8505047093074796800, 0.8614086158370627400, 0.8723125223666458000, 0.8832164288962288700, 0.8941203354258118200, 0.9050242419553951000, 0.9159281484849781700, 0.9239645053601865900 ),
 .UNSPECIFIED. ) 
 CURVE ( )  GEOMETRIC_REPRESENTATION_ITEM ( )  RATIONAL_B_SPLINE_CURVE ( ( 1.000000000000000400, 0.8660254037844382600, 1.000000000000000000, 0.8660254037844387100, 1.000000000000000000, 0.8660254037844387100, 1.000000000000000000, 0.8660254037844387100, 1.000000000000000000, 0.8660254037844387100, 1.000000000000000000, 0.8660254037844387100, 1.000000000000000000, 0.8660254037844387100, 1.000000000000000000, 0.8660254037844387100, 1.000000000000000000, 0.8660254037844387100, 1.000000000000000000, 0.8660254037844387100, 1.000000000000000000, 0.8660254037844387100, 1.000000000000000000, 0.8660254037844387100, 1.000000000000000000, 0.8660254037844387100, 1.000000000000000000, 0.8660254037844387100, 1.000000000000000000, 0.8660254037844387100, 1.000000000000000000, 0.8660254037844387100, 1.000000000000000000, 0.8660254037844387100, 1.000000000000000000, 0.8660254037844387100, 1.000000000000000000, 0.8660254037844387100, 1.000000000000000000, 0.8660254037844387100, 1.000000000000000000, 0.8660254037844387100, 1.000000000000000000, 0.8660254037844387100, 1.000000000000000000, 0.8660254037844387100, 1.000000000000000000, 0.8660254037844387100, 1.000000000000000000, 0.8660254037844387100, 1.000000000000000000, 0.8660254037844387100, 1.000000000000000000, 0.8660254037844387100, 1.000000000000000000, 0.8660254037844387100, 1.000000000000000000, 0.8660254037844387100, 1.000000000000000000, 0.8660254037844387100, 1.000000000000000000, 0.8660254037844387100, 1.000000000000000000, 0.8660254037844387100, 1.000000000000000000, 0.8660254037844387100, 1.000000000000000000, 0.8660254037844387100, 1.000000000000000000, 0.8660254037844387100, 1.000000000000000000, 0.8660254037844387100, 1.000000000000000000, 0.8660254037844387100, 1.000000000000000000, 0.8660254037844387100, 1.000000000000000000, 0.8660254037844387100, 1.000000000000000000, 0.8660254037844387100, 1.000000000000000000, 0.8660254037844387100, 1.000000000000000000, 0.8660254037844387100, 1.000000000000000000, 0.8660254037844387100, 1.000000000000000000, 0.8660254037844387100, 1.000000000000000000, 0.8660254037844387100, 1.000000000000000000, 0.8660254037844387100, 1.000000000000000000, 0.8660254037844387100, 1.000000000000000000, 0.8660254037844387100, 1.000000000000000000, 0.8660254037844387100, 1.000000000000000000, 0.8660254037844387100, 1.000000000000000000, 0.8660254037844387100, 1.000000000000000000, 0.8660254037844387100, 1.000000000000000000, 0.8660254037844387100, 1.000000000000000000, 0.8660254037844387100, 1.000000000000000000, 0.8660254037844387100, 1.000000000000000000, 0.8660254037844387100, 1.000000000000000000, 0.8660254037844387100, 1.000000000000000000, 0.8660254037844387100, 1.000000000000000000, 0.8660254037844387100, 1.000000000000000000, 0.8660254037844387100, 1.000000000000000000, 0.8660254037844387100, 1.000000000000000000, 0.8660254037844387100, 1.000000000000000000, 0.8660254037844387100, 1.000000000000000000, 0.8660254037844387100, 1.000000000000000000, 0.8660254037844387100, 1.000000000000000000, 0.8660254037844387100, 1.000000000000000000, 0.8660254037844387100, 1.000000000000000000, 0.8660254037844387100, 1.000000000000000000, 0.8660254037844387100, 1.000000000000000000, 0.8660254037844387100, 1.000000000000000000, 0.8660254037844387100, 1.000000000000000000, 0.8660254037844387100, 1.000000000000000000, 0.8660254037844387100, 1.000000000000000000, 0.8660254037844387100, 1.000000000000000000, 0.8660254037844387100, 1.000000000000000000, 0.8660254037844387100, 1.000000000000000000, 0.8660254037844387100, 1.000000000000000000, 0.8660254037844387100, 1.000000000000000000, 0.8660254037844387100, 1.000000000000000000, 0.8660254037844387100, 1.000000000000000000, 0.8660254037844387100, 1.000000000000000000, 0.9012585384440764400, 0.9480652107226099600 ) ) 
 REPRESENTATION_ITEM ( '' )  );
#1548 = CARTESIAN_POINT ( 'NONE',  ( -1.784401076758502100, 1.092630533523695300E-016, -5.074999999999999300 ) ) ;
#1549 = CARTESIAN_POINT ( 'NONE',  ( 1.732050807568879000, 0.9999999999999988900, -5.716666666666646400 ) ) ;
#1550 = DIRECTION ( 'NONE',  ( 1.000000000000000000, 0.0000000000000000000, 0.0000000000000000000 ) ) ;
#1551 = DIRECTION ( 'NONE',  ( 0.0000000000000000000, 3.858187711820656000E-057, 1.000000000000000000 ) ) ;
#1552 = CARTESIAN_POINT ( 'NONE',  ( -0.8922005383792510600, 1.545336663013169500, -4.404166666666665900 ) ) ;
#1553 = CARTESIAN_POINT ( 'NONE',  ( 1.500000000000000000, 0.8660254037844388200, 6.870096189432334900 ) ) ;
#1554 = CARTESIAN_POINT ( 'NONE',  ( -1.338300807568876900, 0.7726683315065848700, -2.333333333333333000 ) ) ;
#1555 = CARTESIAN_POINT ( 'NONE',  ( -2.353151076758502700, 1.440889467031223800E-016, -1.903124999999979500 ) ) ;
#1556 = CARTESIAN_POINT ( 'NONE',  ( -2.449293598294707400E-016, -2.000000000000000900, -1.749999999999979600 ) ) ;
#1557 = CARTESIAN_POINT ( 'NONE',  ( -2.495693764988920700E-016, -2.037888611415569000, -5.884375000000019900 ) ) ;
#1558 = FACE_OUTER_BOUND ( 'NONE', #1339, .T. ) ;
#1559 = CARTESIAN_POINT ( 'NONE',  ( -1.892491597964129700E-016, -1.545336663013169100, -2.799999999999999400 ) ) ;
#1560 = CARTESIAN_POINT ( 'NONE',  ( 1.154700538379251200, 2.000000000000003100, -5.658333333333311900 ) ) ;
#1561 = CARTESIAN_POINT ( 'NONE',  ( -1.892491597964129900E-016, -1.545336663013169300, 2.799999999999999400 ) ) ;
#1562 = ORIENTED_EDGE ( 'NONE', *, *, #2102, .T. ) ;
#1563 = LINE ( 'NONE', #2958, #2222 ) ;
#1564 = CARTESIAN_POINT ( 'NONE',  ( -1.154700538379252600, -2.000000000000000900, -1.108333333333313400 ) ) ;
#1565 = VERTEX_POINT ( 'NONE', #3295 ) ;
#1566 = ORIENTED_EDGE ( 'NONE', *, *, #67, .F. ) ;
#1567 = CARTESIAN_POINT ( 'NONE',  ( -0.8276197181790213600, -1.779449896892113300, -6.586656759070548300 ) ) ;
#1568 = CARTESIAN_POINT ( 'NONE',  ( 1.784401076758502300, -3.277891600571085500E-016, -3.324999999999999700 ) ) ;
#1569 = ORIENTED_EDGE ( 'NONE', *, *, #1353, .T. ) ;
#1570 = CARTESIAN_POINT ( 'NONE',  ( -1.176575538379252000, -2.037888611415569000, 1.713541666666688100 ) ) ;
#1571 = CARTESIAN_POINT ( 'NONE',  ( -1.338300807568877100, -0.7726683315065843200, 1.283333333333333400 ) ) ;
#1572 = CARTESIAN_POINT ( 'NONE',  ( -1.784401076758502100, 1.092630533523695300E-016, 2.625000000000000000 ) ) ;
#1573 = CARTESIAN_POINT ( 'NONE',  ( 0.8922005383792506200, -1.545336663013169500, -4.841666666666666800 ) ) ;
#1574 = CARTESIAN_POINT ( 'NONE',  ( -1.154700538379252600, -2.000000000000000900, 0.9916666666666861300 ) ) ;
#1575 =( NAMED_UNIT ( * ) PLANE_ANGLE_UNIT ( ) SI_UNIT ( $, .RADIAN. ) );
#1576 = CARTESIAN_POINT ( 'NONE',  ( -1.892491597964129900E-016, -1.545336663013169300, 1.399999999999999200 ) ) ;
#1577 = ORIENTED_EDGE ( 'NONE', *, *, #2835, .F. ) ;
#1578 = DIRECTION ( 'NONE',  ( 0.0000000000000000000, 1.000000000000000000, 0.0000000000000000000 ) ) ;
#1579 = CARTESIAN_POINT ( 'NONE',  ( 0.8922005383792508400, -1.545336663013169700, -6.154166666666664100 ) ) ;
#1580 = ORIENTED_EDGE ( 'NONE', *, *, #3207, .F. ) ;
#1581 = CARTESIAN_POINT ( 'NONE',  ( 0.0000000000000000000, 2.000000000000000000, -0.6125000000000183600 ) ) ;
#1582 = CARTESIAN_POINT ( 'NONE',  ( 0.8922005383792521700, 1.545336663013168900, 0.9916666666666675800 ) ) ;
#1583 = CARTESIAN_POINT ( 'NONE',  ( 1.176575538379250700, -2.037888611415569400, -0.9697916666666457400 ) ) ;
#1584 = EDGE_CURVE ( 'NONE', #572, #1979, #3181, .T. ) ;
#1585 = CARTESIAN_POINT ( 'NONE',  ( 1.176575538379252400, 2.037888611415568100, -4.892708333333352800 ) ) ;
#1586 = CARTESIAN_POINT ( 'NONE',  ( -1.338300807568876900, -0.7726683315065842100, -2.916666666666666500 ) ) ;
#1587 = CARTESIAN_POINT ( 'NONE',  ( -1.207756829781009700, 0.9944874413795115100, 2.543530575114505400 ) ) ;
#1588 = PERSON_AND_ORGANIZATION_ROLE ( 'design_owner' ) ;
#1589 = CARTESIAN_POINT ( 'NONE',  ( 0.0000000000000000000, 1.545336663013169300, 1.750000000000000700 ) ) ;
#1590 = CARTESIAN_POINT ( 'NONE',  ( 0.0000000000000000000, 1.545336663013169300, -4.462499999999999500 ) ) ;
#1591 = CARTESIAN_POINT ( 'NONE',  ( 1.154700538377381200, -2.000000000003259600, -0.9041666666668801700 ) ) ;
#1592 = CARTESIAN_POINT ( 'NONE',  ( -1.338300807568876900, 0.7726683315065848700, 0.4666666666666664500 ) ) ;
#1593 = CARTESIAN_POINT ( 'NONE',  ( -1.176575538379252000, -2.037888611415569000, 1.013541666666686800 ) ) ;
#1594 = EDGE_CURVE ( 'NONE', #3357, #1043, #3273, .T. ) ;
#1595 = CARTESIAN_POINT ( 'NONE',  ( -0.7893880816655026700, -1.417270157900823600, -6.926521410710885900 ) ) ;
#1596 = CARTESIAN_POINT ( 'NONE',  ( -1.176575538379251100, 2.037888611415569000, -2.676041666666686000 ) ) ;
#1597 = CARTESIAN_POINT ( 'NONE',  ( -1.338300807568876900, -0.7726683315065842100, -0.1166666666666668400 ) ) ;
#1598 = CARTESIAN_POINT ( 'NONE',  ( -1.732050807568905200, 1.000000000000016400, 0.9041666666666302600 ) ) ;
#1599 = CARTESIAN_POINT ( 'NONE',  ( -1.338300807568877100, -0.7726683315065843200, 1.983333333333332500 ) ) ;
#1600 = CARTESIAN_POINT ( 'NONE',  ( -1.082708096908916000, -1.102637102105924500, -6.999999999999995600 ) ) ;
#1601 = ORIENTED_EDGE ( 'NONE', *, *, #2676, .T. ) ;
#1602 = CYLINDRICAL_SURFACE ( 'NONE', #2108, 2.000000000000000900 ) ;
#1603 = ORIENTED_EDGE ( 'NONE', *, *, #2123, .F. ) ;
#1604 = CARTESIAN_POINT ( 'NONE',  ( 0.0000000000000000000, 2.037888611415569000, 0.02187500000002101000 ) ) ;
#1605 = ORIENTED_EDGE ( 'NONE', *, *, #2620, .F. ) ;
#1606 = CARTESIAN_POINT ( 'NONE',  ( -1.176575538379252000, -2.037888611415569000, -3.842708333333352900 ) ) ;
#1607 = CARTESIAN_POINT ( 'NONE',  ( 1.338300807568876300, -0.7726683315065852000, -0.5833333333333332600 ) ) ;
#1608 = CIRCLE ( 'NONE', #355, 3.500000000000000000 ) ;
#1609 = DIRECTION ( 'NONE',  ( 0.8660254037844383700, 0.5000000000000003300, 0.0000000000000000000 ) ) ;
#1610 = CARTESIAN_POINT ( 'NONE',  ( 0.0000000000000000000, -1.543275084728262400E-056, 3.000000000000000000 ) ) ;
#1611 = CARTESIAN_POINT ( 'NONE',  ( -2.449293598294706900E-016, -2.000000000000000000, -3.762500000000018400 ) ) ;
#1612 = FACE_OUTER_BOUND ( 'NONE', #2401, .T. ) ;
#1613 = CARTESIAN_POINT ( 'NONE',  ( -1.338300807568877100, -0.7726683315065843200, -5.629166666666666400 ) ) ;
#1614 =( BOUNDED_CURVE ( )  B_SPLINE_CURVE ( 2, ( #93, #1474, #618, #2782, #65, #883, #1442 ),
 .UNSPECIFIED., .F., .F. ) 
 B_SPLINE_CURVE_WITH_KNOTS ( ( 3, 2, 2, 3 ),
 ( 0.09251158278458204700, 0.09460206650807950800, 0.09669255023157695400, 0.09878303395507441500 ),
 .UNSPECIFIED. ) 
 CURVE ( )  GEOMETRIC_REPRESENTATION_ITEM ( )  RATIONAL_B_SPLINE_CURVE ( ( 1.000000000002148900, 0.8660254037822896500, 1.000000000000000000, 0.8660254037844387100, 1.000000000000000000, 0.8660254037844387100, 1.000000000000000000 ) ) 
 REPRESENTATION_ITEM ( '' )  );
#1615 = ORIENTED_EDGE ( 'NONE', *, *, #460, .T. ) ;
#1616 = CARTESIAN_POINT ( 'NONE',  ( 2.836605642808121100E-011, 1.767227771687579900, -6.778108891325584500 ) ) ;
#1617 = CARTESIAN_POINT ( 'NONE',  ( 2.353151076758502700, -4.322668401093671800E-016, 2.646875000000021000 ) ) ;
#1618 = APPROVAL ( #2077, 'UNSPECIFIED' ) ;
#1619 = CARTESIAN_POINT ( 'NONE',  ( -2.353151076758502700, 1.440889467031223800E-016, -3.959375000000020100 ) ) ;
#1620 = CARTESIAN_POINT ( 'NONE',  ( -0.8922005383792509500, 1.545336663013169100, 1.108333333333333600 ) ) ;
#1621 = CARTESIAN_POINT ( 'NONE',  ( 0.0000000000000000000, 1.545336663013169300, -2.362499999999998900 ) ) ;
#1622 = DIRECTION ( 'NONE',  ( 1.000000000000000000, 1.224646799147353200E-016, -4.724917231790817400E-073 ) ) ;
#1623 = CARTESIAN_POINT ( 'NONE',  ( -1.338300807568876900, 0.7726683315065848700, -4.345833333333331400 ) ) ;
#1624 = CARTESIAN_POINT ( 'NONE',  ( -0.4886671917161934900, 1.722364739431566000, -6.759251144980181500 ) ) ;
#1625 = CARTESIAN_POINT ( 'NONE',  ( -1.176575538379251100, 2.037888611415569000, 2.180208333333353700 ) ) ;
#1626 = AXIS2_PLACEMENT_3D ( 'NONE', #463, #778, #2661 ) ;
#1627 = CARTESIAN_POINT ( 'NONE',  ( -2.495693764988920700E-016, -2.037888611415569000, -4.484375000000019500 ) ) ;
#1628 = CARTESIAN_POINT ( 'NONE',  ( 0.0000000000000000000, 1.545336663013169100, -1.749999999999999800 ) ) ;
#1629 = DIRECTION ( 'NONE',  ( -0.0000000000000000000, -3.858187711820656000E-057, -1.000000000000000000 ) ) ;
#1630 = CARTESIAN_POINT ( 'NONE',  ( -1.892491597964129900E-016, -1.545336663013169300, -0.6124999999999993800 ) ) ;
#1631 = CARTESIAN_POINT ( 'NONE',  ( -0.8922005383792511700, 1.545336663013169500, -0.2041666666666658600 ) ) ;
#1632 = ORIENTED_EDGE ( 'NONE', *, *, #1713, .F. ) ;
#1633 = CARTESIAN_POINT ( 'NONE',  ( -2.449293598294706900E-016, -2.000000000000000000, -0.9625000000000189000 ) ) ;
#1634 = CARTESIAN_POINT ( 'NONE',  ( 1.176575538379250700, -2.037888611415569400, 3.230208333333354400 ) ) ;
#1635 = CARTESIAN_POINT ( 'NONE',  ( 1.764863307568876700, -1.018944305707785400, -1.567708333333353200 ) ) ;
#1636 = CARTESIAN_POINT ( 'NONE',  ( 1.784401076758502100, -3.277891600571085500E-016, -0.5249999999999994700 ) ) ;
#1637 = CARTESIAN_POINT ( 'NONE',  ( 2.309401076758504300, -4.242300954899628600E-016, -5.074999999999980600 ) ) ;
#1638 = CARTESIAN_POINT ( 'NONE',  ( -1.338300807568876900, 0.7726683315065848700, -2.945833333333332400 ) ) ;
#1639 = CYLINDRICAL_SURFACE ( 'NONE', #2230, 2.000000000000000900 ) ;
#1640 = CARTESIAN_POINT ( 'NONE',  ( -1.338300807568876900, 0.7726683315065848700, -1.545833333333332300 ) ) ;
#1641 = ORIENTED_EDGE ( 'NONE', *, *, #2982, .T. ) ;
#1642 = CARTESIAN_POINT ( 'NONE',  ( 4.286263797015736600E-016, -3.500000000000000000, -7.000000000000000000 ) ) ;
#1643 = CYLINDRICAL_SURFACE ( 'NONE', #3479, 2.000000000000000900 ) ;
#1644 = VERTEX_POINT ( 'NONE', #1957 ) ;
#1645 = CARTESIAN_POINT ( 'NONE',  ( -1.154700538381354200, -1.999999999997167200, -1.020833333333773600 ) ) ;
#1646 = EDGE_CURVE ( 'NONE', #3140, #2285, #2016, .T. ) ;
#1647 = CIRCLE ( 'NONE', #695, 2.000000000000001300 ) ;
#1648 = CARTESIAN_POINT ( 'NONE',  ( -1.176575538379251100, 2.037888611415569000, 3.580208333333353200 ) ) ;
#1649 = CARTESIAN_POINT ( 'NONE',  ( -1.764863307568877100, 1.018944305707784700, -0.5177083333333526400 ) ) ;
#1650 = CARTESIAN_POINT ( 'NONE',  ( 1.784401076758502300, -3.277891600571085500E-016, 2.274999999999999900 ) ) ;
#1651 = CARTESIAN_POINT ( 'NONE',  ( -1.784401076758502100, 1.092630533523695300E-016, -6.474999999999998800 ) ) ;
#1652 = CARTESIAN_POINT ( 'NONE',  ( 1.338300807568877600, 0.7726683315065835400, -3.879166666666665500 ) ) ;
#1653 = ORIENTED_EDGE ( 'NONE', *, *, #5, .T. ) ;
#1654 =( BOUNDED_CURVE ( )  B_SPLINE_CURVE ( 2, ( #1581, #756, #1308, #2376, #1042, #1591, #746 ),
 .UNSPECIFIED., .F., .F. ) 
 B_SPLINE_CURVE_WITH_KNOTS ( ( 3, 2, 2, 3 ),
 ( 0.06115864171532312700, 0.06324867976846396100, 0.06533871782160481600, 0.06742875587474564400 ),
 .UNSPECIFIED. ) 
 CURVE ( )  GEOMETRIC_REPRESENTATION_ITEM ( )  RATIONAL_B_SPLINE_CURVE ( ( 0.9999999999999900100, 0.8660254037844487000, 1.000000000000000000, 0.8660254037844387100, 1.000000000000000000, 0.8660254037840617900, 1.000000000000377000 ) ) 
 REPRESENTATION_ITEM ( '' )  );
#1655 = CARTESIAN_POINT ( 'NONE',  ( -0.8922005383792517300, -1.545336663013168900, 0.02916666666666779100 ) ) ;
#1656 = VERTEX_POINT ( 'NONE', #2295 ) ;
#1657 = CARTESIAN_POINT ( 'NONE',  ( -1.892491597964129900E-016, -1.545336663013169300, 2.187500000000000900 ) ) ;
#1658 = CARTESIAN_POINT ( 'NONE',  ( 0.0000000000000000000, -5.401462796548918100E-056, -7.000000000000000000 ) ) ;
#1659 = EDGE_CURVE ( 'NONE', #2957, #916, #3463, .T. ) ;
#1660 = CARTESIAN_POINT ( 'NONE',  ( -1.784401076758502300, 1.092630533523695500E-016, -6.387499999999998400 ) ) ;
#1661 = CARTESIAN_POINT ( 'NONE',  ( 1.154700538379412200, 1.999999999999758600, -4.170833333333376900 ) ) ;
#1662 = CARTESIAN_POINT ( 'NONE',  ( 1.176575538379252400, 2.037888611415568100, -1.392708333333353600 ) ) ;
#1663 = CARTESIAN_POINT ( 'NONE',  ( -4.336808689942017700E-016, 1.732050807568877200, 4.000000000000000000 ) ) ;
#1664 = CARTESIAN_POINT ( 'NONE',  ( 1.338300807568876300, -0.7726683315065852000, -6.183333333333333600 ) ) ;
#1665 = CARTESIAN_POINT ( 'NONE',  ( 1.176575538379250700, -2.037888611415569400, -6.569791666666645800 ) ) ;
#1666 = CARTESIAN_POINT ( 'NONE',  ( 0.0000000000000000000, 1.545336663013169300, -0.9624999999999989100 ) ) ;
#1667 = CARTESIAN_POINT ( 'NONE',  ( -1.154700538379339600, -1.999999999999849000, -5.220833333333359900 ) ) ;
#1668 = CARTESIAN_POINT ( 'NONE',  ( 0.0000000000000000000, 1.545336663013169300, -0.9624999999999989100 ) ) ;
#1669 = DIRECTION ( 'NONE',  ( 0.0000000000000000000, 1.000000000000000000, 0.0000000000000000000 ) ) ;
#1670 = CARTESIAN_POINT ( 'NONE',  ( 1.601129313095274800, 0.5169954853684815000, -6.866267875738867800 ) ) ;
#1671 = CARTESIAN_POINT ( 'NONE',  ( 1.784401076758502300, -3.277891600571085500E-016, -5.337499999999998600 ) ) ;
#1672 = CARTESIAN_POINT ( 'NONE',  ( -1.176575538379252000, -2.037888611415569000, 1.757291666666646700 ) ) ;
#1673 = CARTESIAN_POINT ( 'NONE',  ( -1.154700538379254600, -1.999999999999997800, -5.308333333333312300 ) ) ;
#1674 = CARTESIAN_POINT ( 'NONE',  ( 0.8922005383792506200, -1.545336663013169500, -6.941666666666666400 ) ) ;
#1675 = CARTESIAN_POINT ( 'NONE',  ( -1.499999999999999800, -0.8660254037844388200, -1.582575694955841200 ) ) ;
#1676 = CARTESIAN_POINT ( 'NONE',  ( -1.338300807568876900, 0.7726683315065848700, -0.1458333333333320100 ) ) ;
#1677 = CARTESIAN_POINT ( 'NONE',  ( 0.0000000000000000000, 2.200000000000001500, 3.000000000000000000 ) ) ;
#1678 = EDGE_LOOP ( 'NONE', ( #1580, #473, #185, #2662 ) ) ;
#1679 = CARTESIAN_POINT ( 'NONE',  ( -0.8922005383792517300, -1.545336663013168900, -2.070833333333332400 ) ) ;
#1680 = CARTESIAN_POINT ( 'NONE',  ( 0.0000000000000000000, 1.545336663013169300, 1.137500000000000400 ) ) ;
#1681 = CARTESIAN_POINT ( 'NONE',  ( 0.0000000000000000000, 2.000000000000000900, -6.299999999999979400 ) ) ;
#1682 = CALENDAR_DATE ( 2025, 16, 7 ) ;
#1683 = CARTESIAN_POINT ( 'NONE',  ( 0.4285988816318253000, 1.700662693531052900, -6.794834568720190800 ) ) ;
#1684 = LINE ( 'NONE', #1001, #1205 ) ;
#1685 = CARTESIAN_POINT ( 'NONE',  ( -1.338300807568877100, -0.7726683315065843200, -2.829166666666665700 ) ) ;
#1686 = EDGE_LOOP ( 'NONE', ( #1934, #1091, #554, #1778, #2607 ) ) ;
#1687 = CARTESIAN_POINT ( 'NONE',  ( 0.0000000000000000000, 1.545336663013169300, -6.999999999999999100 ) ) ;
#1688 = CARTESIAN_POINT ( 'NONE',  ( -1.764863307568877300, -1.018944305707784000, 0.9989583333333135200 ) ) ;
#1689 = CYLINDRICAL_SURFACE ( 'NONE', #1423, 2.000000000000000900 ) ;
#1690 = CARTESIAN_POINT ( 'NONE',  ( -1.338300807568876900, 0.7726683315065848700, 1.254166666666668200 ) ) ;
#1691 = ORIENTED_EDGE ( 'NONE', *, *, #3207, .T. ) ;
#1692 = CARTESIAN_POINT ( 'NONE',  ( -1.732050807568878300, -1.000000000000000000, -3.266666666666647100 ) ) ;
#1693 = CARTESIAN_POINT ( 'NONE',  ( 0.0000000000000000000, 2.000000000000000900, 2.800000000000019400 ) ) ;
#1694 = TOROIDAL_SURFACE ( 'NONE', #2947, 2.200000000000001500, 0.2000000000000000900 ) ;
#1695 = CARTESIAN_POINT ( 'NONE',  ( 2.309401076758541600, -4.242300954899696700E-016, 1.312499999999963400 ) ) ;
#1696 = CARTESIAN_POINT ( 'NONE',  ( 0.8922005383792507300, -1.545336663013169700, 1.545833333333334100 ) ) ;
#1697 = ORIENTED_EDGE ( 'NONE', *, *, #3383, .T. ) ;
#1698 = DIRECTION ( 'NONE',  ( 0.0000000000000000000, 1.000000000000000000, 0.0000000000000000000 ) ) ;
#1699 = CARTESIAN_POINT ( 'NONE',  ( -1.338300807568877100, -0.7726683315065843200, -4.929166666666666300 ) ) ;
#1700 = ORIENTED_EDGE ( 'NONE', *, *, #2291, .F. ) ;
#1701 = CARTESIAN_POINT ( 'NONE',  ( -2.495693764988920700E-016, -2.037888611415569000, 2.515624999999979600 ) ) ;
#1702 = CARTESIAN_POINT ( 'NONE',  ( -1.784401076758502300, 1.092630533523695500E-016, 2.012500000000001500 ) ) ;
#1703 = CARTESIAN_POINT ( 'NONE',  ( 0.0000000000000000000, 1.545336663013169300, -6.649999999999999500 ) ) ;
#1704 = CC_DESIGN_DATE_AND_TIME_ASSIGNMENT ( #3128, #1808, ( #1852 ) ) ;
#1705 = ADVANCED_FACE ( 'NONE', ( #771 ), #933, .T. ) ;
#1706 = ORIENTED_EDGE ( 'NONE', *, *, #658, .F. ) ;
#1707 = CARTESIAN_POINT ( 'NONE',  ( -1.892491597964129900E-016, -1.545336663013169300, -5.512499999999999300 ) ) ;
#1708 = DIRECTION ( 'NONE',  ( 0.0000000000000000000, 0.7071067811865468000, -0.7071067811865483500 ) ) ;
#1709 = CARTESIAN_POINT ( 'NONE',  ( -0.8922005383792517300, -1.545336663013168900, 1.429166666666667800 ) ) ;
#1710 = CARTESIAN_POINT ( 'NONE',  ( 0.8922005383792521700, 1.545336663013168900, -4.608333333333333400 ) ) ;
#1711 = CARTESIAN_POINT ( 'NONE',  ( -1.009129909835880600, 1.149429382477828600, 6.637405605205473500 ) ) ;
#1712 = CARTESIAN_POINT ( 'NONE',  ( -1.154700538379254600, -1.999999999999997800, -6.008333333333313300 ) ) ;
#1713 = EDGE_CURVE ( 'NONE', #1043, #2575, #2224, .T. ) ;
#1714 = CARTESIAN_POINT ( 'NONE',  ( -1.784401076758502300, 1.092630533523695500E-016, -1.487499999999999200 ) ) ;
#1715 = VERTEX_POINT ( 'NONE', #2034 ) ;
#1716 = AXIS2_PLACEMENT_3D ( 'NONE', #758, #1031, #3159 ) ;
#1717 = CARTESIAN_POINT ( 'NONE',  ( -1.764863307568877300, -1.018944305707784000, 2.398958333333313800 ) ) ;
#1718 = DATE_AND_TIME ( #2682, #88 ) ;
#1719 = ADVANCED_FACE ( 'NONE', ( #2565 ), #729, .T. ) ;
#1720 = CARTESIAN_POINT ( 'NONE',  ( 0.0000000000000000000, 1.545336663013169300, 0.4375000000000012800 ) ) ;
#1721 =( BOUNDED_CURVE ( )  B_SPLINE_CURVE ( 2, ( #1939, #849, #2200, #2213, #862, #2481, #2955 ),
 .UNSPECIFIED., .F., .F. ) 
 B_SPLINE_CURVE_WITH_KNOTS ( ( 3, 2, 2, 3 ),
 ( 0.7500000000000000000, 0.7604166666666666300, 0.7708333333333332600, 0.7812499999999998900 ),
 .UNSPECIFIED. ) 
 CURVE ( )  GEOMETRIC_REPRESENTATION_ITEM ( )  RATIONAL_B_SPLINE_CURVE ( ( 1.000000000000000000, 0.8660254037844387100, 1.000000000000000000, 0.8660254037844387100, 1.000000000000000000, 0.8660254037844401500, 0.9999999999999985600 ) ) 
 REPRESENTATION_ITEM ( '' )  );
#1722 = CARTESIAN_POINT ( 'NONE',  ( -1.338300807568877100, -0.7726683315065843200, -4.316666666666666400 ) ) ;
#1723 = EDGE_CURVE ( 'NONE', #2053, #2907, #878, .T. ) ;
#1724 = CARTESIAN_POINT ( 'NONE',  ( 1.732050807568879200, 0.9999999999999991100, -2.829166666666686100 ) ) ;
#1725 = FACE_BOUND ( 'NONE', #1198, .T. ) ;
#1726 = CC_DESIGN_PERSON_AND_ORGANIZATION_ASSIGNMENT ( #3218, #203, ( #2415 ) ) ;
#1727 = ORIENTED_EDGE ( 'NONE', *, *, #2656, .F. ) ;
#1728 = FACE_OUTER_BOUND ( 'NONE', #1985, .T. ) ;
#1729 = CARTESIAN_POINT ( 'NONE',  ( 1.784401076758502300, -3.277891600571085500E-016, 0.2625000000000006200 ) ) ;
#1730 = CARTESIAN_POINT ( 'NONE',  ( 1.764863307568876700, -1.018944305707785400, 2.632291666666647600 ) ) ;
#1731 = CARTESIAN_POINT ( 'NONE',  ( 1.338300807568876500, -0.7726683315065853200, -4.783333333333333200 ) ) ;
#1732 = ORIENTED_EDGE ( 'NONE', *, *, #3033, .F. ) ;
#1733 = CARTESIAN_POINT ( 'NONE',  ( -1.892491597964129900E-016, -1.545336663013169300, -2.799999999999999400 ) ) ;
#1734 = VERTEX_POINT ( 'NONE', #1281 ) ;
#1735 = CARTESIAN_POINT ( 'NONE',  ( -0.4852960034456633200, 1.451865029342874100, 6.662699326111872500 ) ) ;
#1736 = ADVANCED_FACE ( 'NONE', ( #2486 ), #681, .T. ) ;
#1737 = CARTESIAN_POINT ( 'NONE',  ( 0.0000000000000000000, 2.000000000000000900, -7.000000000000000000 ) ) ;
#1738 = CARTESIAN_POINT ( 'NONE',  ( 0.0000000000000000000, 1.545336663013169300, -1.662499999999999000 ) ) ;
#1739 = CARTESIAN_POINT ( 'NONE',  ( -1.176575538379251100, 2.037888611415569000, 2.923958333333312800 ) ) ;
#1740 = CARTESIAN_POINT ( 'NONE',  ( -1.892491597964129900E-016, -1.545336663013169300, -6.299999999999999800 ) ) ;
#1741 = CARTESIAN_POINT ( 'NONE',  ( 1.784401076758502300, -3.277891600571085500E-016, -2.624999999999999600 ) ) ;
#1742 = CARTESIAN_POINT ( 'NONE',  ( -1.154700538379251900, 2.000000000000000900, -0.6416666666666470700 ) ) ;
#1743 = DIRECTION ( 'NONE',  ( -0.0000000000000000000, -3.858187711820656000E-057, -1.000000000000000000 ) ) ;
#1744 = CARTESIAN_POINT ( 'NONE',  ( 0.0000000000000000000, 1.545336663013169300, -0.2624999999999988500 ) ) ;
#1745 = CARTESIAN_POINT ( 'NONE',  ( -1.338300807568877100, -0.7726683315065843200, -6.329166666666664800 ) ) ;
#1746 = ADVANCED_FACE ( 'NONE', ( #868 ), #20, .T. ) ;
#1747 = CARTESIAN_POINT ( 'NONE',  ( -1.338300807568877100, -0.7726683315065843200, -5.716666666666666800 ) ) ;
#1748 = CARTESIAN_POINT ( 'NONE',  ( -1.338300807568877100, -0.7726683315065843200, -5.016666666666666600 ) ) ;
#1749 = DIRECTION ( 'NONE',  ( -0.0000000000000000000, -3.858187711820656000E-057, -1.000000000000000000 ) ) ;
#1750 = CARTESIAN_POINT ( 'NONE',  ( 0.0000000000000000000, 0.0000000000000000000, 7.000000000000000000 ) ) ;
#1751 = EDGE_CURVE ( 'NONE', #136, #131, #2786, .T. ) ;
#1752 =( BOUNDED_CURVE ( )  B_SPLINE_CURVE ( 2, ( #3415, #1541, #3406, #3110, #411, #456, #186 ),
 .UNSPECIFIED., .F., .T. ) 
 B_SPLINE_CURVE_WITH_KNOTS ( ( 3, 2, 2, 3 ),
 ( 0.04861595084723770900, 0.05070632624734949800, 0.05279670164746130100, 0.05488707704757309100 ),
 .UNSPECIFIED. ) 
 CURVE ( )  GEOMETRIC_REPRESENTATION_ITEM ( )  RATIONAL_B_SPLINE_CURVE ( ( 1.000000000001286500, 0.8660254037831521800, 1.000000000000000000, 0.8660254037844387100, 1.000000000000000000, 0.8660254037844387100, 1.000000000000000000 ) ) 
 REPRESENTATION_ITEM ( '' )  );
#1753 = CARTESIAN_POINT ( 'NONE',  ( -1.784401076758502300, 1.092630533523695400E-016, 1.312500000000000200 ) ) ;
#1754 = EDGE_LOOP ( 'NONE', ( #399, #1471, #196, #98 ) ) ;
#1755 = CARTESIAN_POINT ( 'NONE',  ( -1.154700538379356500, 2.000000000000342400, -4.754166666666841400 ) ) ;
#1756 = FACE_OUTER_BOUND ( 'NONE', #2281, .T. ) ;
#1757 = DIRECTION ( 'NONE',  ( 0.0000000000000000000, 1.000000000000000000, 0.0000000000000000000 ) ) ;
#1758 = CARTESIAN_POINT ( 'NONE',  ( -1.338300807568877100, -0.7726683315065843200, -6.416666666666666100 ) ) ;
#1759 = CARTESIAN_POINT ( 'NONE',  ( -1.176575538379251100, 2.037888611415569000, -4.819791666666644900 ) ) ;
#1760 = VERTEX_POINT ( 'NONE', #2320 ) ;
#1761 = CARTESIAN_POINT ( 'NONE',  ( -0.8922005383792511700, 1.545336663013169500, 0.4083333333333334400 ) ) ;
#1762 = DIRECTION ( 'NONE',  ( 0.0000000000000000000, 1.000000000000000000, 0.0000000000000000000 ) ) ;
#1763 = EDGE_CURVE ( 'NONE', #1118, #3061, #1752, .T. ) ;
#1764 = CARTESIAN_POINT ( 'NONE',  ( 0.4908700901641190300, 1.448646828875487700, 6.637405605205470000 ) ) ;
#1765 = ORIENTED_EDGE ( 'NONE', *, *, #2801, .T. ) ;
#1766 = ADVANCED_FACE ( 'NONE', ( #609 ), #2647, .T. ) ;
#1767 = DIRECTION ( 'NONE',  ( 0.0000000000000000000, 1.000000000000000000, 0.0000000000000000000 ) ) ;
#1768 = ORIENTED_EDGE ( 'NONE', *, *, #597, .T. ) ;
#1769 = CARTESIAN_POINT ( 'NONE',  ( 1.732050807569224200, -1.000000000000201600, -1.545833333333583400 ) ) ;
#1770 = CARTESIAN_POINT ( 'NONE',  ( 0.0000000000000000000, 2.000000000000000900, 0.7000000000000201600 ) ) ;
#1771 = CARTESIAN_POINT ( 'NONE',  ( 1.784401076758502300, -3.277891600571085500E-016, -5.424999999999998900 ) ) ;
#1772 = VERTEX_POINT ( 'NONE', #2883 ) ;
#1773 = CARTESIAN_POINT ( 'NONE',  ( -1.176575538379252000, -2.037888611415569000, -5.286458333333311700 ) ) ;
#1774 = CARTESIAN_POINT ( 'NONE',  ( 1.338300807568877600, 0.7726683315065835400, -0.4666666666666664500 ) ) ;
#1775 = CARTESIAN_POINT ( 'NONE',  ( 0.0000000000000000000, -1.543275084728262400E-056, 3.000000000000000000 ) ) ;
#1776 = CARTESIAN_POINT ( 'NONE',  ( 0.8922005383792521700, 1.545336663013168900, 1.079166666666668400 ) ) ;
#1777 = CARTESIAN_POINT ( 'NONE',  ( -1.338300807568876900, 0.7726683315065848700, -0.2333333333333327800 ) ) ;
#1778 = ORIENTED_EDGE ( 'NONE', *, *, #608, .F. ) ;
#1779 = CARTESIAN_POINT ( 'NONE',  ( 1.176575538379252400, 2.037888611415568100, -4.236458333333312800 ) ) ;
#1780 = CARTESIAN_POINT ( 'NONE',  ( -1.892491597964129900E-016, -1.545336663013169300, -1.400000000000000100 ) ) ;
#1781 = CARTESIAN_POINT ( 'NONE',  ( -1.338300807568876900, -0.7726683315065842100, 1.983333333333332500 ) ) ;
#1782 = DIRECTION ( 'NONE',  ( 0.0000000000000000000, 1.000000000000000000, 0.0000000000000000000 ) ) ;
#1784 = ORIENTED_EDGE ( 'NONE', *, *, #1544, .F. ) ;
#1783 = DIRECTION ( 'NONE',  ( -0.0000000000000000000, -3.858187711820656000E-057, -1.000000000000000000 ) ) ;
#1785 = CARTESIAN_POINT ( 'NONE',  ( 1.732050807569103000, 1.000000000000128300, -4.929166666666835000 ) ) ;
#1786 = ORIENTED_EDGE ( 'NONE', *, *, #2067, .T. ) ;
#1787 = CARTESIAN_POINT ( 'NONE',  ( -1.338300807568876900, 0.7726683315065848700, -5.745833333333331800 ) ) ;
#1788 = CARTESIAN_POINT ( 'NONE',  ( 1.338300807568877600, 0.7726683315065835400, -1.866666666666666700 ) ) ;
#1789 = EDGE_LOOP ( 'NONE', ( #1004, #3470, #311, #673 ) ) ;
#1790 = CARTESIAN_POINT ( 'NONE',  ( -1.176575538379252000, -2.037888611415569000, -3.886458333333312700 ) ) ;
#1791 = CARTESIAN_POINT ( 'NONE',  ( -0.8922005383792517300, -1.545336663013168900, -0.05833333333333298000 ) ) ;
#1792 = CARTESIAN_POINT ( 'NONE',  ( 1.764863307568876700, -1.018944305707785400, -7.167708333333353100 ) ) ;
#1793 =( BOUNDED_CURVE ( )  B_SPLINE_CURVE ( 2, ( #670, #2581, #2572, #1528, #1769, #3097, #1223 ),
 .UNSPECIFIED., .F., .F. ) 
 B_SPLINE_CURVE_WITH_KNOTS ( ( 3, 2, 2, 3 ),
 ( 0.07369926265621441800, 0.07578980405307843300, 0.07788034544994246200, 0.07997088684680647700 ),
 .UNSPECIFIED. ) 
 CURVE ( )  GEOMETRIC_REPRESENTATION_ITEM ( )  RATIONAL_B_SPLINE_CURVE ( ( 1.000000000000007100, 0.8660254037844316000, 1.000000000000000000, 0.8660254037844387100, 1.000000000000000000, 0.8660254037843758700, 1.000000000000062800 ) ) 
 REPRESENTATION_ITEM ( '' )  );
#1794 = CARTESIAN_POINT ( 'NONE',  ( 0.0000000000000000000, 1.545336663013169100, -5.249999999999999100 ) ) ;
#1795 = CYLINDRICAL_SURFACE ( 'NONE', #54, 2.000000000000000900 ) ;
#1796 = CARTESIAN_POINT ( 'NONE',  ( -1.732050807568893600, -1.000000000000008900, -3.879166666666695700 ) ) ;
#1797 = VECTOR ( 'NONE', #594, 1000.000000000000000 ) ;
#1798 = AXIS2_PLACEMENT_3D ( 'NONE', #2030, #1749, #2023 ) ;
#1799 = CARTESIAN_POINT ( 'NONE',  ( 0.8922005383792507300, -1.545336663013169700, -4.754166666666666400 ) ) ;
#1800 = ORIENTED_EDGE ( 'NONE', *, *, #2365, .F. ) ;
#1801 = CARTESIAN_POINT ( 'NONE',  ( -1.338300807568877100, -0.7726683315065843200, -1.516666666666666200 ) ) ;
#1802 = VECTOR ( 'NONE', #328, 1000.000000000000000 ) ;
#1803 = CARTESIAN_POINT ( 'NONE',  ( 1.764863307568878000, 1.018944305707782900, -2.894791666666646000 ) ) ;
#1804 = CARTESIAN_POINT ( 'NONE',  ( -0.8922005383792511700, 1.545336663013169500, -0.2916666666666666900 ) ) ;
#1805 = CARTESIAN_POINT ( 'NONE',  ( -1.338300807568876900, -0.7726683315065842100, 2.683333333333333600 ) ) ;
#1806 = CARTESIAN_POINT ( 'NONE',  ( 0.8922005383792519500, 1.545336663013168600, -4.608333333333333400 ) ) ;
#1807 = CYLINDRICAL_SURFACE ( 'NONE', #3001, 2.000000000000000900 ) ;
#1808 = DATE_TIME_ROLE ( 'creation_date' ) ;
#1809 = CARTESIAN_POINT ( 'NONE',  ( 1.500000000000000000, 0.8660254037844388200, 4.000000000000000000 ) ) ;
#1810 = VERTEX_POINT ( 'NONE', #446 ) ;
#1811 = B_SPLINE_CURVE_WITH_KNOTS ( 'NONE', 3,
 ( #2248, #3320, #349, #1429, #2530, #3332, #3063, #3073 ),
 .UNSPECIFIED., .F., .F.,
 ( 4, 2, 2, 4 ),
 ( 0.0000000000000000000, 0.0006036709503674179500, 0.0009055064255511269300, 0.001207341900734835900 ),
 .UNSPECIFIED. ) ;
#1812 = CARTESIAN_POINT ( 'NONE',  ( -1.338300807568876900, 0.7726683315065848700, -5.045833333333332500 ) ) ;
#1813 = DIRECTION ( 'NONE',  ( 0.0000000000000000000, 1.000000000000000000, 0.0000000000000000000 ) ) ;
#1814 = CARTESIAN_POINT ( 'NONE',  ( -1.784401076758502300, 1.092630533523695500E-016, -1.575000000000000000 ) ) ;
#1815 = CARTESIAN_POINT ( 'NONE',  ( 1.176575538379252400, 2.037888611415568100, -1.436458333333312300 ) ) ;
#1816 = CARTESIAN_POINT ( 'NONE',  ( -0.9475763155585437100, -1.271632392438346600, -6.963020514943920600 ) ) ;
#1817 = EDGE_CURVE ( 'NONE', #2444, #1896, #2795, .T. ) ;
#1818 = CARTESIAN_POINT ( 'NONE',  ( 2.353151076758502700, -4.322668401093671800E-016, -5.709375000000020100 ) ) ;
#1819 = CARTESIAN_POINT ( 'NONE',  ( 1.784401076758502100, -3.277891600571085500E-016, -2.625000000000000000 ) ) ;
#1820 = CARTESIAN_POINT ( 'NONE',  ( 1.906474977883886100E-011, 2.000000000000000900, -6.212500000000981800 ) ) ;
#1821 = CARTESIAN_POINT ( 'NONE',  ( 1.500000000000000200, 0.5909740868883565100, 6.744243554733360600 ) ) ;
#1822 = CARTESIAN_POINT ( 'NONE',  ( 0.8922005383792521700, 1.545336663013168900, -0.4083333333333334400 ) ) ;
#1823 = CARTESIAN_POINT ( 'NONE',  ( 1.176575538379252400, 2.037888611415568100, -0.7364583333333130100 ) ) ;
#1824 = EDGE_CURVE ( 'NONE', #1141, #2853, #1222, .T. ) ;
#1825 = CARTESIAN_POINT ( 'NONE',  ( 1.338300807568877600, 0.7726683315065835400, 2.333333333333333900 ) ) ;
#1826 = CARTESIAN_POINT ( 'NONE',  ( 1.764863307568876700, -1.018944305707785400, -6.467708333333352900 ) ) ;
#1827 = CARTESIAN_POINT ( 'NONE',  ( -1.784401076758502100, 1.092630533523695300E-016, -4.375000000000000000 ) ) ;
#1828 = CARTESIAN_POINT ( 'NONE',  ( 0.1078707988459725700, -1.992592581353689100, -6.552744081659482400 ) ) ;
#1829 = CARTESIAN_POINT ( 'NONE',  ( -1.784401076758502300, 1.092630533523695500E-016, 1.925000000000000500 ) ) ;
#1830 = CARTESIAN_POINT ( 'NONE',  ( 1.338300807568876500, -0.7726683315065853200, -5.395833333333332100 ) ) ;
#1831 = ORIENTED_EDGE ( 'NONE', *, *, #532, .T. ) ;
#1832 = CARTESIAN_POINT ( 'NONE',  ( -0.6085322736631217900, 1.689010922317070400, -6.754224176803546700 ) ) ;
#1833 = CARTESIAN_POINT ( 'NONE',  ( -0.8922005383792517300, -1.545336663013168900, 0.6416666666666661600 ) ) ;
#1834 = CARTESIAN_POINT ( 'NONE',  ( 1.764863307568876700, -1.018944305707785400, 0.4885416666666874700 ) ) ;
#1835 = CARTESIAN_POINT ( 'NONE',  ( 1.764863307568878000, 1.018944305707782900, -4.951041666666687200 ) ) ;
#1836 = CYLINDRICAL_SURFACE ( 'NONE', #3435, 2.000000000000000900 ) ;
#1837 = CARTESIAN_POINT ( 'NONE',  ( 0.0000000000000000000, 1.545336663013169100, -2.449999999999999700 ) ) ;
#1838 = CARTESIAN_POINT ( 'NONE',  ( -1.732050807568878300, -1.000000000000000000, -3.966666666666646800 ) ) ;
#1839 = APPROVAL_ROLE ( '' ) ;
#1840 = CARTESIAN_POINT ( 'NONE',  ( 0.0000000000000000000, 1.545336663013169300, 2.449999999999999700 ) ) ;
#1841 = VERTEX_POINT ( 'NONE', #2945 ) ;
#1842 = AXIS2_PLACEMENT_3D ( 'NONE', #24, #2471, #3491 ) ;
#1843 = VECTOR ( 'NONE', #2390, 1000.000000000000000 ) ;
#1844 = CARTESIAN_POINT ( 'NONE',  ( 2.309401076758504700, -4.242300954899630600E-016, -3.587500000000019500 ) ) ;
#1845 = CARTESIAN_POINT ( 'NONE',  ( 1.784401076758502300, -3.277891600571085500E-016, -6.737499999999998900 ) ) ;
#1846 = ORIENTED_EDGE ( 'NONE', *, *, #107, .T. ) ;
#1847 = FACE_OUTER_BOUND ( 'NONE', #2237, .T. ) ;
#1848 = CARTESIAN_POINT ( 'NONE',  ( 1.500000000000000000, -0.5973773716075508900, 6.735772173343888400 ) ) ;
#1849 = ORIENTED_EDGE ( 'NONE', *, *, #1884, .T. ) ;
#1850 = CARTESIAN_POINT ( 'NONE',  ( -2.495693764988920700E-016, -2.037888611415569000, 1.071875000000020800 ) ) ;
#1851 = CARTESIAN_POINT ( 'NONE',  ( 0.2370386979262569500, -1.595196451512795000, 6.744900832287270600 ) ) ;
#1852 = PRODUCT_DEFINITION ( 'UNKNOWN', '', #2415, #613 ) ;
#1853 = CARTESIAN_POINT ( 'NONE',  ( -1.764863307568877100, 1.018944305707784700, -4.017708333333352800 ) ) ;
#1854 = CARTESIAN_POINT ( 'NONE',  ( -1.784401076758502100, 1.092630533523695300E-016, -0.1749999999999998500 ) ) ;
#1855 = CARTESIAN_POINT ( 'NONE',  ( 0.8922005383792507300, -1.545336663013169700, 2.158333333333334100 ) ) ;
#1856 = EDGE_LOOP ( 'NONE', ( #3423, #2308, #1951, #1304, #2816 ) ) ;
#1857 = DIRECTION ( 'NONE',  ( -0.0000000000000000000, -3.858187711820656000E-057, -1.000000000000000000 ) ) ;
#1858 = CARTESIAN_POINT ( 'NONE',  ( 0.0000000000000000000, 1.545336663013169300, -3.762499999999998800 ) ) ;
#1859 = ADVANCED_BREP_SHAPE_REPRESENTATION ( '91290A144_Alloy Steel Socket Head Screw', ( #2966, #2050 ), #3356 ) ;
#1860 = CARTESIAN_POINT ( 'NONE',  ( -1.815913897496607600, -0.5739363259905784200, -6.644815816490873500 ) ) ;
#1861 = CARTESIAN_POINT ( 'NONE',  ( 0.0000000000000000000, 1.545336663013169300, -5.862499999999998900 ) ) ;
#1862 =( BOUNDED_CURVE ( )  B_SPLINE_CURVE ( 2, ( #1203, #648, #3084, #1695, #660, #95, #1998 ),
 .UNSPECIFIED., .F., .F. ) 
 B_SPLINE_CURVE_WITH_KNOTS ( ( 3, 2, 2, 3 ),
 ( 0.02353351389499545200, 0.02562349119268488400, 0.02771346849037434000, 0.02980344578806377200 ),
 .UNSPECIFIED. ) 
 CURVE ( )  GEOMETRIC_REPRESENTATION_ITEM ( )  RATIONAL_B_SPLINE_CURVE ( ( 0.9999999999999900100, 0.8660254037844487000, 1.000000000000000000, 0.8660254037844387100, 1.000000000000000000, 0.8660254037862879000, 0.9999999999981508100 ) ) 
 REPRESENTATION_ITEM ( '' )  );
#1863 = AXIS2_PLACEMENT_3D ( 'NONE', #2750, #1128, #2373 ) ;
#1864 = CARTESIAN_POINT ( 'NONE',  ( 1.764863307568876700, -1.018944305707785400, -5.067708333333352600 ) ) ;
#1865 = CARTESIAN_POINT ( 'NONE',  ( -0.8922005383792516200, -1.545336663013168600, -0.05833333333333298000 ) ) ;
#1866 = ORIENTED_EDGE ( 'NONE', *, *, #1763, .F. ) ;
#1867 = CARTESIAN_POINT ( 'NONE',  ( 0.0000000000000000000, 2.456126049241244900E-113, 7.000000000000000000 ) ) ;
#1868 = CARTESIAN_POINT ( 'NONE',  ( 2.309401076758504300, -4.242300954899628600E-016, -0.1749999999999797000 ) ) ;
#1869 = CARTESIAN_POINT ( 'NONE',  ( 0.0000000000000000000, 2.000000000000000000, -5.512500000000018800 ) ) ;
#1870 = CARTESIAN_POINT ( 'NONE',  ( -2.309401076758515400, 1.414100318299883400E-016, -0.4375000000000246500 ) ) ;
#1871 = VERTEX_POINT ( 'NONE', #1243 ) ;
#1872 = CARTESIAN_POINT ( 'NONE',  ( 1.338300807568877600, 0.7726683315065835400, -5.279166666666665900 ) ) ;
#1873 = AXIS2_PLACEMENT_3D ( 'NONE', #928, #1503, #2031 ) ;
#1874 = CARTESIAN_POINT ( 'NONE',  ( -0.9507929412090340100, 1.555022198702915800, -6.739191786943732300 ) ) ;
#1875 = CARTESIAN_POINT ( 'NONE',  ( -1.986803419173912600, -0.4534337505040030300, 3.722833535677160000 ) ) ;
#1876 = CARTESIAN_POINT ( 'NONE',  ( 0.0000000000000000000, 2.037888611415569000, -4.834375000000019200 ) ) ;
#1877 = CARTESIAN_POINT ( 'NONE',  ( -1.892491597964129700E-016, -1.545336663013169100, -1.400000000000000100 ) ) ;
#1878 = CARTESIAN_POINT ( 'NONE',  ( 2.836605642808121100E-011, 1.767227771687579900, -6.778108891325584500 ) ) ;
#1879 = CARTESIAN_POINT ( 'NONE',  ( 0.8922005383792521700, 1.545336663013168900, -1.020833333333332800 ) ) ;
#1880 = DIRECTION ( 'NONE',  ( -0.8660254037844383700, -0.5000000000000004400, 1.929093855910329400E-057 ) ) ;
#1881 = CARTESIAN_POINT ( 'NONE',  ( 0.0000000000000000000, 2.000000000000000900, -2.099999999999980500 ) ) ;
#1882 = CARTESIAN_POINT ( 'NONE',  ( 1.338300807568876500, -0.7726683315065853200, -3.995833333333332200 ) ) ;
#1883 = VECTOR ( 'NONE', #2456, 1000.000000000000000 ) ;
#1884 = EDGE_CURVE ( 'NONE', #18, #1772, #1654, .T. ) ;
#1885 = CARTESIAN_POINT ( 'NONE',  ( 0.0000000000000000000, 2.037888611415569000, 2.821875000000020300 ) ) ;
#1886 = ORIENTED_EDGE ( 'NONE', *, *, #1132, .T. ) ;
#1887 = CARTESIAN_POINT ( 'NONE',  ( 1.732050807568893600, 1.000000000000007500, -4.229166666666695400 ) ) ;
#1888 = CARTESIAN_POINT ( 'NONE',  ( -1.176575538379252000, -2.037888611415569000, -4.542708333333353100 ) ) ;
#1889 = CARTESIAN_POINT ( 'NONE',  ( 0.8922005383792519500, 1.545336663013168600, -1.108333333333333600 ) ) ;
#1890 = FACE_OUTER_BOUND ( 'NONE', #1856, .T. ) ;
#1891 = CARTESIAN_POINT ( 'NONE',  ( 1.784401076758502300, -3.277891600571085500E-016, -2.537499999999998800 ) ) ;
#1892 = CARTESIAN_POINT ( 'NONE',  ( -1.892491597964129900E-016, -1.545336663013169100, -7.000000000000000000 ) ) ;
#1893 = LINE ( 'NONE', #2372, #2526 ) ;
#1894 = CARTESIAN_POINT ( 'NONE',  ( 0.8922005383792508400, -1.545336663013169700, -2.654166666666665900 ) ) ;
#1895 = CARTESIAN_POINT ( 'NONE',  ( 0.0000000000000000000, 2.000000000000000900, -4.199999999999979700 ) ) ;
#1896 = VERTEX_POINT ( 'NONE', #507 ) ;
#1897 = EDGE_CURVE ( 'NONE', #1841, #969, #2392, .T. ) ;
#1898 = CARTESIAN_POINT ( 'NONE',  ( 1.649067924040213700, -0.1286264408701278900, -6.894804415986660800 ) ) ;
#1899 = CARTESIAN_POINT ( 'NONE',  ( 1.338300807568876500, -0.7726683315065853200, -6.795833333333332500 ) ) ;
#1900 = DIRECTION ( 'NONE',  ( -0.0000000000000000000, -0.0000000000000000000, 1.000000000000000000 ) ) ;
#1901 = CARTESIAN_POINT ( 'NONE',  ( -1.764863307568877300, -1.018944305707784000, -1.101041666666686000 ) ) ;
#1902 = CARTESIAN_POINT ( 'NONE',  ( -1.784401076758502100, 1.092630533523695300E-016, 0.5250000000000003600 ) ) ;
#1903 = DIRECTION ( 'NONE',  ( 0.0000000000000000000, 1.000000000000000000, 0.0000000000000000000 ) ) ;
#1904 = CARTESIAN_POINT ( 'NONE',  ( 0.8922005383792507300, -1.545336663013169700, -1.954166666666665900 ) ) ;
#1905 = CARTESIAN_POINT ( 'NONE',  ( 0.0000000000000000000, 2.000000000000000900, -5.599999999999980100 ) ) ;
#1906 =( BOUNDED_CURVE ( )  B_SPLINE_CURVE ( 2, ( #1490, #406, #2857, #2315, #2822, #2578, #3125 ),
 .UNSPECIFIED., .F., .F. ) 
 B_SPLINE_CURVE_WITH_KNOTS ( ( 3, 2, 2, 3 ),
 ( 0.4687500000000000600, 0.4791666666666667400, 0.4895833333333333100, 0.5000000000000000000 ),
 .UNSPECIFIED. ) 
 CURVE ( )  GEOMETRIC_REPRESENTATION_ITEM ( )  RATIONAL_B_SPLINE_CURVE ( ( 0.9999999999999993300, 0.8660254037844393700, 1.000000000000000000, 0.8660254037844387100, 1.000000000000000000, 0.8660254037844387100, 1.000000000000000000 ) ) 
 REPRESENTATION_ITEM ( '' )  );
#1907 = CARTESIAN_POINT ( 'NONE',  ( 1.784401076758502300, -3.277891600571085500E-016, -3.237499999999998900 ) ) ;
#1908 = CARTESIAN_POINT ( 'NONE',  ( -1.338300807568876900, 0.7726683315065848700, 1.254166666666668200 ) ) ;
#1909 = CARTESIAN_POINT ( 'NONE',  ( 1.732050807568877600, -1.000000000000001300, -6.533333333333313700 ) ) ;
#1910 = CARTESIAN_POINT ( 'NONE',  ( -1.732050807569404300, 1.000000000000304600, 2.304166666666297700 ) ) ;
#1911 = CARTESIAN_POINT ( 'NONE',  ( -1.764863307568877100, 1.018944305707784700, 2.238541666666687300 ) ) ;
#1912 = DIRECTION ( 'NONE',  ( -0.0000000000000000000, -3.858187711820656000E-057, -1.000000000000000000 ) ) ;
#1913 = AXIS2_PLACEMENT_3D ( 'NONE', #1492, #1219, #2120 ) ;
#1914 = CARTESIAN_POINT ( 'NONE',  ( -2.495693764988920700E-016, -2.037888611415569000, -0.9843750000000199800 ) ) ;
#1915 = CARTESIAN_POINT ( 'NONE',  ( 0.8922005383792521700, 1.545336663013168900, 2.391666666666666200 ) ) ;
#1916 = CARTESIAN_POINT ( 'NONE',  ( 0.0000000000000000000, 2.000000000000000900, -2.712500000000019000 ) ) ;
#1917 = DIRECTION ( 'NONE',  ( 0.5000000000000004400, -0.8660254037844384900, 0.0000000000000000000 ) ) ;
#1918 = CARTESIAN_POINT ( 'NONE',  ( 0.8922005383792507300, -1.545336663013169700, -2.654166666666665900 ) ) ;
#1919 = CARTESIAN_POINT ( 'NONE',  ( -1.732050807568877900, 1.000000000000000700, -5.395833333333351700 ) ) ;
#1920 = CARTESIAN_POINT ( 'NONE',  ( -0.8922005383792517300, -1.545336663013168900, -2.770833333333332600 ) ) ;
#1921 = CARTESIAN_POINT ( 'NONE',  ( 0.0000000000000000000, -5.401462796548918100E-056, -6.999999999999998200 ) ) ;
#1922 = DIRECTION ( 'NONE',  ( 0.0000000000000000000, 1.000000000000000000, 0.0000000000000000000 ) ) ;
#1923 = CARTESIAN_POINT ( 'NONE',  ( 1.658780372345924500, -0.02106297471532230000, -6.889981466942256100 ) ) ;
#1924 = CARTESIAN_POINT ( 'NONE',  ( -1.892491597964129900E-016, -1.545336663013169300, -4.112499999999998900 ) ) ;
#1925 = CARTESIAN_POINT ( 'NONE',  ( 1.764863307568876700, -1.018944305707785400, 0.5322916666666461800 ) ) ;
#1926 = FACE_OUTER_BOUND ( 'NONE', #2938, .T. ) ;
#1927 = CARTESIAN_POINT ( 'NONE',  ( -1.732050807568878500, -1.000000000000000200, 0.3208333333333149900 ) ) ;
#1928 = CARTESIAN_POINT ( 'NONE',  ( -0.8922005383792509500, 1.545336663013169100, -7.291666666666666100 ) ) ;
#1929 = CARTESIAN_POINT ( 'NONE',  ( 2.309401076758504300, -4.242300954899628600E-016, -0.8749999999999799000 ) ) ;
#1930 = CARTESIAN_POINT ( 'NONE',  ( 0.0000000000000000000, 1.545336663013169300, -1.662499999999999000 ) ) ;
#1931 = DIRECTION ( 'NONE',  ( -0.0000000000000000000, -3.858187711820656000E-057, -1.000000000000000000 ) ) ;
#1932 = DIRECTION ( 'NONE',  ( 0.0000000000000000000, 3.858187711820656000E-057, 1.000000000000000000 ) ) ;
#1933 = CARTESIAN_POINT ( 'NONE',  ( -0.8922005383792517300, -1.545336663013168900, -0.6708333333333321700 ) ) ;
#1934 = ORIENTED_EDGE ( 'NONE', *, *, #3333, .T. ) ;
#1935 = CARTESIAN_POINT ( 'NONE',  ( -1.154700538372901900, 2.000000000011017400, -6.154166666667332900 ) ) ;
#1936 = FACE_OUTER_BOUND ( 'NONE', #617, .T. ) ;
#1937 = EDGE_LOOP ( 'NONE', ( #3096, #378, #78, #183 ) ) ;
#1938 = CARTESIAN_POINT ( 'NONE',  ( -1.892491597964129900E-016, -1.545336663013169100, -7.000000000000000000 ) ) ;
#1939 = CARTESIAN_POINT ( 'NONE',  ( 0.0000000000000000000, 2.000000000000000900, 1.400000000000019200 ) ) ;
#1940 = EDGE_CURVE ( 'NONE', #1841, #390, #1337, .T. ) ;
#1941 = FACE_OUTER_BOUND ( 'NONE', #797, .T. ) ;
#1942 = CARTESIAN_POINT ( 'NONE',  ( 0.8922005383792521700, 1.545336663013168900, -5.220833333333332300 ) ) ;
#1943 = CARTESIAN_POINT ( 'NONE',  ( 0.0000000000000000000, -5.401462796548918100E-056, -7.000000000000000000 ) ) ;
#1944 = CARTESIAN_POINT ( 'NONE',  ( 1.764863307568878000, 1.018944305707782900, 0.6489583333333138700 ) ) ;
#1945 = CARTESIAN_POINT ( 'NONE',  ( -1.892491597964129900E-016, -1.545336663013169300, -4.112499999999998900 ) ) ;
#1946 = CARTESIAN_POINT ( 'NONE',  ( 1.764863307568876700, -1.018944305707785400, -5.811458333333313000 ) ) ;
#1947 = CARTESIAN_POINT ( 'NONE',  ( 0.8922005383792521700, 1.545336663013168900, 2.479166666666667000 ) ) ;
#1948 = VERTEX_POINT ( 'NONE', #3439 ) ;
#1949 = CARTESIAN_POINT ( 'NONE',  ( -0.8922005383792517300, -1.545336663013168900, -6.358333333333333400 ) ) ;
#1950 = CARTESIAN_POINT ( 'NONE',  ( 0.8922005383792508400, -1.545336663013169700, 0.1458333333333346200 ) ) ;
#1951 = ORIENTED_EDGE ( 'NONE', *, *, #2900, .F. ) ;
#1952 = CARTESIAN_POINT ( 'NONE',  ( -1.338300807568877100, -0.7726683315065843200, 2.070833333333333300 ) ) ;
#1953 = CARTESIAN_POINT ( 'NONE',  ( 1.906474977883886100E-011, 2.000000000000000900, -6.212500000000981800 ) ) ;
#1954 = EDGE_CURVE ( 'NONE', #438, #1250, #2689, .T. ) ;
#1955 = CARTESIAN_POINT ( 'NONE',  ( 0.2176112281470296600, 1.748934949724414900, -6.786236015351713400 ) ) ;
#1956 = CARTESIAN_POINT ( 'NONE',  ( 0.8922005383792507300, -1.545336663013169700, -1.954166666666665900 ) ) ;
#1957 = CARTESIAN_POINT ( 'NONE',  ( -1.082708096908916000, -1.102637102105924500, -6.999999999999995600 ) ) ;
#1958 = CARTESIAN_POINT ( 'NONE',  ( 1.176575538379252400, 2.037888611415568100, 0.007291666666646781600 ) ) ;
#1959 = CARTESIAN_POINT ( 'NONE',  ( -0.8922005383792510600, 1.545336663013169500, 1.895833333333333500 ) ) ;
#1960 = CARTESIAN_POINT ( 'NONE',  ( 0.8922005383792521700, 1.545336663013168900, -6.708333333333333900 ) ) ;
#1961 = CARTESIAN_POINT ( 'NONE',  ( -0.8922005383792510600, 1.545336663013169500, 1.895833333333333500 ) ) ;
#1962 = CARTESIAN_POINT ( 'NONE',  ( 0.0000000000000000000, 2.000000000000000900, -6.299999999999979400 ) ) ;
#1963 = EDGE_CURVE ( 'NONE', #969, #136, #2827, .T. ) ;
#1964 = ORIENTED_EDGE ( 'NONE', *, *, #234, .F. ) ;
#1965 = CARTESIAN_POINT ( 'NONE',  ( 0.0000000000000000000, 2.000000000000000900, -4.899999999999980800 ) ) ;
#1966 = CARTESIAN_POINT ( 'NONE',  ( 0.0000000000000000000, 1.545336663013169300, -4.462499999999999500 ) ) ;
#1967 = CARTESIAN_POINT ( 'NONE',  ( -1.499999999999999800, -0.8660254037844388200, 6.870096189432334900 ) ) ;
#1968 = CARTESIAN_POINT ( 'NONE',  ( 0.0000000000000000000, 2.000000000000000900, -4.899999999999980800 ) ) ;
#1969 = ADVANCED_FACE ( 'NONE', ( #1936 ), #1689, .T. ) ;
#1970 = CARTESIAN_POINT ( 'NONE',  ( 0.8922005383792507300, -1.545336663013169700, 2.245833333333334900 ) ) ;
#1971 = CARTESIAN_POINT ( 'NONE',  ( 0.0000000000000000000, -5.401462796548918100E-056, -7.000000000000000000 ) ) ;
#1972 = DIRECTION ( 'NONE',  ( 0.0000000000000000000, 1.000000000000000000, 0.0000000000000000000 ) ) ;
#1973 = CARTESIAN_POINT ( 'NONE',  ( -1.732050807568877600, 1.000000000000000400, -1.895833333333351500 ) ) ;
#1974 = VECTOR ( 'NONE', #3300, 1000.000000000000100 ) ;
#1975 = CARTESIAN_POINT ( 'NONE',  ( 1.338300807568877600, 0.7726683315065835400, -4.579166666666665700 ) ) ;
#1976 = CARTESIAN_POINT ( 'NONE',  ( -1.986809984550111300, -0.4534049821398784500, 3.066581888722948300 ) ) ;
#1977 = LINE ( 'NONE', #1080, #2940 ) ;
#1978 = CARTESIAN_POINT ( 'NONE',  ( -1.892491597964129900E-016, -1.545336663013169300, 2.187500000000000900 ) ) ;
#1979 = VERTEX_POINT ( 'NONE', #731 ) ;
#1980 = CARTESIAN_POINT ( 'NONE',  ( -1.892491597964129900E-016, -1.545336663013169300, -4.899999999999999500 ) ) ;
#1981 = CARTESIAN_POINT ( 'NONE',  ( 1.732050807568877900, -1.000000000000001600, -2.945833333333352800 ) ) ;
#1982 = ADVANCED_FACE ( 'NONE', ( #99 ), #3388, .F. ) ;
#1983 = VECTOR ( 'NONE', #1504, 1000.000000000000000 ) ;
#1984 = CARTESIAN_POINT ( 'NONE',  ( -1.892491597964129900E-016, -1.545336663013169300, 0.08750000000000077200 ) ) ;
#1985 = EDGE_LOOP ( 'NONE', ( #3050, #2412, #567, #2489 ) ) ;
#1986 = DIRECTION ( 'NONE',  ( -0.0000000000000000000, -3.858187711820656000E-057, -1.000000000000000000 ) ) ;
#1987 = CARTESIAN_POINT ( 'NONE',  ( 0.0000000000000000000, 1.545336663013169300, 3.237500000000001600 ) ) ;
#1988 = CARTESIAN_POINT ( 'NONE',  ( -0.8922005383792517300, -1.545336663013168900, -4.958333333333333900 ) ) ;
#1989 = CARTESIAN_POINT ( 'NONE',  ( -1.154700538379251500, 2.000000000000000400, -1.954166666666685700 ) ) ;
#1990 = EDGE_LOOP ( 'NONE', ( #1058, #2405, #2742 ) ) ;
#1991 = CARTESIAN_POINT ( 'NONE',  ( 0.8922005383792507300, -1.545336663013169700, -0.5541666666666654800 ) ) ;
#1992 = CARTESIAN_POINT ( 'NONE',  ( 2.353151076758502700, -4.322668401093671800E-016, 1.990624999999980300 ) ) ;
#1993 = ADVANCED_FACE ( 'NONE', ( #3032 ), #245, .F. ) ;
#1994 = CARTESIAN_POINT ( 'NONE',  ( -0.8922005383792510600, 1.545336663013169500, -7.291666666666666100 ) ) ;
#1995 = CARTESIAN_POINT ( 'NONE',  ( 0.0000000000000000000, 2.037888611415569000, -6.978124999999979000 ) ) ;
#1996 = CARTESIAN_POINT ( 'NONE',  ( 1.338300807568877600, 0.7726683315065835400, -2.566666666666666900 ) ) ;
#1997 = DIRECTION ( 'NONE',  ( -0.0000000000000000000, -3.858187711820656000E-057, -1.000000000000000000 ) ) ;
#1998 = CARTESIAN_POINT ( 'NONE',  ( 2.754039150875255900E-011, -2.000000000000000900, 1.137500000001371500 ) ) ;
#1999 = EDGE_CURVE ( 'NONE', #2853, #950, #232, .T. ) ;
#2000 = CARTESIAN_POINT ( 'NONE',  ( -1.732050807568878300, -1.000000000000000000, 2.333333333333352100 ) ) ;
#2001 = CARTESIAN_POINT ( 'NONE',  ( -1.338300807568876900, 0.7726683315065848700, -1.545833333333332300 ) ) ;
#2002 = AXIS2_PLACEMENT_3D ( 'NONE', #2434, #2420, #2127 ) ;
#2003 = CARTESIAN_POINT ( 'NONE',  ( 1.892491597964129900E-016, 1.545336663013169300, -6.999999999999998200 ) ) ;
#2004 = CARTESIAN_POINT ( 'NONE',  ( 0.8922005383792507300, -1.545336663013169700, -6.941666666666666400 ) ) ;
#2005 = VERTEX_POINT ( 'NONE', #468 ) ;
#2006 = CARTESIAN_POINT ( 'NONE',  ( 0.0000000000000000000, 2.000000000000000900, -2.799999999999980300 ) ) ;
#2007 = CARTESIAN_POINT ( 'NONE',  ( 1.338300807568877600, 0.7726683315065835400, -4.666666666666666100 ) ) ;
#2008 = DIRECTION ( 'NONE',  ( 0.0000000000000000000, 0.0000000000000000000, 1.000000000000000000 ) ) ;
#2009 = EDGE_CURVE ( 'NONE', #2918, #1979, #256, .T. ) ;
#2010 = CARTESIAN_POINT ( 'NONE',  ( 1.014703996554337000, 1.146211182010441700, 6.662699326111870800 ) ) ;
#2011 = DIRECTION ( 'NONE',  ( -0.8660254037844388200, 0.4999999999999998300, -1.929093855910327200E-057 ) ) ;
#2012 = CIRCLE ( 'NONE', #2527, 1.861954618136542700 ) ;
#2013 =( BOUNDED_CURVE ( )  B_SPLINE_CURVE ( 2, ( #628, #362, #903, #1183, #3049, #66, #2783 ),
 .UNSPECIFIED., .F., .T. ) 
 B_SPLINE_CURVE_WITH_KNOTS ( ( 3, 2, 2, 3 ),
 ( 0.03607494322392025600, 0.03816536682604730600, 0.04025579042817437800, 0.04234621403030142800 ),
 .UNSPECIFIED. ) 
 CURVE ( )  GEOMETRIC_REPRESENTATION_ITEM ( )  RATIONAL_B_SPLINE_CURVE ( ( 1.000000000000000000, 0.8660254037844387100, 1.000000000000000000, 0.8660254037844387100, 1.000000000000000000, 0.8660254037844387100, 1.000000000000000000 ) ) 
 REPRESENTATION_ITEM ( '' )  );
#2014 = CARTESIAN_POINT ( 'NONE',  ( -1.892491597964129900E-016, -1.545336663013169300, 0.7875000000000008700 ) ) ;
#2015 = ORIENTED_EDGE ( 'NONE', *, *, #2184, .F. ) ;
#2016 = LINE ( 'NONE', #851, #2989 ) ;
#2017 = ORIENTED_EDGE ( 'NONE', *, *, #608, .T. ) ;
#2018 = DIRECTION ( 'NONE',  ( -0.0000000000000000000, -3.858187711820656000E-057, -1.000000000000000000 ) ) ;
#2019 = CARTESIAN_POINT ( 'NONE',  ( -0.8922005383792510600, 1.545336663013169500, -5.191666666666666400 ) ) ;
#2020 = CARTESIAN_POINT ( 'NONE',  ( 2.353151076758502700, -4.322668401093671800E-016, -3.653124999999979700 ) ) ;
#2021 = CARTESIAN_POINT ( 'NONE',  ( -1.338300807568876900, 0.7726683315065848700, -4.433333333333332700 ) ) ;
#2022 = ORIENTED_EDGE ( 'NONE', *, *, #2291, .T. ) ;
#2023 = DIRECTION ( 'NONE',  ( 0.0000000000000000000, 1.000000000000000000, 0.0000000000000000000 ) ) ;
#2024 = CARTESIAN_POINT ( 'NONE',  ( 1.700315121772425700, -0.8232404402532554900, 2.730733075242277200 ) ) ;
#2025 = CARTESIAN_POINT ( 'NONE',  ( 0.0000000000000000000, 2.700731398274459000E-056, 7.000000000000000000 ) ) ;
#2026 = VERTEX_POINT ( 'NONE', #1365 ) ;
#2027 = CARTESIAN_POINT ( 'NONE',  ( 1.338300807568876500, -0.7726683315065853200, -6.183333333333333600 ) ) ;
#2028 = CARTESIAN_POINT ( 'NONE',  ( 1.764863307568876700, -1.018944305707785400, -3.711458333333312400 ) ) ;
#2029 = CARTESIAN_POINT ( 'NONE',  ( 0.0000000000000000000, 1.545336663013169300, 1.049999999999999800 ) ) ;
#2030 = CARTESIAN_POINT ( 'NONE',  ( 0.0000000000000000000, -5.401462796548918100E-056, -7.000000000000000000 ) ) ;
#2031 = DIRECTION ( 'NONE',  ( 0.0000000000000000000, 1.000000000000000000, 0.0000000000000000000 ) ) ;
#2032 = APPROVAL ( #193, 'UNSPECIFIED' ) ;
#2033 = CARTESIAN_POINT ( 'NONE',  ( -1.784401076758502300, 1.092630533523695500E-016, -5.687499999999999100 ) ) ;
#2034 = CARTESIAN_POINT ( 'NONE',  ( 0.0000000000000000000, 2.000000000000001800, -2.012500000000018800 ) ) ;
#2035 = CARTESIAN_POINT ( 'NONE',  ( -1.892491597964129900E-016, -1.545336663013169300, -7.000000000000000000 ) ) ;
#2036 = CARTESIAN_POINT ( 'NONE',  ( -1.764863307568877300, -1.018944305707784000, -4.644791666666646000 ) ) ;
#2037 = CARTESIAN_POINT ( 'NONE',  ( 0.0000000000000000000, 1.545336663013169300, -0.3499999999999996400 ) ) ;
#2038 = DIRECTION ( 'NONE',  ( -0.0000000000000000000, -3.858187711820656000E-057, -1.000000000000000000 ) ) ;
#2039 = AXIS2_PLACEMENT_3D ( 'NONE', #2025, #661, #3095 ) ;
#2040 = ORIENTED_EDGE ( 'NONE', *, *, #2482, .T. ) ;
#2041 = CARTESIAN_POINT ( 'NONE',  ( 0.8922005383792508400, -1.545336663013169700, 1.545833333333334100 ) ) ;
#2042 = LOCAL_TIME ( 8, 29, 28.00000000000000000, #2771 ) ;
#2043 = CARTESIAN_POINT ( 'NONE',  ( 1.338300807568877600, 0.7726683315065835400, -5.979166666666665200 ) ) ;
#2044 = SHAPE_DEFINITION_REPRESENTATION ( #837, #1859 ) ;
#2045 = CARTESIAN_POINT ( 'NONE',  ( 0.0000000000000000000, 2.000000000000000900, -7.000000000000000000 ) ) ;
#2046 = CARTESIAN_POINT ( 'NONE',  ( -0.8922005383792510600, 1.545336663013169500, -3.091666666666665900 ) ) ;
#2047 = CARTESIAN_POINT ( 'NONE',  ( -2.353151076758502700, 1.440889467031223800E-016, -3.303124999999979700 ) ) ;
#2048 = CLOSED_SHELL ( 'NONE', ( #1419, #343, #2135, #1453, #375, #621, #316, #1468, #1766, #1969, #2292, #85, #3326, #2763, #1493, #631, #876, #1165, #2794, #2236, #2524, #2221, #1736, #3043, #1228, #1746, #2309, #1437, #1719, #332, #2513, #3053, #101, #1982, #650, #2557, #888, #2580, #3310, #2776, #2824, #1993, #2805, #2252, #73, #510, #905, #2541, #1193, #363, #1055, #1705, #783, #602, #2272 ) ) ;
#2049 = CARTESIAN_POINT ( 'NONE',  ( 1.338300807568877600, 0.7726683315065835400, -1.166666666666666500 ) ) ;
#2050 = AXIS2_PLACEMENT_3D ( 'NONE', #3401, #3174, #1550 ) ;
#2051 = CARTESIAN_POINT ( 'NONE',  ( -1.892491597964129700E-016, -1.545336663013169100, 2.100000000000000100 ) ) ;
#2052 = CARTESIAN_POINT ( 'NONE',  ( 0.8837092106213836300, 1.221841056931270300, 6.638370359032661500 ) ) ;
#2053 = VERTEX_POINT ( 'NONE', #2426 ) ;
#2054 = CARTESIAN_POINT ( 'NONE',  ( -1.234237206620936800, -1.501801523130282100, -6.605311909248349900 ) ) ;
#2055 = CARTESIAN_POINT ( 'NONE',  ( -1.784401076758502300, 1.092630533523695500E-016, -0.8749999999999998900 ) ) ;
#2056 = EDGE_LOOP ( 'NONE', ( #1152, #1209, #1253, #452 ) ) ;
#2057 = CARTESIAN_POINT ( 'NONE',  ( -2.495693764988920700E-016, -2.037888611415569000, -5.228124999999979000 ) ) ;
#2058 = CARTESIAN_POINT ( 'NONE',  ( -1.784401076758502300, 1.092630533523695400E-016, 0.5250000000000002400 ) ) ;
#2059 = EDGE_CURVE ( 'NONE', #728, #2444, #3143, .T. ) ;
#2060 = CARTESIAN_POINT ( 'NONE',  ( 0.8922005383792519500, 1.545336663013168600, 3.091666666666667200 ) ) ;
#2061 = CARTESIAN_POINT ( 'NONE',  ( -1.784401076758502100, 1.092630533523695300E-016, -5.775000000000000400 ) ) ;
#2062 = APPLICATION_CONTEXT ( 'configuration controlled 3d designs of mechanical parts and assemblies' ) ;
#2063 = CARTESIAN_POINT ( 'NONE',  ( -1.784401076758502300, 1.092630533523695500E-016, -4.287499999999999600 ) ) ;
#2064 = CARTESIAN_POINT ( 'NONE',  ( -0.9368559071164316300, -1.719144506347434000, -6.591362797556451300 ) ) ;
#2065 = CARTESIAN_POINT ( 'NONE',  ( -0.8922005383792510600, 1.545336663013169500, -0.9916666666666668100 ) ) ;
#2066 = CARTESIAN_POINT ( 'NONE',  ( 1.764863307568876700, -1.018944305707785400, -0.9114583333333127200 ) ) ;
#2067 = EDGE_CURVE ( 'NONE', #1772, #1410, #1010, .T. ) ;
#2068 = CARTESIAN_POINT ( 'NONE',  ( 0.8922005383792508400, -1.545336663013169700, 0.7583333333333339700 ) ) ;
#2069 = CARTESIAN_POINT ( 'NONE',  ( 0.0000000000000000000, 2.037888611415569000, -6.934375000000019700 ) ) ;
#2070 = CARTESIAN_POINT ( 'NONE',  ( 1.338300807568876300, -0.7726683315065852000, -3.383333333333332900 ) ) ;
#2071 = CARTESIAN_POINT ( 'NONE',  ( -1.082708096908888500, 1.102637102105951800, 2.537499999999996500 ) ) ;
#2072 = CARTESIAN_POINT ( 'NONE',  ( 1.732050807569399900, -1.000000000000302900, 1.954166666666299100 ) ) ;
#2073 = CARTESIAN_POINT ( 'NONE',  ( -1.338300807568876900, 0.7726683315065848700, -3.733333333333333400 ) ) ;
#2074 = CARTESIAN_POINT ( 'NONE',  ( 1.764863307568878000, 1.018944305707782900, -1.494791666666646100 ) ) ;
#2075 = CARTESIAN_POINT ( 'NONE',  ( -1.764863307568877100, 1.018944305707784700, -6.817708333333352600 ) ) ;
#2076 = CARTESIAN_POINT ( 'NONE',  ( 1.338300807568877400, 0.7726683315065834300, -2.566666666666666900 ) ) ;
#2077 = APPROVAL_STATUS ( 'not_yet_approved' ) ;
#2078 = CARTESIAN_POINT ( 'NONE',  ( -0.8922005383792510600, 1.545336663013169500, 3.208333333333333000 ) ) ;
#2079 = AXIS2_PLACEMENT_3D ( 'NONE', #1113, #2736, #1143 ) ;
#2080 = CARTESIAN_POINT ( 'NONE',  ( -1.154700538379251900, 2.000000000000000900, -1.341666666666647200 ) ) ;
#2081 = VECTOR ( 'NONE', #2769, 1000.000000000000000 ) ;
#2082 = ORIENTED_EDGE ( 'NONE', *, *, #2608, .T. ) ;
#2083 = CARTESIAN_POINT ( 'NONE',  ( 1.499999999999999800, 0.1522638590145232200, 6.638045381863456400 ) ) ;
#2084 = CARTESIAN_POINT ( 'NONE',  ( 0.0000000000000000000, 1.545336663013169300, -2.449999999999999700 ) ) ;
#2085 = CIRCLE ( 'NONE', #1842, 1.545336663013169300 ) ;
#2086 = CARTESIAN_POINT ( 'NONE',  ( 2.353151076758502700, -4.322668401093671800E-016, 0.5468750000000204300 ) ) ;
#2087 = CARTESIAN_POINT ( 'NONE',  ( 0.1171973830342286100, -1.664386866925746200, 6.802432248789203100 ) ) ;
#2088 = CARTESIAN_POINT ( 'NONE',  ( -2.353151076758502700, 1.440889467031223800E-016, -7.459375000000021000 ) ) ;
#2089 = CARTESIAN_POINT ( 'NONE',  ( 0.8922005383792506200, -1.545336663013169500, -4.141666666666666600 ) ) ;
#2090 = VECTOR ( 'NONE', #504, 1000.000000000000000 ) ;
#2091 = CARTESIAN_POINT ( 'NONE',  ( -4.529425463281023900E-014, -1.989118880364047600, -6.556217782649119000 ) ) ;
#2092 = CARTESIAN_POINT ( 'NONE',  ( 0.2942003827707865800, -1.774925433856569200, -6.752090664365545600 ) ) ;
#2093 = CARTESIAN_POINT ( 'NONE',  ( 1.338300807568877600, 0.7726683315065835400, 2.333333333333333900 ) ) ;
#2094 = CARTESIAN_POINT ( 'NONE',  ( 0.0000000000000000000, -5.401462796548918100E-056, -7.000000000000000000 ) ) ;
#2095 = ORIENTED_EDGE ( 'NONE', *, *, #1204, .T. ) ;
#2096 = CARTESIAN_POINT ( 'NONE',  ( 0.8922005383792508400, -1.545336663013169700, -5.454166666666667500 ) ) ;
#2097 = EDGE_LOOP ( 'NONE', ( #1886, #1831, #396, #3488 ) ) ;
#2098 = DIRECTION ( 'NONE',  ( -0.0000000000000000000, -3.858187711820656000E-057, -1.000000000000000000 ) ) ;
#2099 = CARTESIAN_POINT ( 'NONE',  ( 0.8922005383792507300, -1.545336663013169700, 0.7583333333333339700 ) ) ;
#2100 = CARTESIAN_POINT ( 'NONE',  ( 0.0000000000000000000, 2.037888611415569000, 0.7218750000000211400 ) ) ;
#2101 = CARTESIAN_POINT ( 'NONE',  ( 1.500000000000000000, -0.8660254037844384900, 6.870096189432334900 ) ) ;
#2102 = EDGE_CURVE ( 'NONE', #1299, #2785, #216, .T. ) ;
#2103 = CARTESIAN_POINT ( 'NONE',  ( -1.764863307568877300, -1.018944305707784000, -3.901041666666686500 ) ) ;
#2104 = CARTESIAN_POINT ( 'NONE',  ( -0.8922005383792509500, 1.545336663013169100, -5.191666666666666400 ) ) ;
#2105 = DIRECTION ( 'NONE',  ( 0.0000000000000000000, 1.000000000000000000, 0.0000000000000000000 ) ) ;
#2106 = CARTESIAN_POINT ( 'NONE',  ( -1.338300807568876900, 0.7726683315065848700, 1.866666666666666700 ) ) ;
#2107 = ORIENTED_EDGE ( 'NONE', *, *, #1723, .F. ) ;
#2108 = AXIS2_PLACEMENT_3D ( 'NONE', #2950, #227, #1098 ) ;
#2109 = CARTESIAN_POINT ( 'NONE',  ( 0.8922005383792521700, 1.545336663013168900, -5.920833333333332500 ) ) ;
#2110 = VERTEX_POINT ( 'NONE', #1965 ) ;
#2111 = DIRECTION ( 'NONE',  ( -0.0000000000000000000, -3.858187711820656000E-057, -1.000000000000000000 ) ) ;
#2112 = CARTESIAN_POINT ( 'NONE',  ( -1.176575538379251100, 2.037888611415569000, 0.08020833333335399000 ) ) ;
#2113 = EDGE_CURVE ( 'NONE', #3312, #82, #368, .T. ) ;
#2114 = CARTESIAN_POINT ( 'NONE',  ( -1.892491597964129900E-016, -1.545336663013169300, 1.399999999999999200 ) ) ;
#2115 = CARTESIAN_POINT ( 'NONE',  ( 1.764863307568876700, -1.018944305707785400, -4.367708333333352400 ) ) ;
#2116 = CARTESIAN_POINT ( 'NONE',  ( -0.8922005383792516200, -1.545336663013168600, 0.6416666666666661600 ) ) ;
#2117 = CARTESIAN_POINT ( 'NONE',  ( 1.401258538443848300, 1.427050983125065300, 2.799999999999999400 ) ) ;
#2118 = CARTESIAN_POINT ( 'NONE',  ( 0.0000000000000000000, 1.545336663013169300, 3.150000000000000800 ) ) ;
#2119 = CARTESIAN_POINT ( 'NONE',  ( 1.338300807568877400, 0.7726683315065834300, 1.633333333333333100 ) ) ;
#2120 = DIRECTION ( 'NONE',  ( 0.0000000000000000000, 1.000000000000000000, 0.0000000000000000000 ) ) ;
#2121 = ORIENTED_EDGE ( 'NONE', *, *, #1544, .T. ) ;
#2122 = CARTESIAN_POINT ( 'NONE',  ( 2.449293598294707900E-016, -2.000000000000000900, -7.000000000000000000 ) ) ;
#2123 = EDGE_CURVE ( 'NONE', #625, #2853, #1292, .T. ) ;
#2124 = CARTESIAN_POINT ( 'NONE',  ( -1.338300807568876900, 0.7726683315065848700, -5.745833333333331800 ) ) ;
#2125 = CARTESIAN_POINT ( 'NONE',  ( 0.0000000000000000000, 2.037888611415569000, -3.434375000000019700 ) ) ;
#2126 = CARTESIAN_POINT ( 'NONE',  ( 1.338300807568876300, -0.7726683315065852000, 0.8166666666666661000 ) ) ;
#2127 = DIRECTION ( 'NONE',  ( 1.000000000000000000, 0.0000000000000000000, 0.0000000000000000000 ) ) ;
#2128 = CARTESIAN_POINT ( 'NONE',  ( 1.338300807568876500, -0.7726683315065853200, 2.216666666666666300 ) ) ;
#2129 = ORIENTED_EDGE ( 'NONE', *, *, #1659, .T. ) ;
#2130 = AXIS2_PLACEMENT_3D ( 'NONE', #882, #1931, #2379 ) ;
#2131 = CARTESIAN_POINT ( 'NONE',  ( -1.154700538379251900, 2.000000000000000900, 0.05833333333335308200 ) ) ;
#2132 = DIRECTION ( 'NONE',  ( -0.8660254037844383700, -0.5000000000000004400, 0.0000000000000000000 ) ) ;
#2133 = CARTESIAN_POINT ( 'NONE',  ( 0.0000000000000000000, -1.620438838964675800E-056, 2.799999999999999400 ) ) ;
#2134 = CARTESIAN_POINT ( 'NONE',  ( 0.8922005383792508400, -1.545336663013169700, -6.854166666666665200 ) ) ;
#2135 = ADVANCED_FACE ( 'NONE', ( #2600 ), #1836, .T. ) ;
#2136 = ORIENTED_EDGE ( 'NONE', *, *, #3010, .F. ) ;
#2137 = CYLINDRICAL_SURFACE ( 'NONE', #2927, 2.000000000000000900 ) ;
#2138 = VECTOR ( 'NONE', #2588, 1000.000000000000000 ) ;
#2139 = CARTESIAN_POINT ( 'NONE',  ( 1.176575538379250700, -2.037888611415569400, 2.530208333333354700 ) ) ;
#2140 = CARTESIAN_POINT ( 'NONE',  ( -1.176575538379251100, 2.037888611415569000, -5.476041666666686700 ) ) ;
#2141 = CARTESIAN_POINT ( 'NONE',  ( 1.338300807568876300, -0.7726683315065852000, -1.983333333333333400 ) ) ;
#2142 = CARTESIAN_POINT ( 'NONE',  ( -1.338300807568877100, -0.7726683315065843200, -3.529166666666665900 ) ) ;
#2143 = ORIENTED_EDGE ( 'NONE', *, *, #2676, .F. ) ;
#2144 = CARTESIAN_POINT ( 'NONE',  ( -9.807939047087047700E-013, -2.000000000000002200, -5.862500000000069100 ) ) ;
#2145 = CARTESIAN_POINT ( 'NONE',  ( 0.3244505120075005800, -1.973507503218083800, -6.545336663013166000 ) ) ;
#2146 = CARTESIAN_POINT ( 'NONE',  ( -1.338300807568876900, 0.7726683315065848700, -3.645833333333332600 ) ) ;
#2147 = CARTESIAN_POINT ( 'NONE',  ( 1.500000000000000000, -0.8660254037844384900, -1.582575694955841200 ) ) ;
#2148 = CARTESIAN_POINT ( 'NONE',  ( -1.338300807568876900, 0.7726683315065848700, -7.145833333333332100 ) ) ;
#2149 = CARTESIAN_POINT ( 'NONE',  ( -2.449293598294708900E-016, -2.000000000000002200, -4.462500000000018100 ) ) ;
#2150 = CARTESIAN_POINT ( 'NONE',  ( -2.495693764988920700E-016, -2.037888611415569000, -3.784375000000019400 ) ) ;
#2151 = CARTESIAN_POINT ( 'NONE',  ( 0.8922005383792519500, 1.545336663013168600, 0.9916666666666675800 ) ) ;
#2152 = CARTESIAN_POINT ( 'NONE',  ( 1.338300807568877600, 0.7726683315065835400, -3.179166666666666300 ) ) ;
#2153 = PLANE ( 'NONE',  #71 ) ;
#2154 =( BOUNDED_CURVE ( )  B_SPLINE_CURVE ( 2, ( #1387, #855, #2490, #2465, #1692, #2734, #1374 ),
 .UNSPECIFIED., .F., .F. ) 
 B_SPLINE_CURVE_WITH_KNOTS ( ( 3, 2, 2, 3 ),
 ( 0.3125000000000000600, 0.3229166666666667400, 0.3333333333333333100, 0.3437500000000000000 ),
 .UNSPECIFIED. ) 
 CURVE ( )  GEOMETRIC_REPRESENTATION_ITEM ( )  RATIONAL_B_SPLINE_CURVE ( ( 0.9999999999999993300, 0.8660254037844393700, 1.000000000000000000, 0.8660254037844387100, 1.000000000000000000, 0.8660254037844387100, 1.000000000000000000 ) ) 
 REPRESENTATION_ITEM ( '' )  );
#2155 = CARTESIAN_POINT ( 'NONE',  ( 0.0000000000000000000, 1.545336663013169300, -3.062499999999999100 ) ) ;
#2156 = CARTESIAN_POINT ( 'NONE',  ( 1.568946590288087000, 0.6202124846132884800, -6.861795261145050300 ) ) ;
#2157 = CARTESIAN_POINT ( 'NONE',  ( 1.764863307568876700, -1.018944305707785400, 2.588541666666686900 ) ) ;
#2158 = DIRECTION ( 'NONE',  ( 0.0000000000000000000, 1.000000000000000000, 0.0000000000000000000 ) ) ;
#2159 = CARTESIAN_POINT ( 'NONE',  ( 1.764863307568878000, 1.018944305707782900, -0.05104166666668619900 ) ) ;
#2160 = CARTESIAN_POINT ( 'NONE',  ( 1.338300807568876300, -0.7726683315065852000, -6.883333333333333700 ) ) ;
#2161 = PLANE ( 'NONE',  #2779 ) ;
#2162 = CARTESIAN_POINT ( 'NONE',  ( -1.338300807568877100, -0.7726683315065843200, -1.429166666666665400 ) ) ;
#2163 = APPROVAL_PERSON_ORGANIZATION ( #896, #2395, #2632 ) ;
#2164 = CARTESIAN_POINT ( 'NONE',  ( 0.0000000000000000000, -3.299999999999999800, 3.000000000000000000 ) ) ;
#2165 = CARTESIAN_POINT ( 'NONE',  ( -0.8922005383792511700, 1.545336663013169500, -1.604166666666666100 ) ) ;
#2166 = CARTESIAN_POINT ( 'NONE',  ( -1.784401076758502300, 1.092630533523695500E-016, 2.712500000000000400 ) ) ;
#2167 = FACE_OUTER_BOUND ( 'NONE', #1937, .T. ) ;
#2168 = EDGE_CURVE ( 'NONE', #916, #2328, #724, .T. ) ;
#2169 = CARTESIAN_POINT ( 'NONE',  ( -1.338300807568877100, -0.7726683315065843200, -6.329166666666664800 ) ) ;
#2170 = EDGE_LOOP ( 'NONE', ( #3129, #1487, #2082, #1267, #118, #1527, #518, #1380, #2318, #696, #1079, #2484, #1439, #1049, #2414, #1106, #2655, #320, #1447, #2306, #1483, #1397, #3089, #3142, #610, #1866, #1432, #68, #2143, #528, #946, #1454, #354 ) ) ;
#2171 = CARTESIAN_POINT ( 'NONE',  ( 2.309401076758504300, -4.242300954899628600E-016, -2.274999999999979900 ) ) ;
#2172 = CARTESIAN_POINT ( 'NONE',  ( -1.176575538379252000, -2.037888611415569000, -1.742708333333353100 ) ) ;
#2173 = CARTESIAN_POINT ( 'NONE',  ( 1.166236801929308200E-011, -1.752363885845910100, -6.792972777167253900 ) ) ;
#2174 = FACE_OUTER_BOUND ( 'NONE', #2183, .T. ) ;
#2175 = CARTESIAN_POINT ( 'NONE',  ( -1.764863307568877100, 1.018944305707784700, -6.861458333333311900 ) ) ;
#2176 = CARTESIAN_POINT ( 'NONE',  ( 0.8922005383792521700, 1.545336663013168900, -2.420833333333332500 ) ) ;
#2177 = AXIS2_PLACEMENT_3D ( 'NONE', #1059, #1917, #1609 ) ;
#2178 = ORIENTED_EDGE ( 'NONE', *, *, #3376, .T. ) ;
#2179 = CARTESIAN_POINT ( 'NONE',  ( 1.595756897212238900, 1.236067977499937500, 2.784603965354143900 ) ) ;
#2180 = CARTESIAN_POINT ( 'NONE',  ( -1.338300807568876900, 0.7726683315065848700, -0.8458333333333321000 ) ) ;
#2181 = DIRECTION ( 'NONE',  ( 0.0000000000000000000, 3.858187711820656000E-057, 1.000000000000000000 ) ) ;
#2182 = DIRECTION ( 'NONE',  ( -0.0000000000000000000, -3.858187711820656000E-057, -1.000000000000000000 ) ) ;
#2183 = EDGE_LOOP ( 'NONE', ( #70, #1768, #1086, #3474 ) ) ;
#2184 = EDGE_CURVE ( 'NONE', #821, #2575, #385, .T. ) ;
#2185 = CARTESIAN_POINT ( 'NONE',  ( 1.656963258919873500, 0.1963552219551522300, -6.880317904207597500 ) ) ;
#2186 = CARTESIAN_POINT ( 'NONE',  ( 1.338300807568876500, -0.7726683315065853200, -2.595833333333332800 ) ) ;
#2187 = ORIENTED_EDGE ( 'NONE', *, *, #3010, .T. ) ;
#2188 = CARTESIAN_POINT ( 'NONE',  ( 0.0000000000000000000, -5.401462796548918100E-056, -7.000000000000000000 ) ) ;
#2189 = CARTESIAN_POINT ( 'NONE',  ( 1.176575538379252400, 2.037888611415568100, 1.407291666666646800 ) ) ;
#2190 = CARTESIAN_POINT ( 'NONE',  ( -1.732050807568878300, -1.000000000000000000, -5.366666666666646700 ) ) ;
#2191 = CARTESIAN_POINT ( 'NONE',  ( -0.8922005383792517300, -1.545336663013168900, -4.170833333333331600 ) ) ;
#2192 = CARTESIAN_POINT ( 'NONE',  ( -2.353151076758502700, 1.440889467031223800E-016, -6.103124999999979000 ) ) ;
#2193 = CARTESIAN_POINT ( 'NONE',  ( 1.784401076758502300, -3.277891600571085500E-016, -3.237499999999998900 ) ) ;
#2194 = DIRECTION ( 'NONE',  ( -1.000000000000000000, 0.0000000000000000000, -0.0000000000000000000 ) ) ;
#2195 = CARTESIAN_POINT ( 'NONE',  ( -1.338300807568876900, 0.7726683315065848700, -2.945833333333332400 ) ) ;
#2196 = CARTESIAN_POINT ( 'NONE',  ( 1.154700538379251200, -2.000000000000001300, 1.108333333333353800 ) ) ;
#2197 = CARTESIAN_POINT ( 'NONE',  ( 2.309401076758524200, -4.242300954899667600E-016, -2.187500000000028900 ) ) ;
#2198 = ORIENTED_EDGE ( 'NONE', *, *, #1395, .F. ) ;
#2199 = CARTESIAN_POINT ( 'NONE',  ( 1.154700538379251200, -2.000000000000001300, -3.091666666666647200 ) ) ;
#2200 = CARTESIAN_POINT ( 'NONE',  ( -1.732050807568878100, 1.000000000000000700, 1.516666666666687300 ) ) ;
#2201 = CARTESIAN_POINT ( 'NONE',  ( -0.8922005383792517300, -1.545336663013168900, -2.770833333333332600 ) ) ;
#2202 = CARTESIAN_POINT ( 'NONE',  ( 1.154700538379252800, 2.000000000000000000, -2.158333333333313200 ) ) ;
#2203 = CARTESIAN_POINT ( 'NONE',  ( 2.353151076758502700, -4.322668401093671800E-016, -1.509375000000019500 ) ) ;
#2204 = CARTESIAN_POINT ( 'NONE',  ( -1.176575538379251100, 2.037888611415569000, -6.919791666666645500 ) ) ;
#2205 = CARTESIAN_POINT ( 'NONE',  ( -1.338300807568877100, -0.7726683315065843200, 0.6708333333333349500 ) ) ;
#2206 = CARTESIAN_POINT ( 'NONE',  ( 0.8922005383792508400, -1.545336663013169700, -6.241666666666666300 ) ) ;
#2207 = CARTESIAN_POINT ( 'NONE',  ( 1.338300807568876500, -0.7726683315065853200, 0.2041666666666676100 ) ) ;
#2208 = CARTESIAN_POINT ( 'NONE',  ( 0.0000000000000000000, 1.545336663013169300, 1.837500000000001500 ) ) ;
#2209 = EDGE_CURVE ( 'NONE', #2520, #3103, #3252, .T. ) ;
#2210 = CARTESIAN_POINT ( 'NONE',  ( 1.732050807568893000, -1.000000000000010400, -2.245833333333362900 ) ) ;
#2211 = CC_DESIGN_APPROVAL ( #2032, ( #1852 ) ) ;
#2212 = CARTESIAN_POINT ( 'NONE',  ( 1.333366581232965100, -0.9344644838872890900, -6.931454626242199900 ) ) ;
#2213 = CARTESIAN_POINT ( 'NONE',  ( -2.309401076758504300, 1.414100318299876300E-016, 1.575000000000019300 ) ) ;
#2214 = CARTESIAN_POINT ( 'NONE',  ( 0.8922005383792507300, -1.545336663013169700, -4.054166666666666300 ) ) ;
#2215 = CARTESIAN_POINT ( 'NONE',  ( 0.0000000000000000000, 2.000000000000000900, -7.000000000000000000 ) ) ;
#2216 = CARTESIAN_POINT ( 'NONE',  ( -2.495693764988920700E-016, -2.037888611415569000, 0.4156249999999802600 ) ) ;
#2217 = CARTESIAN_POINT ( 'NONE',  ( -1.892491597964129900E-016, -1.545336663013169300, 2.887500000000000200 ) ) ;
#2218 = CYLINDRICAL_SURFACE ( 'NONE', #221, 3.500000000000000000 ) ;
#2219 = ORIENTED_EDGE ( 'NONE', *, *, #163, .T. ) ;
#2220 = CARTESIAN_POINT ( 'NONE',  ( 0.8922005383792521700, 1.545336663013168900, 1.079166666666668400 ) ) ;
#2221 = ADVANCED_FACE ( 'NONE', ( #466 ), #639, .T. ) ;
#2222 = VECTOR ( 'NONE', #1900, 1000.000000000000000 ) ;
#2223 = ORIENTED_EDGE ( 'NONE', *, *, #714, .F. ) ;
#2224 =( BOUNDED_CURVE ( )  B_SPLINE_CURVE ( 2, ( #402, #1485, #1422, #2828, #1149, #3078, #1770 ),
 .UNSPECIFIED., .F., .F. ) 
 B_SPLINE_CURVE_WITH_KNOTS ( ( 3, 2, 2, 3 ),
 ( 0.6562500000000000000, 0.6666666666666666300, 0.6770833333333333700, 0.6875000000000000000 ),
 .UNSPECIFIED. ) 
 CURVE ( )  GEOMETRIC_REPRESENTATION_ITEM ( )  RATIONAL_B_SPLINE_CURVE ( ( 1.000000000000000000, 0.8660254037844387100, 1.000000000000000000, 0.8660254037844387100, 1.000000000000000000, 0.8660254037844387100, 1.000000000000000000 ) ) 
 REPRESENTATION_ITEM ( '' )  );
#2225 = CARTESIAN_POINT ( 'NONE',  ( 1.338300807568876500, -0.7726683315065853200, -4.695833333333332000 ) ) ;
#2226 = CARTESIAN_POINT ( 'NONE',  ( -2.449293598294707400E-016, -2.000000000000000900, -0.3499999999999803800 ) ) ;
#2227 = CARTESIAN_POINT ( 'NONE',  ( -1.546722130034309500, -2.381859626163797200, 3.176983592660947800 ) ) ;
#2228 = CARTESIAN_POINT ( 'NONE',  ( -1.338300807568877100, -0.7726683315065843200, 2.770833333333334400 ) ) ;
#2229 = LINE ( 'NONE', #2811, #2863 ) ;
#2230 = AXIS2_PLACEMENT_3D ( 'NONE', #3048, #1451, #1972 ) ;
#2231 = CARTESIAN_POINT ( 'NONE',  ( -2.449293598294707400E-016, -2.000000000000000900, 0.3500000000000197400 ) ) ;
#2232 = EDGE_LOOP ( 'NONE', ( #2986, #1577 ) ) ;
#2233 = CARTESIAN_POINT ( 'NONE',  ( 0.0000000000000000000, 2.000000000000000900, -7.000000000000000000 ) ) ;
#2234 = CARTESIAN_POINT ( 'NONE',  ( 1.338300807568877600, 0.7726683315065835400, -3.879166666666665500 ) ) ;
#2235 = CARTESIAN_POINT ( 'NONE',  ( 0.0000000000000000000, 3.500000000000000000, 6.799999999999999800 ) ) ;
#2236 = ADVANCED_FACE ( 'NONE', ( #3177 ), #863, .T. ) ;
#2237 = EDGE_LOOP ( 'NONE', ( #3370, #655, #680, #2614 ) ) ;
#2238 = CARTESIAN_POINT ( 'NONE',  ( -0.8922005383792517300, -1.545336663013168900, 0.02916666666666778800 ) ) ;
#2239 = CARTESIAN_POINT ( 'NONE',  ( -1.892491597964129900E-016, -1.545336663013169300, -4.200000000000000200 ) ) ;
#2240 = EDGE_LOOP ( 'NONE', ( #387, #3497, #2, #2198, #418 ) ) ;
#2241 = DIRECTION ( 'NONE',  ( -1.000000000000000000, 0.0000000000000000000, 0.0000000000000000000 ) ) ;
#2242 = EDGE_CURVE ( 'NONE', #2691, #1207, #1076, .T. ) ;
#2243 = CARTESIAN_POINT ( 'NONE',  ( -1.892491597964129900E-016, -1.545336663013169300, -1.312499999999999300 ) ) ;
#2244 = AXIS2_PLACEMENT_3D ( 'NONE', #2617, #1232, #1813 ) ;
#2245 = DIRECTION ( 'NONE',  ( 0.0000000000000000000, 1.000000000000000000, -3.858187711820656000E-057 ) ) ;
#2246 = CARTESIAN_POINT ( 'NONE',  ( -1.784401076758502300, 1.092630533523695500E-016, 1.312500000000000200 ) ) ;
#2247 = CARTESIAN_POINT ( 'NONE',  ( -0.8922005383792517300, -1.545336663013168900, -3.558333333333333100 ) ) ;
#2248 = CARTESIAN_POINT ( 'NONE',  ( -1.082708096908888500, 1.102637102105951800, 2.537499999999996500 ) ) ;
#2249 = EDGE_CURVE ( 'NONE', #1979, #2826, #2635, .T. ) ;
#2250 = CARTESIAN_POINT ( 'NONE',  ( 1.154700538379253500, 2.000000000000000900, -2.770833333333352600 ) ) ;
#2251 = DATE_AND_TIME ( #3024, #2042 ) ;
#2252 = ADVANCED_FACE ( 'NONE', ( #559 ), #551, .F. ) ;
#2253 = ORIENTED_EDGE ( 'NONE', *, *, #1594, .T. ) ;
#2254 = CARTESIAN_POINT ( 'NONE',  ( -1.338300807568877100, -0.7726683315065843200, -0.02916666666666605700 ) ) ;
#2255 = CARTESIAN_POINT ( 'NONE',  ( -1.176575538379251100, 2.037888611415569000, 2.223958333333313900 ) ) ;
#2256 = CYLINDRICAL_SURFACE ( 'NONE', #1798, 3.500000000000000000 ) ;
#2257 = CARTESIAN_POINT ( 'NONE',  ( 0.0000000000000000000, 1.545336663013169300, -4.549999999999999800 ) ) ;
#2258 = CARTESIAN_POINT ( 'NONE',  ( 1.764863307568876700, -1.018944305707785400, -6.511458333333312300 ) ) ;
#2259 = ORIENTED_EDGE ( 'NONE', *, *, #795, .F. ) ;
#2260 = CARTESIAN_POINT ( 'NONE',  ( 1.338300807568877600, 0.7726683315065835400, -6.066666666666666400 ) ) ;
#2261 = CARTESIAN_POINT ( 'NONE',  ( 0.0000000000000000000, -1.620438838964675800E-056, 2.799999999999999400 ) ) ;
#2262 = CARTESIAN_POINT ( 'NONE',  ( -2.309401076758503800, 1.414100318299876100E-016, -1.837500000000018600 ) ) ;
#2263 = ORIENTED_EDGE ( 'NONE', *, *, #3502, .F. ) ;
#2264 = CARTESIAN_POINT ( 'NONE',  ( -2.449293598294707400E-016, -2.000000000000000900, -0.3499999999999803800 ) ) ;
#2265 =( BOUNDED_CURVE ( )  B_SPLINE_CURVE ( 2, ( #1367, #577, #299, #2171, #2459, #2202, #1065 ),
 .UNSPECIFIED., .F., .F. ) 
 B_SPLINE_CURVE_WITH_KNOTS ( ( 3, 2, 2, 3 ),
 ( 0.4062500000000000000, 0.4166666666666666900, 0.4270833333333333100, 0.4375000000000000000 ),
 .UNSPECIFIED. ) 
 CURVE ( )  GEOMETRIC_REPRESENTATION_ITEM ( )  RATIONAL_B_SPLINE_CURVE ( ( 1.000000000000000000, 0.8660254037844387100, 1.000000000000000000, 0.8660254037844387100, 1.000000000000000000, 0.8660254037844387100, 1.000000000000000000 ) ) 
 REPRESENTATION_ITEM ( '' )  );
#2266 = CYLINDRICAL_SURFACE ( 'NONE', #210, 2.000000000000000900 ) ;
#2267 = CARTESIAN_POINT ( 'NONE',  ( 1.784401076758502300, -3.277891600571085500E-016, 2.362500000000000700 ) ) ;
#2268 = AXIS2_PLACEMENT_3D ( 'NONE', #3107, #1551, #1015 ) ;
#2269 = CARTESIAN_POINT ( 'NONE',  ( -1.784401076758502300, 1.092630533523695500E-016, -0.7874999999999990900 ) ) ;
#2270 = ORIENTED_EDGE ( 'NONE', *, *, #2725, .T. ) ;
#2271 = CARTESIAN_POINT ( 'NONE',  ( 1.176575538379252400, 2.037888611415568100, 2.807291666666647400 ) ) ;
#2272 = ADVANCED_FACE ( 'NONE', ( #2735 ), #593, .T. ) ;
#2273 = CARTESIAN_POINT ( 'NONE',  ( 1.338300807568876500, -0.7726683315065853200, -4.083333333333333000 ) ) ;
#2274 = EDGE_LOOP ( 'NONE', ( #3432, #3390, #1177, #2665 ) ) ;
#2275 = CARTESIAN_POINT ( 'NONE',  ( 2.449293598294707900E-016, -2.000000000000000900, -7.000000000000000000 ) ) ;
#2276 = CARTESIAN_POINT ( 'NONE',  ( -0.8922005383792511700, 1.545336663013169500, -5.891666666666666600 ) ) ;
#2277 = DIRECTION ( 'NONE',  ( 1.000000000000000000, -0.0000000000000000000, 0.0000000000000000000 ) ) ;
#2278 = CARTESIAN_POINT ( 'NONE',  ( 2.571758278209443400E-016, -2.000000000000001300, 2.799999999999999400 ) ) ;
#2279 = CARTESIAN_POINT ( 'NONE',  ( 0.8922005383792508400, -1.545336663013169700, 2.245833333333334900 ) ) ;
#2280 = B_SPLINE_CURVE_WITH_KNOTS ( 'NONE', 3,
 ( #3066, #2553, #1220, #1206 ),
 .UNSPECIFIED., .F., .F.,
 ( 4, 4 ),
 ( 0.001816563801401241600, 0.002713371407729958700 ),
 .UNSPECIFIED. ) ;
#2281 = EDGE_LOOP ( 'NONE', ( #1167, #109, #2301, #1706 ) ) ;
#2282 = CARTESIAN_POINT ( 'NONE',  ( 0.8922005383792507300, -1.545336663013169700, -5.454166666666666600 ) ) ;
#2283 = CARTESIAN_POINT ( 'NONE',  ( -2.449293598294708900E-016, -2.000000000000001800, -3.062500000000018700 ) ) ;
#2284 = CARTESIAN_POINT ( 'NONE',  ( 1.338300807568877600, 0.7726683315065835400, -5.366666666666666300 ) ) ;
#2285 = VERTEX_POINT ( 'NONE', #1402 ) ;
#2286 = CARTESIAN_POINT ( 'NONE',  ( 1.764863307568878000, 1.018944305707782900, -2.194791666666646300 ) ) ;
#2287 = CARTESIAN_POINT ( 'NONE',  ( -0.8922005383792511700, 1.545336663013169500, -4.491666666666666300 ) ) ;
#2288 = DIRECTION ( 'NONE',  ( -0.0000000000000000000, -3.858187711820656000E-057, -1.000000000000000000 ) ) ;
#2289 = CARTESIAN_POINT ( 'NONE',  ( 2.754039150875255900E-011, -2.000000000000000900, 1.137500000001371500 ) ) ;
#2290 = CARTESIAN_POINT ( 'NONE',  ( 1.500000000000000000, -2.095679045568001500E-020, 6.638045381863459000 ) ) ;
#2291 = EDGE_CURVE ( 'NONE', #1271, #2005, #2497, .T. ) ;
#2292 = ADVANCED_FACE ( 'NONE', ( #1756 ), #1639, .T. ) ;
#2293 = AXIS2_PLACEMENT_3D ( 'NONE', #1383, #727, #1922 ) ;
#2294 = CARTESIAN_POINT ( 'NONE',  ( -2.449293598294708900E-016, -2.000000000000002200, -4.462500000000018100 ) ) ;
#2295 = CARTESIAN_POINT ( 'NONE',  ( -2.449293598294707400E-016, -2.000000000000000900, -5.249999999999980500 ) ) ;
#2296 = CARTESIAN_POINT ( 'NONE',  ( 0.8922005383792521700, 1.545336663013168900, -4.608333333333333400 ) ) ;
#2297 = CARTESIAN_POINT ( 'NONE',  ( 1.176575538379252400, 2.037888611415568100, -4.936458333333313000 ) ) ;
#2298 = CARTESIAN_POINT ( 'NONE',  ( -1.338300807568876900, 0.7726683315065848700, -0.2333333333333327800 ) ) ;
#2299 = DATE_AND_TIME ( #2976, #3382 ) ;
#2300 = AXIS2_PLACEMENT_3D ( 'NONE', #1491, #124, #383 ) ;
#2301 = ORIENTED_EDGE ( 'NONE', *, *, #3042, .T. ) ;
#2302 = EDGE_CURVE ( 'NONE', #331, #572, #1614, .T. ) ;
#2303 = CARTESIAN_POINT ( 'NONE',  ( 0.0000000000000000000, -5.401462796548918100E-056, -7.000000000000000000 ) ) ;
#2304 = CONICAL_SURFACE ( 'NONE', #50, 1.545336663013169300, 0.7853981633974461700 ) ;
#2305 = CARTESIAN_POINT ( 'NONE',  ( -0.8922005383792517300, -1.545336663013168900, 2.129166666666667300 ) ) ;
#2306 = ORIENTED_EDGE ( 'NONE', *, *, #2969, .F. ) ;
#2307 = DIRECTION ( 'NONE',  ( 0.0000000000000000000, -0.8660254037844361500, 0.5000000000000043300 ) ) ;
#2308 = ORIENTED_EDGE ( 'NONE', *, *, #5, .F. ) ;
#2309 = ADVANCED_FACE ( 'NONE', ( #2519 ), #2304, .T. ) ;
#2310 = CARTESIAN_POINT ( 'NONE',  ( 0.0000000000000000000, 1.545336663013169300, -5.249999999999999100 ) ) ;
#2311 = FACE_OUTER_BOUND ( 'NONE', #3040, .T. ) ;
#2312 = CARTESIAN_POINT ( 'NONE',  ( -1.176575538379252000, -2.037888611415569000, -3.186458333333312500 ) ) ;
#2313 = CARTESIAN_POINT ( 'NONE',  ( 1.784401076758502300, -3.277891600571085500E-016, 0.1749999999999998500 ) ) ;
#2314 = EDGE_CURVE ( 'NONE', #3192, #3194, #1811, .T. ) ;
#2315 = CARTESIAN_POINT ( 'NONE',  ( 2.309401076758504300, -4.242300954899628600E-016, -1.574999999999980000 ) ) ;
#2316 = CARTESIAN_POINT ( 'NONE',  ( 1.601859810994474800, -0.9854278462068581900, 2.725824974286871400 ) ) ;
#2317 = CARTESIAN_POINT ( 'NONE',  ( -2.309401076758504300, 1.414100318299876300E-016, 2.275000000000019900 ) ) ;
#2318 = ORIENTED_EDGE ( 'NONE', *, *, #2910, .F. ) ;
#2319 = CARTESIAN_POINT ( 'NONE',  ( 0.0000000000000000000, 1.545336663013169300, -7.262499999999999300 ) ) ;
#2320 = CARTESIAN_POINT ( 'NONE',  ( -2.449293598294707400E-016, -2.000000000000000900, -3.849999999999980100 ) ) ;
#2321 = CARTESIAN_POINT ( 'NONE',  ( 0.8922005383792521700, 1.545336663013168900, -3.208333333333333000 ) ) ;
#2322 = CARTESIAN_POINT ( 'NONE',  ( 0.0000000000000000000, 2.037888611415569000, -4.878124999999979400 ) ) ;
#2323 = CARTESIAN_POINT ( 'NONE',  ( 0.8922005383792508400, -1.545336663013169700, -2.041666666666666500 ) ) ;
#2324 = CARTESIAN_POINT ( 'NONE',  ( -0.8922005383792516200, -1.545336663013168600, 2.041666666666666500 ) ) ;
#2325 = CARTESIAN_POINT ( 'NONE',  ( 1.784401076758502100, -3.277891600571085500E-016, -4.024999999999999500 ) ) ;
#2326 = DIRECTION ( 'NONE',  ( 0.0000000000000000000, 1.000000000000000000, 0.0000000000000000000 ) ) ;
#2327 = CARTESIAN_POINT ( 'NONE',  ( 1.528759687030519100, 1.288986466662636100, 2.794699049602448000 ) ) ;
#2328 = VERTEX_POINT ( 'NONE', #360 ) ;
#2329 = CARTESIAN_POINT ( 'NONE',  ( -2.449293598294707400E-016, -2.000000000000000900, 2.450000000000019700 ) ) ;
#2330 = CARTESIAN_POINT ( 'NONE',  ( 1.338300807568876500, -0.7726683315065853200, -6.095833333333332300 ) ) ;
#2331 = CARTESIAN_POINT ( 'NONE',  ( -1.486790202514892700, -1.230965696145258000, -6.618996508789096300 ) ) ;
#2332 = CARTESIAN_POINT ( 'NONE',  ( 0.8922005383792507300, -1.545336663013169700, -3.441666666666666900 ) ) ;
#2333 = CARTESIAN_POINT ( 'NONE',  ( 1.176575538379250700, -2.037888611415569400, -3.069791666666645800 ) ) ;
#2334 = CARTESIAN_POINT ( 'NONE',  ( -0.8922005383792511700, 1.545336663013169500, -1.691666666666667100 ) ) ;
#2335 = CARTESIAN_POINT ( 'NONE',  ( 1.338300807568877400, 0.7726683315065834300, 2.333333333333333900 ) ) ;
#2336 = CARTESIAN_POINT ( 'NONE',  ( -0.8922005383792516200, -1.545336663013168600, -4.258333333333332900 ) ) ;
#2337 = CARTESIAN_POINT ( 'NONE',  ( -1.732050807568905400, -1.000000000000015800, 1.020833333333296200 ) ) ;
#2338 = CARTESIAN_POINT ( 'NONE',  ( 1.399895010757865200, -1.406847533248346800, -6.582668207653716400 ) ) ;
#2339 = CARTESIAN_POINT ( 'NONE',  ( -2.449293598294707400E-016, -2.000000000000000900, -1.049999999999980500 ) ) ;
#2340 = CARTESIAN_POINT ( 'NONE',  ( 0.0000000000000000000, 1.545336663013169300, -5.162499999999998800 ) ) ;
#2341 = CARTESIAN_POINT ( 'NONE',  ( -1.784401076758502300, 1.092630533523695500E-016, -2.274999999999999900 ) ) ;
#2342 = CARTESIAN_POINT ( 'NONE',  ( 1.176575538379252400, 2.037888611415568100, 0.6635416666666872400 ) ) ;
#2343 = CARTESIAN_POINT ( 'NONE',  ( 0.0000000000000000000, 1.545336663013169300, -1.749999999999999800 ) ) ;
#2344 = CARTESIAN_POINT ( 'NONE',  ( -2.353151076758502700, 1.440889467031223800E-016, -6.059375000000018800 ) ) ;
#2345 = CARTESIAN_POINT ( 'NONE',  ( -1.784401076758502100, 1.092630533523695300E-016, -3.674999999999999800 ) ) ;
#2346 = VERTEX_POINT ( 'NONE', #84 ) ;
#2347 = CARTESIAN_POINT ( 'NONE',  ( 0.0000000000000000000, 2.000000000000001800, -4.112500000000018500 ) ) ;
#2348 = EDGE_LOOP ( 'NONE', ( #3104, #3147, #229, #1428, #3108, #33, #273 ) ) ;
#2349 = CARTESIAN_POINT ( 'NONE',  ( -4.529425463281023900E-014, -1.989118880364047600, -6.556217782649119000 ) ) ;
#2350 = CARTESIAN_POINT ( 'NONE',  ( 1.338300807568877600, 0.7726683315065835400, -3.266666666666667100 ) ) ;
#2351 = ORIENTED_EDGE ( 'NONE', *, *, #175, .T. ) ;
#2352 = CARTESIAN_POINT ( 'NONE',  ( 1.764863307568878000, 1.018944305707782900, -0.09479166666664581900 ) ) ;
#2353 = CARTESIAN_POINT ( 'NONE',  ( -1.338300807568877100, -0.7726683315065843200, 1.983333333333332500 ) ) ;
#2354 = EDGE_CURVE ( 'NONE', #1896, #1810, #3266, .T. ) ;
#2355 = CARTESIAN_POINT ( 'NONE',  ( -1.338300807568876700, 0.7726683315065847600, 2.566666666666667800 ) ) ;
#2356 = CARTESIAN_POINT ( 'NONE',  ( -0.8922005383792509500, 1.545336663013169100, -2.391666666666666200 ) ) ;
#2357 = CARTESIAN_POINT ( 'NONE',  ( -9.807939047087047700E-013, -2.000000000000002200, -5.862500000000069100 ) ) ;
#2358 = CARTESIAN_POINT ( 'NONE',  ( 1.338300807568876500, -0.7726683315065853200, 2.916666666666667400 ) ) ;
#2359 = VERTEX_POINT ( 'NONE', #2810 ) ;
#2360 = CARTESIAN_POINT ( 'NONE',  ( -1.154700538379252600, -2.000000000000000900, 2.391666666666686100 ) ) ;
#2361 = AXIS2_PLACEMENT_3D ( 'NONE', #802, #1629, #2707 ) ;
#2362 = CARTESIAN_POINT ( 'NONE',  ( -0.8837092106213835200, -1.221841056931269900, 6.638370359032661500 ) ) ;
#2363 = CARTESIAN_POINT ( 'NONE',  ( 1.338300807568876500, -0.7726683315065853200, -1.283333333333333400 ) ) ;
#2364 = CARTESIAN_POINT ( 'NONE',  ( 1.176575538379250700, -2.037888611415569400, -1.669791666666645700 ) ) ;
#2365 = EDGE_CURVE ( 'NONE', #3000, #2907, #2934, .T. ) ;
#2366 = CARTESIAN_POINT ( 'NONE',  ( -0.2143618330590967000, -1.711908594830781700, -6.823382087745143200 ) ) ;
#2367 = CARTESIAN_POINT ( 'NONE',  ( 1.764863307568878000, 1.018944305707782900, -7.051041666666686000 ) ) ;
#2368 = CARTESIAN_POINT ( 'NONE',  ( -0.8922005383792516200, -1.545336663013168600, -4.958333333333333900 ) ) ;
#2369 = CARTESIAN_POINT ( 'NONE',  ( 9.424965617998658100E-014, -1.772668331506584500, 2.668749999999995700 ) ) ;
#2370 = DIRECTION ( 'NONE',  ( -0.0000000000000000000, -3.858187711820656000E-057, -1.000000000000000000 ) ) ;
#2371 = CARTESIAN_POINT ( 'NONE',  ( -1.641550781197758500, 0.2474239697874393600, 3.306320491191705500 ) ) ;
#2372 = CARTESIAN_POINT ( 'NONE',  ( 2.449293598294707900E-016, -2.000000000000000900, -7.000000000000000000 ) ) ;
#2373 = DIRECTION ( 'NONE',  ( 0.0000000000000000000, 1.000000000000000000, 0.0000000000000000000 ) ) ;
#2374 = B_SPLINE_CURVE_WITH_KNOTS ( 'NONE', 3,
 ( #134, #645, #3366, #3375, #975, #2550 ),
 .UNSPECIFIED., .F., .F.,
 ( 4, 2, 4 ),
 ( 0.0009188203661060445600, 0.001367692083753643100, 0.001816563801401241600 ),
 .UNSPECIFIED. ) ;
#2375 = CARTESIAN_POINT ( 'NONE',  ( -0.6318599298582203700, -1.545336663013168900, -6.953811896062461500 ) ) ;
#2376 = CARTESIAN_POINT ( 'NONE',  ( 2.309401076758515400, -4.242300954899649400E-016, -0.7875000000000240700 ) ) ;
#2377 = CARTESIAN_POINT ( 'NONE',  ( 0.8922005383792507300, -1.545336663013169700, 0.05833333333333386200 ) ) ;
#2378 = CARTESIAN_POINT ( 'NONE',  ( -1.764863307568877300, -1.018944305707784000, 0.9552083333333547500 ) ) ;
#2379 = DIRECTION ( 'NONE',  ( 0.0000000000000000000, 1.000000000000000000, 0.0000000000000000000 ) ) ;
#2380 = CARTESIAN_POINT ( 'NONE',  ( 1.764863307568878000, 1.018944305707782900, -4.251041666666686100 ) ) ;
#2381 = CARTESIAN_POINT ( 'NONE',  ( -1.338300807568876900, -0.7726683315065842100, 0.5833333333333341500 ) ) ;
#2382 = CARTESIAN_POINT ( 'NONE',  ( 2.754039150875255900E-011, -2.000000000000000900, 1.137500000001371500 ) ) ;
#2383 = PERSON_AND_ORGANIZATION_ROLE ( 'design_supplier' ) ;
#2384 = CARTESIAN_POINT ( 'NONE',  ( -1.892491597964129900E-016, -1.545336663013169300, 2.100000000000000100 ) ) ;
#2385 = LOCAL_TIME ( 8, 29, 28.00000000000000000, #860 ) ;
#2386 = CARTESIAN_POINT ( 'NONE',  ( 0.0000000000000000000, 1.545336663013169100, 1.750000000000000700 ) ) ;
#2387 = CARTESIAN_POINT ( 'NONE',  ( -0.8922005383792517300, -1.545336663013168900, -4.870833333333333600 ) ) ;
#2388 = ORIENTED_EDGE ( 'NONE', *, *, #3376, .F. ) ;
#2389 = EDGE_CURVE ( 'NONE', #761, #2285, #2012, .T. ) ;
#2390 = DIRECTION ( 'NONE',  ( -0.0000000000000000000, -0.0000000000000000000, 1.000000000000000000 ) ) ;
#2391 = ORIENTED_EDGE ( 'NONE', *, *, #2496, .T. ) ;
#2392 = LINE ( 'NONE', #2147, #1843 ) ;
#2393 = CARTESIAN_POINT ( 'NONE',  ( 1.764863307568878000, 1.018944305707782900, 1.305208333333354400 ) ) ;
#2394 = CARTESIAN_POINT ( 'NONE',  ( 0.8922005383792508400, -1.545336663013169700, 1.458333333333333300 ) ) ;
#2395 = APPROVAL ( #1316, 'UNSPECIFIED' ) ;
#2396 = ORIENTED_EDGE ( 'NONE', *, *, #3149, .F. ) ;
#2397 = CARTESIAN_POINT ( 'NONE',  ( 1.176575538379250700, -2.037888611415569400, -2.326041666666686300 ) ) ;
#2398 = CARTESIAN_POINT ( 'NONE',  ( 1.784401076758502100, -3.277891600571085500E-016, 0.8749999999999998900 ) ) ;
#2399 = FACE_OUTER_BOUND ( 'NONE', #1172, .T. ) ;
#2400 = CARTESIAN_POINT ( 'NONE',  ( -1.338300807568876900, 0.7726683315065848700, 2.566666666666667800 ) ) ;
#2401 = EDGE_LOOP ( 'NONE', ( #1539, #2646, #689, #1293 ) ) ;
#2402 = DIRECTION ( 'NONE',  ( 0.7071067811865487900, 0.0000000000000000000, 0.7071067811865463500 ) ) ;
#2403 = ORIENTED_EDGE ( 'NONE', *, *, #714, .T. ) ;
#2404 = CARTESIAN_POINT ( 'NONE',  ( -1.784401076758502300, 1.092630533523695400E-016, -6.387499999999999300 ) ) ;
#2405 = ORIENTED_EDGE ( 'NONE', *, *, #2123, .T. ) ;
#2406 = CARTESIAN_POINT ( 'NONE',  ( 1.500000000000000000, -0.3042102711411889300, 6.638045381863457300 ) ) ;
#2407 = CARTESIAN_POINT ( 'NONE',  ( -1.176575538379252000, -2.037888611415569000, 2.413541666666687100 ) ) ;
#2408 = CARTESIAN_POINT ( 'NONE',  ( 1.176575538379250700, -2.037888611415569400, -3.026041666666686100 ) ) ;
#2409 = CARTESIAN_POINT ( 'NONE',  ( 1.784401076758502100, -3.277891600571085500E-016, 1.575000000000000800 ) ) ;
#2410 = CARTESIAN_POINT ( 'NONE',  ( 1.784401076758502300, -3.277891600571085500E-016, 2.974999999999999600 ) ) ;
#2411 = CARTESIAN_POINT ( 'NONE',  ( 1.154700538379257900, 2.000000000000008900, -5.570833333333356800 ) ) ;
#2412 = ORIENTED_EDGE ( 'NONE', *, *, #55, .T. ) ;
#2413 = CARTESIAN_POINT ( 'NONE',  ( -1.338300807568876900, 0.7726683315065848700, -5.745833333333331800 ) ) ;
#2414 = ORIENTED_EDGE ( 'NONE', *, *, #361, .F. ) ;
#2415 = PRODUCT_DEFINITION_FORMATION_WITH_SPECIFIED_SOURCE ( 'ANY', '', #754, .NOT_KNOWN. ) ;
#2416 = DIRECTION ( 'NONE',  ( -0.0000000000000000000, -3.858187711820656000E-057, -1.000000000000000000 ) ) ;
#2417 = CARTESIAN_POINT ( 'NONE',  ( -1.176575538379251100, 2.037888611415569000, 2.880208333333353900 ) ) ;
#2418 = CARTESIAN_POINT ( 'NONE',  ( -1.176575538379252000, -2.037888611415569000, -5.242708333333351500 ) ) ;
#2419 = CARTESIAN_POINT ( 'NONE',  ( -1.784401076758502100, 1.092630533523695300E-016, -0.8749999999999998900 ) ) ;
#2420 = DIRECTION ( 'NONE',  ( -0.0000000000000000000, -0.0000000000000000000, 1.000000000000000000 ) ) ;
#2421 = CARTESIAN_POINT ( 'NONE',  ( -1.784401076758502300, 1.092630533523695500E-016, -0.7874999999999990900 ) ) ;
#2422 = DIRECTION ( 'NONE',  ( 0.0000000000000000000, -1.000000000000000000, 0.0000000000000000000 ) ) ;
#2423 = ORIENTED_EDGE ( 'NONE', *, *, #847, .T. ) ;
#2424 = CARTESIAN_POINT ( 'NONE',  ( -1.784401076758502300, 1.092630533523695400E-016, -3.587499999999999000 ) ) ;
#2425 = PERSON_AND_ORGANIZATION ( #1239, #901 ) ;
#2426 = CARTESIAN_POINT ( 'NONE',  ( -1.499999999999999800, -0.8660254037844388200, 6.870096189432334900 ) ) ;
#2427 = EDGE_CURVE ( 'NONE', #2785, #1948, #432, .T. ) ;
#2428 = CARTESIAN_POINT ( 'NONE',  ( 1.764863307568876700, -1.018944305707785400, 3.288541666666688000 ) ) ;
#2429 = ORIENTED_EDGE ( 'NONE', *, *, #904, .F. ) ;
#2430 = CARTESIAN_POINT ( 'NONE',  ( 0.0000000000000000000, -5.401462796548918100E-056, -7.000000000000000000 ) ) ;
#2431 = CARTESIAN_POINT ( 'NONE',  ( -2.353151076758502700, 1.440889467031223800E-016, -4.659375000000019400 ) ) ;
#2432 = CIRCLE ( 'NONE', #400, 2.000000000000001300 ) ;
#2433 = CARTESIAN_POINT ( 'NONE',  ( -1.338300807568876900, -0.7726683315065842100, 1.283333333333333400 ) ) ;
#2434 = CARTESIAN_POINT ( 'NONE',  ( 0.0000000000000000000, 2.700731398274459000E-056, 7.000000000000000000 ) ) ;
#2435 = CARTESIAN_POINT ( 'NONE',  ( 1.338300807568876500, -0.7726683315065853200, -0.4958333333333325200 ) ) ;
#2436 = CYLINDRICAL_SURFACE ( 'NONE', #698, 2.000000000000000900 ) ;
#2437 = DIRECTION ( 'NONE',  ( 0.0000000000000000000, 1.000000000000000000, 0.0000000000000000000 ) ) ;
#2438 = CARTESIAN_POINT ( 'NONE',  ( 1.338300807568876500, -0.7726683315065853200, -2.595833333333332800 ) ) ;
#2439 = ORIENTED_EDGE ( 'NONE', *, *, #532, .F. ) ;
#2440 = CARTESIAN_POINT ( 'NONE',  ( 1.784401076758502300, -3.277891600571085500E-016, 3.062500000000000000 ) ) ;
#2441 = CARTESIAN_POINT ( 'NONE',  ( 1.154700538379247700, 2.000000000000009800, -6.358333333333314700 ) ) ;
#2442 = CYLINDRICAL_SURFACE ( 'NONE', #2130, 2.000000000000000900 ) ;
#2443 = EDGE_CURVE ( 'NONE', #82, #1071, #344, .T. ) ;
#2444 = VERTEX_POINT ( 'NONE', #1155 ) ;
#2445 = FACE_OUTER_BOUND ( 'NONE', #2784, .T. ) ;
#2446 = CARTESIAN_POINT ( 'NONE',  ( 1.784401076758502300, -3.277891600571085500E-016, -6.737499999999998900 ) ) ;
#2447 = CARTESIAN_POINT ( 'NONE',  ( 2.449293598294707900E-016, -2.000000000000000900, -7.000000000000000000 ) ) ;
#2448 = CARTESIAN_POINT ( 'NONE',  ( -1.764863307568877300, -1.018944305707784000, 0.2989583333333142900 ) ) ;
#2449 = CARTESIAN_POINT ( 'NONE',  ( -1.154700538379487100, -1.999999999999594500, 1.779166666666623700 ) ) ;
#2450 = CARTESIAN_POINT ( 'NONE',  ( -0.8922005383792510600, 1.545336663013169500, -1.604166666666666100 ) ) ;
#2451 = VERTEX_POINT ( 'NONE', #3299 ) ;
#2452 = CARTESIAN_POINT ( 'NONE',  ( 2.694222958124179000E-016, -2.200000000000001500, 2.800000000000000300 ) ) ;
#2453 = CARTESIAN_POINT ( 'NONE',  ( -1.732050807568878100, 1.000000000000000700, -1.983333333333313600 ) ) ;
#2454 = CARTESIAN_POINT ( 'NONE',  ( 0.8922005383792521700, 1.545336663013168900, -1.020833333333332800 ) ) ;
#2455 = CARTESIAN_POINT ( 'NONE',  ( -1.784401076758502300, 1.092630533523695500E-016, 2.012500000000001500 ) ) ;
#2456 = DIRECTION ( 'NONE',  ( -0.0000000000000000000, -3.858187711820656000E-057, -1.000000000000000000 ) ) ;
#2457 = CARTESIAN_POINT ( 'NONE',  ( 0.0000000000000000000, -5.401462796548918100E-056, -7.000000000000000000 ) ) ;
#2458 = CARTESIAN_POINT ( 'NONE',  ( -2.495693764988920700E-016, -2.037888611415569000, 2.471875000000021100 ) ) ;
#2459 = CARTESIAN_POINT ( 'NONE',  ( 1.732050807568879000, 0.9999999999999988900, -2.216666666666647200 ) ) ;
#2460 = CARTESIAN_POINT ( 'NONE',  ( -1.176575538379251100, 2.037888611415569000, -1.276041666666686500 ) ) ;
#2461 = CARTESIAN_POINT ( 'NONE',  ( 1.784401076758502300, -3.277891600571085500E-016, 1.575000000000000800 ) ) ;
#2462 = CARTESIAN_POINT ( 'NONE',  ( -0.8922005383792509500, 1.545336663013169100, -6.591666666666665900 ) ) ;
#2463 = CARTESIAN_POINT ( 'NONE',  ( -1.154700538379252600, -2.000000000000000900, -2.508333333333313800 ) ) ;
#2464 = CARTESIAN_POINT ( 'NONE',  ( -1.892491597964129900E-016, -1.545336663013169300, -1.312499999999999300 ) ) ;
#2465 = CARTESIAN_POINT ( 'NONE',  ( -2.309401076758504300, 1.414100318299876300E-016, -3.324999999999980200 ) ) ;
#2466 = CARTESIAN_POINT ( 'NONE',  ( 0.8922005383792508400, -1.545336663013169700, -0.5541666666666654800 ) ) ;
#2467 = CARTESIAN_POINT ( 'NONE',  ( 2.309401076758504300, -4.242300954899628600E-016, 1.225000000000019600 ) ) ;
#2468 = DIRECTION ( 'NONE',  ( -0.0000000000000000000, -3.858187711820656000E-057, -1.000000000000000000 ) ) ;
#2469 = CARTESIAN_POINT ( 'NONE',  ( 0.8261157347846739300, 1.526450242573519100, -6.813038028954250300 ) ) ;
#2470 = CARTESIAN_POINT ( 'NONE',  ( 0.0000000000000000000, 1.545336663013169300, -5.162499999999998800 ) ) ;
#2471 = DIRECTION ( 'NONE',  ( -0.0000000000000000000, -3.858187711820656000E-057, -1.000000000000000000 ) ) ;
#2472 = CARTESIAN_POINT ( 'NONE',  ( 0.0000000000000000000, 2.037888611415569000, 1.465624999999980900 ) ) ;
#2473 = CARTESIAN_POINT ( 'NONE',  ( -1.154700538379253500, 1.999999999999997800, -5.541666666666647400 ) ) ;
#2474 = CARTESIAN_POINT ( 'NONE',  ( 1.338300807568877400, 0.7726683315065834300, -6.766666666666666600 ) ) ;
#2475 = DIRECTION ( 'NONE',  ( 0.0000000000000000000, 1.000000000000000000, 0.0000000000000000000 ) ) ;
#2476 = CARTESIAN_POINT ( 'NONE',  ( -1.784401076758502300, 1.092630533523695500E-016, -1.487499999999999200 ) ) ;
#2477 = CARTESIAN_POINT ( 'NONE',  ( -1.892491597964129900E-016, -1.545336663013169100, -7.000000000000000000 ) ) ;
#2478 = CARTESIAN_POINT ( 'NONE',  ( -1.338300807568877100, -0.7726683315065843200, -2.129166666666665500 ) ) ;
#2479 = CARTESIAN_POINT ( 'NONE',  ( 0.8922005383792507300, -1.545336663013169700, 2.945833333333334600 ) ) ;
#2480 = CARTESIAN_POINT ( 'NONE',  ( 0.5310380907078660100, 1.666895522227836500, -6.799255160400485400 ) ) ;
#2481 = CARTESIAN_POINT ( 'NONE',  ( -1.154700538379259700, -1.999999999999988200, 1.691666666666686400 ) ) ;
#2482 = EDGE_CURVE ( 'NONE', #1118, #1565, #3137, .T. ) ;
#2483 = CARTESIAN_POINT ( 'NONE',  ( 0.0000000000000000000, 1.545336663013169300, -3.762499999999998800 ) ) ;
#2484 = ORIENTED_EDGE ( 'NONE', *, *, #460, .F. ) ;
#2485 = CARTESIAN_POINT ( 'NONE',  ( 1.764863307568876700, -1.018944305707785400, -0.8677083333333531800 ) ) ;
#2486 = FACE_OUTER_BOUND ( 'NONE', #2906, .T. ) ;
#2487 = CARTESIAN_POINT ( 'NONE',  ( 1.176575538379250700, -2.037888611415569400, -5.869791666666645600 ) ) ;
#2488 = CARTESIAN_POINT ( 'NONE',  ( -1.338300807568876900, 0.7726683315065848700, 0.5541666666666672500 ) ) ;
#2489 = ORIENTED_EDGE ( 'NONE', *, *, #3033, .T. ) ;
#2490 = CARTESIAN_POINT ( 'NONE',  ( -1.732050807568878100, 1.000000000000000700, -3.383333333333313800 ) ) ;
#2491 = LINE ( 'NONE', #638, #1802 ) ;
#2492 = CARTESIAN_POINT ( 'NONE',  ( 1.338300807568877600, 0.7726683315065835400, 0.3208333333333344100 ) ) ;
#2493 = CARTESIAN_POINT ( 'NONE',  ( -1.338300807568876900, 0.7726683315065848700, 2.654166666666668600 ) ) ;
#2494 = CARTESIAN_POINT ( 'NONE',  ( -2.309401076758514500, 1.414100318299883000E-016, -6.037500000000022700 ) ) ;
#2495 = ORIENTED_EDGE ( 'NONE', *, *, #1463, .F. ) ;
#2496 = EDGE_CURVE ( 'NONE', #1250, #3184, #1906, .T. ) ;
#2497 =( BOUNDED_CURVE ( )  B_SPLINE_CURVE ( 2, ( #281, #2196, #556, #2467, #834, #293, #2739 ),
 .UNSPECIFIED., .F., .F. ) 
 B_SPLINE_CURVE_WITH_KNOTS ( ( 3, 2, 2, 3 ),
 ( 0.7187500000000000000, 0.7291666666666666300, 0.7395833333333333700, 0.7500000000000000000 ),
 .UNSPECIFIED. ) 
 CURVE ( )  GEOMETRIC_REPRESENTATION_ITEM ( )  RATIONAL_B_SPLINE_CURVE ( ( 1.000000000000000000, 0.8660254037844387100, 1.000000000000000000, 0.8660254037844387100, 1.000000000000000000, 0.8660254037844387100, 1.000000000000000000 ) ) 
 REPRESENTATION_ITEM ( '' )  );
#2498 = CARTESIAN_POINT ( 'NONE',  ( 1.338300807568876500, -0.7726683315065853200, -3.995833333333332200 ) ) ;
#2499 = ORIENTED_EDGE ( 'NONE', *, *, #2443, .F. ) ;
#2500 = CARTESIAN_POINT ( 'NONE',  ( -2.309401076758504300, 1.414100318299876300E-016, -3.237500000000019800 ) ) ;
#2501 = CARTESIAN_POINT ( 'NONE',  ( -1.764863307568877100, 1.018944305707784700, 0.8822916666666476000 ) ) ;
#2502 = CARTESIAN_POINT ( 'NONE',  ( 1.338300807568877600, 0.7726683315065835400, 0.3208333333333344100 ) ) ;
#2503 = EDGE_CURVE ( 'NONE', #1644, #625, #3226, .T. ) ;
#2504 = CARTESIAN_POINT ( 'NONE',  ( -2.449293598294707400E-016, -2.000000000000000900, 2.450000000000019700 ) ) ;
#2505 = CARTESIAN_POINT ( 'NONE',  ( 1.338300807568877600, 0.7726683315065835400, -2.479166666666666100 ) ) ;
#2506 = CARTESIAN_POINT ( 'NONE',  ( -1.382802616965772100, -0.9336893444275702300, 6.802432248789203100 ) ) ;
#2507 = AXIS2_PLACEMENT_3D ( 'NONE', #2452, #1622, #2698 ) ;
#2508 = CARTESIAN_POINT ( 'NONE',  ( -1.766766057292210100, -1.417632304151837700, 3.121782740691947400 ) ) ;
#2509 = CARTESIAN_POINT ( 'NONE',  ( -1.892491597964129900E-016, -1.545336663013169300, 1.487500000000000000 ) ) ;
#2510 = ORIENTED_EDGE ( 'NONE', *, *, #2741, .F. ) ;
#2511 = DIRECTION ( 'NONE',  ( -0.0000000000000000000, -3.858187711820656000E-057, -1.000000000000000000 ) ) ;
#2512 = CARTESIAN_POINT ( 'NONE',  ( -1.154700538379572100, -1.999999999999446200, -1.720833333333384100 ) ) ;
#2513 = ADVANCED_FACE ( 'NONE', ( #2558 ), #169, .T. ) ;
#2514 = CARTESIAN_POINT ( 'NONE',  ( -1.784401076758502300, 1.092630533523695500E-016, -4.987499999999998900 ) ) ;
#2515 = COORDINATED_UNIVERSAL_TIME_OFFSET ( 6, 0, .BEHIND. ) ;
#2516 = CARTESIAN_POINT ( 'NONE',  ( -0.8922005383792510600, 1.545336663013169500, 0.4958333333333341800 ) ) ;
#2517 = CARTESIAN_POINT ( 'NONE',  ( 0.0000000000000000000, 1.545336663013169300, -4.549999999999999800 ) ) ;
#2518 = LINE ( 'NONE', #2552, #1073 ) ;
#2519 = FACE_OUTER_BOUND ( 'NONE', #1990, .T. ) ;
#2520 = VERTEX_POINT ( 'NONE', #123 ) ;
#2521 = FACE_OUTER_BOUND ( 'NONE', #2965, .T. ) ;
#2522 = CARTESIAN_POINT ( 'NONE',  ( 0.8922005383792521700, 1.545336663013168900, -1.020833333333332800 ) ) ;
#2523 = CARTESIAN_POINT ( 'NONE',  ( 1.764863307568876700, -1.018944305707785400, 1.932291666666646300 ) ) ;
#2524 = ADVANCED_FACE ( 'NONE', ( #1033 ), #2436, .T. ) ;
#2525 = CARTESIAN_POINT ( 'NONE',  ( -1.784401076758502300, 1.092630533523695500E-016, -0.08749999999999903700 ) ) ;
#2526 = VECTOR ( 'NONE', #419, 1000.000000000000000 ) ;
#2527 = AXIS2_PLACEMENT_3D ( 'NONE', #1182, #2008, #1461 ) ;
#2528 = CARTESIAN_POINT ( 'NONE',  ( 1.338300807568876500, -0.7726683315065853200, -3.383333333333332900 ) ) ;
#2529 = ORIENTED_EDGE ( 'NONE', *, *, #972, .F. ) ;
#2530 = CARTESIAN_POINT ( 'NONE',  ( -0.3952031848534600100, 1.497256923681147500, 2.537500000000020500 ) ) ;
#2531 = CARTESIAN_POINT ( 'NONE',  ( -2.449293598294707400E-016, -2.000000000000000900, -1.662500000000019000 ) ) ;
#2532 =( BOUNDED_CURVE ( )  B_SPLINE_CURVE ( 2, ( #3271, #2473, #840, #288, #2190, #1673, #3003 ),
 .UNSPECIFIED., .F., .F. ) 
 B_SPLINE_CURVE_WITH_KNOTS ( ( 3, 2, 2, 3 ),
 ( 0.1250000000000000300, 0.1354166666666666600, 0.1458333333333333400, 0.1562499999999999700 ),
 .UNSPECIFIED. ) 
 CURVE ( )  GEOMETRIC_REPRESENTATION_ITEM ( )  RATIONAL_B_SPLINE_CURVE ( ( 0.9999999999999996700, 0.8660254037844390400, 1.000000000000000000, 0.8660254037844387100, 1.000000000000000000, 0.8660254037844390400, 0.9999999999999996700 ) ) 
 REPRESENTATION_ITEM ( '' )  );
#2533 = CARTESIAN_POINT ( 'NONE',  ( 0.8922005383792521700, 1.545336663013168900, -1.720833333333332100 ) ) ;
#2534 = CARTESIAN_POINT ( 'NONE',  ( -2.309401076758504300, 1.414100318299876300E-016, -4.724999999999980100 ) ) ;
#2535 = CARTESIAN_POINT ( 'NONE',  ( -0.8922005383792517300, -1.545336663013168900, -4.258333333333332900 ) ) ;
#2536 = CARTESIAN_POINT ( 'NONE',  ( 2.353151076758502700, -4.322668401093671800E-016, -5.753124999999978500 ) ) ;
#2537 = CARTESIAN_POINT ( 'NONE',  ( 0.8922005383792521700, 1.545336663013168900, -6.008333333333335500 ) ) ;
#2538 = CARTESIAN_POINT ( 'NONE',  ( -0.2370386979262568400, 1.595196451512795000, 6.744900832287270600 ) ) ;
#2539 = CARTESIAN_POINT ( 'NONE',  ( 1.154700538379251900, -2.000000000000002200, -3.004166666666686400 ) ) ;
#2540 = EDGE_CURVE ( 'NONE', #3194, #82, #3469, .T. ) ;
#2541 = ADVANCED_FACE ( 'NONE', ( #212 ), #2832, .F. ) ;
#2542 = EDGE_LOOP ( 'NONE', ( #318, #3437, #2860, #2499 ) ) ;
#2543 = CARTESIAN_POINT ( 'NONE',  ( 1.338300807568877600, 0.7726683315065835400, 2.420833333333334700 ) ) ;
#2544 = CARTESIAN_POINT ( 'NONE',  ( 1.338300807568877600, 0.7726683315065835400, -1.079166666666665700 ) ) ;
#2545 = CARTESIAN_POINT ( 'NONE',  ( -1.154700538379248100, 2.000000000000007100, -4.841666666666646400 ) ) ;
#2546 = CARTESIAN_POINT ( 'NONE',  ( -1.338300807568876900, 0.7726683315065848700, -4.433333333333332700 ) ) ;
#2547 = ORIENTED_EDGE ( 'NONE', *, *, #415, .F. ) ;
#2548 = CARTESIAN_POINT ( 'NONE',  ( 1.154700538379251200, -2.000000000000001300, -0.9916666666666468200 ) ) ;
#2549 = CARTESIAN_POINT ( 'NONE',  ( 0.8922005383792508400, -1.545336663013169700, -3.441666666666666900 ) ) ;
#2550 = CARTESIAN_POINT ( 'NONE',  ( -1.499999999999999800, 1.836760632859557100E-016, 6.638045381863459000 ) ) ;
#2551 = EDGE_CURVE ( 'NONE', #1948, #3140, #2374, .T. ) ;
#2552 = CARTESIAN_POINT ( 'NONE',  ( -1.499999999999999800, 0.8660254037844382600, -1.582575694955841200 ) ) ;
#2553 = CARTESIAN_POINT ( 'NONE',  ( -1.499999999999999800, -0.3042102711411892000, 6.638045381863457300 ) ) ;
#2554 = CC_DESIGN_SECURITY_CLASSIFICATION ( #2803, ( #2415 ) ) ;
#2555 = B_SPLINE_CURVE_WITH_KNOTS ( 'NONE', 3,
 ( #1311, #2087, #1851, #722, #486, #2898, #2922, #2101 ),
 .UNSPECIFIED., .F., .F.,
 ( 4, 2, 2, 4 ),
 ( 2.544365555416903200E-007, 0.0004475380576734571900, 0.0008948216787913726800, 0.001789388921027203100 ),
 .UNSPECIFIED. ) ;
#2556 = LINE ( 'NONE', #2881, #1427 ) ;
#2557 = ADVANCED_FACE ( 'NONE', ( #3094, #1725 ), #3092, .T. ) ;
#2558 = FACE_OUTER_BOUND ( 'NONE', #865, .T. ) ;
#2559 = DIRECTION ( 'NONE',  ( 8.659560562354925500E-017, -0.7071067811865468000, -0.7071067811865483500 ) ) ;
#2560 = CARTESIAN_POINT ( 'NONE',  ( 1.338300807568876500, -0.7726683315065853200, -6.883333333333333700 ) ) ;
#2561 = CARTESIAN_POINT ( 'NONE',  ( 2.353151076758502700, -4.322668401093671800E-016, -5.053124999999980100 ) ) ;
#2562 = ORIENTED_EDGE ( 'NONE', *, *, #1763, .T. ) ;
#2563 = CARTESIAN_POINT ( 'NONE',  ( -1.338300807568877100, -0.7726683315065843200, -5.716666666666666800 ) ) ;
#2564 = CARTESIAN_POINT ( 'NONE',  ( -1.338300807568877100, -0.7726683315065843200, 0.6708333333333349500 ) ) ;
#2565 = FACE_OUTER_BOUND ( 'NONE', #3237, .T. ) ;
#2566 = DIRECTION ( 'NONE',  ( 0.0000000000000000000, 1.000000000000000000, -3.858187711820656000E-057 ) ) ;
#2567 = CARTESIAN_POINT ( 'NONE',  ( 1.863206069884984600, 0.6252127637269359100, 2.774916162188259400 ) ) ;
#2568 = ORIENTED_EDGE ( 'NONE', *, *, #2184, .T. ) ;
#2569 = CYLINDRICAL_SURFACE ( 'NONE', #1100, 2.000000000000000900 ) ;
#2570 = CARTESIAN_POINT ( 'NONE',  ( 1.784401076758502300, -3.277891600571085500E-016, 1.662500000000001600 ) ) ;
#2571 = ORIENTED_EDGE ( 'NONE', *, *, #3369, .T. ) ;
#2572 = CARTESIAN_POINT ( 'NONE',  ( 1.732050807569225600, 1.000000000000199200, -1.429166666666916500 ) ) ;
#2573 = DIRECTION ( 'NONE',  ( 0.0000000000000000000, -1.224646799147354200E-016, 1.000000000000000000 ) ) ;
#2574 = CARTESIAN_POINT ( 'NONE',  ( -0.8922005383792510600, 1.545336663013169500, -5.891666666666666600 ) ) ;
#2575 = VERTEX_POINT ( 'NONE', #3354 ) ;
#2576 = CARTESIAN_POINT ( 'NONE',  ( -1.176575538379252000, -2.037888611415569000, -4.586458333333311500 ) ) ;
#2577 = CARTESIAN_POINT ( 'NONE',  ( 1.338300807568877600, 0.7726683315065835400, 0.2333333333333336700 ) ) ;
#2578 = CARTESIAN_POINT ( 'NONE',  ( 1.154700538379252800, 2.000000000000000000, -1.458333333333313300 ) ) ;
#2579 = DIRECTION ( 'NONE',  ( -0.0000000000000000000, -0.0000000000000000000, 1.000000000000000000 ) ) ;
#2580 = ADVANCED_FACE ( 'NONE', ( #304 ), #2256, .T. ) ;
#2581 = CARTESIAN_POINT ( 'NONE',  ( 1.154700538379448900, 2.000000000000462300, -1.370833333333580300 ) ) ;
#2582 = CARTESIAN_POINT ( 'NONE',  ( 5.751325091730622400E-016, -1.732050807568877400, 6.870096189432334900 ) ) ;
#2583 = CARTESIAN_POINT ( 'NONE',  ( -0.8922005383792517300, -1.545336663013168900, -4.958333333333333900 ) ) ;
#2584 = CARTESIAN_POINT ( 'NONE',  ( 0.0000000000000000000, 2.037888611415569000, -4.178124999999978300 ) ) ;
#2585 = CARTESIAN_POINT ( 'NONE',  ( -0.8922005383792511700, 1.545336663013169500, -0.9916666666666667000 ) ) ;
#2586 = CARTESIAN_POINT ( 'NONE',  ( -1.047511151731945100, -1.359811889233041100, 2.631855915142844000 ) ) ;
#2587 = DIRECTION ( 'NONE',  ( 0.0000000000000000000, 1.000000000000000000, 0.0000000000000000000 ) ) ;
#2588 = DIRECTION ( 'NONE',  ( -0.0000000000000000000, -3.858187711820656000E-057, -1.000000000000000000 ) ) ;
#2589 = AXIS2_PLACEMENT_3D ( 'NONE', #1189, #925, #853 ) ;
#2590 = CARTESIAN_POINT ( 'NONE',  ( -1.784401076758502300, 1.092630533523695500E-016, -6.387499999999998400 ) ) ;
#2591 = CARTESIAN_POINT ( 'NONE',  ( 2.131628207280278600E-013, 2.000000000000000900, 2.187499999999969800 ) ) ;
#2592 = CARTESIAN_POINT ( 'NONE',  ( -0.8922005383792517300, -1.545336663013168900, -0.7583333333333330800 ) ) ;
#2593 = CARTESIAN_POINT ( 'NONE',  ( -1.764863307568877100, 1.018944305707784700, -3.361458333333312800 ) ) ;
#2594 = CARTESIAN_POINT ( 'NONE',  ( 1.338300807568877600, 0.7726683315065835400, -1.866666666666666700 ) ) ;
#2595 = CARTESIAN_POINT ( 'NONE',  ( 0.8922005383792506200, -1.545336663013169500, 2.158333333333334100 ) ) ;
#2596 = CARTESIAN_POINT ( 'NONE',  ( 0.8922005383792519500, 1.545336663013168600, -3.908333333333333200 ) ) ;
#2597 =( BOUNDED_CURVE ( )  B_SPLINE_CURVE ( 2, ( #3434, #2862, #2915, #1870, #1051, #205, #479 ),
 .UNSPECIFIED., .F., .F. ) 
 B_SPLINE_CURVE_WITH_KNOTS ( ( 3, 2, 2, 3 ),
 ( 0.05488707704757309100, 0.05697759860348976200, 0.05906812015940645500, 0.06115864171532312700 ),
 .UNSPECIFIED. ) 
 CURVE ( )  GEOMETRIC_REPRESENTATION_ITEM ( )  RATIONAL_B_SPLINE_CURVE ( ( 1.000000000000000000, 0.8660254037844387100, 1.000000000000000000, 0.8660254037844387100, 1.000000000000000000, 0.8660254037844287200, 1.000000000000010000 ) ) 
 REPRESENTATION_ITEM ( '' )  );
#2598 = CARTESIAN_POINT ( 'NONE',  ( 1.935542247793188300, 0.07023189190540736500, 2.758403339344341500 ) ) ;
#2599 = VECTOR ( 'NONE', #2696, 1000.000000000000000 ) ;
#2600 = FACE_OUTER_BOUND ( 'NONE', #238, .T. ) ;
#2601 = ORIENTED_EDGE ( 'NONE', *, *, #2365, .T. ) ;
#2602 = CARTESIAN_POINT ( 'NONE',  ( -1.682602550012474800, -0.9200182484277292800, -6.631595993256967200 ) ) ;
#2603 = CARTESIAN_POINT ( 'NONE',  ( -0.8922005383792517300, -1.545336663013168900, -0.05833333333333298000 ) ) ;
#2604 = LINE ( 'NONE', #1087, #3482 ) ;
#2605 = CARTESIAN_POINT ( 'NONE',  ( 1.764863307568878000, 1.018944305707782900, -4.994791666666645600 ) ) ;
#2606 = CARTESIAN_POINT ( 'NONE',  ( -1.338300807568877100, -0.7726683315065843200, -0.8166666666666661000 ) ) ;
#2607 = ORIENTED_EDGE ( 'NONE', *, *, #3383, .F. ) ;
#2608 = EDGE_CURVE ( 'NONE', #2748, #3192, #481, .T. ) ;
#2609 = CARTESIAN_POINT ( 'NONE',  ( -1.892491597964129700E-016, -1.545336663013169100, 2.799999999999999400 ) ) ;
#2610 = CARTESIAN_POINT ( 'NONE',  ( -1.338300807568876900, -0.7726683315065842100, -3.616666666666666300 ) ) ;
#2611 = CYLINDRICAL_SURFACE ( 'NONE', #3185, 2.000000000000000900 ) ;
#2612 = CARTESIAN_POINT ( 'NONE',  ( -2.449293598294707400E-016, -2.000000000000000900, -5.949999999999980600 ) ) ;
#2613 = DIRECTION ( 'NONE',  ( -0.0000000000000000000, -3.858187711820656000E-057, -1.000000000000000000 ) ) ;
#2614 = ORIENTED_EDGE ( 'NONE', *, *, #1274, .T. ) ;
#2615 = AXIS2_PLACEMENT_3D ( 'NONE', #710, #3156, #159 ) ;
#2616 = CARTESIAN_POINT ( 'NONE',  ( 1.338300807568877600, 0.7726683315065835400, -5.279166666666665900 ) ) ;
#2617 = CARTESIAN_POINT ( 'NONE',  ( 0.0000000000000000000, -5.401462796548918100E-056, -7.000000000000000000 ) ) ;
#2618 = CARTESIAN_POINT ( 'NONE',  ( -1.784401076758502300, 1.092630533523695500E-016, -3.674999999999999800 ) ) ;
#2619 = CARTESIAN_POINT ( 'NONE',  ( -1.764863307568877300, -1.018944305707784000, -1.844791666666645700 ) ) ;
#2620 = EDGE_CURVE ( 'NONE', #509, #1760, #76, .T. ) ;
#2621 = CARTESIAN_POINT ( 'NONE',  ( 1.338300807568876500, -0.7726683315065853200, 2.216666666666666300 ) ) ;
#2622 = CARTESIAN_POINT ( 'NONE',  ( -1.764863307568877300, -1.018944305707784000, -6.001041666666686100 ) ) ;
#2623 = CARTESIAN_POINT ( 'NONE',  ( 0.8922005383792506200, -1.545336663013169500, -5.541666666666667000 ) ) ;
#2624 = PERSON_AND_ORGANIZATION_ROLE ( 'creator' ) ;
#2625 = CARTESIAN_POINT ( 'NONE',  ( 1.154700538379372500, -2.000000000000998300, 1.895833333332944000 ) ) ;
#2626 = CARTESIAN_POINT ( 'NONE',  ( 1.784401076758502300, -3.277891600571085500E-016, -2.625000000000000000 ) ) ;
#2627 = CARTESIAN_POINT ( 'NONE',  ( 0.0000000000000000000, 2.037888611415569000, 1.421875000000020400 ) ) ;
#2628 = CARTESIAN_POINT ( 'NONE',  ( -1.019091975670699100, -1.191135485181970200, -6.981425464247069900 ) ) ;
#2629 = CARTESIAN_POINT ( 'NONE',  ( -0.8922005383792509500, 1.545336663013169100, 3.208333333333333000 ) ) ;
#2630 = CARTESIAN_POINT ( 'NONE',  ( -1.784401076758502100, 1.092630533523695300E-016, -2.274999999999999900 ) ) ;
#2631 = CARTESIAN_POINT ( 'NONE',  ( 0.2160172578872755800, -1.987502557438953800, -6.549117603165723400 ) ) ;
#2632 = APPROVAL_ROLE ( '' ) ;
#2633 = CARTESIAN_POINT ( 'NONE',  ( 0.0000000000000000000, 2.000000000000000900, -7.000000000000000000 ) ) ;
#2634 = CARTESIAN_POINT ( 'NONE',  ( 1.732050807568877600, -1.000000000000001300, 1.866666666666686700 ) ) ;
#2635 =( BOUNDED_CURVE ( )  B_SPLINE_CURVE ( 2, ( #2006, #3339, #1459, #842, #1199, #2463, #38 ),
 .UNSPECIFIED., .F., .F. ) 
 B_SPLINE_CURVE_WITH_KNOTS ( ( 3, 2, 2, 3 ),
 ( 0.3750000000000000000, 0.3854166666666666900, 0.3958333333333333100, 0.4062500000000000000 ),
 .UNSPECIFIED. ) 
 CURVE ( )  GEOMETRIC_REPRESENTATION_ITEM ( )  RATIONAL_B_SPLINE_CURVE ( ( 1.000000000000000000, 0.8660254037844387100, 1.000000000000000000, 0.8660254037844387100, 1.000000000000000000, 0.8660254037844387100, 1.000000000000000000 ) ) 
 REPRESENTATION_ITEM ( '' )  );
#2636 = CARTESIAN_POINT ( 'NONE',  ( 2.836605642808121100E-011, 1.767227771687579900, -6.778108891325584500 ) ) ;
#2637 = CARTESIAN_POINT ( 'NONE',  ( -0.8922005383792510600, 1.545336663013169500, 1.108333333333333600 ) ) ;
#2638 = CARTESIAN_POINT ( 'NONE',  ( 1.764863307568876700, -1.018944305707785400, 1.188541666666686600 ) ) ;
#2639 = CARTESIAN_POINT ( 'NONE',  ( -1.784401076758502300, 1.092630533523695400E-016, 1.925000000000000500 ) ) ;
#2640 = CARTESIAN_POINT ( 'NONE',  ( -2.495693764988920700E-016, -2.037888611415569000, -6.584375000000020100 ) ) ;
#2641 = VECTOR ( 'NONE', #1381, 1000.000000000000000 ) ;
#2642 = CARTESIAN_POINT ( 'NONE',  ( -1.784401076758502100, 1.092630533523695300E-016, -2.975000000000000500 ) ) ;
#2643 = CARTESIAN_POINT ( 'NONE',  ( -1.542403259786115500, 0.4335854417919656200, 2.565417523546322400 ) ) ;
#2644 = CARTESIAN_POINT ( 'NONE',  ( 0.7297658972604658100, -1.714024685737504100, -6.688151978620094700 ) ) ;
#2645 = CARTESIAN_POINT ( 'NONE',  ( 1.154700538379252800, 2.000000000000000000, -0.05833333333331375300 ) ) ;
#2646 = ORIENTED_EDGE ( 'NONE', *, *, #2354, .T. ) ;
#2647 = CYLINDRICAL_SURFACE ( 'NONE', #2615, 2.000000000000000900 ) ;
#2648 = CARTESIAN_POINT ( 'NONE',  ( 1.338300807568877600, 0.7726683315065835400, -5.979166666666665200 ) ) ;
#2649 = ORIENTED_EDGE ( 'NONE', *, *, #361, .T. ) ;
#2650 = FACE_OUTER_BOUND ( 'NONE', #3486, .T. ) ;
#2651 = CARTESIAN_POINT ( 'NONE',  ( -1.338300807568877100, -0.7726683315065843200, 0.5833333333333341500 ) ) ;
#2652 = ORIENTED_EDGE ( 'NONE', *, *, #424, .T. ) ;
#2653 = CARTESIAN_POINT ( 'NONE',  ( -2.495693764988920700E-016, -2.037888611415569000, -1.728124999999978800 ) ) ;
#2654 = CARTESIAN_POINT ( 'NONE',  ( 0.0000000000000000000, 1.545336663013169300, 2.449999999999999700 ) ) ;
#2655 = ORIENTED_EDGE ( 'NONE', *, *, #1659, .F. ) ;
#2656 = EDGE_CURVE ( 'NONE', #3268, #1271, #1684, .T. ) ;
#2657 = CARTESIAN_POINT ( 'NONE',  ( 2.353151076758502700, -4.322668401093671800E-016, -4.309375000000019700 ) ) ;
#2658 = CARTESIAN_POINT ( 'NONE',  ( -1.784401076758502100, 1.092630533523695300E-016, -1.575000000000000000 ) ) ;
#2659 = DIRECTION ( 'NONE',  ( -0.0000000000000000000, -3.858187711820656000E-057, -1.000000000000000000 ) ) ;
#2660 = SECURITY_CLASSIFICATION_LEVEL ( 'unclassified' ) ;
#2661 = DIRECTION ( 'NONE',  ( 0.0000000000000000000, 1.000000000000000000, 0.0000000000000000000 ) ) ;
#2662 = ORIENTED_EDGE ( 'NONE', *, *, #2249, .T. ) ;
#2663 = CARTESIAN_POINT ( 'NONE',  ( 1.605591327059802600, -1.192508486540178000, -6.545336663013166000 ) ) ;
#2664 = CARTESIAN_POINT ( 'NONE',  ( -1.338300807568877100, -0.7726683315065843200, -4.229166666666666100 ) ) ;
#2665 = ORIENTED_EDGE ( 'NONE', *, *, #847, .F. ) ;
#2666 = DIRECTION ( 'NONE',  ( 0.0000000000000000000, 1.000000000000000000, 0.0000000000000000000 ) ) ;
#2667 = CARTESIAN_POINT ( 'NONE',  ( -1.764863307568877100, 1.018944305707784700, -0.5614583333333123000 ) ) ;
#2668 = EDGE_CURVE ( 'NONE', #2575, #1271, #1388, .T. ) ;
#2669 = CARTESIAN_POINT ( 'NONE',  ( 2.353151076758502700, -4.322668401093671800E-016, -2.209375000000019600 ) ) ;
#2670 = CARTESIAN_POINT ( 'NONE',  ( -0.8922005383792516200, -1.545336663013168600, 1.341666666666667200 ) ) ;
#2671 = CARTESIAN_POINT ( 'NONE',  ( 1.784401076758502300, -3.277891600571085500E-016, 1.575000000000000800 ) ) ;
#2672 = CARTESIAN_POINT ( 'NONE',  ( 1.500000000000000000, 0.8660254037844388200, -1.582575694955841200 ) ) ;
#2673 = B_SPLINE_CURVE_WITH_KNOTS ( 'NONE', 3,
 ( #3341, #2327, #646, #659, #2567, #3377, #2598, #694, #3116, #2024, #2316, #1249, #3386, #667, #939, #3126, #3367, #1202 ),
 .UNSPECIFIED., .F., .F.,
 ( 4, 2, 2, 2, 2, 2, 2, 2, 4 ),
 ( 0.0000000000000000000, 0.0005568194963504336900, 0.001113638992700867600, 0.001670458489051301300, 0.002227277985401735600, 0.002784097481752169500, 0.003340916978102603400, 0.003897736474453038200, 0.004454555970803472100 ),
 .UNSPECIFIED. ) ;
#2674 = CARTESIAN_POINT ( 'NONE',  ( 0.0000000000000000000, 1.545336663013169300, -5.862499999999998900 ) ) ;
#2675 = DIRECTION ( 'NONE',  ( 0.0000000000000000000, -3.858187711820656000E-057, -1.000000000000000000 ) ) ;
#2676 = EDGE_CURVE ( 'NONE', #3268, #821, #1276, .T. ) ;
#2677 = CARTESIAN_POINT ( 'NONE',  ( -1.784401076758502300, 1.092630533523695500E-016, -5.687499999999999100 ) ) ;
#2678 = CARTESIAN_POINT ( 'NONE',  ( 0.0000000000000000000, 2.037888611415569000, -5.534375000000020300 ) ) ;
#2679 = CARTESIAN_POINT ( 'NONE',  ( -1.338300807568876700, 0.7726683315065847600, 1.166666666666667400 ) ) ;
#2680 = CARTESIAN_POINT ( 'NONE',  ( -2.449293598294707400E-016, -2.000000000000000900, -5.249999999999980500 ) ) ;
#2681 = CARTESIAN_POINT ( 'NONE',  ( 1.338300807568876500, -0.7726683315065853200, 1.516666666666667100 ) ) ;
#2682 = CALENDAR_DATE ( 2025, 16, 7 ) ;
#2683 = CARTESIAN_POINT ( 'NONE',  ( 1.732050807568886500, 1.000000000000003300, -5.629166666666690400 ) ) ;
#2684 = CARTESIAN_POINT ( 'NONE',  ( 1.732050807569101900, -1.000000000000130800, -5.045833333333502100 ) ) ;
#2685 = CARTESIAN_POINT ( 'NONE',  ( 1.338300807568876500, -0.7726683315065853200, -6.095833333333332300 ) ) ;
#2686 = LINE ( 'NONE', #884, #1974 ) ;
#2687 = EDGE_CURVE ( 'NONE', #1207, #856, #330, .T. ) ;
#2688 = CARTESIAN_POINT ( 'NONE',  ( 1.500000000000000000, -0.8660254037844384900, 6.870096189432334900 ) ) ;
#2689 = LINE ( 'NONE', #2122, #1208 ) ;
#2690 = CARTESIAN_POINT ( 'NONE',  ( -1.764863307568877300, -1.018944305707784000, 2.355208333333353100 ) ) ;
#2691 = VERTEX_POINT ( 'NONE', #2357 ) ;
#2692 = DIRECTION ( 'NONE',  ( 0.0000000000000000000, -1.000000000000000000, 0.0000000000000000000 ) ) ;
#2693 = CARTESIAN_POINT ( 'NONE',  ( 1.176575538379250700, -2.037888611415569400, -3.726041666666686200 ) ) ;
#2694 = CARTESIAN_POINT ( 'NONE',  ( -0.8922005383792509500, 1.545336663013169100, -0.2916666666666666900 ) ) ;
#2695 = VECTOR ( 'NONE', #3154, 1000.000000000000000 ) ;
#2696 = DIRECTION ( 'NONE',  ( -0.0000000000000000000, -3.858187711820656000E-057, -1.000000000000000000 ) ) ;
#2697 = CARTESIAN_POINT ( 'NONE',  ( -1.338300807568877100, -0.7726683315065843200, -0.7291666666666653000 ) ) ;
#2698 = DIRECTION ( 'NONE',  ( -1.224646799147353200E-016, 1.000000000000000000, 0.0000000000000000000 ) ) ;
#2699 = FACE_OUTER_BOUND ( 'NONE', #1686, .T. ) ;
#2700 = CARTESIAN_POINT ( 'NONE',  ( 1.338300807568876500, -0.7726683315065853200, -6.795833333333332500 ) ) ;
#2701 = ORIENTED_EDGE ( 'NONE', *, *, #2844, .T. ) ;
#2702 = CARTESIAN_POINT ( 'NONE',  ( 1.455519074792863000, -0.7481972255119226900, -6.923115276881445000 ) ) ;
#2703 = CARTESIAN_POINT ( 'NONE',  ( -1.176575538379252000, -2.037888611415569000, 3.113541666666688200 ) ) ;
#2704 = CARTESIAN_POINT ( 'NONE',  ( -1.764863307568877100, 1.018944305707784700, -2.617708333333352800 ) ) ;
#2705 =( BOUNDED_CURVE ( )  B_SPLINE_CURVE ( 2, ( #4, #3281, #1909, #1103, #270, #2441, #1681 ),
 .UNSPECIFIED., .F., .F. ) 
 B_SPLINE_CURVE_WITH_KNOTS ( ( 3, 2, 2, 3 ),
 ( 0.04048333008982962100, 0.04166666666666667100, 0.05208333333333337700, 0.06250000000000008300 ),
 .UNSPECIFIED. ) 
 CURVE ( )  GEOMETRIC_REPRESENTATION_ITEM ( )  RATIONAL_B_SPLINE_CURVE ( ( 0.9730187808731505200, 0.9847804441533906100, 1.000000000000000000, 0.8660254037844387100, 1.000000000000000000, 0.8660254037844376000, 1.000000000000001100 ) ) 
 REPRESENTATION_ITEM ( '' )  );
#2706 = CARTESIAN_POINT ( 'NONE',  ( -0.8922005383792516200, -1.545336663013168600, -1.458333333333333300 ) ) ;
#2707 = DIRECTION ( 'NONE',  ( 0.0000000000000000000, 1.000000000000000000, 0.0000000000000000000 ) ) ;
#2708 = CARTESIAN_POINT ( 'NONE',  ( -0.8922005383792517300, -1.545336663013168900, -0.6708333333333321700 ) ) ;
#2709 = DIRECTION ( 'NONE',  ( 0.0000000000000000000, 1.000000000000000000, 0.0000000000000000000 ) ) ;
#2710 = CARTESIAN_POINT ( 'NONE',  ( 1.338300807568877600, 0.7726683315065835400, -2.479166666666666100 ) ) ;
#2711 = CARTESIAN_POINT ( 'NONE',  ( -0.8922005383792510600, 1.545336663013169500, 3.295833333333333800 ) ) ;
#2712 = VERTEX_POINT ( 'NONE', #3162 ) ;
#2713 = CARTESIAN_POINT ( 'NONE',  ( 1.645155904172563900, 0.3056744081774467900, -6.875502127466931200 ) ) ;
#2714 = CARTESIAN_POINT ( 'NONE',  ( -2.353151076758502700, 1.440889467031223800E-016, 2.296875000000020900 ) ) ;
#2715 = DIRECTION ( 'NONE',  ( -0.0000000000000000000, -3.858187711820656000E-057, -1.000000000000000000 ) ) ;
#2716 = CARTESIAN_POINT ( 'NONE',  ( -2.495693764988920700E-016, -2.037888611415569000, -0.2843750000000198600 ) ) ;
#2717 = CARTESIAN_POINT ( 'NONE',  ( -1.892491597964129700E-016, -1.545336663013169100, -7.000000000000000000 ) ) ;
#2718 = CARTESIAN_POINT ( 'NONE',  ( 0.0000000000000000000, 2.000000000000000900, -3.499999999999979600 ) ) ;
#2719 = CARTESIAN_POINT ( 'NONE',  ( 0.8922005383792521700, 1.545336663013168900, -3.120833333333332200 ) ) ;
#2720 = CARTESIAN_POINT ( 'NONE',  ( -1.732050807568878100, 1.000000000000000700, 0.1166666666666869200 ) ) ;
#2721 = CARTESIAN_POINT ( 'NONE',  ( 1.338300807568876500, -0.7726683315065853200, -1.895833333333332600 ) ) ;
#2722 = CARTESIAN_POINT ( 'NONE',  ( 1.784401076758502300, -3.277891600571085500E-016, 1.662500000000001600 ) ) ;
#2723 = CARTESIAN_POINT ( 'NONE',  ( 2.309401076758504300, -4.242300954899628600E-016, -4.374999999999979600 ) ) ;
#2724 = CARTESIAN_POINT ( 'NONE',  ( -1.732050807569227400, -1.000000000000201600, -1.079166666666918000 ) ) ;
#2725 = EDGE_CURVE ( 'NONE', #2346, #1141, #2891, .T. ) ;
#2726 = CARTESIAN_POINT ( 'NONE',  ( 1.176575538379252400, 2.037888611415568100, 2.763541666666686800 ) ) ;
#2727 = ORIENTED_EDGE ( 'NONE', *, *, #649, .F. ) ;
#2728 = CARTESIAN_POINT ( 'NONE',  ( 0.0000000000000000000, 3.299999999999999800, 7.000000000000000000 ) ) ;
#2729 = CARTESIAN_POINT ( 'NONE',  ( 1.176575538379252400, 2.037888611415568100, 0.7072916666666477800 ) ) ;
#2730 = CALENDAR_DATE ( 2025, 16, 7 ) ;
#2731 = CARTESIAN_POINT ( 'NONE',  ( -1.920597014762030400E-011, 2.000000000000002200, 0.08750000000095166400 ) ) ;
#2732 = CARTESIAN_POINT ( 'NONE',  ( -1.338300807568876900, -0.7726683315065842100, -6.416666666666666100 ) ) ;
#2733 = CARTESIAN_POINT ( 'NONE',  ( -1.338300807568877100, -0.7726683315065843200, -2.129166666666665500 ) ) ;
#2734 = CARTESIAN_POINT ( 'NONE',  ( -1.154700538379252600, -2.000000000000000900, -3.208333333333313100 ) ) ;
#2735 = FACE_OUTER_BOUND ( 'NONE', #3228, .T. ) ;
#2736 = DIRECTION ( 'NONE',  ( -0.0000000000000000000, -3.858187711820656000E-057, -1.000000000000000000 ) ) ;
#2737 = CARTESIAN_POINT ( 'NONE',  ( 0.8922005383792521700, 1.545336663013168900, -0.3208333333333326900 ) ) ;
#2738 = ORIENTED_EDGE ( 'NONE', *, *, #445, .F. ) ;
#2739 = CARTESIAN_POINT ( 'NONE',  ( 0.0000000000000000000, 2.000000000000000900, 1.400000000000019200 ) ) ;
#2740 = CARTESIAN_POINT ( 'NONE',  ( 0.0000000000000000000, 2.000000000000000900, -7.000000000000000000 ) ) ;
#2741 = EDGE_CURVE ( 'NONE', #1071, #707, #3028, .T. ) ;
#2742 = ORIENTED_EDGE ( 'NONE', *, *, #1999, .T. ) ;
#2743 = FACE_OUTER_BOUND ( 'NONE', #2774, .T. ) ;
#2744 = CARTESIAN_POINT ( 'NONE',  ( -1.338300807568877100, -0.7726683315065843200, -2.129166666666665500 ) ) ;
#2745 = CARTESIAN_POINT ( 'NONE',  ( -1.176575538379252000, -2.037888611415569000, 1.057291666666647400 ) ) ;
#2746 = CARTESIAN_POINT ( 'NONE',  ( -2.309401076758504300, 1.414100318299876500E-016, 1.662499999999981700 ) ) ;
#2747 = CARTESIAN_POINT ( 'NONE',  ( 1.784401076758502300, -3.277891600571085500E-016, -3.937499999999999100 ) ) ;
#2748 = VERTEX_POINT ( 'NONE', #2369 ) ;
#2749 = CARTESIAN_POINT ( 'NONE',  ( 1.154700538379251500, -2.000000000000001300, 2.595833333333313700 ) ) ;
#2750 = CARTESIAN_POINT ( 'NONE',  ( 0.0000000000000000000, -1.466111330491849200E-056, 3.200000000000000600 ) ) ;
#2751 = CARTESIAN_POINT ( 'NONE',  ( 0.0000000000000000000, 1.545336663013169300, -1.662499999999999000 ) ) ;
#2752 = EDGE_LOOP ( 'NONE', ( #1603, #2978, #1465, #1012, #1351 ) ) ;
#2753 = CARTESIAN_POINT ( 'NONE',  ( 0.8922005383792521700, 1.545336663013168900, 3.179166666666667600 ) ) ;
#2754 = CARTESIAN_POINT ( 'NONE',  ( -2.449293598294707400E-016, -2.000000000000000900, -3.149999999999979900 ) ) ;
#2755 = CARTESIAN_POINT ( 'NONE',  ( -1.499999999999999800, -0.8660254037844388200, 4.000000000000000000 ) ) ;
#2756 = CARTESIAN_POINT ( 'NONE',  ( 0.0000000000000000000, 1.545336663013169300, -3.062499999999999100 ) ) ;
#2757 = CARTESIAN_POINT ( 'NONE',  ( 2.353151076758502700, -4.322668401093671800E-016, -0.8093750000000193800 ) ) ;
#2758 = CARTESIAN_POINT ( 'NONE',  ( 0.0000000000000000000, 2.037888611415569000, -6.278124999999978900 ) ) ;
#2759 = CARTESIAN_POINT ( 'NONE',  ( -1.784401076758502300, 1.092630533523695500E-016, 2.712500000000000400 ) ) ;
#2760 = ORIENTED_EDGE ( 'NONE', *, *, #472, .T. ) ;
#2761 = CARTESIAN_POINT ( 'NONE',  ( 1.784401076758502300, -3.277891600571085500E-016, -1.137499999999998800 ) ) ;
#2762 = CARTESIAN_POINT ( 'NONE',  ( -1.784401076758502300, 1.092630533523695500E-016, 1.312500000000000200 ) ) ;
#2763 = ADVANCED_FACE ( 'NONE', ( #942 ), #1602, .T. ) ;
#2764 = CARTESIAN_POINT ( 'NONE',  ( 1.784401076758502300, -3.277891600571085500E-016, -1.837499999999998800 ) ) ;
#2765 = DIRECTION ( 'NONE',  ( -0.0000000000000000000, -3.858187711820656000E-057, -1.000000000000000000 ) ) ;
#2766 = CARTESIAN_POINT ( 'NONE',  ( -2.353151076758502700, 1.440889467031223800E-016, -1.859375000000019800 ) ) ;
#2767 = CARTESIAN_POINT ( 'NONE',  ( -1.338300807568876900, 0.7726683315065848700, 3.354166666666667400 ) ) ;
#2768 = ORIENTED_EDGE ( 'NONE', *, *, #1093, .F. ) ;
#2769 = DIRECTION ( 'NONE',  ( -0.0000000000000000000, -0.0000000000000000000, 1.000000000000000000 ) ) ;
#2770 = CARTESIAN_POINT ( 'NONE',  ( -1.154700538379256800, 1.999999999999991300, -6.241666666666645800 ) ) ;
#2771 = COORDINATED_UNIVERSAL_TIME_OFFSET ( 6, 0, .BEHIND. ) ;
#2772 = CONICAL_SURFACE ( 'NONE', #2002, 1.861954618136542700, 0.7853981633974500600 ) ;
#2773 = CARTESIAN_POINT ( 'NONE',  ( -1.892491597964129900E-016, -1.545336663013169300, -3.412499999999998800 ) ) ;
#2774 = EDGE_LOOP ( 'NONE', ( #9, #307, #258, #339, #627, #1326, #2107 ) ) ;
#2775 = DIRECTION ( 'NONE',  ( -0.0000000000000000000, -3.858187711820656000E-057, -1.000000000000000000 ) ) ;
#2776 = ADVANCED_FACE ( 'NONE', ( #255, #2984 ), #2161, .T. ) ;
#2777 = LINE ( 'NONE', #1138, #61 ) ;
#2778 = CARTESIAN_POINT ( 'NONE',  ( -1.892491597964129900E-016, -1.545336663013169300, 0.08750000000000077200 ) ) ;
#2779 = AXIS2_PLACEMENT_3D ( 'NONE', #1867, #1084, #3235 ) ;
#2780 = ORIENTED_EDGE ( 'NONE', *, *, #2168, .T. ) ;
#2781 = CARTESIAN_POINT ( 'NONE',  ( 0.0000000000000000000, 1.545336663013169300, -5.949999999999999300 ) ) ;
#2782 = CARTESIAN_POINT ( 'NONE',  ( -2.309401076758524200, 1.414100318299889400E-016, -2.537500000000029400 ) ) ;
#2783 = CARTESIAN_POINT ( 'NONE',  ( -2.449293598294706900E-016, -2.000000000000000900, 0.4374999999999812400 ) ) ;
#2784 = EDGE_LOOP ( 'NONE', ( #1615, #2899, #537, #1964 ) ) ;
#2785 = VERTEX_POINT ( 'NONE', #1372 ) ;
#2786 = B_SPLINE_CURVE_WITH_KNOTS ( 'NONE', 3,
 ( #3391, #2083, #3131, #1821, #993, #1553 ),
 .UNSPECIFIED., .F., .F.,
 ( 4, 2, 4 ),
 ( 0.002035738683355169800, 0.002484928579960684500, 0.002934118476566199100 ),
 .UNSPECIFIED. ) ;
#2787 = CARTESIAN_POINT ( 'NONE',  ( 1.784401076758502300, -3.277891600571085500E-016, -3.237499999999998900 ) ) ;
#2788 = ORIENTED_EDGE ( 'NONE', *, *, #352, .T. ) ;
#2789 = DIRECTION ( 'NONE',  ( -0.0000000000000000000, -3.858187711820656000E-057, -1.000000000000000000 ) ) ;
#2790 = CARTESIAN_POINT ( 'NONE',  ( -0.8922005383792510600, 1.545336663013169500, -0.2041666666666658600 ) ) ;
#2791 = CARTESIAN_POINT ( 'NONE',  ( -1.784401076758502300, 1.092630533523695400E-016, -3.674999999999999800 ) ) ;
#2792 = DIRECTION ( 'NONE',  ( -0.0000000000000000000, -3.858187711820656000E-057, -1.000000000000000000 ) ) ;
#2793 = EDGE_CURVE ( 'NONE', #1656, #2110, #632, .T. ) ;
#2794 = ADVANCED_FACE ( 'NONE', ( #1558 ), #2812, .T. ) ;
#2795 =( BOUNDED_CURVE ( )  B_SPLINE_CURVE ( 2, ( #2591, #171, #956, #967, #2072, #2625, #1529 ),
 .UNSPECIFIED., .F., .F. ) 
 B_SPLINE_CURVE_WITH_KNOTS ( ( 3, 2, 2, 3 ),
 ( 0.01099114815994609200, 0.01308169216232353700, 0.01517223616470100500, 0.01726278016707845000 ),
 .UNSPECIFIED. ) 
 CURVE ( )  GEOMETRIC_REPRESENTATION_ITEM ( )  RATIONAL_B_SPLINE_CURVE ( ( 0.9999999999999829000, 0.8660254037844558100, 1.000000000000000000, 0.8660254037844387100, 1.000000000000000000, 0.8660254037843929700, 1.000000000000045700 ) ) 
 REPRESENTATION_ITEM ( '' )  );
#2796 = CARTESIAN_POINT ( 'NONE',  ( -0.8922005383792517300, -1.545336663013168900, 0.02916666666666778800 ) ) ;
#2797 = CARTESIAN_POINT ( 'NONE',  ( -2.353151076758502700, 1.440889467031223800E-016, 2.340624999999979700 ) ) ;
#2798 = CARTESIAN_POINT ( 'NONE',  ( -0.8922005383792510600, 1.545336663013169500, -4.491666666666666300 ) ) ;
#2799 = CARTESIAN_POINT ( 'NONE',  ( 1.338300807568877600, 0.7726683315065835400, -5.366666666666666300 ) ) ;
#2800 = CARTESIAN_POINT ( 'NONE',  ( 5.602117988209822500E-016, -1.732050807568877400, -1.582575694955841200 ) ) ;
#2801 = EDGE_CURVE ( 'NONE', #1760, #2328, #3012, .T. ) ;
#2802 = CARTESIAN_POINT ( 'NONE',  ( -1.338300807568877100, -0.7726683315065843200, 2.070833333333333300 ) ) ;
#2803 = SECURITY_CLASSIFICATION ( '', '', #2660 ) ;
#2804 = CARTESIAN_POINT ( 'NONE',  ( 0.8922005383792521700, 1.545336663013168900, 0.3791666666666674800 ) ) ;
#2805 = ADVANCED_FACE ( 'NONE', ( #96 ), #3483, .F. ) ;
#2806 = CARTESIAN_POINT ( 'NONE',  ( -0.8922005383792517300, -1.545336663013168900, -5.658333333333333200 ) ) ;
#2807 = CARTESIAN_POINT ( 'NONE',  ( 1.764863307568878000, 1.018944305707782900, -6.394791666666646000 ) ) ;
#2808 = CARTESIAN_POINT ( 'NONE',  ( -0.8922005383792517300, -1.545336663013168900, -4.258333333333332900 ) ) ;
#2809 = LINE ( 'NONE', #762, #2599 ) ;
#2810 = CARTESIAN_POINT ( 'NONE',  ( 0.0000000000000000000, -3.299999999999999800, 3.000000000000000000 ) ) ;
#2811 = CARTESIAN_POINT ( 'NONE',  ( 1.500000000000000000, 0.8660254037844388200, 4.000000000000000000 ) ) ;
#2812 = CYLINDRICAL_SURFACE ( 'NONE', #2838, 2.000000000000000900 ) ;
#2813 = ORIENTED_EDGE ( 'NONE', *, *, #2427, .T. ) ;
#2814 = AXIS2_PLACEMENT_3D ( 'NONE', #2873, #2613, #147 ) ;
#2815 = CARTESIAN_POINT ( 'NONE',  ( -1.338300807568877100, -0.7726683315065843200, -0.7291666666666653000 ) ) ;
#2816 = ORIENTED_EDGE ( 'NONE', *, *, #2741, .T. ) ;
#2817 = CARTESIAN_POINT ( 'NONE',  ( 0.8922005383792521700, 1.545336663013168900, -3.908333333333333200 ) ) ;
#2818 = FACE_OUTER_BOUND ( 'NONE', #1359, .T. ) ;
#2819 = CARTESIAN_POINT ( 'NONE',  ( 1.732050807568879000, 0.9999999999999988900, -0.8166666666666468900 ) ) ;
#2820 = CARTESIAN_POINT ( 'NONE',  ( -1.784401076758502300, 1.092630533523695400E-016, -4.375000000000000000 ) ) ;
#2821 = ORIENTED_EDGE ( 'NONE', *, *, #2668, .T. ) ;
#2822 = CARTESIAN_POINT ( 'NONE',  ( 1.732050807568879000, 0.9999999999999988900, -1.516666666666646800 ) ) ;
#2823 = CARTESIAN_POINT ( 'NONE',  ( 0.2357771903914938900, 1.595924783227574000, 6.733970165090436700 ) ) ;
#2824 = ADVANCED_FACE ( 'NONE', ( #464 ), #2772, .F. ) ;
#2825 = CARTESIAN_POINT ( 'NONE',  ( 0.0000000000000000000, -5.401462796548918100E-056, -7.000000000000000000 ) ) ;
#2826 = VERTEX_POINT ( 'NONE', #1349 ) ;
#2827 = B_SPLINE_CURVE_WITH_KNOTS ( 'NONE', 3,
 ( #2688, #1848, #2406, #208 ),
 .UNSPECIFIED., .F., .F.,
 ( 4, 4 ),
 ( 0.001138295382465147500, 0.002035738683355169800 ),
 .UNSPECIFIED. ) ;
#2828 = CARTESIAN_POINT ( 'NONE',  ( 2.309401076758504300, -4.242300954899628600E-016, 0.5250000000000194500 ) ) ;
#2829 = CARTESIAN_POINT ( 'NONE',  ( -1.338300807568877100, -0.7726683315065843200, -7.116666666666666300 ) ) ;
#2830 = CARTESIAN_POINT ( 'NONE',  ( -1.764863307568877300, -1.018944305707784000, -3.244791666666645600 ) ) ;
#2831 = CARTESIAN_POINT ( 'NONE',  ( 0.8922005383792521700, 1.545336663013168900, 0.9916666666666675800 ) ) ;
#2832 = PLANE ( 'NONE',  #3259 ) ;
#2833 = CARTESIAN_POINT ( 'NONE',  ( -1.499999999999999800, 0.8660254037844382600, 4.000000000000000000 ) ) ;
#2834 = CARTESIAN_POINT ( 'NONE',  ( 5.602117988209822500E-016, -1.732050807568877400, 4.000000000000000000 ) ) ;
#2835 = EDGE_CURVE ( 'NONE', #2285, #761, #12, .T. ) ;
#2836 = ORIENTED_EDGE ( 'NONE', *, *, #2059, .T. ) ;
#2837 = CARTESIAN_POINT ( 'NONE',  ( -0.8922005383792517300, -1.545336663013168900, 1.429166666666667800 ) ) ;
#2838 = AXIS2_PLACEMENT_3D ( 'NONE', #3246, #1068, #1903 ) ;
#2839 = CARTESIAN_POINT ( 'NONE',  ( -0.8922005383792510600, 1.545336663013169500, -5.804166666666666300 ) ) ;
#2840 = CARTESIAN_POINT ( 'NONE',  ( 0.0000000000000000000, 2.000000000000000900, 2.100000000000020100 ) ) ;
#2841 = CARTESIAN_POINT ( 'NONE',  ( -0.8922005383792517300, -1.545336663013168900, -6.358333333333333400 ) ) ;
#2842 = CARTESIAN_POINT ( 'NONE',  ( 1.764863307568876700, -1.018944305707785400, -5.111458333333312800 ) ) ;
#2843 = CARTESIAN_POINT ( 'NONE',  ( -1.784401076758502300, 1.092630533523695400E-016, -2.274999999999999900 ) ) ;
#2844 = EDGE_CURVE ( 'NONE', #364, #2712, #2809, .T. ) ;
#2845 = ORIENTED_EDGE ( 'NONE', *, *, #721, .T. ) ;
#2846 = PERSON_AND_ORGANIZATION ( #1239, #901 ) ;
#2847 = CARTESIAN_POINT ( 'NONE',  ( -2.449293598294708900E-016, -2.000000000000002200, 2.537499999999980100 ) ) ;
#2848 = PERSON_AND_ORGANIZATION ( #1239, #901 ) ;
#2849 = CARTESIAN_POINT ( 'NONE',  ( -1.014703996554336700, -1.146211182010441900, 6.662699326111872500 ) ) ;
#2850 =( BOUNDED_CURVE ( )  B_SPLINE_CURVE ( 2, ( #1968, #2545, #1159, #2534, #3325, #911, #1186 ),
 .UNSPECIFIED., .F., .F. ) 
 B_SPLINE_CURVE_WITH_KNOTS ( ( 3, 2, 2, 3 ),
 ( 0.1874999999999999400, 0.1979166666666666300, 0.2083333333333333100, 0.2187500000000000000 ),
 .UNSPECIFIED. ) 
 CURVE ( )  GEOMETRIC_REPRESENTATION_ITEM ( )  RATIONAL_B_SPLINE_CURVE ( ( 1.000000000000000700, 0.8660254037844380400, 1.000000000000000000, 0.8660254037844387100, 1.000000000000000000, 0.8660254037844387100, 1.000000000000000000 ) ) 
 REPRESENTATION_ITEM ( '' )  );
#2851 = CARTESIAN_POINT ( 'NONE',  ( 1.338300807568876500, -0.7726683315065853200, -2.683333333333333600 ) ) ;
#2852 = CARTESIAN_POINT ( 'NONE',  ( 2.353151076758502700, -4.322668401093671800E-016, -4.353124999999979000 ) ) ;
#2853 = VERTEX_POINT ( 'NONE', #1878 ) ;
#2854 = CARTESIAN_POINT ( 'NONE',  ( -1.892491597964129900E-016, -1.545336663013169300, 0.7000000000000000700 ) ) ;
#2855 = EDGE_CURVE ( 'NONE', #142, #82, #2432, .T. ) ;
#2856 = CONICAL_SURFACE ( 'NONE', #866, 1.545336663013169300, 0.7853981633974461700 ) ;
#2857 = CARTESIAN_POINT ( 'NONE',  ( 1.732050807568877600, -1.000000000000001300, -1.633333333333313800 ) ) ;
#2858 =( BOUNDED_CURVE ( )  B_SPLINE_CURVE ( 2, ( #977, #2080, #1279, #730, #3155, #1564, #2339 ),
 .UNSPECIFIED., .F., .F. ) 
 B_SPLINE_CURVE_WITH_KNOTS ( ( 3, 2, 2, 3 ),
 ( 0.5000000000000000000, 0.5104166666666666300, 0.5208333333333333700, 0.5312500000000000000 ),
 .UNSPECIFIED. ) 
 CURVE ( )  GEOMETRIC_REPRESENTATION_ITEM ( )  RATIONAL_B_SPLINE_CURVE ( ( 1.000000000000000000, 0.8660254037844387100, 1.000000000000000000, 0.8660254037844387100, 1.000000000000000000, 0.8660254037844387100, 1.000000000000000000 ) ) 
 REPRESENTATION_ITEM ( '' )  );
#2859 = CARTESIAN_POINT ( 'NONE',  ( -2.449293598294706900E-016, -2.000000000000000900, 0.4374999999999812400 ) ) ;
#2860 = ORIENTED_EDGE ( 'NONE', *, *, #260, .T. ) ;
#2861 = VECTOR ( 'NONE', #804, 999.9999999999998900 ) ;
#2862 = CARTESIAN_POINT ( 'NONE',  ( -1.154700538379258600, -2.000000000000010700, -0.3208333333333576700 ) ) ;
#2863 = VECTOR ( 'NONE', #2011, 999.9999999999998900 ) ;
#2864 = CARTESIAN_POINT ( 'NONE',  ( 0.8922005383792521700, 1.545336663013168900, -5.920833333333332500 ) ) ;
#2865 = CARTESIAN_POINT ( 'NONE',  ( -0.4907859318651835400, -1.925922494246388000, -6.572985067753506000 ) ) ;
#2866 = CARTESIAN_POINT ( 'NONE',  ( 0.0000000000000000000, 1.545336663013169300, -0.3499999999999996400 ) ) ;
#2867 = VERTEX_POINT ( 'NONE', #2117 ) ;
#2868 = CARTESIAN_POINT ( 'NONE',  ( 1.176575538379250700, -2.037888611415569400, -5.169791666666646400 ) ) ;
#2869 = CARTESIAN_POINT ( 'NONE',  ( 0.8922005383792521700, 1.545336663013168900, -0.4083333333333334400 ) ) ;
#2870 = CARTESIAN_POINT ( 'NONE',  ( -1.338300807568876700, 0.7726683315065847600, 1.866666666666666700 ) ) ;
#2871 = CARTESIAN_POINT ( 'NONE',  ( -1.892491597964129700E-016, -1.545336663013169100, -4.899999999999999500 ) ) ;
#2872 = DIRECTION ( 'NONE',  ( 0.0000000000000000000, -3.858187711820656000E-057, -1.000000000000000000 ) ) ;
#2873 = CARTESIAN_POINT ( 'NONE',  ( 0.0000000000000000000, -5.401462796548918100E-056, -6.999999999999998200 ) ) ;
#2874 = CARTESIAN_POINT ( 'NONE',  ( -0.8922005383792517300, -1.545336663013168900, -4.870833333333333600 ) ) ;
#2875 = CARTESIAN_POINT ( 'NONE',  ( -1.784401076758502300, 1.092630533523695500E-016, -2.975000000000000500 ) ) ;
#2876 = ORIENTED_EDGE ( 'NONE', *, *, #3135, .T. ) ;
#2877 = CARTESIAN_POINT ( 'NONE',  ( -2.353151076758502700, 1.440889467031223800E-016, -4.703124999999978700 ) ) ;
#2878 = CARTESIAN_POINT ( 'NONE',  ( 1.338300807568876500, -0.7726683315065853200, -1.983333333333333400 ) ) ;
#2879 = CARTESIAN_POINT ( 'NONE',  ( -1.176575538379252000, -2.037888611415569000, -6.642708333333353600 ) ) ;
#2880 = CARTESIAN_POINT ( 'NONE',  ( -1.892491597964129700E-016, -1.545336663013169100, -3.499999999999999600 ) ) ;
#2881 = CARTESIAN_POINT ( 'NONE',  ( 2.449293598294707900E-016, -2.000000000000000900, -7.000000000000000000 ) ) ;
#2882 = CARTESIAN_POINT ( 'NONE',  ( 1.784401076758502300, -3.277891600571085500E-016, -4.637500000000000200 ) ) ;
#2883 = CARTESIAN_POINT ( 'NONE',  ( -2.449293598294706900E-016, -2.000000000000000000, -0.9625000000000189000 ) ) ;
#2884 = CARTESIAN_POINT ( 'NONE',  ( -1.338300807568877100, -0.7726683315065843200, -2.216666666666666300 ) ) ;
#2885 = CARTESIAN_POINT ( 'NONE',  ( -1.176575538379252000, -2.037888611415569000, -1.086458333333312400 ) ) ;
#2886 = CARTESIAN_POINT ( 'NONE',  ( 0.8922005383792521700, 1.545336663013168900, 1.691666666666667100 ) ) ;
#2887 = CARTESIAN_POINT ( 'NONE',  ( 2.353151076758502700, -4.322668401093671800E-016, -6.409375000000019400 ) ) ;
#2888 = CARTESIAN_POINT ( 'NONE',  ( 1.338300807568877400, 0.7726683315065834300, -3.266666666666667100 ) ) ;
#2889 = CARTESIAN_POINT ( 'NONE',  ( 0.0000000000000000000, 0.0000000000000000000, 7.000000000000000000 ) ) ;
#2890 = LINE ( 'NONE', #2740, #3387 ) ;
#2891 = B_SPLINE_CURVE_WITH_KNOTS ( 'NONE', 3,
 ( #477, #2631, #1828, #2091 ),
 .UNSPECIFIED., .F., .F.,
 ( 4, 4 ),
 ( 0.0000000000000000000, 0.0003239473825343462600 ),
 .UNSPECIFIED. ) ;
#2892 =( BOUNDED_CURVE ( )  B_SPLINE_CURVE ( 2, ( #1154, #2179, #319, #64, #3277, #2749, #568 ),
 .UNSPECIFIED., .F., .F. ) 
 B_SPLINE_CURVE_WITH_KNOTS ( ( 3, 2, 2, 3 ),
 ( 1.568012750005527400E-017, 0.0005485766094128070600, 0.002634548534685102200, 0.004720520459957374900 ),
 .UNSPECIFIED. ) 
 CURVE ( )  GEOMETRIC_REPRESENTATION_ITEM ( )  RATIONAL_B_SPLINE_CURVE ( ( 0.9480652107225924200, 0.9647668653403438400, 1.000000000000000000, 0.8660254037844387100, 1.000000000000000000, 0.8660254037844387100, 1.000000000000000000 ) ) 
 REPRESENTATION_ITEM ( '' )  );
#2893 = ORIENTED_EDGE ( 'NONE', *, *, #2209, .T. ) ;
#2894 = CARTESIAN_POINT ( 'NONE',  ( -0.2449085964091956300, -1.981232230382598700, -6.564104432630563800 ) ) ;
#2895 = CARTESIAN_POINT ( 'NONE',  ( -1.892491597964129900E-016, -1.545336663013169300, -0.7000000000000000700 ) ) ;
#2896 = CYLINDRICAL_SURFACE ( 'NONE', #910, 2.000000000000000900 ) ;
#2897 = CARTESIAN_POINT ( 'NONE',  ( -1.176575538379252000, -2.037888611415569000, -0.3864583333333124800 ) ) ;
#2898 = CARTESIAN_POINT ( 'NONE',  ( 1.009129909835881200, -1.149429382477828600, 6.637405605205473500 ) ) ;
#2899 = ORIENTED_EDGE ( 'NONE', *, *, #1343, .T. ) ;
#2900 = EDGE_CURVE ( 'NONE', #82, #2867, #340, .T. ) ;
#2901 = CARTESIAN_POINT ( 'NONE',  ( -1.338300807568876700, 0.7726683315065847600, 3.266666666666667100 ) ) ;
#2902 = CARTESIAN_POINT ( 'NONE',  ( -0.8922005383792516200, -1.545336663013168600, -2.158333333333333200 ) ) ;
#2903 = CARTESIAN_POINT ( 'NONE',  ( -1.631793342820012900, -0.05056911072893054100, 2.583101952573113800 ) ) ;
#2904 = CARTESIAN_POINT ( 'NONE',  ( 1.154700538379251200, -2.000000000000001300, -0.2916666666666465300 ) ) ;
#2905 = CARTESIAN_POINT ( 'NONE',  ( 2.309401076758504300, -4.242300954899628600E-016, 1.925000000000020500 ) ) ;
#2906 = EDGE_LOOP ( 'NONE', ( #3338, #2649, #3302, #774 ) ) ;
#2907 = VERTEX_POINT ( 'NONE', #585 ) ;
#2908 = CARTESIAN_POINT ( 'NONE',  ( 1.338300807568876500, -0.7726683315065853200, 0.1166666666666668400 ) ) ;
#2909 = CARTESIAN_POINT ( 'NONE',  ( -1.176575538379251100, 2.037888611415569000, 0.7802083333333540400 ) ) ;
#2910 = EDGE_CURVE ( 'NONE', #2691, #364, #3318, .T. ) ;
#2911 = CARTESIAN_POINT ( 'NONE',  ( 0.0000000000000000000, 2.000000000000000900, -7.000000000000000000 ) ) ;
#2912 = CARTESIAN_POINT ( 'NONE',  ( 1.338300807568876300, -0.7726683315065852000, 2.216666666666666300 ) ) ;
#2913 = CARTESIAN_POINT ( 'NONE',  ( 1.338300807568877400, 0.7726683315065834300, -3.966666666666666800 ) ) ;
#2914 = CARTESIAN_POINT ( 'NONE',  ( -1.732050807568878100, 1.000000000000000700, -4.083333333333313500 ) ) ;
#2915 = CARTESIAN_POINT ( 'NONE',  ( -1.732050807568887000, -1.000000000000005100, -0.3791666666666915800 ) ) ;
#2916 = B_SPLINE_CURVE_WITH_KNOTS ( 'NONE', 3,
 ( #135, #1237, #2092, #1537, #2644, #3139, #2338, #706 ),
 .UNSPECIFIED., .F., .F.,
 ( 4, 2, 2, 4 ),
 ( 0.001307914899332786900, 0.001751419089231234800, 0.002194923279129682600, 0.003081931658926578200 ),
 .UNSPECIFIED. ) ;
#2917 = CARTESIAN_POINT ( 'NONE',  ( -0.8922005383792511700, 1.545336663013169500, -5.804166666666665400 ) ) ;
#2918 = VERTEX_POINT ( 'NONE', #2754 ) ;
#2919 = DIRECTION ( 'NONE',  ( 0.0000000000000000000, 1.000000000000000000, -3.858187711820656000E-057 ) ) ;
#2920 = CARTESIAN_POINT ( 'NONE',  ( 1.338300807568877600, 0.7726683315065835400, 0.2333333333333336700 ) ) ;
#2921 = CARTESIAN_POINT ( 'NONE',  ( -2.495693764988920700E-016, -2.037888611415569000, -1.028124999999979500 ) ) ;
#2922 = CARTESIAN_POINT ( 'NONE',  ( 1.264222809608506000, -1.002151428125741500, 6.733970165090439300 ) ) ;
#2923 = CARTESIAN_POINT ( 'NONE',  ( -2.353151076758502700, 1.440889467031223800E-016, -2.559375000000020200 ) ) ;
#2924 = CARTESIAN_POINT ( 'NONE',  ( 0.0000000000000000000, 1.545336663013169100, -1.049999999999999800 ) ) ;
#2925 = PERSON_AND_ORGANIZATION_ROLE ( 'classification_officer' ) ;
#2926 = CARTESIAN_POINT ( 'NONE',  ( 0.0000000000000000000, 2.000000000000000900, 2.009500964066102100E-014 ) ) ;
#2927 = AXIS2_PLACEMENT_3D ( 'NONE', #1971, #871, #15 ) ;
#2928 = CARTESIAN_POINT ( 'NONE',  ( -2.309401076758504300, 1.414100318299876300E-016, 0.1750000000000198900 ) ) ;
#2929 = CARTESIAN_POINT ( 'NONE',  ( 0.0000000000000000000, 2.000000000000000900, -4.199999999999979700 ) ) ;
#2930 = CARTESIAN_POINT ( 'NONE',  ( 0.8922005383792521700, 1.545336663013168900, -3.820833333333332400 ) ) ;
#2931 = CARTESIAN_POINT ( 'NONE',  ( 0.0000000000000000000, 0.0000000000000000000, 2.800000000000000300 ) ) ;
#2932 = CARTESIAN_POINT ( 'NONE',  ( -1.764863307568877300, -1.018944305707784000, -1.144791666666645600 ) ) ;
#2933 = CARTESIAN_POINT ( 'NONE',  ( -1.764863307568877100, 1.018944305707784700, -3.317708333333353000 ) ) ;
#2934 = LINE ( 'NONE', #2800, #2081 ) ;
#2935 = CARTESIAN_POINT ( 'NONE',  ( -1.892491597964129700E-016, -1.545336663013169100, 1.399999999999999200 ) ) ;
#2936 = CARTESIAN_POINT ( 'NONE',  ( 2.309401076758504300, -4.242300954899628600E-016, -3.674999999999980300 ) ) ;
#2937 = CARTESIAN_POINT ( 'NONE',  ( 0.0000000000000000000, -3.500000000000000000, 3.200000000000000600 ) ) ;
#2938 = EDGE_LOOP ( 'NONE', ( #1784, #829, #2952, #3254 ) ) ;
#2939 = DIRECTION ( 'NONE',  ( 0.0000000000000000000, 1.000000000000000000, 0.0000000000000000000 ) ) ;
#2940 = VECTOR ( 'NONE', #3269, 1000.000000000000000 ) ;
#2941 = CARTESIAN_POINT ( 'NONE',  ( 4.902744876744521600E-013, 2.000000000000001800, -3.412500000000044100 ) ) ;
#2942 = CARTESIAN_POINT ( 'NONE',  ( -0.8922005383792517300, -1.545336663013168900, -5.570833333333332000 ) ) ;
#2943 = EDGE_LOOP ( 'NONE', ( #2178, #2571 ) ) ;
#2944 = LINE ( 'NONE', #765, #777 ) ;
#2945 = CARTESIAN_POINT ( 'NONE',  ( 1.500000000000000000, -0.8660254037844384900, 4.000000000000000000 ) ) ;
#2946 = CARTESIAN_POINT ( 'NONE',  ( -0.8922005383792517300, -1.545336663013168900, -5.570833333333331100 ) ) ;
#2947 = AXIS2_PLACEMENT_3D ( 'NONE', #887, #2789, #2245 ) ;
#2948 = CARTESIAN_POINT ( 'NONE',  ( 1.176575538379250700, -2.037888611415569400, -5.126041666666687000 ) ) ;
#2949 = CARTESIAN_POINT ( 'NONE',  ( 0.8922005383792506200, -1.545336663013169500, 0.05833333333333386200 ) ) ;
#2950 = CARTESIAN_POINT ( 'NONE',  ( 0.0000000000000000000, -5.401462796548918100E-056, -7.000000000000000000 ) ) ;
#2951 = CARTESIAN_POINT ( 'NONE',  ( 0.0000000000000000000, 1.545336663013169300, -3.762499999999998800 ) ) ;
#2952 = ORIENTED_EDGE ( 'NONE', *, *, #649, .T. ) ;
#2953 = CARTESIAN_POINT ( 'NONE',  ( 2.309401076758514000, -4.242300954899648900E-016, -5.687500000000024000 ) ) ;
#2954 = CARTESIAN_POINT ( 'NONE',  ( -1.338300807568876900, 0.7726683315065848700, -5.045833333333332500 ) ) ;
#2955 = CARTESIAN_POINT ( 'NONE',  ( -2.449293598294707400E-016, -2.000000000000000900, 1.750000000000019100 ) ) ;
#2956 = CARTESIAN_POINT ( 'NONE',  ( -1.784401076758502300, 1.092630533523695500E-016, -7.087499999999998600 ) ) ;
#2957 = VERTEX_POINT ( 'NONE', #557 ) ;
#2958 = CARTESIAN_POINT ( 'NONE',  ( 1.500000000000000000, 0.8660254037844388200, -1.582575694955841200 ) ) ;
#2959 = CARTESIAN_POINT ( 'NONE',  ( -1.176575538379252000, -2.037888611415569000, -3.142708333333353200 ) ) ;
#2960 =( BOUNDED_SURFACE ( )  B_SPLINE_SURFACE ( 1, 2, ( 
 ( #2319, #1516, #955, #662, #3086, #3389, #682, #1497, #3360, #374, #389, #1507, #1231, #3109, #1195, #2590, #1745, #966, #140, #941, #2330, #111, #2043, #2864, #3118, #2839, #1787, #2033, #3371, #401, #148, #2282, #436, #3414, #2616, #991, #2340, #709, #1812, #3130, #979, #2874, #1256, #1799, #3405, #2882, #1268, #3144, #1540, #1552, #158, #2063, #1446, #2191, #1945, #1069, #3212, #2747, #1652, #14, #2951, #552, #814, #514, #2142, #828, #539, #2990, #3484, #2193, #2152, #2719, #803, #1085, #1638, #790, #3236, #290, #1350, #1918, #3005, #1891, #566, #2176, #1621, #3225, #1386, #843, #2733, #3508, #1099, #1904, #2964, #264, #3495, #3247, #1930, #2450, #278, #2476, #2162, #251, #2464, #1373, #1334, #1111, #3258, #1879, #1666, #240, #29, #2421, #2697, #2708, #1630, #527, #2435, #2974, #1361, #39, #624, #2790, #1676, #2525, #1140, #2238, #2778, #615, #3303, #881, #2502, #1415, #1720, #2516, #2488, #3025, #2205, #3288, #3039, #603, #1160, #1125, #889, #3016, #1171, #74, #1690, #2246, #1403, #1709, #2509, #3045, #869, #3316, #62, #1425, #3297, #1959, #898, #1702, #345, #1438, #1978, #1970, #329, #3275, #854, #1947, #302, #3054, #581, #2759, #2228, #1151, #2217, #336, #49, #1448, #317, #81, #1987, #591, #2767, #913, #3059 ),
 ( #357, #1994, #663, #377, #2829, #3328, #2035, #2004, #2560, #640, #924, #1486, #633, #3079, #129, #1187, #1758, #2841, #1740, #403, #2027, #1457, #3069, #1225, #672, #2574, #3349, #934, #1747, #2806, #112, #3337, #3088, #1771, #2284, #3362, #2310, #2019, #102, #120, #654, #2583, #392, #1211, #1731, #1498, #89, #2296, #2257, #2798, #2546, #1469, #944, #2535, #3099, #369, #2273, #1179, #1508, #2817, #1197, #3372, #2073, #2618, #447, #3146, #711, #2332, #1244, #1568, #2350, #2321, #968, #2046, #3120, #2875, #437, #994, #957, #719, #2851, #2626, #3416, #1530, #2084, #1233, #1554, #2341, #2884, #701, #3157, #3407, #1258, #3132, #1788, #457, #1542, #187, #1270, #1814, #1801, #160, #732, #685, #2363, #3111, #1006, #141, #3379, #2065, #981, #2055, #172, #2592, #2895, #3392, #1282, #3425, #412, #1822, #2866, #1518, #1777, #149, #422, #2603, #1028, #2377, #2908, #1295, #2920, #469, #747, #1017, #1592, #3440, #2651, #1833, #198, #2099, #3167, #1309, #3451, #1582, #3180, #2637, #194, #502, #490, #3421, #1576, #1323, #2681, #2671, #3448, #1037, #1589, #1289, #2106, #1829, #1599, #228, #2384, #1855, #2128, #204, #2093, #214, #1840, #1060, #2400, #3190, #181, #1317, #1561, #763, #2358, #2410, #1024, #3431, #2118, #2078, #1048, #2371, #454 ) ),
 .UNSPECIFIED., .F., .F., .F. ) 
 B_SPLINE_SURFACE_WITH_KNOTS ( ( 2, 2 ),
 ( 3, 2, 2, 2, 2, 2, 2, 2, 2, 2, 2, 2, 2, 2, 2, 2, 2, 2, 2, 2, 2, 2, 2, 2, 2, 2, 2, 2, 2, 2, 2, 2, 2, 2, 2, 2, 2, 2, 2, 2, 2, 2, 2, 2, 2, 2, 2, 2, 2, 2, 2, 2, 2, 2, 2, 2, 2, 2, 2, 2, 2, 2, 2, 2, 2, 2, 2, 2, 2, 2, 2, 2, 2, 2, 2, 2, 2, 2, 2, 2, 2, 2, 2, 2, 2, 2, 2, 2, 2, 2, 2, 2, 3 ),
 ( 0.0000000000000000000, 1.000000000000000000 ),
 ( 0.0000000000000000000, 0.01041666666666666600, 0.02083333333333333200, 0.03125000000000000000, 0.04166666666666666400, 0.05208333333333333600, 0.06250000000000000000, 0.07291666666666667100, 0.08333333333333332900, 0.09375000000000000000, 0.1041666666666666700, 0.1145833333333333300, 0.1250000000000000000, 0.1354166666666666600, 0.1458333333333333400, 0.1562500000000000000, 0.1666666666666666600, 0.1770833333333333400, 0.1875000000000000000, 0.1979166666666666600, 0.2083333333333333400, 0.2187500000000000000, 0.2291666666666666600, 0.2395833333333333400, 0.2500000000000000000, 0.2604166666666666900, 0.2708333333333333100, 0.2812500000000000000, 0.2916666666666666900, 0.3020833333333333100, 0.3125000000000000000, 0.3229166666666666900, 0.3333333333333333100, 0.3437500000000000000, 0.3541666666666666900, 0.3645833333333333100, 0.3750000000000000000, 0.3854166666666666900, 0.3958333333333333100, 0.4062500000000000000, 0.4166666666666666900, 0.4270833333333333100, 0.4375000000000000000, 0.4479166666666666900, 0.4583333333333333100, 0.4687500000000000000, 0.4791666666666666900, 0.4895833333333333100, 0.5000000000000000000, 0.5104166666666666300, 0.5208333333333333700, 0.5312500000000000000, 0.5416666666666666300, 0.5520833333333333700, 0.5625000000000000000, 0.5729166666666666300, 0.5833333333333333700, 0.5937500000000000000, 0.6041666666666666300, 0.6145833333333333700, 0.6250000000000000000, 0.6354166666666666300, 0.6458333333333333700, 0.6562500000000000000, 0.6666666666666666300, 0.6770833333333333700, 0.6875000000000000000, 0.6979166666666666300, 0.7083333333333333700, 0.7187500000000000000, 0.7291666666666666300, 0.7395833333333333700, 0.7500000000000000000, 0.7604166666666666300, 0.7708333333333333700, 0.7812500000000000000, 0.7916666666666666300, 0.8020833333333333700, 0.8125000000000000000, 0.8229166666666666300, 0.8333333333333333700, 0.8437500000000000000, 0.8541666666666666300, 0.8645833333333333700, 0.8750000000000000000, 0.8854166666666666300, 0.8958333333333333700, 0.9062500000000000000, 0.9166666666666666300, 0.9270833333333333700, 0.9375000000000000000, 0.9479166666666666300, 0.9553151100851341400 ),
 .UNSPECIFIED. ) 
 GEOMETRIC_REPRESENTATION_ITEM ( )  RATIONAL_B_SPLINE_SURFACE ( (
 ( 1.000000000000000000, 0.8660254037844387100, 1.000000000000000000, 0.8660254037844387100, 1.000000000000000000, 0.8660254037844387100, 1.000000000000000000, 0.8660254037844387100, 1.000000000000000000, 0.8660254037844387100, 1.000000000000000000, 0.8660254037844387100, 1.000000000000000000, 0.8660254037844387100, 1.000000000000000000, 0.8660254037844387100, 1.000000000000000000, 0.8660254037844387100, 1.000000000000000000, 0.8660254037844387100, 1.000000000000000000, 0.8660254037844387100, 1.000000000000000000, 0.8660254037844387100, 1.000000000000000000, 0.8660254037844387100, 1.000000000000000000, 0.8660254037844387100, 1.000000000000000000, 0.8660254037844387100, 1.000000000000000000, 0.8660254037844387100, 1.000000000000000000, 0.8660254037844387100, 1.000000000000000000, 0.8660254037844387100, 1.000000000000000000, 0.8660254037844387100, 1.000000000000000000, 0.8660254037844387100, 1.000000000000000000, 0.8660254037844387100, 1.000000000000000000, 0.8660254037844387100, 1.000000000000000000, 0.8660254037844387100, 1.000000000000000000, 0.8660254037844387100, 1.000000000000000000, 0.8660254037844387100, 1.000000000000000000, 0.8660254037844387100, 1.000000000000000000, 0.8660254037844387100, 1.000000000000000000, 0.8660254037844387100, 1.000000000000000000, 0.8660254037844387100, 1.000000000000000000, 0.8660254037844387100, 1.000000000000000000, 0.8660254037844387100, 1.000000000000000000, 0.8660254037844387100, 1.000000000000000000, 0.8660254037844387100, 1.000000000000000000, 0.8660254037844387100, 1.000000000000000000, 0.8660254037844387100, 1.000000000000000000, 0.8660254037844387100, 1.000000000000000000, 0.8660254037844387100, 1.000000000000000000, 0.8660254037844387100, 1.000000000000000000, 0.8660254037844387100, 1.000000000000000000, 0.8660254037844387100, 1.000000000000000000, 0.8660254037844387100, 1.000000000000000000, 0.8660254037844387100, 1.000000000000000000, 0.8660254037844387100, 1.000000000000000000, 0.8660254037844387100, 1.000000000000000000, 0.8660254037844387100, 1.000000000000000000, 0.8660254037844387100, 1.000000000000000000, 0.8660254037844387100, 1.000000000000000000, 0.8660254037844387100, 1.000000000000000000, 0.8660254037844387100, 1.000000000000000000, 0.8660254037844387100, 1.000000000000000000, 0.8660254037844387100, 1.000000000000000000, 0.8660254037844387100, 1.000000000000000000, 0.8660254037844387100, 1.000000000000000000, 0.8660254037844387100, 1.000000000000000000, 0.8660254037844387100, 1.000000000000000000, 0.8660254037844387100, 1.000000000000000000, 0.8660254037844387100, 1.000000000000000000, 0.8660254037844387100, 1.000000000000000000, 0.8660254037844387100, 1.000000000000000000, 0.8660254037844387100, 1.000000000000000000, 0.8660254037844387100, 1.000000000000000000, 0.8660254037844387100, 1.000000000000000000, 0.8660254037844387100, 1.000000000000000000, 0.8660254037844387100, 1.000000000000000000, 0.8660254037844387100, 1.000000000000000000, 0.8660254037844387100, 1.000000000000000000, 0.8660254037844387100, 1.000000000000000000, 0.8660254037844387100, 1.000000000000000000, 0.8660254037844387100, 1.000000000000000000, 0.8660254037844387100, 1.000000000000000000, 0.8660254037844387100, 1.000000000000000000, 0.8660254037844387100, 1.000000000000000000, 0.8660254037844387100, 1.000000000000000000, 0.8660254037844387100, 1.000000000000000000, 0.8660254037844387100, 1.000000000000000000, 0.8660254037844387100, 1.000000000000000000, 0.8660254037844387100, 1.000000000000000000, 0.8660254037844387100, 1.000000000000000000, 0.8660254037844387100, 1.000000000000000000, 0.8660254037844387100, 1.000000000000000000, 0.8660254037844387100, 1.000000000000000000, 0.8660254037844387100, 1.000000000000000000, 0.8660254037844387100, 1.000000000000000000, 0.8660254037844387100, 1.000000000000000000, 0.8660254037844387100, 1.000000000000000000, 0.8660254037844387100, 1.000000000000000000, 0.8660254037844387100, 1.000000000000000000, 0.8660254037844387100, 1.000000000000000000, 0.8660254037844387100, 1.000000000000000000, 0.8660254037844387100, 1.000000000000000000, 0.8660254037844387100, 1.000000000000000000, 0.9048444669171659100, 0.9448574767080835100),
 ( 1.000000000000000000, 0.8660254037844387100, 1.000000000000000000, 0.8660254037844387100, 1.000000000000000000, 0.8660254037844387100, 1.000000000000000000, 0.8660254037844387100, 1.000000000000000000, 0.8660254037844387100, 1.000000000000000000, 0.8660254037844387100, 1.000000000000000000, 0.8660254037844387100, 1.000000000000000000, 0.8660254037844387100, 1.000000000000000000, 0.8660254037844387100, 1.000000000000000000, 0.8660254037844387100, 1.000000000000000000, 0.8660254037844387100, 1.000000000000000000, 0.8660254037844387100, 1.000000000000000000, 0.8660254037844387100, 1.000000000000000000, 0.8660254037844387100, 1.000000000000000000, 0.8660254037844387100, 1.000000000000000000, 0.8660254037844387100, 1.000000000000000000, 0.8660254037844387100, 1.000000000000000000, 0.8660254037844387100, 1.000000000000000000, 0.8660254037844387100, 1.000000000000000000, 0.8660254037844387100, 1.000000000000000000, 0.8660254037844387100, 1.000000000000000000, 0.8660254037844387100, 1.000000000000000000, 0.8660254037844387100, 1.000000000000000000, 0.8660254037844387100, 1.000000000000000000, 0.8660254037844387100, 1.000000000000000000, 0.8660254037844387100, 1.000000000000000000, 0.8660254037844387100, 1.000000000000000000, 0.8660254037844387100, 1.000000000000000000, 0.8660254037844387100, 1.000000000000000000, 0.8660254037844387100, 1.000000000000000000, 0.8660254037844387100, 1.000000000000000000, 0.8660254037844387100, 1.000000000000000000, 0.8660254037844387100, 1.000000000000000000, 0.8660254037844387100, 1.000000000000000000, 0.8660254037844387100, 1.000000000000000000, 0.8660254037844387100, 1.000000000000000000, 0.8660254037844387100, 1.000000000000000000, 0.8660254037844387100, 1.000000000000000000, 0.8660254037844387100, 1.000000000000000000, 0.8660254037844387100, 1.000000000000000000, 0.8660254037844387100, 1.000000000000000000, 0.8660254037844387100, 1.000000000000000000, 0.8660254037844387100, 1.000000000000000000, 0.8660254037844387100, 1.000000000000000000, 0.8660254037844387100, 1.000000000000000000, 0.8660254037844387100, 1.000000000000000000, 0.8660254037844387100, 1.000000000000000000, 0.8660254037844387100, 1.000000000000000000, 0.8660254037844387100, 1.000000000000000000, 0.8660254037844387100, 1.000000000000000000, 0.8660254037844387100, 1.000000000000000000, 0.8660254037844387100, 1.000000000000000000, 0.8660254037844387100, 1.000000000000000000, 0.8660254037844387100, 1.000000000000000000, 0.8660254037844387100, 1.000000000000000000, 0.8660254037844387100, 1.000000000000000000, 0.8660254037844387100, 1.000000000000000000, 0.8660254037844387100, 1.000000000000000000, 0.8660254037844387100, 1.000000000000000000, 0.8660254037844387100, 1.000000000000000000, 0.8660254037844387100, 1.000000000000000000, 0.8660254037844387100, 1.000000000000000000, 0.8660254037844387100, 1.000000000000000000, 0.8660254037844387100, 1.000000000000000000, 0.8660254037844387100, 1.000000000000000000, 0.8660254037844387100, 1.000000000000000000, 0.8660254037844387100, 1.000000000000000000, 0.8660254037844387100, 1.000000000000000000, 0.8660254037844387100, 1.000000000000000000, 0.8660254037844387100, 1.000000000000000000, 0.8660254037844387100, 1.000000000000000000, 0.8660254037844387100, 1.000000000000000000, 0.8660254037844387100, 1.000000000000000000, 0.8660254037844387100, 1.000000000000000000, 0.8660254037844387100, 1.000000000000000000, 0.8660254037844387100, 1.000000000000000000, 0.8660254037844387100, 1.000000000000000000, 0.8660254037844387100, 1.000000000000000000, 0.8660254037844387100, 1.000000000000000000, 0.8660254037844387100, 1.000000000000000000, 0.8660254037844387100, 1.000000000000000000, 0.8660254037844387100, 1.000000000000000000, 0.8660254037844387100, 1.000000000000000000, 0.8660254037844387100, 1.000000000000000000, 0.8660254037844387100, 1.000000000000000000, 0.8660254037844387100, 1.000000000000000000, 0.8660254037844387100, 1.000000000000000000, 0.8660254037844387100, 1.000000000000000000, 0.8660254037844387100, 1.000000000000000000, 0.8660254037844387100, 1.000000000000000000, 0.8660254037844387100, 1.000000000000000000, 0.9048444669171659100, 0.9448574767080835100) ) ) 
 REPRESENTATION_ITEM ( '' )  SURFACE ( )  );
#2961 = CARTESIAN_POINT ( 'NONE',  ( 1.784401076758502100, -3.277891600571085500E-016, 0.1749999999999998500 ) ) ;
#2962 = ORIENTED_EDGE ( 'NONE', *, *, #1954, .T. ) ;
#2963 = CARTESIAN_POINT ( 'NONE',  ( 1.154700538379251200, -2.000000000000001300, -3.791666666666647000 ) ) ;
#2964 = CARTESIAN_POINT ( 'NONE',  ( 1.338300807568876500, -0.7726683315065853200, -1.895833333333332600 ) ) ;
#2965 = EDGE_LOOP ( 'NONE', ( #3047, #3030, #3327, #2351 ) ) ;
#2966 = MANIFOLD_SOLID_BREP ( 'Revolve2', #2048 ) ;
#2967 = CARTESIAN_POINT ( 'NONE',  ( -0.8922005383792517300, -1.545336663013168900, -3.470833333333331400 ) ) ;
#2968 = CARTESIAN_POINT ( 'NONE',  ( 1.732050807568877600, -1.000000000000001300, -3.033333333333312800 ) ) ;
#2969 = EDGE_CURVE ( 'NONE', #1715, #331, #1170, .T. ) ;
#2970 = ORIENTED_EDGE ( 'NONE', *, *, #1409, .T. ) ;
#2971 = CARTESIAN_POINT ( 'NONE',  ( 2.353151076758502700, -4.322668401093671800E-016, 1.946875000000021700 ) ) ;
#2972 = CARTESIAN_POINT ( 'NONE',  ( 1.176575538379252400, 2.037888611415568100, -0.6927083333333533500 ) ) ;
#2973 = CARTESIAN_POINT ( 'NONE',  ( 0.8922005383792519500, 1.545336663013168600, -0.4083333333333334400 ) ) ;
#2974 = CARTESIAN_POINT ( 'NONE',  ( 1.784401076758502300, -3.277891600571085500E-016, -0.4374999999999986100 ) ) ;
#2975 = AXIS2_PLACEMENT_3D ( 'NONE', #497, #2675, #1053 ) ;
#2976 = CALENDAR_DATE ( 2025, 16, 7 ) ;
#2977 = CARTESIAN_POINT ( 'NONE',  ( 1.258670365771567400, -1.819918976502742600, -6.493661940296116000 ) ) ;
#2978 = ORIENTED_EDGE ( 'NONE', *, *, #2503, .F. ) ;
#2979 = CARTESIAN_POINT ( 'NONE',  ( -0.8922005383792511700, 1.545336663013169500, -3.004166666666665500 ) ) ;
#2980 = CARTESIAN_POINT ( 'NONE',  ( 1.154700538379263500, 2.000000000000017800, -2.070833333333362200 ) ) ;
#2981 = DATE_AND_TIME ( #2730, #558 ) ;
#2982 = EDGE_CURVE ( 'NONE', #1410, #3184, #2890, .T. ) ;
#2983 = CARTESIAN_POINT ( 'NONE',  ( 0.0000000000000000000, 2.000000000000000900, -2.799999999999980300 ) ) ;
#2984 = FACE_OUTER_BOUND ( 'NONE', #642, .T. ) ;
#2985 = CARTESIAN_POINT ( 'NONE',  ( 1.764863307568876700, -1.018944305707785400, 1.888541666666687700 ) ) ;
#2986 = ORIENTED_EDGE ( 'NONE', *, *, #2389, .F. ) ;
#2987 = CARTESIAN_POINT ( 'NONE',  ( -1.176575538379251100, 2.037888611415569000, 0.8239583333333137000 ) ) ;
#2988 = CARTESIAN_POINT ( 'NONE',  ( -0.7015962156040311800, -1.482999969179106700, -6.908224385948570600 ) ) ;
#2989 = VECTOR ( 'NONE', #376, 1000.000000000000000 ) ;
#2990 = CARTESIAN_POINT ( 'NONE',  ( 0.8922005383792507300, -1.545336663013169700, -3.354166666666666100 ) ) ;
#2991 = VERTEX_POINT ( 'NONE', #859 ) ;
#2992 = CARTESIAN_POINT ( 'NONE',  ( -1.338300807568877100, -0.7726683315065843200, -6.416666666666666100 ) ) ;
#2993 = DIRECTION ( 'NONE',  ( -0.0000000000000000000, -3.858187711820656000E-057, -1.000000000000000000 ) ) ;
#2994 = LINE ( 'NONE', #1737, #2138 ) ;
#2995 = CARTESIAN_POINT ( 'NONE',  ( 1.784401076758502300, -3.277891600571085500E-016, -0.4374999999999986700 ) ) ;
#2996 = CARTESIAN_POINT ( 'NONE',  ( 0.0000000000000000000, 1.545336663013169300, 3.237500000000001600 ) ) ;
#2997 = ORIENTED_EDGE ( 'NONE', *, *, #2209, .F. ) ;
#2998 = CARTESIAN_POINT ( 'NONE',  ( -1.154700538379520400, 2.000000000000343300, -1.254166666666914900 ) ) ;
#2999 = CARTESIAN_POINT ( 'NONE',  ( 0.8922005383792507300, -1.545336663013169700, -6.154166666666665900 ) ) ;
#3000 = VERTEX_POINT ( 'NONE', #3240 ) ;
#3001 = AXIS2_PLACEMENT_3D ( 'NONE', #2094, #1003, #1578 ) ;
#3002 = CARTESIAN_POINT ( 'NONE',  ( -1.176575538379252000, -2.037888611415569000, -0.3427083333333528800 ) ) ;
#3003 = CARTESIAN_POINT ( 'NONE',  ( -2.449293598294707400E-016, -2.000000000000000900, -5.249999999999980500 ) ) ;
#3004 = CARTESIAN_POINT ( 'NONE',  ( -0.8922005383792516200, -1.545336663013168600, -6.358333333333333400 ) ) ;
#3005 = CARTESIAN_POINT ( 'NONE',  ( 1.338300807568876500, -0.7726683315065853200, -2.595833333333332800 ) ) ;
#3006 = CARTESIAN_POINT ( 'NONE',  ( -1.154700538379251500, 2.000000000000000400, -5.454166666666683500 ) ) ;
#3007 = CARTESIAN_POINT ( 'NONE',  ( 0.0000000000000000000, -1.543275084728262400E-056, 3.000000000000000000 ) ) ;
#3008 = CARTESIAN_POINT ( 'NONE',  ( -1.892491597964129900E-016, -1.545336663013169300, -1.312499999999999300 ) ) ;
#3009 = CARTESIAN_POINT ( 'NONE',  ( 1.338300807568877600, 0.7726683315065835400, 1.020833333333334600 ) ) ;
#3010 = EDGE_CURVE ( 'NONE', #1499, #817, #605, .T. ) ;
#3011 = CARTESIAN_POINT ( 'NONE',  ( 1.608622363689276900, -0.3414859860498959400, -6.904432794191200700 ) ) ;
#3012 =( BOUNDED_CURVE ( )  B_SPLINE_CURVE ( 2, ( #526, #2963, #1360, #2936, #538, #813, #2718 ),
 .UNSPECIFIED., .F., .F. ) 
 B_SPLINE_CURVE_WITH_KNOTS ( ( 3, 2, 2, 3 ),
 ( 0.2812500000000000000, 0.2916666666666666900, 0.3020833333333333700, 0.3125000000000000600 ),
 .UNSPECIFIED. ) 
 CURVE ( )  GEOMETRIC_REPRESENTATION_ITEM ( )  RATIONAL_B_SPLINE_CURVE ( ( 1.000000000000000000, 0.8660254037844387100, 1.000000000000000000, 0.8660254037844387100, 1.000000000000000000, 0.8660254037844380400, 1.000000000000000700 ) ) 
 REPRESENTATION_ITEM ( '' )  );
#3013 = CARTESIAN_POINT ( 'NONE',  ( -0.8922005383792517300, -1.545336663013168900, -2.070833333333332400 ) ) ;
#3014 = CARTESIAN_POINT ( 'NONE',  ( -1.176575538379251100, 2.037888611415569000, 1.523958333333312900 ) ) ;
#3015 = CARTESIAN_POINT ( 'NONE',  ( -0.8922005383792516200, -1.545336663013168600, -7.058333333333333600 ) ) ;
#3016 = CARTESIAN_POINT ( 'NONE',  ( 0.8922005383792521700, 1.545336663013168900, 1.079166666666668400 ) ) ;
#3017 = CARTESIAN_POINT ( 'NONE',  ( -1.338300807568876900, 0.7726683315065848700, -6.533333333333333200 ) ) ;
#3018 = CARTESIAN_POINT ( 'NONE',  ( -1.338300807568877100, -0.7726683315065843200, -1.429166666666665400 ) ) ;
#3019 = CARTESIAN_POINT ( 'NONE',  ( -0.8922005383792517300, -1.545336663013168900, 0.7291666666666671800 ) ) ;
#3020 = CARTESIAN_POINT ( 'NONE',  ( 1.732050807568894500, 1.000000000000008000, -2.129166666666695700 ) ) ;
#3021 = CARTESIAN_POINT ( 'NONE',  ( 0.5381769757306569300, -1.478268324827987300, -6.975870267742597400 ) ) ;
#3022 = CARTESIAN_POINT ( 'NONE',  ( -0.8922005383792510600, 1.545336663013169500, -2.304166666666665400 ) ) ;
#3023 = CARTESIAN_POINT ( 'NONE',  ( 1.176575538379250700, -2.037888611415569400, -1.626041666666686100 ) ) ;
#3024 = CALENDAR_DATE ( 2025, 16, 7 ) ;
#3025 = CARTESIAN_POINT ( 'NONE',  ( -1.784401076758502300, 1.092630533523695500E-016, 0.6125000000000011500 ) ) ;
#3026 = ORIENTED_EDGE ( 'NONE', *, *, #1897, .F. ) ;
#3027 = CARTESIAN_POINT ( 'NONE',  ( -2.613693847516620000E-013, -2.000000000000000000, -5.162500000000030700 ) ) ;
#3028 = CIRCLE ( 'NONE', #2361, 2.200000000000001500 ) ;
#3029 = CARTESIAN_POINT ( 'NONE',  ( 0.8922005383792521700, 1.545336663013168900, -2.420833333333332500 ) ) ;
#3030 = ORIENTED_EDGE ( 'NONE', *, *, #496, .T. ) ;
#3031 = CARTESIAN_POINT ( 'NONE',  ( -1.892491597964129900E-016, -1.545336663013169300, 2.887500000000000200 ) ) ;
#3032 = FACE_OUTER_BOUND ( 'NONE', #877, .T. ) ;
#3033 = EDGE_CURVE ( 'NONE', #467, #2712, #2705, .T. ) ;
#3034 = EDGE_LOOP ( 'NONE', ( #63, #2962, #2391, #3449 ) ) ;
#3035 = DIRECTION ( 'NONE',  ( -0.0000000000000000000, -3.858187711820656000E-057, -1.000000000000000000 ) ) ;
#3036 = CYLINDRICAL_SURFACE ( 'NONE', #1495, 2.000000000000000900 ) ;
#3037 = CARTESIAN_POINT ( 'NONE',  ( -0.8922005383792510600, 1.545336663013169500, -3.704166666666665300 ) ) ;
#3038 = CARTESIAN_POINT ( 'NONE',  ( 0.0000000000000000000, -5.401462796548918100E-056, -7.000000000000000000 ) ) ;
#3039 = CARTESIAN_POINT ( 'NONE',  ( -1.892491597964129900E-016, -1.545336663013169300, 0.7875000000000008700 ) ) ;
#3040 = EDGE_LOOP ( 'NONE', ( #1221, #2388, #2423, #769 ) ) ;
#3041 = CARTESIAN_POINT ( 'NONE',  ( -1.732050807568878300, -1.000000000000000000, -6.066666666666646900 ) ) ;
#3042 = EDGE_CURVE ( 'NONE', #1335, #509, #7, .T. ) ;
#3043 = ADVANCED_FACE ( 'NONE', ( #1290 ), #1795, .T. ) ;
#3044 = CARTESIAN_POINT ( 'NONE',  ( 1.338300807568876500, -0.7726683315065853200, -5.395833333333332100 ) ) ;
#3045 = CARTESIAN_POINT ( 'NONE',  ( 0.8922005383792507300, -1.545336663013169700, 1.545833333333334100 ) ) ;
#3046 = CARTESIAN_POINT ( 'NONE',  ( -1.892491597964129900E-016, -1.545336663013169300, -5.599999999999999600 ) ) ;
#3047 = ORIENTED_EDGE ( 'NONE', *, *, #773, .F. ) ;
#3048 = CARTESIAN_POINT ( 'NONE',  ( 0.0000000000000000000, -5.401462796548918100E-056, -7.000000000000000000 ) ) ;
#3049 = CARTESIAN_POINT ( 'NONE',  ( 1.732050807568877600, -1.000000000000001300, 0.5541666666666470500 ) ) ;
#3050 = ORIENTED_EDGE ( 'NONE', *, *, #2844, .F. ) ;
#3051 = CC_DESIGN_PERSON_AND_ORGANIZATION_ASSIGNMENT ( #381, #2383, ( #2415 ) ) ;
#3052 = CARTESIAN_POINT ( 'NONE',  ( 0.8922005383792521700, 1.545336663013168900, -3.120833333333332200 ) ) ;
#3053 = ADVANCED_FACE ( 'NONE', ( #1332 ), #2218, .T. ) ;
#3054 = CARTESIAN_POINT ( 'NONE',  ( -0.8922005383792510600, 1.545336663013169500, 2.595833333333334500 ) ) ;
#3055 = CARTESIAN_POINT ( 'NONE',  ( 0.0000000000000000000, 1.545336663013169300, -3.849999999999999600 ) ) ;
#3056 = ORIENTED_EDGE ( 'NONE', *, *, #2249, .F. ) ;
#3057 = CARTESIAN_POINT ( 'NONE',  ( -1.892491597964129900E-016, -1.545336663013169300, -0.6124999999999993800 ) ) ;
#3058 = CARTESIAN_POINT ( 'NONE',  ( -2.164749386673044700, 0.3263212994598584900, 3.021943498932131900 ) ) ;
#3059 = CARTESIAN_POINT ( 'NONE',  ( -1.506591846489385700, -0.3438697575309306300, 3.438460775628260400 ) ) ;
#3060 = CARTESIAN_POINT ( 'NONE',  ( -1.176575538379252000, -2.037888611415569000, -5.986458333333312800 ) ) ;
#3061 = VERTEX_POINT ( 'NONE', #607 ) ;
#3062 = CARTESIAN_POINT ( 'NONE',  ( 0.0000000000000000000, 1.545336663013169300, -5.249999999999999100 ) ) ;
#3063 = CARTESIAN_POINT ( 'NONE',  ( -0.1007740199734563600, 1.545336663013169300, 2.537499999999995600 ) ) ;
#3064 = EDGE_LOOP ( 'NONE', ( #105, #3205, #1569 ) ) ;
#3065 = FACE_OUTER_BOUND ( 'NONE', #2274, .T. ) ;
#3066 = CARTESIAN_POINT ( 'NONE',  ( -1.499999999999999800, 1.836760632859557100E-016, 6.638045381863459000 ) ) ;
#3067 = CARTESIAN_POINT ( 'NONE',  ( -0.8922005383792510600, 1.545336663013169500, -0.2041666666666658600 ) ) ;
#3068 = ORIENTED_EDGE ( 'NONE', *, *, #983, .T. ) ;
#3069 = CARTESIAN_POINT ( 'NONE',  ( 1.338300807568877600, 0.7726683315065835400, -6.066666666666666400 ) ) ;
#3070 = EDGE_LOOP ( 'NONE', ( #3485, #3403, #2701, #1188 ) ) ;
#3071 = CARTESIAN_POINT ( 'NONE',  ( 2.353151076758502700, -4.322668401093671800E-016, -6.453124999999978700 ) ) ;
#3072 = CARTESIAN_POINT ( 'NONE',  ( 0.8922005383792508400, -1.545336663013169700, -2.741666666666667100 ) ) ;
#3073 = CARTESIAN_POINT ( 'NONE',  ( 0.0000000000000000000, 1.545336663013170200, 2.537499999999998800 ) ) ;
#3074 = DIRECTION ( 'NONE',  ( 0.0000000000000000000, 1.000000000000000000, 0.0000000000000000000 ) ) ;
#3075 = CARTESIAN_POINT ( 'NONE',  ( -2.309401076758504300, 1.414100318299876300E-016, -0.5249999999999802600 ) ) ;
#3076 = EDGE_CURVE ( 'NONE', #438, #1715, #1074, .T. ) ;
#3077 = CARTESIAN_POINT ( 'NONE',  ( -1.338300807568876900, 0.7726683315065848700, -0.8458333333333321000 ) ) ;
#3078 = CARTESIAN_POINT ( 'NONE',  ( 1.154700538379252800, 2.000000000000000000, 0.6416666666666863700 ) ) ;
#3079 = CARTESIAN_POINT ( 'NONE',  ( -0.8922005383792510600, 1.545336663013169500, -6.591666666666665900 ) ) ;
#3080 = VERTEX_POINT ( 'NONE', #350 ) ;
#3081 = CARTESIAN_POINT ( 'NONE',  ( 0.0000000000000000000, -5.401462796548918100E-056, -7.000000000000000000 ) ) ;
#3082 = CARTESIAN_POINT ( 'NONE',  ( -0.8922005383792517300, -1.545336663013168900, -2.858333333333333400 ) ) ;
#3083 = EDGE_CURVE ( 'NONE', #821, #3357, #2013, .T. ) ;
#3084 = CARTESIAN_POINT ( 'NONE',  ( 1.732050807568906300, 1.000000000000014900, 1.370833333333295800 ) ) ;
#3085 = CARTESIAN_POINT ( 'NONE',  ( -1.338300807568876900, 0.7726683315065848700, 1.954166666666667500 ) ) ;
#3086 = CARTESIAN_POINT ( 'NONE',  ( -1.338300807568877100, -0.7726683315065843200, -7.029166666666665000 ) ) ;
#3087 = CARTESIAN_POINT ( 'NONE',  ( 4.902744876744521600E-013, 2.000000000000001800, -3.412500000000044100 ) ) ;
#3088 = CARTESIAN_POINT ( 'NONE',  ( 1.338300807568876500, -0.7726683315065853200, -5.483333333333333400 ) ) ;
#3089 = ORIENTED_EDGE ( 'NONE', *, *, #2067, .F. ) ;
#3090 = CARTESIAN_POINT ( 'NONE',  ( 1.764863307568876700, -1.018944305707785400, -3.011458333333312300 ) ) ;
#3091 = CARTESIAN_POINT ( 'NONE',  ( -1.338300807568876900, 0.7726683315065848700, 1.166666666666667400 ) ) ;
#3092 = PLANE ( 'NONE',  #1255 ) ;
#3093 = CARTESIAN_POINT ( 'NONE',  ( -1.732050807568878100, 1.000000000000000700, -0.5833333333333131600 ) ) ;
#3094 = FACE_OUTER_BOUND ( 'NONE', #2943, .T. ) ;
#3095 = DIRECTION ( 'NONE',  ( 1.000000000000000000, 0.0000000000000000000, 0.0000000000000000000 ) ) ;
#3096 = ORIENTED_EDGE ( 'NONE', *, *, #1002, .T. ) ;
#3097 = CARTESIAN_POINT ( 'NONE',  ( 1.154700538379169700, -2.000000000000943200, -1.604166666666948100 ) ) ;
#3098 = ORIENTED_EDGE ( 'NONE', *, *, #1284, .T. ) ;
#3099 = CARTESIAN_POINT ( 'NONE',  ( -1.892491597964129900E-016, -1.545336663013169300, -4.200000000000000200 ) ) ;
#3100 = LINE ( 'NONE', #1169, #137 ) ;
#3101 = CARTESIAN_POINT ( 'NONE',  ( -1.176575538379251100, 2.037888611415569000, -2.719791666666645700 ) ) ;
#3102 = CARTESIAN_POINT ( 'NONE',  ( 0.0000000000000000000, 1.545336663013169300, -1.049999999999999800 ) ) ;
#3103 = VERTEX_POINT ( 'NONE', #1476 ) ;
#3104 = ORIENTED_EDGE ( 'NONE', *, *, #1646, .F. ) ;
#3105 = CARTESIAN_POINT ( 'NONE',  ( -3.745615662190465100E-016, 1.732050807568877400, 6.870096189432334900 ) ) ;
#3106 = CC_DESIGN_APPROVAL ( #1618, ( #2415 ) ) ;
#3107 = CARTESIAN_POINT ( 'NONE',  ( 0.0000000000000000000, -5.401462796548918100E-056, -6.999999999999998200 ) ) ;
#3108 = ORIENTED_EDGE ( 'NONE', *, *, #1751, .F. ) ;
#3109 = CARTESIAN_POINT ( 'NONE',  ( -0.8922005383792510600, 1.545336663013169500, -6.504166666666665500 ) ) ;
#3110 = CARTESIAN_POINT ( 'NONE',  ( 2.309401076758505100, -4.242300954899629100E-016, -0.08750000000001931200 ) ) ;
#3111 = CARTESIAN_POINT ( 'NONE',  ( 1.784401076758502300, -3.277891600571085500E-016, -1.224999999999999600 ) ) ;
#3112 = CARTESIAN_POINT ( 'NONE',  ( -1.176575538379251100, 2.037888611415569000, -5.519791666666646000 ) ) ;
#3113 = CARTESIAN_POINT ( 'NONE',  ( -1.338300807568876900, 0.7726683315065848700, -1.633333333333333100 ) ) ;
#3114 = CARTESIAN_POINT ( 'NONE',  ( -1.506603596667245100, -0.3438182725830567500, 3.350956888722968600 ) ) ;
#3115 = CARTESIAN_POINT ( 'NONE',  ( -0.3254632147011912700, -1.733105747342090300, 2.659035796794752700 ) ) ;
#3116 = CARTESIAN_POINT ( 'NONE',  ( 1.845709724728844300, -0.4820693301986792600, 2.741465093876956200 ) ) ;
#3117 = ORIENTED_EDGE ( 'NONE', *, *, #1940, .T. ) ;
#3118 = CARTESIAN_POINT ( 'NONE',  ( 0.0000000000000000000, 1.545336663013169300, -5.862499999999998900 ) ) ;
#3119 = CARTESIAN_POINT ( 'NONE',  ( -1.140162306249660000, -1.580128619873955000, -6.600694386803568600 ) ) ;
#3120 = CARTESIAN_POINT ( 'NONE',  ( -1.338300807568876900, 0.7726683315065848700, -3.033333333333333200 ) ) ;
#3121 = CARTESIAN_POINT ( 'NONE',  ( 0.0000000000000000000, 2.037888611415569000, -5.578124999999978700 ) ) ;
#3122 = CARTESIAN_POINT ( 'NONE',  ( -1.338300807568876900, 0.7726683315065848700, 0.4666666666666664500 ) ) ;
#3123 = CARTESIAN_POINT ( 'NONE',  ( -1.176575538379252000, -2.037888611415569000, -7.342708333333352900 ) ) ;
#3124 = CARTESIAN_POINT ( 'NONE',  ( 1.338300807568876300, -0.7726683315065852000, -5.483333333333333400 ) ) ;
#3125 = CARTESIAN_POINT ( 'NONE',  ( 0.0000000000000000000, 2.000000000000000900, -1.399999999999979900 ) ) ;
#3126 = CARTESIAN_POINT ( 'NONE',  ( 0.3717042828229291100, -1.762697727851144400, 2.679736518225752700 ) ) ;
#3127 = CARTESIAN_POINT ( 'NONE',  ( 1.732050807568879000, 0.9999999999999988900, 1.983333333333352500 ) ) ;
#3128 = DATE_AND_TIME ( #1682, #2385 ) ;
#3129 = ORIENTED_EDGE ( 'NONE', *, *, #1132, .F. ) ;
#3130 = CARTESIAN_POINT ( 'NONE',  ( -1.784401076758502300, 1.092630533523695500E-016, -4.987499999999998900 ) ) ;
#3131 = CARTESIAN_POINT ( 'NONE',  ( 1.500000000000000200, 0.3005327505313509800, 6.661509242051502100 ) ) ;
#3132 = CARTESIAN_POINT ( 'NONE',  ( 1.784401076758502300, -3.277891600571085500E-016, -1.924999999999999600 ) ) ;
#3133 = CARTESIAN_POINT ( 'NONE',  ( -1.764863307568877300, -1.018944305707784000, -2.544791666666645900 ) ) ;
#3134 = CARTESIAN_POINT ( 'NONE',  ( -0.8922005383792517300, -1.545336663013168900, -0.7583333333333330800 ) ) ;
#3135 = EDGE_CURVE ( 'NONE', #572, #2957, #737, .T. ) ;
#3136 = CARTESIAN_POINT ( 'NONE',  ( 1.764863307568878000, 1.018944305707782900, -6.351041666666686700 ) ) ;
#3137 = LINE ( 'NONE', #2233, #16 ) ;
#3138 = CARTESIAN_POINT ( 'NONE',  ( -1.892491597964129700E-016, -1.545336663013169100, -5.599999999999999600 ) ) ;
#3139 = CARTESIAN_POINT ( 'NONE',  ( 1.147706031448389300, -1.568444587780498400, -6.623870604283525600 ) ) ;
#3140 = VERTEX_POINT ( 'NONE', #919 ) ;
#3141 = CYLINDRICAL_SURFACE ( 'NONE', #1444, 2.000000000000000900 ) ;
#3142 = ORIENTED_EDGE ( 'NONE', *, *, #1884, .F. ) ;
#3143 =( BOUNDED_CURVE ( )  B_SPLINE_CURVE ( 2, ( #44, #848, #3283, #21, #1910, #312, #808 ),
 .UNSPECIFIED., .F., .F. ) 
 B_SPLINE_CURVE_WITH_KNOTS ( ( 3, 2, 2, 3 ),
 ( 0.004720520459957374900, 0.006810729693286939800, 0.008900938926616527200, 0.01099114815994609200 ),
 .UNSPECIFIED. ) 
 CURVE ( )  GEOMETRIC_REPRESENTATION_ITEM ( )  RATIONAL_B_SPLINE_CURVE ( ( 1.000000000000001300, 0.8660254037844372600, 1.000000000000000000, 0.8660254037844387100, 1.000000000000000000, 0.8660254037844216100, 1.000000000000017100 ) ) 
 REPRESENTATION_ITEM ( '' )  );
#3144 = CARTESIAN_POINT ( 'NONE',  ( 0.8922005383792521700, 1.545336663013168900, -4.520833333333332100 ) ) ;
#3145 = CARTESIAN_POINT ( 'NONE',  ( -0.2357771903914939700, -1.595924783227574700, 6.733970165090439300 ) ) ;
#3146 = CARTESIAN_POINT ( 'NONE',  ( -0.8922005383792517300, -1.545336663013168900, -3.558333333333333100 ) ) ;
#3147 = ORIENTED_EDGE ( 'NONE', *, *, #2551, .F. ) ;
#3148 = CARTESIAN_POINT ( 'NONE',  ( -2.353151076758502700, 1.440889467031223800E-016, 1.596875000000020500 ) ) ;
#3149 = EDGE_CURVE ( 'NONE', #1734, #1141, #2686, .T. ) ;
#3150 = DIRECTION ( 'NONE',  ( 0.0000000000000000000, 1.000000000000000000, 0.0000000000000000000 ) ) ;
#3151 = CARTESIAN_POINT ( 'NONE',  ( -1.176575538379252000, -2.037888611415569000, -5.942708333333353500 ) ) ;
#3152 = CARTESIAN_POINT ( 'NONE',  ( -1.338300807568876700, 0.7726683315065847600, -3.033333333333333200 ) ) ;
#3153 = CARTESIAN_POINT ( 'NONE',  ( 1.154700538379249500, -2.000000000000004400, -5.891666666666647100 ) ) ;
#3154 = DIRECTION ( 'NONE',  ( -0.0000000000000000000, -3.858187711820656000E-057, -1.000000000000000000 ) ) ;
#3155 = CARTESIAN_POINT ( 'NONE',  ( -1.732050807568878300, -1.000000000000000000, -1.166666666666646300 ) ) ;
#3156 = DIRECTION ( 'NONE',  ( -0.0000000000000000000, -3.858187711820656000E-057, -1.000000000000000000 ) ) ;
#3157 = CARTESIAN_POINT ( 'NONE',  ( -1.892491597964129900E-016, -1.545336663013169300, -2.099999999999999600 ) ) ;
#3158 = CARTESIAN_POINT ( 'NONE',  ( -1.764863307568877300, -1.018944305707784000, 1.655208333333354000 ) ) ;
#3159 = DIRECTION ( 'NONE',  ( 0.0000000000000000000, -1.000000000000000000, -1.281975124255724700E-016 ) ) ;
#3160 = CARTESIAN_POINT ( 'NONE',  ( 0.0000000000000000000, 1.545336663013169100, 2.449999999999999700 ) ) ;
#3161 = CARTESIAN_POINT ( 'NONE',  ( 1.338300807568876300, -0.7726683315065852000, -2.683333333333333600 ) ) ;
#3162 = CARTESIAN_POINT ( 'NONE',  ( 0.0000000000000000000, 2.000000000000000900, -6.299999999999979400 ) ) ;
#3163 = CARTESIAN_POINT ( 'NONE',  ( 1.732050807568879000, 0.9999999999999988900, -0.1166666666666467300 ) ) ;
#3164 = CARTESIAN_POINT ( 'NONE',  ( 0.0000000000000000000, 2.000000000000000900, 2.100000000000020100 ) ) ;
#3165 = EDGE_CURVE ( 'NONE', #467, #2346, #1166, .T. ) ;
#3166 = CARTESIAN_POINT ( 'NONE',  ( -1.502775049944064400, 1.060683362711859300, -6.710040951513593500 ) ) ;
#3167 = CARTESIAN_POINT ( 'NONE',  ( 1.338300807568876500, -0.7726683315065853200, 0.8166666666666661000 ) ) ;
#3168 = CARTESIAN_POINT ( 'NONE',  ( 0.0000000000000000000, 2.037888611415569000, -0.6781249999999791100 ) ) ;
#3169 = CARTESIAN_POINT ( 'NONE',  ( -1.082708096908888500, 1.102637102105951600, 2.537499999999997000 ) ) ;
#3170 = AXIS2_PLACEMENT_3D ( 'NONE', #1775, #2038, #2587 ) ;
#3171 = CARTESIAN_POINT ( 'NONE',  ( 1.764863307568876700, -1.018944305707785400, -2.267708333333353200 ) ) ;
#3172 = CARTESIAN_POINT ( 'NONE',  ( 0.0000000000000000000, 1.545336663013169100, -3.149999999999999900 ) ) ;
#3173 = CARTESIAN_POINT ( 'NONE',  ( -2.309401076758504300, 1.414100318299876300E-016, 0.8750000000000201000 ) ) ;
#3174 = DIRECTION ( 'NONE',  ( 0.0000000000000000000, 0.0000000000000000000, 1.000000000000000000 ) ) ;
#3175 = DIRECTION ( 'NONE',  ( 0.8660254037844383700, 0.5000000000000003300, -1.929093855910329100E-057 ) ) ;
#3176 = CARTESIAN_POINT ( 'NONE',  ( 0.8922005383792508400, -1.545336663013169700, -4.754166666666666400 ) ) ;
#3177 = FACE_OUTER_BOUND ( 'NONE', #1789, .T. ) ;
#3178 = ORIENTED_EDGE ( 'NONE', *, *, #1030, .T. ) ;
#3179 = CARTESIAN_POINT ( 'NONE',  ( -1.869212099647807000, 0.1585019890521857700, -6.673413812835644200 ) ) ;
#3180 = CARTESIAN_POINT ( 'NONE',  ( 0.0000000000000000000, 1.545336663013169300, 1.049999999999999800 ) ) ;
#3181 = LINE ( 'NONE', #2215, #3433 ) ;
#3182 = CARTESIAN_POINT ( 'NONE',  ( 1.176575538379252400, 2.037888611415568100, -0.03645833333331283800 ) ) ;
#3183 = CARTESIAN_POINT ( 'NONE',  ( -0.6318599298582199300, 1.545336663013169100, 2.491311896062461600 ) ) ;
#3184 = VERTEX_POINT ( 'NONE', #1462 ) ;
#3185 = AXIS2_PLACEMENT_3D ( 'NONE', #2825, #1743, #940 ) ;
#3186 = CARTESIAN_POINT ( 'NONE',  ( 1.176575538379252400, 2.037888611415568100, -2.792708333333352700 ) ) ;
#3187 = CARTESIAN_POINT ( 'NONE',  ( 1.338300807568877400, 0.7726683315065834300, 0.2333333333333336700 ) ) ;
#3188 = VECTOR ( 'NONE', #1061, 1000.000000000000000 ) ;
#3189 = CARTESIAN_POINT ( 'NONE',  ( -1.732050807568878300, -1.000000000000000000, 0.9333333333333538900 ) ) ;
#3190 = CARTESIAN_POINT ( 'NONE',  ( -1.784401076758502300, 1.092630533523695500E-016, 2.625000000000000000 ) ) ;
#3191 = CARTESIAN_POINT ( 'NONE',  ( 1.154700538379251900, -2.000000000000002200, -3.704166666666686600 ) ) ;
#3192 = VERTEX_POINT ( 'NONE', #1192 ) ;
#3193 = CARTESIAN_POINT ( 'NONE',  ( -1.892491597964129900E-016, -1.545336663013169300, -4.112499999999998900 ) ) ;
#3194 = VERTEX_POINT ( 'NONE', #53 ) ;
#3195 = AXIS2_PLACEMENT_3D ( 'NONE', #1163, #1997, #3074 ) ;
#3196 = CARTESIAN_POINT ( 'NONE',  ( -1.880513820945912500, 0.03604864766695672200, -6.668571383851302800 ) ) ;
#3197 = CARTESIAN_POINT ( 'NONE',  ( 1.764863307568878000, 1.018944305707782900, 0.6052083333333543300 ) ) ;
#3198 = EDGE_CURVE ( 'NONE', #2712, #1207, #520, .T. ) ;
#3199 = CARTESIAN_POINT ( 'NONE',  ( 0.0000000000000000000, 2.037888611415569000, -2.034375000000019800 ) ) ;
#3200 = CARTESIAN_POINT ( 'NONE',  ( 1.784401076758502100, -3.277891600571085500E-016, -1.924999999999999600 ) ) ;
#3201 = DIRECTION ( 'NONE',  ( 1.000000000000000000, 0.0000000000000000000, 0.0000000000000000000 ) ) ;
#3202 = DIRECTION ( 'NONE',  ( -0.8660254037844387100, 0.4999999999999997800, 0.0000000000000000000 ) ) ;
#3203 = PLANE ( 'NONE',  #3344 ) ;
#3204 = CARTESIAN_POINT ( 'NONE',  ( -0.8922005383792511700, 1.545336663013169500, -6.504166666666665500 ) ) ;
#3205 = ORIENTED_EDGE ( 'NONE', *, *, #2503, .T. ) ;
#3206 = CARTESIAN_POINT ( 'NONE',  ( -1.823175883076374000, 0.3991240922565635900, -6.683002443635660800 ) ) ;
#3207 = EDGE_CURVE ( 'NONE', #331, #2826, #988, .T. ) ;
#3208 = CARTESIAN_POINT ( 'NONE',  ( -2.495693764988920700E-016, -2.037888611415569000, 3.171875000000020000 ) ) ;
#3209 = CARTESIAN_POINT ( 'NONE',  ( 1.176575538379250700, -2.037888611415569400, -4.426041666666686000 ) ) ;
#3210 = UNCERTAINTY_MEASURE_WITH_UNIT (LENGTH_MEASURE( 1.000000000000000100E-005 ), #478, 'distance_accuracy_value', 'NONE');
#3211 = CARTESIAN_POINT ( 'NONE',  ( 0.8922005383792506200, -1.545336663013169500, -0.6416666666666661600 ) ) ;
#3212 = CARTESIAN_POINT ( 'NONE',  ( 1.338300807568876500, -0.7726683315065853200, -3.995833333333332200 ) ) ;
#3213 = CARTESIAN_POINT ( 'NONE',  ( 1.732050807568885000, -1.000000000000005600, -5.745833333333357600 ) ) ;
#3214 =( BOUNDED_CURVE ( )  B_SPLINE_CURVE ( 2, ( #2941, #753, #1025, #1844, #1062, #3191, #1611 ),
 .UNSPECIFIED., .F., .F. ) 
 B_SPLINE_CURVE_WITH_KNOTS ( ( 3, 2, 2, 3 ),
 ( 0.1113241244656097300, 0.1134144712277074900, 0.1155048179898052500, 0.1175951647519030100 ),
 .UNSPECIFIED. ) 
 CURVE ( )  GEOMETRIC_REPRESENTATION_ITEM ( )  RATIONAL_B_SPLINE_CURVE ( ( 0.9999999999996616000, 0.8660254037847769900, 1.000000000000000000, 0.8660254037844386000, 1.000000000000000000, 0.8660254037844386000, 1.000000000000000000 ) ) 
 REPRESENTATION_ITEM ( '' )  );
#3216 = ORIENTED_EDGE ( 'NONE', *, *, #1217, .F. ) ;
#3215 = CARTESIAN_POINT ( 'NONE',  ( -0.8922005383792511700, 1.545336663013169500, -5.104166666666667000 ) ) ;
#3217 = EDGE_LOOP ( 'NONE', ( #2017, #3413, #1800, #3500 ) ) ;
#3218 = PERSON_AND_ORGANIZATION ( #1239, #901 ) ;
#3219 = CARTESIAN_POINT ( 'NONE',  ( -1.878632124669991700, -0.2121984510352750700, -6.658831158180446700 ) ) ;
#3220 = CARTESIAN_POINT ( 'NONE',  ( 0.0000000000000000000, 1.545336663013169300, -6.562499999999999100 ) ) ;
#3221 = CARTESIAN_POINT ( 'NONE',  ( -2.449293598294707400E-016, -2.000000000000000900, -4.549999999999980300 ) ) ;
#3222 = CARTESIAN_POINT ( 'NONE',  ( 1.764863307568878000, 1.018944305707782900, -2.851041666666686700 ) ) ;
#3223 = CARTESIAN_POINT ( 'NONE',  ( 0.8922005383792506200, -1.545336663013169500, -1.341666666666666100 ) ) ;
#3224 = CARTESIAN_POINT ( 'NONE',  ( 0.0000000000000000000, 2.000000000000000900, -4.899999999999980800 ) ) ;
#3225 = CARTESIAN_POINT ( 'NONE',  ( -0.8922005383792510600, 1.545336663013169500, -2.304166666666665400 ) ) ;
#3226 = CIRCLE ( 'NONE', #1153, 1.545336663013169300 ) ;
#3227 = CARTESIAN_POINT ( 'NONE',  ( 0.8922005383792508400, -1.545336663013169700, -3.354166666666666100 ) ) ;
#3228 = EDGE_LOOP ( 'NONE', ( #265, #167, #1135, #784, #2738, #733, #1700, #3304, #1632, #298, #3229, #1496, #2997, #683, #215, #1566, #1477, #3056, #794, #3455, #1130, #1605, #150, #3282, #606, #576, #890, #561, #1732, #1005, #3216 ) ) ;
#3229 = ORIENTED_EDGE ( 'NONE', *, *, #835, .F. ) ;
#3230 = CIRCLE ( 'NONE', #1913, 2.200000000000001500 ) ;
#3231 = CARTESIAN_POINT ( 'NONE',  ( -1.338300807568877100, -0.7726683315065843200, -7.029166666666665000 ) ) ;
#3232 = CARTESIAN_POINT ( 'NONE',  ( 1.154700538379261200, -2.000000000000018700, -4.404166666666695200 ) ) ;
#3233 = CARTESIAN_POINT ( 'NONE',  ( -1.176575538379251100, 2.037888611415569000, -0.5760416666666865500 ) ) ;
#3234 = CARTESIAN_POINT ( 'NONE',  ( -1.892491597964129700E-016, -1.545336663013169100, 0.0000000000000000000 ) ) ;
#3235 = DIRECTION ( 'NONE',  ( 0.0000000000000000000, -1.000000000000000000, 3.858187711820656000E-057 ) ) ;
#3236 = CARTESIAN_POINT ( 'NONE',  ( -1.338300807568877100, -0.7726683315065843200, -2.829166666666665700 ) ) ;
#3237 = EDGE_LOOP ( 'NONE', ( #3351, #2403, #3503, #1115, #921 ) ) ;
#3238 = CARTESIAN_POINT ( 'NONE',  ( 0.8922005383792521700, 1.545336663013168900, -1.720833333333332100 ) ) ;
#3239 = CARTESIAN_POINT ( 'NONE',  ( 1.338300807568876500, -0.7726683315065853200, 2.304166666666667100 ) ) ;
#3240 = CARTESIAN_POINT ( 'NONE',  ( 6.505213034913026600E-016, -1.732050807568877200, 4.000000000000000000 ) ) ;
#3241 = CARTESIAN_POINT ( 'NONE',  ( 1.027387089316917000, -1.238827371183348400, -6.950425253591150800 ) ) ;
#3242 = CARTESIAN_POINT ( 'NONE',  ( 1.176575538379250700, -2.037888611415569400, 1.830208333333353900 ) ) ;
#3243 = CARTESIAN_POINT ( 'NONE',  ( 1.764863307568876700, -1.018944305707785400, 1.232291666666647200 ) ) ;
#3244 = CARTESIAN_POINT ( 'NONE',  ( 1.338300807568877600, 0.7726683315065835400, 1.633333333333333100 ) ) ;
#3245 = CARTESIAN_POINT ( 'NONE',  ( -1.338300807568876700, 0.7726683315065847600, -6.533333333333333200 ) ) ;
#3246 = CARTESIAN_POINT ( 'NONE',  ( 0.0000000000000000000, -5.401462796548918100E-056, -7.000000000000000000 ) ) ;
#3247 = CARTESIAN_POINT ( 'NONE',  ( 0.8922005383792521700, 1.545336663013168900, -1.720833333333332100 ) ) ;
#3248 = CARTESIAN_POINT ( 'NONE',  ( 1.338300807568876500, -0.7726683315065853200, -1.195833333333332600 ) ) ;
#3249 = CARTESIAN_POINT ( 'NONE',  ( -0.8922005383792517300, -1.545336663013168900, 1.429166666666667800 ) ) ;
#3250 = CARTESIAN_POINT ( 'NONE',  ( 0.0000000000000000000, -5.401462796548918100E-056, -7.000000000000000000 ) ) ;
#3251 = EDGE_CURVE ( 'NONE', #2867, #2748, #2673, .T. ) ;
#3252 =( BOUNDED_CURVE ( )  B_SPLINE_CURVE ( 2, ( #641, #2548, #1124, #1929, #2819, #1488, #565 ),
 .UNSPECIFIED., .F., .F. ) 
 B_SPLINE_CURVE_WITH_KNOTS ( ( 3, 2, 2, 3 ),
 ( 0.5312500000000000000, 0.5416666666666666300, 0.5520833333333333700, 0.5625000000000000000 ),
 .UNSPECIFIED. ) 
 CURVE ( )  GEOMETRIC_REPRESENTATION_ITEM ( )  RATIONAL_B_SPLINE_CURVE ( ( 1.000000000000000000, 0.8660254037844387100, 1.000000000000000000, 0.8660254037844387100, 1.000000000000000000, 0.8660254037844387100, 1.000000000000000000 ) ) 
 REPRESENTATION_ITEM ( '' )  );
#3253 = CARTESIAN_POINT ( 'NONE',  ( 0.8922005383792521700, 1.545336663013168900, -5.920833333333332500 ) ) ;
#3254 = ORIENTED_EDGE ( 'NONE', *, *, #962, .F. ) ;
#3255 = CARTESIAN_POINT ( 'NONE',  ( -2.353151076758502700, 1.440889467031223800E-016, 0.9406249999999797300 ) ) ;
#3256 = CARTESIAN_POINT ( 'NONE',  ( 0.8922005383792506200, -1.545336663013169500, -6.241666666666666300 ) ) ;
#3257 = CARTESIAN_POINT ( 'NONE',  ( -2.353151076758502700, 1.440889467031223800E-016, -6.803124999999978300 ) ) ;
#3258 = CARTESIAN_POINT ( 'NONE',  ( 1.338300807568877600, 0.7726683315065835400, -1.079166666666665700 ) ) ;
#3259 = AXIS2_PLACEMENT_3D ( 'NONE', #1216, #2277, #1502 ) ;
#3260 = DIRECTION ( 'NONE',  ( -0.0000000000000000000, -3.858187711820656000E-057, -1.000000000000000000 ) ) ;
#3261 = CARTESIAN_POINT ( 'NONE',  ( -1.499999999999999800, 0.8660254037844382600, -1.582575694955841200 ) ) ;
#3262 = CARTESIAN_POINT ( 'NONE',  ( 0.0000000000000000000, 1.545336663013169300, -0.2624999999999988500 ) ) ;
#3263 = CARTESIAN_POINT ( 'NONE',  ( -1.506598618124017400, -0.3438400877144471300, 3.438458535677139800 ) ) ;
#3264 = EDGE_CURVE ( 'NONE', #131, #2785, #184, .T. ) ;
#3265 = CARTESIAN_POINT ( 'NONE',  ( 1.440655427748568400, 0.9222350972875532600, -6.848803572737755200 ) ) ;
#3266 = LINE ( 'NONE', #3308, #1797 ) ;
#3267 = CARTESIAN_POINT ( 'NONE',  ( 0.8922005383792507300, -1.545336663013169700, -4.754166666666666400 ) ) ;
#3268 = VERTEX_POINT ( 'NONE', #2289 ) ;
#3269 = DIRECTION ( 'NONE',  ( -0.0000000000000000000, -3.858187711820656000E-057, -1.000000000000000000 ) ) ;
#3270 = CARTESIAN_POINT ( 'NONE',  ( -1.764863307568877300, -1.018944305707784000, 1.698958333333312700 ) ) ;
#3271 = CARTESIAN_POINT ( 'NONE',  ( 0.0000000000000000000, 2.000000000000000900, -5.599999999999980100 ) ) ;
#3272 = CARTESIAN_POINT ( 'NONE',  ( -0.8922005383792509500, 1.545336663013169100, -5.891666666666666600 ) ) ;
#3273 = LINE ( 'NONE', #589, #1134 ) ;
#3274 = CARTESIAN_POINT ( 'NONE',  ( -1.764863307568877300, -1.018944305707784000, -6.044791666666646400 ) ) ;
#3275 = CARTESIAN_POINT ( 'NONE',  ( 1.784401076758502300, -3.277891600571085500E-016, 2.362500000000001200 ) ) ;
#3276 = VERTEX_POINT ( 'NONE', #1525 ) ;
#3277 = CARTESIAN_POINT ( 'NONE',  ( 1.732050807568877600, -1.000000000000001600, 2.654166666666648100 ) ) ;
#3278 = LINE ( 'NONE', #2911, #872 ) ;
#3279 = CARTESIAN_POINT ( 'NONE',  ( -1.338300807568876900, 0.7726683315065848700, -2.245833333333332200 ) ) ;
#3280 = CARTESIAN_POINT ( 'NONE',  ( 1.338300807568877600, 0.7726683315065835400, 1.720833333333333700 ) ) ;
#3281 = CARTESIAN_POINT ( 'NONE',  ( 1.674372818505022000, -1.099901207537001400, -6.539160903772972800 ) ) ;
#3282 = ORIENTED_EDGE ( 'NONE', *, *, #619, .F. ) ;
#3283 = CARTESIAN_POINT ( 'NONE',  ( -1.732050807569404500, -1.000000000000304000, 2.420833333332963500 ) ) ;
#3284 = CARTESIAN_POINT ( 'NONE',  ( -1.784401076758502300, 1.092630533523695500E-016, -3.587499999999999000 ) ) ;
#3285 = ORIENTED_EDGE ( 'NONE', *, *, #1584, .F. ) ;
#3286 = AXIS2_PLACEMENT_3D ( 'NONE', #2931, #2098, #1342 ) ;
#3287 = CARTESIAN_POINT ( 'NONE',  ( 2.353151076758502700, -4.322668401093671800E-016, 0.5906249999999800800 ) ) ;
#3288 = CARTESIAN_POINT ( 'NONE',  ( -0.8922005383792517300, -1.545336663013168900, 0.7291666666666671800 ) ) ;
#3289 = CARTESIAN_POINT ( 'NONE',  ( 1.784401076758502300, -3.277891600571085500E-016, -6.825000000000000200 ) ) ;
#3290 = CARTESIAN_POINT ( 'NONE',  ( 1.500000000000000000, 0.8660254037844388200, 6.870096189432334900 ) ) ;
#3291 = CARTESIAN_POINT ( 'NONE',  ( -1.892491597964129900E-016, -1.545336663013169300, 0.7875000000000008700 ) ) ;
#3292 = DIRECTION ( 'NONE',  ( -0.0000000000000000000, -3.858187711820656000E-057, -1.000000000000000000 ) ) ;
#3293 = CARTESIAN_POINT ( 'NONE',  ( 1.892491597964129900E-016, 1.545336663013169300, -6.999999999999998200 ) ) ;
#3294 = CARTESIAN_POINT ( 'NONE',  ( 1.338300807568877600, 0.7726683315065835400, -3.179166666666666300 ) ) ;
#3295 = CARTESIAN_POINT ( 'NONE',  ( 0.0000000000000000000, 2.000000000000000900, 2.009500964066102100E-014 ) ) ;
#3296 = CARTESIAN_POINT ( 'NONE',  ( 1.176575538379252400, 2.037888611415568100, 2.107291666666645900 ) ) ;
#3297 = CARTESIAN_POINT ( 'NONE',  ( 0.0000000000000000000, 1.545336663013169300, 1.837500000000001500 ) ) ;
#3298 = CARTESIAN_POINT ( 'NONE',  ( -1.732050807568878100, -1.000000000000000000, -5.279166666666685400 ) ) ;
#3299 = CARTESIAN_POINT ( 'NONE',  ( 0.0000000000000000000, 2.000000000000000900, -2.099999999999980500 ) ) ;
#3300 = DIRECTION ( 'NONE',  ( 0.0000000000000000000, -0.7071067811865460200, 0.7071067811865489100 ) ) ;
#3301 = CARTESIAN_POINT ( 'NONE',  ( 0.8922005383792507300, -1.545336663013169700, -3.354166666666666100 ) ) ;
#3302 = ORIENTED_EDGE ( 'NONE', *, *, #658, .T. ) ;
#3303 = CARTESIAN_POINT ( 'NONE',  ( 1.338300807568876500, -0.7726683315065853200, 0.2041666666666676100 ) ) ;
#3304 = ORIENTED_EDGE ( 'NONE', *, *, #2668, .F. ) ;
#3305 = AXIS2_PLACEMENT_3D ( 'NONE', #77, #2241, #873 ) ;
#3306 = CARTESIAN_POINT ( 'NONE',  ( -1.784401076758502300, 1.092630533523695400E-016, -5.074999999999999300 ) ) ;
#3307 = VECTOR ( 'NONE', #1512, 1000.000000000000000 ) ;
#3308 = CARTESIAN_POINT ( 'NONE',  ( 2.449293598294707900E-016, -2.000000000000000900, -7.000000000000000000 ) ) ;
#3309 = CARTESIAN_POINT ( 'NONE',  ( 1.500000000000000000, 0.8660254037844388200, 6.870096189432334900 ) ) ;
#3310 = ADVANCED_FACE ( 'NONE', ( #1926 ), #1242, .T. ) ;
#3311 = LINE ( 'NONE', #274, #133 ) ;
#3312 = VERTEX_POINT ( 'NONE', #3355 ) ;
#3313 = FACE_OUTER_BOUND ( 'NONE', #250, .T. ) ;
#3314 = CARTESIAN_POINT ( 'NONE',  ( -1.892491597964129900E-016, -1.545336663013169300, -2.712499999999998600 ) ) ;
#3315 = CARTESIAN_POINT ( 'NONE',  ( 2.694222958124179000E-016, -2.200000000000001500, 3.000000000000000000 ) ) ;
#3316 = CARTESIAN_POINT ( 'NONE',  ( 1.784401076758502300, -3.277891600571085500E-016, 1.662500000000001600 ) ) ;
#3317 = CARTESIAN_POINT ( 'NONE',  ( 0.8922005383792508400, -1.545336663013169700, -5.541666666666667000 ) ) ;
#3318 =( BOUNDED_CURVE ( )  B_SPLINE_CURVE ( 2, ( #1392, #544, #282, #2494, #1418, #1935, #1953 ),
 .UNSPECIFIED., .F., .F. ) 
 B_SPLINE_CURVE_WITH_KNOTS ( ( 3, 2, 2, 3 ),
 ( 0.1552197050948486400, 0.1573101714091323400, 0.1594006377234160100, 0.1614911040376997000 ),
 .UNSPECIFIED. ) 
 CURVE ( )  GEOMETRIC_REPRESENTATION_ITEM ( )  RATIONAL_B_SPLINE_CURVE ( ( 0.9999999999998443500, 0.8660254037845943600, 1.000000000000000000, 0.8660254037844387100, 1.000000000000000000, 0.8660254037831616200, 1.000000000001277200 ) ) 
 REPRESENTATION_ITEM ( '' )  );
#3319 = VERTEX_POINT ( 'NONE', #677 ) ;
#3320 = CARTESIAN_POINT ( 'NONE',  ( -0.9388984326323185400, 1.243847558047085100, 2.537499999999996500 ) ) ;
#3321 = CARTESIAN_POINT ( 'NONE',  ( 0.0000000000000000000, 2.000000000000000900, -2.712500000000019000 ) ) ;
#3322 = EDGE_CURVE ( 'NONE', #1458, #2991, #92, .T. ) ;
#3323 =( BOUNDED_SURFACE ( )  B_SPLINE_SURFACE ( 1, 2, ( 
 ( #550, #1928, #812, #1110, #301, #3015, #2717, #1674, #2160, #1097, #2474, #827, #289, #2462, #3245, #1651, #2732, #3004, #1384, #3256, #1664, #1401, #27, #564, #841, #3272, #1248, #2061, #1287, #3430, #3138, #2623, #3124, #974, #1535, #3398, #1794, #2104, #178, #1548, #3419, #2368, #2871, #1573, #738, #999, #442, #1806, #202, #154, #428, #1827, #1264, #2336, #191, #2089, #705, #2325, #2913, #2596, #986, #3411, #691, #2345, #2610, #716, #2880, #165, #2070, #1301, #2888, #1277, #3172, #462, #3152, #2642, #1586, #3445, #1559, #1022, #3161, #1819, #2076, #451, #1837, #2356, #725, #2630, #1011, #2902, #476, #262, #2141, #3200, #801, #237, #1628, #1348, #1322, #2658, #1082, #2706, #1877, #3223, #3493, #1034, #3454, #1889, #2924, #513, #1057, #2419, #1314, #750, #1067, #3211, #1607, #1636, #789, #2973, #1358, #2694, #3464, #1854, #1597, #1865, #3234, #2949, #1046, #2961, #3187, #776, #3506, #249, #213, #1902, #2381, #2116, #1333, #488, #2126, #2398, #760, #2151, #525, #1620, #2679, #3481, #2433, #2670, #2935, #226, #501, #2409, #2119, #493, #2386, #929, #2870, #3397, #1781, #2324, #2051, #2595, #2912, #998, #2335, #715, #3160, #145, #2355, #1572, #1805, #1263, #2609, #1021, #416, #690, #723, #2060, #973, #2629, #2901, #1534, #3114, #190, #3384 ),
 ( #1247, #985, #1522, #2088, #704, #3123, #461, #1009, #1792, #1286, #2367, #736, #2069, #3429, #2075, #426, #153, #2879, #2640, #1546, #1826, #2887, #3136, #441, #3410, #164, #1275, #2344, #2622, #3151, #1557, #450, #3418, #1818, #177, #3492, #2678, #2140, #511, #3444, #749, #2418, #201, #2948, #1864, #1331, #1835, #1585, #1876, #500, #487, #2431, #1056, #1888, #1627, #3209, #2115, #2657, #2380, #759, #524, #225, #1853, #1619, #2103, #1606, #2150, #2693, #474, #248, #1081, #1300, #2125, #1313, #2933, #1032, #800, #2959, #1347, #2408, #3462, #775, #3222, #3186, #3480, #1596, #2704, #2923, #3453, #211, #236, #2397, #3171, #2669, #1045, #1321, #3199, #788, #1066, #2766, #839, #2172, #562, #3023, #1635, #2203, #1414, #1662, #1109, #2460, #867, #3505, #1901, #578, #1914, #811, #2485, #2757, #1369, #2972, #48, #3233, #1649, #275, #1357, #3002, #2716, #1382, #261, #825, #2159, #1958, #548, #535, #315, #852, #2448, #1139, #2216, #590, #1925, #3287, #1944, #2729, #1096, #2987, #2501, #3255, #1688, #2745, #11, #287, #3243, #25, #1121, #2189, #2472, #3014, #1399, #300, #3270, #1672, #37, #3336, #2523, #1992, #356, #3296, #600, #2255, #60, #2797, #1717, #1178, #1701, #1424, #1730, #342, #335, #2271, #895, #1739, #1467, #3058, #1976, #2508, #2227 ) ),
 .UNSPECIFIED., .F., .F., .F. ) 
 B_SPLINE_SURFACE_WITH_KNOTS ( ( 2, 2 ),
 ( 3, 2, 2, 2, 2, 2, 2, 2, 2, 2, 2, 2, 2, 2, 2, 2, 2, 2, 2, 2, 2, 2, 2, 2, 2, 2, 2, 2, 2, 2, 2, 2, 2, 2, 2, 2, 2, 2, 2, 2, 2, 2, 2, 2, 2, 2, 2, 2, 2, 2, 2, 2, 2, 2, 2, 2, 2, 2, 2, 2, 2, 2, 2, 2, 2, 2, 2, 2, 2, 2, 2, 2, 2, 2, 2, 2, 2, 2, 2, 2, 2, 2, 2, 2, 2, 2, 2, 2, 2, 2, 2, 2, 2, 3 ),
 ( 0.0000000000000000000, 1.000000000000000000 ),
 ( 0.0000000000000000000, 0.01041666666666666600, 0.02083333333333333200, 0.03125000000000000000, 0.04166666666666666400, 0.05208333333333333600, 0.06250000000000000000, 0.07291666666666667100, 0.08333333333333332900, 0.09375000000000000000, 0.1041666666666666700, 0.1145833333333333300, 0.1250000000000000000, 0.1354166666666666600, 0.1458333333333333400, 0.1562500000000000000, 0.1666666666666666600, 0.1770833333333333400, 0.1875000000000000000, 0.1979166666666666600, 0.2083333333333333400, 0.2187500000000000000, 0.2291666666666666600, 0.2395833333333333400, 0.2500000000000000000, 0.2604166666666666900, 0.2708333333333333100, 0.2812500000000000000, 0.2916666666666666900, 0.3020833333333333100, 0.3125000000000000000, 0.3229166666666666900, 0.3333333333333333100, 0.3437500000000000000, 0.3541666666666666900, 0.3645833333333333100, 0.3750000000000000000, 0.3854166666666666900, 0.3958333333333333100, 0.4062500000000000000, 0.4166666666666666900, 0.4270833333333333100, 0.4375000000000000000, 0.4479166666666666900, 0.4583333333333333100, 0.4687500000000000000, 0.4791666666666666900, 0.4895833333333333100, 0.5000000000000000000, 0.5104166666666666300, 0.5208333333333333700, 0.5312500000000000000, 0.5416666666666666300, 0.5520833333333333700, 0.5625000000000000000, 0.5729166666666666300, 0.5833333333333333700, 0.5937500000000000000, 0.6041666666666666300, 0.6145833333333333700, 0.6250000000000000000, 0.6354166666666666300, 0.6458333333333333700, 0.6562500000000000000, 0.6666666666666666300, 0.6770833333333333700, 0.6875000000000000000, 0.6979166666666666300, 0.7083333333333333700, 0.7187500000000000000, 0.7291666666666666300, 0.7395833333333333700, 0.7500000000000000000, 0.7604166666666666300, 0.7708333333333333700, 0.7812500000000000000, 0.7916666666666666300, 0.8020833333333333700, 0.8125000000000000000, 0.8229166666666666300, 0.8333333333333333700, 0.8437500000000000000, 0.8541666666666666300, 0.8645833333333333700, 0.8750000000000000000, 0.8854166666666666300, 0.8958333333333333700, 0.9062500000000000000, 0.9166666666666666300, 0.9270833333333333700, 0.9375000000000000000, 0.9479166666666666300, 0.9553147737461517000, 0.9648679214836132200 ),
 .UNSPECIFIED. ) 
 GEOMETRIC_REPRESENTATION_ITEM ( )  RATIONAL_B_SPLINE_SURFACE ( (
 ( 1.000000000000000000, 0.8660254037844387100, 1.000000000000000000, 0.8660254037844387100, 1.000000000000000000, 0.8660254037844387100, 1.000000000000000000, 0.8660254037844387100, 1.000000000000000000, 0.8660254037844387100, 1.000000000000000000, 0.8660254037844387100, 1.000000000000000000, 0.8660254037844387100, 1.000000000000000000, 0.8660254037844387100, 1.000000000000000000, 0.8660254037844387100, 1.000000000000000000, 0.8660254037844387100, 1.000000000000000000, 0.8660254037844387100, 1.000000000000000000, 0.8660254037844387100, 1.000000000000000000, 0.8660254037844387100, 1.000000000000000000, 0.8660254037844387100, 1.000000000000000000, 0.8660254037844387100, 1.000000000000000000, 0.8660254037844387100, 1.000000000000000000, 0.8660254037844387100, 1.000000000000000000, 0.8660254037844387100, 1.000000000000000000, 0.8660254037844387100, 1.000000000000000000, 0.8660254037844387100, 1.000000000000000000, 0.8660254037844387100, 1.000000000000000000, 0.8660254037844387100, 1.000000000000000000, 0.8660254037844387100, 1.000000000000000000, 0.8660254037844387100, 1.000000000000000000, 0.8660254037844387100, 1.000000000000000000, 0.8660254037844387100, 1.000000000000000000, 0.8660254037844387100, 1.000000000000000000, 0.8660254037844387100, 1.000000000000000000, 0.8660254037844387100, 1.000000000000000000, 0.8660254037844387100, 1.000000000000000000, 0.8660254037844387100, 1.000000000000000000, 0.8660254037844387100, 1.000000000000000000, 0.8660254037844387100, 1.000000000000000000, 0.8660254037844387100, 1.000000000000000000, 0.8660254037844387100, 1.000000000000000000, 0.8660254037844387100, 1.000000000000000000, 0.8660254037844387100, 1.000000000000000000, 0.8660254037844387100, 1.000000000000000000, 0.8660254037844387100, 1.000000000000000000, 0.8660254037844387100, 1.000000000000000000, 0.8660254037844387100, 1.000000000000000000, 0.8660254037844387100, 1.000000000000000000, 0.8660254037844387100, 1.000000000000000000, 0.8660254037844387100, 1.000000000000000000, 0.8660254037844387100, 1.000000000000000000, 0.8660254037844387100, 1.000000000000000000, 0.8660254037844387100, 1.000000000000000000, 0.8660254037844387100, 1.000000000000000000, 0.8660254037844387100, 1.000000000000000000, 0.8660254037844387100, 1.000000000000000000, 0.8660254037844387100, 1.000000000000000000, 0.8660254037844387100, 1.000000000000000000, 0.8660254037844387100, 1.000000000000000000, 0.8660254037844387100, 1.000000000000000000, 0.8660254037844387100, 1.000000000000000000, 0.8660254037844387100, 1.000000000000000000, 0.8660254037844387100, 1.000000000000000000, 0.8660254037844387100, 1.000000000000000000, 0.8660254037844387100, 1.000000000000000000, 0.8660254037844387100, 1.000000000000000000, 0.8660254037844387100, 1.000000000000000000, 0.8660254037844387100, 1.000000000000000000, 0.8660254037844387100, 1.000000000000000000, 0.8660254037844387100, 1.000000000000000000, 0.8660254037844387100, 1.000000000000000000, 0.8660254037844387100, 1.000000000000000000, 0.8660254037844387100, 1.000000000000000000, 0.8660254037844387100, 1.000000000000000000, 0.8660254037844387100, 1.000000000000000000, 0.8660254037844387100, 1.000000000000000000, 0.8660254037844387100, 1.000000000000000000, 0.8660254037844387100, 1.000000000000000000, 0.8660254037844387100, 1.000000000000000000, 0.8660254037844387100, 1.000000000000000000, 0.8660254037844387100, 1.000000000000000000, 0.8660254037844387100, 1.000000000000000000, 0.8660254037844387100, 1.000000000000000000, 0.8660254037844387100, 1.000000000000000000, 0.8660254037844387100, 1.000000000000000000, 0.8660254037844387100, 1.000000000000000000, 0.8660254037844387100, 1.000000000000000000, 0.8660254037844387100, 1.000000000000000000, 0.8660254037844387100, 1.000000000000000000, 0.8660254037844387100, 1.000000000000000000, 0.8660254037844387100, 1.000000000000000000, 0.8660254037844387100, 1.000000000000000000, 0.8660254037844387100, 1.000000000000000000, 0.8660254037844387100, 1.000000000000000000, 0.8660254037844387100, 1.000000000000000000, 0.8660254037844387100, 1.000000000000000000, 0.8660254037844387100, 1.000000000000000000, 0.9048487927615849200, 0.9448538389424463400, 0.9448538389424463400, 0.9448538389424463400),
 ( 1.000000000000000000, 0.8660254037844387100, 1.000000000000000000, 0.8660254037844387100, 1.000000000000000000, 0.8660254037844387100, 1.000000000000000000, 0.8660254037844387100, 1.000000000000000000, 0.8660254037844387100, 1.000000000000000000, 0.8660254037844387100, 1.000000000000000000, 0.8660254037844387100, 1.000000000000000000, 0.8660254037844387100, 1.000000000000000000, 0.8660254037844387100, 1.000000000000000000, 0.8660254037844387100, 1.000000000000000000, 0.8660254037844387100, 1.000000000000000000, 0.8660254037844387100, 1.000000000000000000, 0.8660254037844387100, 1.000000000000000000, 0.8660254037844387100, 1.000000000000000000, 0.8660254037844387100, 1.000000000000000000, 0.8660254037844387100, 1.000000000000000000, 0.8660254037844387100, 1.000000000000000000, 0.8660254037844387100, 1.000000000000000000, 0.8660254037844387100, 1.000000000000000000, 0.8660254037844387100, 1.000000000000000000, 0.8660254037844387100, 1.000000000000000000, 0.8660254037844387100, 1.000000000000000000, 0.8660254037844387100, 1.000000000000000000, 0.8660254037844387100, 1.000000000000000000, 0.8660254037844387100, 1.000000000000000000, 0.8660254037844387100, 1.000000000000000000, 0.8660254037844387100, 1.000000000000000000, 0.8660254037844387100, 1.000000000000000000, 0.8660254037844387100, 1.000000000000000000, 0.8660254037844387100, 1.000000000000000000, 0.8660254037844387100, 1.000000000000000000, 0.8660254037844387100, 1.000000000000000000, 0.8660254037844387100, 1.000000000000000000, 0.8660254037844387100, 1.000000000000000000, 0.8660254037844387100, 1.000000000000000000, 0.8660254037844387100, 1.000000000000000000, 0.8660254037844387100, 1.000000000000000000, 0.8660254037844387100, 1.000000000000000000, 0.8660254037844387100, 1.000000000000000000, 0.8660254037844387100, 1.000000000000000000, 0.8660254037844387100, 1.000000000000000000, 0.8660254037844387100, 1.000000000000000000, 0.8660254037844387100, 1.000000000000000000, 0.8660254037844387100, 1.000000000000000000, 0.8660254037844387100, 1.000000000000000000, 0.8660254037844387100, 1.000000000000000000, 0.8660254037844387100, 1.000000000000000000, 0.8660254037844387100, 1.000000000000000000, 0.8660254037844387100, 1.000000000000000000, 0.8660254037844387100, 1.000000000000000000, 0.8660254037844387100, 1.000000000000000000, 0.8660254037844387100, 1.000000000000000000, 0.8660254037844387100, 1.000000000000000000, 0.8660254037844387100, 1.000000000000000000, 0.8660254037844387100, 1.000000000000000000, 0.8660254037844387100, 1.000000000000000000, 0.8660254037844387100, 1.000000000000000000, 0.8660254037844387100, 1.000000000000000000, 0.8660254037844387100, 1.000000000000000000, 0.8660254037844387100, 1.000000000000000000, 0.8660254037844387100, 1.000000000000000000, 0.8660254037844387100, 1.000000000000000000, 0.8660254037844387100, 1.000000000000000000, 0.8660254037844387100, 1.000000000000000000, 0.8660254037844387100, 1.000000000000000000, 0.8660254037844387100, 1.000000000000000000, 0.8660254037844387100, 1.000000000000000000, 0.8660254037844387100, 1.000000000000000000, 0.8660254037844387100, 1.000000000000000000, 0.8660254037844387100, 1.000000000000000000, 0.8660254037844387100, 1.000000000000000000, 0.8660254037844387100, 1.000000000000000000, 0.8660254037844387100, 1.000000000000000000, 0.8660254037844387100, 1.000000000000000000, 0.8660254037844387100, 1.000000000000000000, 0.8660254037844387100, 1.000000000000000000, 0.8660254037844387100, 1.000000000000000000, 0.8660254037844387100, 1.000000000000000000, 0.8660254037844387100, 1.000000000000000000, 0.8660254037844387100, 1.000000000000000000, 0.8660254037844387100, 1.000000000000000000, 0.8660254037844387100, 1.000000000000000000, 0.8660254037844387100, 1.000000000000000000, 0.8660254037844387100, 1.000000000000000000, 0.8660254037844387100, 1.000000000000000000, 0.8660254037844387100, 1.000000000000000000, 0.8660254037844387100, 1.000000000000000000, 0.8660254037844387100, 1.000000000000000000, 0.8660254037844387100, 1.000000000000000000, 0.8660254037844387100, 1.000000000000000000, 0.8660254037844387100, 1.000000000000000000, 0.9048487927615849200, 0.9448538389424463400, 0.9448538389424463400, 0.9448538389424463400) ) ) 
 REPRESENTATION_ITEM ( '' )  SURFACE ( )  );
#3324 = CARTESIAN_POINT ( 'NONE',  ( 0.8922005383792507300, -1.545336663013169700, 0.1458333333333346500 ) ) ;
#3325 = CARTESIAN_POINT ( 'NONE',  ( -1.732050807568878300, -1.000000000000000000, -4.666666666666647400 ) ) ;
#3326 = ADVANCED_FACE ( 'NONE', ( #2167 ), #3345, .T. ) ;
#3327 = ORIENTED_EDGE ( 'NONE', *, *, #972, .T. ) ;
#3328 = CARTESIAN_POINT ( 'NONE',  ( -0.8922005383792517300, -1.545336663013168900, -7.058333333333333600 ) ) ;
#3329 = CARTESIAN_POINT ( 'NONE',  ( 1.764863307568878000, 1.018944305707782900, -5.694791666666645800 ) ) ;
#3330 = CARTESIAN_POINT ( 'NONE',  ( -1.338300807568877100, -0.7726683315065843200, -2.916666666666666500 ) ) ;
#3331 = VERTEX_POINT ( 'NONE', #116 ) ;
#3332 = CARTESIAN_POINT ( 'NONE',  ( -0.1999452810760287400, 1.535573422993794500, 2.537500000000020500 ) ) ;
#3333 = EDGE_CURVE ( 'NONE', #3080, #1948, #2518, .T. ) ;
#3334 = CARTESIAN_POINT ( 'NONE',  ( -1.892491597964129900E-016, -1.545336663013169300, 1.487500000000000000 ) ) ;
#3335 = CARTESIAN_POINT ( 'NONE',  ( -1.338300807568876900, 0.7726683315065848700, 0.5541666666666672500 ) ) ;
#3336 = CARTESIAN_POINT ( 'NONE',  ( 1.176575538379250700, -2.037888611415569400, 1.873958333333314300 ) ) ;
#3337 = CARTESIAN_POINT ( 'NONE',  ( 0.8922005383792507300, -1.545336663013169700, -5.541666666666667000 ) ) ;
#3338 = ORIENTED_EDGE ( 'NONE', *, *, #1533, .F. ) ;
#3339 = CARTESIAN_POINT ( 'NONE',  ( -1.154700538379251900, 2.000000000000000900, -2.741666666666647200 ) ) ;
#3340 = CARTESIAN_POINT ( 'NONE',  ( -1.338300807568877100, -0.7726683315065843200, -3.616666666666666300 ) ) ;
#3341 = CARTESIAN_POINT ( 'NONE',  ( 1.401258538443848300, 1.427050983125065300, 2.799999999999999400 ) ) ;
#3342 = CARTESIAN_POINT ( 'NONE',  ( -2.449293598294706900E-016, -2.000000000000000000, -3.762500000000018400 ) ) ;
#3343 = CARTESIAN_POINT ( 'NONE',  ( -1.338300807568876900, 0.7726683315065848700, 1.254166666666668200 ) ) ;
#3344 = AXIS2_PLACEMENT_3D ( 'NONE', #1303, #231, #2132 ) ;
#3345 = CYLINDRICAL_SURFACE ( 'NONE', #1262, 2.000000000000000900 ) ;
#3346 = CARTESIAN_POINT ( 'NONE',  ( 1.338300807568877600, 0.7726683315065835400, -1.779166666666665900 ) ) ;
#3347 = CARTESIAN_POINT ( 'NONE',  ( -2.309401076758805800, 1.414100318300061200E-016, -4.637500000000168000 ) ) ;
#3348 = DIRECTION ( 'NONE',  ( -0.0000000000000000000, -3.858187711820656000E-057, -1.000000000000000000 ) ) ;
#3349 = CARTESIAN_POINT ( 'NONE',  ( -1.338300807568876900, 0.7726683315065848700, -5.833333333333333000 ) ) ;
#3350 = DIRECTION ( 'NONE',  ( -0.0000000000000000000, -3.858187711820656000E-057, -1.000000000000000000 ) ) ;
#3351 = ORIENTED_EDGE ( 'NONE', *, *, #2608, .F. ) ;
#3352 = CARTESIAN_POINT ( 'NONE',  ( -0.8922005383792517300, -1.545336663013168900, -5.658333333333334100 ) ) ;
#3353 = FACE_OUTER_BOUND ( 'NONE', #2097, .T. ) ;
#3354 = CARTESIAN_POINT ( 'NONE',  ( 0.0000000000000000000, 2.000000000000000900, 0.7000000000000201600 ) ) ;
#3355 = CARTESIAN_POINT ( 'NONE',  ( -2.449293598294707400E-016, -2.000000000000000900, 2.450000000000019700 ) ) ;
#3356 =( GEOMETRIC_REPRESENTATION_CONTEXT ( 3 ) GLOBAL_UNCERTAINTY_ASSIGNED_CONTEXT ( ( #3210 ) ) GLOBAL_UNIT_ASSIGNED_CONTEXT ( ( #478, #1575, #180 ) ) REPRESENTATION_CONTEXT ( 'NONE', 'WORKASPACE' ) );
#3357 = VERTEX_POINT ( 'NONE', #2859 ) ;
#3358 = CARTESIAN_POINT ( 'NONE',  ( 2.977860112640532100E-011, -2.000000000000000900, -2.362499999998513900 ) ) ;
#3359 = ORIENTED_EDGE ( 'NONE', *, *, #415, .T. ) ;
#3360 = CARTESIAN_POINT ( 'NONE',  ( 1.338300807568876500, -0.7726683315065853200, -6.795833333333332500 ) ) ;
#3361 = DIRECTION ( 'NONE',  ( -0.0000000000000000000, -3.858187711820656000E-057, -1.000000000000000000 ) ) ;
#3362 = CARTESIAN_POINT ( 'NONE',  ( 0.8922005383792521700, 1.545336663013168900, -5.308333333333332700 ) ) ;
#3363 = ORIENTED_EDGE ( 'NONE', *, *, #3428, .T. ) ;
#3364 = CARTESIAN_POINT ( 'NONE',  ( 1.764863307568878000, 1.018944305707782900, -4.294791666666646400 ) ) ;
#3365 = CARTESIAN_POINT ( 'NONE',  ( -1.784401076758502300, 1.092630533523695400E-016, -0.1749999999999998500 ) ) ;
#3366 = CARTESIAN_POINT ( 'NONE',  ( -1.500000000000000000, 0.5909740868883562900, 6.744243554733361500 ) ) ;
#3367 = CARTESIAN_POINT ( 'NONE',  ( 0.1873266395182963400, -1.781914889741137200, 2.674088502885800800 ) ) ;
#3368 = CARTESIAN_POINT ( 'NONE',  ( -1.732050807568878300, -1.000000000000000000, -0.4666666666666463600 ) ) ;
#3369 = EDGE_CURVE ( 'NONE', #3319, #2359, #253, .T. ) ;
#3370 = ORIENTED_EDGE ( 'NONE', *, *, #1343, .F. ) ;
#3371 = CARTESIAN_POINT ( 'NONE',  ( -1.338300807568877100, -0.7726683315065843200, -5.629166666666666400 ) ) ;
#3372 = CARTESIAN_POINT ( 'NONE',  ( -0.8922005383792510600, 1.545336663013169500, -3.791666666666667000 ) ) ;
#3373 = CARTESIAN_POINT ( 'NONE',  ( 1.176575538379250700, -2.037888611415569400, -2.369791666666645600 ) ) ;
#3374 = CARTESIAN_POINT ( 'NONE',  ( -1.892491597964129900E-016, -1.545336663013169300, -2.099999999999999600 ) ) ;
#3375 = CARTESIAN_POINT ( 'NONE',  ( -1.500000000000000000, 0.3005327505313507000, 6.661509242051501200 ) ) ;
#3376 = EDGE_CURVE ( 'NONE', #2359, #3319, #678, .T. ) ;
#3377 = CARTESIAN_POINT ( 'NONE',  ( 1.929210446765248900, 0.2601117540501290400, 2.764106100309633400 ) ) ;
#3378 = CARTESIAN_POINT ( 'NONE',  ( 0.8922005383792508400, -1.545336663013169700, 0.8458333333333347700 ) ) ;
#3379 = CARTESIAN_POINT ( 'NONE',  ( 0.0000000000000000000, 1.545336663013169300, -1.049999999999999800 ) ) ;
#3380 = CARTESIAN_POINT ( 'NONE',  ( 0.0000000000000000000, 2.037888611415569000, -2.778124999999979300 ) ) ;
#3381 = CARTESIAN_POINT ( 'NONE',  ( 1.338300807568876500, -0.7726683315065853200, -0.5833333333333332600 ) ) ;
#3382 = LOCAL_TIME ( 8, 29, 28.00000000000000000, #2515 ) ;
#3383 = EDGE_CURVE ( 'NONE', #3080, #3276, #512, .T. ) ;
#3384 = CARTESIAN_POINT ( 'NONE',  ( -1.172883739399055900, -1.806170850478916000, 3.461358592660967600 ) ) ;
#3385 = CARTESIAN_POINT ( 'NONE',  ( -1.572220846416309700, -0.5391793267327170700, 2.600292979029825300 ) ) ;
#3386 = CARTESIAN_POINT ( 'NONE',  ( 1.221026606542300100, -1.393066186045169600, 2.709372478060990000 ) ) ;
#3387 = VECTOR ( 'NONE', #2468, 1000.000000000000000 ) ;
#3388 = TOROIDAL_SURFACE ( 'NONE', #3286, 2.200000000000001500, 0.2000000000000000900 ) ;
#3389 = CARTESIAN_POINT ( 'NONE',  ( -0.8922005383792517300, -1.545336663013168900, -6.970833333333333200 ) ) ;
#3390 = ORIENTED_EDGE ( 'NONE', *, *, #1020, .T. ) ;
#3391 = CARTESIAN_POINT ( 'NONE',  ( 1.500000000000000000, -2.095679045568001500E-020, 6.638045381863459000 ) ) ;
#3392 = CARTESIAN_POINT ( 'NONE',  ( 0.8922005383792507300, -1.545336663013169700, -0.6416666666666661600 ) ) ;
#3393 = FACE_OUTER_BOUND ( 'NONE', #2056, .T. ) ;
#3394 = CARTESIAN_POINT ( 'NONE',  ( 1.176575538379252400, 2.037888611415568100, -5.636458333333312300 ) ) ;
#3395 = CARTESIAN_POINT ( 'NONE',  ( -1.338300807568877100, -0.7726683315065843200, -2.216666666666666300 ) ) ;
#3396 = ORIENTED_EDGE ( 'NONE', *, *, #545, .F. ) ;
#3397 = CARTESIAN_POINT ( 'NONE',  ( -1.784401076758502100, 1.092630533523695300E-016, 1.925000000000000500 ) ) ;
#3398 = CARTESIAN_POINT ( 'NONE',  ( 0.8922005383792519500, 1.545336663013168600, -5.308333333333332700 ) ) ;
#3399 = LINE ( 'NONE', #1416, #1983 ) ;
#3400 = CARTESIAN_POINT ( 'NONE',  ( 0.0000000000000000000, 1.545336663013170200, 2.537499999999998800 ) ) ;
#3401 = CARTESIAN_POINT ( 'NONE',  ( 0.0000000000000000000, 0.0000000000000000000, 0.0000000000000000000 ) ) ;
#3402 = CARTESIAN_POINT ( 'NONE',  ( -2.309401076758524200, 1.414100318299888900E-016, -3.937500000000028900 ) ) ;
#3403 = ORIENTED_EDGE ( 'NONE', *, *, #2910, .T. ) ;
#3404 =( BOUNDED_CURVE ( )  B_SPLINE_CURVE ( 2, ( #1869, #2411, #2683, #2953, #3213, #241, #2144 ),
 .UNSPECIFIED., .F., .F. ) 
 B_SPLINE_CURVE_WITH_KNOTS ( ( 3, 2, 2, 3 ),
 ( 0.1489499041553039600, 0.1510398378018188400, 0.1531297714483337600, 0.1552197050948486400 ),
 .UNSPECIFIED. ) 
 CURVE ( )  GEOMETRIC_REPRESENTATION_ITEM ( )  RATIONAL_B_SPLINE_CURVE ( ( 1.000000000000000000, 0.8660254037844387100, 1.000000000000000000, 0.8660254037844387100, 1.000000000000000000, 0.8660254037842830500, 1.000000000000155700 ) ) 
 REPRESENTATION_ITEM ( '' )  );
#3405 = CARTESIAN_POINT ( 'NONE',  ( 1.338300807568876500, -0.7726683315065853200, -4.695833333333332000 ) ) ;
#3406 = CARTESIAN_POINT ( 'NONE',  ( 1.732050807568879200, 0.9999999999999991100, -0.02916666666668547800 ) ) ;
#3407 = CARTESIAN_POINT ( 'NONE',  ( 0.8922005383792507300, -1.545336663013169700, -2.041666666666666500 ) ) ;
#3408 = CARTESIAN_POINT ( 'NONE',  ( -2.495693764988920700E-016, -2.037888611415569000, -2.428124999999978800 ) ) ;
#3409 = CARTESIAN_POINT ( 'NONE',  ( 1.784401076758502300, -3.277891600571085500E-016, -1.224999999999999400 ) ) ;
#3410 = CARTESIAN_POINT ( 'NONE',  ( 0.0000000000000000000, 2.037888611415569000, -6.234375000000019500 ) ) ;
#3411 = CARTESIAN_POINT ( 'NONE',  ( -0.8922005383792509500, 1.545336663013169100, -3.791666666666667000 ) ) ;
#3412 = CARTESIAN_POINT ( 'NONE',  ( -1.154700538379270100, 2.000000000000032000, 0.8458333333332964700 ) ) ;
#3413 = ORIENTED_EDGE ( 'NONE', *, *, #1723, .T. ) ;
#3414 = CARTESIAN_POINT ( 'NONE',  ( 1.784401076758502300, -3.277891600571085500E-016, -5.337499999999998600 ) ) ;
#3415 = CARTESIAN_POINT ( 'NONE',  ( -1.920597014762030400E-011, 2.000000000000002200, 0.08750000000095166400 ) ) ;
#3416 = CARTESIAN_POINT ( 'NONE',  ( 1.338300807568877600, 0.7726683315065835400, -2.566666666666666900 ) ) ;
#3417 = CARTESIAN_POINT ( 'NONE',  ( -1.176575538379252000, -2.037888611415569000, -1.786458333333312600 ) ) ;
#3418 = CARTESIAN_POINT ( 'NONE',  ( 1.764863307568876700, -1.018944305707785400, -5.767708333333352800 ) ) ;
#3419 = CARTESIAN_POINT ( 'NONE',  ( -1.338300807568876900, -0.7726683315065842100, -5.016666666666666600 ) ) ;
#3420 = CARTESIAN_POINT ( 'NONE',  ( 0.0000000000000000000, 2.000000000000000900, -5.599999999999980100 ) ) ;
#3421 = CARTESIAN_POINT ( 'NONE',  ( -0.8922005383792517300, -1.545336663013168900, 1.341666666666667200 ) ) ;
#3422 = CARTESIAN_POINT ( 'NONE',  ( -1.154700538379263000, -2.000000000000018700, -3.820833333333362200 ) ) ;
#3423 = ORIENTED_EDGE ( 'NONE', *, *, #936, .F. ) ;
#3424 = PERSON_AND_ORGANIZATION ( #1239, #901 ) ;
#3425 = CARTESIAN_POINT ( 'NONE',  ( 1.784401076758502300, -3.277891600571085500E-016, -0.5249999999999994700 ) ) ;
#3426 = CARTESIAN_POINT ( 'NONE',  ( -2.495693764988920700E-016, -2.037888611415569000, 1.771875000000020100 ) ) ;
#3427 = CARTESIAN_POINT ( 'NONE',  ( -0.8922005383792511700, 1.545336663013169500, 1.808333333333332900 ) ) ;
#3428 = EDGE_CURVE ( 'NONE', #1734, #467, #2916, .T. ) ;
#3429 = CARTESIAN_POINT ( 'NONE',  ( -1.176575538379251100, 2.037888611415569000, -6.876041666666686100 ) ) ;
#3430 = CARTESIAN_POINT ( 'NONE',  ( -0.8922005383792516200, -1.545336663013168600, -5.658333333333333200 ) ) ;
#3431 = CARTESIAN_POINT ( 'NONE',  ( 0.8922005383792521700, 1.545336663013168900, 3.091666666666667200 ) ) ;
#3432 = ORIENTED_EDGE ( 'NONE', *, *, #3369, .F. ) ;
#3433 = VECTOR ( 'NONE', #327, 1000.000000000000000 ) ;
#3434 = CARTESIAN_POINT ( 'NONE',  ( -2.449293598294707400E-016, -2.000000000000000900, -0.2625000000000188800 ) ) ;
#3435 = AXIS2_PLACEMENT_3D ( 'NONE', #2457, #3035, #1698 ) ;
#3436 = CARTESIAN_POINT ( 'NONE',  ( -1.338300807568877100, -0.7726683315065843200, -6.329166666666664800 ) ) ;
#3437 = ORIENTED_EDGE ( 'NONE', *, *, #936, .T. ) ;
#3438 = VECTOR ( 'NONE', #3175, 1000.000000000000100 ) ;
#3439 = CARTESIAN_POINT ( 'NONE',  ( -1.499999999999999800, 0.8660254037844384900, 6.870096189432334900 ) ) ;
#3440 = CARTESIAN_POINT ( 'NONE',  ( -1.784401076758502300, 1.092630533523695500E-016, 0.5250000000000003600 ) ) ;
#3441 = ORIENTED_EDGE ( 'NONE', *, *, #3165, .T. ) ;
#3442 = CARTESIAN_POINT ( 'NONE',  ( -1.764863307568877100, 1.018944305707784700, 0.8385416666666870600 ) ) ;
#3443 = EDGE_CURVE ( 'NONE', #2991, #1458, #768, .T. ) ;
#3444 = CARTESIAN_POINT ( 'NONE',  ( -2.353151076758502700, 1.440889467031223800E-016, -5.359375000000018700 ) ) ;
#3445 = CARTESIAN_POINT ( 'NONE',  ( -0.8922005383792516200, -1.545336663013168600, -2.858333333333333400 ) ) ;
#3446 = CARTESIAN_POINT ( 'NONE',  ( -2.449293598294707400E-016, -2.000000000000000900, 1.050000000000019800 ) ) ;
#3447 = APPLICATION_PROTOCOL_DEFINITION ( 'international standard', 'config_control_design', 1994, #2062 ) ;
#3448 = CARTESIAN_POINT ( 'NONE',  ( 1.338300807568877600, 0.7726683315065835400, 1.633333333333333100 ) ) ;
#3449 = ORIENTED_EDGE ( 'NONE', *, *, #2982, .F. ) ;
#3450 = CARTESIAN_POINT ( 'NONE',  ( -0.8922005383792511700, 1.545336663013169500, -4.404166666666665900 ) ) ;
#3451 = CARTESIAN_POINT ( 'NONE',  ( 1.338300807568877600, 0.7726683315065835400, 0.9333333333333337900 ) ) ;
#3452 = CARTESIAN_POINT ( 'NONE',  ( 2.353151076758502700, -4.322668401093671800E-016, -0.1531249999999788100 ) ) ;
#3453 = CARTESIAN_POINT ( 'NONE',  ( -1.764863307568877300, -1.018944305707784000, -2.501041666666686100 ) ) ;
#3454 = CARTESIAN_POINT ( 'NONE',  ( 1.338300807568877400, 0.7726683315065834300, -1.166666666666666500 ) ) ;
#3455 = ORIENTED_EDGE ( 'NONE', *, *, #1030, .F. ) ;
#3456 = CARTESIAN_POINT ( 'NONE',  ( 0.0000000000000000000, 2.000000000000000900, 0.7874999999999808800 ) ) ;
#3457 = CARTESIAN_POINT ( 'NONE',  ( 0.0000000000000000000, 2.000000000000000900, 0.7874999999999808800 ) ) ;
#3458 = CARTESIAN_POINT ( 'NONE',  ( -2.613693847516620000E-013, -2.000000000000000000, -5.162500000000030700 ) ) ;
#3459 = CARTESIAN_POINT ( 'NONE',  ( 1.154700538379315600, -2.000000000000408100, -5.104166666666844600 ) ) ;
#3460 = CARTESIAN_POINT ( 'NONE',  ( 0.8922005383792508400, -1.545336663013169700, -4.054166666666666300 ) ) ;
#3461 = CARTESIAN_POINT ( 'NONE',  ( -1.764863307568877300, -1.018944305707784000, 0.2552083333333538000 ) ) ;
#3462 = CARTESIAN_POINT ( 'NONE',  ( 1.764863307568876700, -1.018944305707785400, -2.967708333333353400 ) ) ;
#3463 =( BOUNDED_CURVE ( )  B_SPLINE_CURVE ( 2, ( #2283, #314, #391, #2500, #47, #671, #3087 ),
 .UNSPECIFIED., .F., .F. ) 
 B_SPLINE_CURVE_WITH_KNOTS ( ( 3, 2, 2, 3 ),
 ( 0.1050543673405077300, 0.1071442863822084000, 0.1092342054239090600, 0.1113241244656097300 ),
 .UNSPECIFIED. ) 
 CURVE ( )  GEOMETRIC_REPRESENTATION_ITEM ( )  RATIONAL_B_SPLINE_CURVE ( ( 1.000000000000000000, 0.8660254037844387100, 1.000000000000000000, 0.8660254037844387100, 1.000000000000000000, 0.8660254037841003100, 1.000000000000338400 ) ) 
 REPRESENTATION_ITEM ( '' )  );
#3464 = CARTESIAN_POINT ( 'NONE',  ( -1.338300807568876700, 0.7726683315065847600, -0.2333333333333327800 ) ) ;
#3465 = CARTESIAN_POINT ( 'NONE',  ( 0.0000000000000000000, 2.700731398274459000E-056, 7.000000000000000000 ) ) ;
#3466 = CARTESIAN_POINT ( 'NONE',  ( 1.732050807568877600, -1.000000000000001300, -0.2333333333333135800 ) ) ;
#3467 = PERSON_AND_ORGANIZATION ( #1239, #901 ) ;
#3468 = CARTESIAN_POINT ( 'NONE',  ( 0.0000000000000000000, 2.000000000000000000, -0.6125000000000183600 ) ) ;
#3469 = B_SPLINE_CURVE_WITH_KNOTS ( 'NONE', 1,
 ( #3400, #382 ),
 .UNSPECIFIED., .F., .F.,
 ( 2, 2 ),
 ( 0.0000000000000000000, 0.0005249999999999997500 ),
 .UNSPECIFIED. ) ;
#3470 = ORIENTED_EDGE ( 'NONE', *, *, #3076, .T. ) ;
#3471 =( BOUNDED_CURVE ( )  B_SPLINE_CURVE ( 2, ( #668, #953, #1229, #2317, #2000, #2360, #2329 ),
 .UNSPECIFIED., .F., .F. ) 
 B_SPLINE_CURVE_WITH_KNOTS ( ( 3, 2, 2, 3 ),
 ( 0.8125000000000000000, 0.8229166666666666300, 0.8333333333333333700, 0.8437500000000000000 ),
 .UNSPECIFIED. ) 
 CURVE ( )  GEOMETRIC_REPRESENTATION_ITEM ( )  RATIONAL_B_SPLINE_CURVE ( ( 1.000000000000000000, 0.8660254037844387100, 1.000000000000000000, 0.8660254037844387100, 1.000000000000000000, 0.8660254037844387100, 1.000000000000000000 ) ) 
 REPRESENTATION_ITEM ( '' )  );
#3472 = CARTESIAN_POINT ( 'NONE',  ( -1.892491597964129900E-016, -1.545336663013169300, -5.512499999999999300 ) ) ;
#3473 = APPROVAL_PERSON_ORGANIZATION ( #3424, #2032, #1839 ) ;
#3474 = ORIENTED_EDGE ( 'NONE', *, *, #115, .T. ) ;
#3475 = CARTESIAN_POINT ( 'NONE',  ( -1.638055182898988000, 0.8555951293920010000, -6.701374594628312300 ) ) ;
#3476 = CIRCLE ( 'NONE', #491, 3.500000000000000000 ) ;
#3477 = CARTESIAN_POINT ( 'NONE',  ( 2.353151076758502700, -4.322668401093671800E-016, 3.346875000000019800 ) ) ;
#3478 = ORIENTED_EDGE ( 'NONE', *, *, #3322, .T. ) ;
#3479 = AXIS2_PLACEMENT_3D ( 'NONE', #80, #367, #630 ) ;
#3480 = CARTESIAN_POINT ( 'NONE',  ( 0.0000000000000000000, 2.037888611415569000, -2.734375000000020000 ) ) ;
#3481 = CARTESIAN_POINT ( 'NONE',  ( -1.784401076758502100, 1.092630533523695300E-016, 1.224999999999999600 ) ) ;
#3482 = VECTOR ( 'NONE', #2402, 1000.000000000000000 ) ;
#3483 = PLANE ( 'NONE',  #2177 ) ;
#3484 = CARTESIAN_POINT ( 'NONE',  ( 1.338300807568876500, -0.7726683315065853200, -3.295833333333332100 ) ) ;
#3485 = ORIENTED_EDGE ( 'NONE', *, *, #2242, .F. ) ;
#3486 = EDGE_LOOP ( 'NONE', ( #2223, #954, #1653 ) ) ;
#3487 = CARTESIAN_POINT ( 'NONE',  ( -1.784401076758502300, 1.092630533523695400E-016, -4.287499999999999600 ) ) ;
#3488 = ORIENTED_EDGE ( 'NONE', *, *, #2900, .T. ) ;
#3489 = VERTEX_POINT ( 'NONE', #740 ) ;
#3490 = CARTESIAN_POINT ( 'NONE',  ( -1.892491597964129900E-016, -1.545336663013169300, -6.212499999999999500 ) ) ;
#3491 = DIRECTION ( 'NONE',  ( 0.0000000000000000000, 1.000000000000000000, 0.0000000000000000000 ) ) ;
#3492 = CARTESIAN_POINT ( 'NONE',  ( 1.176575538379252400, 2.037888611415568100, -5.592708333333352900 ) ) ;
#3493 = CARTESIAN_POINT ( 'NONE',  ( 1.338300807568876300, -0.7726683315065852000, -1.283333333333333400 ) ) ;
#3494 = CARTESIAN_POINT ( 'NONE',  ( 1.154700538379249500, -2.000000000000004400, -5.191666666666646900 ) ) ;
#3495 = CARTESIAN_POINT ( 'NONE',  ( 1.338300807568877600, 0.7726683315065835400, -1.779166666666665900 ) ) ;
#3496 = CARTESIAN_POINT ( 'NONE',  ( 0.0000000000000000000, -5.401462796548918100E-056, -7.000000000000000000 ) ) ;
#3497 = ORIENTED_EDGE ( 'NONE', *, *, #1963, .T. ) ;
#3498 = CARTESIAN_POINT ( 'NONE',  ( -1.892491597964129900E-016, -1.545336663013169300, 0.08750000000000077200 ) ) ;
#3499 = CARTESIAN_POINT ( 'NONE',  ( 1.154700538379249500, 2.000000000000006200, -4.258333333333312400 ) ) ;
#3500 = ORIENTED_EDGE ( 'NONE', *, *, #107, .F. ) ;
#3501 = CARTESIAN_POINT ( 'NONE',  ( 1.004382025067847200, 1.404210840408773400, -6.822277655360873700 ) ) ;
#3502 = EDGE_CURVE ( 'NONE', #2957, #2918, #2556, .T. ) ;
#3503 = ORIENTED_EDGE ( 'NONE', *, *, #2855, .T. ) ;
#3504 = CARTESIAN_POINT ( 'NONE',  ( -0.8922005383792510600, 1.545336663013169500, -7.204166666666665700 ) ) ;
#3505 = CARTESIAN_POINT ( 'NONE',  ( -2.353151076758502700, 1.440889467031223800E-016, -1.159375000000019800 ) ) ;
#3506 = CARTESIAN_POINT ( 'NONE',  ( 0.0000000000000000000, 1.545336663013169100, 0.3500000000000004800 ) ) ;
#3507 = CARTESIAN_POINT ( 'NONE',  ( 1.732050807568879000, 0.9999999999999988900, -5.016666666666647100 ) ) ;
#3508 = CARTESIAN_POINT ( 'NONE',  ( -0.8922005383792517300, -1.545336663013168900, -2.070833333333332400 ) ) ;
ENDSEC;
END-ISO-10303-21;
