ISO-10303-21;
HEADER;
FILE_DESCRIPTION (( 'STEP AP203' ),
    '1' );
FILE_NAME ('93655A094_Male-Female Threaded Hex Standoff.STEP',
    '2026-01-09T00:07:58',
    ( 'McMaster Carr Supply' ),
    ( 'McMaster Carr Supply' ),
    'SwSTEP 2.0',
    'SolidWorks 2024',
    '' );
FILE_SCHEMA (( 'CONFIG_CONTROL_DESIGN' ));
ENDSEC;

DATA;
#1 = CARTESIAN_POINT ( 'NONE',  ( -1.105875672974077295, -5.827124160413295225E-15, -3.562499999999998224 ) ) ;
#2 = CARTESIAN_POINT ( 'NONE',  ( 2.232237999122120176, -1.211567502944533636, 7.807193742990291341 ) ) ;
#3 = CARTESIAN_POINT ( 'NONE',  ( 1.103625504730552986, 0.6371784822407137172, 5.182812500000004263 ) ) ;
#4 = CARTESIAN_POINT ( 'NONE',  ( 0.5529378364870382034, -0.9577164262227693126, -2.906249999999997780 ) ) ;
#5 = CARTESIAN_POINT ( 'NONE',  ( -0.1703673879457215379, -1.250000000000011768, 3.209897450843761657 ) ) ;
#6 = CARTESIAN_POINT ( 'NONE',  ( 0.5529378364870329854, 0.9577164262227455538, 4.081250000000002487 ) ) ;
#7 = CARTESIAN_POINT ( 'NONE',  ( -1.905686749927789858, -1.497827453291405320, 7.876666173317352637 ) ) ;
#8 = CARTESIAN_POINT ( 'NONE',  ( 1.443375672974069657, -6.049765113329391970E-15, -1.762500000000001066 ) ) ;
#9 = CARTESIAN_POINT ( 'NONE',  ( -0.8294067547305488119, -0.4788582131113825469, 6.125000000000003553 ) ) ;
#10 = CARTESIAN_POINT ( 'NONE',  ( 3.061616997868396453E-16, 1.249999999999998890, 6.650000000000001243 ) ) ;
#11 = ORIENTED_EDGE ( 'NONE', *, *, #1552, .F. ) ;
#12 = ADVANCED_FACE ( 'NONE', ( #1368 ), #2488, .T. ) ;
#13 = CARTESIAN_POINT ( 'NONE',  ( 1.105875672974077295, -5.970545773509548224E-15, -1.481249999999997957 ) ) ;
#14 = DIRECTION ( 'NONE',  ( 1.000000000000000000, 0.000000000000000000, 0.000000000000000000 ) ) ;
#15 = CARTESIAN_POINT ( 'NONE',  ( 0.5529378364870329854, 0.9577164262227455538, 5.431250000000002132 ) ) ;
#16 = CARTESIAN_POINT ( 'NONE',  ( 1.103625504730553208, 0.6371784822407138282, 5.210937500000001776 ) ) ;
#17 = EDGE_LOOP ( 'NONE', ( #1165, #119, #1038, #681 ) ) ;
#18 =( BOUNDED_CURVE ( )  B_SPLINE_CURVE ( 2, ( #3918, #4639, #1743, #1338, #2819, #2184, #1026 ),
 .UNSPECIFIED., .F., .T. ) 
 B_SPLINE_CURVE_WITH_KNOTS ( ( 3, 2, 2, 3 ),
 ( 0.2307692307692307820, 0.2435897435897435848, 0.2564102564102563875, 0.2692307692307692180 ),
 .UNSPECIFIED. ) 
 CURVE ( )  GEOMETRIC_REPRESENTATION_ITEM ( )  RATIONAL_B_SPLINE_CURVE ( ( 1.000000000000000000, 0.8660254037844387076, 1.000000000000000000, 0.8660254037844387076, 1.000000000000000000, 0.8660254037844387076, 1.000000000000000000 ) ) 
 REPRESENTATION_ITEM ( '' )  );
#19 = CARTESIAN_POINT ( 'NONE',  ( 0.5529378364870390916, 0.9577164262227569891, -1.406249999999997558 ) ) ;
#20 = CARTESIAN_POINT ( 'NONE',  ( -0.8294067547305487009, 0.4788582131113697238, 3.800000000000003819 ) ) ;
#21 = CARTESIAN_POINT ( 'NONE',  ( -0.5529378364870384255, 0.9577164262227573222, -0.8812499999999979794 ) ) ;
#22 = CARTESIAN_POINT ( 'NONE',  ( -0.8294067547305487009, 0.4788582131113697238, 6.950000000000002842 ) ) ;
#23 = CARTESIAN_POINT ( 'NONE',  ( -0.8294067547305488119, -0.4788582131113825469, 6.518750000000002487 ) ) ;
#24 = ORIENTED_EDGE ( 'NONE', *, *, #1790, .F. ) ;
#25 = CARTESIAN_POINT ( 'NONE',  ( -1.172864355864549048E-16, -0.9577164262227690905, -3.449999999999998845 ) ) ;
#26 = CARTESIAN_POINT ( 'NONE',  ( 1.443375672974070545, -6.801433263406804649E-15, 7.437500000000001776 ) ) ;
#27 = CARTESIAN_POINT ( 'NONE',  ( 0.7357503364870344731, -1.274356964481448751, 5.070312500000003553 ) ) ;
#28 = CARTESIAN_POINT ( 'NONE',  ( -1.082531754730553075, -0.6250000000000088818, 6.800000000000001599 ) ) ;
#29 = CARTESIAN_POINT ( 'NONE',  ( -0.3973853269042535441, 0.9577164262227572111, -0.4980495025379592655 ) ) ;
#30 = CONICAL_SURFACE ( 'NONE', #4275, 1.249999999999999778, 1.047197551196602294 ) ;
#31 = CARTESIAN_POINT ( 'NONE',  ( -0.5529378364870327633, -0.9577164262227586544, 3.856250000000002842 ) ) ;
#32 = CARTESIAN_POINT ( 'NONE',  ( -1.281228882126026480, -1.858358371364333017, 7.974126031989515084 ) ) ;
#33 = CARTESIAN_POINT ( 'NONE',  ( 0.8999246245621603801, -0.5820655573332421673, -3.879685881354251187 ) ) ;
#34 = CARTESIAN_POINT ( 'NONE',  ( 0.2563007824611289731, 0.9227841903536719848, 3.200000000000002398 ) ) ;
#35 = CARTESIAN_POINT ( 'NONE',  ( -1.530808498934198227E-16, -1.250000000000011990, 5.525000000000002132 ) ) ;
#36 = VERTEX_POINT ( 'NONE', #1391 ) ;
#37 = AXIS2_PLACEMENT_3D ( 'NONE', #2213, #3681, #2236 ) ;
#38 = CARTESIAN_POINT ( 'NONE',  ( 0.8294067547305576937, -0.4788582131113877649, -1.968749999999997780 ) ) ;
#39 = DIRECTION ( 'NONE',  ( -0.000000000000000000, 9.875224244405043999E-17, -1.000000000000000000 ) ) ;
#40 = CARTESIAN_POINT ( 'NONE',  ( -0.8294067547305488119, -0.4788582131113825469, 5.618750000000002132 ) ) ;
#41 = CARTESIAN_POINT ( 'NONE',  ( -1.103625504730552764, -0.6371784822407273730, 4.985937500000002132 ) ) ;
#42 = ORIENTED_EDGE ( 'NONE', *, *, #1028, .F. ) ;
#43 = CYLINDRICAL_SURFACE ( 'NONE', #1046, 1.250000000000000444 ) ;
#44 = CARTESIAN_POINT ( 'NONE',  ( 0.8294067547305490340, 0.4788582131113688911, 3.650000000000003908 ) ) ;
#45 = CARTESIAN_POINT ( 'NONE',  ( -0.5299820060581122982, -0.7977091113379171095, -0.2859583345977818603 ) ) ;
#46 = CARTESIAN_POINT ( 'NONE',  ( 2.345728711729071966E-16, 0.9577164262227458869, 6.875000000000003553 ) ) ;
#47 = CARTESIAN_POINT ( 'NONE',  ( 0.8294067547305484789, -0.4788582131113831575, 7.568750000000002309 ) ) ;
#48 = EDGE_CURVE ( 'NONE', #36, #3761, #1044, .T. ) ;
#49 = ADVANCED_FACE ( 'NONE', ( #2145 ), #302, .T. ) ;
#50 = ORIENTED_EDGE ( 'NONE', *, *, #1521, .F. ) ;
#51 = CARTESIAN_POINT ( 'NONE',  ( 0.000000000000000000, 0.9577164262227571001, -4.124999999999998224 ) ) ;
#52 = CARTESIAN_POINT ( 'NONE',  ( 2.164955578321489327, -1.327882310996650439, 7.807248115923527187 ) ) ;
#53 = AXIS2_PLACEMENT_3D ( 'NONE', #2403, #3869, #4173 ) ;
#54 = CARTESIAN_POINT ( 'NONE',  ( -1.103625504730552542, -0.6371784822407272619, 4.057812500000004263 ) ) ;
#55 = CARTESIAN_POINT ( 'NONE',  ( -1.105875672974077073, -5.741016182348246680E-15, -2.156249999999997780 ) ) ;
#56 = CARTESIAN_POINT ( 'NONE',  ( 0.8294067547305582488, 0.4788582131113751639, -0.5999999999999989786 ) ) ;
#57 = CIRCLE ( 'NONE', #1912, 1.249999999999999778 ) ;
#58 = CARTESIAN_POINT ( 'NONE',  ( -1.105875672974064861, -6.468574098567446901E-15, 3.331250000000002487 ) ) ;
#59 = CARTESIAN_POINT ( 'NONE',  ( 0.000000000000000000, -1.258909218984051749E-16, -3.899999999999999911 ) ) ;
#60 = DIRECTION ( 'NONE',  ( 0.000000000000000000, 1.000000000000000000, 0.000000000000000000 ) ) ;
#61 = CARTESIAN_POINT ( 'NONE',  ( 0.5371023094447455737, 0.8472611949390767005, -0.4887393623099702822 ) ) ;
#62 = ORIENTED_EDGE ( 'NONE', *, *, #2618, .F. ) ;
#63 = CC_DESIGN_PERSON_AND_ORGANIZATION_ASSIGNMENT ( #4328, #2907, ( #4369 ) ) ;
#64 = CARTESIAN_POINT ( 'NONE',  ( -0.5529378364870384255, 0.9577164262227572111, -3.131249999999997424 ) ) ;
#65 = CARTESIAN_POINT ( 'NONE',  ( -1.443375672974070545, -6.447908183831835661E-15, 6.312500000000001776 ) ) ;
#66 = B_SPLINE_CURVE_WITH_KNOTS ( 'NONE', 3,
 ( #2379, #3845, #2043, #204, #1673, #4494 ),
 .UNSPECIFIED., .F., .F.,
 ( 4, 2, 4 ),
 ( 2.424349759030540154E-18, 0.0002012759897611343250, 0.0004025519795222662648 ),
 .UNSPECIFIED. ) ;
#67 = CARTESIAN_POINT ( 'NONE',  ( -1.105875672974064861, -6.468574098567446112E-15, 4.681250000000003020 ) ) ;
#68 = CARTESIAN_POINT ( 'NONE',  ( 1.103625504730553208, 0.6371784822407138282, 2.960937500000001776 ) ) ;
#69 = ORIENTED_EDGE ( 'NONE', *, *, #3028, .F. ) ;
#70 =( BOUNDED_CURVE ( )  B_SPLINE_CURVE ( 2, ( #4285, #549, #1343 ),
 .UNSPECIFIED., .F., .F. ) 
 B_SPLINE_CURVE_WITH_KNOTS ( ( 3, 3 ),
 ( 0.7674326764651820953, 0.7810811265148247529 ),
 .UNSPECIFIED. ) 
 CURVE ( )  GEOMETRIC_REPRESENTATION_ITEM ( )  RATIONAL_B_SPLINE_CURVE ( ( 1.000000000000000000, 0.9012585384440667813, 0.9480652107226192893 ) ) 
 REPRESENTATION_ITEM ( '' )  );
#71 = CARTESIAN_POINT ( 'NONE',  ( -2.164955578321495988, 1.327882310996641557, 7.807248115923526299 ) ) ;
#72 = CARTESIAN_POINT ( 'NONE',  ( -1.105875672974064861, -6.468574098567446901E-15, 4.287500000000003197 ) ) ;
#73 = CARTESIAN_POINT ( 'NONE',  ( -1.560637177523338370E-16, -1.274356964481450305, -2.760937499999998490 ) ) ;
#74 = CARTESIAN_POINT ( 'NONE',  ( 0.5529378364870320972, -0.9577164262227589875, 5.787500000000002309 ) ) ;
#75 = CARTESIAN_POINT ( 'NONE',  ( 0.8294067547305484789, -0.4788582131113831575, 3.968750000000002665 ) ) ;
#76 = ORIENTED_EDGE ( 'NONE', *, *, #2483, .F. ) ;
#77 = CARTESIAN_POINT ( 'NONE',  ( 0.7357503364870359164, -1.274356964481450305, -1.345312499999997691 ) ) ;
#78 = AXIS2_PLACEMENT_3D ( 'NONE', #1476, #708, #3651 ) ;
#79 = EDGE_CURVE ( 'NONE', #3321, #3555, #1530, .T. ) ;
#80 = CARTESIAN_POINT ( 'NONE',  ( -1.530808498934198227E-16, -1.250000000000011990, 3.275000000000002132 ) ) ;
#81 = CARTESIAN_POINT ( 'NONE',  ( -1.471500672974069834, -6.446186024270533869E-15, 4.020312500000004619 ) ) ;
#82 = CARTESIAN_POINT ( 'NONE',  ( 0.000000000000000000, 0.9577164262227571001, -3.618749999999997691 ) ) ;
#83 = CARTESIAN_POINT ( 'NONE',  ( 0.000000000000000000, 0.9577164262227573222, -0.5249999999999985789 ) ) ;
#84 = CARTESIAN_POINT ( 'NONE',  ( -0.8294067547305488119, -0.4788582131113825469, 3.818750000000002753 ) ) ;
#85 = CARTESIAN_POINT ( 'NONE',  ( 0.8783211640733017411, 0.7203650488211799097, 7.553355702353128365 ) ) ;
#86 = CARTESIAN_POINT ( 'NONE',  ( -1.443375672974069657, -5.654908204283200501E-15, -1.087500000000000355 ) ) ;
#87 = CARTESIAN_POINT ( 'NONE',  ( 0.5529378364870320972, -0.9577164262227589875, 3.537500000000003642 ) ) ;
#88 = CARTESIAN_POINT ( 'NONE',  ( -1.082531754730553075, -0.6250000000000088818, 7.193750000000004974 ) ) ;
#89 = VERTEX_POINT ( 'NONE', #2932 ) ;
#90 = CARTESIAN_POINT ( 'NONE',  ( 0.8294067547305582488, 0.4788582131113750529, -1.893749999999997824 ) ) ;
#91 = CARTESIAN_POINT ( 'NONE',  ( -1.082531754730552853, 0.6249999999999963363, 6.218750000000004441 ) ) ;
#92 = CARTESIAN_POINT ( 'NONE',  ( -0.8294067547305488119, -0.4788582131113825469, 3.368750000000003020 ) ) ;
#93 = DIRECTION ( 'NONE',  ( 0.000000000000000000, 0.000000000000000000, -1.000000000000000000 ) ) ;
#94 = ORIENTED_EDGE ( 'NONE', *, *, #3325, .T. ) ;
#95 = CARTESIAN_POINT ( 'NONE',  ( -1.243734296382538629, -0.1250000000118249577, 7.670000000000452012 ) ) ;
#96 = CARTESIAN_POINT ( 'NONE',  ( 0.5529378364870320972, -0.9577164262227590985, 3.987500000000002931 ) ) ;
#97 = CARTESIAN_POINT ( 'NONE',  ( -0.8294067547305487009, 0.4788582131113697238, 5.600000000000003197 ) ) ;
#98 = CARTESIAN_POINT ( 'NONE',  ( -0.5529378364870322082, 0.9577164262227458869, 5.056250000000002132 ) ) ;
#99 = VERTEX_POINT ( 'NONE', #4761 ) ;
#100 = CARTESIAN_POINT ( 'NONE',  ( 0.000000000000000000, 0.9577164262227572111, -3.224999999999998757 ) ) ;
#101 = CARTESIAN_POINT ( 'NONE',  ( -2.058749999999990532, -1.409456344659180571, 7.832569145069300021 ) ) ;
#102 = CARTESIAN_POINT ( 'NONE',  ( 1.105875672974064861, -6.739435519199968560E-15, 7.662500000000003197 ) ) ;
#103 = CARTESIAN_POINT ( 'NONE',  ( -1.530808498934198227E-16, -1.250000000000011990, 6.875000000000000888 ) ) ;
#104 = DIRECTION ( 'NONE',  ( 0.000000000000000000, 1.000000000000000000, 9.875224244405043999E-17 ) ) ;
#105 = EDGE_CURVE ( 'NONE', #316, #2586, #3422, .T. ) ;
#106 = CARTESIAN_POINT ( 'NONE',  ( -1.530808498934197980E-16, -1.250000000000011990, 6.818750000000004086 ) ) ;
#107 = DIRECTION ( 'NONE',  ( -0.000000000000000000, 9.875224244405043999E-17, -1.000000000000000000 ) ) ;
#108 = FACE_OUTER_BOUND ( 'NONE', #1011, .T. ) ;
#109 = AXIS2_PLACEMENT_3D ( 'NONE', #817, #39, #1203 ) ;
#110 = CARTESIAN_POINT ( 'NONE',  ( 0.8294067547305484789, -0.4788582131113831575, 3.575000000000003730 ) ) ;
#111 = DIRECTION ( 'NONE',  ( -0.000000000000000000, 9.875224244405043999E-17, -1.000000000000000000 ) ) ;
#112 = VERTEX_POINT ( 'NONE', #866 ) ;
#113 = CARTESIAN_POINT ( 'NONE',  ( -0.5529378364870388696, -0.9577164262227686464, -0.7312499999999978462 ) ) ;
#114 = CARTESIAN_POINT ( 'NONE',  ( -1.530808498934197241E-16, -1.250000000000010658, -3.168749999999995737 ) ) ;
#115 = CARTESIAN_POINT ( 'NONE',  ( 0.000000000000000000, 2.156403255423249732, -6.873863542433758411 ) ) ;
#116 = CARTESIAN_POINT ( 'NONE',  ( 1.082531754730552631, -0.6250000000000097700, 5.150000000000001243 ) ) ;
#117 = CARTESIAN_POINT ( 'NONE',  ( 0.7357503364870358054, 1.274356964481435206, 2.998437500000001865 ) ) ;
#118 = AXIS2_PLACEMENT_3D ( 'NONE', #2162, #319, #2841 ) ;
#119 = ORIENTED_EDGE ( 'NONE', *, *, #3647, .T. ) ;
#120 = CARTESIAN_POINT ( 'NONE',  ( 0.5529378364870390916, 0.9577164262227569891, -2.362499999999998934 ) ) ;
#121 = DIRECTION ( 'NONE',  ( 1.000000000000000000, 0.000000000000000000, 0.000000000000000000 ) ) ;
#122 =( BOUNDED_CURVE ( )  B_SPLINE_CURVE ( 2, ( #220, #1350, #4630, #2831, #582, #3595, #4674 ),
 .UNSPECIFIED., .F., .F. ) 
 B_SPLINE_CURVE_WITH_KNOTS ( ( 3, 2, 2, 3 ),
 ( 0.2820512820512820484, 0.2948717948717948234, 0.3076923076923077094, 0.3205128205128204844 ),
 .UNSPECIFIED. ) 
 CURVE ( )  GEOMETRIC_REPRESENTATION_ITEM ( )  RATIONAL_B_SPLINE_CURVE ( ( 1.000000000000000000, 0.8660254037844387076, 1.000000000000000000, 0.8660254037844387076, 1.000000000000000000, 0.8660254037844387076, 1.000000000000000000 ) ) 
 REPRESENTATION_ITEM ( '' )  );
#123 = CARTESIAN_POINT ( 'NONE',  ( 0.5529378364870320972, -0.9577164262227589875, 4.887500000000002842 ) ) ;
#124 = CARTESIAN_POINT ( 'NONE',  ( 2.345728711729071966E-16, 0.9577164262227458869, 5.018750000000002487 ) ) ;
#125 = ORIENTED_EDGE ( 'NONE', *, *, #4175, .F. ) ;
#126 = CARTESIAN_POINT ( 'NONE',  ( -0.8294067547305580268, -0.4788582131113870988, -1.724999999999998757 ) ) ;
#127 = CARTESIAN_POINT ( 'NONE',  ( 3.061616997868395960E-16, 1.249999999999998890, 5.693750000000004974 ) ) ;
#128 = CARTESIAN_POINT ( 'NONE',  ( -0.5529378364870322082, 0.9577164262227458869, 6.912500000000004086 ) ) ;
#129 = CARTESIAN_POINT ( 'NONE',  ( 1.443375672974069657, -6.159983325252652973E-15, -3.562500000000000444 ) ) ;
#130 = CARTESIAN_POINT ( 'NONE',  ( 3.061616997868395960E-16, 1.249999999999998890, 4.343750000000004441 ) ) ;
#131 = CARTESIAN_POINT ( 'NONE',  ( 1.082531754730552631, 0.6249999999999955591, -1.275000000000000799 ) ) ;
#132 = CARTESIAN_POINT ( 'NONE',  ( 0.000000000000000000, 1.249999999999998668, -3.000000000000000888 ) ) ;
#133 = CARTESIAN_POINT ( 'NONE',  ( -1.103625504730552320, 0.6371784822407147164, 8.032812500000003908 ) ) ;
#134 = FACE_OUTER_BOUND ( 'NONE', #2401, .T. ) ;
#135 = CARTESIAN_POINT ( 'NONE',  ( 0.000000000000000000, 1.250000000000000222, -3.899999999999999911 ) ) ;
#136 = AXIS2_PLACEMENT_3D ( 'NONE', #3971, #3991, #3299 ) ;
#137 = ORIENTED_EDGE ( 'NONE', *, *, #1408, .T. ) ;
#138 = CARTESIAN_POINT ( 'NONE',  ( 0.5754070576188914377, -0.8972551561046343549, 7.477322409931843161 ) ) ;
#139 = CARTESIAN_POINT ( 'NONE',  ( 0.7216878364870360496, 1.249999999999998446, 3.406250000000004441 ) ) ;
#140 = EDGE_CURVE ( 'NONE', #4237, #2241, #921, .T. ) ;
#141 = ADVANCED_FACE ( 'NONE', ( #3166, #2781 ), #218, .T. ) ;
#142 = DIRECTION ( 'NONE',  ( 0.000000000000000000, 1.000000000000000000, 9.875224244405043999E-17 ) ) ;
#143 = CARTESIAN_POINT ( 'NONE',  ( -0.5529378364870326523, -0.9577164262227586544, 3.406250000000003109 ) ) ;
#144 = CARTESIAN_POINT ( 'NONE',  ( -1.103625504730552764, -0.6371784822407273730, 2.735937500000002132 ) ) ;
#145 = ORIENTED_EDGE ( 'NONE', *, *, #1766, .F. ) ;
#146 = CARTESIAN_POINT ( 'NONE',  ( 0.000000000000000000, 0.9577164262227571001, -4.124999999999998224 ) ) ;
#147 = CARTESIAN_POINT ( 'NONE',  ( 0.9398120748957403681, -0.5623101517024005069, 3.200000000000226219 ) ) ;
#148 = CARTESIAN_POINT ( 'NONE',  ( 0.8294067547305484789, -0.4788582131113831575, 4.025000000000003020 ) ) ;
#149 = CARTESIAN_POINT ( 'NONE',  ( 1.105875672974064861, -6.739435519199968560E-15, 3.556250000000003020 ) ) ;
#150 = ORIENTED_EDGE ( 'NONE', *, *, #2679, .T. ) ;
#151 = CARTESIAN_POINT ( 'NONE',  ( 0.5529378364870383145, -0.9577164262227689795, -0.7124999999999986899 ) ) ;
#152 =( BOUNDED_CURVE ( )  B_SPLINE_CURVE ( 2, ( #3636, #2868, #1778, #330, #1099, #4332, #1802 ),
 .UNSPECIFIED., .F., .F. ) 
 B_SPLINE_CURVE_WITH_KNOTS ( ( 3, 2, 2, 3 ),
 ( 0.8076923076923077094, 0.8205128205128204844, 0.8333333333333333703, 0.8461538461538461453 ),
 .UNSPECIFIED. ) 
 CURVE ( )  GEOMETRIC_REPRESENTATION_ITEM ( )  RATIONAL_B_SPLINE_CURVE ( ( 1.000000000000000000, 0.8660254037844387076, 1.000000000000000000, 0.8660254037844387076, 1.000000000000000000, 0.8660254037844387076, 1.000000000000000000 ) ) 
 REPRESENTATION_ITEM ( '' )  );
#153 = DIRECTION ( 'NONE',  ( -0.000000000000000000, 9.875224244405043999E-17, -1.000000000000000000 ) ) ;
#154 = CARTESIAN_POINT ( 'NONE',  ( -0.5529378364870322082, 0.9577164262227458869, 6.462500000000002132 ) ) ;
#155 = DIRECTION ( 'NONE',  ( -0.000000000000000000, 9.875224244405043999E-17, -1.000000000000000000 ) ) ;
#156 = CC_DESIGN_DATE_AND_TIME_ASSIGNMENT ( #4210, #574, ( #3930 ) ) ;
#157 = CARTESIAN_POINT ( 'NONE',  ( -0.7216878364870350504, 1.249999999999999112, 3.987500000000001599 ) ) ;
#158 = CARTESIAN_POINT ( 'NONE',  ( 0.000000000000000000, 0.9583659452755938224, -0.4683749999999989866 ) ) ;
#159 = FACE_OUTER_BOUND ( 'NONE', #2790, .T. ) ;
#160 = CARTESIAN_POINT ( 'NONE',  ( -0.7357503364870353613, -1.274356964481448307, 8.145312500000002842 ) ) ;
#161 = CARTESIAN_POINT ( 'NONE',  ( 1.105875672974064861, -6.739435519199968560E-15, 8.506250000000001421 ) ) ;
#162 = MECHANICAL_CONTEXT ( 'NONE', #1364, 'mechanical' ) ;
#163 = ORIENTED_EDGE ( 'NONE', *, *, #1232, .F. ) ;
#164 = CARTESIAN_POINT ( 'NONE',  ( -0.8294067547305580268, -0.4788582131113870433, -0.3187499999999978684 ) ) ;
#165 = CARTESIAN_POINT ( 'NONE',  ( 0.7216878364870360496, 1.249999999999998446, 3.856250000000004174 ) ) ;
#166 = CARTESIAN_POINT ( 'NONE',  ( 0.7357503364870359164, -1.274356964481450527, -2.723437499999998845 ) ) ;
#167 = CARTESIAN_POINT ( 'NONE',  ( -1.530808498934197980E-16, -1.250000000000011990, 5.918750000000004619 ) ) ;
#168 = CARTESIAN_POINT ( 'NONE',  ( 2.345728711729071966E-16, 0.9577164262227458869, 3.668750000000002842 ) ) ;
#169 = CARTESIAN_POINT ( 'NONE',  ( -1.560637177523335658E-16, -1.274356964481448751, 3.260937500000002487 ) ) ;
#170 = VERTEX_POINT ( 'NONE', #3474 ) ;
#171 = EDGE_CURVE ( 'NONE', #3072, #1225, #4180, .T. ) ;
#172 = CARTESIAN_POINT ( 'NONE',  ( -1.082531754730552187, 0.6249999999999965583, -2.025000000000000355 ) ) ;
#173 = CARTESIAN_POINT ( 'NONE',  ( 0.4985920424764217485, 2.310213961413746020, 0.08771028900140206974 ) ) ;
#174 = CARTESIAN_POINT ( 'NONE',  ( -1.105875672974064861, -6.468574098567446112E-15, 4.737500000000003375 ) ) ;
#175 = CARTESIAN_POINT ( 'NONE',  ( 0.5529378364870320972, -0.9577164262227589875, 4.831250000000002487 ) ) ;
#176 = VERTEX_POINT ( 'NONE', #167 ) ;
#177 = CARTESIAN_POINT ( 'NONE',  ( -0.5529378364870384255, 0.9577164262227573222, -1.387499999999998401 ) ) ;
#178 = CARTESIAN_POINT ( 'NONE',  ( -0.6710041598264171459, -0.6833550837979863735, -3.899999999999999911 ) ) ;
#179 = CARTESIAN_POINT ( 'NONE',  ( 0.5529378364870320972, -0.9577164262227589875, 7.137500000000003730 ) ) ;
#180 = FACE_OUTER_BOUND ( 'NONE', #1629, .T. ) ;
#181 = CARTESIAN_POINT ( 'NONE',  ( 1.471500672974072721, -6.190121117575421305E-15, -3.970312499999997691 ) ) ;
#182 =( BOUNDED_CURVE ( )  B_SPLINE_CURVE ( 2, ( #1256, #2038, #3119, #3504, #198, #3814, #4583 ),
 .UNSPECIFIED., .F., .T. ) 
 B_SPLINE_CURVE_WITH_KNOTS ( ( 3, 2, 2, 3 ),
 ( 0.2222222222222220711, 0.2407407407407405886, 0.2592592592592591338, 0.2777777777777776791 ),
 .UNSPECIFIED. ) 
 CURVE ( )  GEOMETRIC_REPRESENTATION_ITEM ( )  RATIONAL_B_SPLINE_CURVE ( ( 1.000000000000001110, 0.8660254037844377084, 1.000000000000000000, 0.8660254037844387076, 1.000000000000000000, 0.8660254037844394848, 0.9999999999999992228 ) ) 
 REPRESENTATION_ITEM ( '' )  );
#183 = CARTESIAN_POINT ( 'NONE',  ( 3.061616997868395960E-16, 1.249999999999998890, 4.343750000000004441 ) ) ;
#184 = CARTESIAN_POINT ( 'NONE',  ( 2.249999999999998668, 8.085766050654802241E-14, 0.02598076211244704573 ) ) ;
#185 = CARTESIAN_POINT ( 'NONE',  ( 0.7357503364870356943, 1.274356964481434984, 7.920312500000003197 ) ) ;
#186 = CARTESIAN_POINT ( 'NONE',  ( 1.443375672974070545, -6.801433263406804649E-15, 4.681250000000003020 ) ) ;
#187 = PERSON_AND_ORGANIZATION_ROLE ( 'design_owner' ) ;
#188 = ORIENTED_EDGE ( 'NONE', *, *, #1493, .T. ) ;
#189 = CARTESIAN_POINT ( 'NONE',  ( -0.5529378364870388696, -0.9577164262227686464, -1.181249999999997913 ) ) ;
#190 = CARTESIAN_POINT ( 'NONE',  ( 0.000000000000000000, -1.258909218984051749E-16, -3.899999999999999911 ) ) ;
#191 = VECTOR ( 'NONE', #4378, 1000.000000000000000 ) ;
#192 = CARTESIAN_POINT ( 'NONE',  ( 0.7357503364870370266, 1.274356964481438315, -1.223437499999998845 ) ) ;
#193 = CARTESIAN_POINT ( 'NONE',  ( -1.127247745499577514, -0.1739436260749654128, 7.547247745499582550 ) ) ;
#194 = CARTESIAN_POINT ( 'NONE',  ( 1.082531754730553519, 0.6249999999999953371, 5.225000000000002309 ) ) ;
#195 = CARTESIAN_POINT ( 'NONE',  ( -1.530808498934198227E-16, -1.250000000000011990, 4.625000000000001776 ) ) ;
#196 = ORIENTED_EDGE ( 'NONE', *, *, #3831, .T. ) ;
#197 = CARTESIAN_POINT ( 'NONE',  ( 1.105875672974077295, -6.084208304555413597E-15, -3.337499999999998579 ) ) ;
#198 = CARTESIAN_POINT ( 'NONE',  ( -1.082531754730552409, -0.6250000000000077716, -2.850000000000000977 ) ) ;
#199 = AXIS2_PLACEMENT_3D ( 'NONE', #3155, #1292, #2769 ) ;
#200 = CARTESIAN_POINT ( 'NONE',  ( 0.5529378364870320972, -0.9577164262227589875, 4.437500000000004441 ) ) ;
#201 = CARTESIAN_POINT ( 'NONE',  ( 3.121274355046671316E-16, 1.274356964481435872, 7.985937500000002132 ) ) ;
#202 = VERTEX_POINT ( 'NONE', #3063 ) ;
#203 = CARTESIAN_POINT ( 'NONE',  ( -0.8294067547305579158, 0.4788582131113758855, -1.799999999999998712 ) ) ;
#204 = CARTESIAN_POINT ( 'NONE',  ( 2.165367235512694943, 1.327391063058408704, 7.807193742989943175 ) ) ;
#205 = EDGE_CURVE ( 'NONE', #3817, #3484, #4162, .T. ) ;
#206 = ADVANCED_FACE ( 'NONE', ( #945 ), #4279, .T. ) ;
#207 = CARTESIAN_POINT ( 'NONE',  ( -1.530808498934198227E-16, -1.250000000000011990, 4.175000000000000711 ) ) ;
#208 = CARTESIAN_POINT ( 'NONE',  ( -1.530808498934197241E-16, -1.250000000000010658, -2.718749999999996003 ) ) ;
#209 = CARTESIAN_POINT ( 'NONE',  ( 0.5529378364870329854, 0.9577164262227455538, 7.287500000000003197 ) ) ;
#210 = CARTESIAN_POINT ( 'NONE',  ( -2.058749999999989644, 1.409456344659176796, 0.1674308549307019500 ) ) ;
#211 = CARTESIAN_POINT ( 'NONE',  ( 0.09037092856678144437, -0.9683320209702254155, -3.899999999999998579 ) ) ;
#212 = CARTESIAN_POINT ( 'NONE',  ( -0.1341067189834032614, 2.520649661048107948, 0.1838936497272658788 ) ) ;
#213 = ORIENTED_EDGE ( 'NONE', *, *, #2975, .T. ) ;
#214 = CARTESIAN_POINT ( 'NONE',  ( 2.058749999999989644, -1.409456344659179461, 0.1674308549306998961 ) ) ;
#215 = EDGE_CURVE ( 'NONE', #2041, #2631, #506, .T. ) ;
#216 = CARTESIAN_POINT ( 'NONE',  ( 1.867499999999998606, 1.078201627711623534, -6.873863542433758411 ) ) ;
#217 = CARTESIAN_POINT ( 'NONE',  ( 0.7357503364870370266, 1.274356964481438315, -2.573437499999999378 ) ) ;
#218 = PLANE ( 'NONE',  #2418 ) ;
#219 = CARTESIAN_POINT ( 'NONE',  ( -0.8294067547305579158, 0.4788582131113758300, -2.699999999999998401 ) ) ;
#220 = CARTESIAN_POINT ( 'NONE',  ( 3.061616997868396453E-16, 1.249999999999998890, 4.400000000000001243 ) ) ;
#221 = ORIENTED_EDGE ( 'NONE', *, *, #3061, .T. ) ;
#222 = CARTESIAN_POINT ( 'NONE',  ( 0.5529378364870383145, -0.9577164262227690905, -2.512499999999998401 ) ) ;
#223 = CARTESIAN_POINT ( 'NONE',  ( 1.082531754730552631, 0.6249999999999955591, -2.625000000000000000 ) ) ;
#224 = CARTESIAN_POINT ( 'NONE',  ( -1.172864355864535983E-16, -0.9577164262227588765, 7.943750000000003197 ) ) ;
#225 = CARTESIAN_POINT ( 'NONE',  ( 0.7357503364870358054, 1.274356964481435206, 8.398437500000001776 ) ) ;
#226 = ORIENTED_EDGE ( 'NONE', *, *, #2522, .T. ) ;
#227 = CARTESIAN_POINT ( 'NONE',  ( 0.000000000000000000, 0.9577164262227572111, -2.774999999999999023 ) ) ;
#228 = VECTOR ( 'NONE', #421, 1000.000000000000000 ) ;
#229 = CARTESIAN_POINT ( 'NONE',  ( 0.8294067547305576937, -0.4788582131113878204, -2.868749999999998135 ) ) ;
#230 = CARTESIAN_POINT ( 'NONE',  ( -1.560637177523338370E-16, -1.274356964481450305, -4.082812499999996625 ) ) ;
#231 = EDGE_CURVE ( 'NONE', #1712, #2970, #4707, .T. ) ;
#232 = DIRECTION ( 'NONE',  ( 0.000000000000000000, 1.000000000000000000, 0.000000000000000000 ) ) ;
#233 = CARTESIAN_POINT ( 'NONE',  ( 1.103625504730552986, 0.6371784822407137172, 8.332812500000002842 ) ) ;
#234 = CARTESIAN_POINT ( 'NONE',  ( 0.9173059229758232513, -0.6085482342729785499, -0.5455514835168209231 ) ) ;
#235 = EDGE_LOOP ( 'NONE', ( #563, #2264, #2944, #3936 ) ) ;
#236 = CARTESIAN_POINT ( 'NONE',  ( 3.061616997868395960E-16, 1.249999999999998890, 7.043750000000004619 ) ) ;
#237 = ORIENTED_EDGE ( 'NONE', *, *, #724, .F. ) ;
#238 = CARTESIAN_POINT ( 'NONE',  ( 0.8294067547305484789, -0.4788582131113831575, 6.668750000000002842 ) ) ;
#239 = CARTESIAN_POINT ( 'NONE',  ( 0.7216878364870348284, -1.250000000000012434, 6.462500000000002132 ) ) ;
#240 = CARTESIAN_POINT ( 'NONE',  ( 0.000000000000000000, 1.274356964481438759, -2.085937499999998668 ) ) ;
#241 = CARTESIAN_POINT ( 'NONE',  ( 0.8294067547305576937, -0.4788582131113877094, -1.574999999999998623 ) ) ;
#242 = LINE ( 'NONE', #3143, #2146 ) ;
#243 = ORIENTED_EDGE ( 'NONE', *, *, #760, .F. ) ;
#244 = CARTESIAN_POINT ( 'NONE',  ( 0.8294067547305582488, 0.4788582131113750529, -1.949999999999998623 ) ) ;
#245 = CARTESIAN_POINT ( 'NONE',  ( -1.443375672974069213, -5.651463885160596129E-15, -1.031249999999996003 ) ) ;
#246 = CARTESIAN_POINT ( 'NONE',  ( 0.8294067547305484789, -0.4788582131113831575, 6.668750000000002842 ) ) ;
#247 = CARTESIAN_POINT ( 'NONE',  ( 1.471500672974070056, -6.806599742090707656E-15, 8.323437500000000711 ) ) ;
#248 = VERTEX_POINT ( 'NONE', #2416 ) ;
#249 = ADVANCED_FACE ( 'NONE', ( #2729 ), #4195, .T. ) ;
#250 = CARTESIAN_POINT ( 'NONE',  ( -0.9506180407767828022, 0.1730693242601542559, 7.377716426222753476 ) ) ;
#251 = EDGE_CURVE ( 'NONE', #2144, #176, #2525, .T. ) ;
#252 = CARTESIAN_POINT ( 'NONE',  ( 1.105875672974077295, -6.108318538413626843E-15, -3.731249999999998401 ) ) ;
#253 = CARTESIAN_POINT ( 'NONE',  ( -1.530808498934198227E-16, -1.250000000000011990, 5.525000000000002132 ) ) ;
#254 = CARTESIAN_POINT ( 'NONE',  ( 0.7357503364870359164, -1.274356964481450527, -3.595312499999996803 ) ) ;
#255 = CARTESIAN_POINT ( 'NONE',  ( 0.06750202539833151383, 2.538847684389566428, 7.807248115923526299 ) ) ;
#256 = CARTESIAN_POINT ( 'NONE',  ( -0.7357503364870353613, -1.274356964481448307, 6.345312500000003020 ) ) ;
#257 = EDGE_CURVE ( 'NONE', #1060, #2041, #1370, .T. ) ;
#258 = VERTEX_POINT ( 'NONE', #4216 ) ;
#259 = DIRECTION ( 'NONE',  ( 0.000000000000000000, 1.000000000000000000, 8.673617379884036705E-17 ) ) ;
#260 = ORIENTED_EDGE ( 'NONE', *, *, #3795, .T. ) ;
#261 = CARTESIAN_POINT ( 'NONE',  ( -0.5529378364870327633, -0.9577164262227586544, 6.106250000000001954 ) ) ;
#262 = CARTESIAN_POINT ( 'NONE',  ( -1.530808498934197241E-16, -1.250000000000010214, -1.818749999999996092 ) ) ;
#263 = ADVANCED_FACE ( 'NONE', ( #3522 ), #3499, .T. ) ;
#264 = ADVANCED_FACE ( 'NONE', ( #3809 ), #494, .F. ) ;
#265 = CARTESIAN_POINT ( 'NONE',  ( -0.5529378364870384255, 0.9577164262227573222, -1.387499999999998401 ) ) ;
#266 = CARTESIAN_POINT ( 'NONE',  ( 3.061616997868395960E-16, 1.249999999999998890, 6.593750000000005329 ) ) ;
#267 = ORIENTED_EDGE ( 'NONE', *, *, #4410, .T. ) ;
#268 = CARTESIAN_POINT ( 'NONE',  ( 0.8294067547305576937, -0.4788582131113877094, -1.574999999999998623 ) ) ;
#269 = CARTESIAN_POINT ( 'NONE',  ( 5.516916707576565184E-14, -1.153221661127096453, -0.5808749999999995861 ) ) ;
#270 = CARTESIAN_POINT ( 'NONE',  ( 0.5529378364870320972, -0.9577164262227589875, 7.981250000000002842 ) ) ;
#271 = CARTESIAN_POINT ( 'NONE',  ( 2.345728711729071966E-16, 0.9577164262227458869, 3.218750000000002665 ) ) ;
#272 = ORIENTED_EDGE ( 'NONE', *, *, #105, .F. ) ;
#273 = CARTESIAN_POINT ( 'NONE',  ( -0.5529378364870388696, -0.9577164262227687574, -2.531249999999997780 ) ) ;
#274 = CARTESIAN_POINT ( 'NONE',  ( -1.103625504730554541, 0.6371784822407164928, -2.882812499999997335 ) ) ;
#275 = CIRCLE ( 'NONE', #1505, 1.182716426222757633 ) ;
#276 = DIRECTION ( 'NONE',  ( 0.000000000000000000, 1.000000000000000000, 8.673617379884036705E-17 ) ) ;
#277 = CARTESIAN_POINT ( 'NONE',  ( -1.103625504730552320, 0.6371784822407147164, 6.682812500000004263 ) ) ;
#278 = ORIENTED_EDGE ( 'NONE', *, *, #407, .F. ) ;
#279 = CARTESIAN_POINT ( 'NONE',  ( 0.000000000000000000, -1.258909218984051749E-16, -3.899999999999999911 ) ) ;
#280 = CARTESIAN_POINT ( 'NONE',  ( -1.172864355864535983E-16, -0.9577164262227588765, 5.693750000000002309 ) ) ;
#281 = CARTESIAN_POINT ( 'NONE',  ( 1.751407957523576586, 1.586900355616223557, 7.912289710998598125 ) ) ;
#282 = CARTESIAN_POINT ( 'NONE',  ( -1.103625504730554541, 0.6371784822407166038, -0.2109374999999988898 ) ) ;
#283 = CARTESIAN_POINT ( 'NONE',  ( -0.8294067547305487009, 0.4788582131113697238, 5.150000000000003908 ) ) ;
#284 = CARTESIAN_POINT ( 'NONE',  ( 0.5529378364870382034, -0.9577164262227690905, -1.162499999999998535 ) ) ;
#285 = CARTESIAN_POINT ( 'NONE',  ( -1.530808498934197241E-16, -1.250000000000010214, -1.368749999999996358 ) ) ;
#286 = EDGE_LOOP ( 'NONE', ( #2740, #196, #3572, #2700 ) ) ;
#287 = EDGE_CURVE ( 'NONE', #2604, #777, #1621, .T. ) ;
#288 = CARTESIAN_POINT ( 'NONE',  ( -0.8294067547305580268, -0.4788582131113870433, -0.3749999999999986122 ) ) ;
#289 = DIRECTION ( 'NONE',  ( -0.000000000000000000, -0.000000000000000000, -1.000000000000000000 ) ) ;
#290 = CIRCLE ( 'NONE', #2987, 0.9577164262227575442 ) ;
#291 = CARTESIAN_POINT ( 'NONE',  ( 0.8294067547305484789, -0.4788582131113831575, 3.125000000000003553 ) ) ;
#292 = CARTESIAN_POINT ( 'NONE',  ( -1.471500672974070056, -6.446186024270533869E-15, 8.098437500000002842 ) ) ;
#293 = EDGE_LOOP ( 'NONE', ( #1546, #3469, #2349 ) ) ;
#294 = CARTESIAN_POINT ( 'NONE',  ( -0.3648141177346608255, 0.9577164262227459979, 7.349741532433316848 ) ) ;
#295 = CARTESIAN_POINT ( 'NONE',  ( 0.5529378364870390916, 0.9577164262227568781, -3.206249999999997602 ) ) ;
#296 = DIRECTION ( 'NONE',  ( -0.000000000000000000, -0.000000000000000000, 1.000000000000000000 ) ) ;
#297 = CARTESIAN_POINT ( 'NONE',  ( 0.7357503364870370266, 1.274356964481438315, -2.545312499999997424 ) ) ;
#298 = CARTESIAN_POINT ( 'NONE',  ( 3.061616997868396453E-16, 1.249999999999998890, 3.950000000000001066 ) ) ;
#299 = CARTESIAN_POINT ( 'NONE',  ( 1.103625504730552986, 0.6371784822407137172, 6.532812500000003908 ) ) ;
#300 = ORIENTED_EDGE ( 'NONE', *, *, #2859, .T. ) ;
#301 = COORDINATED_UNIVERSAL_TIME_OFFSET ( 6, 0, .BEHIND. ) ;
#302 = PLANE ( 'NONE',  #565 ) ;
#303 = CARTESIAN_POINT ( 'NONE',  ( -0.5529378364870327633, -0.9577164262227586544, 5.656250000000003553 ) ) ;
#304 = CARTESIAN_POINT ( 'NONE',  ( 0.1912500000000071088, -2.487657972370796333, 7.832569145069300021 ) ) ;
#305 = EDGE_CURVE ( 'NONE', #1312, #4527, #1195, .T. ) ;
#306 =( BOUNDED_CURVE ( )  B_SPLINE_CURVE ( 2, ( #3777, #3414, #1577, #1243, #4232, #3053, #2334 ),
 .UNSPECIFIED., .F., .T. ) 
 B_SPLINE_CURVE_WITH_KNOTS ( ( 3, 2, 2, 3 ),
 ( 0.3333333333333332593, 0.3518518518518518046, 0.3703703703703702943, 0.3888888888888888395 ),
 .UNSPECIFIED. ) 
 CURVE ( )  GEOMETRIC_REPRESENTATION_ITEM ( )  RATIONAL_B_SPLINE_CURVE ( ( 1.000000000000000222, 0.8660254037844382635, 1.000000000000000000, 0.8660254037844387076, 1.000000000000000000, 0.8660254037844391517, 0.9999999999999995559 ) ) 
 REPRESENTATION_ITEM ( '' )  );
#307 = CARTESIAN_POINT ( 'NONE',  ( 1.103625504730554319, -0.6371784822407285942, -0.4359374999999992562 ) ) ;
#308 = CARTESIAN_POINT ( 'NONE',  ( -1.172864355864535983E-16, -0.9577164262227588765, 4.850000000000003197 ) ) ;
#309 = CARTESIAN_POINT ( 'NONE',  ( -0.7216878364870357165, -1.250000000000011768, 7.287500000000002309 ) ) ;
#310 = ORIENTED_EDGE ( 'NONE', *, *, #1205, .T. ) ;
#311 = CARTESIAN_POINT ( 'NONE',  ( -0.8294067547305580268, -0.4788582131113870988, -1.274999999999998801 ) ) ;
#312 = CARTESIAN_POINT ( 'NONE',  ( -1.082531754730552853, 0.6249999999999963363, 5.318750000000004974 ) ) ;
#313 = CARTESIAN_POINT ( 'NONE',  ( -0.8294067547305488119, -0.4788582131113825469, 2.975000000000003642 ) ) ;
#314 = CARTESIAN_POINT ( 'NONE',  ( 1.103625504730552320, -0.6371784822407282611, 6.035937500000001066 ) ) ;
#315 = ADVANCED_FACE ( 'NONE', ( #2793 ), #544, .T. ) ;
#316 = VERTEX_POINT ( 'NONE', #1218 ) ;
#317 = CARTESIAN_POINT ( 'NONE',  ( 0.5529378364870320972, -0.9577164262227590985, 5.787500000000000533 ) ) ;
#318 = CARTESIAN_POINT ( 'NONE',  ( -0.5529378364870384255, 0.9577164262227572111, -4.031249999999997335 ) ) ;
#319 = DIRECTION ( 'NONE',  ( -0.000000000000000000, 9.875224244405043999E-17, -1.000000000000000000 ) ) ;
#320 = CARTESIAN_POINT ( 'NONE',  ( 0.5529378364870320972, -0.9577164262227589875, 8.431250000000003908 ) ) ;
#321 = CARTESIAN_POINT ( 'NONE',  ( 1.471500672974072721, -6.135012011613790804E-15, -3.070312499999997335 ) ) ;
#322 = CARTESIAN_POINT ( 'NONE',  ( 0.1912500000077510809, 2.487657972366321690, 7.832569145071528460 ) ) ;
#323 = CARTESIAN_POINT ( 'NONE',  ( 0.7357503364870356943, 1.274356964481434984, 5.670312500000003197 ) ) ;
#324 = ORIENTED_EDGE ( 'NONE', *, *, #4073, .F. ) ;
#325 = DATE_AND_TIME ( #1121, #368 ) ;
#326 = ORIENTED_EDGE ( 'NONE', *, *, #257, .F. ) ;
#327 = VECTOR ( 'NONE', #4531, 1000.000000000000000 ) ;
#328 = CARTESIAN_POINT ( 'NONE',  ( -1.105875672974064861, -6.468574098567446901E-15, 5.131250000000002309 ) ) ;
#329 = CARTESIAN_POINT ( 'NONE',  ( 2.058749999999990532, 1.409456344659175908, 7.832569145069298244 ) ) ;
#330 = CARTESIAN_POINT ( 'NONE',  ( -1.443375672974070545, -6.447908183831835661E-15, 4.006250000000004974 ) ) ;
#331 = CARTESIAN_POINT ( 'NONE',  ( 0.8294067547305490340, 0.4788582131113688911, 5.900000000000003020 ) ) ;
#332 = FACE_OUTER_BOUND ( 'NONE', #3737, .T. ) ;
#333 = VERTEX_POINT ( 'NONE', #207 ) ;
#334 = CARTESIAN_POINT ( 'NONE',  ( -1.172864355864549048E-16, -0.9577164262227690905, -3.843749999999997780 ) ) ;
#335 =( BOUNDED_CURVE ( )  B_SPLINE_CURVE ( 2, ( #857, #1554, #4498, #1196, #935, #4130, #833 ),
 .UNSPECIFIED., .F., .F. ) 
 B_SPLINE_CURVE_WITH_KNOTS ( ( 3, 2, 2, 3 ),
 ( 0.3888888888888888395, 0.4074074074074073848, 0.4259259259259259300, 0.4444444444444444753 ),
 .UNSPECIFIED. ) 
 CURVE ( )  GEOMETRIC_REPRESENTATION_ITEM ( )  RATIONAL_B_SPLINE_CURVE ( ( 1.000000000000000444, 0.8660254037844383745, 1.000000000000000000, 0.8660254037844387076, 1.000000000000000000, 0.8660254037844382635, 1.000000000000000444 ) ) 
 REPRESENTATION_ITEM ( '' )  );
#336 = CARTESIAN_POINT ( 'NONE',  ( 3.061616997868396453E-16, 1.249999999999998890, 5.750000000000000888 ) ) ;
#337 = CARTESIAN_POINT ( 'NONE',  ( -1.172864355864535983E-16, -0.9577164262227588765, 6.143750000000002487 ) ) ;
#338 = CARTESIAN_POINT ( 'NONE',  ( -0.7357503364870349172, 1.274356964481435650, 4.423437500000002132 ) ) ;
#339 = ORIENTED_EDGE ( 'NONE', *, *, #2250, .T. ) ;
#340 = CARTESIAN_POINT ( 'NONE',  ( 0.8294067547305484789, -0.4788582131113831575, 6.725000000000003197 ) ) ;
#341 = CARTESIAN_POINT ( 'NONE',  ( 0.000000000000000000, 0.9577164262227573222, -0.4687499999999978351 ) ) ;
#342 = FACE_OUTER_BOUND ( 'NONE', #1140, .T. ) ;
#343 = CARTESIAN_POINT ( 'NONE',  ( -1.105875672974064861, -6.468574098567446112E-15, 6.931250000000002132 ) ) ;
#344 = CARTESIAN_POINT ( 'NONE',  ( -1.103625504730554541, 0.6371784822407164928, -2.432812499999997602 ) ) ;
#345 = AXIS2_PLACEMENT_3D ( 'NONE', #542, #3771, #852 ) ;
#346 = EDGE_CURVE ( 'NONE', #1712, #4135, #1692, .T. ) ;
#347 = ADVANCED_FACE ( 'NONE', ( #2020 ), #1578, .T. ) ;
#348 = CARTESIAN_POINT ( 'NONE',  ( 1.103625504730552098, -0.6371784822407281501, 5.557812500000003375 ) ) ;
#349 = AXIS2_PLACEMENT_3D ( 'NONE', #115, #1586, #1228 ) ;
#350 = CARTESIAN_POINT ( 'NONE',  ( 0.7216878364870360496, 1.249999999999998446, 5.656250000000004441 ) ) ;
#351 = CARTESIAN_POINT ( 'NONE',  ( 3.061616997868396453E-16, 1.249999999999998890, 3.500000000000001332 ) ) ;
#352 = FACE_OUTER_BOUND ( 'NONE', #1781, .T. ) ;
#353 = CARTESIAN_POINT ( 'NONE',  ( 1.103625504730555207, 0.6371784822407156046, -0.8109374999999992006 ) ) ;
#354 = CARTESIAN_POINT ( 'NONE',  ( -1.105875672974064861, -6.468574098567446112E-15, 4.737500000000003375 ) ) ;
#355 = CYLINDRICAL_SURFACE ( 'NONE', #136, 1.249999999999998890 ) ;
#356 = ORIENTED_EDGE ( 'NONE', *, *, #4735, .F. ) ;
#357 = CARTESIAN_POINT ( 'NONE',  ( 1.105875672974077295, -5.998100326490364263E-15, -1.931249999999998135 ) ) ;
#358 = CARTESIAN_POINT ( 'NONE',  ( -0.6077496910144292164, -1.030731557983663782, -0.6000069285225166915 ) ) ;
#359 = CARTESIAN_POINT ( 'NONE',  ( 0.8294067547305490340, 0.4788582131113688911, 6.293750000000002842 ) ) ;
#360 = CARTESIAN_POINT ( 'NONE',  ( -1.103625504730552542, 0.6371784822407147164, 5.360937500000002132 ) ) ;
#361 = ORIENTED_EDGE ( 'NONE', *, *, #4734, .F. ) ;
#362 =( BOUNDED_CURVE ( )  B_SPLINE_CURVE ( 2, ( #4229, #4615, #933, #2045, #854, #879, #1970 ),
 .UNSPECIFIED., .F., .F. ) 
 B_SPLINE_CURVE_WITH_KNOTS ( ( 3, 2, 2, 3 ),
 ( 0.3205128205128204844, 0.3333333333333332593, 0.3461538461538461453, 0.3589743589743589203 ),
 .UNSPECIFIED. ) 
 CURVE ( )  GEOMETRIC_REPRESENTATION_ITEM ( )  RATIONAL_B_SPLINE_CURVE ( ( 1.000000000000000000, 0.8660254037844387076, 1.000000000000000000, 0.8660254037844387076, 1.000000000000000000, 0.8660254037844387076, 1.000000000000000000 ) ) 
 REPRESENTATION_ITEM ( '' )  );
#363 = AXIS2_PLACEMENT_3D ( 'NONE', #378, #2959, #60 ) ;
#364 = CARTESIAN_POINT ( 'NONE',  ( -0.5529378364870323193, 0.9577164262227461089, 6.462500000000003020 ) ) ;
#365 = CARTESIAN_POINT ( 'NONE',  ( 1.105875672974077295, -5.998100326490364263E-15, -1.931249999999998135 ) ) ;
#366 = CARTESIAN_POINT ( 'NONE',  ( 2.345728711729071966E-16, 0.9577164262227458869, 6.425000000000003375 ) ) ;
#367 = CARTESIAN_POINT ( 'NONE',  ( 0.8294067547305490340, 0.4788582131113688911, 5.843750000000002665 ) ) ;
#368 = LOCAL_TIME ( 18, 7, 58.00000000000000000, #301 ) ;
#369 = CARTESIAN_POINT ( 'NONE',  ( -0.5529378364870384255, 0.9577164262227572111, -3.637499999999998401 ) ) ;
#370 = CARTESIAN_POINT ( 'NONE',  ( -1.443375672974069213, -5.789236650064672382E-15, -3.281249999999995115 ) ) ;
#371 = CARTESIAN_POINT ( 'NONE',  ( -0.7357503364870353613, -1.274356964481448307, 4.995312500000004263 ) ) ;
#372 = CARTESIAN_POINT ( 'NONE',  ( -1.082531754730553075, -0.6250000000000088818, 3.200000000000001954 ) ) ;
#373 = CARTESIAN_POINT ( 'NONE',  ( -0.8294067547305580268, -0.4788582131113871543, -2.174999999999998490 ) ) ;
#374 = PERSON_AND_ORGANIZATION ( #983, #4684 ) ;
#375 = ADVANCED_FACE ( 'NONE', ( #1699 ), #3821, .F. ) ;
#376 = CARTESIAN_POINT ( 'NONE',  ( -0.5529378364870323193, 0.9577164262227461089, 4.156250000000002665 ) ) ;
#377 = CARTESIAN_POINT ( 'NONE',  ( -0.7776052591995162855, 0.9342306043892547596, 7.625859390029001261 ) ) ;
#378 = CARTESIAN_POINT ( 'NONE',  ( 0.000000000000000000, -1.258909218984051749E-16, -3.899999999999999911 ) ) ;
#379 = CARTESIAN_POINT ( 'NONE',  ( -0.5529378364870322082, 0.9577164262227458869, 5.112500000000003375 ) ) ;
#380 = CARTESIAN_POINT ( 'NONE',  ( 1.443375672974070545, -6.801433263406804649E-15, 5.637500000000001066 ) ) ;
#381 = EDGE_LOOP ( 'NONE', ( #3562, #2892, #3781, #237 ) ) ;
#382 = CONICAL_SURFACE ( 'NONE', #4309, 1.580000000000000071, 0.7853981633974500554 ) ;
#383 = CARTESIAN_POINT ( 'NONE',  ( -0.8294067547305580268, -0.4788582131113871543, -2.568749999999998312 ) ) ;
#384 = CARTESIAN_POINT ( 'NONE',  ( -0.7216878364870346063, 1.249999999999998668, -2.456249999999996270 ) ) ;
#385 = CARTESIAN_POINT ( 'NONE',  ( 1.105875672974064861, -6.739435519199968560E-15, 4.456250000000002487 ) ) ;
#386 = CARTESIAN_POINT ( 'NONE',  ( 3.121274355046671316E-16, 1.274356964481435872, 5.285937500000002842 ) ) ;
#387 = VERTEX_POINT ( 'NONE', #3129 ) ;
#388 = CARTESIAN_POINT ( 'NONE',  ( 0.8294067547305582488, 0.4788582131113751639, -0.5437499999999981792 ) ) ;
#389 = CARTESIAN_POINT ( 'NONE',  ( -0.8294067547305487009, 0.4788582131113697238, 4.250000000000003553 ) ) ;
#390 = CARTESIAN_POINT ( 'NONE',  ( -0.5529378364870388696, -0.9577164262227687574, -1.631249999999997646 ) ) ;
#391 = CARTESIAN_POINT ( 'NONE',  ( -0.5529378364870326523, -0.9577164262227586544, 7.062500000000001776 ) ) ;
#392 = CARTESIAN_POINT ( 'NONE',  ( 1.105875672974064861, -6.739435519199968560E-15, 7.606250000000002842 ) ) ;
#393 = CARTESIAN_POINT ( 'NONE',  ( -1.560637177523338370E-16, -1.274356964481450083, -0.9328124999999978240 ) ) ;
#394 = CARTESIAN_POINT ( 'NONE',  ( -1.530808498934197241E-16, -1.250000000000010658, -3.168749999999995737 ) ) ;
#395 = CARTESIAN_POINT ( 'NONE',  ( 1.103625504730552098, -0.6371784822407281501, 3.307812500000004263 ) ) ;
#396 = CARTESIAN_POINT ( 'NONE',  ( -0.7216878364870357165, -1.250000000000011768, 6.837500000000001243 ) ) ;
#397 = CARTESIAN_POINT ( 'NONE',  ( -1.530808498934196994E-16, -1.250000000000010436, -3.225000000000000533 ) ) ;
#398 = LINE ( 'NONE', #808, #1656 ) ;
#399 = DIRECTION ( 'NONE',  ( 0.000000000000000000, 1.000000000000000000, 0.000000000000000000 ) ) ;
#400 = ADVANCED_FACE ( 'NONE', ( #180 ), #1241, .T. ) ;
#401 = CARTESIAN_POINT ( 'NONE',  ( -0.1912500000000103562, -2.487657972370796333, 0.1674308549307001459 ) ) ;
#402 = CARTESIAN_POINT ( 'NONE',  ( -1.156523875835946624, 0.2323016896341709714, 3.200000000000001954 ) ) ;
#403 = DIRECTION ( 'NONE',  ( -0.000000000000000000, 9.875224244405043999E-17, -1.000000000000000000 ) ) ;
#404 = VERTEX_POINT ( 'NONE', #2718 ) ;
#405 = CARTESIAN_POINT ( 'NONE',  ( -0.8294067547305579158, 0.4788582131113758300, -2.643749999999997602 ) ) ;
#406 = CARTESIAN_POINT ( 'NONE',  ( -2.205000000000000071, -4.336808689942017736E-15, 0.000000000000000000 ) ) ;
#407 = EDGE_CURVE ( 'NONE', #4258, #1583, #362, .T. ) ;
#408 = EDGE_CURVE ( 'NONE', #2631, #716, #3585, .T. ) ;
#409 = CARTESIAN_POINT ( 'NONE',  ( -1.172864355864535983E-16, -0.9577164262227588765, 5.693750000000002309 ) ) ;
#410 = CARTESIAN_POINT ( 'NONE',  ( -1.103625504730552542, 0.6371784822407147164, 5.810937500000001421 ) ) ;
#411 = ORIENTED_EDGE ( 'NONE', *, *, #2734, .T. ) ;
#412 = B_SPLINE_CURVE_WITH_KNOTS ( 'NONE', 3,
 ( #3386, #1169, #2951, #4419 ),
 .UNSPECIFIED., .F., .F.,
 ( 4, 4 ),
 ( 0.000000000000000000, 1.090530599517524122E-05 ),
 .UNSPECIFIED. ) ;
#413 = CARTESIAN_POINT ( 'NONE',  ( -0.5529378364870388696, -0.9577164262227686464, -1.181249999999997913 ) ) ;
#414 = CARTESIAN_POINT ( 'NONE',  ( -0.5529378364870327633, -0.9577164262227586544, 4.362500000000003375 ) ) ;
#415 = CARTESIAN_POINT ( 'NONE',  ( -0.5529378364870388696, -0.9577164262227686464, -0.7312499999999978462 ) ) ;
#416 = CARTESIAN_POINT ( 'NONE',  ( -0.8294067547305488119, -0.4788582131113825469, 7.925000000000003375 ) ) ;
#417 = CARTESIAN_POINT ( 'NONE',  ( 0.8294067547305490340, 0.4788582131113688911, 7.643750000000002487 ) ) ;
#418 = VERTEX_POINT ( 'NONE', #956 ) ;
#419 = CARTESIAN_POINT ( 'NONE',  ( -1.172864355864549048E-16, -0.9577164262227689795, -2.999999999999998224 ) ) ;
#420 = AXIS2_PLACEMENT_3D ( 'NONE', #2895, #3574, #1083 ) ;
#421 = DIRECTION ( 'NONE',  ( -0.000000000000000000, 9.875224244405043999E-17, -1.000000000000000000 ) ) ;
#422 = CARTESIAN_POINT ( 'NONE',  ( 0.5529378364870329854, 0.9577164262227455538, 8.637500000000002842 ) ) ;
#423 = CARTESIAN_POINT ( 'NONE',  ( -1.172864355864549048E-16, -0.9577164262227689795, -2.043749999999997957 ) ) ;
#424 = CARTESIAN_POINT ( 'NONE',  ( -2.115893281016565819, -1.376464655981882723, 0.1838936497272547488 ) ) ;
#425 = AXIS2_PLACEMENT_3D ( 'NONE', #2097, #2166, #3920 ) ;
#426 = CARTESIAN_POINT ( 'NONE',  ( -1.172864355864535983E-16, -0.9577164262227588765, 4.343750000000001776 ) ) ;
#427 = CARTESIAN_POINT ( 'NONE',  ( 0.09737193673148734907, 1.176420530386194097, 7.590401032653931068 ) ) ;
#428 = CARTESIAN_POINT ( 'NONE',  ( -1.530808498934198227E-16, -1.250000000000011990, 5.075000000000001066 ) ) ;
#429 = DIRECTION ( 'NONE',  ( -0.000000000000000000, 9.875224244405043999E-17, -1.000000000000000000 ) ) ;
#430 = CARTESIAN_POINT ( 'NONE',  ( -1.867499999999998606, -1.078201627711628419, -6.873863542433758411 ) ) ;
#431 = ORIENTED_EDGE ( 'NONE', *, *, #2913, .T. ) ;
#432 = CARTESIAN_POINT ( 'NONE',  ( 0.8294067547305576937, -0.4788582131113877094, -1.518749999999998046 ) ) ;
#433 = CARTESIAN_POINT ( 'NONE',  ( -0.7216878364870350504, 1.249999999999999112, 6.237500000000000711 ) ) ;
#434 = CARTESIAN_POINT ( 'NONE',  ( 2.345728711729071966E-16, 0.9577164262227458869, 5.918750000000001954 ) ) ;
#435 = CARTESIAN_POINT ( 'NONE',  ( 1.471500672974070056, -6.806599742090707656E-15, 3.373437500000001865 ) ) ;
#436 = ORIENTED_EDGE ( 'NONE', *, *, #2564, .F. ) ;
#437 = EDGE_CURVE ( 'NONE', #3084, #1312, #856, .T. ) ;
#438 = CARTESIAN_POINT ( 'NONE',  ( -0.5529378364870388696, -0.9577164262227687574, -1.631249999999997646 ) ) ;
#439 = CARTESIAN_POINT ( 'NONE',  ( -0.5529378364870327633, -0.9577164262227586544, 3.912500000000003642 ) ) ;
#440 = CARTESIAN_POINT ( 'NONE',  ( 0.7357503364870370266, 1.274356964481438315, -1.673437499999999023 ) ) ;
#441 = CARTESIAN_POINT ( 'NONE',  ( -1.105875672974064861, -6.468574098567446112E-15, 6.087500000000003020 ) ) ;
#442 = CARTESIAN_POINT ( 'NONE',  ( -1.172864355864535983E-16, -0.9577164262227588765, 6.143750000000002487 ) ) ;
#443 = ORIENTED_EDGE ( 'NONE', *, *, #3180, .F. ) ;
#444 = CARTESIAN_POINT ( 'NONE',  ( -1.471500672974072721, -5.678157358360761668E-15, -1.495312499999997602 ) ) ;
#445 = AXIS2_PLACEMENT_3D ( 'NONE', #4086, #4502, #1245 ) ;
#446 = CARTESIAN_POINT ( 'NONE',  ( -0.9970212581013981890, -0.2378520777582134593, -3.899999999999999023 ) ) ;
#447 = APPROVAL_PERSON_ORGANIZATION ( #374, #930, #3225 ) ;
#448 = CARTESIAN_POINT ( 'NONE',  ( -1.560637177523335165E-16, -1.274356964481448529, 4.582812500000003730 ) ) ;
#449 = CARTESIAN_POINT ( 'NONE',  ( -1.105875672974077073, -5.796125288309877181E-15, -3.056249999999997691 ) ) ;
#450 = CARTESIAN_POINT ( 'NONE',  ( 0.8294067547305576937, -0.4788582131113876539, -0.6749999999999989342 ) ) ;
#451 = CARTESIAN_POINT ( 'NONE',  ( -0.5529378364870327633, -0.9577164262227586544, 4.306250000000003020 ) ) ;
#452 = CARTESIAN_POINT ( 'NONE',  ( 5.516916707576565184E-14, -1.153221661127096453, -0.5808749999999995861 ) ) ;
#453 = CARTESIAN_POINT ( 'NONE',  ( 1.082531754730552631, 0.6249999999999955591, -1.725000000000000311 ) ) ;
#454 = CARTESIAN_POINT ( 'NONE',  ( -0.8294067547305488119, -0.4788582131113825469, 3.875000000000003553 ) ) ;
#455 = CARTESIAN_POINT ( 'NONE',  ( 0.000000000000000000, -1.258909218984051749E-16, -3.899999999999999911 ) ) ;
#456 = EDGE_LOOP ( 'NONE', ( #2763, #94, #4539, #2558 ) ) ;
#457 = CARTESIAN_POINT ( 'NONE',  ( -0.8294067547305579158, 0.4788582131113757745, -3.093749999999997335 ) ) ;
#458 = CARTESIAN_POINT ( 'NONE',  ( 2.249999999999998668, 1.078201627711622201, 0.1674308549307038929 ) ) ;
#459 = CARTESIAN_POINT ( 'NONE',  ( 0.8294067547305576937, -0.4788582131113878204, -3.374999999999998668 ) ) ;
#460 = CARTESIAN_POINT ( 'NONE',  ( 1.471500672974070056, -6.806599742090707656E-15, 2.923437500000002576 ) ) ;
#461 = VERTEX_POINT ( 'NONE', #3197 ) ;
#462 = CARTESIAN_POINT ( 'NONE',  ( 0.5529378364870382034, -0.9577164262227690905, -1.106249999999997957 ) ) ;
#463 = CARTESIAN_POINT ( 'NONE',  ( 1.105875672974064861, -6.739435519199968560E-15, 4.962500000000003020 ) ) ;
#464 = EDGE_CURVE ( 'NONE', #820, #2130, #18, .T. ) ;
#465 =( BOUNDED_CURVE ( )  B_SPLINE_CURVE ( 2, ( #3168, #2060, #4606, #947, #923, #4218, #1376 ),
 .UNSPECIFIED., .F., .F. ) 
 B_SPLINE_CURVE_WITH_KNOTS ( ( 3, 2, 2, 3 ),
 ( 0.7118771209096265151, 0.7303956394281450049, 0.7489141579466636056, 0.7674326764651820953 ),
 .UNSPECIFIED. ) 
 CURVE ( )  GEOMETRIC_REPRESENTATION_ITEM ( )  RATIONAL_B_SPLINE_CURVE ( ( 1.000000000000000000, 0.8660254037844388186, 1.000000000000000000, 0.8660254037844388186, 1.000000000000000000, 0.8660254037844388186, 1.000000000000000000 ) ) 
 REPRESENTATION_ITEM ( '' )  );
#466 = CARTESIAN_POINT ( 'NONE',  ( 0.5529378364870329854, 0.9577164262227455538, 7.737500000000003375 ) ) ;
#467 = CARTESIAN_POINT ( 'NONE',  ( 1.105875672974064861, -6.739435519199968560E-15, 4.906250000000001776 ) ) ;
#468 = ORIENTED_EDGE ( 'NONE', *, *, #3412, .F. ) ;
#469 = CARTESIAN_POINT ( 'NONE',  ( -0.7357503364870368046, -1.274356964481449861, -0.9703124999999976907 ) ) ;
#470 = CYLINDRICAL_SURFACE ( 'NONE', #3062, 1.249999999999998890 ) ;
#471 = CARTESIAN_POINT ( 'NONE',  ( 1.103625504730552098, -0.6371784822407281501, 3.757812500000003997 ) ) ;
#472 = CARTESIAN_POINT ( 'NONE',  ( -0.8294067547305580268, -0.4788582131113871543, -3.018749999999998046 ) ) ;
#473 = CARTESIAN_POINT ( 'NONE',  ( -2.058749999992246948, -1.409456344663651439, 0.1674308549284698466 ) ) ;
#474 = DIRECTION ( 'NONE',  ( -0.000000000000000000, 9.875224244405043999E-17, -1.000000000000000000 ) ) ;
#475 = CARTESIAN_POINT ( 'NONE',  ( 0.7216878364870352724, 1.249999999999998224, -2.531249999999996003 ) ) ;
#476 = CARTESIAN_POINT ( 'NONE',  ( -0.7216878364870350504, 1.249999999999999112, 4.887500000000001954 ) ) ;
#477 = CARTESIAN_POINT ( 'NONE',  ( -0.8294067547305488119, -0.4788582131113825469, 3.425000000000003375 ) ) ;
#478 = LINE ( 'NONE', #135, #829 ) ;
#479 = VERTEX_POINT ( 'NONE', #4711 ) ;
#480 = CARTESIAN_POINT ( 'NONE',  ( -1.172864355864549048E-16, -0.9577164262227688685, -0.6937499999999982014 ) ) ;
#481 = DIRECTION ( 'NONE',  ( 0.000000000000000000, 0.8660254037844409281, -0.4999999999999959477 ) ) ;
#482 = CARTESIAN_POINT ( 'NONE',  ( 1.105875672974064861, -6.739435519199968560E-15, 3.556250000000003020 ) ) ;
#483 = CARTESIAN_POINT ( 'NONE',  ( -1.082531754730552853, 0.6249999999999963363, 7.568750000000004086 ) ) ;
#484 = EDGE_LOOP ( 'NONE', ( #3247, #3601, #4722, #996 ) ) ;
#485 = CARTESIAN_POINT ( 'NONE',  ( -0.8294067547305580268, -0.4788582131113870988, -1.668749999999997957 ) ) ;
#486 = CARTESIAN_POINT ( 'NONE',  ( 0.5529378364870329854, 0.9577164262227455538, 3.237500000000003375 ) ) ;
#487 = CARTESIAN_POINT ( 'NONE',  ( -0.5529378364870326523, -0.9577164262227586544, 4.362500000000003375 ) ) ;
#488 = CARTESIAN_POINT ( 'NONE',  ( 1.105875672974064861, -6.739435519199968560E-15, 4.456250000000002487 ) ) ;
#489 = VERTEX_POINT ( 'NONE', #1406 ) ;
#490 = CARTESIAN_POINT ( 'NONE',  ( 0.5529378364870390916, 0.9577164262227569891, -1.912499999999998979 ) ) ;
#491 =( BOUNDED_CURVE ( )  B_SPLINE_CURVE ( 2, ( #2771, #4546, #1624 ),
 .UNSPECIFIED., .F., .T. ) 
 B_SPLINE_CURVE_WITH_KNOTS ( ( 3, 3 ),
 ( 0.07692307692306205036, 0.08974358974358975782 ),
 .UNSPECIFIED. ) 
 CURVE ( )  GEOMETRIC_REPRESENTATION_ITEM ( )  RATIONAL_B_SPLINE_CURVE ( ( 1.000000000000154765, 0.8660254037842837205, 1.000000000000000000 ) ) 
 REPRESENTATION_ITEM ( '' )  );
#492 = CARTESIAN_POINT ( 'NONE',  ( 0.000000000000000000, 1.250000000000000222, -3.899999999999999911 ) ) ;
#493 = CARTESIAN_POINT ( 'NONE',  ( -0.8294067547305488119, -0.4788582131113825469, 7.475000000000003197 ) ) ;
#494 = CYLINDRICAL_SURFACE ( 'NONE', #1429, 1.250000000000000444 ) ;
#495 = CARTESIAN_POINT ( 'NONE',  ( -1.530808498934197980E-16, -1.250000000000011990, 3.218750000000004441 ) ) ;
#496 = ADVANCED_FACE ( 'NONE', ( #1005 ), #975, .F. ) ;
#497 = ADVANCED_FACE ( 'NONE', ( #342 ), #705, .T. ) ;
#498 = CARTESIAN_POINT ( 'NONE',  ( 1.530808498934192064E-16, -1.250000000000000666, -3.899999999999999911 ) ) ;
#499 = CARTESIAN_POINT ( 'NONE',  ( 1.530808498934192064E-16, -1.250000000000000666, -3.899999999999999911 ) ) ;
#500 = CARTESIAN_POINT ( 'NONE',  ( 0.7357503364870356943, 1.274356964481434984, 8.820312500000003553 ) ) ;
#501 = CARTESIAN_POINT ( 'NONE',  ( 0.5529378364870329854, 0.9577164262227455538, 3.687500000000003109 ) ) ;
#502 = CARTESIAN_POINT ( 'NONE',  ( -0.8103714275345694773, 2.130208049522648750, 7.961077762676606717 ) ) ;
#503 = ORIENTED_EDGE ( 'NONE', *, *, #2153, .T. ) ;
#504 = CARTESIAN_POINT ( 'NONE',  ( -0.7696622050591364061, -0.6384549892775392976, 7.410878011816310007 ) ) ;
#505 = DIRECTION ( 'NONE',  ( 0.000000000000000000, 1.000000000000000000, 1.132070143937708118E-16 ) ) ;
#506 = LINE ( 'NONE', #3447, #4039 ) ;
#507 = CARTESIAN_POINT ( 'NONE',  ( -0.5529378364870322082, 0.9577164262227458869, 3.706250000000003375 ) ) ;
#508 = CARTESIAN_POINT ( 'NONE',  ( -0.7216878364870350504, 1.249999999999999112, 7.531250000000006217 ) ) ;
#509 = ORIENTED_EDGE ( 'NONE', *, *, #3968, .T. ) ;
#510 = DIRECTION ( 'NONE',  ( 0.8660254037844384856, -0.5000000000000003331, 0.000000000000000000 ) ) ;
#511 = CARTESIAN_POINT ( 'NONE',  ( 0.6947458497169827218, -0.9263028706721557759, 3.199999999999997957 ) ) ;
#512 = CC_DESIGN_PERSON_AND_ORGANIZATION_ASSIGNMENT ( #2955, #3679, ( #1299 ) ) ;
#513 = CARTESIAN_POINT ( 'NONE',  ( -0.5529378364870322082, 0.9577164262227458869, 4.212500000000003020 ) ) ;
#514 = CARTESIAN_POINT ( 'NONE',  ( -0.8294067547305487009, 0.4788582131113697238, 5.093750000000002665 ) ) ;
#515 = ORIENTED_EDGE ( 'NONE', *, *, #2036, .F. ) ;
#516 = CARTESIAN_POINT ( 'NONE',  ( 0.000000000000000000, 0.9577164262227573222, -1.424999999999998712 ) ) ;
#517 = CARTESIAN_POINT ( 'NONE',  ( -0.2497856922875350549, -0.9577164262227688685, -3.899999999999997247 ) ) ;
#518 = CARTESIAN_POINT ( 'NONE',  ( -1.105875672974064861, -6.468574098567446112E-15, 6.537500000000004086 ) ) ;
#519 = DIRECTION ( 'NONE',  ( 1.669238443041288662E-16, -1.000000000000000000, 0.000000000000000000 ) ) ;
#520 = DIRECTION ( 'NONE',  ( 0.8660254037844397068, -1.060575238724908147E-16, 0.4999999999999979461 ) ) ;
#521 =( BOUNDED_CURVE ( )  B_SPLINE_CURVE ( 2, ( #893, #3860, #116, #1206, #194, #2705, #4138 ),
 .UNSPECIFIED., .F., .F. ) 
 B_SPLINE_CURVE_WITH_KNOTS ( ( 3, 2, 2, 3 ),
 ( 0.3974358974358974672, 0.4102564102564102422, 0.4230769230769230171, 0.4358974358974359031 ),
 .UNSPECIFIED. ) 
 CURVE ( )  GEOMETRIC_REPRESENTATION_ITEM ( )  RATIONAL_B_SPLINE_CURVE ( ( 1.000000000000000000, 0.8660254037844387076, 1.000000000000000000, 0.8660254037844387076, 1.000000000000000000, 0.8660254037844387076, 1.000000000000000000 ) ) 
 REPRESENTATION_ITEM ( '' )  );
#523 = CARTESIAN_POINT ( 'NONE',  ( -1.530808498934196994E-16, -1.250000000000010214, -1.425000000000000488 ) ) ;
#522 = CIRCLE ( 'NONE', #4600, 1.250000000000000222 ) ;
#524 = CARTESIAN_POINT ( 'NONE',  ( -2.249999999999998668, -1.078201627711654176, 7.832569145069291139 ) ) ;
#525 = CARTESIAN_POINT ( 'NONE',  ( 1.103625504730552098, -0.6371784822407281501, 7.807812500000004263 ) ) ;
#526 = EDGE_CURVE ( 'NONE', #2707, #652, #1976, .T. ) ;
#527 = CARTESIAN_POINT ( 'NONE',  ( -2.249999999999999112, 1.078201627711622645, 0.1674308549307041150 ) ) ;
#528 = ORIENTED_EDGE ( 'NONE', *, *, #1354, .F. ) ;
#529 = CARTESIAN_POINT ( 'NONE',  ( -0.9599566222303309582, 2.119230514998107605E-11, 7.379956622230332108 ) ) ;
#530 = DIRECTION ( 'NONE',  ( -0.000000000000000000, 0.000000000000000000, 1.000000000000000000 ) ) ;
#531 = CARTESIAN_POINT ( 'NONE',  ( 1.103625504730555207, 0.6371784822407154936, -2.160937499999998845 ) ) ;
#532 = CARTESIAN_POINT ( 'NONE',  ( 0.000000000000000000, 1.249999999999998668, -3.899999999999999911 ) ) ;
#533 = CARTESIAN_POINT ( 'NONE',  ( 0.5529378364870324303, -0.9577164262227793046, -3.862499999999998934 ) ) ;
#534 = CARTESIAN_POINT ( 'NONE',  ( -1.471500672974070056, -6.446186024270533869E-15, 3.148437500000001776 ) ) ;
#535 = ORIENTED_EDGE ( 'NONE', *, *, #251, .F. ) ;
#536 = CARTESIAN_POINT ( 'NONE',  ( -0.8294067547305579158, 0.4788582131113757745, -3.149999999999998135 ) ) ;
#537 = DIRECTION ( 'NONE',  ( -0.000000000000000000, 9.875224244405043999E-17, -1.000000000000000000 ) ) ;
#538 = CARTESIAN_POINT ( 'NONE',  ( -0.5529378364870322082, 0.9577164262227458869, 4.662500000000004086 ) ) ;
#539 = CARTESIAN_POINT ( 'NONE',  ( -0.8294067547305487009, 0.4788582131113697238, 3.293750000000002398 ) ) ;
#540 = ORIENTED_EDGE ( 'NONE', *, *, #4767, .T. ) ;
#541 = CARTESIAN_POINT ( 'NONE',  ( -1.172864355864549048E-16, -0.9577164262227689795, -2.099999999999998757 ) ) ;
#542 = CARTESIAN_POINT ( 'NONE',  ( 0.000000000000000000, -1.258909218984051995E-16, -3.899999999999999467 ) ) ;
#543 = CARTESIAN_POINT ( 'NONE',  ( 2.345728711729071966E-16, 0.9577164262227458869, 7.325000000000003730 ) ) ;
#544 = PLANE ( 'NONE',  #731 ) ;
#545 = CARTESIAN_POINT ( 'NONE',  ( 1.103625504730554319, -0.6371784822407287052, -4.007812499999997335 ) ) ;
#546 = CARTESIAN_POINT ( 'NONE',  ( 3.061616997868396453E-16, 1.249999999999998890, 7.550000000000000711 ) ) ;
#547 = CARTESIAN_POINT ( 'NONE',  ( 1.471500672974069834, -6.806599742090707656E-15, 8.745312500000002487 ) ) ;
#548 = CARTESIAN_POINT ( 'NONE',  ( -2.249999999999999112, 0.1815684368585910036, 0.02598076211354075765 ) ) ;
#549 = CARTESIAN_POINT ( 'NONE',  ( -0.5111021638371198161, -1.250000000000010214, -3.645307647468723378 ) ) ;
#550 = EDGE_LOOP ( 'NONE', ( #2666, #2278, #2168, #3377 ) ) ;
#551 = CARTESIAN_POINT ( 'NONE',  ( -0.5299921768431204994, -0.7977023539779736216, -0.2859592889646876412 ) ) ;
#552 = CARTESIAN_POINT ( 'NONE',  ( -1.530808498934197980E-16, -1.250000000000011990, 3.218750000000004441 ) ) ;
#553 = CARTESIAN_POINT ( 'NONE',  ( 1.103625504730554319, -0.6371784822407287052, -1.335937499999999112 ) ) ;
#554 = CARTESIAN_POINT ( 'NONE',  ( -1.752183174247790269E-14, -0.9577164262227690905, -3.899999999999999911 ) ) ;
#555 = CARTESIAN_POINT ( 'NONE',  ( 2.249999999999998668, 1.299038105676655563, -6.873863542433758411 ) ) ;
#556 = VERTEX_POINT ( 'NONE', #981 ) ;
#557 = ADVANCED_FACE ( 'NONE', ( #3558 ), #1361, .F. ) ;
#558 = CARTESIAN_POINT ( 'NONE',  ( 0.8294067547305576937, -0.4788582131113878204, -2.924999999999998934 ) ) ;
#559 = EDGE_CURVE ( 'NONE', #3542, #4436, #2341, .T. ) ;
#560 = CARTESIAN_POINT ( 'NONE',  ( 0.000000000000000000, 1.249999999999998668, -2.550000000000000711 ) ) ;
#561 = CARTESIAN_POINT ( 'NONE',  ( -1.105875672974064861, -6.468574098567446112E-15, 5.187500000000001776 ) ) ;
#562 = CARTESIAN_POINT ( 'NONE',  ( 0.5529378364870329854, 0.9577164262227455538, 4.081250000000002487 ) ) ;
#563 = ORIENTED_EDGE ( 'NONE', *, *, #1773, .T. ) ;
#564 = CARTESIAN_POINT ( 'NONE',  ( 0.5529378364870390916, 0.9577164262227571001, -1.462499999999998579 ) ) ;
#565 = AXIS2_PLACEMENT_3D ( 'NONE', #1775, #1823, #3654 ) ;
#566 = CARTESIAN_POINT ( 'NONE',  ( 0.000000000000000000, -4.481441770539532523E-16, -0.6367499999999949312 ) ) ;
#567 = CARTESIAN_POINT ( 'NONE',  ( 0.5529378364870320972, -0.9577164262227589875, 7.587500000000003020 ) ) ;
#568 = CARTESIAN_POINT ( 'NONE',  ( 0.7216878364870333851, -1.250000000000012212, -3.637499999999999734 ) ) ;
#569 = CARTESIAN_POINT ( 'NONE',  ( 2.205000000000000071, -4.606843309154008927E-15, 0.000000000000000000 ) ) ;
#570 = CARTESIAN_POINT ( 'NONE',  ( 1.530808498934192064E-16, -1.250000000000000666, -3.899999999999999911 ) ) ;
#571 = CARTESIAN_POINT ( 'NONE',  ( 0.7216878364870352724, 1.249999999999998224, -2.981249999999995293 ) ) ;
#572 = CARTESIAN_POINT ( 'NONE',  ( -1.103625504730552542, -0.6371784822407272619, 8.557812500000004263 ) ) ;
#573 = CARTESIAN_POINT ( 'NONE',  ( 0.7216878364870349394, -1.250000000000012434, 4.606250000000004619 ) ) ;
#574 = DATE_TIME_ROLE ( 'creation_date' ) ;
#575 = ORIENTED_EDGE ( 'NONE', *, *, #3732, .T. ) ;
#576 = CARTESIAN_POINT ( 'NONE',  ( 0.8294067547305576937, -0.4788582131113876539, -0.6187499999999982458 ) ) ;
#577 = CARTESIAN_POINT ( 'NONE',  ( 1.530808498934190338E-16, -1.249999999999999112, -3.899999999999999911 ) ) ;
#578 = VECTOR ( 'NONE', #1927, 1000.000000000000000 ) ;
#579 = CARTESIAN_POINT ( 'NONE',  ( -1.560637177523338370E-16, -1.274356964481450083, -1.860937499999998801 ) ) ;
#580 = DIRECTION ( 'NONE',  ( 0.000000000000000000, -1.000000000000000000, 0.000000000000000000 ) ) ;
#581 = CARTESIAN_POINT ( 'NONE',  ( 0.000000000000000000, 0.9577164262227572111, -3.224999999999998757 ) ) ;
#582 = CARTESIAN_POINT ( 'NONE',  ( -1.082531754730553075, -0.6250000000000088818, 4.550000000000001599 ) ) ;
#583 = VERTEX_POINT ( 'NONE', #2548 ) ;
#584 = CARTESIAN_POINT ( 'NONE',  ( -0.5529378364870384255, 0.9577164262227572111, -3.187499999999998668 ) ) ;
#585 = CARTESIAN_POINT ( 'NONE',  ( 1.082531754730551965, -0.6250000000000086597, -2.700000000000000622 ) ) ;
#586 = CARTESIAN_POINT ( 'NONE',  ( -0.8294067547305487009, 0.4788582131113697238, 6.893750000000002487 ) ) ;
#587 = CARTESIAN_POINT ( 'NONE',  ( -1.103625504730552542, 0.6371784822407147164, 6.710937500000001776 ) ) ;
#588 = ADVANCED_FACE ( 'NONE', ( #1791 ), #4664, .F. ) ;
#589 = ORIENTED_EDGE ( 'NONE', *, *, #4622, .F. ) ;
#590 = CARTESIAN_POINT ( 'NONE',  ( 0.5529378364870390916, 0.9577164262227569891, -2.362499999999998934 ) ) ;
#591 = CARTESIAN_POINT ( 'NONE',  ( -0.5529378364870384255, 0.9577164262227572111, -3.581249999999997602 ) ) ;
#592 = CARTESIAN_POINT ( 'NONE',  ( 1.443375672974070545, -6.801433263406804649E-15, 3.387500000000001510 ) ) ;
#593 = CARTESIAN_POINT ( 'NONE',  ( -1.471500672974072721, -5.843484676245654749E-15, -4.195312499999997335 ) ) ;
#594 = CARTESIAN_POINT ( 'NONE',  ( -1.105875672974064861, -6.468574098567446901E-15, 6.537500000000003197 ) ) ;
#595 = CARTESIAN_POINT ( 'NONE',  ( 1.753246730713071688, -1.585838739420293075, 7.920583650766600314 ) ) ;
#596 = DIRECTION ( 'NONE',  ( -0.000000000000000000, 9.875224244405043999E-17, -1.000000000000000000 ) ) ;
#597 = ADVANCED_FACE ( 'NONE', ( #2523 ), #2840, .T. ) ;
#598 = CARTESIAN_POINT ( 'NONE',  ( 5.516916707576565184E-14, -1.153221661127096453, -0.5808749999999995861 ) ) ;
#599 = ORIENTED_EDGE ( 'NONE', *, *, #48, .F. ) ;
#600 = ORIENTED_EDGE ( 'NONE', *, *, #2508, .T. ) ;
#601 = AXIS2_PLACEMENT_3D ( 'NONE', #566, #828, #1995 ) ;
#602 = CARTESIAN_POINT ( 'NONE',  ( -1.172864355864535983E-16, -0.9577164262227588765, 7.043750000000001954 ) ) ;
#603 = LINE ( 'NONE', #577, #1492 ) ;
#604 = CARTESIAN_POINT ( 'NONE',  ( -1.560637177523338370E-16, -1.274356964481450305, -3.210937499999999112 ) ) ;
#605 = AXIS2_PLACEMENT_3D ( 'NONE', #3780, #3083, #3828 ) ;
#606 = CARTESIAN_POINT ( 'NONE',  ( -1.105875672974077073, -5.716905948490033434E-15, -1.762499999999998845 ) ) ;
#607 = DIRECTION ( 'NONE',  ( -0.000000000000000000, -0.000000000000000000, -1.000000000000000000 ) ) ;
#608 = VERTEX_POINT ( 'NONE', #3423 ) ;
#609 = CARTESIAN_POINT ( 'NONE',  ( 0.000000000000000000, 0.9577164262227571001, -3.674999999999998490 ) ) ;
#610 = CARTESIAN_POINT ( 'NONE',  ( 2.058749999992247393, 1.409456344663646776, 0.1674308549284712899 ) ) ;
#611 = CARTESIAN_POINT ( 'NONE',  ( -0.8294067547305488119, -0.4788582131113825469, 6.968750000000002665 ) ) ;
#612 = CARTESIAN_POINT ( 'NONE',  ( 1.103625504730553208, 0.6371784822407138282, 8.360937500000002132 ) ) ;
#613 = ORIENTED_EDGE ( 'NONE', *, *, #1605, .T. ) ;
#614 = CARTESIAN_POINT ( 'NONE',  ( -0.8294067547305580268, -0.4788582131113870433, -0.3749999999999986122 ) ) ;
#615 = EDGE_CURVE ( 'NONE', #1936, #1208, #3785, .T. ) ;
#616 = DIRECTION ( 'NONE',  ( 1.000000000000000000, 1.224646799147353207E-16, 1.209366176177297708E-32 ) ) ;
#617 = DIRECTION ( 'NONE',  ( -1.000000000000000000, 0.000000000000000000, 0.000000000000000000 ) ) ;
#618 = CIRCLE ( 'NONE', #345, 1.024999999999997025 ) ;
#619 = LINE ( 'NONE', #569, #2054 ) ;
#620 = CARTESIAN_POINT ( 'NONE',  ( 0.9687711178739725204, -2.038755945665643221, 7.974126031989513308 ) ) ;
#621 = CARTESIAN_POINT ( 'NONE',  ( -0.7357503364870353613, -1.274356964481448307, 5.445312500000003553 ) ) ;
#622 =( BOUNDED_CURVE ( )  B_SPLINE_CURVE ( 2, ( #1711, #3233, #628, #4700, #3571, #2494, #1397 ),
 .UNSPECIFIED., .F., .F. ) 
 B_SPLINE_CURVE_WITH_KNOTS ( ( 3, 2, 2, 3 ),
 ( 0.3229882320207375646, 0.3415067505392561653, 0.3600252690577746550, 0.3785437875762931448 ),
 .UNSPECIFIED. ) 
 CURVE ( )  GEOMETRIC_REPRESENTATION_ITEM ( )  RATIONAL_B_SPLINE_CURVE ( ( 1.000000000000000000, 0.8660254037844388186, 1.000000000000000000, 0.8660254037844388186, 1.000000000000000000, 0.8660254037844388186, 1.000000000000000000 ) ) 
 REPRESENTATION_ITEM ( '' )  );
#623 = EDGE_LOOP ( 'NONE', ( #3097, #4563 ) ) ;
#624 = CARTESIAN_POINT ( 'NONE',  ( -0.5529378364870323193, 0.9577164262227461089, 5.056250000000003020 ) ) ;
#625 = DIRECTION ( 'NONE',  ( 0.000000000000000000, 1.000000000000000000, 9.875224244405042767E-17 ) ) ;
#626 = CARTESIAN_POINT ( 'NONE',  ( 1.471500672974072721, -5.971406853290198725E-15, -0.3984374999999991118 ) ) ;
#627 = CARTESIAN_POINT ( 'NONE',  ( 0.8294067547305582488, 0.4788582131113751084, -1.499999999999998668 ) ) ;
#628 = CARTESIAN_POINT ( 'NONE',  ( -1.082531754730552409, -0.6250000000000077716, -1.893749999999996048 ) ) ;
#629 = ORIENTED_EDGE ( 'NONE', *, *, #1521, .T. ) ;
#630 = CARTESIAN_POINT ( 'NONE',  ( -1.105875672974077295, -5.744460501470848685E-15, -2.212499999999998135 ) ) ;
#631 = CARTESIAN_POINT ( 'NONE',  ( 0.000000000000000000, 1.249999999999998668, -3.899999999999999911 ) ) ;
#632 = CARTESIAN_POINT ( 'NONE',  ( -1.172864355864535983E-16, -0.9577164262227588765, 6.593750000000002665 ) ) ;
#633 = CARTESIAN_POINT ( 'NONE',  ( 1.471500672974070056, -6.806599742090707656E-15, 6.973437500000001954 ) ) ;
#634 = ORIENTED_EDGE ( 'NONE', *, *, #4325, .F. ) ;
#635 = CARTESIAN_POINT ( 'NONE',  ( 0.8294067547305582488, 0.4788582131113749973, -2.793749999999997513 ) ) ;
#636 = CARTESIAN_POINT ( 'NONE',  ( 0.8294067547305490340, 0.4788582131113688911, 8.600000000000003197 ) ) ;
#637 = CARTESIAN_POINT ( 'NONE',  ( 1.103625504730555207, 0.6371784822407154936, -2.582812499999997513 ) ) ;
#638 = LINE ( 'NONE', #2484, #1889 ) ;
#639 = CARTESIAN_POINT ( 'NONE',  ( -0.7357503364870353613, -1.274356964481448307, 7.245312500000004263 ) ) ;
#640 = ORIENTED_EDGE ( 'NONE', *, *, #4205, .T. ) ;
#641 = PERSON_AND_ORGANIZATION_ROLE ( 'creator' ) ;
#642 = EDGE_CURVE ( 'NONE', #387, #3542, #521, .T. ) ;
#643 = ORIENTED_EDGE ( 'NONE', *, *, #815, .F. ) ;
#644 = EDGE_CURVE ( 'NONE', #4094, #3761, #1019, .T. ) ;
#645 = CARTESIAN_POINT ( 'NONE',  ( -0.8294067547305488119, -0.4788582131113825469, 6.068750000000003197 ) ) ;
#646 = CARTESIAN_POINT ( 'NONE',  ( 3.061616997868395960E-16, 1.249999999999998890, 5.243750000000004796 ) ) ;
#647 =( BOUNDED_CURVE ( )  B_SPLINE_CURVE ( 2, ( #785, #4085, #811, #8, #453, #3727, #2650 ),
 .UNSPECIFIED., .F., .F. ) 
 B_SPLINE_CURVE_WITH_KNOTS ( ( 3, 2, 2, 3 ),
 ( 0.5000000000000000000, 0.5185185185185184897, 0.5370370370370369795, 0.5555555555555554692 ),
 .UNSPECIFIED. ) 
 CURVE ( )  GEOMETRIC_REPRESENTATION_ITEM ( )  RATIONAL_B_SPLINE_CURVE ( ( 1.000000000000000000, 0.8660254037844387076, 1.000000000000000000, 0.8660254037844387076, 1.000000000000000000, 0.8660254037844394848, 0.9999999999999992228 ) ) 
 REPRESENTATION_ITEM ( '' )  );
#648 = CARTESIAN_POINT ( 'NONE',  ( -1.103625504730554541, 0.6371784822407166038, -1.110937499999999023 ) ) ;
#649 = CARTESIAN_POINT ( 'NONE',  ( -1.172864355864535983E-16, -0.9577164262227588765, 4.400000000000003020 ) ) ;
#650 = CARTESIAN_POINT ( 'NONE',  ( -0.5529378364870388696, -0.9577164262227686464, -1.237499999999998490 ) ) ;
#651 = DIRECTION ( 'NONE',  ( -0.000000000000000000, 9.875224244405043999E-17, -1.000000000000000000 ) ) ;
#652 = VERTEX_POINT ( 'NONE', #2307 ) ;
#653 = CARTESIAN_POINT ( 'NONE',  ( -0.5529378364870384255, 0.9577164262227573222, -0.4874999999999987677 ) ) ;
#654 = CARTESIAN_POINT ( 'NONE',  ( -1.530808498934197980E-16, -1.250000000000011990, 6.368750000000004796 ) ) ;
#655 = EDGE_CURVE ( 'NONE', #2563, #99, #2073, .T. ) ;
#656 = CARTESIAN_POINT ( 'NONE',  ( -0.5529378364870322082, 0.9577164262227458869, 6.856250000000002842 ) ) ;
#657 = CARTESIAN_POINT ( 'NONE',  ( 1.103625504730553208, 0.6371784822407138282, 7.910937500000001066 ) ) ;
#658 = ORIENTED_EDGE ( 'NONE', *, *, #644, .T. ) ;
#659 = AXIS2_PLACEMENT_3D ( 'NONE', #4497, #2672, #104 ) ;
#660 = CARTESIAN_POINT ( 'NONE',  ( 0.5529378364870383145, -0.9577164262227693126, -3.356249999999997513 ) ) ;
#661 = CARTESIAN_POINT ( 'NONE',  ( -0.5529378364870322082, 0.9577164262227458869, 8.262500000000002842 ) ) ;
#662 = CARTESIAN_POINT ( 'NONE',  ( -1.103625504730554541, 0.6371784822407163817, -3.782812499999997691 ) ) ;
#663 = CARTESIAN_POINT ( 'NONE',  ( 0.4985920424764214154, -2.310213961413749573, 7.912289710998599901 ) ) ;
#664 = CARTESIAN_POINT ( 'NONE',  ( 0.7357503364870344731, -1.274356964481448751, 5.970312500000003908 ) ) ;
#665 = ORIENTED_EDGE ( 'NONE', *, *, #1730, .T. ) ;
#666 = EDGE_LOOP ( 'NONE', ( #4318, #4631, #4335, #3203 ) ) ;
#667 = CARTESIAN_POINT ( 'NONE',  ( 1.105875672974064861, -6.739435519199968560E-15, 5.806250000000002132 ) ) ;
#668 = CARTESIAN_POINT ( 'NONE',  ( 0.1912500000077510809, 2.487657972366321690, 7.832569145071528460 ) ) ;
#669 = EDGE_CURVE ( 'NONE', #4135, #1208, #2477, .T. ) ;
#670 = CARTESIAN_POINT ( 'NONE',  ( 0.000000000000000000, 1.274356964481438759, -0.2859374999999988454 ) ) ;
#671 = CARTESIAN_POINT ( 'NONE',  ( 2.345728711729071966E-16, 0.9577164262227458869, 5.975000000000003197 ) ) ;
#672 = CARTESIAN_POINT ( 'NONE',  ( 0.000000000000000000, -2.734144733198826856E-15, 8.000000000000000000 ) ) ;
#673 = VECTOR ( 'NONE', #607, 1000.000000000000000 ) ;
#674 = ORIENTED_EDGE ( 'NONE', *, *, #205, .F. ) ;
#675 = CARTESIAN_POINT ( 'NONE',  ( -0.5299921768431204994, -0.7977023539779736216, -0.3422092889646883296 ) ) ;
#676 =( BOUNDED_CURVE ( )  B_SPLINE_CURVE ( 2, ( #768, #433, #3734, #65, #1538, #4459, #2583 ),
 .UNSPECIFIED., .F., .F. ) 
 B_SPLINE_CURVE_WITH_KNOTS ( ( 3, 2, 2, 3 ),
 ( 0.5897435897435896468, 0.6025641025641025328, 0.6153846153846154188, 0.6282051282051281937 ),
 .UNSPECIFIED. ) 
 CURVE ( )  GEOMETRIC_REPRESENTATION_ITEM ( )  RATIONAL_B_SPLINE_CURVE ( ( 1.000000000000000000, 0.8660254037844387076, 1.000000000000000000, 0.8660254037844387076, 1.000000000000000000, 0.8660254037844387076, 1.000000000000000000 ) ) 
 REPRESENTATION_ITEM ( '' )  );
#677 = CARTESIAN_POINT ( 'NONE',  ( -1.082531754730553075, -0.6250000000000088818, 5.900000000000002132 ) ) ;
#678 = CIRCLE ( 'NONE', #2760, 0.9577164262227575442 ) ;
#679 = CARTESIAN_POINT ( 'NONE',  ( 0.8294067547305490340, 0.4788582131113688911, 6.743750000000002132 ) ) ;
#680 = CARTESIAN_POINT ( 'NONE',  ( -1.471500672974070056, -6.446186024270533869E-15, 7.198437500000001599 ) ) ;
#681 = ORIENTED_EDGE ( 'NONE', *, *, #287, .F. ) ;
#682 = CARTESIAN_POINT ( 'NONE',  ( 0.8294067547305490340, 0.4788582131113688911, 5.900000000000003020 ) ) ;
#683 = CARTESIAN_POINT ( 'NONE',  ( 0.5529378364870383145, -0.9577164262227693126, -3.806249999999997691 ) ) ;
#684 = CARTESIAN_POINT ( 'NONE',  ( 0.000000000000000000, 1.182716426222756967, -0.2249999999999997835 ) ) ;
#685 = CARTESIAN_POINT ( 'NONE',  ( 1.530808498934192064E-16, -1.250000000000000666, -3.899999999999999911 ) ) ;
#686 = CARTESIAN_POINT ( 'NONE',  ( 1.103625504730554319, -0.6371784822407287052, -2.657812499999997691 ) ) ;
#687 = CARTESIAN_POINT ( 'NONE',  ( -0.7357503364870348062, 1.274356964481435428, 5.745312500000004263 ) ) ;
#688 = VERTEX_POINT ( 'NONE', #1971 ) ;
#689 = DATE_AND_TIME ( #4029, #4451 ) ;
#690 = ORIENTED_EDGE ( 'NONE', *, *, #3534, .F. ) ;
#691 = CARTESIAN_POINT ( 'NONE',  ( 0.5529378364870320972, -0.9577164262227590985, 5.281250000000001776 ) ) ;
#692 = LINE ( 'NONE', #3184, #3728 ) ;
#693 = CYLINDRICAL_SURFACE ( 'NONE', #1994, 1.249999999999998890 ) ;
#694 = CARTESIAN_POINT ( 'NONE',  ( 2.345728711729071966E-16, 0.9577164262227458869, 4.175000000000003375 ) ) ;
#695 = CARTESIAN_POINT ( 'NONE',  ( 3.061616997868396453E-16, 1.249999999999998890, 7.100000000000002309 ) ) ;
#696 = ORIENTED_EDGE ( 'NONE', *, *, #1943, .F. ) ;
#697 = CARTESIAN_POINT ( 'NONE',  ( -0.5529378364870384255, 0.9577164262227573222, -0.9374999999999986677 ) ) ;
#698 = CARTESIAN_POINT ( 'NONE',  ( -0.7437705022046676717, -0.9483792354516521472, -0.6049898788567260599 ) ) ;
#699 = CARTESIAN_POINT ( 'NONE',  ( 2.345728711729071966E-16, 0.9577164262227458869, 5.468750000000003553 ) ) ;
#700 = CARTESIAN_POINT ( 'NONE',  ( 1.103625504730553208, 0.6371784822407138282, 4.310937500000002309 ) ) ;
#701 = EDGE_LOOP ( 'NONE', ( #4313, #3457, #443 ) ) ;
#702 = EDGE_CURVE ( 'NONE', #1696, #4237, #2923, .T. ) ;
#703 = CARTESIAN_POINT ( 'NONE',  ( 0.5529378364870320972, -0.9577164262227590985, 6.237500000000004263 ) ) ;
#704 = CARTESIAN_POINT ( 'NONE',  ( -1.172864355864549048E-16, -0.9577164262227688685, -0.6937499999999982014 ) ) ;
#705 = CYLINDRICAL_SURFACE ( 'NONE', #2968, 0.3825000000000000067 ) ;
#706 = CARTESIAN_POINT ( 'NONE',  ( -0.8294067547305488119, -0.4788582131113825469, 6.968750000000002665 ) ) ;
#707 = CARTESIAN_POINT ( 'NONE',  ( 1.103625504730554319, -0.6371784822407287052, -1.757812499999997558 ) ) ;
#708 = DIRECTION ( 'NONE',  ( -0.000000000000000000, 9.875224244405043999E-17, -1.000000000000000000 ) ) ;
#709 = CARTESIAN_POINT ( 'NONE',  ( 1.103625504730552986, 0.6371784822407137172, 6.982812500000004086 ) ) ;
#710 = ORIENTED_EDGE ( 'NONE', *, *, #1494, .T. ) ;
#711 = CARTESIAN_POINT ( 'NONE',  ( -0.8294067547305487009, 0.4788582131113697238, 3.743750000000003020 ) ) ;
#712 = CARTESIAN_POINT ( 'NONE',  ( 1.082531754730553519, 0.6249999999999953371, 6.518750000000003375 ) ) ;
#713 = CARTESIAN_POINT ( 'NONE',  ( -2.058749999992246948, -1.409456344663651439, 0.1674308549284698466 ) ) ;
#714 = CARTESIAN_POINT ( 'NONE',  ( 0.5529378364870320972, -0.9577164262227589875, 5.787500000000002309 ) ) ;
#715 = CARTESIAN_POINT ( 'NONE',  ( 1.443375672974070545, -6.801433263406804649E-15, 3.837500000000002132 ) ) ;
#716 = VERTEX_POINT ( 'NONE', #3007 ) ;
#717 = CARTESIAN_POINT ( 'NONE',  ( -1.172864355864549048E-16, -0.9577164262227689795, -2.099999999999998757 ) ) ;
#718 = DIRECTION ( 'NONE',  ( -0.000000000000000000, 9.875224244405043999E-17, -1.000000000000000000 ) ) ;
#719 = CARTESIAN_POINT ( 'NONE',  ( -1.105875672974064861, -6.468574098567446112E-15, 6.031250000000001776 ) ) ;
#720 = CARTESIAN_POINT ( 'NONE',  ( 1.471500672974070056, -6.806599742090707656E-15, 4.273437500000001776 ) ) ;
#721 = VERTEX_POINT ( 'NONE', #3389 ) ;
#722 = CARTESIAN_POINT ( 'NONE',  ( -0.8294067547305488119, -0.4788582131113825469, 6.125000000000003553 ) ) ;
#723 = CARTESIAN_POINT ( 'NONE',  ( -1.105875672974077295, -5.630797970424984889E-15, -0.3562499999999980127 ) ) ;
#724 = EDGE_CURVE ( 'NONE', #1805, #4135, #2981, .T. ) ;
#725 = CARTESIAN_POINT ( 'NONE',  ( 0.5529378364870329854, 0.9577164262227455538, 7.287500000000003197 ) ) ;
#726 = CARTESIAN_POINT ( 'NONE',  ( 0.5529378364870329854, 0.9577164262227455538, 5.881250000000003197 ) ) ;
#727 = CARTESIAN_POINT ( 'NONE',  ( -1.103625504730554541, 0.6371784822407166038, -0.6328124999999975575 ) ) ;
#728 = FACE_OUTER_BOUND ( 'NONE', #3743, .T. ) ;
#729 = CARTESIAN_POINT ( 'NONE',  ( 1.471500672974069834, -6.806599742090707656E-15, 3.795312500000004086 ) ) ;
#730 = LINE ( 'NONE', #1573, #4738 ) ;
#731 = AXIS2_PLACEMENT_3D ( 'NONE', #2382, #3847, #519 ) ;
#732 = CARTESIAN_POINT ( 'NONE',  ( -1.105875672974077073, -5.661796842528402144E-15, -0.8624999999999987121 ) ) ;
#733 = CARTESIAN_POINT ( 'NONE',  ( 2.345728711729071966E-16, 0.9577164262227458869, 3.218750000000002665 ) ) ;
#734 = DIRECTION ( 'NONE',  ( 0.000000000000000000, 1.000000000000000000, 8.490526079532809654E-17 ) ) ;
#735 = B_SPLINE_CURVE_WITH_KNOTS ( 'NONE', 3,
 ( #610, #2013, #4656, #2449, #4222, #173, #974, #3907 ),
 .UNSPECIFIED., .F., .F.,
 ( 4, 2, 2, 4 ),
 ( 0.0002272936175608558272, 0.001312383105340146627, 0.001854927849229791662, 0.002397472593119436696 ),
 .UNSPECIFIED. ) ;
#736 = CARTESIAN_POINT ( 'NONE',  ( -0.7216878364870357165, -1.250000000000011768, 5.037500000000002309 ) ) ;
#737 = CARTESIAN_POINT ( 'NONE',  ( 0.5529378364870329854, 0.9577164262227455538, 6.387500000000003730 ) ) ;
#738 = DIRECTION ( 'NONE',  ( -0.8660254037844397068, -1.060575238724908147E-16, -0.4999999999999979461 ) ) ;
#739 = ORIENTED_EDGE ( 'NONE', *, *, #3705, .T. ) ;
#740 = CARTESIAN_POINT ( 'NONE',  ( -1.172864355864549048E-16, -0.9577164262227690905, -3.393749999999998046 ) ) ;
#741 = CARTESIAN_POINT ( 'NONE',  ( 0.000000000000000000, -2.734144733198826856E-15, 8.000000000000000000 ) ) ;
#742 = CARTESIAN_POINT ( 'NONE',  ( 0.5529378364870320972, -0.9577164262227589875, 6.181250000000002132 ) ) ;
#743 = CARTESIAN_POINT ( 'NONE',  ( 0.7357503364870344731, -1.274356964481448973, 5.098437500000001954 ) ) ;
#744 = ORIENTED_EDGE ( 'NONE', *, *, #2859, .F. ) ;
#745 =( BOUNDED_CURVE ( )  B_SPLINE_CURVE ( 2, ( #3468, #4526, #813, #1224, #1510, #4157, #2986 ),
 .UNSPECIFIED., .F., .F. ) 
 B_SPLINE_CURVE_WITH_KNOTS ( ( 3, 2, 2, 3 ),
 ( 0.1563215653540709349, 0.1748400838725894246, 0.1933586023911080254, 0.2118771209096265151 ),
 .UNSPECIFIED. ) 
 CURVE ( )  GEOMETRIC_REPRESENTATION_ITEM ( )  RATIONAL_B_SPLINE_CURVE ( ( 1.000000000000000000, 0.8660254037844388186, 1.000000000000000000, 0.8660254037844388186, 1.000000000000000000, 0.8660254037844388186, 1.000000000000000000 ) ) 
 REPRESENTATION_ITEM ( '' )  );
#746 = VECTOR ( 'NONE', #596, 1000.000000000000000 ) ;
#747 = CARTESIAN_POINT ( 'NONE',  ( 0.8294067547305576937, -0.4788582131113876539, -0.6187499999999982458 ) ) ;
#748 = CARTESIAN_POINT ( 'NONE',  ( -0.8294067547305487009, 0.4788582131113697238, 6.950000000000002842 ) ) ;
#749 = CARTESIAN_POINT ( 'NONE',  ( 0.5529378364870383145, -0.9577164262227690905, -2.006249999999998312 ) ) ;
#750 = CARTESIAN_POINT ( 'NONE',  ( 0.5529378364870320972, -0.9577164262227589875, 6.237500000000003375 ) ) ;
#751 = CARTESIAN_POINT ( 'NONE',  ( -1.105875672974064861, -6.468574098567446112E-15, 6.481250000000002842 ) ) ;
#752 = LOCAL_TIME ( 18, 7, 58.00000000000000000, #1010 ) ;
#753 = CARTESIAN_POINT ( 'NONE',  ( 0.000000000000000000, 1.274356964481438759, -0.7078124999999975131 ) ) ;
#754 = EDGE_CURVE ( 'NONE', #176, #3321, #1297, .T. ) ;
#755 = CARTESIAN_POINT ( 'NONE',  ( -1.867499999999998606, 1.078201627711623534, -6.873863542433758411 ) ) ;
#756 = CARTESIAN_POINT ( 'NONE',  ( -0.7357503364870348062, 1.274356964481435428, 3.495312500000004707 ) ) ;
#757 = CARTESIAN_POINT ( 'NONE',  ( 0.5529378364870382034, -0.9577164262227693126, -3.806249999999997691 ) ) ;
#758 = LINE ( 'NONE', #3701, #2589 ) ;
#759 = ADVANCED_FACE ( 'NONE', ( #3748 ), #1551, .T. ) ;
#760 = EDGE_CURVE ( 'NONE', #89, #3691, #4413, .T. ) ;
#761 = CARTESIAN_POINT ( 'NONE',  ( -0.8294067547305488119, -0.4788582131113825469, 3.368750000000003020 ) ) ;
#762 = CARTESIAN_POINT ( 'NONE',  ( -2.249999999999999112, 0.1816880903466450980, 7.974019237886460942 ) ) ;
#763 = CARTESIAN_POINT ( 'NONE',  ( 2.249999999999998668, 0.3656725875382002555, 7.960859378059774727 ) ) ;
#764 = CARTESIAN_POINT ( 'NONE',  ( -1.105875672974064861, -6.468574098567446112E-15, 3.387500000000003286 ) ) ;
#765 = CARTESIAN_POINT ( 'NONE',  ( 0.7216878364870360496, 1.249999999999998446, 5.712500000000002132 ) ) ;
#766 = ORIENTED_EDGE ( 'NONE', *, *, #642, .F. ) ;
#767 = CARTESIAN_POINT ( 'NONE',  ( 0.5529378364870390916, 0.9577164262227568781, -3.656249999999997780 ) ) ;
#768 = CARTESIAN_POINT ( 'NONE',  ( 3.061616997868396453E-16, 1.249999999999998890, 6.200000000000001954 ) ) ;
#769 = CARTESIAN_POINT ( 'NONE',  ( 0.8294067547305484789, -0.4788582131113831575, 5.768750000000003375 ) ) ;
#770 = CARTESIAN_POINT ( 'NONE',  ( 0.7357503364870358054, 1.274356964481435206, 4.348437500000001954 ) ) ;
#771 = ORIENTED_EDGE ( 'NONE', *, *, #4371, .T. ) ;
#772 = CARTESIAN_POINT ( 'NONE',  ( 0.7216878364870348284, -1.250000000000012434, 4.212500000000002132 ) ) ;
#773 = CARTESIAN_POINT ( 'NONE',  ( -0.5529378364870323193, 0.9577164262227461089, 5.112500000000003375 ) ) ;
#774 = CARTESIAN_POINT ( 'NONE',  ( 0.5529378364870390916, 0.9577164262227571001, -0.5062499999999979794 ) ) ;
#775 = CARTESIAN_POINT ( 'NONE',  ( 2.345728711729071966E-16, 0.9577164262227458869, 7.325000000000003730 ) ) ;
#776 = CARTESIAN_POINT ( 'NONE',  ( -1.105875672974064861, -6.468574098567446112E-15, 7.831250000000003375 ) ) ;
#777 = VERTEX_POINT ( 'NONE', #2694 ) ;
#778 = CARTESIAN_POINT ( 'NONE',  ( 0.000000000000000000, 0.9577164262227571001, -3.674999999999998490 ) ) ;
#779 = LINE ( 'NONE', #4078, #2546 ) ;
#780 = CARTESIAN_POINT ( 'NONE',  ( -1.560637177523335165E-16, -1.274356964481448529, 3.232812500000004086 ) ) ;
#781 = CARTESIAN_POINT ( 'NONE',  ( -0.5529378364870388696, -0.9577164262227687574, -2.081249999999998046 ) ) ;
#782 = CARTESIAN_POINT ( 'NONE',  ( -1.082531754730552853, 0.6249999999999963363, 5.768750000000005151 ) ) ;
#783 = CARTESIAN_POINT ( 'NONE',  ( 2.345728711729071966E-16, 0.9577164262227458869, 4.118750000000003020 ) ) ;
#784 = CARTESIAN_POINT ( 'NONE',  ( 0.000000000000000000, -1.258909218984051749E-16, -3.899999999999999911 ) ) ;
#785 = CARTESIAN_POINT ( 'NONE',  ( -1.530808498934196994E-16, -1.250000000000010214, -1.875000000000000444 ) ) ;
#786 = EDGE_CURVE ( 'NONE', #1017, #2325, #2653, .T. ) ;
#787 = CARTESIAN_POINT ( 'NONE',  ( 1.105875672974064861, -6.739435519199968560E-15, 3.162500000000003642 ) ) ;
#788 = DIRECTION ( 'NONE',  ( 0.000000000000000000, 1.000000000000000000, 0.000000000000000000 ) ) ;
#789 = ORIENTED_EDGE ( 'NONE', *, *, #526, .F. ) ;
#790 = CARTESIAN_POINT ( 'NONE',  ( 0.8294067547305582488, 0.4788582131113749418, -3.693749999999997868 ) ) ;
#791 = CARTESIAN_POINT ( 'NONE',  ( 2.250000000000000000, 1.144202757444291674, 0.1838980789322565146 ) ) ;
#792 = CARTESIAN_POINT ( 'NONE',  ( -0.5529378364870326523, -0.9577164262227586544, 5.206250000000001599 ) ) ;
#793 = CARTESIAN_POINT ( 'NONE',  ( 0.000000000000000000, 1.249999999999998668, -3.450000000000000178 ) ) ;
#794 = ORIENTED_EDGE ( 'NONE', *, *, #3829, .T. ) ;
#795 = CARTESIAN_POINT ( 'NONE',  ( 0.000000000000000000, 1.249999999999998890, -2.100000000000000089 ) ) ;
#796 = CARTESIAN_POINT ( 'NONE',  ( 0.8294067547305490340, 0.4788582131113688911, 3.200000000000003286 ) ) ;
#797 = CARTESIAN_POINT ( 'NONE',  ( -1.105875672974077295, -5.713461629367431429E-15, -1.706249999999998268 ) ) ;
#798 =( BOUNDED_SURFACE ( )  B_SPLINE_SURFACE ( 1, 2, ( 
 ( #3851, #500, #2001, #547, #3440, #884, #3492, #2077, #572, #3540, #2050, #2797, #1702, #4256, #233, #3895, #960, #4571, #2434, #160, #3179, #3826, #133, #2772, #4233, #185, #4547, #1244, #525, #3134, #3466, #937, #2748, #1411, #1050, #1341, #2906, #3629, #4737, #3960, #1435, #3584, #4691, #639, #3267, #2098, #3224, #2167, #2528, #2884, #709, #3245, #1389, #3984, #3607, #2552, #2116, #4347, #277, #1030, #2863, #4327, #299, #4668, #2505, #985, #1367, #256, #2844, #4373, #4282, #1746, #2143, #4005, #2461, #1008, #1072, #664, #2822, #1772, #4714, #3921, #4304, #687, #2188, #323, #3652, #1797, #348, #1822, #4643, #621, #3561, #1723, #3200, #2485, #3943, #3387, #3, #2572, #1503, #27, #3360, #371, #1477, #4396, #2979, #2952, #2232, #1117, #3676, #4420, #4760, #3291, #448, #805, #3722, #2645, #1844, #4472, #1458, #4026, #2281, #2256, #1923, #2931, #3312, #1094, #54, #81, #2670, #4079, #1144, #1549, #1527, #729, #471, #2210, #3025, #4126, #2596, #4055, #830, #756, #3699, #4448, #2620, #3005, #395, #1170, #780, #4102, #1868 ),
 ( #3336, #422, #1896, #3746, #4495, #1192, #2305, #3772, #3846, #4151, #2380, #1945, #2692, #3488, #3100, #1645, #3408, #3797, #1572, #4202, #1289, #3870, #1620, #3460, #2767, #904, #853, #102, #3048, #567, #4518, #1217, #493, #2329, #4566, #1265, #543, #2019, #4227, #1240, #2404, #179, #932, #4591, #3128, #1969, #3435, #128, #2044, #1597, #3075, #4542, #2717, #4176, #2352, #878, #3820, #518, #1996, #154, #2745, #737, #1463, #1418, #2556, #4356, #4010, #1779, #9, #1100, #1827, #3612, #671, #1057, #331, #2936, #4427, #714, #2578, #3251, #2172, #4036, #2150, #2537, #3637, #4402, #1395, #3990, #3231, #2216, #3684, #1441, #1803, #2126, #283, #379, #2193, #2961, #2914, #1078, #3298, #2869, #308, #3274, #3658, #354, #1125, #1755, #1484, #4745, #1851, #3319, #2602, #4381, #649, #3593, #4766, #4698, #4720, #4333, #694, #2890, #1036, #2512, #3969, #2311, #1509, #1952, #454, #4133, #2676, #1929, #2336, #501, #3803, #3032, #110, #87, #812, #836, #477, #764, #1978, #3055, #4156, #3393, #1199, #787, #2262, #1876, #2698, #2985, #2652 ) ),
 .UNSPECIFIED., .F., .F., .F. ) 
 B_SPLINE_SURFACE_WITH_KNOTS ( ( 2, 2 ),
 ( 3, 2, 2, 2, 2, 2, 2, 2, 2, 2, 2, 2, 2, 2, 2, 2, 2, 2, 2, 2, 2, 2, 2, 2, 2, 2, 2, 2, 2, 2, 2, 2, 2, 2, 2, 2, 2, 2, 2, 2, 2, 2, 2, 2, 2, 2, 2, 2, 2, 2, 2, 2, 2, 2, 2, 2, 2, 2, 2, 2, 2, 2, 2, 2, 2, 2, 2, 2, 2, 2, 2, 2, 2, 2, 2, 2, 3 ),
 ( 0.000000000000000000, 1.000000000000000000 ),
 ( 0.000000000000000000, 0.01282051282051282007, 0.02564102564102564014, 0.03846153846153846367, 0.05128205128205128027, 0.06410256410256409687, 0.07692307692307692735, 0.08974358974358974395, 0.1025641025641025605, 0.1153846153846153910, 0.1282051282051281937, 0.1410256410256410242, 0.1538461538461538547, 0.1666666666666666574, 0.1794871794871794879, 0.1923076923076923184, 0.2051282051282051211, 0.2179487179487179516, 0.2307692307692307820, 0.2435897435897435848, 0.2564102564102563875, 0.2692307692307692180, 0.2820512820512820484, 0.2948717948717948789, 0.3076923076923077094, 0.3205128205128205399, 0.3333333333333333148, 0.3461538461538461453, 0.3589743589743589758, 0.3717948717948718063, 0.3846153846153846367, 0.3974358974358974117, 0.4102564102564102422, 0.4230769230769230727, 0.4358974358974359031, 0.4487179487179487336, 0.4615384615384615641, 0.4743589743589743390, 0.4871794871794871695, 0.5000000000000000000, 0.5128205128205127750, 0.5256410256410256610, 0.5384615384615384359, 0.5512820512820513219, 0.5641025641025640969, 0.5769230769230768718, 0.5897435897435897578, 0.6025641025641025328, 0.6153846153846154188, 0.6282051282051281937, 0.6410256410256410797, 0.6538461538461538547, 0.6666666666666666297, 0.6794871794871795156, 0.6923076923076922906, 0.7051282051282051766, 0.7179487179487179516, 0.7307692307692307265, 0.7435897435897436125, 0.7564102564102563875, 0.7692307692307692735, 0.7820512820512820484, 0.7948717948717948234, 0.8076923076923077094, 0.8205128205128204844, 0.8333333333333333703, 0.8461538461538461453, 0.8589743589743589203, 0.8717948717948718063, 0.8846153846153845812, 0.8974358974358974672, 0.9102564102564102422, 0.9230769230769231282, 0.9358974358974359031, 0.9487179487179486781, 0.9615384615384615641, 0.9743589743589743390 ),
 .UNSPECIFIED. ) 
 GEOMETRIC_REPRESENTATION_ITEM ( )  RATIONAL_B_SPLINE_SURFACE ( (
 ( 1.000000000000000000, 0.8660254037844387076, 1.000000000000000000, 0.8660254037844387076, 1.000000000000000000, 0.8660254037844387076, 1.000000000000000000, 0.8660254037844387076, 1.000000000000000000, 0.8660254037844387076, 1.000000000000000000, 0.8660254037844387076, 1.000000000000000000, 0.8660254037844387076, 1.000000000000000000, 0.8660254037844387076, 1.000000000000000000, 0.8660254037844387076, 1.000000000000000000, 0.8660254037844387076, 1.000000000000000000, 0.8660254037844387076, 1.000000000000000000, 0.8660254037844387076, 1.000000000000000000, 0.8660254037844387076, 1.000000000000000000, 0.8660254037844387076, 1.000000000000000000, 0.8660254037844387076, 1.000000000000000000, 0.8660254037844387076, 1.000000000000000000, 0.8660254037844387076, 1.000000000000000000, 0.8660254037844387076, 1.000000000000000000, 0.8660254037844387076, 1.000000000000000000, 0.8660254037844387076, 1.000000000000000000, 0.8660254037844387076, 1.000000000000000000, 0.8660254037844387076, 1.000000000000000000, 0.8660254037844387076, 1.000000000000000000, 0.8660254037844387076, 1.000000000000000000, 0.8660254037844387076, 1.000000000000000000, 0.8660254037844387076, 1.000000000000000000, 0.8660254037844387076, 1.000000000000000000, 0.8660254037844387076, 1.000000000000000000, 0.8660254037844387076, 1.000000000000000000, 0.8660254037844387076, 1.000000000000000000, 0.8660254037844387076, 1.000000000000000000, 0.8660254037844387076, 1.000000000000000000, 0.8660254037844387076, 1.000000000000000000, 0.8660254037844387076, 1.000000000000000000, 0.8660254037844387076, 1.000000000000000000, 0.8660254037844387076, 1.000000000000000000, 0.8660254037844387076, 1.000000000000000000, 0.8660254037844387076, 1.000000000000000000, 0.8660254037844387076, 1.000000000000000000, 0.8660254037844387076, 1.000000000000000000, 0.8660254037844387076, 1.000000000000000000, 0.8660254037844387076, 1.000000000000000000, 0.8660254037844387076, 1.000000000000000000, 0.8660254037844387076, 1.000000000000000000, 0.8660254037844387076, 1.000000000000000000, 0.8660254037844387076, 1.000000000000000000, 0.8660254037844387076, 1.000000000000000000, 0.8660254037844387076, 1.000000000000000000, 0.8660254037844387076, 1.000000000000000000, 0.8660254037844387076, 1.000000000000000000, 0.8660254037844387076, 1.000000000000000000, 0.8660254037844387076, 1.000000000000000000, 0.8660254037844387076, 1.000000000000000000, 0.8660254037844387076, 1.000000000000000000, 0.8660254037844387076, 1.000000000000000000, 0.8660254037844387076, 1.000000000000000000, 0.8660254037844387076, 1.000000000000000000, 0.8660254037844387076, 1.000000000000000000, 0.8660254037844387076, 1.000000000000000000, 0.8660254037844387076, 1.000000000000000000, 0.8660254037844387076, 1.000000000000000000, 0.8660254037844387076, 1.000000000000000000, 0.8660254037844387076, 1.000000000000000000, 0.8660254037844387076, 1.000000000000000000, 0.8660254037844387076, 1.000000000000000000, 0.8660254037844387076, 1.000000000000000000, 0.8660254037844387076, 1.000000000000000000, 0.8660254037844387076, 1.000000000000000000, 0.8660254037844387076, 1.000000000000000000, 0.8660254037844387076, 1.000000000000000000, 0.8660254037844387076, 1.000000000000000000, 0.8660254037844387076, 1.000000000000000000, 0.8660254037844387076, 1.000000000000000000, 0.8660254037844387076, 1.000000000000000000, 0.8660254037844387076, 1.000000000000000000, 0.8660254037844387076, 1.000000000000000000),
 ( 1.000000000000000000, 0.8660254037844387076, 1.000000000000000000, 0.8660254037844387076, 1.000000000000000000, 0.8660254037844387076, 1.000000000000000000, 0.8660254037844387076, 1.000000000000000000, 0.8660254037844387076, 1.000000000000000000, 0.8660254037844387076, 1.000000000000000000, 0.8660254037844387076, 1.000000000000000000, 0.8660254037844387076, 1.000000000000000000, 0.8660254037844387076, 1.000000000000000000, 0.8660254037844387076, 1.000000000000000000, 0.8660254037844387076, 1.000000000000000000, 0.8660254037844387076, 1.000000000000000000, 0.8660254037844387076, 1.000000000000000000, 0.8660254037844387076, 1.000000000000000000, 0.8660254037844387076, 1.000000000000000000, 0.8660254037844387076, 1.000000000000000000, 0.8660254037844387076, 1.000000000000000000, 0.8660254037844387076, 1.000000000000000000, 0.8660254037844387076, 1.000000000000000000, 0.8660254037844387076, 1.000000000000000000, 0.8660254037844387076, 1.000000000000000000, 0.8660254037844387076, 1.000000000000000000, 0.8660254037844387076, 1.000000000000000000, 0.8660254037844387076, 1.000000000000000000, 0.8660254037844387076, 1.000000000000000000, 0.8660254037844387076, 1.000000000000000000, 0.8660254037844387076, 1.000000000000000000, 0.8660254037844387076, 1.000000000000000000, 0.8660254037844387076, 1.000000000000000000, 0.8660254037844387076, 1.000000000000000000, 0.8660254037844387076, 1.000000000000000000, 0.8660254037844387076, 1.000000000000000000, 0.8660254037844387076, 1.000000000000000000, 0.8660254037844387076, 1.000000000000000000, 0.8660254037844387076, 1.000000000000000000, 0.8660254037844387076, 1.000000000000000000, 0.8660254037844387076, 1.000000000000000000, 0.8660254037844387076, 1.000000000000000000, 0.8660254037844387076, 1.000000000000000000, 0.8660254037844387076, 1.000000000000000000, 0.8660254037844387076, 1.000000000000000000, 0.8660254037844387076, 1.000000000000000000, 0.8660254037844387076, 1.000000000000000000, 0.8660254037844387076, 1.000000000000000000, 0.8660254037844387076, 1.000000000000000000, 0.8660254037844387076, 1.000000000000000000, 0.8660254037844387076, 1.000000000000000000, 0.8660254037844387076, 1.000000000000000000, 0.8660254037844387076, 1.000000000000000000, 0.8660254037844387076, 1.000000000000000000, 0.8660254037844387076, 1.000000000000000000, 0.8660254037844387076, 1.000000000000000000, 0.8660254037844387076, 1.000000000000000000, 0.8660254037844387076, 1.000000000000000000, 0.8660254037844387076, 1.000000000000000000, 0.8660254037844387076, 1.000000000000000000, 0.8660254037844387076, 1.000000000000000000, 0.8660254037844387076, 1.000000000000000000, 0.8660254037844387076, 1.000000000000000000, 0.8660254037844387076, 1.000000000000000000, 0.8660254037844387076, 1.000000000000000000, 0.8660254037844387076, 1.000000000000000000, 0.8660254037844387076, 1.000000000000000000, 0.8660254037844387076, 1.000000000000000000, 0.8660254037844387076, 1.000000000000000000, 0.8660254037844387076, 1.000000000000000000, 0.8660254037844387076, 1.000000000000000000, 0.8660254037844387076, 1.000000000000000000, 0.8660254037844387076, 1.000000000000000000, 0.8660254037844387076, 1.000000000000000000, 0.8660254037844387076, 1.000000000000000000, 0.8660254037844387076, 1.000000000000000000, 0.8660254037844387076, 1.000000000000000000, 0.8660254037844387076, 1.000000000000000000, 0.8660254037844387076, 1.000000000000000000, 0.8660254037844387076, 1.000000000000000000) ) ) 
 REPRESENTATION_ITEM ( '' )  SURFACE ( )  );
#799 = CARTESIAN_POINT ( 'NONE',  ( 0.5529378364870320972, -0.9577164262227589875, 7.587500000000003020 ) ) ;
#800 = CARTESIAN_POINT ( 'NONE',  ( -0.8294067547305487009, 0.4788582131113697238, 7.343750000000001776 ) ) ;
#801 = ORIENTED_EDGE ( 'NONE', *, *, #4767, .F. ) ;
#802 = CARTESIAN_POINT ( 'NONE',  ( 0.5529378364870383145, -0.9577164262227690905, -2.962499999999998579 ) ) ;
#803 = VECTOR ( 'NONE', #718, 1000.000000000000000 ) ;
#804 = DIRECTION ( 'NONE',  ( 0.000000000000000000, 0.000000000000000000, 1.000000000000000000 ) ) ;
#805 = CARTESIAN_POINT ( 'NONE',  ( -0.7357503364870353613, -1.274356964481448307, 4.545312500000004974 ) ) ;
#806 = CARTESIAN_POINT ( 'NONE',  ( -0.5529378364870384255, 0.9577164262227571001, -3.131249999999998312 ) ) ;
#807 = CARTESIAN_POINT ( 'NONE',  ( -1.172864355864549048E-16, -0.9577164262227688685, -0.7499999999999988898 ) ) ;
#808 = CARTESIAN_POINT ( 'NONE',  ( 0.000000000000000000, 0.9577164262227574332, -3.899999999999999911 ) ) ;
#809 = CARTESIAN_POINT ( 'NONE',  ( -0.4967532692869290889, -2.311275577609682941, 7.920583650766594985 ) ) ;
#810 = AXIS2_PLACEMENT_3D ( 'NONE', #4152, #155, #3489 ) ;
#811 = CARTESIAN_POINT ( 'NONE',  ( 1.082531754730551965, -0.6250000000000086597, -1.800000000000000488 ) ) ;
#812 = CARTESIAN_POINT ( 'NONE',  ( -1.172864355864535983E-16, -0.9577164262227588765, 3.500000000000003997 ) ) ;
#813 = CARTESIAN_POINT ( 'NONE',  ( 1.082531754730552853, 0.6249999999999957812, -1.218749999999996003 ) ) ;
#814 = ORIENTED_EDGE ( 'NONE', *, *, #140, .T. ) ;
#815 = EDGE_CURVE ( 'NONE', #887, #4266, #758, .T. ) ;
#816 = CARTESIAN_POINT ( 'NONE',  ( -0.8294067547305580268, -0.4788582131113871543, -3.018749999999998046 ) ) ;
#817 = CARTESIAN_POINT ( 'NONE',  ( 0.000000000000000000, -1.258909218984051749E-16, -3.899999999999999911 ) ) ;
#818 = CARTESIAN_POINT ( 'NONE',  ( 0.8294067547305582488, 0.4788582131113749973, -3.299999999999998490 ) ) ;
#819 = CARTESIAN_POINT ( 'NONE',  ( -1.103625504730552764, -0.6371784822407273730, 3.635937500000002043 ) ) ;
#820 = VERTEX_POINT ( 'NONE', #3871 ) ;
#821 = CARTESIAN_POINT ( 'NONE',  ( 0.7216878364870360496, 1.249999999999998446, 4.362500000000001599 ) ) ;
#822 = CARTESIAN_POINT ( 'NONE',  ( 0.5529378364870329854, 0.9577164262227455538, 5.037500000000004086 ) ) ;
#823 = CARTESIAN_POINT ( 'NONE',  ( -0.8294067547305487009, 0.4788582131113697238, 6.500000000000003553 ) ) ;
#824 = CARTESIAN_POINT ( 'NONE',  ( -0.5529378364870322082, 0.9577164262227458869, 3.706250000000003375 ) ) ;
#825 = ORIENTED_EDGE ( 'NONE', *, *, #3426, .F. ) ;
#826 = CARTESIAN_POINT ( 'NONE',  ( -1.172864355864549048E-16, -0.9577164262227690905, -3.899999999999998579 ) ) ;
#827 =( BOUNDED_CURVE ( )  B_SPLINE_CURVE ( 2, ( #4484, #2243, #840, #3758, #91, #2606, #1180 ),
 .UNSPECIFIED., .F., .T. ) 
 B_SPLINE_CURVE_WITH_KNOTS ( ( 3, 2, 2, 3 ),
 ( 0.4230769230769230727, 0.4358974358974359031, 0.4487179487179487336, 0.4615384615384615641 ),
 .UNSPECIFIED. ) 
 CURVE ( )  GEOMETRIC_REPRESENTATION_ITEM ( )  RATIONAL_B_SPLINE_CURVE ( ( 1.000000000000000000, 0.8660254037844387076, 1.000000000000000000, 0.8660254037844387076, 1.000000000000000000, 0.8660254037844387076, 1.000000000000000000 ) ) 
 REPRESENTATION_ITEM ( '' )  );
#828 = DIRECTION ( 'NONE',  ( -0.000000000000000000, 9.875224244405043999E-17, -1.000000000000000000 ) ) ;
#829 = VECTOR ( 'NONE', #1558, 1000.000000000000000 ) ;
#830 = CARTESIAN_POINT ( 'NONE',  ( -1.103625504730552320, 0.6371784822407147164, 3.532812500000003908 ) ) ;
#831 = CARTESIAN_POINT ( 'NONE',  ( -0.5529378364870388696, -0.9577164262227687574, -2.531249999999997780 ) ) ;
#832 = CARTESIAN_POINT ( 'NONE',  ( -2.249999999999998668, -1.144202757444272578, 0.1838980789322487985 ) ) ;
#833 = CARTESIAN_POINT ( 'NONE',  ( 0.000000000000000000, 1.249999999999998890, -2.100000000000000089 ) ) ;
#834 = CARTESIAN_POINT ( 'NONE',  ( -1.751407957523577696, -1.586900355616227776, 7.912289710998601677 ) ) ;
#835 = CARTESIAN_POINT ( 'NONE',  ( 3.061616997868396453E-16, 1.249999999999998890, 4.850000000000002309 ) ) ;
#836 = CARTESIAN_POINT ( 'NONE',  ( -0.5529378364870326523, -0.9577164262227586544, 3.462500000000003464 ) ) ;
#837 = CARTESIAN_POINT ( 'NONE',  ( -1.082531754730552187, 0.6249999999999966693, -1.518749999999996270 ) ) ;
#838 = ORIENTED_EDGE ( 'NONE', *, *, #1205, .F. ) ;
#839 = CARTESIAN_POINT ( 'NONE',  ( -0.9456951859021840434, 0.2774407419896210425, 7.359523260143101098 ) ) ;
#840 = CARTESIAN_POINT ( 'NONE',  ( -1.082531754730553075, -0.6250000000000088818, 6.293750000000005507 ) ) ;
#841 = CARTESIAN_POINT ( 'NONE',  ( -0.5529378364870388696, -0.9577164262227688685, -3.487499999999998934 ) ) ;
#842 = CARTESIAN_POINT ( 'NONE',  ( -1.471500672974070056, -6.446186024270533869E-15, 3.598437500000001954 ) ) ;
#843 = EDGE_LOOP ( 'NONE', ( #3300, #2302, #1080, #1420 ) ) ;
#844 = CARTESIAN_POINT ( 'NONE',  ( -2.058749999992248281, 1.409456344663646110, 7.832569145071528460 ) ) ;
#845 = CARTESIAN_POINT ( 'NONE',  ( -1.172864355864535983E-16, -0.9577164262227588765, 3.950000000000003730 ) ) ;
#846 = CARTESIAN_POINT ( 'NONE',  ( 0.5529378364870329854, 0.9577164262227455538, 4.587500000000003020 ) ) ;
#847 = CARTESIAN_POINT ( 'NONE',  ( 0.8294067547305484789, -0.4788582131113831575, 5.318750000000002309 ) ) ;
#848 = ADVANCED_FACE ( 'NONE', ( #4544 ), #1700, .F. ) ;
#849 = EDGE_CURVE ( 'NONE', #2106, #721, #961, .T. ) ;
#850 = EDGE_LOOP ( 'NONE', ( #2799, #2514, #744, #3370 ) ) ;
#851 = CARTESIAN_POINT ( 'NONE',  ( 1.105875672974077295, -5.973990092632150229E-15, -1.537499999999998757 ) ) ;
#852 = DIRECTION ( 'NONE',  ( 0.000000000000000000, 1.000000000000000000, 0.000000000000000000 ) ) ;
#853 = CARTESIAN_POINT ( 'NONE',  ( 0.8294067547305490340, 0.4788582131113688911, 7.700000000000002842 ) ) ;
#854 = CARTESIAN_POINT ( 'NONE',  ( 1.082531754730553519, 0.6249999999999953371, 4.775000000000001243 ) ) ;
#855 = CARTESIAN_POINT ( 'NONE',  ( -1.443375672974069657, -5.792680969187276754E-15, -3.337500000000000355 ) ) ;
#856 =( BOUNDED_CURVE ( )  B_SPLINE_CURVE ( 2, ( #2429, #1598, #2071, #592, #3076, #3242, #1817 ),
 .UNSPECIFIED., .F., .T. ) 
 B_SPLINE_CURVE_WITH_KNOTS ( ( 3, 2, 2, 3 ),
 ( 0.08974358974358975782, 0.1025641025641025328, 0.1153846153846154188, 0.1282051282051281937 ),
 .UNSPECIFIED. ) 
 CURVE ( )  GEOMETRIC_REPRESENTATION_ITEM ( )  RATIONAL_B_SPLINE_CURVE ( ( 1.000000000000000000, 0.8660254037844387076, 1.000000000000000000, 0.8660254037844387076, 1.000000000000000000, 0.8660254037844387076, 1.000000000000000000 ) ) 
 REPRESENTATION_ITEM ( '' )  );
#857 = CARTESIAN_POINT ( 'NONE',  ( -1.530808498934196994E-16, -1.250000000000010436, -2.325000000000000178 ) ) ;
#858 = CARTESIAN_POINT ( 'NONE',  ( 0.7216878364870342732, -1.250000000000010436, -3.131249999999995648 ) ) ;
#859 = CARTESIAN_POINT ( 'NONE',  ( 1.530808498934192064E-16, -1.250000000000000666, -3.899999999999999911 ) ) ;
#860 = CARTESIAN_POINT ( 'NONE',  ( 0.000000000000000000, 1.249999999999998668, -3.899999999999999911 ) ) ;
#861 = CYLINDRICAL_SURFACE ( 'NONE', #3222, 1.249999999999998890 ) ;
#862 = ORIENTED_EDGE ( 'NONE', *, *, #4440, .F. ) ;
#863 = CC_DESIGN_PERSON_AND_ORGANIZATION_ASSIGNMENT ( #3563, #187, ( #1021 ) ) ;
#864 = CARTESIAN_POINT ( 'NONE',  ( 1.102600906380568624, 1.587585040424034096E-11, 7.522600906380569441 ) ) ;
#865 = CARTESIAN_POINT ( 'NONE',  ( -1.082531754730552187, 0.6249999999999965583, -1.575000000000000622 ) ) ;
#866 = CARTESIAN_POINT ( 'NONE',  ( -1.530808498934197980E-16, -1.250000000000011990, 3.668750000000005507 ) ) ;
#867 = CARTESIAN_POINT ( 'NONE',  ( 0.5529378364870320972, -0.9577164262227589875, 3.931250000000002576 ) ) ;
#868 = LINE ( 'NONE', #3811, #4295 ) ;
#869 = ORIENTED_EDGE ( 'NONE', *, *, #3082, .F. ) ;
#870 = CARTESIAN_POINT ( 'NONE',  ( 1.105875672974077295, -6.029099198593781519E-15, -2.437499999999998224 ) ) ;
#871 = CARTESIAN_POINT ( 'NONE',  ( 2.345728711729071966E-16, 0.9577164262227458869, 4.625000000000003553 ) ) ;
#872 = CARTESIAN_POINT ( 'NONE',  ( -1.172864355864535983E-16, -0.9577164262227588765, 4.400000000000003020 ) ) ;
#873 = CARTESIAN_POINT ( 'NONE',  ( -0.5529378364870326523, -0.9577164262227586544, 4.306250000000002132 ) ) ;
#874 = ORIENTED_EDGE ( 'NONE', *, *, #3647, .F. ) ;
#875 = CARTESIAN_POINT ( 'NONE',  ( 0.8294067547305576937, -0.4788582131113877094, -1.124999999999998890 ) ) ;
#876 = ADVANCED_FACE ( 'NONE', ( #4230 ), #934, .F. ) ;
#877 = LINE ( 'NONE', #903, #1369 ) ;
#878 = CARTESIAN_POINT ( 'NONE',  ( -0.5529378364870326523, -0.9577164262227586544, 6.612500000000003375 ) ) ;
#879 = CARTESIAN_POINT ( 'NONE',  ( 0.7216878364870360496, 1.249999999999998446, 4.812500000000001776 ) ) ;
#880 = CARTESIAN_POINT ( 'NONE',  ( -0.9599566222303309582, 2.119230514998107605E-11, 7.379956622230332108 ) ) ;
#881 = CIRCLE ( 'NONE', #4576, 1.580000000000000071 ) ;
#882 = CYLINDRICAL_SURFACE ( 'NONE', #2581, 1.249999999999998890 ) ;
#883 = CARTESIAN_POINT ( 'NONE',  ( -1.530808498934197241E-16, -1.250000000000010658, -3.168749999999995737 ) ) ;
#884 = CARTESIAN_POINT ( 'NONE',  ( 0.7357503364870344731, -1.274356964481448751, 8.670312500000004974 ) ) ;
#885 = FACE_OUTER_BOUND ( 'NONE', #4358, .T. ) ;
#886 = CARTESIAN_POINT ( 'NONE',  ( -1.012144795050346158, 0.6351605235445291209, -3.735843218530003451 ) ) ;
#887 = VERTEX_POINT ( 'NONE', #3437 ) ;
#888 = AXIS2_PLACEMENT_3D ( 'NONE', #684, #617, #4277 ) ;
#889 = CARTESIAN_POINT ( 'NONE',  ( -0.3145744750618094665, -0.9408255328532521000, -0.2657456757903419731 ) ) ;
#890 = CARTESIAN_POINT ( 'NONE',  ( 0.000000000000000000, -1.258909218984051749E-16, -3.899999999999999911 ) ) ;
#891 = CARTESIAN_POINT ( 'NONE',  ( 1.103625504730555207, 0.6371784822407153825, -3.060937499999999201 ) ) ;
#892 = DIRECTION ( 'NONE',  ( 0.000000000000000000, -9.875224244405043999E-17, 1.000000000000000000 ) ) ;
#893 = CARTESIAN_POINT ( 'NONE',  ( -1.530808498934198227E-16, -1.250000000000011990, 5.075000000000001066 ) ) ;
#894 = CARTESIAN_POINT ( 'NONE',  ( 1.103625504730553208, 0.6371784822407138282, 3.410937500000002398 ) ) ;
#895 = VECTOR ( 'NONE', #474, 1000.000000000000000 ) ;
#896 = ORIENTED_EDGE ( 'NONE', *, *, #815, .T. ) ;
#897 = CARTESIAN_POINT ( 'NONE',  ( 0.5529378364870383145, -0.9577164262227693126, -3.862499999999998046 ) ) ;
#898 = CARTESIAN_POINT ( 'NONE',  ( 0.000000000000000000, 1.249999999999998668, -3.000000000000000888 ) ) ;
#899 = CARTESIAN_POINT ( 'NONE',  ( 2.345728711729071966E-16, 0.9577164262227458869, 3.725000000000003642 ) ) ;
#900 = CARTESIAN_POINT ( 'NONE',  ( -0.5529378364870322082, 0.9577164262227458869, 4.156250000000002665 ) ) ;
#901 = ORIENTED_EDGE ( 'NONE', *, *, #1257, .F. ) ;
#902 = CARTESIAN_POINT ( 'NONE',  ( -0.5529378364870384255, 0.9577164262227573222, -0.4874999999999987677 ) ) ;
#903 = CARTESIAN_POINT ( 'NONE',  ( -2.058749999999998526, -1.409456344659176130, -6.873863542433758411 ) ) ;
#904 = CARTESIAN_POINT ( 'NONE',  ( 0.5529378364870329854, 0.9577164262227455538, 7.737500000000003375 ) ) ;
#905 = CARTESIAN_POINT ( 'NONE',  ( -1.082531754730552853, 0.6249999999999963363, 3.575000000000001954 ) ) ;
#906 = CARTESIAN_POINT ( 'NONE',  ( 0.7357503364870359164, -1.274356964481450527, -4.045312499999997868 ) ) ;
#907 = EDGE_CURVE ( 'NONE', #2529, #316, #4617, .T. ) ;
#908 =( BOUNDED_CURVE ( )  B_SPLINE_CURVE ( 2, ( #3754, #1930, #88, #913, #3136, #3161, #236 ),
 .UNSPECIFIED., .F., .F. ) 
 B_SPLINE_CURVE_WITH_KNOTS ( ( 3, 2, 2, 3 ),
 ( 0.2692307692307692180, 0.2820512820512820484, 0.2948717948717948789, 0.3076923076923077094 ),
 .UNSPECIFIED. ) 
 CURVE ( )  GEOMETRIC_REPRESENTATION_ITEM ( )  RATIONAL_B_SPLINE_CURVE ( ( 1.000000000000000000, 0.8660254037844387076, 1.000000000000000000, 0.8660254037844387076, 1.000000000000000000, 0.8660254037844387076, 1.000000000000000000 ) ) 
 REPRESENTATION_ITEM ( '' )  );
#909 = CARTESIAN_POINT ( 'NONE',  ( 1.082531754730553519, 0.6249999999999953371, 6.968750000000004441 ) ) ;
#910 = CARTESIAN_POINT ( 'NONE',  ( 1.082531754730552631, -0.6250000000000097700, 6.950000000000001066 ) ) ;
#911 = CARTESIAN_POINT ( 'NONE',  ( -1.752183174247790269E-14, -0.9577164262227690905, -3.899999999999999911 ) ) ;
#912 = CARTESIAN_POINT ( 'NONE',  ( -2.249999999999999112, 0.7257999078343848609, 0.08814680016220520498 ) ) ;
#913 = CARTESIAN_POINT ( 'NONE',  ( -1.443375672974070545, -6.447908183831835661E-15, 7.156250000000004441 ) ) ;
#914 = EDGE_CURVE ( 'NONE', #4198, #3586, #4640, .T. ) ;
#915 = VECTOR ( 'NONE', #3516, 1000.000000000000114 ) ;
#916 = ORIENTED_EDGE ( 'NONE', *, *, #2096, .F. ) ;
#917 = EDGE_CURVE ( 'NONE', #1589, #2563, #619, .T. ) ;
#918 = CARTESIAN_POINT ( 'NONE',  ( -0.7170915748299387937, -0.6733938111604985677, -0.3035156681516583688 ) ) ;
#919 = CARTESIAN_POINT ( 'NONE',  ( -2.249999999999998668, -1.078201627711654176, 7.832569145069291139 ) ) ;
#920 = CARTESIAN_POINT ( 'NONE',  ( 0.7357503364870359164, -1.274356964481450305, -1.373437499999998757 ) ) ;
#921 = LINE ( 'NONE', #2368, #1794 ) ;
#922 = CARTESIAN_POINT ( 'NONE',  ( -1.105875672974064861, -6.468574098567446112E-15, 3.781250000000002220 ) ) ;
#923 = CARTESIAN_POINT ( 'NONE',  ( 1.082531754730551965, -0.6250000000000087708, -3.543749999999996625 ) ) ;
#924 = VERTEX_POINT ( 'NONE', #130 ) ;
#925 = CARTESIAN_POINT ( 'NONE',  ( 0.000000000000000000, 0.9577164262227572111, -2.774999999999999023 ) ) ;
#926 = CARTESIAN_POINT ( 'NONE',  ( -0.8294067547305488119, -0.4788582131113825469, 3.425000000000003375 ) ) ;
#927 = CARTESIAN_POINT ( 'NONE',  ( -0.8294067547305487009, 0.4788582131113697238, 5.543750000000002842 ) ) ;
#928 = ORIENTED_EDGE ( 'NONE', *, *, #1264, .T. ) ;
#929 = CARTESIAN_POINT ( 'NONE',  ( 1.105875672974077295, -6.001544645612967057E-15, -1.987499999999998712 ) ) ;
#930 = APPROVAL ( #3268, 'UNSPECIFIED' ) ;
#931 = CARTESIAN_POINT ( 'NONE',  ( 2.058749999999989644, -1.409456344659179461, 0.1674308549306998961 ) ) ;
#932 = CARTESIAN_POINT ( 'NONE',  ( -1.172864355864535983E-16, -0.9577164262227588765, 7.100000000000003197 ) ) ;
#933 = CARTESIAN_POINT ( 'NONE',  ( 1.082531754730552631, -0.6250000000000097700, 4.700000000000002842 ) ) ;
#934 = CYLINDRICAL_SURFACE ( 'NONE', #4116, 1.250000000000000444 ) ;
#935 = CARTESIAN_POINT ( 'NONE',  ( 1.082531754730552631, 0.6249999999999955591, -2.175000000000000711 ) ) ;
#936 = CARTESIAN_POINT ( 'NONE',  ( 0.7216878364870360496, 1.249999999999998446, 7.062500000000000000 ) ) ;
#937 = CARTESIAN_POINT ( 'NONE',  ( -0.7357503364870353613, -1.274356964481448307, 7.695312500000004441 ) ) ;
#938 = CARTESIAN_POINT ( 'NONE',  ( 0.000000000000000000, 1.249999999999998668, -3.899999999999999911 ) ) ;
#939 = PERSON_AND_ORGANIZATION ( #983, #4684 ) ;
#940 = VERTEX_POINT ( 'NONE', #1676 ) ;
#941 = CARTESIAN_POINT ( 'NONE',  ( 0.000000000000000000, 0.9577164262227573222, -1.368749999999997913 ) ) ;
#942 = CARTESIAN_POINT ( 'NONE',  ( 1.082531754730552631, -0.6250000000000097700, 6.500000000000001776 ) ) ;
#943 = EDGE_CURVE ( 'NONE', #2876, #333, #2283, .T. ) ;
#944 = CARTESIAN_POINT ( 'NONE',  ( 1.103625504730554319, -0.6371784822407287052, -3.135937499999998934 ) ) ;
#945 = FACE_OUTER_BOUND ( 'NONE', #3201, .T. ) ;
#946 = CARTESIAN_POINT ( 'NONE',  ( -0.5529378364870384255, 0.9577164262227571001, -3.187499999999998668 ) ) ;
#947 = CARTESIAN_POINT ( 'NONE',  ( 1.443375672974069213, -6.156539006130050968E-15, -3.506249999999995648 ) ) ;
#948 = ORIENTED_EDGE ( 'NONE', *, *, #4051, .F. ) ;
#949 = CARTESIAN_POINT ( 'NONE',  ( -2.249999999999998668, -1.299038105676660004, -6.873863542433758411 ) ) ;
#950 = CARTESIAN_POINT ( 'NONE',  ( 0.8294067547305490340, 0.4788582131113688911, 3.200000000000003286 ) ) ;
#951 = CARTESIAN_POINT ( 'NONE',  ( -0.8294067547305488119, -0.4788582131113825469, 4.325000000000003730 ) ) ;
#952 = CARTESIAN_POINT ( 'NONE',  ( -1.103625504730552764, -0.6371784822407273730, 7.685937500000001421 ) ) ;
#953 = EDGE_LOOP ( 'NONE', ( #4747, #1569, #2495, #4349 ) ) ;
#954 = CARTESIAN_POINT ( 'NONE',  ( -1.172864355864549048E-16, -0.9577164262227689795, -2.549999999999998490 ) ) ;
#955 = CARTESIAN_POINT ( 'NONE',  ( -0.8294067547305580268, -0.4788582131113871543, -3.468749999999997780 ) ) ;
#956 = CARTESIAN_POINT ( 'NONE',  ( 1.448409885672697117E-16, -1.182716426222758299, -9.905553110066175750E-17 ) ) ;
#957 = CARTESIAN_POINT ( 'NONE',  ( -0.7357503364870361384, 1.274356964481438537, -4.270312499999997513 ) ) ;
#958 = CARTESIAN_POINT ( 'NONE',  ( -0.5529378364870323193, 0.9577164262227461089, 6.912500000000004086 ) ) ;
#959 = CARTESIAN_POINT ( 'NONE',  ( 0.7216878364870342732, -1.250000000000010436, -2.681249999999996358 ) ) ;
#960 = CARTESIAN_POINT ( 'NONE',  ( 1.103625504730552098, -0.6371784822407281501, 8.257812500000003553 ) ) ;
#961 =( BOUNDED_CURVE ( )  B_SPLINE_CURVE ( 2, ( #2354, #982, #2719, #2458, #3462, #3130, #2046 ),
 .UNSPECIFIED., .F., .T. ) 
 B_SPLINE_CURVE_WITH_KNOTS ( ( 3, 2, 2, 3 ),
 ( 0.7222222222222222099, 0.7407407407407406996, 0.7592592592592591894, 0.7777777777777776791 ),
 .UNSPECIFIED. ) 
 CURVE ( )  GEOMETRIC_REPRESENTATION_ITEM ( )  RATIONAL_B_SPLINE_CURVE ( ( 1.000000000000000000, 0.8660254037844387076, 1.000000000000000000, 0.8660254037844387076, 1.000000000000000000, 0.8660254037844394848, 0.9999999999999992228 ) ) 
 REPRESENTATION_ITEM ( '' )  );
#962 = ORIENTED_EDGE ( 'NONE', *, *, #4168, .F. ) ;
#963 = CARTESIAN_POINT ( 'NONE',  ( 0.000000000000000000, -4.481441770539532523E-16, -0.6367499999999949312 ) ) ;
#964 = VERTEX_POINT ( 'NONE', #880 ) ;
#965 = CARTESIAN_POINT ( 'NONE',  ( -0.8294067547305487009, 0.4788582131113697238, 5.993750000000002132 ) ) ;
#966 = AXIS2_PLACEMENT_3D ( 'NONE', #3850, #107, #3158 ) ;
#967 = CARTESIAN_POINT ( 'NONE',  ( -1.103625504730554763, -0.6371784822407278170, -2.835937499999999112 ) ) ;
#968 = CARTESIAN_POINT ( 'NONE',  ( -0.9978297649220070342, -0.6928999944141783773, 7.621935682488132358 ) ) ;
#969 = CARTESIAN_POINT ( 'NONE',  ( -1.172864355864549048E-16, -0.9577164262227689795, -2.549999999999998490 ) ) ;
#970 = DIRECTION ( 'NONE',  ( -0.000000000000000000, 9.875224244405043999E-17, -1.000000000000000000 ) ) ;
#971 = ORIENTED_EDGE ( 'NONE', *, *, #2180, .F. ) ;
#972 = ADVANCED_FACE ( 'NONE', ( #4253 ), #3490, .T. ) ;
#973 = LINE ( 'NONE', #2448, #3131 ) ;
#974 = CARTESIAN_POINT ( 'NONE',  ( 0.3443132500722089206, 2.399286863738569142, 0.1233338266826507906 ) ) ;
#975 = CONICAL_SURFACE ( 'NONE', #1119, 1.580000000000000071, 0.7853981633974500554 ) ;
#976 = CARTESIAN_POINT ( 'NONE',  ( -0.5529378364870326523, -0.9577164262227586544, 7.906250000000000888 ) ) ;
#977 = CARTESIAN_POINT ( 'NONE',  ( 1.471500672974070056, -6.806599742090707656E-15, 6.523437500000001776 ) ) ;
#978 = ORIENTED_EDGE ( 'NONE', *, *, #786, .T. ) ;
#979 = CARTESIAN_POINT ( 'NONE',  ( 3.061616997868396453E-16, 1.249999999999998890, 6.650000000000001243 ) ) ;
#980 = CARTESIAN_POINT ( 'NONE',  ( -1.253353942197861226, 0.3291272922465620643, -0.6572476375347946487 ) ) ;
#981 = CARTESIAN_POINT ( 'NONE',  ( 1.172864355864542392E-16, -0.9577164262227580993, -0.4680000000000001936 ) ) ;
#982 = CARTESIAN_POINT ( 'NONE',  ( 0.7216878364870344953, -1.250000000000010436, -0.9375000000000007772 ) ) ;
#983 = PERSON ( 'UNSPECIFIED', 'UNSPECIFIED', 'UNSPECIFIED', ('UNSPECIFIED'), ('UNSPECIFIED'), ('UNSPECIFIED') ) ;
#984 = CARTESIAN_POINT ( 'NONE',  ( -0.1340913449730364859, 2.520658537237133512, 7.816101921067741820 ) ) ;
#985 = CARTESIAN_POINT ( 'NONE',  ( 0.7357503364870344731, -1.274356964481448751, 6.420312500000004086 ) ) ;
#986 = CARTESIAN_POINT ( 'NONE',  ( 2.345728711729071966E-16, 0.9577164262227458869, 8.618750000000003908 ) ) ;
#987 = EDGE_LOOP ( 'NONE', ( #4612, #2396, #4123, #3632 ) ) ;
#988 = ORIENTED_EDGE ( 'NONE', *, *, #3381, .T. ) ;
#989 = TOROIDAL_SURFACE ( 'NONE', #3147, 1.182716426222757633, 0.2249999999999999223 ) ;
#990 = CARTESIAN_POINT ( 'NONE',  ( 0.5529378364870329854, 0.9577164262227455538, 5.431250000000002132 ) ) ;
#991 = CARTESIAN_POINT ( 'NONE',  ( 1.443375672974069213, -6.046320794206788388E-15, -1.706249999999995604 ) ) ;
#992 =( BOUNDED_CURVE ( )  B_SPLINE_CURVE ( 2, ( #2000, #571, #4619, #3465, #2049, #858, #883 ),
 .UNSPECIFIED., .F., .T. ) 
 B_SPLINE_CURVE_WITH_KNOTS ( ( 3, 2, 2, 3 ),
 ( 0.6007660097985154657, 0.6192845283170338444, 0.6378030468355524452, 0.6563215653540709349 ),
 .UNSPECIFIED. ) 
 CURVE ( )  GEOMETRIC_REPRESENTATION_ITEM ( )  RATIONAL_B_SPLINE_CURVE ( ( 1.000000000000000000, 0.8660254037844388186, 1.000000000000000000, 0.8660254037844388186, 1.000000000000000000, 0.8660254037844388186, 1.000000000000000000 ) ) 
 REPRESENTATION_ITEM ( '' )  );
#993 = CARTESIAN_POINT ( 'NONE',  ( 0.000000000000000000, 1.274356964481438759, -2.535937499999999289 ) ) ;
#994 = CARTESIAN_POINT ( 'NONE',  ( 0.000000000000000000, 0.9577164262227572111, -1.874999999999998668 ) ) ;
#995 = CARTESIAN_POINT ( 'NONE',  ( 0.000000000000000000, -8.270318432511634258E-16, 3.200000000000001510 ) ) ;
#996 = ORIENTED_EDGE ( 'NONE', *, *, #464, .T. ) ;
#997 = CARTESIAN_POINT ( 'NONE',  ( 1.105875672974077295, -5.973990092632150229E-15, -1.537499999999998757 ) ) ;
#998 = CARTESIAN_POINT ( 'NONE',  ( -0.9970212581013981890, -0.2378520777582134593, -3.899999999999999023 ) ) ;
#999 = CARTESIAN_POINT ( 'NONE',  ( -0.5529378364870326523, -0.9577164262227586544, 3.012500000000003730 ) ) ;
#1000 = CARTESIAN_POINT ( 'NONE',  ( 0.7357503364870344731, -1.274356964481448973, 7.798437500000000355 ) ) ;
#1001 = ORIENTED_EDGE ( 'NONE', *, *, #4298, .T. ) ;
#1002 = CARTESIAN_POINT ( 'NONE',  ( -1.172864355864549048E-16, -0.9577164262227690905, -3.393749999999998046 ) ) ;
#1003 = ADVANCED_FACE ( 'NONE', ( #1998 ), #4770, .F. ) ;
#1004 = EDGE_CURVE ( 'NONE', #4504, #3731, #3162, .T. ) ;
#1005 = FACE_OUTER_BOUND ( 'NONE', #843, .T. ) ;
#1006 = CARTESIAN_POINT ( 'NONE',  ( 1.103625504730555207, 0.6371784822407154936, -3.032812499999997247 ) ) ;
#1007 = FACE_OUTER_BOUND ( 'NONE', #2158, .T. ) ;
#1008 = CARTESIAN_POINT ( 'NONE',  ( 1.471500672974069834, -6.806599742090707656E-15, 6.045312500000003197 ) ) ;
#1009 = ORIENTED_EDGE ( 'NONE', *, *, #4683, .F. ) ;
#1010 = COORDINATED_UNIVERSAL_TIME_OFFSET ( 6, 0, .BEHIND. ) ;
#1011 = EDGE_LOOP ( 'NONE', ( #3350, #221, #3922, #3039 ) ) ;
#1012 = CARTESIAN_POINT ( 'NONE',  ( -1.172864355864535983E-16, -0.9577164262227588765, 6.143750000000002487 ) ) ;
#1013 = CARTESIAN_POINT ( 'NONE',  ( 1.082531754730552631, -0.6250000000000097700, 6.443750000000004086 ) ) ;
#1014 = CARTESIAN_POINT ( 'NONE',  ( 3.061616997868396453E-16, 1.249999999999998890, 5.300000000000001599 ) ) ;
#1015 = CARTESIAN_POINT ( 'NONE',  ( -0.5529378364870384255, 0.9577164262227571001, -2.287499999999998757 ) ) ;
#1016 = CARTESIAN_POINT ( 'NONE',  ( -1.530808498934196994E-16, -1.250000000000010214, -1.875000000000000444 ) ) ;
#1017 = VERTEX_POINT ( 'NONE', #2816 ) ;
#1018 = CARTESIAN_POINT ( 'NONE',  ( -1.105875672974077295, -5.634242289547586105E-15, -0.4124999999999988121 ) ) ;
#1019 =( BOUNDED_CURVE ( )  B_SPLINE_CURVE ( 2, ( #554, #533, #3113, #4579, #1562, #1279, #2756, #4217, #3037, #2032, #3500, #841, #3142, #2317, #459, #3397, #818, #2294, #581, #946, #2417, #2830, #4652, #3570, #2782, #2850, #2059, #4241, #3523, #3314, #3186, #3882, #219, #3678, #2468, #1687, #969, #2444, #1710, #2104, #2212, #4311, #4334, #1015, #3167, #4265, #373, #1349, #1846, #4629, #1305, #1328, #2807, #3903, #994, #4673, #4290, #606, #2493, #3928, #2084, #3548, #241, #2128, #627, #1095, #3949, #265, #1732, #3208, #1375, #650, #3594, #284, #1756, #3232, #4699, #1396, #2870, #2574, #4028, #732, #1194, #1146, #807, #4104, #450, #1925, #56, #2954, #83, #29, #1479 ),
 .UNSPECIFIED., .F., .T. ) 
 B_SPLINE_CURVE_WITH_KNOTS ( ( 3, 2, 2, 2, 2, 2, 2, 2, 2, 2, 2, 2, 2, 2, 2, 2, 2, 2, 2, 2, 2, 2, 2, 2, 2, 2, 2, 2, 2, 2, 2, 2, 2, 2, 2, 2, 2, 2, 2, 2, 2, 2, 2, 2, 2, 2, 3 ),
 ( 0.05947499691980139697, 0.07929999589306875596, 0.09912499486633612189, 0.1189499938396034739, 0.1387749928128708399, 0.1585999917861382058, 0.1784249907594055717, 0.1982499897326729377, 0.2180749887059403036, 0.2378999876792076695, 0.2577249866524750077, 0.2775499856257424014, 0.2973749845990097951, 0.3171999835722771333, 0.3370249825455445269, 0.3568499815188119206, 0.3766749804920792033, 0.3964999794653465415, 0.4163249784386139907, 0.4361499774118813288, 0.4559749763851486670, 0.4757999753584160052, 0.4956249743316834544, 0.5154499733049507926, 0.5352749722782180752, 0.5550999712514853579, 0.5749249702247528626, 0.5947499691980202563, 0.6145749681712875390, 0.6343999671445548216, 0.6542249661178224374, 0.6740499650910896090, 0.6938749640643570027, 0.7136999630376242854, 0.7335249620108917901, 0.7533499609841590727, 0.7731749599574264664, 0.7929999589306937491, 0.8128249579039612538, 0.8326499568772285365, 0.8524749558504959301, 0.8722999548237632128, 0.8921249537970307175, 0.9119499527702980002, 0.9317749517435653939, 0.9515999507168326765, 0.9664058086082486509 ),
 .UNSPECIFIED. ) 
 CURVE ( )  GEOMETRIC_REPRESENTATION_ITEM ( )  RATIONAL_B_SPLINE_CURVE ( ( 1.000000000000002442, 0.8660254037844363761, 1.000000000000000000, 0.8660254037844387076, 1.000000000000000000, 0.8660254037844387076, 1.000000000000000000, 0.8660254037844387076, 1.000000000000000000, 0.8660254037844387076, 1.000000000000000000, 0.8660254037844387076, 1.000000000000000000, 0.8660254037844387076, 1.000000000000000000, 0.8660254037844387076, 1.000000000000000000, 0.8660254037844387076, 1.000000000000000000, 0.8660254037844387076, 1.000000000000000000, 0.8660254037844387076, 1.000000000000000000, 0.8660254037844387076, 1.000000000000000000, 0.8660254037844387076, 1.000000000000000000, 0.8660254037844387076, 1.000000000000000000, 0.8660254037844387076, 1.000000000000000000, 0.8660254037844387076, 1.000000000000000000, 0.8660254037844387076, 1.000000000000000000, 0.8660254037844387076, 1.000000000000000000, 0.8660254037844387076, 1.000000000000000000, 0.8660254037844387076, 1.000000000000000000, 0.8660254037844387076, 1.000000000000000000, 0.8660254037844387076, 1.000000000000000000, 0.8660254037844387076, 1.000000000000000000, 0.8660254037844387076, 1.000000000000000000, 0.8660254037844387076, 1.000000000000000000, 0.8660254037844387076, 1.000000000000000000, 0.8660254037844387076, 1.000000000000000000, 0.8660254037844387076, 1.000000000000000000, 0.8660254037844387076, 1.000000000000000000, 0.8660254037844387076, 1.000000000000000000, 0.8660254037844387076, 1.000000000000000000, 0.8660254037844387076, 1.000000000000000000, 0.8660254037844387076, 1.000000000000000000, 0.8660254037844387076, 1.000000000000000000, 0.8660254037844387076, 1.000000000000000000, 0.8660254037844387076, 1.000000000000000000, 0.8660254037844387076, 1.000000000000000000, 0.8660254037844387076, 1.000000000000000000, 0.8660254037844387076, 1.000000000000000000, 0.8660254037844387076, 1.000000000000000000, 0.8660254037844387076, 1.000000000000000000, 0.8660254037844387076, 1.000000000000000000, 0.8660254037844387076, 1.000000000000000000, 0.8660254037844387076, 1.000000000000000000, 0.8660254037844387076, 1.000000000000000000, 0.8999440637902578199, 0.9493372120129146552 ) ) 
 REPRESENTATION_ITEM ( '' )  );
#1020 = CARTESIAN_POINT ( 'NONE',  ( -0.1556484249010626764, -1.160813630820007658, -0.5852582257462395354 ) ) ;
#1021 = PRODUCT ( '93655A094_Male-Female Threaded Hex Standoff', '93655A094_Male-Female Threaded Hex Standoff', '', ( #162 ) ) ;
#1022 = CARTESIAN_POINT ( 'NONE',  ( -0.5529378364870322082, 0.9577164262227458869, 8.206250000000000711 ) ) ;
#1023 = CARTESIAN_POINT ( 'NONE',  ( 3.121274355046671316E-16, 1.274356964481435872, 7.535937500000001954 ) ) ;
#1024 = ORIENTED_EDGE ( 'NONE', *, *, #1409, .F. ) ;
#1025 = CARTESIAN_POINT ( 'NONE',  ( -0.8294067547305579158, 0.4788582131113757745, -3.093749999999997335 ) ) ;
#1026 = CARTESIAN_POINT ( 'NONE',  ( -1.530808498934197980E-16, -1.250000000000011990, 7.268750000000004263 ) ) ;
#1027 = CARTESIAN_POINT ( 'NONE',  ( 1.103625504730554319, -0.6371784822407287052, -2.207812499999997513 ) ) ;
#1028 = EDGE_CURVE ( 'NONE', #4510, #3867, #1816, .T. ) ;
#1029 = DIRECTION ( 'NONE',  ( 0.7071067811865487940, 0.000000000000000000, 0.7071067811865463515 ) ) ;
#1030 = CARTESIAN_POINT ( 'NONE',  ( -0.7357503364870348062, 1.274356964481435428, 6.645312500000004619 ) ) ;
#1031 = ORIENTED_EDGE ( 'NONE', *, *, #3732, .F. ) ;
#1032 = CARTESIAN_POINT ( 'NONE',  ( -0.6780353727866319513, 0.6763791734722345295, -0.4680000000000000271 ) ) ;
#1033 = CARTESIAN_POINT ( 'NONE',  ( 0.5529378364870329854, 0.9577164262227455538, 6.781250000000001776 ) ) ;
#1034 = CARTESIAN_POINT ( 'NONE',  ( 0.000000000000000000, -4.481441770539532523E-16, -0.6367499999999949312 ) ) ;
#1035 = CARTESIAN_POINT ( 'NONE',  ( -1.103625504730554541, 0.6371784822407166038, -0.6609374999999991784 ) ) ;
#1036 = CARTESIAN_POINT ( 'NONE',  ( 0.8294067547305490340, 0.4788582131113688911, 4.100000000000004086 ) ) ;
#1037 = CARTESIAN_POINT ( 'NONE',  ( 0.7216878364870348284, -1.250000000000012434, 3.762500000000001510 ) ) ;
#1038 = ORIENTED_EDGE ( 'NONE', *, *, #1641, .T. ) ;
#1039 = CARTESIAN_POINT ( 'NONE',  ( -1.172864355864549048E-16, -0.9577164262227688685, -0.7499999999999988898 ) ) ;
#1040 = CARTESIAN_POINT ( 'NONE',  ( -1.530808498934197241E-16, -1.250000000000010214, -0.9187499999999964029 ) ) ;
#1041 = CARTESIAN_POINT ( 'NONE',  ( 2.345728711729071966E-16, 0.9577164262227458869, 7.718750000000002665 ) ) ;
#1042 = CARTESIAN_POINT ( 'NONE',  ( 1.103625504730552320, -0.6371784822407282611, 7.835937500000000888 ) ) ;
#1043 = VERTEX_POINT ( 'NONE', #372 ) ;
#1044 =( BOUNDED_CURVE ( )  B_SPLINE_CURVE ( 1, ( #4006, #1032 ),
 .UNSPECIFIED., .F., .T. ) 
 B_SPLINE_CURVE_WITH_KNOTS ( ( 2, 2 ),
 ( 0.000000000000000000, 0.0003374999999999904769 ),
 .UNSPECIFIED. ) 
 CURVE ( )  GEOMETRIC_REPRESENTATION_ITEM ( )  RATIONAL_B_SPLINE_CURVE ( ( 0.9493372120205979536, 0.9493372120205980647 ) ) 
 REPRESENTATION_ITEM ( '' )  );
#1045 = CARTESIAN_POINT ( 'NONE',  ( -0.8294067547305488119, -0.4788582131113825469, 7.025000000000003908 ) ) ;
#1046 = AXIS2_PLACEMENT_3D ( 'NONE', #1518, #2995, #4464 ) ;
#1047 = CARTESIAN_POINT ( 'NONE',  ( -0.8294067547305580268, -0.4788582131113871543, -3.018749999999998046 ) ) ;
#1048 = CARTESIAN_POINT ( 'NONE',  ( 1.471500672974072721, -6.079902905652158725E-15, -2.170312499999997868 ) ) ;
#1049 = CARTESIAN_POINT ( 'NONE',  ( 2.058749999992247393, -1.409456344663649441, 7.832569145071530237 ) ) ;
#1050 = CARTESIAN_POINT ( 'NONE',  ( -1.103625504730552320, 0.6371784822407147164, 7.582812500000003730 ) ) ;
#1051 = ORIENTED_EDGE ( 'NONE', *, *, #1614, .F. ) ;
#1052 = ORIENTED_EDGE ( 'NONE', *, *, #346, .F. ) ;
#1053 = CARTESIAN_POINT ( 'NONE',  ( 0.8294067547305490340, 0.4788582131113688911, 5.393750000000002487 ) ) ;
#1054 = CYLINDRICAL_SURFACE ( 'NONE', #1421, 0.9577164262227575442 ) ;
#1055 = CARTESIAN_POINT ( 'NONE',  ( -1.560637177523338370E-16, -1.274356964481450083, -0.5109374999999992673 ) ) ;
#1056 = EDGE_CURVE ( 'NONE', #3542, #2136, #730, .T. ) ;
#1057 = CARTESIAN_POINT ( 'NONE',  ( 0.5529378364870329854, 0.9577164262227455538, 5.937500000000003553 ) ) ;
#1058 = EDGE_CURVE ( 'NONE', #3898, #2852, #1472, .T. ) ;
#1059 = DIRECTION ( 'NONE',  ( -0.000000000000000000, 9.875224244405043999E-17, -1.000000000000000000 ) ) ;
#1060 = VERTEX_POINT ( 'NONE', #95 ) ;
#1061 = CARTESIAN_POINT ( 'NONE',  ( -0.5529378364870388696, -0.9577164262227687574, -1.687499999999998446 ) ) ;
#1062 = LINE ( 'NONE', #631, #803 ) ;
#1063 = CARTESIAN_POINT ( 'NONE',  ( 0.8294067547305484789, -0.4788582131113831575, 8.018750000000000711 ) ) ;
#1064 = CARTESIAN_POINT ( 'NONE',  ( -0.7357503364870353613, -1.274356964481448529, 4.573437500000002487 ) ) ;
#1065 = ORIENTED_EDGE ( 'NONE', *, *, #2625, .F. ) ;
#1066 = CARTESIAN_POINT ( 'NONE',  ( 2.345728711729071966E-16, 0.9577164262227458869, 5.525000000000003908 ) ) ;
#1067 = CARTESIAN_POINT ( 'NONE',  ( -0.8294067547305580268, -0.4788582131113870433, -0.3187499999999978684 ) ) ;
#1068 = CARTESIAN_POINT ( 'NONE',  ( 0.000000000000000000, -1.258909218984051749E-16, -3.899999999999999911 ) ) ;
#1069 = CARTESIAN_POINT ( 'NONE',  ( 0.5529378364870320972, -0.9577164262227589875, 7.531250000000002665 ) ) ;
#1070 = CARTESIAN_POINT ( 'NONE',  ( 0.7357503364870359164, -1.274356964481450305, -1.795312499999997646 ) ) ;
#1071 = CARTESIAN_POINT ( 'NONE',  ( 0.000000000000000000, 1.249999999999998890, -1.593749999999996225 ) ) ;
#1072 = CARTESIAN_POINT ( 'NONE',  ( 1.103625504730552098, -0.6371784822407281501, 6.007812500000004441 ) ) ;
#1073 = B_SPLINE_CURVE_WITH_KNOTS ( 'NONE', 3,
 ( #4551, #3878, #3496, #3138, #2702, #2778, #1248, #214 ),
 .UNSPECIFIED., .F., .F.,
 ( 4, 2, 2, 4 ),
 ( 0.0002272936175608557458, 0.001312383105340146627, 0.001854927849229792095, 0.002397472593119437563 ),
 .UNSPECIFIED. ) ;
#1074 = DIRECTION ( 'NONE',  ( 0.000000000000000000, 1.000000000000000000, 0.000000000000000000 ) ) ;
#1075 = DIRECTION ( 'NONE',  ( -0.000000000000000000, 9.875224244405043999E-17, -1.000000000000000000 ) ) ;
#1076 = CARTESIAN_POINT ( 'NONE',  ( 1.905686749927789636, 1.497827453291400879, 7.876666173317356190 ) ) ;
#1077 = CARTESIAN_POINT ( 'NONE',  ( -0.1912500000077516915, 2.487657972366322578, 0.1674308549284724279 ) ) ;
#1078 = CARTESIAN_POINT ( 'NONE',  ( 1.105875672974064861, -6.739435519199968560E-15, 4.962500000000003020 ) ) ;
#1079 = CARTESIAN_POINT ( 'NONE',  ( 1.082531754730552631, -0.6250000000000097700, 5.600000000000001421 ) ) ;
#1080 = ORIENTED_EDGE ( 'NONE', *, *, #2733, .T. ) ;
#1081 = EDGE_CURVE ( 'NONE', #2838, #3951, #2406, .T. ) ;
#1082 = CARTESIAN_POINT ( 'NONE',  ( 0.000000000000000000, 0.9577164262227572111, -1.874999999999998668 ) ) ;
#1083 = DIRECTION ( 'NONE',  ( 0.000000000000000000, 1.000000000000000000, 9.875224244405043999E-17 ) ) ;
#1084 = CARTESIAN_POINT ( 'NONE',  ( 0.8294067547305484789, -0.4788582131113831575, 4.868750000000003020 ) ) ;
#1085 = CARTESIAN_POINT ( 'NONE',  ( -1.471500672974070056, -6.446186024270533869E-15, 5.398437500000002665 ) ) ;
#1086 = EDGE_LOOP ( 'NONE', ( #3384, #1323, #4492, #3931, #3615, #825, #2636, #3565, #2091, #1541, #3644, #4140, #1604, #1065, #2470, #2922, #3660, #1665, #1052, #4099 ) ) ;
#1087 = CARTESIAN_POINT ( 'NONE',  ( 0.7216878364870349394, -1.250000000000012434, 4.156250000000004441 ) ) ;
#1088 = CARTESIAN_POINT ( 'NONE',  ( 1.103625504730554319, -0.6371784822407287052, -3.585937499999998668 ) ) ;
#1089 = CARTESIAN_POINT ( 'NONE',  ( -0.8294067547305488119, -0.4788582131113825469, 6.575000000000003730 ) ) ;
#1090 = CARTESIAN_POINT ( 'NONE',  ( -0.8294067547305487009, 0.4788582131113697238, 5.993750000000002132 ) ) ;
#1091 = CARTESIAN_POINT ( 'NONE',  ( -0.7357503364870368046, -1.274356964481449861, -2.320312499999997335 ) ) ;
#1092 = B_SPLINE_CURVE_WITH_KNOTS ( 'NONE', 3,
 ( #2173, #2313, #3804, #1246, #502, #1980, #1603, #2724 ),
 .UNSPECIFIED., .F., .F.,
 ( 4, 2, 2, 4 ),
 ( 0.0002272936175608550140, 0.001312383105340146627, 0.001854927849229792095, 0.002397472593119437563 ),
 .UNSPECIFIED. ) ;
#1093 = CARTESIAN_POINT ( 'NONE',  ( 0.7216878364870360496, 1.249999999999998446, 7.512500000000001066 ) ) ;
#1094 = CARTESIAN_POINT ( 'NONE',  ( -0.7357503364870353613, -1.274356964481448307, 4.095312500000003908 ) ) ;
#1095 = CARTESIAN_POINT ( 'NONE',  ( 0.5529378364870390916, 0.9577164262227569891, -1.462499999999998579 ) ) ;
#1096 = CARTESIAN_POINT ( 'NONE',  ( 1.082531754730552631, -0.6250000000000097700, 5.543750000000003730 ) ) ;
#1097 = CARTESIAN_POINT ( 'NONE',  ( 0.000000000000000000, -4.888054128802905021E-16, -0.2249999999999999500 ) ) ;
#1098 = CARTESIAN_POINT ( 'NONE',  ( 0.000000000000000000, -4.888054128802905021E-16, -0.2249999999999999500 ) ) ;
#1099 = CARTESIAN_POINT ( 'NONE',  ( -1.082531754730552853, 0.6249999999999963363, 3.968750000000005329 ) ) ;
#1100 = CARTESIAN_POINT ( 'NONE',  ( -1.105875672974064861, -6.468574098567446112E-15, 6.087500000000003020 ) ) ;
#1101 = DIRECTION ( 'NONE',  ( 0.000000000000000000, 1.000000000000000000, 0.000000000000000000 ) ) ;
#1102 = EDGE_LOOP ( 'NONE', ( #4429, #4669, #1127, #948 ) ) ;
#1103 = CARTESIAN_POINT ( 'NONE',  ( 0.5529378364870383145, -0.9577164262227690905, -1.556249999999997913 ) ) ;
#1104 = CARTESIAN_POINT ( 'NONE',  ( -1.172864355864535983E-16, -0.9577164262227588765, 5.243750000000003020 ) ) ;
#1105 = CARTESIAN_POINT ( 'NONE',  ( -1.103625504730552542, 0.6371784822407147164, 4.910937500000001954 ) ) ;
#1106 = EDGE_CURVE ( 'NONE', #333, #1384, #2161, .T. ) ;
#1107 = EDGE_LOOP ( 'NONE', ( #3923, #1735, #710, #674 ) ) ;
#1108 = AXIS2_PLACEMENT_3D ( 'NONE', #190, #4187, #2779 ) ;
#1109 = CARTESIAN_POINT ( 'NONE',  ( 0.8294067547305576937, -0.4788582131113877094, -1.518749999999998046 ) ) ;
#1110 = CARTESIAN_POINT ( 'NONE',  ( 2.345728711729071966E-16, 0.9577164262227458869, 7.325000000000003730 ) ) ;
#1111 = CARTESIAN_POINT ( 'NONE',  ( 0.8294067547305576937, -0.4788582131113877094, -1.068749999999998090 ) ) ;
#1112 = CARTESIAN_POINT ( 'NONE',  ( -0.8294067547305488119, -0.4788582131113825469, 7.475000000000003197 ) ) ;
#1113 = CARTESIAN_POINT ( 'NONE',  ( 0.8294067547305484789, -0.4788582131113831575, 6.218750000000001776 ) ) ;
#1114 = ADVANCED_FACE ( 'NONE', ( #4119 ), #43, .F. ) ;
#1115 = CARTESIAN_POINT ( 'NONE',  ( 1.103625504730554319, -0.6371784822407285942, -1.307812499999997824 ) ) ;
#1116 = CARTESIAN_POINT ( 'NONE',  ( 0.000000000000000000, -2.734144733198826856E-15, 8.000000000000000000 ) ) ;
#1117 = CARTESIAN_POINT ( 'NONE',  ( 0.7357503364870356943, 1.274356964481434984, 4.770312500000004619 ) ) ;
#1118 = CARTESIAN_POINT ( 'NONE',  ( 0.000000000000000000, 0.9577164262227572111, -3.168749999999997957 ) ) ;
#1119 = AXIS2_PLACEMENT_3D ( 'NONE', #1720, #296, #3648 ) ;
#1120 = CARTESIAN_POINT ( 'NONE',  ( -1.530808498934197980E-16, -1.250000000000011990, 5.918750000000004619 ) ) ;
#1121 = CALENDAR_DATE ( 2026, 8, 1 ) ;
#1122 = CARTESIAN_POINT ( 'NONE',  ( 2.345728711729071966E-16, 0.9577164262227458869, 3.668750000000002842 ) ) ;
#1123 = CARTESIAN_POINT ( 'NONE',  ( -1.239390704687025391, 0.1533241317661078462, 7.659390704685010043 ) ) ;
#1124 = CARTESIAN_POINT ( 'NONE',  ( 1.530808498934190338E-16, -1.249999999999999112, -3.899999999999999911 ) ) ;
#1125 = CARTESIAN_POINT ( 'NONE',  ( -0.8294067547305487009, 0.4788582131113697238, 4.700000000000003730 ) ) ;
#1126 = CARTESIAN_POINT ( 'NONE',  ( -0.1912500000000017519, -2.487657972370800774, -6.873863542433758411 ) ) ;
#1127 = ORIENTED_EDGE ( 'NONE', *, *, #2471, .T. ) ;
#1128 = CARTESIAN_POINT ( 'NONE',  ( 0.000000000000000000, 0.9577164262227572111, -1.818749999999997868 ) ) ;
#1129 = CARTESIAN_POINT ( 'NONE',  ( 3.061616997868395960E-16, 1.249999999999998890, 6.593750000000005329 ) ) ;
#1130 = CARTESIAN_POINT ( 'NONE',  ( 0.5529378364870320972, -0.9577164262227589875, 4.831250000000002487 ) ) ;
#1131 = CARTESIAN_POINT ( 'NONE',  ( -1.560637177523335658E-16, -1.274356964481448751, 4.610937500000002132 ) ) ;
#1132 = ORIENTED_EDGE ( 'NONE', *, *, #4641, .T. ) ;
#1133 = VECTOR ( 'NONE', #2385, 1000.000000000000000 ) ;
#1134 = CARTESIAN_POINT ( 'NONE',  ( -2.249999999999999112, 1.078201627711622201, 7.832569145069296468 ) ) ;
#1135 = CARTESIAN_POINT ( 'NONE',  ( -1.172864355864535983E-16, -0.9577164262227588765, 3.500000000000003997 ) ) ;
#1136 = CARTESIAN_POINT ( 'NONE',  ( -0.8294067547305580268, -0.4788582131113870433, -0.7687499999999981570 ) ) ;
#1137 =( BOUNDED_CURVE ( )  B_SPLINE_CURVE ( 2, ( #1149, #1951, #3318, #2215, #2628, #2286, #3415 ),
 .UNSPECIFIED., .F., .F. ) 
 B_SPLINE_CURVE_WITH_KNOTS ( ( 3, 2, 2, 3 ),
 ( 0.5512820512820513219, 0.5641025641025640969, 0.5769230769230768718, 0.5897435897435896468 ),
 .UNSPECIFIED. ) 
 CURVE ( )  GEOMETRIC_REPRESENTATION_ITEM ( )  RATIONAL_B_SPLINE_CURVE ( ( 1.000000000000000000, 0.8660254037844387076, 1.000000000000000000, 0.8660254037844387076, 1.000000000000000000, 0.8660254037844387076, 1.000000000000000000 ) ) 
 REPRESENTATION_ITEM ( '' )  );
#1138 = CARTESIAN_POINT ( 'NONE',  ( 0.8294067547305484789, -0.4788582131113831575, 7.625000000000003553 ) ) ;
#1139 = CARTESIAN_POINT ( 'NONE',  ( -0.5529378364870326523, -0.9577164262227586544, 6.556250000000003020 ) ) ;
#1140 = EDGE_LOOP ( 'NONE', ( #243, #1322, #2801, #4384 ) ) ;
#1141 = CARTESIAN_POINT ( 'NONE',  ( -1.103625504730554763, -0.6371784822407277060, -1.007812499999997780 ) ) ;
#1142 = EDGE_CURVE ( 'NONE', #3712, #4266, #1451, .T. ) ;
#1143 = CARTESIAN_POINT ( 'NONE',  ( 0.000000000000000000, -1.258909218984051749E-16, -3.899999999999999911 ) ) ;
#1144 = CARTESIAN_POINT ( 'NONE',  ( 3.121274355046670330E-16, 1.274356964481435650, 3.907812500000004352 ) ) ;
#1145 = CARTESIAN_POINT ( 'NONE',  ( -0.5529378364870388696, -0.9577164262227688685, -3.431249999999997691 ) ) ;
#1146 = CARTESIAN_POINT ( 'NONE',  ( -0.5529378364870388696, -0.9577164262227686464, -0.7874999999999987566 ) ) ;
#1147 = CARTESIAN_POINT ( 'NONE',  ( -1.172864355864535983E-16, -0.9577164262227588765, 4.793750000000002842 ) ) ;
#1148 = CARTESIAN_POINT ( 'NONE',  ( 1.083148262507981130, 0.3086213851855071910, 7.535784210116208470 ) ) ;
#1149 = CARTESIAN_POINT ( 'NONE',  ( -1.530808498934198227E-16, -1.250000000000011990, 5.975000000000001421 ) ) ;
#1150 = CARTESIAN_POINT ( 'NONE',  ( -0.6710041598264171459, -0.6833550837979863735, -3.899999999999999911 ) ) ;
#1151 = DIRECTION ( 'NONE',  ( -0.000000000000000000, 9.875224244405043999E-17, -1.000000000000000000 ) ) ;
#1152 = ORIENTED_EDGE ( 'NONE', *, *, #2267, .F. ) ;
#1153 = CARTESIAN_POINT ( 'NONE',  ( -1.105875672974077295, -5.741016182348247469E-15, -2.156249999999997335 ) ) ;
#1154 = CARTESIAN_POINT ( 'NONE',  ( -1.082531754730552853, 0.6249999999999963363, 6.668750000000004619 ) ) ;
#1155 = B_SPLINE_CURVE_WITH_KNOTS ( 'NONE', 3,
 ( #4503, #1582, #3056, #2002, #2630, #886, #4134, #2337, #4184, #3443, #1200, #2363 ),
 .UNSPECIFIED., .F., .F.,
 ( 4, 2, 2, 2, 2, 4 ),
 ( 0.002811933361771179387, 0.003517934683560431687, 0.003870935344455057620, 0.004223936005349684421, 0.004929937327138937155, 0.005635938648928190756 ),
 .UNSPECIFIED. ) ;
#1156 = CARTESIAN_POINT ( 'NONE',  ( -0.8294067547305487009, 0.4788582131113697238, 5.543750000000002842 ) ) ;
#1157 = CARTESIAN_POINT ( 'NONE',  ( -0.7357503364870353613, -1.274356964481448529, 5.473437500000001066 ) ) ;
#1158 = ORIENTED_EDGE ( 'NONE', *, *, #2775, .F. ) ;
#1159 = CARTESIAN_POINT ( 'NONE',  ( 0.5529378364870382034, -0.9577164262227693126, -1.556249999999997469 ) ) ;
#1160 = CARTESIAN_POINT ( 'NONE',  ( 2.205000000000000071, -4.627517788746202135E-15, 0.000000000000000000 ) ) ;
#1161 = CARTESIAN_POINT ( 'NONE',  ( -0.8294067547305580268, -0.4788582131113870988, -1.668749999999997957 ) ) ;
#1162 = ADVANCED_FACE ( 'NONE', ( #3813 ), #2810, .T. ) ;
#1163 = CARTESIAN_POINT ( 'NONE',  ( 0.8294067547305484789, -0.4788582131113831575, 6.275000000000003020 ) ) ;
#1164 = CARTESIAN_POINT ( 'NONE',  ( -1.172864355864535983E-16, -0.9577164262227588765, 7.043750000000001954 ) ) ;
#1165 = ORIENTED_EDGE ( 'NONE', *, *, #2624, .T. ) ;
#1166 = CARTESIAN_POINT ( 'NONE',  ( -1.560637177523338370E-16, -1.274356964481450083, -1.382812499999997780 ) ) ;
#1167 = B_SPLINE_CURVE_WITH_KNOTS ( 'NONE', 3,
 ( #178, #1216, #517, #1619 ),
 .UNSPECIFIED., .F., .F.,
 ( 4, 4 ),
 ( 0.000000000000000000, 0.0007480589644918451270 ),
 .UNSPECIFIED. ) ;
#1168 =( BOUNDED_CURVE ( )  B_SPLINE_CURVE ( 2, ( #2649, #1874, #2214, #2285, #1460, #3682, #4478 ),
 .UNSPECIFIED., .F., .T. ) 
 B_SPLINE_CURVE_WITH_KNOTS ( ( 3, 2, 2, 3 ),
 ( 0.7307692307692307265, 0.7435897435897436125, 0.7564102564102563875, 0.7692307692307692735 ),
 .UNSPECIFIED. ) 
 CURVE ( )  GEOMETRIC_REPRESENTATION_ITEM ( )  RATIONAL_B_SPLINE_CURVE ( ( 1.000000000000000000, 0.8660254037844387076, 1.000000000000000000, 0.8660254037844387076, 1.000000000000000000, 0.8660254037844387076, 1.000000000000000000 ) ) 
 REPRESENTATION_ITEM ( '' )  );
#1169 = CARTESIAN_POINT ( 'NONE',  ( -0.007345923926326576071, 0.9579128238699733400, -0.4681255733765128380 ) ) ;
#1170 = CARTESIAN_POINT ( 'NONE',  ( 0.7357503364870344731, -1.274356964481448751, 3.270312500000003730 ) ) ;
#1171 = CARTESIAN_POINT ( 'NONE',  ( 0.000000000000000000, 1.249999999999998668, -3.450000000000000178 ) ) ;
#1172 = EDGE_CURVE ( 'NONE', #2364, #89, #973, .T. ) ;
#1173 = CARTESIAN_POINT ( 'NONE',  ( 0.1305309167426114692, 0.9577164262227458869, 3.209897450843759437 ) ) ;
#1174 = CARTESIAN_POINT ( 'NONE',  ( -1.204469909617504442, 0.3067006220150489404, 7.653446895991663723 ) ) ;
#1175 = CARTESIAN_POINT ( 'NONE',  ( 1.097476768095393185, 0.09896134406236276049, -3.848842057113418313 ) ) ;
#1176 = CARTESIAN_POINT ( 'NONE',  ( 1.033261059863180398, 0.2003619351635771983, -0.5174613036320507842 ) ) ;
#1177 = CARTESIAN_POINT ( 'NONE',  ( 1.530808498934191324E-16, -1.250000000000000222, -0.6367499999999950422 ) ) ;
#1178 = ORIENTED_EDGE ( 'NONE', *, *, #2651, .F. ) ;
#1179 = CARTESIAN_POINT ( 'NONE',  ( 1.105875672974077295, -6.108318538413626843E-15, -3.731249999999998401 ) ) ;
#1180 = CARTESIAN_POINT ( 'NONE',  ( 3.061616997868395960E-16, 1.249999999999998890, 6.143750000000003375 ) ) ;
#1181 = CARTESIAN_POINT ( 'NONE',  ( -0.5529378364870326523, -0.9577164262227586544, 4.756250000000002309 ) ) ;
#1182 = CARTESIAN_POINT ( 'NONE',  ( 3.121274355046671316E-16, 1.274356964481435872, 3.485937500000002132 ) ) ;
#1183 = ORIENTED_EDGE ( 'NONE', *, *, #3317, .F. ) ;
#1184 = CARTESIAN_POINT ( 'NONE',  ( 0.000000000000000000, 0.9577164262227573222, -0.9187499999999981792 ) ) ;
#1185 = CARTESIAN_POINT ( 'NONE',  ( -1.105875672974064861, -6.468574098567446901E-15, 5.187500000000001776 ) ) ;
#1186 = CARTESIAN_POINT ( 'NONE',  ( -0.8294067547305488119, -0.4788582131113825469, 6.125000000000003553 ) ) ;
#1187 = CARTESIAN_POINT ( 'NONE',  ( 0.5529378364870329854, 0.9577164262227455538, 4.981250000000002842 ) ) ;
#1188 = ORIENTED_EDGE ( 'NONE', *, *, #3180, .T. ) ;
#1189 = CARTESIAN_POINT ( 'NONE',  ( 0.8294067547305582488, 0.4788582131113749973, -3.299999999999998490 ) ) ;
#1190 = AXIS2_PLACEMENT_3D ( 'NONE', #1098, #4033, #734 ) ;
#1191 = DIRECTION ( 'NONE',  ( -0.000000000000000000, 9.875224244405043999E-17, -1.000000000000000000 ) ) ;
#1192 = CARTESIAN_POINT ( 'NONE',  ( 0.5529378364870320972, -0.9577164262227589875, 8.487500000000004263 ) ) ;
#1193 = CARTESIAN_POINT ( 'NONE',  ( 0.000000000000000000, 0.9577164262227572111, -2.718749999999998224 ) ) ;
#1194 = CARTESIAN_POINT ( 'NONE',  ( -0.8294067547305580268, -0.4788582131113870433, -0.8249999999999989564 ) ) ;
#1195 =( BOUNDED_CURVE ( )  B_SPLINE_CURVE ( 2, ( #1266, #1997, #905, #4252, #3461, #4543, #3536 ),
 .UNSPECIFIED., .F., .T. ) 
 B_SPLINE_CURVE_WITH_KNOTS ( ( 3, 2, 2, 3 ),
 ( 0.1282051282051281937, 0.1410256410256409687, 0.1538461538461538547, 0.1666666666666666297 ),
 .UNSPECIFIED. ) 
 CURVE ( )  GEOMETRIC_REPRESENTATION_ITEM ( )  RATIONAL_B_SPLINE_CURVE ( ( 1.000000000000000000, 0.8660254037844387076, 1.000000000000000000, 0.8660254037844387076, 1.000000000000000000, 0.8660254037844387076, 1.000000000000000000 ) ) 
 REPRESENTATION_ITEM ( '' )  );
#1196 = CARTESIAN_POINT ( 'NONE',  ( 1.443375672974069657, -6.077319666310208799E-15, -2.212500000000000355 ) ) ;
#1197 = CARTESIAN_POINT ( 'NONE',  ( -1.245245190529010504, -1.638366380100897078E-11, 7.665245190529011765 ) ) ;
#1198 = CARTESIAN_POINT ( 'NONE',  ( 0.4648101538280696166, 1.050915785321672624, -3.800470270981986864 ) ) ;
#1199 = CARTESIAN_POINT ( 'NONE',  ( 0.8294067547305490340, 0.4788582131113688911, 3.200000000000003286 ) ) ;
#1200 = CARTESIAN_POINT ( 'NONE',  ( -1.039449341753382550, -0.7189182238904295863, -3.683764888199280829 ) ) ;
#1201 = ORIENTED_EDGE ( 'NONE', *, *, #1811, .F. ) ;
#1202 = CARTESIAN_POINT ( 'NONE',  ( -1.105875672974077295, -5.768570735329061930E-15, -2.606249999999997957 ) ) ;
#1203 = DIRECTION ( 'NONE',  ( 0.000000000000000000, 1.000000000000000000, 0.000000000000000000 ) ) ;
#1204 = ADVANCED_FACE ( 'NONE', ( #1989 ), #2312, .F. ) ;
#1205 = EDGE_CURVE ( 'NONE', #89, #3344, #1073, .T. ) ;
#1206 = CARTESIAN_POINT ( 'NONE',  ( 1.443375672974070545, -6.801433263406804649E-15, 5.187500000000000888 ) ) ;
#1207 = CARTESIAN_POINT ( 'NONE',  ( 3.121274355046671316E-16, 1.274356964481435872, 3.035937500000001954 ) ) ;
#1208 = VERTEX_POINT ( 'NONE', #1606 ) ;
#1209 = CARTESIAN_POINT ( 'NONE',  ( -0.5529378364870384255, 0.9577164262227573222, -1.331249999999997824 ) ) ;
#1210 = CARTESIAN_POINT ( 'NONE',  ( -0.5529378364870323193, 0.9577164262227461089, 4.212500000000003908 ) ) ;
#1211 = CARTESIAN_POINT ( 'NONE',  ( -0.5529378364870322082, 0.9577164262227458869, 5.562500000000003553 ) ) ;
#1212 = CARTESIAN_POINT ( 'NONE',  ( -0.5529378364870322082, 0.9577164262227458869, 4.606250000000001954 ) ) ;
#1213 = ORIENTED_EDGE ( 'NONE', *, *, #1320, .T. ) ;
#1214 = CARTESIAN_POINT ( 'NONE',  ( -0.7052107147799887565, -1.061444073270876531, -0.5250212487816373619 ) ) ;
#1215 = VECTOR ( 'NONE', #4061, 1000.000000000000000 ) ;
#1216 = CARTESIAN_POINT ( 'NONE',  ( -0.4927757009516914311, -0.8583622508475156065, -3.899999999999999911 ) ) ;
#1217 = CARTESIAN_POINT ( 'NONE',  ( -0.5529378364870326523, -0.9577164262227586544, 7.512500000000002842 ) ) ;
#1218 = CARTESIAN_POINT ( 'NONE',  ( 0.000000000000000000, 1.249999999999998668, -2.943749999999996536 ) ) ;
#1219 = CARTESIAN_POINT ( 'NONE',  ( -1.443375672974070545, -6.447908183831835661E-15, 5.806250000000004796 ) ) ;
#1220 = CARTESIAN_POINT ( 'NONE',  ( 0.000000000000000000, -1.258909218984051749E-16, -3.899999999999999911 ) ) ;
#1221 = CARTESIAN_POINT ( 'NONE',  ( -2.249999999999999112, 1.078201627711622201, 7.832569145069296468 ) ) ;
#1222 = CARTESIAN_POINT ( 'NONE',  ( -1.443375672974070545, -6.447908183831835661E-15, 3.556250000000004796 ) ) ;
#1223 = CARTESIAN_POINT ( 'NONE',  ( 0.000000000000000000, -6.505213034913026604E-16, -0.2249999999999998945 ) ) ;
#1224 = CARTESIAN_POINT ( 'NONE',  ( 1.443375672974069213, -6.018766241225973137E-15, -1.256249999999996092 ) ) ;
#1225 = VERTEX_POINT ( 'NONE', #4574 ) ;
#1226 = CARTESIAN_POINT ( 'NONE',  ( 0.8294067547305582488, 0.4788582131113751084, -0.9937499999999981348 ) ) ;
#1227 = DIRECTION ( 'NONE',  ( -0.000000000000000000, 9.875224244405043999E-17, -1.000000000000000000 ) ) ;
#1228 = DIRECTION ( 'NONE',  ( 1.000000000000000000, 0.000000000000000000, 0.000000000000000000 ) ) ;
#1229 = CARTESIAN_POINT ( 'NONE',  ( -1.172864355864535983E-16, -0.9577164262227588765, 2.993750000000002576 ) ) ;
#1230 = CARTESIAN_POINT ( 'NONE',  ( -0.7357503364870353613, -1.274356964481448529, 3.673437500000002132 ) ) ;
#1231 = ORIENTED_EDGE ( 'NONE', *, *, #4269, .T. ) ;
#1232 = EDGE_CURVE ( 'NONE', #2845, #964, #3613, .T. ) ;
#1233 = CARTESIAN_POINT ( 'NONE',  ( -0.5529378364870388696, -0.9577164262227687574, -3.487499999999998046 ) ) ;
#1234 = CARTESIAN_POINT ( 'NONE',  ( -0.8294067547305487009, 0.4788582131113697238, 4.700000000000003730 ) ) ;
#1235 = CARTESIAN_POINT ( 'NONE',  ( 0.8294067547305490340, 0.4788582131113688911, 4.100000000000004086 ) ) ;
#1236 = CARTESIAN_POINT ( 'NONE',  ( -0.5529378364870326523, -0.9577164262227586544, 5.206250000000001599 ) ) ;
#1237 = ORIENTED_EDGE ( 'NONE', *, *, #2712, .F. ) ;
#1238 = CARTESIAN_POINT ( 'NONE',  ( 0.8294067547305576937, -0.4788582131113877649, -2.024999999999998579 ) ) ;
#1239 = CARTESIAN_POINT ( 'NONE',  ( -1.082531754730552853, 0.6249999999999963363, 7.625000000000000888 ) ) ;
#1240 = CARTESIAN_POINT ( 'NONE',  ( 1.105875672974064861, -6.739435519199968560E-15, 7.212500000000003020 ) ) ;
#1241 = PLANE ( 'NONE',  #1356 ) ;
#1242 = CARTESIAN_POINT ( 'NONE',  ( 0.7216878364870344953, -1.250000000000010436, -1.387500000000000400 ) ) ;
#1243 = CARTESIAN_POINT ( 'NONE',  ( -1.443375672974069657, -5.737571863225645464E-15, -2.437500000000000444 ) ) ;
#1244 = CARTESIAN_POINT ( 'NONE',  ( 1.471500672974069834, -6.806599742090707656E-15, 7.845312500000003908 ) ) ;
#1245 = DIRECTION ( 'NONE',  ( 0.000000000000000000, 1.000000000000000000, 0.000000000000000000 ) ) ;
#1246 = CARTESIAN_POINT ( 'NONE',  ( -0.9687711178739729645, 2.038755945665639668, 7.974126031989507979 ) ) ;
#1247 = ORIENTED_EDGE ( 'NONE', *, *, #3412, .T. ) ;
#1248 = CARTESIAN_POINT ( 'NONE',  ( 1.905686749927788748, -1.497827453291404209, 0.1233338266826477514 ) ) ;
#1249 = CYLINDRICAL_SURFACE ( 'NONE', #1108, 1.250000000000000444 ) ;
#1250 = CARTESIAN_POINT ( 'NONE',  ( -0.7357503364870361384, 1.274356964481438759, -2.048437499999999023 ) ) ;
#1251 = CARTESIAN_POINT ( 'NONE',  ( -0.9029987968020416478, -0.8467177558213357935, 7.645173050004645532 ) ) ;
#1252 = CARTESIAN_POINT ( 'NONE',  ( -0.8294067547305487009, 0.4788582131113697238, 3.293750000000002398 ) ) ;
#1253 = CARTESIAN_POINT ( 'NONE',  ( -0.1912500000077532736, -2.487657972366325687, 7.832569145071530237 ) ) ;
#1254 = ORIENTED_EDGE ( 'NONE', *, *, #2250, .F. ) ;
#1255 = CARTESIAN_POINT ( 'NONE',  ( -0.5529378364870384255, 0.9577164262227572111, -3.637499999999998401 ) ) ;
#1256 = CARTESIAN_POINT ( 'NONE',  ( 0.000000000000000000, 1.249999999999998668, -3.000000000000000888 ) ) ;
#1257 = EDGE_CURVE ( 'NONE', #4504, #404, #2447, .T. ) ;
#1258 = CARTESIAN_POINT ( 'NONE',  ( -0.5529378364870326523, -0.9577164262227586544, 4.812500000000004441 ) ) ;
#1259 = CARTESIAN_POINT ( 'NONE',  ( -0.8294067547305488119, -0.4788582131113825469, 5.618750000000002132 ) ) ;
#1260 = EDGE_LOOP ( 'NONE', ( #1468, #4752, #4768, #4409 ) ) ;
#1261 = CARTESIAN_POINT ( 'NONE',  ( 0.000000000000000000, 0.9577164262227573222, -0.5249999999999985789 ) ) ;
#1262 = CARTESIAN_POINT ( 'NONE',  ( -2.249999999999998668, -1.144185005067753780, 7.816106350270121794 ) ) ;
#1263 = ADVANCED_FACE ( 'NONE', ( #4376 ), #2933, .F. ) ;
#1264 = EDGE_CURVE ( 'NONE', #2707, #489, #398, .T. ) ;
#1265 = CARTESIAN_POINT ( 'NONE',  ( -0.5529378364870322082, 0.9577164262227458869, 7.362500000000003375 ) ) ;
#1266 = CARTESIAN_POINT ( 'NONE',  ( 3.061616997868396453E-16, 1.249999999999998890, 3.500000000000001332 ) ) ;
#1267 = CARTESIAN_POINT ( 'NONE',  ( -1.103625504730554763, -0.6371784822407279281, -4.157812499999997691 ) ) ;
#1268 = CYLINDRICAL_SURFACE ( 'NONE', #3588, 1.249999999999998890 ) ;
#1269 = CARTESIAN_POINT ( 'NONE',  ( -2.249999999999999112, 3.679549628130195016E-14, 7.974019237887008948 ) ) ;
#1270 = CARTESIAN_POINT ( 'NONE',  ( 0.1801128708934288392, -0.9668091514755573490, -3.899999999999998579 ) ) ;
#1271 = CARTESIAN_POINT ( 'NONE',  ( -0.5529378364870326523, -0.9577164262227586544, 8.356250000000002842 ) ) ;
#1272 = COORDINATED_UNIVERSAL_TIME_OFFSET ( 6, 0, .BEHIND. ) ;
#1273 = EDGE_LOOP ( 'NONE', ( #739, #629, #188, #4225 ) ) ;
#1274 = VECTOR ( 'NONE', #2074, 1000.000000000000000 ) ;
#1275 = CARTESIAN_POINT ( 'NONE',  ( -1.172864355864549048E-16, -0.9577164262227688685, -1.143749999999998046 ) ) ;
#1276 = CARTESIAN_POINT ( 'NONE',  ( -1.530808498934197980E-16, -1.250000000000011990, 7.268750000000004263 ) ) ;
#1277 = CARTESIAN_POINT ( 'NONE',  ( -1.560637177523338370E-16, -1.274356964481450083, -1.410937499999999067 ) ) ;
#1278 = CARTESIAN_POINT ( 'NONE',  ( 0.7216878364870349394, -1.250000000000012434, 5.956250000000006040 ) ) ;
#1279 = CARTESIAN_POINT ( 'NONE',  ( 0.5529378364870390916, 0.9577164262227568781, -3.712499999999998135 ) ) ;
#1280 = CARTESIAN_POINT ( 'NONE',  ( 3.061616997868395960E-16, 1.249999999999998890, 7.493750000000004796 ) ) ;
#1281 = ORIENTED_EDGE ( 'NONE', *, *, #1790, .T. ) ;
#1282 = CARTESIAN_POINT ( 'NONE',  ( -0.8294067547305580268, -0.4788582131113871543, -3.524999999999998579 ) ) ;
#1283 = CARTESIAN_POINT ( 'NONE',  ( 0.9617776763923888694, 0.3012667748373613619, 3.200000000000005063 ) ) ;
#1284 = CARTESIAN_POINT ( 'NONE',  ( -0.8294067547305488119, -0.4788582131113825469, 3.875000000000003553 ) ) ;
#1285 = CARTESIAN_POINT ( 'NONE',  ( -0.5529378364870326523, -0.9577164262227586544, 3.856250000000002842 ) ) ;
#1286 = EDGE_LOOP ( 'NONE', ( #794, #2938, #2655, #3357 ) ) ;
#1287 = CARTESIAN_POINT ( 'NONE',  ( 0.5529378364870383145, -0.9577164262227690905, -1.612499999999998490 ) ) ;
#1288 = CARTESIAN_POINT ( 'NONE',  ( -0.7216878364870350504, 1.249999999999999112, 7.587500000000001243 ) ) ;
#1289 = CARTESIAN_POINT ( 'NONE',  ( -0.8294067547305488119, -0.4788582131113825469, 7.925000000000003375 ) ) ;
#1290 = CARTESIAN_POINT ( 'NONE',  ( -6.694488900862983897E-16, 2.598076211353313791, -6.873863542433758411 ) ) ;
#1291 = VECTOR ( 'NONE', #3611, 1000.000000000000000 ) ;
#1292 = DIRECTION ( 'NONE',  ( -0.000000000000000000, 9.875224244405043999E-17, -1.000000000000000000 ) ) ;
#1293 = EDGE_CURVE ( 'NONE', #2707, #170, #2893, .T. ) ;
#1294 = CARTESIAN_POINT ( 'NONE',  ( -8.958943018007894305E-12, 1.143016786888946923, -3.781983213111049569 ) ) ;
#1295 = CARTESIAN_POINT ( 'NONE',  ( -1.530808498934197241E-16, -1.250000000000010214, -2.268749999999996270 ) ) ;
#1296 = CARTESIAN_POINT ( 'NONE',  ( 1.026950521335497246, -0.3533566734894882377, -0.5369564605668114554 ) ) ;
#1297 =( BOUNDED_CURVE ( )  B_SPLINE_CURVE ( 2, ( #1120, #1947, #1898, #1219, #782, #3410, #2258 ),
 .UNSPECIFIED., .F., .T. ) 
 B_SPLINE_CURVE_WITH_KNOTS ( ( 3, 2, 2, 3 ),
 ( 0.5000000000000000000, 0.5128205128205127750, 0.5256410256410256610, 0.5384615384615384359 ),
 .UNSPECIFIED. ) 
 CURVE ( )  GEOMETRIC_REPRESENTATION_ITEM ( )  RATIONAL_B_SPLINE_CURVE ( ( 1.000000000000000000, 0.8660254037844387076, 1.000000000000000000, 0.8660254037844387076, 1.000000000000000000, 0.8660254037844387076, 1.000000000000000000 ) ) 
 REPRESENTATION_ITEM ( '' )  );
#1298 = DATE_AND_TIME ( #2487, #752 ) ;
#1299 = SECURITY_CLASSIFICATION ( '', '', #4693 ) ;
#1300 = ORIENTED_EDGE ( 'NONE', *, *, #559, .T. ) ;
#1301 = CARTESIAN_POINT ( 'NONE',  ( 1.105875672974077295, -5.942991220528733762E-15, -1.031249999999998002 ) ) ;
#1302 = CARTESIAN_POINT ( 'NONE',  ( 1.082531754730552631, -0.6250000000000097700, 3.293750000000005063 ) ) ;
#1303 = CARTESIAN_POINT ( 'NONE',  ( 1.103625504730554319, -0.6371784822407287052, -2.235937499999999023 ) ) ;
#1304 = CARTESIAN_POINT ( 'NONE',  ( -0.8422767770016802436, -0.7224473138990168408, -3.822680917888589658 ) ) ;
#1305 = CARTESIAN_POINT ( 'NONE',  ( 0.8294067547305576937, -0.4788582131113877649, -2.024999999999998579 ) ) ;
#1306 = CARTESIAN_POINT ( 'NONE',  ( 0.1340913449730349871, -2.520658537237137065, 7.816101921067743596 ) ) ;
#1307 = ORIENTED_EDGE ( 'NONE', *, *, #4641, .F. ) ;
#1308 = CARTESIAN_POINT ( 'NONE',  ( -0.5529378364870388696, -0.9577164262227687574, -3.037499999999998757 ) ) ;
#1309 = CARTESIAN_POINT ( 'NONE',  ( -1.082531754730552187, 0.6249999999999966693, -1.068749999999996314 ) ) ;
#1310 = CARTESIAN_POINT ( 'NONE',  ( 0.8294067547305490340, 0.4788582131113688911, 3.650000000000003908 ) ) ;
#1311 = CARTESIAN_POINT ( 'NONE',  ( -0.7357503364870353613, -1.274356964481448529, 8.173437500000002132 ) ) ;
#1312 = VERTEX_POINT ( 'NONE', #351 ) ;
#1313 = CARTESIAN_POINT ( 'NONE',  ( -0.8294067547305579158, 0.4788582131113759410, -0.8999999999999989120 ) ) ;
#1314 = ADVANCED_FACE ( 'NONE', ( #4032 ), #1824, .F. ) ;
#1315 = CARTESIAN_POINT ( 'NONE',  ( -0.8294067547305579158, 0.4788582131113757190, -3.993749999999997247 ) ) ;
#1316 = DIRECTION ( 'NONE',  ( 0.000000000000000000, 0.000000000000000000, 1.000000000000000000 ) ) ;
#1317 = CARTESIAN_POINT ( 'NONE',  ( 2.249999999999998668, -1.078201627711626642, -6.873863542433758411 ) ) ;
#1318 = CARTESIAN_POINT ( 'NONE',  ( 1.082531754730553519, 0.6249999999999953371, 4.268750000000005151 ) ) ;
#1319 = CARTESIAN_POINT ( 'NONE',  ( 1.082531754730551965, -0.6250000000000086597, -2.643749999999996270 ) ) ;
#1320 = EDGE_CURVE ( 'NONE', #3210, #2838, #3800, .T. ) ;
#1321 = CARTESIAN_POINT ( 'NONE',  ( 0.2754612241799827554, -1.113661457127487875, -0.5726350070677695969 ) ) ;
#1322 = ORIENTED_EDGE ( 'NONE', *, *, #1172, .F. ) ;
#1323 = ORIENTED_EDGE ( 'NONE', *, *, #1058, .T. ) ;
#1324 = CARTESIAN_POINT ( 'NONE',  ( 1.443375672974070545, -6.801433263406804649E-15, 6.537500000000000533 ) ) ;
#1325 =( BOUNDED_CURVE ( )  B_SPLINE_CURVE ( 2, ( #523, #1242, #3438, #3849, #131, #2720, #3776 ),
 .UNSPECIFIED., .F., .T. ) 
 B_SPLINE_CURVE_WITH_KNOTS ( ( 3, 2, 2, 3 ),
 ( 0.6111111111111111605, 0.6296296296296296502, 0.6481481481481481399, 0.6666666666666666297 ),
 .UNSPECIFIED. ) 
 CURVE ( )  GEOMETRIC_REPRESENTATION_ITEM ( )  RATIONAL_B_SPLINE_CURVE ( ( 1.000000000000000000, 0.8660254037844387076, 1.000000000000000000, 0.8660254037844387076, 1.000000000000000000, 0.8660254037844387076, 1.000000000000000000 ) ) 
 REPRESENTATION_ITEM ( '' )  );
#1326 = CARTESIAN_POINT ( 'NONE',  ( -1.103625504730554541, 0.6371784822407164928, -2.460937499999998668 ) ) ;
#1327 = DIRECTION ( 'NONE',  ( -0.7071067811865487940, 8.659560562354948882E-17, 0.7071067811865463515 ) ) ;
#1328 = CARTESIAN_POINT ( 'NONE',  ( 1.105875672974077073, -6.001544645612967057E-15, -1.987499999999998712 ) ) ;
#1329 = FACE_OUTER_BOUND ( 'NONE', #1992, .T. ) ;
#1330 = EDGE_LOOP ( 'NONE', ( #2689, #2271, #814, #1689, #2003, #1642 ) ) ;
#1331 = CARTESIAN_POINT ( 'NONE',  ( 0.5529378364870390916, 0.9577164262227568781, -3.262499999999998401 ) ) ;
#1332 = LINE ( 'NONE', #2811, #3579 ) ;
#1333 = CARTESIAN_POINT ( 'NONE',  ( -0.5529378364870326523, -0.9577164262227586544, 7.006250000000002309 ) ) ;
#1334 = CARTESIAN_POINT ( 'NONE',  ( 1.103625504730552320, -0.6371784822407282611, 6.935937500000002309 ) ) ;
#1335 = ORIENTED_EDGE ( 'NONE', *, *, #644, .F. ) ;
#1336 = CARTESIAN_POINT ( 'NONE',  ( 0.8294067547305576937, -0.4788582131113877649, -2.474999999999998757 ) ) ;
#1337 = CARTESIAN_POINT ( 'NONE',  ( 0.5529378364870383145, -0.9577164262227690905, -2.456249999999998046 ) ) ;
#1338 = CARTESIAN_POINT ( 'NONE',  ( 1.443375672974070545, -6.801433263406804649E-15, 7.381250000000004974 ) ) ;
#1339 = CARTESIAN_POINT ( 'NONE',  ( -1.082531754730552853, 0.6249999999999963363, 4.025000000000001243 ) ) ;
#1340 = CYLINDRICAL_SURFACE ( 'NONE', #4662, 1.249999999999998890 ) ;
#1341 = CARTESIAN_POINT ( 'NONE',  ( -0.7357503364870348062, 1.274356964481435428, 7.545312500000004086 ) ) ;
#1342 = DIRECTION ( 'NONE',  ( -0.000000000000000000, 9.875224244405043999E-17, -1.000000000000000000 ) ) ;
#1343 = CARTESIAN_POINT ( 'NONE',  ( -0.8757865865275955564, -0.8919068644529902778, -3.674999999999999378 ) ) ;
#1344 = VERTEX_POINT ( 'NONE', #1294 ) ;
#1345 = CARTESIAN_POINT ( 'NONE',  ( -1.105875672974064861, -6.468574098567446901E-15, 6.931250000000001243 ) ) ;
#1346 = CARTESIAN_POINT ( 'NONE',  ( 1.443375672974070545, -6.801433263406804649E-15, 6.481250000000004619 ) ) ;
#1347 = CIRCLE ( 'NONE', #3889, 0.9577164262227575442 ) ;
#1348 = CARTESIAN_POINT ( 'NONE',  ( 1.103625504730555207, 0.6371784822407153825, -3.510937499999998934 ) ) ;
#1349 = CARTESIAN_POINT ( 'NONE',  ( -0.5529378364870388696, -0.9577164262227687574, -2.137499999999998845 ) ) ;
#1350 = CARTESIAN_POINT ( 'NONE',  ( -0.7216878364870350504, 1.249999999999999112, 4.437500000000001776 ) ) ;
#1351 = EDGE_LOOP ( 'NONE', ( #3883, #2886, #2111, #2814, #838, #3282, #690, #2751, #145, #3495 ) ) ;
#1352 = EDGE_CURVE ( 'NONE', #4243, #2130, #2407, .T. ) ;
#1353 = CARTESIAN_POINT ( 'NONE',  ( 0.5529378364870383145, -0.9577164262227690905, -1.612499999999998490 ) ) ;
#1354 = EDGE_CURVE ( 'NONE', #3418, #1812, #3788, .T. ) ;
#1355 = CARTESIAN_POINT ( 'NONE',  ( 0.5283505044260460304, -0.8783340733870780292, -3.899999999999999023 ) ) ;
#1356 = AXIS2_PLACEMENT_3D ( 'NONE', #1290, #3511, #2768 ) ;
#1357 = CARTESIAN_POINT ( 'NONE',  ( 1.105875672974064861, -6.739435519199968560E-15, 8.056250000000002132 ) ) ;
#1358 = CARTESIAN_POINT ( 'NONE',  ( 1.103625504730552320, -0.6371784822407282611, 7.385937500000001599 ) ) ;
#1359 = ORIENTED_EDGE ( 'NONE', *, *, #2235, .F. ) ;
#1360 = DIRECTION ( 'NONE',  ( -1.224646799147353454E-16, 1.000000000000000000, 0.000000000000000000 ) ) ;
#1361 = CYLINDRICAL_SURFACE ( 'NONE', #2439, 1.250000000000000444 ) ;
#1362 = CARTESIAN_POINT ( 'NONE',  ( 0.000000000000000000, 1.274356964481438759, -3.857812499999997424 ) ) ;
#1363 = EDGE_CURVE ( 'NONE', #4436, #3555, #4231, .T. ) ;
#1364 = APPLICATION_CONTEXT ( 'configuration controlled 3d designs of mechanical parts and assemblies' ) ;
#1365 = LINE ( 'NONE', #4326, #4505 ) ;
#1366 = CC_DESIGN_PERSON_AND_ORGANIZATION_ASSIGNMENT ( #3653, #4423, ( #4369 ) ) ;
#1367 = CARTESIAN_POINT ( 'NONE',  ( -1.560637177523335165E-16, -1.274356964481448529, 6.382812500000003553 ) ) ;
#1368 = FACE_OUTER_BOUND ( 'NONE', #3630, .T. ) ;
#1369 = VECTOR ( 'NONE', #3819, 1000.000000000000000 ) ;
#1370 = B_SPLINE_CURVE_WITH_KNOTS ( 'NONE', 3,
 ( #1956, #3859, #2058, #2031 ),
 .UNSPECIFIED., .F., .F.,
 ( 4, 4 ),
 ( 0.000000000000000000, 0.0001242457770174653037 ),
 .UNSPECIFIED. ) ;
#1371 = CARTESIAN_POINT ( 'NONE',  ( 0.8294067547305490340, 0.4788582131113688911, 4.943750000000003197 ) ) ;
#1372 = FACE_OUTER_BOUND ( 'NONE', #4404, .T. ) ;
#1373 = CARTESIAN_POINT ( 'NONE',  ( -0.4985920424764235803, -2.310213961413749573, 0.08771028900139959950 ) ) ;
#1374 = APPROVAL_PERSON_ORGANIZATION ( #2026, #4425, #2052 ) ;
#1375 = CARTESIAN_POINT ( 'NONE',  ( -0.8294067547305580268, -0.4788582131113870988, -1.274999999999998801 ) ) ;
#1376 = CARTESIAN_POINT ( 'NONE',  ( -1.530808498934197241E-16, -1.250000000000010658, -3.618749999999995914 ) ) ;
#1377 = ORIENTED_EDGE ( 'NONE', *, *, #2117, .F. ) ;
#1378 = CARTESIAN_POINT ( 'NONE',  ( -0.8294067547305579158, 0.4788582131113759410, -0.8999999999999989120 ) ) ;
#1379 = CARTESIAN_POINT ( 'NONE',  ( 0.000000000000000000, 1.249999999999998668, -3.393749999999996270 ) ) ;
#1380 = CARTESIAN_POINT ( 'NONE',  ( -0.5529378364870326523, -0.9577164262227586544, 6.556250000000003020 ) ) ;
#1381 = CARTESIAN_POINT ( 'NONE',  ( 0.8294067547305484789, -0.4788582131113831575, 3.068750000000002753 ) ) ;
#1382 = B_SPLINE_CURVE_WITH_KNOTS ( 'NONE', 3,
 ( #1725, #4306, #2437, #4259, #3202, #1704, #2388, #2119 ),
 .UNSPECIFIED., .F., .F.,
 ( 4, 2, 2, 4 ),
 ( 0.0002272936175608555832, 0.001312383105340145326, 0.001854927849229789927, 0.002397472593119434961 ),
 .UNSPECIFIED. ) ;
#1383 = ADVANCED_FACE ( 'NONE', ( #1600 ), #1268, .T. ) ;
#1384 = VERTEX_POINT ( 'NONE', #3078 ) ;
#1385 = CARTESIAN_POINT ( 'NONE',  ( 0.000000000000000000, 0.9577164262227571001, -3.618749999999997691 ) ) ;
#1386 = DIRECTION ( 'NONE',  ( 1.000000000000000000, 0.000000000000000000, 0.000000000000000000 ) ) ;
#1387 = CARTESIAN_POINT ( 'NONE',  ( 1.103625504730555207, 0.6371784822407154936, -2.132812499999997335 ) ) ;
#1388 = CARTESIAN_POINT ( 'NONE',  ( -0.06687076361143914904, 2.538958566004964279, 7.807193742990291341 ) ) ;
#1389 = CARTESIAN_POINT ( 'NONE',  ( 1.103625504730552098, -0.6371784822407281501, 6.907812500000003908 ) ) ;
#1390 = ORIENTED_EDGE ( 'NONE', *, *, #786, .F. ) ;
#1391 = CARTESIAN_POINT ( 'NONE',  ( -0.8849636414586168343, 0.8828019898574670510, -0.6367499999999947091 ) ) ;
#1392 = CARTESIAN_POINT ( 'NONE',  ( 0.8294067547305490340, 0.4788582131113688911, 7.193750000000002309 ) ) ;
#1393 = CARTESIAN_POINT ( 'NONE',  ( 1.082531754730552631, -0.6250000000000097700, 5.093750000000005329 ) ) ;
#1394 = DIRECTION ( 'NONE',  ( 0.000000000000000000, 1.000000000000000000, 0.000000000000000000 ) ) ;
#1395 = CARTESIAN_POINT ( 'NONE',  ( 0.8294067547305490340, 0.4788582131113688911, 5.450000000000003730 ) ) ;
#1396 = CARTESIAN_POINT ( 'NONE',  ( 0.5529378364870390916, 0.9577164262227569891, -1.012499999999998623 ) ) ;
#1397 = CARTESIAN_POINT ( 'NONE',  ( 0.000000000000000000, 1.249999999999998890, -2.043749999999996181 ) ) ;
#1398 = VERTEX_POINT ( 'NONE', #158 ) ;
#1399 = CARTESIAN_POINT ( 'NONE',  ( 0.8294067547305582488, 0.4788582131113751084, -1.049999999999998934 ) ) ;
#1400 = DIRECTION ( 'NONE',  ( -0.000000000000000000, 9.875224244405043999E-17, -1.000000000000000000 ) ) ;
#1401 = CARTESIAN_POINT ( 'NONE',  ( 0.8294067547305490340, 0.4788582131113688911, 8.543750000000002842 ) ) ;
#1402 = CARTESIAN_POINT ( 'NONE',  ( -1.172864355864535983E-16, -0.9577164262227588765, 2.993750000000002576 ) ) ;
#1403 = ORIENTED_EDGE ( 'NONE', *, *, #4018, .F. ) ;
#1404 = CARTESIAN_POINT ( 'NONE',  ( -1.105875672974064861, -6.468574098567446901E-15, 6.087500000000003020 ) ) ;
#1405 = CARTESIAN_POINT ( 'NONE',  ( -1.249937498436453520, -0.01250000004220803984, -0.6367499999990497983 ) ) ;
#1406 = CARTESIAN_POINT ( 'NONE',  ( 0.000000000000000000, 0.9577164262227571001, -0.4679999999999999716 ) ) ;
#1407 = CARTESIAN_POINT ( 'NONE',  ( -1.103625504730554763, -0.6371784822407278170, -2.807812499999997602 ) ) ;
#1408 = EDGE_CURVE ( 'NONE', #608, #1727, #4430, .T. ) ;
#1409 = EDGE_CURVE ( 'NONE', #2174, #1884, #1623, .T. ) ;
#1410 = CARTESIAN_POINT ( 'NONE',  ( 0.1912500000000071088, -2.487657972370796333, 7.832569145069300021 ) ) ;
#1411 = CARTESIAN_POINT ( 'NONE',  ( -1.471500672974069834, -6.446186024270533869E-15, 7.620312500000003375 ) ) ;
#1412 = EDGE_LOOP ( 'NONE', ( #2519, #2660, #3226, #3962 ) ) ;
#1413 = SHAPE_DEFINITION_REPRESENTATION ( #2177, #1726 ) ;
#1414 = ORIENTED_EDGE ( 'NONE', *, *, #2478, .F. ) ;
#1415 = CARTESIAN_POINT ( 'NONE',  ( 0.8294067547305484789, -0.4788582131113831575, 5.768750000000003375 ) ) ;
#1416 = FACE_OUTER_BOUND ( 'NONE', #3862, .T. ) ;
#1417 = CARTESIAN_POINT ( 'NONE',  ( -1.103625504730554763, -0.6371784822407277060, -0.5859374999999992228 ) ) ;
#1418 = CARTESIAN_POINT ( 'NONE',  ( 1.105875672974064861, -6.739435519199968560E-15, 6.312500000000003553 ) ) ;
#1419 = CARTESIAN_POINT ( 'NONE',  ( -1.530808498934198227E-16, -1.250000000000011990, 7.325000000000001066 ) ) ;
#1420 = ORIENTED_EDGE ( 'NONE', *, *, #1580, .T. ) ;
#1421 = AXIS2_PLACEMENT_3D ( 'NONE', #59, #3391, #1532 ) ;
#1422 = CARTESIAN_POINT ( 'NONE',  ( 0.8294067547305582488, 0.4788582131113751084, -1.499999999999998668 ) ) ;
#1423 = CARTESIAN_POINT ( 'NONE',  ( -0.3140475691895603383, -1.137068251346574854, -0.5901500209371260963 ) ) ;
#1424 = CARTESIAN_POINT ( 'NONE',  ( 0.5529378364870329854, 0.9577164262227455538, 8.581250000000002487 ) ) ;
#1425 = CARTESIAN_POINT ( 'NONE',  ( 0.7357503364870344731, -1.274356964481448973, 4.648437500000001776 ) ) ;
#1426 = ORIENTED_EDGE ( 'NONE', *, *, #3061, .F. ) ;
#1427 =( BOUNDED_CURVE ( )  B_SPLINE_CURVE ( 2, ( #4011, #1037, #3638, #715, #2513, #2538, #2194 ),
 .UNSPECIFIED., .F., .F. ) 
 B_SPLINE_CURVE_WITH_KNOTS ( ( 3, 2, 2, 3 ),
 ( 0.1666666666666666297, 0.1794871794871795156, 0.1923076923076922906, 0.2051282051282050656 ),
 .UNSPECIFIED. ) 
 CURVE ( )  GEOMETRIC_REPRESENTATION_ITEM ( )  RATIONAL_B_SPLINE_CURVE ( ( 1.000000000000000000, 0.8660254037844387076, 1.000000000000000000, 0.8660254037844387076, 1.000000000000000000, 0.8660254037844387076, 1.000000000000000000 ) ) 
 REPRESENTATION_ITEM ( '' )  );
#1428 = CARTESIAN_POINT ( 'NONE',  ( 1.105875672974064861, -6.739435519199968560E-15, 6.762500000000002842 ) ) ;
#1429 = AXIS2_PLACEMENT_3D ( 'NONE', #3176, #3101, #2693 ) ;
#1430 = CARTESIAN_POINT ( 'NONE',  ( 0.8294067547305582488, 0.4788582131113750529, -1.893749999999997824 ) ) ;
#1431 = CARTESIAN_POINT ( 'NONE',  ( 2.345728711729071966E-16, 0.9577164262227458869, 8.225000000000003197 ) ) ;
#1432 = CARTESIAN_POINT ( 'NONE',  ( 0.5529378364870320972, -0.9577164262227589875, 7.981250000000002842 ) ) ;
#1433 = CARTESIAN_POINT ( 'NONE',  ( -1.471500672974072721, -5.705711911341577707E-15, -1.945312499999997558 ) ) ;
#1434 = CARTESIAN_POINT ( 'NONE',  ( -1.082531754730553075, -0.6250000000000088818, 4.943750000000004974 ) ) ;
#1435 = CARTESIAN_POINT ( 'NONE',  ( 1.103625504730552098, -0.6371784822407281501, 7.357812500000004086 ) ) ;
#1436 = EDGE_CURVE ( 'NONE', #418, #652, #275, .T. ) ;
#1437 = ORIENTED_EDGE ( 'NONE', *, *, #1943, .T. ) ;
#1438 = CARTESIAN_POINT ( 'NONE',  ( -0.5529378364870323193, 0.9577164262227461089, 6.406250000000001776 ) ) ;
#1439 = CARTESIAN_POINT ( 'NONE',  ( 0.7216878364870360496, 1.249999999999998446, 6.556250000000005684 ) ) ;
#1440 = CARTESIAN_POINT ( 'NONE',  ( -1.103625504730554763, -0.6371784822407277060, -1.035937499999999067 ) ) ;
#1441 = CARTESIAN_POINT ( 'NONE',  ( -0.5529378364870326523, -0.9577164262227586544, 5.262500000000003730 ) ) ;
#1442 = DIRECTION ( 'NONE',  ( 0.000000000000000000, 1.000000000000000000, 1.132070143937708118E-16 ) ) ;
#1443 = B_SPLINE_CURVE_WITH_KNOTS ( 'NONE', 3,
 ( #2466, #4671, #3926, #3635, #1729, #1777, #2828, #2554 ),
 .UNSPECIFIED., .F., .F.,
 ( 4, 2, 2, 4 ),
 ( 1.084202172485504434E-19, 0.0002210527742266955962, 0.0004421055484533910839, 0.0008842110969067824931 ),
 .UNSPECIFIED. ) ;
#1444 = AXIS2_PLACEMENT_3D ( 'NONE', #3209, #970, #2395 ) ;
#1445 = ORIENTED_EDGE ( 'NONE', *, *, #642, .T. ) ;
#1446 = CARTESIAN_POINT ( 'NONE',  ( -0.5529378364870388696, -0.9577164262227686464, -1.237499999999998490 ) ) ;
#1447 = CARTESIAN_POINT ( 'NONE',  ( -1.443375672974070545, -6.447908183831835661E-15, 5.356250000000005507 ) ) ;
#1448 = CARTESIAN_POINT ( 'NONE',  ( -0.5529378364870326523, -0.9577164262227586544, 4.306250000000002132 ) ) ;
#1449 = CARTESIAN_POINT ( 'NONE',  ( -0.7357503364870353613, -1.274356964481448529, 4.123437500000002309 ) ) ;
#1450 = ORIENTED_EDGE ( 'NONE', *, *, #1081, .F. ) ;
#1451 =( BOUNDED_CURVE ( )  B_SPLINE_CURVE ( 2, ( #795, #3738, #172, #3906, #3453, #4166, #2345 ),
 .UNSPECIFIED., .F., .T. ) 
 B_SPLINE_CURVE_WITH_KNOTS ( ( 3, 2, 2, 3 ),
 ( 0.4444444444444444753, 0.4629629629629630205, 0.4814814814814814548, 0.5000000000000000000 ),
 .UNSPECIFIED. ) 
 CURVE ( )  GEOMETRIC_REPRESENTATION_ITEM ( )  RATIONAL_B_SPLINE_CURVE ( ( 0.9999999999999995559, 0.8660254037844391517, 1.000000000000000000, 0.8660254037844387076, 1.000000000000000000, 0.8660254037844387076, 1.000000000000000000 ) ) 
 REPRESENTATION_ITEM ( '' )  );
#1452 = CARTESIAN_POINT ( 'NONE',  ( -0.5529378364870323193, 0.9577164262227461089, 5.562500000000003553 ) ) ;
#1453 = CARTESIAN_POINT ( 'NONE',  ( -1.560637177523338370E-16, -1.274356964481450305, -3.660937499999998845 ) ) ;
#1454 = CARTESIAN_POINT ( 'NONE',  ( 0.8294067547305484789, -0.4788582131113831575, 6.725000000000003197 ) ) ;
#1455 = CARTESIAN_POINT ( 'NONE',  ( -0.5529378364870326523, -0.9577164262227586544, 6.106250000000002842 ) ) ;
#1456 = CARTESIAN_POINT ( 'NONE',  ( 0.7357503364870370266, 1.274356964481438315, -1.645312499999997513 ) ) ;
#1457 = CARTESIAN_POINT ( 'NONE',  ( 1.082531754730553519, 0.6249999999999953371, 7.475000000000000533 ) ) ;
#1458 = CARTESIAN_POINT ( 'NONE',  ( 3.121274355046670330E-16, 1.274356964481435650, 4.357812500000004086 ) ) ;
#1459 = CARTESIAN_POINT ( 'NONE',  ( 0.5529378364870329854, 0.9577164262227455538, 3.631250000000002753 ) ) ;
#1460 = CARTESIAN_POINT ( 'NONE',  ( -1.082531754730552853, 0.6249999999999963363, 4.418750000000005507 ) ) ;
#1461 = ADVANCED_FACE ( 'NONE', ( #1649 ), #882, .T. ) ;
#1462 = CARTESIAN_POINT ( 'NONE',  ( 0.000000000000000000, 1.274356964481438759, -0.7359374999999991340 ) ) ;
#1463 = CARTESIAN_POINT ( 'NONE',  ( 0.8294067547305490340, 0.4788582131113688911, 6.350000000000003197 ) ) ;
#1464 = ORIENTED_EDGE ( 'NONE', *, *, #2804, .F. ) ;
#1465 = CARTESIAN_POINT ( 'NONE',  ( -0.5529378364870388696, -0.9577164262227687574, -2.531249999999997780 ) ) ;
#1466 = CARTESIAN_POINT ( 'NONE',  ( -0.5529378364870322082, 0.9577164262227458869, 6.406250000000001776 ) ) ;
#1467 = CARTESIAN_POINT ( 'NONE',  ( -1.103625504730552542, 0.6371784822407147164, 6.260937500000001599 ) ) ;
#1468 = ORIENTED_EDGE ( 'NONE', *, *, #2975, .F. ) ;
#1469 = CARTESIAN_POINT ( 'NONE',  ( 0.8294067547305576937, -0.4788582131113877094, -1.068749999999998090 ) ) ;
#1470 = CARTESIAN_POINT ( 'NONE',  ( 1.082531754730552631, -0.6250000000000097700, 4.193750000000004974 ) ) ;
#1471 = CARTESIAN_POINT ( 'NONE',  ( -0.8294067547305579158, 0.4788582131113758855, -1.293749999999997957 ) ) ;
#1472 =( BOUNDED_CURVE ( )  B_SPLINE_CURVE ( 2, ( #2257, #2646, #2980, #757, #4056, #3409, #3723, #4027, #82, #2573, #3006, #1550, #4103, #1145, #3747, #3026, #2621, #4421, #4496, #3677, #1118, #806, #2233, #449, #472, #3388, #4473, #4, #2282, #3700, #1869, #1924, #1193, #2953, #2671, #1504, #4127, #831, #2306, #1845, #3774, #3337, #3313, #1478, #3049, #4449, #4519, #55, #2211, #781, #423, #1897, #3361, #1749, #3428, #2945, #2320, #2247, #2298, #3789, #485, #438, #1960, #1159, #1109, #1860, #1886, #19, #3041, #1209, #1913, #3762, #2273, #413, #2637, #462, #1469, #1937, #4069, #4511, #1184, #3693, #3018, #4437, #2587, #4045, #2685, #3401, #747, #2225, #388, #4142, #3378, #4412, #3329 ),
 .UNSPECIFIED., .F., .T. ) 
 B_SPLINE_CURVE_WITH_KNOTS ( ( 3, 2, 2, 2, 2, 2, 2, 2, 2, 2, 2, 2, 2, 2, 2, 2, 2, 2, 2, 2, 2, 2, 2, 2, 2, 2, 2, 2, 2, 2, 2, 2, 2, 2, 2, 2, 2, 2, 2, 2, 2, 2, 2, 2, 2, 2, 2, 3 ),
 ( 0.04486365547049320224, 0.05947500486676642051, 0.07930000648902180149, 0.09912500811127716860, 0.1189500097335325357, 0.1387750113557879028, 0.1586000129780432699, 0.1784250146002986648, 0.1982500162225540041, 0.2180750178448093990, 0.2379000194670647661, 0.2577250210893201610, 0.2775500227115754726, 0.2973750243338309507, 0.3172000259560862623, 0.3370250275783416294, 0.3568500292005969410, 0.3766750308228524191, 0.3965000324451077307, 0.4163250340673631533, 0.4361500356896184649, 0.4559750373118739430, 0.4758000389341292546, 0.4956250405563846217, 0.5154500421786398778, 0.5352750438008953004, 0.5551000454231507231, 0.5749250470454061457, 0.5947500486676615683, 0.6145750502899168799, 0.6344000519121721915, 0.6542250535344277251, 0.6740500551566829257, 0.6938750567789383483, 0.7137000584011937709, 0.7335250600234490825, 0.7533500616457045052, 0.7731750632679599278, 0.7930000648902151283, 0.8128250665124706620, 0.8326500681347259736, 0.8524750697569812852, 0.8723000713792367078, 0.8921250730014921304, 0.9119500746237475530, 0.9317750762460027536, 0.9516000778682581762, 0.9518278956334156327 ),
 .UNSPECIFIED. ) 
 CURVE ( )  GEOMETRIC_REPRESENTATION_ITEM ( )  RATIONAL_B_SPLINE_CURVE ( ( 0.9480652107226166248, 0.9012585384440694458, 1.000000000000000000, 0.8660254037844387076, 1.000000000000000000, 0.8660254037844387076, 1.000000000000000000, 0.8660254037844387076, 1.000000000000000000, 0.8660254037844387076, 1.000000000000000000, 0.8660254037844387076, 1.000000000000000000, 0.8660254037844387076, 1.000000000000000000, 0.8660254037844387076, 1.000000000000000000, 0.8660254037844387076, 1.000000000000000000, 0.8660254037844387076, 1.000000000000000000, 0.8660254037844387076, 1.000000000000000000, 0.8660254037844387076, 1.000000000000000000, 0.8660254037844387076, 1.000000000000000000, 0.8660254037844387076, 1.000000000000000000, 0.8660254037844387076, 1.000000000000000000, 0.8660254037844387076, 1.000000000000000000, 0.8660254037844387076, 1.000000000000000000, 0.8660254037844387076, 1.000000000000000000, 0.8660254037844387076, 1.000000000000000000, 0.8660254037844387076, 1.000000000000000000, 0.8660254037844387076, 1.000000000000000000, 0.8660254037844387076, 1.000000000000000000, 0.8660254037844387076, 1.000000000000000000, 0.8660254037844387076, 1.000000000000000000, 0.8660254037844387076, 1.000000000000000000, 0.8660254037844387076, 1.000000000000000000, 0.8660254037844387076, 1.000000000000000000, 0.8660254037844387076, 1.000000000000000000, 0.8660254037844387076, 1.000000000000000000, 0.8660254037844387076, 1.000000000000000000, 0.8660254037844387076, 1.000000000000000000, 0.8660254037844387076, 1.000000000000000000, 0.8660254037844387076, 1.000000000000000000, 0.8660254037844387076, 1.000000000000000000, 0.8660254037844387076, 1.000000000000000000, 0.8660254037844387076, 1.000000000000000000, 0.8660254037844387076, 1.000000000000000000, 0.8660254037844387076, 1.000000000000000000, 0.8660254037844387076, 1.000000000000000000, 0.8660254037844387076, 1.000000000000000000, 0.8660254037844387076, 1.000000000000000000, 0.8660254037844387076, 1.000000000000000000, 0.8660254037844387076, 1.000000000000000000, 0.8660254037844387076, 1.000000000000000000, 0.8660254037844387076, 1.000000000000000000, 0.8660254037844387076, 1.000000000000000000, 0.9984604393139902001, 0.9969562621584833195 ) ) 
 REPRESENTATION_ITEM ( '' )  );
#1473 = CARTESIAN_POINT ( 'NONE',  ( -0.5529378364870322082, 0.9577164262227458869, 6.012500000000003730 ) ) ;
#1474 = CARTESIAN_POINT ( 'NONE',  ( -1.172864355864535983E-16, -0.9577164262227588765, 5.693750000000002309 ) ) ;
#1475 = CARTESIAN_POINT ( 'NONE',  ( 0.5529378364870383145, -0.9577164262227693126, -3.412499999999998757 ) ) ;
#1476 = CARTESIAN_POINT ( 'NONE',  ( 0.000000000000000000, -1.258909218984051749E-16, -3.899999999999999911 ) ) ;
#1477 = CARTESIAN_POINT ( 'NONE',  ( -1.103625504730552542, -0.6371784822407272619, 4.957812500000003730 ) ) ;
#1478 = CARTESIAN_POINT ( 'NONE',  ( 0.5529378364870390916, 0.9577164262227568781, -2.306249999999998135 ) ) ;
#1479 = CARTESIAN_POINT ( 'NONE',  ( -0.6780353727866319513, 0.6763791734722345295, -0.4680000000000000271 ) ) ;
#1480 = COORDINATED_UNIVERSAL_TIME_OFFSET ( 6, 0, .BEHIND. ) ;
#1481 = CARTESIAN_POINT ( 'NONE',  ( 0.8294067547305490340, 0.4788582131113688911, 4.043750000000002842 ) ) ;
#1482 = FACE_OUTER_BOUND ( 'NONE', #1351, .T. ) ;
#1483 = CARTESIAN_POINT ( 'NONE',  ( 2.249999999999998668, 0.7258267716362963862, 7.911844824867579895 ) ) ;
#1484 = CARTESIAN_POINT ( 'NONE',  ( 2.345728711729071966E-16, 0.9577164262227458869, 4.625000000000003553 ) ) ;
#1485 = CARTESIAN_POINT ( 'NONE',  ( -1.082531754730552853, 0.6249999999999963363, 7.175000000000000711 ) ) ;
#1486 = VERTEX_POINT ( 'NONE', #2048 ) ;
#1487 = CARTESIAN_POINT ( 'NONE',  ( 0.8294067547305576937, -0.4788582131113878204, -3.318749999999997868 ) ) ;
#1488 = CYLINDRICAL_SURFACE ( 'NONE', #109, 1.249999999999998890 ) ;
#1489 = CARTESIAN_POINT ( 'NONE',  ( -0.8294067547305488119, -0.4788582131113825469, 4.268750000000002487 ) ) ;
#1490 = CARTESIAN_POINT ( 'NONE',  ( 1.471500672974070056, -6.806599742090707656E-15, 4.723437500000001954 ) ) ;
#1491 = ORIENTED_EDGE ( 'NONE', *, *, #4411, .T. ) ;
#1492 = VECTOR ( 'NONE', #1227, 1000.000000000000000 ) ;
#1493 = EDGE_CURVE ( 'NONE', #461, #3712, #335, .T. ) ;
#1494 = EDGE_CURVE ( 'NONE', #2509, #3484, #1325, .T. ) ;
#1495 = CARTESIAN_POINT ( 'NONE',  ( -2.232237999122127281, 1.211567502944515873, 7.807193742990294005 ) ) ;
#1496 = CARTESIAN_POINT ( 'NONE',  ( 0.5529378364870329854, 0.9577164262227455538, 4.587500000000003020 ) ) ;
#1497 = CARTESIAN_POINT ( 'NONE',  ( -1.105875672974077295, -5.685907076386615390E-15, -1.256249999999997646 ) ) ;
#1498 = CARTESIAN_POINT ( 'NONE',  ( -0.8294067547305487009, 0.4788582131113697238, 7.850000000000003197 ) ) ;
#1499 = CARTESIAN_POINT ( 'NONE',  ( -0.8294067547305488119, -0.4788582131113825469, 7.418750000000002842 ) ) ;
#1500 = ORIENTED_EDGE ( 'NONE', *, *, #1232, .T. ) ;
#1501 = CARTESIAN_POINT ( 'NONE',  ( 0.5529378364870390916, 0.9577164262227568781, -3.262499999999998401 ) ) ;
#1502 = CARTESIAN_POINT ( 'NONE',  ( 3.061616997868396453E-16, 1.249999999999998890, 7.550000000000000711 ) ) ;
#1503 = CARTESIAN_POINT ( 'NONE',  ( 1.103625504730552098, -0.6371784822407281501, 5.107812500000004974 ) ) ;
#1504 = CARTESIAN_POINT ( 'NONE',  ( -1.105875672974077073, -5.768570735329062719E-15, -2.606249999999997957 ) ) ;
#1505 = AXIS2_PLACEMENT_3D ( 'NONE', #4153, #2383, #1576 ) ;
#1506 = CARTESIAN_POINT ( 'NONE',  ( 0.8294067547305484789, -0.4788582131113831575, 3.518750000000002931 ) ) ;
#1507 = CARTESIAN_POINT ( 'NONE',  ( -0.2101020984950339732, 1.172724464227788976, 7.601447239469788286 ) ) ;
#1508 = CARTESIAN_POINT ( 'NONE',  ( 0.000000000000000000, 1.249999999999998890, -2.043749999999996181 ) ) ;
#1509 = CARTESIAN_POINT ( 'NONE',  ( -1.172864355864535983E-16, -0.9577164262227588765, 3.950000000000003730 ) ) ;
#1510 = CARTESIAN_POINT ( 'NONE',  ( 1.082531754730551965, -0.6250000000000085487, -1.293749999999996181 ) ) ;
#1511 = ORIENTED_EDGE ( 'NONE', *, *, #3213, .T. ) ;
#1512 = CARTESIAN_POINT ( 'NONE',  ( 0.5529378364870390916, 0.9577164262227569891, -2.756249999999997424 ) ) ;
#1513 = DIRECTION ( 'NONE',  ( -0.000000000000000000, 9.875224244405043999E-17, -1.000000000000000000 ) ) ;
#1514 = CARTESIAN_POINT ( 'NONE',  ( 1.105875672974064861, -6.739435519199968560E-15, 5.356250000000002842 ) ) ;
#1515 = CARTESIAN_POINT ( 'NONE',  ( -0.7357503364870353613, -1.274356964481448529, 5.923437500000001243 ) ) ;
#1516 = ORIENTED_EDGE ( 'NONE', *, *, #1553, .T. ) ;
#1517 = AXIS2_PLACEMENT_3D ( 'NONE', #4037, #403, #2217 ) ;
#1518 = CARTESIAN_POINT ( 'NONE',  ( 0.000000000000000000, -1.258909218984051749E-16, -3.899999999999999911 ) ) ;
#1519 = CARTESIAN_POINT ( 'NONE',  ( -0.8294067547305488119, -0.4788582131113825469, 3.425000000000003375 ) ) ;
#1520 = CARTESIAN_POINT ( 'NONE',  ( 0.000000000000000000, 1.274356964481438759, -3.885937499999998934 ) ) ;
#1521 = EDGE_CURVE ( 'NONE', #248, #461, #2333, .T. ) ;
#1522 = CARTESIAN_POINT ( 'NONE',  ( 0.8294067547305490340, 0.4788582131113688911, 6.800000000000003375 ) ) ;
#1523 = CARTESIAN_POINT ( 'NONE',  ( -1.105875672974064861, -6.468574098567446112E-15, 7.381250000000003197 ) ) ;
#1524 = VERTEX_POINT ( 'NONE', #3824 ) ;
#1525 = CARTESIAN_POINT ( 'NONE',  ( 1.105875672974077295, -6.111762857536228059E-15, -3.787499999999998312 ) ) ;
#1526 = CARTESIAN_POINT ( 'NONE',  ( 2.249999999999998668, -1.078201627711648625, 7.832569145069291139 ) ) ;
#1527 = CARTESIAN_POINT ( 'NONE',  ( 1.103625504730552986, 0.6371784822407137172, 3.832812500000004619 ) ) ;
#1528 = CARTESIAN_POINT ( 'NONE',  ( -1.082531754730552853, 0.6249999999999963363, 6.725000000000001421 ) ) ;
#1529 = CARTESIAN_POINT ( 'NONE',  ( -0.1912500000000103562, -2.487657972370796333, 0.1674308549307001459 ) ) ;
#1530 =( BOUNDED_CURVE ( )  B_SPLINE_CURVE ( 2, ( #4031, #350, #4397, #2189, #1096, #3293, #2575 ),
 .UNSPECIFIED., .F., .T. ) 
 B_SPLINE_CURVE_WITH_KNOTS ( ( 3, 2, 2, 3 ),
 ( 0.5384615384615384359, 0.5512820512820513219, 0.5641025641025640969, 0.5769230769230768718 ),
 .UNSPECIFIED. ) 
 CURVE ( )  GEOMETRIC_REPRESENTATION_ITEM ( )  RATIONAL_B_SPLINE_CURVE ( ( 1.000000000000000000, 0.8660254037844387076, 1.000000000000000000, 0.8660254037844387076, 1.000000000000000000, 0.8660254037844387076, 1.000000000000000000 ) ) 
 REPRESENTATION_ITEM ( '' )  );
#1531 = CARTESIAN_POINT ( 'NONE',  ( 0.8294067547305484789, -0.4788582131113831575, 3.968750000000002665 ) ) ;
#1532 = DIRECTION ( 'NONE',  ( 0.000000000000000000, 1.000000000000000000, 0.000000000000000000 ) ) ;
#1533 = CARTESIAN_POINT ( 'NONE',  ( 2.249999999999997780, 0.9030580048387562009, 7.876267325418345955 ) ) ;
#1534 = CARTESIAN_POINT ( 'NONE',  ( 0.8522993110189657218, 0.5762382753936069468, -0.5037156192918484932 ) ) ;
#1535 = CARTESIAN_POINT ( 'NONE',  ( -1.443375672974069213, -5.679018438141411380E-15, -1.481249999999995959 ) ) ;
#1536 = VERTEX_POINT ( 'NONE', #546 ) ;
#1537 = CARTESIAN_POINT ( 'NONE',  ( 0.5529378364870383145, -0.9577164262227693126, -3.356249999999997513 ) ) ;
#1538 = CARTESIAN_POINT ( 'NONE',  ( -1.082531754730553075, -0.6250000000000088818, 6.350000000000001421 ) ) ;
#1539 = CARTESIAN_POINT ( 'NONE',  ( 0.5529378364870329854, 0.9577164262227455538, 6.331250000000002487 ) ) ;
#1540 = CARTESIAN_POINT ( 'NONE',  ( -1.082531754730553075, -0.6250000000000088818, 7.643750000000004263 ) ) ;
#1541 = ORIENTED_EDGE ( 'NONE', *, *, #2153, .F. ) ;
#1542 = CARTESIAN_POINT ( 'NONE',  ( 3.061616997868396453E-16, 1.249999999999998890, 4.400000000000001243 ) ) ;
#1543 = CARTESIAN_POINT ( 'NONE',  ( 3.061616997868396453E-16, 1.249999999999998890, 4.850000000000002309 ) ) ;
#1544 = CARTESIAN_POINT ( 'NONE',  ( 0.8294067547305490340, 0.4788582131113688911, 7.700000000000002842 ) ) ;
#1545 = CARTESIAN_POINT ( 'NONE',  ( -0.8294067547305487009, 0.4788582131113697238, 3.743750000000003020 ) ) ;
#1546 = ORIENTED_EDGE ( 'NONE', *, *, #1408, .F. ) ;
#1547 = CARTESIAN_POINT ( 'NONE',  ( 0.7357503364870359164, -1.274356964481450305, -0.8953124999999977351 ) ) ;
#1548 = CARTESIAN_POINT ( 'NONE',  ( 0.000000000000000000, 1.249999999999998668, -3.393749999999996270 ) ) ;
#1549 = CARTESIAN_POINT ( 'NONE',  ( 0.7357503364870356943, 1.274356964481434984, 3.870312500000003819 ) ) ;
#1550 = CARTESIAN_POINT ( 'NONE',  ( -1.105875672974077073, -5.823679841290693220E-15, -3.506249999999997424 ) ) ;
#1551 = PLANE ( 'NONE',  #659 ) ;
#1552 = EDGE_CURVE ( 'NONE', #924, #4171, #2785, .T. ) ;
#1553 = EDGE_CURVE ( 'NONE', #3731, #2616, #2929, .T. ) ;
#1554 = CARTESIAN_POINT ( 'NONE',  ( 0.7216878364870333851, -1.250000000000012879, -2.287500000000000533 ) ) ;
#1555 = CARTESIAN_POINT ( 'NONE',  ( 0.5370714357386155990, 1.031075187429418838, 7.572263375015510611 ) ) ;
#1556 = CARTESIAN_POINT ( 'NONE',  ( 0.7372736377010292719, -0.7654972389042778991, -3.888998823031485141 ) ) ;
#1557 = CARTESIAN_POINT ( 'NONE',  ( -1.175027591715801289, -0.4253447052128463413, 3.200000000000000178 ) ) ;
#1558 = DIRECTION ( 'NONE',  ( -0.000000000000000000, 9.875224244405043999E-17, -1.000000000000000000 ) ) ;
#1559 = ORIENTED_EDGE ( 'NONE', *, *, #2356, .F. ) ;
#1560 = CARTESIAN_POINT ( 'NONE',  ( -0.8294067547305579158, 0.4788582131113758300, -2.193749999999997868 ) ) ;
#1561 = CARTESIAN_POINT ( 'NONE',  ( -1.530808498934197241E-16, -1.250000000000010214, -2.268749999999996270 ) ) ;
#1562 = CARTESIAN_POINT ( 'NONE',  ( 0.8294067547305582488, 0.4788582131113749418, -3.749999999999998668 ) ) ;
#1563 = CARTESIAN_POINT ( 'NONE',  ( 0.7357503364870358054, 1.274356964481435206, 3.898437500000001776 ) ) ;
#1564 = ORIENTED_EDGE ( 'NONE', *, *, #4475, .T. ) ;
#1565 = CARTESIAN_POINT ( 'NONE',  ( -2.115893281016594685, 1.376464655981861407, 7.816106350272733927 ) ) ;
#1566 = CARTESIAN_POINT ( 'NONE',  ( -0.5529378364870327633, -0.9577164262227586544, 3.462500000000003908 ) ) ;
#1567 = CARTESIAN_POINT ( 'NONE',  ( 1.105875672974064861, -6.739435519199968560E-15, 5.412500000000003197 ) ) ;
#1568 = CARTESIAN_POINT ( 'NONE',  ( 0.8294067547305490340, 0.4788582131113688911, 4.943750000000003197 ) ) ;
#1569 = ORIENTED_EDGE ( 'NONE', *, *, #4205, .F. ) ;
#1570 = CARTESIAN_POINT ( 'NONE',  ( -0.7357503364870361384, 1.274356964481438759, -0.6703124999999977573 ) ) ;
#1571 = CARTESIAN_POINT ( 'NONE',  ( 0.000000000000000000, -1.481101764483165476E-16, -3.674999999999999378 ) ) ;
#1572 = CARTESIAN_POINT ( 'NONE',  ( -1.172864355864535983E-16, -0.9577164262227588765, 8.000000000000003553 ) ) ;
#1573 = CARTESIAN_POINT ( 'NONE',  ( 0.000000000000000000, 1.250000000000000222, -3.899999999999999911 ) ) ;
#1574 = CARTESIAN_POINT ( 'NONE',  ( 0.06750202539832925175, -2.538847684389570869, 0.1927518840764741448 ) ) ;
#1575 =( BOUNDED_CURVE ( )  B_SPLINE_CURVE ( 2, ( #3033, #2677, #1953, #1535, #837, #4087, #3011 ),
 .UNSPECIFIED., .F., .F. ) 
 B_SPLINE_CURVE_WITH_KNOTS ( ( 3, 2, 2, 3 ),
 ( 0.2118771209096265151, 0.2303956394281450049, 0.2489141579466634946, 0.2674326764651820953 ),
 .UNSPECIFIED. ) 
 CURVE ( )  GEOMETRIC_REPRESENTATION_ITEM ( )  RATIONAL_B_SPLINE_CURVE ( ( 1.000000000000000000, 0.8660254037844388186, 1.000000000000000000, 0.8660254037844388186, 1.000000000000000000, 0.8660254037844388186, 1.000000000000000000 ) ) 
 REPRESENTATION_ITEM ( '' )  );
#1576 = DIRECTION ( 'NONE',  ( 0.000000000000000000, 1.000000000000000000, 9.875224244405046464E-17 ) ) ;
#1577 = CARTESIAN_POINT ( 'NONE',  ( -1.082531754730552187, 0.6249999999999965583, -2.475000000000000089 ) ) ;
#1578 = CONICAL_SURFACE ( 'NONE', #2355, 2.205000000000000071, 1.047197551196600074 ) ;
#1579 = CARTESIAN_POINT ( 'NONE',  ( -1.082531754730553075, -0.6250000000000088818, 5.000000000000002665 ) ) ;
#1580 = EDGE_CURVE ( 'NONE', #716, #2631, #881, .T. ) ;
#1581 = CARTESIAN_POINT ( 'NONE',  ( -1.082531754730553075, -0.6250000000000088818, 3.200000000000001954 ) ) ;
#1582 = CARTESIAN_POINT ( 'NONE',  ( -0.2361640370348110640, 1.151524736442528285, -3.773475263555618131 ) ) ;
#1583 = VERTEX_POINT ( 'NONE', #1543 ) ;
#1584 = CARTESIAN_POINT ( 'NONE',  ( 0.5529378364870383145, -0.9577164262227689795, -0.6562499999999978906 ) ) ;
#1585 = CARTESIAN_POINT ( 'NONE',  ( -1.530808498934198227E-16, -1.250000000000011990, 5.975000000000001421 ) ) ;
#1586 = DIRECTION ( 'NONE',  ( 0.000000000000000000, 0.000000000000000000, 1.000000000000000000 ) ) ;
#1587 = CARTESIAN_POINT ( 'NONE',  ( -0.8294067547305487009, 0.4788582131113697238, 3.743750000000003020 ) ) ;
#1588 = CARTESIAN_POINT ( 'NONE',  ( 1.103625504730552320, -0.6371784822407282611, 2.885937500000002043 ) ) ;
#1589 = VERTEX_POINT ( 'NONE', #1160 ) ;
#1590 = DIRECTION ( 'NONE',  ( -0.000000000000000000, -0.000000000000000000, -1.000000000000000000 ) ) ;
#1591 = CARTESIAN_POINT ( 'NONE',  ( 1.105875672974064861, -6.739435519199968560E-15, 3.612500000000003819 ) ) ;
#1592 = CARTESIAN_POINT ( 'NONE',  ( -0.5529378364870326523, -0.9577164262227586544, 5.262500000000003730 ) ) ;
#1593 = CARTESIAN_POINT ( 'NONE',  ( -0.8294067547305488119, -0.4788582131113825469, 5.168750000000002842 ) ) ;
#1594 = VERTEX_POINT ( 'NONE', #3019 ) ;
#1595 = CARTESIAN_POINT ( 'NONE',  ( -0.5529378364870384255, 0.9577164262227572111, -2.287499999999998757 ) ) ;
#1596 = CARTESIAN_POINT ( 'NONE',  ( 2.249999999999998668, -0.7237206574589464259, 0.07898816364521299427 ) ) ;
#1597 = CARTESIAN_POINT ( 'NONE',  ( 0.5529378364870329854, 0.9577164262227455538, 6.837500000000003020 ) ) ;
#1598 = CARTESIAN_POINT ( 'NONE',  ( 0.7216878364870348284, -1.250000000000012434, 3.312500000000001776 ) ) ;
#1599 = CARTESIAN_POINT ( 'NONE',  ( -1.082531754730553075, -0.6250000000000088818, 4.100000000000001421 ) ) ;
#1600 = FACE_OUTER_BOUND ( 'NONE', #4534, .T. ) ;
#1601 = CARTESIAN_POINT ( 'NONE',  ( -0.6371738819754904082, 0.7150036343859765831, 7.377716426222748147 ) ) ;
#1602 = CYLINDRICAL_SURFACE ( 'NONE', #445, 1.250000000000000444 ) ;
#1603 = CARTESIAN_POINT ( 'NONE',  ( -0.3443132500722095313, 2.399286863738569586, 7.876666173317350861 ) ) ;
#1604 = ORIENTED_EDGE ( 'NONE', *, *, #1493, .F. ) ;
#1605 = EDGE_CURVE ( 'NONE', #1208, #2586, #3964, .T. ) ;
#1606 = CARTESIAN_POINT ( 'NONE',  ( -1.530808498934196994E-16, -1.250000000000010436, -3.225000000000000533 ) ) ;
#1607 = CARTESIAN_POINT ( 'NONE',  ( 0.7357503364870359164, -1.274356964481450305, -1.823437499999999156 ) ) ;
#1608 = CARTESIAN_POINT ( 'NONE',  ( -1.099165880508741866, 1.336351044127974736E-15, 7.519165880508745126 ) ) ;
#1609 = CARTESIAN_POINT ( 'NONE',  ( 0.8294067547305490340, 0.4788582131113688911, 4.043750000000002842 ) ) ;
#1610 = CARTESIAN_POINT ( 'NONE',  ( 0.000000000000000000, 1.249999999999998890, -2.043749999999996181 ) ) ;
#1611 = EDGE_LOOP ( 'NONE', ( #869, #1491, #1237, #1511, #76, #2224, #1464, #2389, #468, #801 ) ) ;
#1612 = EDGE_CURVE ( 'NONE', #2325, #2616, #2701, .T. ) ;
#1613 = CARTESIAN_POINT ( 'NONE',  ( -0.5529378364870388696, -0.9577164262227687574, -3.937499999999998224 ) ) ;
#1614 = EDGE_CURVE ( 'NONE', #3944, #3817, #4463, .T. ) ;
#1615 = CARTESIAN_POINT ( 'NONE',  ( 0.8294067547305484789, -0.4788582131113831575, 4.475000000000003197 ) ) ;
#1616 = CARTESIAN_POINT ( 'NONE',  ( -1.105875672974064861, -6.468574098567446112E-15, 5.581250000000002487 ) ) ;
#1617 = EDGE_LOOP ( 'NONE', ( #3108, #3719, #431, #1158 ) ) ;
#1618 = CARTESIAN_POINT ( 'NONE',  ( 0.5529378364870390916, 0.9577164262227571001, -0.5624999999999987788 ) ) ;
#1619 = CARTESIAN_POINT ( 'NONE',  ( -1.752183174247790269E-14, -0.9577164262227690905, -3.899999999999999911 ) ) ;
#1620 = CARTESIAN_POINT ( 'NONE',  ( -0.8294067547305487009, 0.4788582131113697238, 7.850000000000003197 ) ) ;
#1621 = LINE ( 'NONE', #4177, #3204 ) ;
#1622 = CARTESIAN_POINT ( 'NONE',  ( -1.082531754730552187, 0.6249999999999965583, -2.868749999999996358 ) ) ;
#1623 = LINE ( 'NONE', #570, #895 ) ;
#1624 = CARTESIAN_POINT ( 'NONE',  ( -1.530808498934198227E-16, -1.250000000000011990, 3.275000000000002132 ) ) ;
#1625 = CARTESIAN_POINT ( 'NONE',  ( -0.6780353727866319513, 0.6763791734722345295, -0.4680000000000000271 ) ) ;
#1626 = DIRECTION ( 'NONE',  ( 0.000000000000000000, 1.000000000000000000, 0.000000000000000000 ) ) ;
#1627 =( BOUNDED_CURVE ( )  B_SPLINE_CURVE ( 2, ( #3873, #3439, #910, #2696, #1679, #936, #4181 ),
 .UNSPECIFIED., .F., .T. ) 
 B_SPLINE_CURVE_WITH_KNOTS ( ( 3, 2, 2, 3 ),
 ( 0.7051282051282050656, 0.7179487179487179516, 0.7307692307692307265, 0.7435897435897436125 ),
 .UNSPECIFIED. ) 
 CURVE ( )  GEOMETRIC_REPRESENTATION_ITEM ( )  RATIONAL_B_SPLINE_CURVE ( ( 1.000000000000000000, 0.8660254037844387076, 1.000000000000000000, 0.8660254037844387076, 1.000000000000000000, 0.8660254037844387076, 1.000000000000000000 ) ) 
 REPRESENTATION_ITEM ( '' )  );
#1628 = CARTESIAN_POINT ( 'NONE',  ( 2.205000000000000071, -2.734144733198826856E-15, 8.000000000000000000 ) ) ;
#1629 = EDGE_LOOP ( 'NONE', ( #3137, #3169, #3066, #1213 ) ) ;
#1630 = CARTESIAN_POINT ( 'NONE',  ( -1.105875672974077295, -5.630797970424984889E-15, -0.3562499999999980127 ) ) ;
#1631 = CARTESIAN_POINT ( 'NONE',  ( 1.082531754730552631, -0.6250000000000097700, 3.743750000000004352 ) ) ;
#1632 = CARTESIAN_POINT ( 'NONE',  ( -1.103625504730554541, 0.6371784822407164928, -2.910937499999998401 ) ) ;
#1633 = CARTESIAN_POINT ( 'NONE',  ( -1.112241446256573951, -0.3557411779485078474, 7.574342914074430944 ) ) ;
#1634 = CARTESIAN_POINT ( 'NONE',  ( 1.105875672974064861, -6.739435519199968560E-15, 3.106250000000003286 ) ) ;
#1635 = CARTESIAN_POINT ( 'NONE',  ( 0.7357503364870344731, -1.274356964481448973, 2.848437500000001954 ) ) ;
#1636 = ORIENTED_EDGE ( 'NONE', *, *, #917, .F. ) ;
#1637 = CARTESIAN_POINT ( 'NONE',  ( -1.172864355864549048E-16, -0.9577164262227690905, -3.899999999999998579 ) ) ;
#1638 = CARTESIAN_POINT ( 'NONE',  ( 3.061616997868395960E-16, 1.249999999999998890, 4.793750000000004619 ) ) ;
#1639 = CARTESIAN_POINT ( 'NONE',  ( -0.5529378364870322082, 0.9577164262227458869, 3.762500000000003730 ) ) ;
#1640 = CARTESIAN_POINT ( 'NONE',  ( 0.8294067547305490340, 0.4788582131113688911, 4.043750000000002842 ) ) ;
#1641 = EDGE_CURVE ( 'NONE', #2053, #777, #2956, .T. ) ;
#1642 = ORIENTED_EDGE ( 'NONE', *, *, #1918, .T. ) ;
#1643 = CARTESIAN_POINT ( 'NONE',  ( -0.8294067547305579158, 0.4788582131113759410, -0.4499999999999985678 ) ) ;
#1644 = CARTESIAN_POINT ( 'NONE',  ( 2.249999999999998668, -1.078201627711823596, 0.1674308549307519933 ) ) ;
#1645 = CARTESIAN_POINT ( 'NONE',  ( 1.105875672974064861, -6.739435519199968560E-15, 8.112500000000004263 ) ) ;
#1646 = CARTESIAN_POINT ( 'NONE',  ( 1.082531754730551965, -0.6250000000000087708, -3.600000000000000977 ) ) ;
#1647 = CARTESIAN_POINT ( 'NONE',  ( 1.103625504730555207, 0.6371784822407153825, -3.932812499999997158 ) ) ;
#1648 = CONICAL_SURFACE ( 'NONE', #2272, 1.249999999999999778, 1.047197551196602294 ) ;
#1649 = FACE_OUTER_BOUND ( 'NONE', #235, .T. ) ;
#1650 = LINE ( 'NONE', #2721, #4034 ) ;
#1651 = CARTESIAN_POINT ( 'NONE',  ( 3.061616997868395960E-16, 1.249999999999998890, 3.443750000000004530 ) ) ;
#1652 = AXIS2_PLACEMENT_3D ( 'NONE', #2504, #4667, #232 ) ;
#1653 = CARTESIAN_POINT ( 'NONE',  ( -2.249999999999999112, 0.3654769523190589675, 0.03911871921060271901 ) ) ;
#1654 = APPLICATION_PROTOCOL_DEFINITION ( 'international standard', 'config_control_design', 1994, #1364 ) ;
#1655 = ORIENTED_EDGE ( 'NONE', *, *, #914, .F. ) ;
#1656 = VECTOR ( 'NONE', #3655, 1000.000000000000000 ) ;
#1657 = CARTESIAN_POINT ( 'NONE',  ( -0.8294067547305580268, -0.4788582131113870433, -0.7687499999999981570 ) ) ;
#1658 = CARTESIAN_POINT ( 'NONE',  ( -1.530808498934198227E-16, -1.250000000000011990, 6.425000000000001599 ) ) ;
#1659 =( BOUNDED_CURVE ( )  B_SPLINE_CURVE ( 2, ( #646, #4696, #2122, #1752, #1393, #4331, #3249 ),
 .UNSPECIFIED., .F., .T. ) 
 B_SPLINE_CURVE_WITH_KNOTS ( ( 3, 2, 2, 3 ),
 ( 0.6153846153846154188, 0.6282051282051281937, 0.6410256410256410797, 0.6538461538461538547 ),
 .UNSPECIFIED. ) 
 CURVE ( )  GEOMETRIC_REPRESENTATION_ITEM ( )  RATIONAL_B_SPLINE_CURVE ( ( 1.000000000000000000, 0.8660254037844387076, 1.000000000000000000, 0.8660254037844387076, 1.000000000000000000, 0.8660254037844387076, 1.000000000000000000 ) ) 
 REPRESENTATION_ITEM ( '' )  );
#1660 = EDGE_CURVE ( 'NONE', #4284, #2509, #1332, .T. ) ;
#1661 = CARTESIAN_POINT ( 'NONE',  ( -0.7357503364870368046, -1.274356964481450083, -2.798437499999999023 ) ) ;
#1662 = CARTESIAN_POINT ( 'NONE',  ( 0.000000000000000000, 1.182716426222756967, -5.318272709264754141E-17 ) ) ;
#1663 = CARTESIAN_POINT ( 'NONE',  ( -0.5529378364870322082, 0.9577164262227458869, 3.256250000000003197 ) ) ;
#1664 = CARTESIAN_POINT ( 'NONE',  ( 0.000000000000000000, -1.258909218984051749E-16, -3.899999999999999911 ) ) ;
#1665 = ORIENTED_EDGE ( 'NONE', *, *, #669, .F. ) ;
#1666 = CARTESIAN_POINT ( 'NONE',  ( -0.5529378364870384255, 0.9577164262227572111, -4.087499999999997691 ) ) ;
#1667 = CARTESIAN_POINT ( 'NONE',  ( -0.3345207091623263462, -1.204406864453023474, 3.200000000000001066 ) ) ;
#1668 = CARTESIAN_POINT ( 'NONE',  ( 2.345728711729071966E-16, 0.9577164262227458869, 5.075000000000002842 ) ) ;
#1669 = CARTESIAN_POINT ( 'NONE',  ( -0.7357503364870353613, -1.274356964481448529, 6.823437500000001599 ) ) ;
#1670 = ORIENTED_EDGE ( 'NONE', *, *, #1436, .T. ) ;
#1671 = CARTESIAN_POINT ( 'NONE',  ( -0.5529378364870384255, 0.9577164262227573222, -0.9374999999999986677 ) ) ;
#1672 = EDGE_CURVE ( 'NONE', #583, #4443, #735, .T. ) ;
#1673 = CARTESIAN_POINT ( 'NONE',  ( 2.115908655028120311, 1.376455779792170153, 7.816101921067410530 ) ) ;
#1674 = CARTESIAN_POINT ( 'NONE',  ( -1.530808498934196994E-16, -1.250000000000010436, -3.675000000000000266 ) ) ;
#1675 = CIRCLE ( 'NONE', #4129, 2.205000000000000071 ) ;
#1676 = CARTESIAN_POINT ( 'NONE',  ( 0.000000000000000000, 1.249999999999998890, -0.6937499999999959810 ) ) ;
#1678 = CARTESIAN_POINT ( 'NONE',  ( 0.8294067547305490340, 0.4788582131113688911, 7.250000000000002665 ) ) ;
#1677 = AXIS2_PLACEMENT_3D ( 'NONE', #430, #1903, #3369 ) ;
#1679 = CARTESIAN_POINT ( 'NONE',  ( 1.082531754730553519, 0.6249999999999953371, 7.025000000000001243 ) ) ;
#1680 = CARTESIAN_POINT ( 'NONE',  ( 0.000000000000000000, -4.336808689942017736E-15, 0.000000000000000000 ) ) ;
#1681 = DIRECTION ( 'NONE',  ( 0.000000000000000000, 0.000000000000000000, 1.000000000000000000 ) ) ;
#1682 = ORIENTED_EDGE ( 'NONE', *, *, #2386, .F. ) ;
#1683 = CARTESIAN_POINT ( 'NONE',  ( 0.1922569313440235517, -1.030189010475261124, 7.459131872981246580 ) ) ;
#1684 = CARTESIAN_POINT ( 'NONE',  ( 0.7216878364870360496, 1.249999999999998446, 6.612500000000002487 ) ) ;
#1685 = CARTESIAN_POINT ( 'NONE',  ( 1.471500672974072721, -6.164288724155907057E-15, -3.548437499999998579 ) ) ;
#1686 = CARTESIAN_POINT ( 'NONE',  ( -0.7685312271073216905, -0.8269720132021403103, -3.803258459366557265 ) ) ;
#1687 = CARTESIAN_POINT ( 'NONE',  ( -0.5529378364870388696, -0.9577164262227687574, -2.587499999999998579 ) ) ;
#1688 = CYLINDRICAL_SURFACE ( 'NONE', #1907, 1.250000000000000444 ) ;
#1689 = ORIENTED_EDGE ( 'NONE', *, *, #2712, .T. ) ;
#1690 = AXIS2_PLACEMENT_3D ( 'NONE', #1116, #804, #3745 ) ;
#1691 = CARTESIAN_POINT ( 'NONE',  ( -1.172864355864549048E-16, -0.9577164262227689795, -2.549999999999998490 ) ) ;
#1692 =( BOUNDED_CURVE ( )  B_SPLINE_CURVE ( 2, ( #1674, #568, #1646, #129, #4203, #3154, #3436 ),
 .UNSPECIFIED., .F., .T. ) 
 B_SPLINE_CURVE_WITH_KNOTS ( ( 3, 2, 2, 3 ),
 ( 0.05555555555555550390, 0.07407407407407402833, 0.09259259259259255970, 0.1111111111111110911 ),
 .UNSPECIFIED. ) 
 CURVE ( )  GEOMETRIC_REPRESENTATION_ITEM ( )  RATIONAL_B_SPLINE_CURVE ( ( 1.000000000000000444, 0.8660254037844383745, 1.000000000000000000, 0.8660254037844387076, 1.000000000000000000, 0.8660254037844388186, 0.9999999999999998890 ) ) 
 REPRESENTATION_ITEM ( '' )  );
#1693 = CARTESIAN_POINT ( 'NONE',  ( 0.7216878364870368268, 1.249999999999996225, -2.587500000000000799 ) ) ;
#1694 = CARTESIAN_POINT ( 'NONE',  ( 0.5529378364870320972, -0.9577164262227589875, 3.087500000000003464 ) ) ;
#1695 = CARTESIAN_POINT ( 'NONE',  ( -1.471500672974070056, -6.446186024270533869E-15, 7.648437500000001776 ) ) ;
#1696 = VERTEX_POINT ( 'NONE', #3190 ) ;
#1697 = CARTESIAN_POINT ( 'NONE',  ( 0.5529378364870383145, -0.9577164262227690905, -2.512499999999998401 ) ) ;
#1698 = CARTESIAN_POINT ( 'NONE',  ( -1.172864355864549048E-16, -0.9577164262227689795, -2.493749999999997691 ) ) ;
#1699 = FACE_OUTER_BOUND ( 'NONE', #987, .T. ) ;
#1700 = CYLINDRICAL_SURFACE ( 'NONE', #199, 1.250000000000000444 ) ;
#1701 = CARTESIAN_POINT ( 'NONE',  ( 0.8294067547305490340, 0.4788582131113688911, 3.200000000000003286 ) ) ;
#1702 = CARTESIAN_POINT ( 'NONE',  ( 3.121274355046670330E-16, 1.274356964481435650, 8.407812500000003908 ) ) ;
#1703 = CARTESIAN_POINT ( 'NONE',  ( 1.082531754730552631, -0.6250000000000097700, 4.643750000000004263 ) ) ;
#1704 = CARTESIAN_POINT ( 'NONE',  ( -1.751407957523576586, 1.586900355616223779, 0.08771028900140132034 ) ) ;
#1705 = VERTEX_POINT ( 'NONE', #1638 ) ;
#1706 = EDGE_CURVE ( 'NONE', #2586, #2053, #182, .T. ) ;
#1707 = CARTESIAN_POINT ( 'NONE',  ( -0.5529378364870327633, -0.9577164262227586544, 5.206250000000001599 ) ) ;
#1708 = DIRECTION ( 'NONE',  ( 1.000000000000000000, 0.000000000000000000, 0.000000000000000000 ) ) ;
#1709 = CARTESIAN_POINT ( 'NONE',  ( -1.103625504730554763, -0.6371784822407278170, -1.935937499999998757 ) ) ;
#1710 = CARTESIAN_POINT ( 'NONE',  ( 0.8294067547305576937, -0.4788582131113877649, -2.474999999999998757 ) ) ;
#1711 = CARTESIAN_POINT ( 'NONE',  ( -1.530808498934197241E-16, -1.250000000000010214, -1.818749999999996092 ) ) ;
#1712 = VERTEX_POINT ( 'NONE', #1714 ) ;
#1713 = CARTESIAN_POINT ( 'NONE',  ( -0.5529378364870384255, 0.9577164262227572111, -1.837499999999998801 ) ) ;
#1714 = CARTESIAN_POINT ( 'NONE',  ( -1.530808498934196994E-16, -1.250000000000010436, -3.675000000000000266 ) ) ;
#1715 = CARTESIAN_POINT ( 'NONE',  ( 0.5529378364870320972, -0.9577164262227589875, 6.631250000000002309 ) ) ;
#1716 = CARTESIAN_POINT ( 'NONE',  ( -1.103625504730552542, 0.6371784822407147164, 7.610937500000001243 ) ) ;
#1717 = ORIENTED_EDGE ( 'NONE', *, *, #3292, .T. ) ;
#1718 = CARTESIAN_POINT ( 'NONE',  ( -0.9566528859284677555, 0.04512215532987735866, 7.377716426222753476 ) ) ;
#1719 = CARTESIAN_POINT ( 'NONE',  ( -0.5529378364870384255, 0.9577164262227572111, -3.131249999999997424 ) ) ;
#1720 = CARTESIAN_POINT ( 'NONE',  ( 0.000000000000000000, 1.269966188170055003E-15, 8.000000000000000000 ) ) ;
#1721 = CARTESIAN_POINT ( 'NONE',  ( 0.7357503364870370266, 1.274356964481438315, -3.445312499999997335 ) ) ;
#1722 = DIRECTION ( 'NONE',  ( 0.000000000000000000, 1.000000000000000000, 0.000000000000000000 ) ) ;
#1723 = CARTESIAN_POINT ( 'NONE',  ( -1.471500672974069834, -6.446186024270533869E-15, 5.370312500000004263 ) ) ;
#1724 = ORIENTED_EDGE ( 'NONE', *, *, #1028, .T. ) ;
#1725 = CARTESIAN_POINT ( 'NONE',  ( -0.1912500000077516915, 2.487657972366322578, 0.1674308549284724279 ) ) ;
#1726 = ADVANCED_BREP_SHAPE_REPRESENTATION ( '93655A094_Male-Female Threaded Hex Standoff', ( #2332, #2991 ), #4757 ) ;
#1727 = VERTEX_POINT ( 'NONE', #1355 ) ;
#1728 = CARTESIAN_POINT ( 'NONE',  ( -0.5529378364870323193, 0.9577164262227461089, 5.956250000000003375 ) ) ;
#1729 = CARTESIAN_POINT ( 'NONE',  ( -0.9056609231504122448, 0.4692582311440610110, 7.437452014163586256 ) ) ;
#1730 = EDGE_CURVE ( 'NONE', #964, #3072, #2835, .T. ) ;
#1731 = FACE_OUTER_BOUND ( 'NONE', #2988, .T. ) ;
#1732 = CARTESIAN_POINT ( 'NONE',  ( -0.8294067547305579158, 0.4788582131113758855, -1.349999999999998757 ) ) ;
#1733 = CARTESIAN_POINT ( 'NONE',  ( -2.249999999999998668, -1.078201627711825594, 0.1674308549307524374 ) ) ;
#1734 = B_SPLINE_CURVE_WITH_KNOTS ( 'NONE', 3,
 ( #668, #3228, #3948, #4354, #3590, #281, #1076, #329 ),
 .UNSPECIFIED., .F., .F.,
 ( 4, 2, 2, 4 ),
 ( 0.0002272936175608561253, 0.001312383105340146194, 0.001854927849229791228, 0.002397472593119436696 ),
 .UNSPECIFIED. ) ;
#1735 = ORIENTED_EDGE ( 'NONE', *, *, #1660, .T. ) ;
#1736 = AXIS2_PLACEMENT_3D ( 'NONE', #4189, #892, #580 ) ;
#1737 = CARTESIAN_POINT ( 'NONE',  ( -1.105875672974077295, -5.689351395509218184E-15, -1.312499999999998446 ) ) ;
#1738 = CARTESIAN_POINT ( 'NONE',  ( -1.090666503649016406, -0.6292945521725120672, -0.6191211448554292396 ) ) ;
#1739 = CARTESIAN_POINT ( 'NONE',  ( 0.5529378364870329854, 0.9577164262227455538, 8.131250000000003197 ) ) ;
#1740 = CARTESIAN_POINT ( 'NONE',  ( -0.8294067547305488119, -0.4788582131113825469, 2.918750000000002842 ) ) ;
#1741 = ORIENTED_EDGE ( 'NONE', *, *, #1320, .F. ) ;
#1742 = CARTESIAN_POINT ( 'NONE',  ( 0.000000000000000000, 0.9577164262227572111, -3.168749999999997957 ) ) ;
#1743 = CARTESIAN_POINT ( 'NONE',  ( 1.082531754730553519, 0.6249999999999953371, 7.418750000000004619 ) ) ;
#1744 = CARTESIAN_POINT ( 'NONE',  ( -1.103625504730554763, -0.6371784822407278170, -3.257812499999997780 ) ) ;
#1745 = CARTESIAN_POINT ( 'NONE',  ( 0.1341067189834030948, 2.520649661048107060, 7.816106350272735703 ) ) ;
#1746 = CARTESIAN_POINT ( 'NONE',  ( -0.7357503364870348062, 1.274356964481435428, 6.195312500000004441 ) ) ;
#1747 = ORIENTED_EDGE ( 'NONE', *, *, #943, .F. ) ;
#1748 = COORDINATED_UNIVERSAL_TIME_OFFSET ( 6, 0, .BEHIND. ) ;
#1749 = CARTESIAN_POINT ( 'NONE',  ( 1.105875672974077073, -5.998100326490363474E-15, -1.931249999999998135 ) ) ;
#1750 = AXIS2_PLACEMENT_3D ( 'NONE', #1753, #2536, #3273 ) ;
#1751 = CARTESIAN_POINT ( 'NONE',  ( -1.105875672974064861, -6.468574098567446901E-15, 5.581250000000002487 ) ) ;
#1752 = CARTESIAN_POINT ( 'NONE',  ( 1.443375672974070545, -6.801433263406804649E-15, 5.131250000000004974 ) ) ;
#1753 = CARTESIAN_POINT ( 'NONE',  ( 0.000000000000000000, -1.258909218984051749E-16, -3.899999999999999911 ) ) ;
#1754 = CIRCLE ( 'NONE', #605, 2.205000000000000071 ) ;
#1755 = CARTESIAN_POINT ( 'NONE',  ( -0.5529378364870322082, 0.9577164262227458869, 4.662500000000004086 ) ) ;
#1756 = CARTESIAN_POINT ( 'NONE',  ( 0.8294067547305576937, -0.4788582131113877094, -1.124999999999998890 ) ) ;
#1757 = CARTESIAN_POINT ( 'NONE',  ( -2.249999999999999112, 1.078201627711622645, 0.1674308549307041150 ) ) ;
#1758 = EDGE_LOOP ( 'NONE', ( #1724, #3395, #1865, #69 ) ) ;
#1759 = EDGE_CURVE ( 'NONE', #99, #479, #2346, .T. ) ;
#1760 = CARTESIAN_POINT ( 'NONE',  ( -0.5529378364870388696, -0.9577164262227687574, -3.881249999999997424 ) ) ;
#1761 = CARTESIAN_POINT ( 'NONE',  ( -1.443375672974070545, -6.447908183831835661E-15, 5.862500000000001599 ) ) ;
#1762 = CARTESIAN_POINT ( 'NONE',  ( 0.8294067547305484789, -0.4788582131113831575, 7.568750000000002309 ) ) ;
#1763 = CARTESIAN_POINT ( 'NONE',  ( 0.7357503364870344731, -1.274356964481448973, 6.898437500000001776 ) ) ;
#1764 = VERTEX_POINT ( 'NONE', #2736 ) ;
#1765 = APPLICATION_CONTEXT ( 'configuration controlled 3d designs of mechanical parts and assemblies' ) ;
#1766 = EDGE_CURVE ( 'NONE', #3017, #4237, #2308, .T. ) ;
#1767 = CARTESIAN_POINT ( 'NONE',  ( 2.345728711729071966E-16, 0.9577164262227458869, 6.875000000000003553 ) ) ;
#1768 = CARTESIAN_POINT ( 'NONE',  ( -1.105875672974077295, -5.796125288309877181E-15, -3.056249999999997691 ) ) ;
#1769 = CARTESIAN_POINT ( 'NONE',  ( -0.7216878364870357165, -1.250000000000011768, 5.487499999999999822 ) ) ;
#1770 = CARTESIAN_POINT ( 'NONE',  ( -0.7357503364870361384, 1.274356964481438759, -2.470312499999998135 ) ) ;
#1771 = CARTESIAN_POINT ( 'NONE',  ( -0.1912500000000085520, 2.487657972370793225, 7.832569145069298244 ) ) ;
#1772 = CARTESIAN_POINT ( 'NONE',  ( -0.7357503364870353613, -1.274356964481448307, 5.895312500000002842 ) ) ;
#1773 = EDGE_CURVE ( 'NONE', #940, #3944, #1979, .T. ) ;
#1774 = ORIENTED_EDGE ( 'NONE', *, *, #2034, .F. ) ;
#1775 = CARTESIAN_POINT ( 'NONE',  ( -1.272199586309288932E-15, -2.598076211353317344, -6.873863542433758411 ) ) ;
#1776 = CARTESIAN_POINT ( 'NONE',  ( -0.8294067547305488119, -0.4788582131113825469, 6.968750000000002665 ) ) ;
#1777 = CARTESIAN_POINT ( 'NONE',  ( -1.022978296233701068, 0.2838892898294763101, 7.471766203618826374 ) ) ;
#1778 = CARTESIAN_POINT ( 'NONE',  ( -1.082531754730553075, -0.6250000000000088818, 4.043750000000004619 ) ) ;
#1779 = CARTESIAN_POINT ( 'NONE',  ( -0.5529378364870326523, -0.9577164262227586544, 6.162500000000003197 ) ) ;
#1780 = CARTESIAN_POINT ( 'NONE',  ( 0.000000000000000000, -4.648086179663862087E-16, -0.4680000000000000826 ) ) ;
#1781 = EDGE_LOOP ( 'NONE', ( #3986, #1564, #2976, #4706 ) ) ;
#1782 = CARTESIAN_POINT ( 'NONE',  ( -0.09915677328049850303, -1.083948711728530245, -0.3017820626159972708 ) ) ;
#1783 = PLANE ( 'NONE',  #420 ) ;
#1784 = CARTESIAN_POINT ( 'NONE',  ( 0.5529378364870320972, -0.9577164262227589875, 7.081250000000002487 ) ) ;
#1785 = CARTESIAN_POINT ( 'NONE',  ( 1.103625504730553208, 0.6371784822407138282, 5.660937500000001954 ) ) ;
#1786 = EDGE_LOOP ( 'NONE', ( #3977, #1892, #1670, #789 ) ) ;
#1787 =( BOUNDED_CURVE ( )  B_SPLINE_CURVE ( 2, ( #2163, #4621, #4235, #186, #1703, #573, #2051 ),
 .UNSPECIFIED., .F., .F. ) 
 B_SPLINE_CURVE_WITH_KNOTS ( ( 3, 2, 2, 3 ),
 ( 0.6923076923076922906, 0.7051282051282051766, 0.7179487179487179516, 0.7307692307692307265 ),
 .UNSPECIFIED. ) 
 CURVE ( )  GEOMETRIC_REPRESENTATION_ITEM ( )  RATIONAL_B_SPLINE_CURVE ( ( 1.000000000000000000, 0.8660254037844387076, 1.000000000000000000, 0.8660254037844387076, 1.000000000000000000, 0.8660254037844387076, 1.000000000000000000 ) ) 
 REPRESENTATION_ITEM ( '' )  );
#1788 = CARTESIAN_POINT ( 'NONE',  ( -0.5529378364870327633, -0.9577164262227586544, 5.712500000000003020 ) ) ;
#1789 = CARTESIAN_POINT ( 'NONE',  ( 0.000000000000000000, 0.9577164262227573222, -0.9187499999999981792 ) ) ;
#1790 = EDGE_CURVE ( 'NONE', #4305, #1988, #2815, .T. ) ;
#1791 = FACE_OUTER_BOUND ( 'NONE', #3305, .T. ) ;
#1792 = CARTESIAN_POINT ( 'NONE',  ( -1.172864355864535983E-16, -0.9577164262227588765, 8.393750000000002487 ) ) ;
#1793 = CARTESIAN_POINT ( 'NONE',  ( -1.560637177523338370E-16, -1.274356964481450305, -2.732812499999997424 ) ) ;
#1794 = VECTOR ( 'NONE', #2393, 1000.000000000000000 ) ;
#1795 = CARTESIAN_POINT ( 'NONE',  ( -2.249999999999999112, 3.679549628130195016E-14, 7.974019237887008948 ) ) ;
#1796 = B_SPLINE_CURVE_WITH_KNOTS ( 'NONE', 3,
 ( #1049, #595, #2526, #620, #3959, #663, #2821, #1410 ),
 .UNSPECIFIED., .F., .F.,
 ( 4, 2, 2, 4 ),
 ( 0.0002272936175608555019, 0.001312383105340146410, 0.001854927849229791445, 0.002397472593119437129 ),
 .UNSPECIFIED. ) ;
#1797 = CARTESIAN_POINT ( 'NONE',  ( 1.471500672974069834, -6.806599742090707656E-15, 5.595312500000003908 ) ) ;
#1798 = DATE_TIME_ROLE ( 'classification_date' ) ;
#1799 = VERTEX_POINT ( 'NONE', #4386 ) ;
#1800 = CARTESIAN_POINT ( 'NONE',  ( -0.5529378364870327633, -0.9577164262227586544, 6.556250000000003020 ) ) ;
#1801 = FACE_OUTER_BOUND ( 'NONE', #1786, .T. ) ;
#1802 = CARTESIAN_POINT ( 'NONE',  ( 3.061616997868395960E-16, 1.249999999999998890, 3.893750000000004707 ) ) ;
#1803 = CARTESIAN_POINT ( 'NONE',  ( -0.8294067547305488119, -0.4788582131113825469, 5.225000000000004086 ) ) ;
#1804 = CARTESIAN_POINT ( 'NONE',  ( 3.061616997868396453E-16, 1.249999999999998890, 5.750000000000000888 ) ) ;
#1805 = VERTEX_POINT ( 'NONE', #1379 ) ;
#1806 = AXIS2_PLACEMENT_3D ( 'NONE', #4112, #1513, #2291 ) ;
#1807 = CARTESIAN_POINT ( 'NONE',  ( -1.105875672974077295, -5.661796842528402144E-15, -0.8624999999999987121 ) ) ;
#1808 = CARTESIAN_POINT ( 'NONE',  ( -0.6710041598264171459, -0.6833550837979863735, -3.899999999999999911 ) ) ;
#1809 = CARTESIAN_POINT ( 'NONE',  ( -0.8294067547305488119, -0.4788582131113825469, 6.068750000000003197 ) ) ;
#1810 = CARTESIAN_POINT ( 'NONE',  ( -1.560637177523335658E-16, -1.274356964481448751, 6.410937500000001954 ) ) ;
#1811 = EDGE_CURVE ( 'NONE', #2970, #3898, #3911, .T. ) ;
#1812 = VERTEX_POINT ( 'NONE', #3617 ) ;
#1813 = CARTESIAN_POINT ( 'NONE',  ( -0.8294067547305487009, 0.4788582131113697238, 6.050000000000003375 ) ) ;
#1814 = AXIS2_PLACEMENT_3D ( 'NONE', #949, #3863, #510 ) ;
#1815 = CARTESIAN_POINT ( 'NONE',  ( -1.103625504730554541, 0.6371784822407163817, -3.810937499999998757 ) ) ;
#1816 =( BOUNDED_CURVE ( )  B_SPLINE_CURVE ( 2, ( #979, #1946, #1528, #4080, #28, #396, #103 ),
 .UNSPECIFIED., .F., .F. ) 
 B_SPLINE_CURVE_WITH_KNOTS ( ( 3, 2, 2, 3 ),
 ( 0.6666666666666666297, 0.6794871794871795156, 0.6923076923076922906, 0.7051282051282050656 ),
 .UNSPECIFIED. ) 
 CURVE ( )  GEOMETRIC_REPRESENTATION_ITEM ( )  RATIONAL_B_SPLINE_CURVE ( ( 1.000000000000000000, 0.8660254037844387076, 1.000000000000000000, 0.8660254037844387076, 1.000000000000000000, 0.8660254037844387076, 1.000000000000000000 ) ) 
 REPRESENTATION_ITEM ( '' )  );
#1817 = CARTESIAN_POINT ( 'NONE',  ( 3.061616997868396453E-16, 1.249999999999998890, 3.500000000000001332 ) ) ;
#1818 = CARTESIAN_POINT ( 'NONE',  ( -0.8294067547305487009, 0.4788582131113697238, 7.793750000000001954 ) ) ;
#1819 = CARTESIAN_POINT ( 'NONE',  ( 0.000000000000000000, 1.274356964481438759, -1.607812499999997646 ) ) ;
#1820 = EDGE_CURVE ( 'NONE', #3123, #2757, #1062, .T. ) ;
#1821 = CARTESIAN_POINT ( 'NONE',  ( 0.7216878364870348284, -1.250000000000012434, 7.362500000000000711 ) ) ;
#1822 = CARTESIAN_POINT ( 'NONE',  ( 0.7357503364870344731, -1.274356964481448751, 5.520312500000004619 ) ) ;
#1823 = DIRECTION ( 'NONE',  ( 0.5000000000000003331, -0.8660254037844384856, 0.000000000000000000 ) ) ;
#1824 = CYLINDRICAL_SURFACE ( 'NONE', #37, 1.250000000000000444 ) ;
#1825 = DIRECTION ( 'NONE',  ( 0.000000000000000000, 0.000000000000000000, 1.000000000000000000 ) ) ;
#1826 = CARTESIAN_POINT ( 'NONE',  ( -1.753246730713071244, -1.585838739420294630, 0.07941634923340187835 ) ) ;
#1827 = CARTESIAN_POINT ( 'NONE',  ( -0.8294067547305487009, 0.4788582131113697238, 6.050000000000003375 ) ) ;
#1828 = CARTESIAN_POINT ( 'NONE',  ( 1.082531754730553519, 0.6249999999999953371, 5.675000000000001599 ) ) ;
#1829 = CIRCLE ( 'NONE', #3675, 2.205000000000000071 ) ;
#1830 = ORIENTED_EDGE ( 'NONE', *, *, #437, .F. ) ;
#1831 = CARTESIAN_POINT ( 'NONE',  ( 0.5529378364870390916, 0.9577164262227569891, -1.856249999999998179 ) ) ;
#1832 = LINE ( 'NONE', #2108, #3196 ) ;
#1833 = CC_DESIGN_APPROVAL ( #3782, ( #3930 ) ) ;
#1834 = CARTESIAN_POINT ( 'NONE',  ( -0.5529378364870322082, 0.9577164262227458869, 5.956250000000003375 ) ) ;
#1835 = CARTESIAN_POINT ( 'NONE',  ( 0.7357503364870358054, 1.274356964481435206, 4.798437500000002132 ) ) ;
#1836 = ORIENTED_EDGE ( 'NONE', *, *, #2328, .T. ) ;
#1837 = CARTESIAN_POINT ( 'NONE',  ( -1.172864355864535983E-16, -0.9577164262227588765, 5.300000000000003375 ) ) ;
#1838 = CARTESIAN_POINT ( 'NONE',  ( 1.105875672974077295, -5.970545773509548224E-15, -1.481249999999997957 ) ) ;
#1839 = CARTESIAN_POINT ( 'NONE',  ( -0.5529378364870326523, -0.9577164262227586544, 6.162500000000003197 ) ) ;
#1840 = CARTESIAN_POINT ( 'NONE',  ( 1.105875672974064861, -6.739435519199968560E-15, 5.806250000000002132 ) ) ;
#1841 = CARTESIAN_POINT ( 'NONE',  ( -1.103625504730554541, 0.6371784822407166038, -1.082812499999997735 ) ) ;
#1842 = CIRCLE ( 'NONE', #1690, 2.205000000000000071 ) ;
#1843 = CARTESIAN_POINT ( 'NONE',  ( -2.249999999999999112, 8.113320553552770539E-14, 0.02598076211244717063 ) ) ;
#1844 = CARTESIAN_POINT ( 'NONE',  ( -1.103625504730552320, 0.6371784822407147164, 4.432812500000004263 ) ) ;
#1845 = CARTESIAN_POINT ( 'NONE',  ( 0.5529378364870382034, -0.9577164262227693126, -2.456249999999998046 ) ) ;
#1846 = CARTESIAN_POINT ( 'NONE',  ( -1.172864355864549048E-16, -0.9577164262227689795, -2.099999999999998757 ) ) ;
#1847 = CARTESIAN_POINT ( 'NONE',  ( 0.8294067547305484789, -0.4788582131113831575, 4.868750000000003020 ) ) ;
#1848 = CARTESIAN_POINT ( 'NONE',  ( 0.2508483970610489444, 1.147846989145020036, 7.584743209888157978 ) ) ;
#1849 = CARTESIAN_POINT ( 'NONE',  ( 2.249999999999998668, 1.078201627711626198, 7.832569145069296468 ) ) ;
#1850 = ADVANCED_FACE ( 'NONE', ( #3236 ), #2854, .F. ) ;
#1851 = CARTESIAN_POINT ( 'NONE',  ( 0.8294067547305490340, 0.4788582131113688911, 4.550000000000003375 ) ) ;
#1852 = EDGE_CURVE ( 'NONE', #3555, #2136, #3420, .T. ) ;
#1853 = CARTESIAN_POINT ( 'NONE',  ( -0.9566528859284677555, 0.04512215532987735866, 7.377716426222753476 ) ) ;
#1854 = EDGE_LOOP ( 'NONE', ( #3270, #4185 ) ) ;
#1855 = CARTESIAN_POINT ( 'NONE',  ( -1.172864355864549048E-16, -0.9577164262227689795, -2.943749999999997424 ) ) ;
#1856 = CARTESIAN_POINT ( 'NONE',  ( 2.232237999122127281, 1.211567502944515873, 0.1928062570097059947 ) ) ;
#1857 = CARTESIAN_POINT ( 'NONE',  ( 0.8294067547305484789, -0.4788582131113831575, 4.418750000000002842 ) ) ;
#1858 = CARTESIAN_POINT ( 'NONE',  ( 1.103625504730552320, -0.6371784822407282611, 5.135937500000001599 ) ) ;
#1859 = EDGE_LOOP ( 'NONE', ( #874, #3544, #3787, #4675 ) ) ;
#1860 = CARTESIAN_POINT ( 'NONE',  ( 1.105875672974077073, -5.970545773509549801E-15, -1.481249999999997735 ) ) ;
#1861 = CARTESIAN_POINT ( 'NONE',  ( 2.345728711729071966E-16, 0.9577164262227458869, 4.175000000000003375 ) ) ;
#1862 = CARTESIAN_POINT ( 'NONE',  ( -0.5529378364870384255, 0.9577164262227572111, -1.781249999999998224 ) ) ;
#1863 = CARTESIAN_POINT ( 'NONE',  ( -0.5529378364870322082, 0.9577164262227458869, 6.912500000000004086 ) ) ;
#1864 = CARTESIAN_POINT ( 'NONE',  ( -0.8294067547305488119, -0.4788582131113825469, 7.868750000000002132 ) ) ;
#1865 = ORIENTED_EDGE ( 'NONE', *, *, #2006, .T. ) ;
#1866 = CARTESIAN_POINT ( 'NONE',  ( -0.8294067547305580268, -0.4788582131113872098, -3.974999999999998312 ) ) ;
#1867 = CARTESIAN_POINT ( 'NONE',  ( -0.7216878364870346063, 1.249999999999998224, -3.356249999999995737 ) ) ;
#1868 = CARTESIAN_POINT ( 'NONE',  ( -1.103625504730552542, -0.6371784822407272619, 3.157812500000004352 ) ) ;
#1869 = CARTESIAN_POINT ( 'NONE',  ( 0.8294067547305582488, 0.4788582131113749973, -2.793749999999997513 ) ) ;
#1870 = CARTESIAN_POINT ( 'NONE',  ( -2.249999999999998668, -1.078201627711825594, 0.1674308549307524374 ) ) ;
#1871 = EDGE_CURVE ( 'NONE', #2066, #3017, #1832, .T. ) ;
#1872 = ADVANCED_FACE ( 'NONE', ( #3663 ), #1783, .F. ) ;
#1873 = CARTESIAN_POINT ( 'NONE',  ( -1.105875672974064861, -6.468574098567446901E-15, 4.231250000000001954 ) ) ;
#1874 = CARTESIAN_POINT ( 'NONE',  ( -0.7216878364870358276, -1.250000000000011768, 4.531250000000005329 ) ) ;
#1875 = DIRECTION ( 'NONE',  ( -0.000000000000000000, -0.000000000000000000, 1.000000000000000000 ) ) ;
#1876 = CARTESIAN_POINT ( 'NONE',  ( 0.5529378364870320972, -0.9577164262227589875, 3.087500000000003464 ) ) ;
#1877 = DIRECTION ( 'NONE',  ( -0.000000000000000000, 9.875224244405043999E-17, -1.000000000000000000 ) ) ;
#1878 = ORIENTED_EDGE ( 'NONE', *, *, #2180, .T. ) ;
#1879 = EDGE_CURVE ( 'NONE', #2500, #1524, #2817, .T. ) ;
#1880 = CARTESIAN_POINT ( 'NONE',  ( -0.8294067547305580268, -0.4788582131113871543, -2.118749999999997691 ) ) ;
#1881 = LINE ( 'NONE', #4433, #2960 ) ;
#1882 = CARTESIAN_POINT ( 'NONE',  ( 0.5529378364870320972, -0.9577164262227589875, 5.281250000000003553 ) ) ;
#1883 = CARTESIAN_POINT ( 'NONE',  ( 1.471500672974070056, -6.806599742090707656E-15, 5.623437500000001421 ) ) ;
#1884 = VERTEX_POINT ( 'NONE', #654 ) ;
#1885 = AXIS2_PLACEMENT_3D ( 'NONE', #3206, #4008, #1708 ) ;
#1886 = CARTESIAN_POINT ( 'NONE',  ( 0.8294067547305582488, 0.4788582131113751084, -1.443749999999998090 ) ) ;
#1887 = CARTESIAN_POINT ( 'NONE',  ( -0.5529378364870327633, -0.9577164262227586544, 4.812500000000003553 ) ) ;
#1888 = CARTESIAN_POINT ( 'NONE',  ( -0.8294067547305579158, 0.4788582131113759410, -0.8437499999999981126 ) ) ;
#1889 = VECTOR ( 'NONE', #4281, 1000.000000000000000 ) ;
#1890 = CARTESIAN_POINT ( 'NONE',  ( 1.105875672974064861, -6.739435519199968560E-15, 7.212500000000003020 ) ) ;
#1891 = CARTESIAN_POINT ( 'NONE',  ( 0.5529378364870320972, -0.9577164262227589875, 6.181250000000002132 ) ) ;
#1892 = ORIENTED_EDGE ( 'NONE', *, *, #3411, .T. ) ;
#1893 = CARTESIAN_POINT ( 'NONE',  ( -0.5529378364870384255, 0.9577164262227572111, -4.087499999999997691 ) ) ;
#1894 = AXIS2_PLACEMENT_3D ( 'NONE', #3141, #4628, #4578 ) ;
#1895 = CARTESIAN_POINT ( 'NONE',  ( 2.058749999992247393, -1.409456344663649441, 7.832569145071530237 ) ) ;
#1896 = CARTESIAN_POINT ( 'NONE',  ( 0.8294067547305490340, 0.4788582131113688911, 8.600000000000003197 ) ) ;
#1897 = CARTESIAN_POINT ( 'NONE',  ( 0.5529378364870382034, -0.9577164262227693126, -2.006249999999997868 ) ) ;
#1898 = CARTESIAN_POINT ( 'NONE',  ( -1.082531754730553075, -0.6250000000000088818, 5.843750000000004441 ) ) ;
#1899 = CARTESIAN_POINT ( 'NONE',  ( -1.105875672974064861, -6.468574098567446901E-15, 4.681250000000003020 ) ) ;
#1900 = CARTESIAN_POINT ( 'NONE',  ( 0.8301204967943475177, 0.7799035312738364922, 7.556393855166094298 ) ) ;
#1901 = CARTESIAN_POINT ( 'NONE',  ( 0.000000000000000000, 1.249999999999998890, -1.200000000000000622 ) ) ;
#1902 = DIRECTION ( 'NONE',  ( 0.000000000000000000, 1.000000000000000000, 9.875224244405042767E-17 ) ) ;
#1903 = DIRECTION ( 'NONE',  ( 0.000000000000000000, 0.000000000000000000, 1.000000000000000000 ) ) ;
#1904 = ORIENTED_EDGE ( 'NONE', *, *, #3211, .T. ) ;
#1905 = CARTESIAN_POINT ( 'NONE',  ( 0.5529378364870390916, 0.9577164262227571001, -1.406249999999997558 ) ) ;
#1906 = DIRECTION ( 'NONE',  ( 0.000000000000000000, 0.000000000000000000, -1.000000000000000000 ) ) ;
#1907 = AXIS2_PLACEMENT_3D ( 'NONE', #1664, #3904, #3549 ) ;
#1908 = CARTESIAN_POINT ( 'NONE',  ( -0.5529378364870326523, -0.9577164262227586544, 5.656250000000003553 ) ) ;
#1909 = CARTESIAN_POINT ( 'NONE',  ( -1.103625504730552542, 0.6371784822407147164, 3.560937500000002309 ) ) ;
#1910 = ORIENTED_EDGE ( 'NONE', *, *, #3324, .F. ) ;
#1911 = B_SPLINE_CURVE_WITH_KNOTS ( 'NONE', 3,
 ( #2691, #1262, #3047, #3434, #2327, #101 ),
 .UNSPECIFIED., .F., .F.,
 ( 4, 2, 4 ),
 ( 2.535179069130214086E-17, 0.0002012759897611457092, 0.0004025519795222661022 ),
 .UNSPECIFIED. ) ;
#1912 = AXIS2_PLACEMENT_3D ( 'NONE', #963, #2800, #259 ) ;
#1913 = CARTESIAN_POINT ( 'NONE',  ( -0.8294067547305579158, 0.4788582131113758855, -1.293749999999997957 ) ) ;
#1914 = CARTESIAN_POINT ( 'NONE',  ( 0.000000000000000000, 1.269966188170055003E-15, 8.000000000000000000 ) ) ;
#1915 = CARTESIAN_POINT ( 'NONE',  ( 0.000000000000000000, 1.274356964481438759, -1.635937499999998934 ) ) ;
#1916 = CARTESIAN_POINT ( 'NONE',  ( 1.105875672974064861, -6.739435519199968560E-15, 6.312500000000003553 ) ) ;
#1917 = CARTESIAN_POINT ( 'NONE',  ( -0.8294067547305488119, -0.4788582131113825469, 6.068750000000003197 ) ) ;
#1918 = EDGE_CURVE ( 'NONE', #3951, #4286, #2132, .T. ) ;
#1919 = EDGE_CURVE ( 'NONE', #2464, #2174, #676, .T. ) ;
#1920 = ORIENTED_EDGE ( 'NONE', *, *, #1293, .F. ) ;
#1921 = CARTESIAN_POINT ( 'NONE',  ( 1.471500672974072721, -6.024793799690528224E-15, -1.270312499999997513 ) ) ;
#1922 = DIRECTION ( 'NONE',  ( -0.000000000000000000, -0.000000000000000000, 1.000000000000000000 ) ) ;
#1923 = CARTESIAN_POINT ( 'NONE',  ( 1.103625504730552098, -0.6371784822407281501, 4.207812500000003730 ) ) ;
#1924 = CARTESIAN_POINT ( 'NONE',  ( 0.5529378364870390916, 0.9577164262227568781, -2.756249999999997424 ) ) ;
#1925 = CARTESIAN_POINT ( 'NONE',  ( 1.105875672974077073, -5.918880986670521305E-15, -0.6374999999999988454 ) ) ;
#1926 = CARTESIAN_POINT ( 'NONE',  ( 0.8294067547305484789, -0.4788582131113831575, 4.418750000000002842 ) ) ;
#1927 = DIRECTION ( 'NONE',  ( -0.000000000000000000, 9.875224244405043999E-17, -1.000000000000000000 ) ) ;
#1928 = CARTESIAN_POINT ( 'NONE',  ( 0.000000000000000000, 1.269966188170055003E-15, 8.000000000000000000 ) ) ;
#1929 = CARTESIAN_POINT ( 'NONE',  ( -0.5529378364870322082, 0.9577164262227458869, 3.762500000000003730 ) ) ;
#1930 = CARTESIAN_POINT ( 'NONE',  ( -0.7216878364870358276, -1.250000000000011768, 7.231250000000003730 ) ) ;
#1931 = EDGE_LOOP ( 'NONE', ( #3163, #862, #540, #3477, #988, #1254, #300, #4586, #2118, #3057 ) ) ;
#1932 = CARTESIAN_POINT ( 'NONE',  ( -0.5529378364870388696, -0.9577164262227687574, -2.981249999999997957 ) ) ;
#1933 = CARTESIAN_POINT ( 'NONE',  ( -1.082531754730553075, -0.6250000000000088818, 6.743750000000004796 ) ) ;
#1934 = CARTESIAN_POINT ( 'NONE',  ( 0.8294067547305484789, -0.4788582131113831575, 3.068750000000002753 ) ) ;
#1935 = CARTESIAN_POINT ( 'NONE',  ( -1.103625504730552764, -0.6371784822407273730, 3.185937500000002309 ) ) ;
#1936 = VERTEX_POINT ( 'NONE', #114 ) ;
#1937 = CARTESIAN_POINT ( 'NONE',  ( 1.105875672974077073, -5.942991220528733762E-15, -1.031249999999997780 ) ) ;
#1938 = CARTESIAN_POINT ( 'NONE',  ( -0.8294067547305487009, 0.4788582131113697238, 3.350000000000003197 ) ) ;
#1939 = CARTESIAN_POINT ( 'NONE',  ( 2.345728711729071966E-16, 0.9577164262227458869, 3.275000000000003464 ) ) ;
#1940 = CARTESIAN_POINT ( 'NONE',  ( -0.5529378364870326523, -0.9577164262227586544, 3.406250000000003109 ) ) ;
#1941 = ORIENTED_EDGE ( 'NONE', *, *, #4351, .F. ) ;
#1942 = CARTESIAN_POINT ( 'NONE',  ( -1.103625504730554763, -0.6371784822407277060, -0.5578124999999976019 ) ) ;
#1943 = EDGE_CURVE ( 'NONE', #489, #1398, #1881, .T. ) ;
#1944 = DIRECTION ( 'NONE',  ( -0.000000000000000000, 9.875224244405043999E-17, -1.000000000000000000 ) ) ;
#1945 = CARTESIAN_POINT ( 'NONE',  ( -0.5529378364870322082, 0.9577164262227458869, 8.262500000000002842 ) ) ;
#1946 = CARTESIAN_POINT ( 'NONE',  ( -0.7216878364870350504, 1.249999999999999112, 6.687500000000001776 ) ) ;
#1947 = CARTESIAN_POINT ( 'NONE',  ( -0.7216878364870358276, -1.250000000000011768, 5.881250000000004086 ) ) ;
#1948 =( BOUNDED_SURFACE ( )  B_SPLINE_SURFACE ( 1, 2, ( 
 ( #3892, #318, #1315, #2878, #3979, #3153, #4251, #683, #3557, #252, #2839, #4663, #1385, #591, #3175, #3218, #955, #2521, #1002, #660, #2138, #2428, #3578, #295, #1742, #1719, #1025, #1768, #1047, #3195, #2479, #3937, #229, #2501, #635, #4638, #2112, #4709, #3624, #2068, #3535, #273, #1698, #1337, #2818, #4276, #4686, #2858, #3669, #4047, #2227, #3695, #2249, #2947, #3260, #749, #4729, #365, #1430, #2925, #2639, #1862, #4096, #797, #1161, #390, #3307, #4021, #4439, #1838, #4776, #2275, #2547, #2900, #1471, #1497, #3740, #4415, #4366, #2183, #1111, #2971, #2590, #3331, #1789, #21, #1888, #2997, #1136, #415, #704, #2203, #2613, #3646, #4072, #774, #341, #3716, #3354, #723, #1067, #4466, #45 ),
 ( #1520, #4000, #1815, #3284, #4754, #2567, #1453, #4391, #1088, #1685, #1348, #2754, #2057, #4289, #2780, #2829, #3901, #3380, #604, #3473, #944, #3521, #891, #4263, #3165, #2030, #1632, #4214, #967, #1661, #73, #166, #4603, #2415, #4627, #217, #993, #2728, #1326, #2367, #2805, #3547, #2442, #2467, #1303, #2083, #531, #3880, #240, #1250, #3111, #4188, #1709, #2007, #579, #1607, #4651, #3140, #3185, #440, #1915, #3087, #4553, #3834, #3858, #4577, #1277, #920, #553, #2392, #3498, #192, #4239, #3230, #648, #4719, #1440, #3657, #2912, #2192, #3967, #2555, #353, #3592, #1462, #4009, #1035, #2511, #1417, #4355, #1055, #4380, #307, #626, #2889, #2103, #670, #3569, #282, #4764, #3989, #2935, #4401 ) ),
 .UNSPECIFIED., .F., .F., .F. ) 
 B_SPLINE_SURFACE_WITH_KNOTS ( ( 2, 2 ),
 ( 3, 2, 2, 2, 2, 2, 2, 2, 2, 2, 2, 2, 2, 2, 2, 2, 2, 2, 2, 2, 2, 2, 2, 2, 2, 2, 2, 2, 2, 2, 2, 2, 2, 2, 2, 2, 2, 2, 2, 2, 2, 2, 2, 2, 2, 2, 2, 2, 2, 2, 2, 3 ),
 ( 0.000000000000000000, 1.000000000000000000 ),
 ( 0.000000000000000000, 0.01851851851851851749, 0.03703703703703703498, 0.05555555555555555247, 0.07407407407407406996, 0.09259259259259258745, 0.1111111111111111049, 0.1296296296296296224, 0.1481481481481481399, 0.1666666666666666574, 0.1851851851851851749, 0.2037037037037036924, 0.2222222222222222099, 0.2407407407407407274, 0.2592592592592592449, 0.2777777777777777901, 0.2962962962962962798, 0.3148148148148148251, 0.3333333333333333148, 0.3518518518518518601, 0.3703703703703703498, 0.3888888888888888951, 0.4074074074074073848, 0.4259259259259259300, 0.4444444444444444198, 0.4629629629629629650, 0.4814814814814814548, 0.5000000000000000000, 0.5185185185185184897, 0.5370370370370370905, 0.5555555555555555802, 0.5740740740740740700, 0.5925925925925925597, 0.6111111111111111605, 0.6296296296296296502, 0.6481481481481481399, 0.6666666666666666297, 0.6851851851851852304, 0.7037037037037037202, 0.7222222222222222099, 0.7407407407407406996, 0.7592592592592593004, 0.7777777777777777901, 0.7962962962962962798, 0.8148148148148147696, 0.8333333333333333703, 0.8518518518518518601, 0.8703703703703703498, 0.8888888888888888395, 0.9074074074074074403, 0.9259259259259259300, 0.9340994388318228925 ),
 .UNSPECIFIED. ) 
 GEOMETRIC_REPRESENTATION_ITEM ( )  RATIONAL_B_SPLINE_SURFACE ( (
 ( 1.000000000000000000, 0.8660254037844387076, 1.000000000000000000, 0.8660254037844387076, 1.000000000000000000, 0.8660254037844387076, 1.000000000000000000, 0.8660254037844387076, 1.000000000000000000, 0.8660254037844387076, 1.000000000000000000, 0.8660254037844387076, 1.000000000000000000, 0.8660254037844387076, 1.000000000000000000, 0.8660254037844387076, 1.000000000000000000, 0.8660254037844387076, 1.000000000000000000, 0.8660254037844387076, 1.000000000000000000, 0.8660254037844387076, 1.000000000000000000, 0.8660254037844387076, 1.000000000000000000, 0.8660254037844387076, 1.000000000000000000, 0.8660254037844387076, 1.000000000000000000, 0.8660254037844387076, 1.000000000000000000, 0.8660254037844387076, 1.000000000000000000, 0.8660254037844387076, 1.000000000000000000, 0.8660254037844387076, 1.000000000000000000, 0.8660254037844387076, 1.000000000000000000, 0.8660254037844387076, 1.000000000000000000, 0.8660254037844387076, 1.000000000000000000, 0.8660254037844387076, 1.000000000000000000, 0.8660254037844387076, 1.000000000000000000, 0.8660254037844387076, 1.000000000000000000, 0.8660254037844387076, 1.000000000000000000, 0.8660254037844387076, 1.000000000000000000, 0.8660254037844387076, 1.000000000000000000, 0.8660254037844387076, 1.000000000000000000, 0.8660254037844387076, 1.000000000000000000, 0.8660254037844387076, 1.000000000000000000, 0.8660254037844387076, 1.000000000000000000, 0.8660254037844387076, 1.000000000000000000, 0.8660254037844387076, 1.000000000000000000, 0.8660254037844387076, 1.000000000000000000, 0.8660254037844387076, 1.000000000000000000, 0.8660254037844387076, 1.000000000000000000, 0.8660254037844387076, 1.000000000000000000, 0.8660254037844387076, 1.000000000000000000, 0.8660254037844387076, 1.000000000000000000, 0.8660254037844387076, 1.000000000000000000, 0.8660254037844387076, 1.000000000000000000, 0.8660254037844387076, 1.000000000000000000, 0.8660254037844387076, 1.000000000000000000, 0.8660254037844387076, 1.000000000000000000, 0.8660254037844387076, 1.000000000000000000, 0.8660254037844387076, 1.000000000000000000, 0.8660254037844387076, 1.000000000000000000, 0.8660254037844387076, 1.000000000000000000, 0.8660254037844387076, 1.000000000000000000, 0.8660254037844387076, 1.000000000000000000, 0.9408676730735677785, 0.9339337805743381793),
 ( 1.000000000000000000, 0.8660254037844387076, 1.000000000000000000, 0.8660254037844387076, 1.000000000000000000, 0.8660254037844387076, 1.000000000000000000, 0.8660254037844387076, 1.000000000000000000, 0.8660254037844387076, 1.000000000000000000, 0.8660254037844387076, 1.000000000000000000, 0.8660254037844387076, 1.000000000000000000, 0.8660254037844387076, 1.000000000000000000, 0.8660254037844387076, 1.000000000000000000, 0.8660254037844387076, 1.000000000000000000, 0.8660254037844387076, 1.000000000000000000, 0.8660254037844387076, 1.000000000000000000, 0.8660254037844387076, 1.000000000000000000, 0.8660254037844387076, 1.000000000000000000, 0.8660254037844387076, 1.000000000000000000, 0.8660254037844387076, 1.000000000000000000, 0.8660254037844387076, 1.000000000000000000, 0.8660254037844387076, 1.000000000000000000, 0.8660254037844387076, 1.000000000000000000, 0.8660254037844387076, 1.000000000000000000, 0.8660254037844387076, 1.000000000000000000, 0.8660254037844387076, 1.000000000000000000, 0.8660254037844387076, 1.000000000000000000, 0.8660254037844387076, 1.000000000000000000, 0.8660254037844387076, 1.000000000000000000, 0.8660254037844387076, 1.000000000000000000, 0.8660254037844387076, 1.000000000000000000, 0.8660254037844387076, 1.000000000000000000, 0.8660254037844387076, 1.000000000000000000, 0.8660254037844387076, 1.000000000000000000, 0.8660254037844387076, 1.000000000000000000, 0.8660254037844387076, 1.000000000000000000, 0.8660254037844387076, 1.000000000000000000, 0.8660254037844387076, 1.000000000000000000, 0.8660254037844387076, 1.000000000000000000, 0.8660254037844387076, 1.000000000000000000, 0.8660254037844387076, 1.000000000000000000, 0.8660254037844387076, 1.000000000000000000, 0.8660254037844387076, 1.000000000000000000, 0.8660254037844387076, 1.000000000000000000, 0.8660254037844387076, 1.000000000000000000, 0.8660254037844387076, 1.000000000000000000, 0.8660254037844387076, 1.000000000000000000, 0.8660254037844387076, 1.000000000000000000, 0.8660254037844387076, 1.000000000000000000, 0.8660254037844387076, 1.000000000000000000, 0.8660254037844387076, 1.000000000000000000, 0.8660254037844387076, 1.000000000000000000, 0.8660254037844387076, 1.000000000000000000, 0.8660254037844387076, 1.000000000000000000, 0.9408676730735677785, 0.9339337805743381793) ) ) 
 REPRESENTATION_ITEM ( '' )  SURFACE ( )  );
#1949 = CARTESIAN_POINT ( 'NONE',  ( 0.000000000000000000, -1.258909218984051995E-16, -3.899999999999999467 ) ) ;
#1950 = CARTESIAN_POINT ( 'NONE',  ( -2.249999999999999112, 1.078201627711622645, 0.1674308549307041150 ) ) ;
#1951 = CARTESIAN_POINT ( 'NONE',  ( 0.7216878364870348284, -1.250000000000012434, 6.012500000000001066 ) ) ;
#1952 = CARTESIAN_POINT ( 'NONE',  ( -0.5529378364870326523, -0.9577164262227586544, 3.912500000000004086 ) ) ;
#1953 = CARTESIAN_POINT ( 'NONE',  ( -1.082531754730552409, -0.6250000000000076605, -1.443749999999996314 ) ) ;
#1954 = ORIENTED_EDGE ( 'NONE', *, *, #943, .T. ) ;
#1955 = CARTESIAN_POINT ( 'NONE',  ( -0.5529378364870384255, 0.9577164262227573222, -0.8812499999999979794 ) ) ;
#1956 = CARTESIAN_POINT ( 'NONE',  ( -1.243734296382538629, -0.1250000000118249577, 7.670000000000452012 ) ) ;
#1957 = CARTESIAN_POINT ( 'NONE',  ( 0.5529378364870329854, 0.9577164262227455538, 3.181250000000003020 ) ) ;
#1958 = CARTESIAN_POINT ( 'NONE',  ( 1.103625504730552320, -0.6371784822407282611, 3.785937500000001954 ) ) ;
#1959 = ORIENTED_EDGE ( 'NONE', *, *, #754, .F. ) ;
#1960 = CARTESIAN_POINT ( 'NONE',  ( -1.172864355864549048E-16, -0.9577164262227689795, -1.593749999999998002 ) ) ;
#1961 = CARTESIAN_POINT ( 'NONE',  ( 0.8294067547305484789, -0.4788582131113831575, 4.925000000000004263 ) ) ;
#1962 = CARTESIAN_POINT ( 'NONE',  ( -0.8294067547305487009, 0.4788582131113697238, 4.250000000000003553 ) ) ;
#1963 = CARTESIAN_POINT ( 'NONE',  ( -1.172864355864535983E-16, -0.9577164262227588765, 3.893750000000002931 ) ) ;
#1964 = B_SPLINE_CURVE_WITH_KNOTS ( 'NONE', 3,
 ( #1849, #1533, #1483, #763, #2238, #3704 ),
 .UNSPECIFIED., .F., .F.,
 ( 4, 2, 4 ),
 ( 0.009279482928010602746, 0.009822063801721406945, 0.01036464467543221114 ),
 .UNSPECIFIED. ) ;
#1965 = ORIENTED_EDGE ( 'NONE', *, *, #140, .F. ) ;
#1966 = CARTESIAN_POINT ( 'NONE',  ( 0.000000000000000000, 0.9577164262227572111, -1.874999999999998668 ) ) ;
#1967 = VECTOR ( 'NONE', #2358, 1000.000000000000000 ) ;
#1968 = DIRECTION ( 'NONE',  ( 1.000000000000000000, 0.000000000000000000, 0.000000000000000000 ) ) ;
#1969 = CARTESIAN_POINT ( 'NONE',  ( -1.105875672974064861, -6.468574098567446112E-15, 6.987500000000003375 ) ) ;
#1970 = CARTESIAN_POINT ( 'NONE',  ( 3.061616997868396453E-16, 1.249999999999998890, 4.850000000000002309 ) ) ;
#1971 = CARTESIAN_POINT ( 'NONE',  ( 0.1912500000077510809, 2.487657972366321690, 7.832569145071528460 ) ) ;
#1972 = ADVANCED_FACE ( 'NONE', ( #2316 ), #2739, .T. ) ;
#1973 = B_SPLINE_CURVE_WITH_KNOTS ( 'NONE', 3,
 ( #1950, #2408, #1975, #4207, #4524, #210 ),
 .UNSPECIFIED., .F., .F.,
 ( 4, 2, 4 ),
 ( 8.778858033695852714E-19, 0.0002012759897611342166, 0.0004025519795222675659 ),
 .UNSPECIFIED. ) ;
#1974 = DIRECTION ( 'NONE',  ( -0.000000000000000000, 9.875224244405043999E-17, -1.000000000000000000 ) ) ;
#1975 = CARTESIAN_POINT ( 'NONE',  ( -2.232457603721900607, 1.210965373387891120, 0.1927518840761218433 ) ) ;
#1976 = CIRCLE ( 'NONE', #888, 0.2249999999999999223 ) ;
#1977 = CARTESIAN_POINT ( 'NONE',  ( 1.443375672974069213, -6.073875347187604427E-15, -2.156249999999996003 ) ) ;
#1978 = CARTESIAN_POINT ( 'NONE',  ( -0.8294067547305487009, 0.4788582131113697238, 3.350000000000003197 ) ) ;
#1979 =( BOUNDED_CURVE ( )  B_SPLINE_CURVE ( 2, ( #2497, #2198, #4360, #2941, #3641, #4015, #1040 ),
 .UNSPECIFIED., .F., .F. ) 
 B_SPLINE_CURVE_WITH_KNOTS ( ( 3, 2, 2, 3 ),
 ( 0.04521045424295988546, 0.06372897276147837520, 0.08224749127999686493, 0.1007660097985153547 ),
 .UNSPECIFIED. ) 
 CURVE ( )  GEOMETRIC_REPRESENTATION_ITEM ( )  RATIONAL_B_SPLINE_CURVE ( ( 1.000000000000000000, 0.8660254037844388186, 1.000000000000000000, 0.8660254037844388186, 1.000000000000000000, 0.8660254037844388186, 1.000000000000000000 ) ) 
 REPRESENTATION_ITEM ( '' )  );
#1980 = CARTESIAN_POINT ( 'NONE',  ( -0.4985920424764221925, 2.310213961413746908, 7.912289710998598125 ) ) ;
#1981 = ORIENTED_EDGE ( 'NONE', *, *, #2974, .F. ) ;
#1982 = ADVANCED_FACE ( 'NONE', ( #3346 ), #1488, .T. ) ;
#1983 = CARTESIAN_POINT ( 'NONE',  ( -0.8294067547305579158, 0.4788582131113759410, -0.3937499999999978240 ) ) ;
#1984 = CARTESIAN_POINT ( 'NONE',  ( 1.443375672974070545, -6.801433263406804649E-15, 3.331250000000005151 ) ) ;
#1985 = CARTESIAN_POINT ( 'NONE',  ( 1.082531754730553519, 0.6249999999999953371, 6.068750000000004974 ) ) ;
#1986 = CARTESIAN_POINT ( 'NONE',  ( -0.5529378364870326523, -0.9577164262227586544, 3.856250000000002842 ) ) ;
#1987 = CARTESIAN_POINT ( 'NONE',  ( -1.560637177523335658E-16, -1.274356964481448751, 2.810937500000001865 ) ) ;
#1988 = VERTEX_POINT ( 'NONE', #1585 ) ;
#1989 = FACE_OUTER_BOUND ( 'NONE', #2246, .T. ) ;
#1990 = CARTESIAN_POINT ( 'NONE',  ( 0.8294067547305490340, 0.4788582131113688911, 4.550000000000003375 ) ) ;
#1991 = CARTESIAN_POINT ( 'NONE',  ( 0.8294067547305490340, 0.4788582131113688911, 3.593750000000003109 ) ) ;
#1992 = EDGE_LOOP ( 'NONE', ( #3182, #4692, #339, #640 ) ) ;
#1993 = CARTESIAN_POINT ( 'NONE',  ( -1.172864355864549048E-16, -0.9577164262227688685, -0.7499999999999988898 ) ) ;
#1994 = AXIS2_PLACEMENT_3D ( 'NONE', #4697, #2171, #1394 ) ;
#1995 = DIRECTION ( 'NONE',  ( 0.000000000000000000, 1.000000000000000000, 8.673617379884036705E-17 ) ) ;
#1996 = CARTESIAN_POINT ( 'NONE',  ( -0.8294067547305487009, 0.4788582131113697238, 6.500000000000003553 ) ) ;
#1997 = CARTESIAN_POINT ( 'NONE',  ( -0.7216878364870350504, 1.249999999999999112, 3.537500000000001421 ) ) ;
#1998 = FACE_OUTER_BOUND ( 'NONE', #4599, .T. ) ;
#1999 = CARTESIAN_POINT ( 'NONE',  ( -2.058749999999998970, 1.409456344659171245, -6.873863542433758411 ) ) ;
#2000 = CARTESIAN_POINT ( 'NONE',  ( 0.000000000000000000, 1.249999999999998668, -2.943749999999996536 ) ) ;
#2001 = CARTESIAN_POINT ( 'NONE',  ( 1.103625504730552986, 0.6371784822407137172, 8.782812500000003908 ) ) ;
#2002 = CARTESIAN_POINT ( 'NONE',  ( -0.7713340939230607374, 0.8950836856036570310, -3.749274510069495747 ) ) ;
#2003 = ORIENTED_EDGE ( 'NONE', *, *, #2532, .T. ) ;
#2004 = CARTESIAN_POINT ( 'NONE',  ( -0.8294067547305487009, 0.4788582131113697238, 7.343750000000001776 ) ) ;
#2005 = DIRECTION ( 'NONE',  ( 1.000000000000000000, 0.000000000000000000, 0.000000000000000000 ) ) ;
#2006 = EDGE_CURVE ( 'NONE', #1812, #4307, #4589, .T. ) ;
#2007 = CARTESIAN_POINT ( 'NONE',  ( -0.7357503364870368046, -1.274356964481449861, -1.898437499999998890 ) ) ;
#2008 = CARTESIAN_POINT ( 'NONE',  ( 0.000000000000000000, 1.249999999999998668, -3.899999999999999911 ) ) ;
#2009 = DIRECTION ( 'NONE',  ( -0.000000000000000000, 9.875224244405043999E-17, -1.000000000000000000 ) ) ;
#2010 = CARTESIAN_POINT ( 'NONE',  ( 2.249999999999998668, -1.078201627711823596, 0.1674308549307519933 ) ) ;
#2011 = ORIENTED_EDGE ( 'NONE', *, *, #4052, .F. ) ;
#2012 = CARTESIAN_POINT ( 'NONE',  ( -0.8294067547305580268, -0.4788582131113871543, -3.074999999999998845 ) ) ;
#2013 = CARTESIAN_POINT ( 'NONE',  ( 1.753246730713071688, 1.585838739420289967, 0.07941634923340341878 ) ) ;
#2014 = CARTESIAN_POINT ( 'NONE',  ( 0.5529378364870320972, -0.9577164262227589875, 3.987500000000002931 ) ) ;
#2015 = CARTESIAN_POINT ( 'NONE',  ( 2.345728711729071966E-16, 0.9577164262227458869, 4.118750000000003020 ) ) ;
#2016 = ORIENTED_EDGE ( 'NONE', *, *, #3324, .T. ) ;
#2017 = CARTESIAN_POINT ( 'NONE',  ( 0.5529378364870390916, 0.9577164262227571001, -1.012499999999998623 ) ) ;
#2018 = FACE_OUTER_BOUND ( 'NONE', #456, .T. ) ;
#2019 = CARTESIAN_POINT ( 'NONE',  ( 0.5529378364870329854, 0.9577164262227455538, 7.287500000000003197 ) ) ;
#2020 = FACE_OUTER_BOUND ( 'NONE', #4165, .T. ) ;
#2021 = CARTESIAN_POINT ( 'NONE',  ( 0.000000000000000000, 1.249999999999998668, -2.943749999999996536 ) ) ;
#2022 = CARTESIAN_POINT ( 'NONE',  ( 1.443375672974070545, -6.801433263406804649E-15, 6.931250000000004796 ) ) ;
#2023 = DIRECTION ( 'NONE',  ( -0.000000000000000000, 9.875224244405043999E-17, -1.000000000000000000 ) ) ;
#2024 = CARTESIAN_POINT ( 'NONE',  ( 0.5283505044260460304, -0.8783340733870780292, -3.899999999999999023 ) ) ;
#2025 = CARTESIAN_POINT ( 'NONE',  ( -0.5529378364870322082, 0.9577164262227458869, 8.206250000000000711 ) ) ;
#2026 = PERSON_AND_ORGANIZATION ( #983, #4684 ) ;
#2027 = ORIENTED_EDGE ( 'NONE', *, *, #3127, .F. ) ;
#2028 = CARTESIAN_POINT ( 'NONE',  ( -0.5529378364870384255, 0.9577164262227573222, -0.4312499999999980793 ) ) ;
#2029 = CARTESIAN_POINT ( 'NONE',  ( 0.7216878364870349394, -1.250000000000012434, 3.706250000000004263 ) ) ;
#2030 = CARTESIAN_POINT ( 'NONE',  ( -0.7357503364870361384, 1.274356964481438537, -2.948437499999998934 ) ) ;
#2031 = CARTESIAN_POINT ( 'NONE',  ( -1.245245190529010504, -1.638366380100897078E-11, 7.665245190529011765 ) ) ;
#2032 = CARTESIAN_POINT ( 'NONE',  ( -1.105875672974077073, -5.827124160413294437E-15, -3.562499999999998224 ) ) ;
#2033 = LINE ( 'NONE', #2105, #2765 ) ;
#2034 = EDGE_CURVE ( 'NONE', #1884, #2144, #827, .T. ) ;
#2035 = ORIENTED_EDGE ( 'NONE', *, *, #3621, .F. ) ;
#2036 = EDGE_CURVE ( 'NONE', #489, #556, #1347, .T. ) ;
#2037 = CARTESIAN_POINT ( 'NONE',  ( -0.5529378364870384255, 0.9577164262227572111, -2.737499999999998934 ) ) ;
#2038 = CARTESIAN_POINT ( 'NONE',  ( -0.7216878364870316087, 1.250000000000004219, -2.962500000000001243 ) ) ;
#2039 = CARTESIAN_POINT ( 'NONE',  ( 0.5529378364870320972, -0.9577164262227589875, 3.537500000000003642 ) ) ;
#2040 = CARTESIAN_POINT ( 'NONE',  ( 1.105875672974064861, -6.739435519199968560E-15, 4.006250000000002309 ) ) ;
#2041 = VERTEX_POINT ( 'NONE', #2266 ) ;
#2042 = CARTESIAN_POINT ( 'NONE',  ( 0.5529378364870383145, -0.9577164262227689795, -1.162499999999998535 ) ) ;
#2043 = CARTESIAN_POINT ( 'NONE',  ( 2.232457603721900607, 1.210965373387892008, 7.807248115923879794 ) ) ;
#2044 = CARTESIAN_POINT ( 'NONE',  ( 2.345728711729071966E-16, 0.9577164262227458869, 6.875000000000003553 ) ) ;
#2045 = CARTESIAN_POINT ( 'NONE',  ( 1.443375672974070545, -6.801433263406804649E-15, 4.737500000000002487 ) ) ;
#2046 = CARTESIAN_POINT ( 'NONE',  ( 0.000000000000000000, 1.249999999999998890, -0.7500000000000007772 ) ) ;
#2047 = AXIS2_PLACEMENT_3D ( 'NONE', #784, #2260, #399 ) ;
#2048 = CARTESIAN_POINT ( 'NONE',  ( 3.061616997868395960E-16, 1.249999999999998890, 3.443750000000004530 ) ) ;
#2049 = CARTESIAN_POINT ( 'NONE',  ( 1.082531754730551965, -0.6250000000000086597, -3.093749999999996447 ) ) ;
#2050 = CARTESIAN_POINT ( 'NONE',  ( -1.103625504730552320, 0.6371784822407147164, 8.482812500000004974 ) ) ;
#2051 = CARTESIAN_POINT ( 'NONE',  ( -1.530808498934197980E-16, -1.250000000000011990, 4.568750000000003197 ) ) ;
#2052 = APPROVAL_ROLE ( '' ) ;
#2053 = VERTEX_POINT ( 'NONE', #4406 ) ;
#2054 = VECTOR ( 'NONE', #520, 1000.000000000000114 ) ;
#2055 = CARTESIAN_POINT ( 'NONE',  ( -0.5529378364870384255, 0.9577164262227573222, -1.331249999999997824 ) ) ;
#2056 = CARTESIAN_POINT ( 'NONE',  ( -1.530808498934196994E-16, -1.250000000000010214, -1.425000000000000488 ) ) ;
#2057 = CARTESIAN_POINT ( 'NONE',  ( 0.000000000000000000, 1.274356964481438759, -3.435937499999998757 ) ) ;
#2058 = CARTESIAN_POINT ( 'NONE',  ( -1.246827795634831704, -0.04144711601492000880, 7.666827795635377640 ) ) ;
#2059 = CARTESIAN_POINT ( 'NONE',  ( 0.8294067547305576937, -0.4788582131113878204, -2.924999999999998934 ) ) ;
#2060 = CARTESIAN_POINT ( 'NONE',  ( 0.7216878364870352724, 1.249999999999998224, -3.431249999999995470 ) ) ;
#2061 = ORIENTED_EDGE ( 'NONE', *, *, #1871, .T. ) ;
#2062 = CARTESIAN_POINT ( 'NONE',  ( -0.8294067547305580268, -0.4788582131113871543, -2.624999999999998668 ) ) ;
#2063 = CARTESIAN_POINT ( 'NONE',  ( 1.443375672974069657, -6.104874219291022472E-15, -2.662500000000000533 ) ) ;
#2064 = CARTESIAN_POINT ( 'NONE',  ( 0.5529378364870329854, 0.9577164262227455538, 6.781250000000001776 ) ) ;
#2065 = CARTESIAN_POINT ( 'NONE',  ( -0.7357503364870349172, 1.274356964481435650, 6.673437500000002132 ) ) ;
#2066 = VERTEX_POINT ( 'NONE', #406 ) ;
#2067 = CARTESIAN_POINT ( 'NONE',  ( -0.5529378364870384255, 0.9577164262227572111, -1.837499999999998801 ) ) ;
#2068 = CARTESIAN_POINT ( 'NONE',  ( -1.105875672974077295, -5.768570735329061930E-15, -2.606249999999997957 ) ) ;
#2069 = ADVANCED_FACE ( 'NONE', ( #2657 ), #3709, .T. ) ;
#2070 = EDGE_CURVE ( 'NONE', #583, #99, #3265, .T. ) ;
#2071 = CARTESIAN_POINT ( 'NONE',  ( 1.082531754730552631, -0.6250000000000097700, 3.350000000000001865 ) ) ;
#2072 = VECTOR ( 'NONE', #4403, 1000.000000000000000 ) ;
#2073 = B_SPLINE_CURVE_WITH_KNOTS ( 'NONE', 3,
 ( #3027, #2234, #3775, #4128, #3338, #2331 ),
 .UNSPECIFIED., .F., .F.,
 ( 4, 2, 4 ),
 ( 0.01428862027923400585, 0.01482136163584843631, 0.01535410299246286678 ),
 .UNSPECIFIED. ) ;
#2074 = DIRECTION ( 'NONE',  ( 0.000000000000000000, -0.000000000000000000, -1.000000000000000000 ) ) ;
#2075 = CARTESIAN_POINT ( 'NONE',  ( 0.8294067547305490340, 0.4788582131113688911, 6.350000000000003197 ) ) ;
#2076 = CARTESIAN_POINT ( 'NONE',  ( -0.7216878364870350504, 1.249999999999999112, 4.831250000000006040 ) ) ;
#2077 = CARTESIAN_POINT ( 'NONE',  ( -0.7357503364870353613, -1.274356964481448307, 8.595312500000003908 ) ) ;
#2078 = DIRECTION ( 'NONE',  ( 0.000000000000000000, 0.000000000000000000, -1.000000000000000000 ) ) ;
#2079 = EDGE_LOOP ( 'NONE', ( #4389, #4557, #310, #1717 ) ) ;
#2080 = ORIENTED_EDGE ( 'NONE', *, *, #3092, .T. ) ;
#2081 = CARTESIAN_POINT ( 'NONE',  ( -0.8294067547305487009, 0.4788582131113697238, 6.443750000000002309 ) ) ;
#2082 = CARTESIAN_POINT ( 'NONE',  ( 2.249999999999998668, -1.299038105676658672, -6.873863542433758411 ) ) ;
#2083 = CARTESIAN_POINT ( 'NONE',  ( 1.471500672974072721, -6.081625065213460516E-15, -2.198437499999998934 ) ) ;
#2084 = CARTESIAN_POINT ( 'NONE',  ( -1.172864355864549048E-16, -0.9577164262227689795, -1.649999999999998579 ) ) ;
#2085 = FACE_OUTER_BOUND ( 'NONE', #1854, .T. ) ;
#2086 = ORIENTED_EDGE ( 'NONE', *, *, #1759, .T. ) ;
#2087 = CARTESIAN_POINT ( 'NONE',  ( 0.8294067547305582488, 0.4788582131113750529, -2.399999999999998579 ) ) ;
#2088 = CARTESIAN_POINT ( 'NONE',  ( 1.010731082211260512, -0.3563069253639907230, 3.200000000000226663 ) ) ;
#2089 = CARTESIAN_POINT ( 'NONE',  ( -1.105875672974064861, -6.468574098567446112E-15, 6.931250000000002132 ) ) ;
#2090 = CARTESIAN_POINT ( 'NONE',  ( 1.105875672974064861, -6.739435519199968560E-15, 3.106250000000003286 ) ) ;
#2091 = ORIENTED_EDGE ( 'NONE', *, *, #1494, .F. ) ;
#2092 = CARTESIAN_POINT ( 'NONE',  ( -0.8096241497989249414, 0.5271380196150466935, 7.377716426222748147 ) ) ;
#2093 = CARTESIAN_POINT ( 'NONE',  ( 2.249999999999998668, 3.707104213746224570E-14, 7.974019237887008948 ) ) ;
#2094 = CARTESIAN_POINT ( 'NONE',  ( -1.082531754730552853, 0.6249999999999963363, 5.375000000000001776 ) ) ;
#2095 = CARTESIAN_POINT ( 'NONE',  ( -1.103625504730554541, 0.6371784822407166038, -1.532812499999997691 ) ) ;
#2096 = EDGE_CURVE ( 'NONE', #248, #2604, #2623, .T. ) ;
#2097 = CARTESIAN_POINT ( 'NONE',  ( 0.000000000000000000, -1.258909218984051749E-16, -3.899999999999999911 ) ) ;
#2098 = CARTESIAN_POINT ( 'NONE',  ( -1.471500672974069834, -6.446186024270533869E-15, 7.170312500000003197 ) ) ;
#2099 = ORIENTED_EDGE ( 'NONE', *, *, #4351, .T. ) ;
#2100 = ORIENTED_EDGE ( 'NONE', *, *, #724, .T. ) ;
#2101 = CARTESIAN_POINT ( 'NONE',  ( 2.345728711729071966E-16, 0.9577164262227458869, 5.018750000000002487 ) ) ;
#2102 = CARTESIAN_POINT ( 'NONE',  ( 1.082531754730551965, -0.6250000000000086597, -1.743749999999996136 ) ) ;
#2103 = CARTESIAN_POINT ( 'NONE',  ( 0.7357503364870370266, 1.274356964481438315, -0.3234374999999990452 ) ) ;
#2104 = CARTESIAN_POINT ( 'NONE',  ( 1.105875672974077073, -6.029099198593781519E-15, -2.437499999999998668 ) ) ;
#2105 = CARTESIAN_POINT ( 'NONE',  ( 1.530808498934190338E-16, -1.249999999999999112, -3.899999999999999911 ) ) ;
#2106 = VERTEX_POINT ( 'NONE', #3323 ) ;
#2107 = CARTESIAN_POINT ( 'NONE',  ( -0.5529378364870384255, 0.9577164262227573222, -1.387499999999998401 ) ) ;
#2108 = CARTESIAN_POINT ( 'NONE',  ( -2.205000000000000071, -4.336808689942017736E-15, 0.000000000000000000 ) ) ;
#2109 = CARTESIAN_POINT ( 'NONE',  ( -1.172864355864535983E-16, -0.9577164262227588765, 8.393750000000002487 ) ) ;
#2110 = CARTESIAN_POINT ( 'NONE',  ( 0.8294067547305490340, 0.4788582131113688911, 3.143750000000002487 ) ) ;
#2111 = ORIENTED_EDGE ( 'NONE', *, *, #3240, .F. ) ;
#2112 = CARTESIAN_POINT ( 'NONE',  ( 0.000000000000000000, 0.9577164262227572111, -2.718749999999998224 ) ) ;
#2113 = CARTESIAN_POINT ( 'NONE',  ( 1.105875672974064861, -6.739435519199968560E-15, 8.562500000000003553 ) ) ;
#2114 = CARTESIAN_POINT ( 'NONE',  ( -1.103625504730554763, -0.6371784822407278170, -2.357812499999997424 ) ) ;
#2115 = CARTESIAN_POINT ( 'NONE',  ( -0.5186625655282683933, 1.249999999999998890, -0.6667995025356268091 ) ) ;
#2116 = CARTESIAN_POINT ( 'NONE',  ( -1.103625504730552542, -0.6371784822407272619, 6.757812500000004441 ) ) ;
#2117 = EDGE_CURVE ( 'NONE', #2174, #4510, #3757, .T. ) ;
#2118 = ORIENTED_EDGE ( 'NONE', *, *, #1081, .T. ) ;
#2119 = CARTESIAN_POINT ( 'NONE',  ( -2.058749999999989644, 1.409456344659176796, 0.1674308549307019500 ) ) ;
#2120 = ORIENTED_EDGE ( 'NONE', *, *, #4624, .F. ) ;
#2121 = CARTESIAN_POINT ( 'NONE',  ( 0.8294067547305490340, 0.4788582131113688911, 6.293750000000002842 ) ) ;
#2122 = CARTESIAN_POINT ( 'NONE',  ( 1.082531754730553519, 0.6249999999999953371, 5.168750000000004619 ) ) ;
#2123 = VECTOR ( 'NONE', #2359, 1000.000000000000000 ) ;
#2124 = CYLINDRICAL_SURFACE ( 'NONE', #1750, 1.249999999999998890 ) ;
#2125 = ADVANCED_FACE ( 'NONE', ( #3900 ), #3139, .T. ) ;
#2126 = CARTESIAN_POINT ( 'NONE',  ( -1.105875672974064861, -6.468574098567446112E-15, 5.187500000000001776 ) ) ;
#2127 = EDGE_CURVE ( 'NONE', #1799, #1712, #603, .T. ) ;
#2128 = CARTESIAN_POINT ( 'NONE',  ( 1.105875672974077073, -5.973990092632151017E-15, -1.537499999999998535 ) ) ;
#2129 = CARTESIAN_POINT ( 'NONE',  ( 3.061616997868395960E-16, 1.249999999999998890, 3.893750000000004707 ) ) ;
#2130 = VERTEX_POINT ( 'NONE', #1276 ) ;
#2131 = CARTESIAN_POINT ( 'NONE',  ( -0.7170915748299387937, -0.6733938111604985677, -0.3597656681516591681 ) ) ;
#2132 = LINE ( 'NONE', #3598, #2661 ) ;
#2133 = VECTOR ( 'NONE', #2673, 1000.000000000000000 ) ;
#2134 = CARTESIAN_POINT ( 'NONE',  ( 0.5529378364870329854, 0.9577164262227455538, 7.231250000000002842 ) ) ;
#2135 = CARTESIAN_POINT ( 'NONE',  ( -0.7357503364870353613, -1.274356964481448529, 7.273437500000002665 ) ) ;
#2136 = VERTEX_POINT ( 'NONE', #3856 ) ;
#2137 =( BOUNDED_CURVE ( )  B_SPLINE_CURVE ( 2, ( #4595, #475, #3513, #4255, #1319, #959, #3079 ),
 .UNSPECIFIED., .F., .T. ) 
 B_SPLINE_CURVE_WITH_KNOTS ( ( 3, 2, 2, 3 ),
 ( 0.4896548986874043052, 0.5081734172059227950, 0.5266919357244412847, 0.5452104542429598855 ),
 .UNSPECIFIED. ) 
 CURVE ( )  GEOMETRIC_REPRESENTATION_ITEM ( )  RATIONAL_B_SPLINE_CURVE ( ( 1.000000000000000000, 0.8660254037844388186, 1.000000000000000000, 0.8660254037844388186, 1.000000000000000000, 0.8660254037844388186, 1.000000000000000000 ) ) 
 REPRESENTATION_ITEM ( '' )  );
#2138 = CARTESIAN_POINT ( 'NONE',  ( 0.8294067547305576937, -0.4788582131113878204, -3.318749999999997868 ) ) ;
#2139 = CARTESIAN_POINT ( 'NONE',  ( 0.5529378364870329854, 0.9577164262227455538, 8.187500000000003553 ) ) ;
#2140 = CARTESIAN_POINT ( 'NONE',  ( -0.7357503364870361384, 1.274356964481438537, -2.920312499999997424 ) ) ;
#2141 = PRODUCT_RELATED_PRODUCT_CATEGORY ( 'detail', '', ( #1021 ) ) ;
#2142 = DIRECTION ( 'NONE',  ( -0.000000000000000000, 9.875224244405043999E-17, -1.000000000000000000 ) ) ;
#2143 = CARTESIAN_POINT ( 'NONE',  ( 3.121274355046670330E-16, 1.274356964481435650, 6.157812500000003908 ) ) ;
#2144 = VERTEX_POINT ( 'NONE', #3086 ) ;
#2145 = FACE_OUTER_BOUND ( 'NONE', #2079, .T. ) ;
#2146 = VECTOR ( 'NONE', #4242, 1000.000000000000000 ) ;
#2147 = CARTESIAN_POINT ( 'NONE',  ( 0.8294067547305484789, -0.4788582131113831575, 6.218750000000001776 ) ) ;
#2148 = CARTESIAN_POINT ( 'NONE',  ( 0.000000000000000000, -6.505213034913026604E-16, -0.2249999999999998945 ) ) ;
#2149 = LINE ( 'NONE', #4672, #1291 ) ;
#2150 = CARTESIAN_POINT ( 'NONE',  ( -0.8294067547305487009, 0.4788582131113697238, 5.600000000000003197 ) ) ;
#2151 = CYLINDRICAL_SURFACE ( 'NONE', #3067, 1.249999999999998890 ) ;
#2152 = ORIENTED_EDGE ( 'NONE', *, *, #2006, .F. ) ;
#2153 = EDGE_CURVE ( 'NONE', #2757, #2509, #3485, .T. ) ;
#2154 = CARTESIAN_POINT ( 'NONE',  ( 1.105875672974077295, -5.918880986670521305E-15, -0.6374999999999988454 ) ) ;
#2155 = CARTESIAN_POINT ( 'NONE',  ( -0.7216878364870358276, -1.250000000000011768, 5.431250000000004796 ) ) ;
#2156 = CARTESIAN_POINT ( 'NONE',  ( 0.8294067547305490340, 0.4788582131113688911, 3.200000000000003286 ) ) ;
#2157 = CARTESIAN_POINT ( 'NONE',  ( 0.7357503364870344731, -1.274356964481448973, 5.548437500000002132 ) ) ;
#2158 = EDGE_LOOP ( 'NONE', ( #634, #3877, #3769, #2784 ) ) ;
#2159 = CARTESIAN_POINT ( 'NONE',  ( 1.105875672974064861, -6.739435519199968560E-15, 5.862500000000003375 ) ) ;
#2160 = FACE_OUTER_BOUND ( 'NONE', #1086, .T. ) ;
#2161 =( BOUNDED_CURVE ( )  B_SPLINE_CURVE ( 2, ( #2611, #772, #4488, #3713, #3352, #821, #1542 ),
 .UNSPECIFIED., .F., .T. ) 
 B_SPLINE_CURVE_WITH_KNOTS ( ( 3, 2, 2, 3 ),
 ( 0.2435897435897436125, 0.2564102564102563875, 0.2692307692307691624, 0.2820512820512820484 ),
 .UNSPECIFIED. ) 
 CURVE ( )  GEOMETRIC_REPRESENTATION_ITEM ( )  RATIONAL_B_SPLINE_CURVE ( ( 1.000000000000000000, 0.8660254037844387076, 1.000000000000000000, 0.8660254037844387076, 1.000000000000000000, 0.8660254037844387076, 1.000000000000000000 ) ) 
 REPRESENTATION_ITEM ( '' )  );
#2162 = CARTESIAN_POINT ( 'NONE',  ( 0.000000000000000000, -1.258909218984051749E-16, -3.899999999999999911 ) ) ;
#2163 = CARTESIAN_POINT ( 'NONE',  ( 3.061616997868395960E-16, 1.249999999999998890, 4.793750000000004619 ) ) ;
#2164 = CARTESIAN_POINT ( 'NONE',  ( -0.7357503364870361384, 1.274356964481438759, -2.020312499999997957 ) ) ;
#2165 = EDGE_CURVE ( 'NONE', #1486, #1017, #3451, .T. ) ;
#2166 = DIRECTION ( 'NONE',  ( -0.000000000000000000, 9.875224244405043999E-17, -1.000000000000000000 ) ) ;
#2167 = CARTESIAN_POINT ( 'NONE',  ( -0.7357503364870348062, 1.274356964481435428, 7.095312500000004796 ) ) ;
#2168 = ORIENTED_EDGE ( 'NONE', *, *, #4717, .T. ) ;
#2169 = CARTESIAN_POINT ( 'NONE',  ( -1.172864355864535983E-16, -0.9577164262227588765, 5.243750000000003020 ) ) ;
#2170 = ADVANCED_FACE ( 'NONE', ( #3059 ), #3879, .T. ) ;
#2171 = DIRECTION ( 'NONE',  ( -0.000000000000000000, 9.875224244405043999E-17, -1.000000000000000000 ) ) ;
#2172 = CARTESIAN_POINT ( 'NONE',  ( -0.8294067547305488119, -0.4788582131113825469, 5.675000000000003375 ) ) ;
#2173 = CARTESIAN_POINT ( 'NONE',  ( -2.058749999992248281, 1.409456344663646110, 7.832569145071528460 ) ) ;
#2174 = VERTEX_POINT ( 'NONE', #2703 ) ;
#2175 = CARTESIAN_POINT ( 'NONE',  ( -0.8294067547305579158, 0.4788582131113759410, -0.4499999999999985678 ) ) ;
#2176 = CARTESIAN_POINT ( 'NONE',  ( 0.000000000000000000, -1.258909218984051749E-16, -3.899999999999999911 ) ) ;
#2177 = PRODUCT_DEFINITION_SHAPE ( 'NONE', 'NONE',  #3930 ) ;
#2178 = CARTESIAN_POINT ( 'NONE',  ( -0.5529378364870322082, 0.9577164262227458869, 4.606250000000001954 ) ) ;
#2179 = CARTESIAN_POINT ( 'NONE',  ( -0.7357503364870349172, 1.274356964481435650, 6.223437500000001066 ) ) ;
#2180 = EDGE_CURVE ( 'NONE', #3761, #2852, #4030, .T. ) ;
#2181 = VERTEX_POINT ( 'NONE', #3446 ) ;
#2182 = CARTESIAN_POINT ( 'NONE',  ( 0.8294067547305490340, 0.4788582131113688911, 5.450000000000003730 ) ) ;
#2183 = CARTESIAN_POINT ( 'NONE',  ( 0.5529378364870383145, -0.9577164262227689795, -1.106249999999997957 ) ) ;
#2184 = CARTESIAN_POINT ( 'NONE',  ( 0.7216878364870349394, -1.250000000000012434, 7.306250000000003908 ) ) ;
#2185 = CARTESIAN_POINT ( 'NONE',  ( 0.5529378364870329854, 0.9577164262227455538, 7.681250000000002132 ) ) ;
#2186 = CARTESIAN_POINT ( 'NONE',  ( 1.471500672974072721, -6.052348352671343474E-15, -1.720312499999997247 ) ) ;
#2187 = CARTESIAN_POINT ( 'NONE',  ( -1.099165880508741866, 1.336351044127974736E-15, 7.519165880508745126 ) ) ;
#2188 = CARTESIAN_POINT ( 'NONE',  ( 3.121274355046670330E-16, 1.274356964481435650, 5.707812500000004619 ) ) ;
#2189 = CARTESIAN_POINT ( 'NONE',  ( 1.443375672974070545, -6.801433263406804649E-15, 5.581250000000004263 ) ) ;
#2190 = DIRECTION ( 'NONE',  ( 0.000000000000000000, 1.000000000000000000, 0.000000000000000000 ) ) ;
#2191 = LINE ( 'NONE', #4718, #191 ) ;
#2192 = CARTESIAN_POINT ( 'NONE',  ( 0.7357503364870359164, -1.274356964481450305, -0.9234374999999989120 ) ) ;
#2193 = CARTESIAN_POINT ( 'NONE',  ( 2.345728711729071966E-16, 0.9577164262227458869, 5.075000000000002842 ) ) ;
#2194 = CARTESIAN_POINT ( 'NONE',  ( 3.061616997868396453E-16, 1.249999999999998890, 3.950000000000001066 ) ) ;
#2195 = EDGE_LOOP ( 'NONE', ( #1024, #3432, #2296, #1836 ) ) ;
#2196 = AXIS2_PLACEMENT_3D ( 'NONE', #2176, #1400, #2560 ) ;
#2197 = CARTESIAN_POINT ( 'NONE',  ( 1.105875672974077295, -6.025654879471180303E-15, -2.381249999999998312 ) ) ;
#2198 = CARTESIAN_POINT ( 'NONE',  ( 0.7216878364870352724, 1.249999999999998224, -0.7312499999999957367 ) ) ;
#2199 = CARTESIAN_POINT ( 'NONE',  ( 1.105875672974064861, -6.739435519199968560E-15, 5.806250000000002132 ) ) ;
#2200 = CARTESIAN_POINT ( 'NONE',  ( -1.471500672974070056, -6.446186024270533869E-15, 4.048437500000002132 ) ) ;
#2201 = ORIENTED_EDGE ( 'NONE', *, *, #669, .T. ) ;
#2202 = CARTESIAN_POINT ( 'NONE',  ( 0.8294067547305484789, -0.4788582131113831575, 5.375000000000002665 ) ) ;
#2203 = CARTESIAN_POINT ( 'NONE',  ( 0.5529378364870383145, -0.9577164262227689795, -0.6562499999999978906 ) ) ;
#2204 = CARTESIAN_POINT ( 'NONE',  ( 0.5529378364870320972, -0.9577164262227589875, 6.687500000000004441 ) ) ;
#2205 = CARTESIAN_POINT ( 'NONE',  ( -0.5529378364870322082, 0.9577164262227458869, 6.856250000000002842 ) ) ;
#2206 = CARTESIAN_POINT ( 'NONE',  ( -1.471500672974072721, -5.623048252399131167E-15, -0.5953124999999976907 ) ) ;
#2207 = ADVANCED_FACE ( 'NONE', ( #4552 ), #1249, .F. ) ;
#2208 = ADVANCED_FACE ( 'NONE', ( #3520 ), #3833, .T. ) ;
#2209 = CARTESIAN_POINT ( 'NONE',  ( -0.9566528859284677555, 0.04512215532987735866, 7.377716426222753476 ) ) ;
#2210 = CARTESIAN_POINT ( 'NONE',  ( 0.7357503364870344731, -1.274356964481448751, 3.720312500000003908 ) ) ;
#2211 = CARTESIAN_POINT ( 'NONE',  ( -0.8294067547305580268, -0.4788582131113871543, -2.118749999999997691 ) ) ;
#2212 = CARTESIAN_POINT ( 'NONE',  ( 0.8294067547305582488, 0.4788582131113750529, -2.399999999999998579 ) ) ;
#2213 = CARTESIAN_POINT ( 'NONE',  ( 0.000000000000000000, -1.258909218984051749E-16, -3.899999999999999911 ) ) ;
#2214 = CARTESIAN_POINT ( 'NONE',  ( -1.082531754730553075, -0.6250000000000088818, 4.493750000000004796 ) ) ;
#2215 = CARTESIAN_POINT ( 'NONE',  ( 1.443375672974070545, -6.801433263406804649E-15, 6.087500000000001243 ) ) ;
#2216 = CARTESIAN_POINT ( 'NONE',  ( 0.5529378364870320972, -0.9577164262227589875, 5.337500000000003020 ) ) ;
#2217 = DIRECTION ( 'NONE',  ( 0.000000000000000000, 1.000000000000000000, 0.000000000000000000 ) ) ;
#2218 = ORIENTED_EDGE ( 'NONE', *, *, #1879, .F. ) ;
#2219 = CARTESIAN_POINT ( 'NONE',  ( 0.8294067547305582488, 0.4788582131113749973, -2.793749999999997513 ) ) ;
#2220 = CARTESIAN_POINT ( 'NONE',  ( 2.058749999992247393, 1.409456344663646776, 0.1674308549284712899 ) ) ;
#2221 = AXIS2_PLACEMENT_3D ( 'NONE', #455, #111, #4549 ) ;
#2222 = CARTESIAN_POINT ( 'NONE',  ( -0.8294067547305488119, -0.4788582131113825469, 4.718750000000002665 ) ) ;
#2223 = CARTESIAN_POINT ( 'NONE',  ( 0.7357503364870344731, -1.274356964481448973, 5.998437500000002309 ) ) ;
#2224 = ORIENTED_EDGE ( 'NONE', *, *, #4174, .T. ) ;
#2225 = CARTESIAN_POINT ( 'NONE',  ( 1.105875672974077073, -5.915436667547917723E-15, -0.5812499999999980460 ) ) ;
#2226 = CARTESIAN_POINT ( 'NONE',  ( -0.6371738819754905192, 0.7150036343859765831, 7.377716426222748147 ) ) ;
#2227 = CARTESIAN_POINT ( 'NONE',  ( -0.8294067547305579158, 0.4788582131113758300, -2.193749999999997868 ) ) ;
#2228 = CARTESIAN_POINT ( 'NONE',  ( 1.105875672974064861, -6.739435519199968560E-15, 7.662500000000003197 ) ) ;
#2229 = CARTESIAN_POINT ( 'NONE',  ( -0.5529378364870322082, 0.9577164262227458869, 7.306250000000003020 ) ) ;
#2230 = CARTESIAN_POINT ( 'NONE',  ( -0.7357503364870368046, -1.274356964481449861, -1.420312499999997424 ) ) ;
#2231 = CARTESIAN_POINT ( 'NONE',  ( 2.250000000000000000, -1.144202757444292118, 7.816101921067747149 ) ) ;
#2232 = CARTESIAN_POINT ( 'NONE',  ( 3.121274355046670330E-16, 1.274356964481435650, 4.807812500000004263 ) ) ;
#2233 = CARTESIAN_POINT ( 'NONE',  ( -0.8294067547305579158, 0.4788582131113757745, -3.093749999999997335 ) ) ;
#2234 = CARTESIAN_POINT ( 'NONE',  ( 2.249999999999999556, 0.1815684368585910313, 0.02598076211354063275 ) ) ;
#2235 = EDGE_CURVE ( 'NONE', #4329, #112, #3294, .T. ) ;
#2236 = DIRECTION ( 'NONE',  ( 0.000000000000000000, 1.000000000000000000, 0.000000000000000000 ) ) ;
#2237 = CARTESIAN_POINT ( 'NONE',  ( -2.249999999999999112, 0.3656725875381995894, 7.960859378059773839 ) ) ;
#2238 = CARTESIAN_POINT ( 'NONE',  ( 2.249999999999998668, 0.1816880903466449870, 7.974019237886462719 ) ) ;
#2239 = CARTESIAN_POINT ( 'NONE',  ( -0.1912500000000085520, 2.487657972370793225, 7.832569145069298244 ) ) ;
#2240 = CARTESIAN_POINT ( 'NONE',  ( -1.530808498934198227E-16, -1.250000000000011990, 3.725000000000002309 ) ) ;
#2241 = VERTEX_POINT ( 'NONE', #919 ) ;
#2242 = CARTESIAN_POINT ( 'NONE',  ( -0.8294067547305579158, 0.4788582131113757745, -3.543749999999997957 ) ) ;
#2243 = CARTESIAN_POINT ( 'NONE',  ( -0.7216878364870358276, -1.250000000000011768, 6.331250000000004263 ) ) ;
#2244 = CARTESIAN_POINT ( 'NONE',  ( -0.8294067547305488119, -0.4788582131113825469, 5.168750000000002842 ) ) ;
#2245 = CARTESIAN_POINT ( 'NONE',  ( -1.103625504730552764, -0.6371784822407273730, 6.335937500000001776 ) ) ;
#2246 = EDGE_LOOP ( 'NONE', ( #2016, #658, #1878, #2847 ) ) ;
#2247 = CARTESIAN_POINT ( 'NONE',  ( -0.5529378364870384255, 0.9577164262227571001, -1.781249999999998224 ) ) ;
#2248 = CARTESIAN_POINT ( 'NONE',  ( -0.8294067547305488119, -0.4788582131113825469, 3.875000000000003553 ) ) ;
#2249 = CARTESIAN_POINT ( 'NONE',  ( -0.8294067547305580268, -0.4788582131113871543, -2.118749999999997691 ) ) ;
#2250 = EDGE_CURVE ( 'NONE', #688, #1594, #1734, .T. ) ;
#2251 = CARTESIAN_POINT ( 'NONE',  ( -0.5529378364870326523, -0.9577164262227586544, 7.962500000000003020 ) ) ;
#2252 = CARTESIAN_POINT ( 'NONE',  ( 0.8294067547305490340, 0.4788582131113688911, 6.293750000000002842 ) ) ;
#2253 = ORIENTED_EDGE ( 'NONE', *, *, #1257, .T. ) ;
#2254 = CARTESIAN_POINT ( 'NONE',  ( -0.8294067547305579158, 0.4788582131113757745, -3.149999999999998135 ) ) ;
#2255 = LINE ( 'NONE', #3721, #228 ) ;
#2256 = CARTESIAN_POINT ( 'NONE',  ( 1.471500672974069834, -6.806599742090707656E-15, 4.245312500000004263 ) ) ;
#2257 = CARTESIAN_POINT ( 'NONE',  ( -0.6710041598264171459, -0.6833550837979863735, -3.899999999999999911 ) ) ;
#2258 = CARTESIAN_POINT ( 'NONE',  ( 3.061616997868395960E-16, 1.249999999999998890, 5.693750000000004974 ) ) ;
#2259 = DIRECTION ( 'NONE',  ( -0.000000000000000000, 9.875224244405043999E-17, -1.000000000000000000 ) ) ;
#2260 = DIRECTION ( 'NONE',  ( -0.000000000000000000, 9.875224244405043999E-17, -1.000000000000000000 ) ) ;
#2261 = CARTESIAN_POINT ( 'NONE',  ( -1.443375672974070545, -6.447908183831835661E-15, 4.962500000000000355 ) ) ;
#2262 = CARTESIAN_POINT ( 'NONE',  ( 0.8294067547305484789, -0.4788582131113831575, 3.125000000000003553 ) ) ;
#2263 = CARTESIAN_POINT ( 'NONE',  ( -0.1912500000077532736, -2.487657972366325687, 7.832569145071530237 ) ) ;
#2264 = ORIENTED_EDGE ( 'NONE', *, *, #4325, .T. ) ;
#2265 = CARTESIAN_POINT ( 'NONE',  ( 0.5529378364870390916, 0.9577164262227568781, -3.206249999999997602 ) ) ;
#2266 = CARTESIAN_POINT ( 'NONE',  ( -1.245245190529010504, -1.638366380100897078E-11, 7.665245190529011765 ) ) ;
#2267 = EDGE_CURVE ( 'NONE', #3731, #3072, #1443, .T. ) ;
#2268 = ADVANCED_FACE ( 'NONE', ( #1372 ), #3656, .T. ) ;
#2269 = CARTESIAN_POINT ( 'NONE',  ( -0.8294067547305487009, 0.4788582131113697238, 6.443750000000002309 ) ) ;
#2270 = CARTESIAN_POINT ( 'NONE',  ( 2.249999999999997780, -1.144185005067726912, 0.1838936497299143435 ) ) ;
#2271 = ORIENTED_EDGE ( 'NONE', *, *, #1766, .T. ) ;
#2272 = AXIS2_PLACEMENT_3D ( 'NONE', #1034, #4742, #3966 ) ;
#2273 = CARTESIAN_POINT ( 'NONE',  ( -0.8294067547305580268, -0.4788582131113870988, -1.218749999999998002 ) ) ;
#2274 = CARTESIAN_POINT ( 'NONE',  ( -1.105875672974064861, -6.468574098567446901E-15, 4.737500000000004263 ) ) ;
#2275 = CARTESIAN_POINT ( 'NONE',  ( 0.5529378364870390916, 0.9577164262227571001, -1.406249999999997558 ) ) ;
#2276 = CARTESIAN_POINT ( 'NONE',  ( -0.8294067547305488119, -0.4788582131113825469, 7.025000000000003908 ) ) ;
#2277 = CARTESIAN_POINT ( 'NONE',  ( -0.5529378364870326523, -0.9577164262227586544, 7.006250000000002309 ) ) ;
#2278 = ORIENTED_EDGE ( 'NONE', *, *, #1352, .T. ) ;
#2279 = CARTESIAN_POINT ( 'NONE',  ( 0.8294067547305576937, -0.4788582131113878204, -2.924999999999998934 ) ) ;
#2280 = DIRECTION ( 'NONE',  ( 1.000000000000000000, 0.000000000000000000, 0.000000000000000000 ) ) ;
#2281 = CARTESIAN_POINT ( 'NONE',  ( 1.103625504730552986, 0.6371784822407137172, 4.282812500000004796 ) ) ;
#2282 = CARTESIAN_POINT ( 'NONE',  ( 0.8294067547305576937, -0.4788582131113878204, -2.868749999999998135 ) ) ;
#2283 =( BOUNDED_CURVE ( )  B_SPLINE_CURVE ( 2, ( #2746, #157, #1339, #3512, #1599, #2794, #2820 ),
 .UNSPECIFIED., .F., .T. ) 
 B_SPLINE_CURVE_WITH_KNOTS ( ( 3, 2, 2, 3 ),
 ( 0.2051282051282050656, 0.2179487179487179516, 0.2307692307692307265, 0.2435897435897436125 ),
 .UNSPECIFIED. ) 
 CURVE ( )  GEOMETRIC_REPRESENTATION_ITEM ( )  RATIONAL_B_SPLINE_CURVE ( ( 1.000000000000000000, 0.8660254037844387076, 1.000000000000000000, 0.8660254037844387076, 1.000000000000000000, 0.8660254037844387076, 1.000000000000000000 ) ) 
 REPRESENTATION_ITEM ( '' )  );
#2284 = CARTESIAN_POINT ( 'NONE',  ( -0.8294067547305488119, -0.4788582131113825469, 4.268750000000002487 ) ) ;
#2285 = CARTESIAN_POINT ( 'NONE',  ( -1.443375672974070545, -6.447908183831835661E-15, 4.456250000000004263 ) ) ;
#2286 = CARTESIAN_POINT ( 'NONE',  ( 0.7216878364870360496, 1.249999999999998446, 6.162500000000002309 ) ) ;
#2287 = CARTESIAN_POINT ( 'NONE',  ( -0.1755646180643117005, 1.018201585868754977, 3.200000000000000622 ) ) ;
#2288 = FACE_OUTER_BOUND ( 'NONE', #4012, .T. ) ;
#2289 = ORIENTED_EDGE ( 'NONE', *, *, #615, .T. ) ;
#2290 = CARTESIAN_POINT ( 'NONE',  ( 0.8294067547305576937, -0.4788582131113878204, -2.868749999999998135 ) ) ;
#2291 = DIRECTION ( 'NONE',  ( 0.000000000000000000, 1.000000000000000000, 0.000000000000000000 ) ) ;
#2292 = VECTOR ( 'NONE', #2766, 1000.000000000000000 ) ;
#2293 = EDGE_CURVE ( 'NONE', #3854, #3502, #692, .T. ) ;
#2294 = CARTESIAN_POINT ( 'NONE',  ( 0.5529378364870390916, 0.9577164262227568781, -3.262499999999998401 ) ) ;
#2295 = CARTESIAN_POINT ( 'NONE',  ( -0.7357503364870349172, 1.274356964481435650, 3.523437500000002220 ) ) ;
#2296 = ORIENTED_EDGE ( 'NONE', *, *, #3028, .T. ) ;
#2297 = ADVANCED_FACE ( 'NONE', ( #1801 ), #3122, .F. ) ;
#2298 = CARTESIAN_POINT ( 'NONE',  ( -0.8294067547305579158, 0.4788582131113758855, -1.743749999999997913 ) ) ;
#2299 = CARTESIAN_POINT ( 'NONE',  ( 0.5529378364870320972, -0.9577164262227590985, 4.437500000000003553 ) ) ;
#2300 = CARTESIAN_POINT ( 'NONE',  ( 0.8294067547305484789, -0.4788582131113831575, 7.175000000000003375 ) ) ;
#2301 = CARTESIAN_POINT ( 'NONE',  ( 0.5529378364870329854, 0.9577164262227455538, 3.631250000000002753 ) ) ;
#2302 = ORIENTED_EDGE ( 'NONE', *, *, #2478, .T. ) ;
#2303 = CARTESIAN_POINT ( 'NONE',  ( 0.7357503364870370266, 1.274356964481438315, -1.195312499999997558 ) ) ;
#2304 = CARTESIAN_POINT ( 'NONE',  ( -0.8757865865275955564, -0.8919068644529902778, -3.674999999999999378 ) ) ;
#2305 = CARTESIAN_POINT ( 'NONE',  ( -1.172864355864535983E-16, -0.9577164262227588765, 8.450000000000002842 ) ) ;
#2306 = CARTESIAN_POINT ( 'NONE',  ( -1.172864355864549048E-16, -0.9577164262227689795, -2.493749999999997691 ) ) ;
#2307 = CARTESIAN_POINT ( 'NONE',  ( 0.000000000000000000, 1.182716426222756967, 1.261605854127993807E-16 ) ) ;
#2308 = B_SPLINE_CURVE_WITH_KNOTS ( 'NONE', 3,
 ( #2473, #3302, #4771, #3255 ),
 .UNSPECIFIED., .F., .F.,
 ( 4, 4 ),
 ( 0.01053355035200902352, 0.01161989461495913263 ),
 .UNSPECIFIED. ) ;
#2309 = CARTESIAN_POINT ( 'NONE',  ( 3.061616997868396453E-16, 1.249999999999998890, 6.200000000000001954 ) ) ;
#2310 = CARTESIAN_POINT ( 'NONE',  ( 0.8369489642246915606, 0.7584485315880770129, -3.820544302250977964 ) ) ;
#2311 = CARTESIAN_POINT ( 'NONE',  ( 0.5529378364870320972, -0.9577164262227589875, 3.987500000000002931 ) ) ;
#2312 =( BOUNDED_SURFACE ( )  B_SPLINE_SURFACE ( 1, 2, ( 
 ( #146, #1666, #2758, #3503, #2786, #1613, #1637, #897, #4582, #3118, #3068, #2372, #609, #1255, #3093, #3839, #1282, #1233, #4193, #2708, #4558, #197, #2735, #1331, #4244, #584, #536, #3145, #2012, #1308, #4268, #2421, #558, #3479, #4609, #4221, #925, #2037, #3885, #2397, #2062, #3526, #1691, #222, #4632, #870, #2087, #120, #4535, #3212, #4359, #630, #3973, #2559, #717, #3573, #4385, #3551, #244, #3278, #1082, #1713, #3189, #4014, #4314, #1061, #4655, #1353, #268, #997, #1422, #4702, #3616, #2107, #4748, #1737, #311, #1446, #2515, #2540, #4336, #2496, #1399, #3994, #2834, #697, #1378, #1807, #3254, #2873, #1039, #2472, #4677, #2154, #4293, #3932, #2853, #653, #2175, #1018, #288, #2131, #675, #3952, #1782 ),
 ( #4723, #2894, #3597, #2918, #3640, #1760, #334, #3235, #2632, #1179, #790, #767, #3371, #4483, #2242, #4040, #4111, #3301, #740, #1537, #1487, #3687, #3396, #2265, #4136, #64, #457, #3708, #816, #1932, #1855, #4506, #2290, #4064, #2219, #1512, #2656, #4089, #405, #1202, #383, #1465, #4405, #2680, #3322, #2197, #4458, #3035, #3013, #3661, #1560, #1153, #1880, #4431, #3756, #3345, #38, #357, #90, #1831, #1128, #3733, #4769, #2990, #2940, #2582, #2605, #1103, #432, #13, #2964, #1905, #941, #2055, #3855, #3058, #4601, #189, #1275, #4529, #3832, #1301, #1226, #2390, #3806, #1955, #3419, #3519, #1657, #113, #480, #1584, #576, #2752, #4212, #2315, #2413, #2028, #1983, #1630, #164, #918, #551, #889, #3783 ) ),
 .UNSPECIFIED., .F., .F., .F. ) 
 B_SPLINE_SURFACE_WITH_KNOTS ( ( 2, 2 ),
 ( 3, 2, 2, 2, 2, 2, 2, 2, 2, 2, 2, 2, 2, 2, 2, 2, 2, 2, 2, 2, 2, 2, 2, 2, 2, 2, 2, 2, 2, 2, 2, 2, 2, 2, 2, 2, 2, 2, 2, 2, 2, 2, 2, 2, 2, 2, 2, 2, 2, 2, 2, 2, 3 ),
 ( 0.000000000000000000, 1.000000000000000000 ),
 ( 0.000000000000000000, 0.01851851851851851749, 0.03703703703703703498, 0.05555555555555555247, 0.07407407407407406996, 0.09259259259259258745, 0.1111111111111111049, 0.1296296296296296224, 0.1481481481481481399, 0.1666666666666666574, 0.1851851851851851749, 0.2037037037037036924, 0.2222222222222222099, 0.2407407407407407274, 0.2592592592592592449, 0.2777777777777777901, 0.2962962962962962798, 0.3148148148148148251, 0.3333333333333333148, 0.3518518518518518601, 0.3703703703703703498, 0.3888888888888888951, 0.4074074074074073848, 0.4259259259259259300, 0.4444444444444444198, 0.4629629629629629650, 0.4814814814814814548, 0.5000000000000000000, 0.5185185185185184897, 0.5370370370370370905, 0.5555555555555555802, 0.5740740740740740700, 0.5925925925925925597, 0.6111111111111111605, 0.6296296296296296502, 0.6481481481481481399, 0.6666666666666666297, 0.6851851851851852304, 0.7037037037037037202, 0.7222222222222222099, 0.7407407407407406996, 0.7592592592592593004, 0.7777777777777777901, 0.7962962962962962798, 0.8148148148148147696, 0.8333333333333333703, 0.8518518518518518601, 0.8703703703703703498, 0.8888888888888888395, 0.9074074074074074403, 0.9259259259259259300, 0.9340992183188356890, 0.9434402105020240903 ),
 .UNSPECIFIED. ) 
 GEOMETRIC_REPRESENTATION_ITEM ( )  RATIONAL_B_SPLINE_SURFACE ( (
 ( 1.000000000000000000, 0.8660254037844387076, 1.000000000000000000, 0.8660254037844387076, 1.000000000000000000, 0.8660254037844387076, 1.000000000000000000, 0.8660254037844387076, 1.000000000000000000, 0.8660254037844387076, 1.000000000000000000, 0.8660254037844387076, 1.000000000000000000, 0.8660254037844387076, 1.000000000000000000, 0.8660254037844387076, 1.000000000000000000, 0.8660254037844387076, 1.000000000000000000, 0.8660254037844387076, 1.000000000000000000, 0.8660254037844387076, 1.000000000000000000, 0.8660254037844387076, 1.000000000000000000, 0.8660254037844387076, 1.000000000000000000, 0.8660254037844387076, 1.000000000000000000, 0.8660254037844387076, 1.000000000000000000, 0.8660254037844387076, 1.000000000000000000, 0.8660254037844387076, 1.000000000000000000, 0.8660254037844387076, 1.000000000000000000, 0.8660254037844387076, 1.000000000000000000, 0.8660254037844387076, 1.000000000000000000, 0.8660254037844387076, 1.000000000000000000, 0.8660254037844387076, 1.000000000000000000, 0.8660254037844387076, 1.000000000000000000, 0.8660254037844387076, 1.000000000000000000, 0.8660254037844387076, 1.000000000000000000, 0.8660254037844387076, 1.000000000000000000, 0.8660254037844387076, 1.000000000000000000, 0.8660254037844387076, 1.000000000000000000, 0.8660254037844387076, 1.000000000000000000, 0.8660254037844387076, 1.000000000000000000, 0.8660254037844387076, 1.000000000000000000, 0.8660254037844387076, 1.000000000000000000, 0.8660254037844387076, 1.000000000000000000, 0.8660254037844387076, 1.000000000000000000, 0.8660254037844387076, 1.000000000000000000, 0.8660254037844387076, 1.000000000000000000, 0.8660254037844387076, 1.000000000000000000, 0.8660254037844387076, 1.000000000000000000, 0.8660254037844387076, 1.000000000000000000, 0.8660254037844387076, 1.000000000000000000, 0.8660254037844387076, 1.000000000000000000, 0.8660254037844387076, 1.000000000000000000, 0.8660254037844387076, 1.000000000000000000, 0.8660254037844387076, 1.000000000000000000, 0.8660254037844387076, 1.000000000000000000, 0.8660254037844387076, 1.000000000000000000, 0.8660254037844387076, 1.000000000000000000, 0.8660254037844387076, 1.000000000000000000, 0.8660254037844387076, 1.000000000000000000, 0.8660254037844387076, 1.000000000000000000, 0.9408692684030425246, 0.9339341547509341090, 0.9339341547509341090, 0.9339341547509341090),
 ( 1.000000000000000000, 0.8660254037844387076, 1.000000000000000000, 0.8660254037844387076, 1.000000000000000000, 0.8660254037844387076, 1.000000000000000000, 0.8660254037844387076, 1.000000000000000000, 0.8660254037844387076, 1.000000000000000000, 0.8660254037844387076, 1.000000000000000000, 0.8660254037844387076, 1.000000000000000000, 0.8660254037844387076, 1.000000000000000000, 0.8660254037844387076, 1.000000000000000000, 0.8660254037844387076, 1.000000000000000000, 0.8660254037844387076, 1.000000000000000000, 0.8660254037844387076, 1.000000000000000000, 0.8660254037844387076, 1.000000000000000000, 0.8660254037844387076, 1.000000000000000000, 0.8660254037844387076, 1.000000000000000000, 0.8660254037844387076, 1.000000000000000000, 0.8660254037844387076, 1.000000000000000000, 0.8660254037844387076, 1.000000000000000000, 0.8660254037844387076, 1.000000000000000000, 0.8660254037844387076, 1.000000000000000000, 0.8660254037844387076, 1.000000000000000000, 0.8660254037844387076, 1.000000000000000000, 0.8660254037844387076, 1.000000000000000000, 0.8660254037844387076, 1.000000000000000000, 0.8660254037844387076, 1.000000000000000000, 0.8660254037844387076, 1.000000000000000000, 0.8660254037844387076, 1.000000000000000000, 0.8660254037844387076, 1.000000000000000000, 0.8660254037844387076, 1.000000000000000000, 0.8660254037844387076, 1.000000000000000000, 0.8660254037844387076, 1.000000000000000000, 0.8660254037844387076, 1.000000000000000000, 0.8660254037844387076, 1.000000000000000000, 0.8660254037844387076, 1.000000000000000000, 0.8660254037844387076, 1.000000000000000000, 0.8660254037844387076, 1.000000000000000000, 0.8660254037844387076, 1.000000000000000000, 0.8660254037844387076, 1.000000000000000000, 0.8660254037844387076, 1.000000000000000000, 0.8660254037844387076, 1.000000000000000000, 0.8660254037844387076, 1.000000000000000000, 0.8660254037844387076, 1.000000000000000000, 0.8660254037844387076, 1.000000000000000000, 0.8660254037844387076, 1.000000000000000000, 0.8660254037844387076, 1.000000000000000000, 0.8660254037844387076, 1.000000000000000000, 0.8660254037844387076, 1.000000000000000000, 0.8660254037844387076, 1.000000000000000000, 0.8660254037844387076, 1.000000000000000000, 0.8660254037844387076, 1.000000000000000000, 0.9408692684030425246, 0.9339341547509341090, 0.9339341547509341090, 0.9339341547509341090) ) ) 
 REPRESENTATION_ITEM ( '' )  SURFACE ( )  );
#2313 = CARTESIAN_POINT ( 'NONE',  ( -1.753246730713072798, 1.585838739420289301, 7.920583650766600314 ) ) ;
#2314 = ORIENTED_EDGE ( 'NONE', *, *, #3829, .F. ) ;
#2315 = CARTESIAN_POINT ( 'NONE',  ( 0.5529378364870390916, 0.9577164262227571001, -0.5062499999999979794 ) ) ;
#2316 = FACE_OUTER_BOUND ( 'NONE', #1931, .T. ) ;
#2317 = CARTESIAN_POINT ( 'NONE',  ( 0.5529378364870382034, -0.9577164262227693126, -3.412499999999998312 ) ) ;
#2318 = CARTESIAN_POINT ( 'NONE',  ( 0.7357503364870344731, -1.274356964481448973, 3.748437500000001421 ) ) ;
#2319 = ORIENTED_EDGE ( 'NONE', *, *, #437, .T. ) ;
#2320 = CARTESIAN_POINT ( 'NONE',  ( 0.000000000000000000, 0.9577164262227572111, -1.818749999999997868 ) ) ;
#2321 = CARTESIAN_POINT ( 'NONE',  ( -1.105875672974064861, -6.468574098567446901E-15, 3.837500000000003020 ) ) ;
#2322 = EDGE_CURVE ( 'NONE', #3123, #887, #4280, .T. ) ;
#2323 = CARTESIAN_POINT ( 'NONE',  ( -1.172864355864535983E-16, -0.9577164262227588765, 5.300000000000003375 ) ) ;
#2324 = CARTESIAN_POINT ( 'NONE',  ( -1.172864355864535983E-16, -0.9577164262227588765, 5.243750000000003020 ) ) ;
#2325 = VERTEX_POINT ( 'NONE', #3272 ) ;
#2326 = CARTESIAN_POINT ( 'NONE',  ( -1.172864355864549048E-16, -0.9577164262227688685, -1.199999999999998845 ) ) ;
#2327 = CARTESIAN_POINT ( 'NONE',  ( -2.115908655028116314, -1.376455779792177037, 7.816101921067414082 ) ) ;
#2328 = EDGE_CURVE ( 'NONE', #4307, #1884, #3941, .T. ) ;
#2329 = CARTESIAN_POINT ( 'NONE',  ( -1.105875672974064861, -6.468574098567446112E-15, 7.437500000000002665 ) ) ;
#2330 = DIRECTION ( 'NONE',  ( -0.000000000000000000, 9.875224244405043999E-17, -1.000000000000000000 ) ) ;
#2331 = CARTESIAN_POINT ( 'NONE',  ( 2.249999999999998668, 1.078201627711622201, 0.1674308549307038929 ) ) ;
#2332 = MANIFOLD_SOLID_BREP ( 'Cut-Extrude3', #3714 ) ;
#2333 = LINE ( 'NONE', #4179, #1967 ) ;
#2334 = CARTESIAN_POINT ( 'NONE',  ( -1.530808498934196994E-16, -1.250000000000010436, -2.325000000000000178 ) ) ;
#2335 = CARTESIAN_POINT ( 'NONE',  ( 0.3583698660659616619, -0.9400863379463358926, -3.899999999999997691 ) ) ;
#2336 = CARTESIAN_POINT ( 'NONE',  ( 2.345728711729071966E-16, 0.9577164262227458869, 3.725000000000003642 ) ) ;
#2337 = CARTESIAN_POINT ( 'NONE',  ( -1.211344358491332818, 0.2070080072499187185, -3.718757887314083632 ) ) ;
#2338 = EDGE_LOOP ( 'NONE', ( #3707, #2319, #1231, #2678 ) ) ;
#2339 = CARTESIAN_POINT ( 'NONE',  ( -0.07966064687378819620, -1.033856193754800090, 7.447982184922097737 ) ) ;
#2340 = CARTESIAN_POINT ( 'NONE',  ( -1.082531754730552409, -0.6250000000000077716, -1.500000000000000444 ) ) ;
#2341 =( BOUNDED_CURVE ( )  B_SPLINE_CURVE ( 2, ( #2480, #4344, #2094, #3625, #3980, #1769, #253 ),
 .UNSPECIFIED., .F., .T. ) 
 B_SPLINE_CURVE_WITH_KNOTS ( ( 3, 2, 2, 3 ),
 ( 0.4358974358974359031, 0.4487179487179486781, 0.4615384615384615641, 0.4743589743589743390 ),
 .UNSPECIFIED. ) 
 CURVE ( )  GEOMETRIC_REPRESENTATION_ITEM ( )  RATIONAL_B_SPLINE_CURVE ( ( 1.000000000000000000, 0.8660254037844387076, 1.000000000000000000, 0.8660254037844387076, 1.000000000000000000, 0.8660254037844387076, 1.000000000000000000 ) ) 
 REPRESENTATION_ITEM ( '' )  );
#2342 = CARTESIAN_POINT ( 'NONE',  ( -0.9538313807006933986, -0.4901190480161517482, -3.860219246798502812 ) ) ;
#2343 = CARTESIAN_POINT ( 'NONE',  ( 1.103625504730553208, 0.6371784822407138282, 3.860937500000002576 ) ) ;
#2344 = ORIENTED_EDGE ( 'NONE', *, *, #2036, .T. ) ;
#2345 = CARTESIAN_POINT ( 'NONE',  ( -1.530808498934196994E-16, -1.250000000000010214, -1.875000000000000444 ) ) ;
#2346 = LINE ( 'NONE', #4559, #4273 ) ;
#2347 = CARTESIAN_POINT ( 'NONE',  ( 0.8294067547305484789, -0.4788582131113831575, 4.925000000000004263 ) ) ;
#2348 = CARTESIAN_POINT ( 'NONE',  ( -0.8294067547305488119, -0.4788582131113825469, 4.718750000000002665 ) ) ;
#2349 = ORIENTED_EDGE ( 'NONE', *, *, #3622, .F. ) ;
#2350 = CARTESIAN_POINT ( 'NONE',  ( 0.8294067547305582488, 0.4788582131113750529, -1.949999999999998623 ) ) ;
#2351 = CARTESIAN_POINT ( 'NONE',  ( 2.249999999999998668, 8.085766050654802241E-14, 0.02598076211244704573 ) ) ;
#2352 = CARTESIAN_POINT ( 'NONE',  ( -1.172864355864535983E-16, -0.9577164262227588765, 6.650000000000003020 ) ) ;
#2353 = CARTESIAN_POINT ( 'NONE',  ( 0.000000000000000000, 1.269966188170055003E-15, 8.000000000000000000 ) ) ;
#2354 = CARTESIAN_POINT ( 'NONE',  ( -1.530808498934196994E-16, -1.250000000000010214, -0.9750000000000007550 ) ) ;
#2355 = AXIS2_PLACEMENT_3D ( 'NONE', #4592, #4567, #2405 ) ;
#2356 = EDGE_CURVE ( 'NONE', #2136, #202, #1659, .T. ) ;
#2357 = ADVANCED_FACE ( 'NONE', ( #3610 ), #1648, .T. ) ;
#2358 = DIRECTION ( 'NONE',  ( -0.000000000000000000, 9.875224244405043999E-17, -1.000000000000000000 ) ) ;
#2359 = DIRECTION ( 'NONE',  ( -0.000000000000000000, 9.875224244405043999E-17, -1.000000000000000000 ) ) ;
#2360 = AXIS2_PLACEMENT_3D ( 'NONE', #1949, #1974, #4594 ) ;
#2361 = LINE ( 'NONE', #859, #1133 ) ;
#2362 = CARTESIAN_POINT ( 'NONE',  ( 0.1340913449730369855, 2.520658537237133512, 0.1838980789322579856 ) ) ;
#2363 = CARTESIAN_POINT ( 'NONE',  ( -0.8757865865275955564, -0.8919068644529902778, -3.674999999999999378 ) ) ;
#2364 = VERTEX_POINT ( 'NONE', #304 ) ;
#2365 = CARTESIAN_POINT ( 'NONE',  ( -0.2137350509607491289, -1.008978450086157830, 7.442396550230692576 ) ) ;
#2366 = DIRECTION ( 'NONE',  ( 0.000000000000000000, 0.000000000000000000, -1.000000000000000000 ) ) ;
#2367 = CARTESIAN_POINT ( 'NONE',  ( -1.471500672974072721, -5.734988623883693960E-15, -2.423437499999999023 ) ) ;
#2368 = CARTESIAN_POINT ( 'NONE',  ( -2.249999999999998668, -1.078201627711628419, -6.873863542433758411 ) ) ;
#2369 = CARTESIAN_POINT ( 'NONE',  ( 0.5529378364870320972, -0.9577164262227589875, 3.481250000000002398 ) ) ;
#2370 = CARTESIAN_POINT ( 'NONE',  ( -1.752183174247790269E-14, -0.9577164262227690905, -3.899999999999999911 ) ) ;
#2371 = ORIENTED_EDGE ( 'NONE', *, *, #1354, .T. ) ;
#2372 = CARTESIAN_POINT ( 'NONE',  ( 0.5529378364870390916, 0.9577164262227568781, -3.712499999999998579 ) ) ;
#2373 = CARTESIAN_POINT ( 'NONE',  ( 1.032594279442785368, 0.08134868020025404212, 3.200000000000002842 ) ) ;
#2374 = CARTESIAN_POINT ( 'NONE',  ( 0.8294067547305484789, -0.4788582131113831575, 3.575000000000003730 ) ) ;
#2375 = CARTESIAN_POINT ( 'NONE',  ( -0.5529378364870326523, -0.9577164262227586544, 5.656250000000003553 ) ) ;
#2376 = ORIENTED_EDGE ( 'NONE', *, *, #2034, .T. ) ;
#2377 = CARTESIAN_POINT ( 'NONE',  ( 1.105875672974077295, -6.029099198593781519E-15, -2.437499999999998224 ) ) ;
#2378 = AXIS2_PLACEMENT_3D ( 'NONE', #555, #2808, #2783 ) ;
#2379 = CARTESIAN_POINT ( 'NONE',  ( 2.249999999999998668, 1.078201627711626198, 7.832569145069296468 ) ) ;
#2380 = CARTESIAN_POINT ( 'NONE',  ( -0.8294067547305487009, 0.4788582131113697238, 8.300000000000004263 ) ) ;
#2381 = UNCERTAINTY_MEASURE_WITH_UNIT (LENGTH_MEASURE( 1.000000000000000082E-05 ), #3107, 'distance_accuracy_value', 'NONE');
#2382 = CARTESIAN_POINT ( 'NONE',  ( -2.249999999999999112, 1.299038105676655563, -6.873863542433758411 ) ) ;
#2383 = DIRECTION ( 'NONE',  ( -0.000000000000000000, 9.875224244405043999E-17, -1.000000000000000000 ) ) ;
#2384 = CARTESIAN_POINT ( 'NONE',  ( -1.580000000000000071, 1.463460382435336727E-15, 8.000000000000000000 ) ) ;
#2385 = DIRECTION ( 'NONE',  ( -0.000000000000000000, 9.875224244405043999E-17, -1.000000000000000000 ) ) ;
#2386 = EDGE_CURVE ( 'NONE', #2876, #4329, #2191, .T. ) ;
#2387 = CARTESIAN_POINT ( 'NONE',  ( -0.8294067547305488119, -0.4788582131113825469, 8.318750000000003197 ) ) ;
#2388 = CARTESIAN_POINT ( 'NONE',  ( -1.905686749927788304, 1.497827453291401767, 0.1233338266826498469 ) ) ;
#2389 = ORIENTED_EDGE ( 'NONE', *, *, #3060, .T. ) ;
#2390 = CARTESIAN_POINT ( 'NONE',  ( 0.5529378364870390916, 0.9577164262227571001, -0.9562499999999979350 ) ) ;
#2391 = CARTESIAN_POINT ( 'NONE',  ( 1.443375672974070545, -6.801433263406804649E-15, 3.781250000000004441 ) ) ;
#2392 = CARTESIAN_POINT ( 'NONE',  ( 1.471500672974072721, -6.026515959251829226E-15, -1.298437499999998801 ) ) ;
#2393 = DIRECTION ( 'NONE',  ( 0.000000000000000000, 0.000000000000000000, 1.000000000000000000 ) ) ;
#2394 = CARTESIAN_POINT ( 'NONE',  ( 0.8294067547305484789, -0.4788582131113831575, 3.518750000000002931 ) ) ;
#2395 = DIRECTION ( 'NONE',  ( 0.000000000000000000, 1.000000000000000000, 9.875224244405043999E-17 ) ) ;
#2396 = ORIENTED_EDGE ( 'NONE', *, *, #1106, .T. ) ;
#2397 = CARTESIAN_POINT ( 'NONE',  ( -1.105875672974077295, -5.772015054451664724E-15, -2.662499999999998757 ) ) ;
#2398 = CARTESIAN_POINT ( 'NONE',  ( 1.082531754730551965, -0.6250000000000087708, -3.150000000000000355 ) ) ;
#2399 = CARTESIAN_POINT ( 'NONE',  ( -1.105875672974064861, -6.468574098567446112E-15, 3.837500000000003464 ) ) ;
#2400 = CARTESIAN_POINT ( 'NONE',  ( -0.8294067547305488119, -0.4788582131113825469, 4.268750000000002487 ) ) ;
#2401 = EDGE_LOOP ( 'NONE', ( #2963, #1920, #3620, #3399 ) ) ;
#2402 = CARTESIAN_POINT ( 'NONE',  ( 0.000000000000000000, 0.9577164262227572111, -2.324999999999998401 ) ) ;
#2403 = CARTESIAN_POINT ( 'NONE',  ( 0.000000000000000000, -1.258909218984051749E-16, -3.899999999999999911 ) ) ;
#2404 = CARTESIAN_POINT ( 'NONE',  ( 0.8294067547305484789, -0.4788582131113831575, 7.175000000000003375 ) ) ;
#2405 = DIRECTION ( 'NONE',  ( -1.000000000000000000, 0.000000000000000000, 0.000000000000000000 ) ) ;
#2406 = B_SPLINE_CURVE_WITH_KNOTS ( 'NONE', 3,
 ( #844, #1565, #71, #1495, #2662, #1134 ),
 .UNSPECIFIED., .F., .F.,
 ( 4, 2, 4 ),
 ( 8.706174801803194773E-15, 0.0002012759897655049879, 0.0004025519795223038324 ),
 .UNSPECIFIED. ) ;
#2407 = LINE ( 'NONE', #498, #4200 ) ;
#2408 = CARTESIAN_POINT ( 'NONE',  ( -2.249999999999999556, 1.144185005067753336, 0.1838936497298739037 ) ) ;
#2409 = CARTESIAN_POINT ( 'NONE',  ( 1.082531754730552853, 0.6249999999999956701, -2.118749999999995914 ) ) ;
#2410 = CARTESIAN_POINT ( 'NONE',  ( 0.000000000000000000, -1.258909218984051749E-16, -3.899999999999999911 ) ) ;
#2411 = CARTESIAN_POINT ( 'NONE',  ( 0.000000000000000000, 0.000000000000000000, 0.000000000000000000 ) ) ;
#2412 = ORIENTED_EDGE ( 'NONE', *, *, #1004, .F. ) ;
#2413 = CARTESIAN_POINT ( 'NONE',  ( 0.000000000000000000, 0.9577164262227573222, -0.4687499999999978351 ) ) ;
#2414 = CARTESIAN_POINT ( 'NONE',  ( 3.061616997868395960E-16, 1.249999999999998890, 3.443750000000004530 ) ) ;
#2415 = CARTESIAN_POINT ( 'NONE',  ( 1.471500672974072721, -6.109179618194275767E-15, -2.648437499999998668 ) ) ;
#2416 = CARTESIAN_POINT ( 'NONE',  ( -1.530808498934197241E-16, -1.250000000000010214, -2.268749999999996270 ) ) ;
#2417 = CARTESIAN_POINT ( 'NONE',  ( -0.8294067547305579158, 0.4788582131113757745, -3.149999999999998135 ) ) ;
#2418 = AXIS2_PLACEMENT_3D ( 'NONE', #1662, #2704, #142 ) ;
#2419 = CARTESIAN_POINT ( 'NONE',  ( 0.1912500000000071088, -2.487657972370796333, 7.832569145069300021 ) ) ;
#2420 = ORIENTED_EDGE ( 'NONE', *, *, #1820, .F. ) ;
#2421 = CARTESIAN_POINT ( 'NONE',  ( 0.5529378364870383145, -0.9577164262227690905, -2.962499999999998579 ) ) ;
#2422 = ADVANCED_FACE ( 'NONE', ( #1416 ), #1054, .T. ) ;
#2423 = CARTESIAN_POINT ( 'NONE',  ( 0.8875464578852996222, -0.6604935591969426367, 3.199999999999998845 ) ) ;
#2424 = CARTESIAN_POINT ( 'NONE',  ( -0.5529378364870322082, 0.9577164262227458869, 3.312500000000003997 ) ) ;
#2425 = CARTESIAN_POINT ( 'NONE',  ( -1.103625504730552764, -0.6371784822407273730, 6.785937500000001954 ) ) ;
#2426 = ORIENTED_EDGE ( 'NONE', *, *, #754, .T. ) ;
#2427 = CARTESIAN_POINT ( 'NONE',  ( 0.8294067547305582488, 0.4788582131113751084, -1.499999999999998668 ) ) ;
#2428 = CARTESIAN_POINT ( 'NONE',  ( 1.105875672974077295, -6.080763985432811593E-15, -3.281249999999997335 ) ) ;
#2429 = CARTESIAN_POINT ( 'NONE',  ( -1.530808498934198227E-16, -1.250000000000011990, 3.275000000000002132 ) ) ;
#2430 = CARTESIAN_POINT ( 'NONE',  ( -1.103625504730554541, 0.6371784822407163817, -4.232812499999996980 ) ) ;
#2431 = AXIS2_PLACEMENT_3D ( 'NONE', #216, #530, #2005 ) ;
#2432 = CARTESIAN_POINT ( 'NONE',  ( 0.5529378364870329854, 0.9577164262227455538, 6.837500000000003020 ) ) ;
#2433 = CARTESIAN_POINT ( 'NONE',  ( -1.082531754730552853, 0.6249999999999963363, 4.868750000000004796 ) ) ;
#2434 = CARTESIAN_POINT ( 'NONE',  ( -1.560637177523335165E-16, -1.274356964481448529, 8.182812500000004263 ) ) ;
#2435 = CARTESIAN_POINT ( 'NONE',  ( -2.249999999999999112, 0.9030624105551265934, 0.1237337738040356072 ) ) ;
#2436 = ORIENTED_EDGE ( 'NONE', *, *, #4141, .F. ) ;
#2437 = CARTESIAN_POINT ( 'NONE',  ( -0.8065861484873917409, 2.132393481399495361, 0.02619637318196996884 ) ) ;
#2438 = ORIENTED_EDGE ( 'NONE', *, *, #615, .F. ) ;
#2439 = AXIS2_PLACEMENT_3D ( 'NONE', #1068, #2879, #2456 ) ;
#2440 = CARTESIAN_POINT ( 'NONE',  ( 0.8294067547305484789, -0.4788582131113831575, 7.118750000000003020 ) ) ;
#2441 = CARTESIAN_POINT ( 'NONE',  ( 0.000000000000000000, 1.249999999999998890, -1.650000000000000577 ) ) ;
#2442 = CARTESIAN_POINT ( 'NONE',  ( -1.560637177523338370E-16, -1.274356964481450305, -2.310937499999998757 ) ) ;
#2443 = CARTESIAN_POINT ( 'NONE',  ( -0.9970212581013981890, -0.2378520777582134593, -3.899999999999999023 ) ) ;
#2444 = CARTESIAN_POINT ( 'NONE',  ( 0.5529378364870382034, -0.9577164262227693126, -2.512499999999998845 ) ) ;
#2445 = PLANE ( 'NONE',  #1444 ) ;
#2446 = ORIENTED_EDGE ( 'NONE', *, *, #4676, .F. ) ;
#2447 =( BOUNDED_CURVE ( )  B_SPLINE_CURVE ( 2, ( #2802, #839, #2004, #3471, #3589, #4695, #1392, #4308, #2440, #4330, #602, #3987, #1776, #1345, #3205, #2866, #4716, #1033, #2533, #3965, #238, #3271, #2848, #1800, #3183, #4741, #2081, #1438, #4287, #3947, #2121, #2510, #2147, #4648, #1012, #261, #645, #2489, #965, #1728, #4261, #3248, #3899, #667, #1415, #3609, #280, #303, #2887, #1751, #2827, #4353, #3545, #990, #1053, #3567, #2465, #691, #2169, #1707, #3634, #328, #3925, #624, #2101, #4670, #1371, #3227, #1847, #4477, #1147, #2626, #4007, #1899, #3315, #2648, #2576, #3725, #4762, #3340, #1926, #3750, #426, #451, #2284, #1873, #4424, #376, #783, #6, #1481, #3390, #1531, #2553, #2957, #31, #84, #2599, #711, #3295, #1122, #1459, #2982, #4105, #1506, #3365, #3702, #4058, #761, #58, #2910, #3008, #733, #1173, #4083 ),
 .UNSPECIFIED., .F., .T. ) 
 B_SPLINE_CURVE_WITH_KNOTS ( ( 3, 2, 2, 2, 2, 2, 2, 2, 2, 2, 2, 2, 2, 2, 2, 2, 2, 2, 2, 2, 2, 2, 2, 2, 2, 2, 2, 2, 2, 2, 2, 2, 2, 2, 2, 2, 2, 2, 2, 2, 2, 2, 2, 2, 2, 2, 2, 2, 2, 2, 2, 2, 2, 2, 2, 2, 2, 3 ),
 ( 0.2121023420195445319, 0.2179487179487179516, 0.2307692307692307820, 0.2435897435897435848, 0.2564102564102563875, 0.2692307692307692180, 0.2820512820512820484, 0.2948717948717948789, 0.3076923076923077094, 0.3205128205128205399, 0.3333333333333333148, 0.3461538461538461453, 0.3589743589743589758, 0.3717948717948718063, 0.3846153846153846367, 0.3974358974358974117, 0.4102564102564102422, 0.4230769230769230727, 0.4358974358974359031, 0.4487179487179487336, 0.4615384615384615641, 0.4743589743589743390, 0.4871794871794871695, 0.5000000000000000000, 0.5128205128205127750, 0.5256410256410256610, 0.5384615384615384359, 0.5512820512820513219, 0.5641025641025640969, 0.5769230769230768718, 0.5897435897435897578, 0.6025641025641026438, 0.6153846153846154188, 0.6282051282051281937, 0.6410256410256410797, 0.6538461538461539657, 0.6666666666666666297, 0.6794871794871795156, 0.6923076923076922906, 0.7051282051282052876, 0.7179487179487178405, 0.7307692307692306155, 0.7435897435897436125, 0.7564102564102563875, 0.7692307692307691624, 0.7820512820512819374, 0.7948717948717947124, 0.8076923076923077094, 0.8205128205128204844, 0.8333333333333332593, 0.8461538461538460343, 0.8589743589743588092, 0.8717948717948718063, 0.8846153846153845812, 0.8974358974358973562, 0.9102564102564101312, 0.9230769230769231282, 0.9264485089399918660 ),
 .UNSPECIFIED. ) 
 CURVE ( )  GEOMETRIC_REPRESENTATION_ITEM ( )  RATIONAL_B_SPLINE_CURVE ( ( 0.9335310431533561104, 0.9389052633540400095, 1.000000000000000000, 0.8660254037844387076, 1.000000000000000000, 0.8660254037844387076, 1.000000000000000000, 0.8660254037844387076, 1.000000000000000000, 0.8660254037844387076, 1.000000000000000000, 0.8660254037844387076, 1.000000000000000000, 0.8660254037844387076, 1.000000000000000000, 0.8660254037844387076, 1.000000000000000000, 0.8660254037844387076, 1.000000000000000000, 0.8660254037844387076, 1.000000000000000000, 0.8660254037844387076, 1.000000000000000000, 0.8660254037844387076, 1.000000000000000000, 0.8660254037844387076, 1.000000000000000000, 0.8660254037844387076, 1.000000000000000000, 0.8660254037844387076, 1.000000000000000000, 0.8660254037844387076, 1.000000000000000000, 0.8660254037844387076, 1.000000000000000000, 0.8660254037844387076, 1.000000000000000000, 0.8660254037844387076, 1.000000000000000000, 0.8660254037844387076, 1.000000000000000000, 0.8660254037844387076, 1.000000000000000000, 0.8660254037844387076, 1.000000000000000000, 0.8660254037844387076, 1.000000000000000000, 0.8660254037844387076, 1.000000000000000000, 0.8660254037844387076, 1.000000000000000000, 0.8660254037844387076, 1.000000000000000000, 0.8660254037844387076, 1.000000000000000000, 0.8660254037844387076, 1.000000000000000000, 0.8660254037844387076, 1.000000000000000000, 0.8660254037844387076, 1.000000000000000000, 0.8660254037844387076, 1.000000000000000000, 0.8660254037844387076, 1.000000000000000000, 0.8660254037844387076, 1.000000000000000000, 0.8660254037844387076, 1.000000000000000000, 0.8660254037844387076, 1.000000000000000000, 0.8660254037844387076, 1.000000000000000000, 0.8660254037844387076, 1.000000000000000000, 0.8660254037844387076, 1.000000000000000000, 0.8660254037844387076, 1.000000000000000000, 0.8660254037844387076, 1.000000000000000000, 0.8660254037844387076, 1.000000000000000000, 0.8660254037844387076, 1.000000000000000000, 0.8660254037844387076, 1.000000000000000000, 0.8660254037844387076, 1.000000000000000000, 0.8660254037844387076, 1.000000000000000000, 0.8660254037844387076, 1.000000000000000000, 0.8660254037844387076, 1.000000000000000000, 0.8660254037844387076, 1.000000000000000000, 0.8660254037844387076, 1.000000000000000000, 0.8660254037844387076, 1.000000000000000000, 0.8660254037844387076, 1.000000000000000000, 0.8660254037844387076, 1.000000000000000000, 0.8660254037844387076, 1.000000000000000000, 0.8660254037844387076, 1.000000000000000000, 0.8660254037844387076, 1.000000000000000000, 0.8660254037844387076, 1.000000000000000000, 0.9647668653403630445, 0.9480652107226106295 ) ) 
 REPRESENTATION_ITEM ( '' )  );
#2448 = CARTESIAN_POINT ( 'NONE',  ( 0.1912499999999985600, -2.487657972370801218, -6.873863542433758411 ) ) ;
#2449 = CARTESIAN_POINT ( 'NONE',  ( 0.9687711178739720763, 2.038755945665639668, 0.02587396801048969311 ) ) ;
#2450 = CARTESIAN_POINT ( 'NONE',  ( 2.345728711729071966E-16, 0.9577164262227458869, 7.268750000000002487 ) ) ;
#2451 = CARTESIAN_POINT ( 'NONE',  ( 1.103625504730552320, -0.6371784822407282611, 6.485937500000002132 ) ) ;
#2452 = ADVANCED_FACE ( 'NONE', ( #352 ), #2627, .F. ) ;
#2453 = EDGE_LOOP ( 'NONE', ( #267, #1437, #3755 ) ) ;
#2454 = CARTESIAN_POINT ( 'NONE',  ( -0.9190693581412487934, 0.2977872908422088960, 7.377716426222755253 ) ) ;
#2455 = CARTESIAN_POINT ( 'NONE',  ( 3.061616997868395960E-16, 1.249999999999998890, 7.043750000000004619 ) ) ;
#2456 = DIRECTION ( 'NONE',  ( 0.000000000000000000, 1.000000000000000000, 0.000000000000000000 ) ) ;
#2457 = AXIS2_PLACEMENT_3D ( 'NONE', #4125, #4517, #1968 ) ;
#2458 = CARTESIAN_POINT ( 'NONE',  ( 1.443375672974069657, -5.994656007367761469E-15, -0.8625000000000005995 ) ) ;
#2459 = APPROVAL_PERSON_ORGANIZATION ( #3543, #3782, #2774 ) ;
#2460 = CARTESIAN_POINT ( 'NONE',  ( 2.058749999992247393, -1.409456344663649441, 7.832569145071530237 ) ) ;
#2461 = CARTESIAN_POINT ( 'NONE',  ( 1.103625504730552986, 0.6371784822407137172, 6.082812500000003730 ) ) ;
#2462 = CARTESIAN_POINT ( 'NONE',  ( 0.8294067547305484789, -0.4788582131113831575, 8.468750000000001776 ) ) ;
#2463 = ORIENTED_EDGE ( 'NONE', *, *, #1056, .T. ) ;
#2464 = VERTEX_POINT ( 'NONE', #2309 ) ;
#2465 = CARTESIAN_POINT ( 'NONE',  ( 0.8294067547305484789, -0.4788582131113831575, 5.318750000000002309 ) ) ;
#2466 = CARTESIAN_POINT ( 'NONE',  ( -0.6371738819754904082, 0.7150036343859765831, 7.377716426222748147 ) ) ;
#2467 = CARTESIAN_POINT ( 'NONE',  ( 0.7357503364870359164, -1.274356964481450527, -2.273437499999998668 ) ) ;
#2468 = CARTESIAN_POINT ( 'NONE',  ( -0.8294067547305580268, -0.4788582131113871543, -2.624999999999998668 ) ) ;
#2469 = DIRECTION ( 'NONE',  ( -0.000000000000000000, 9.875224244405043999E-17, -1.000000000000000000 ) ) ;
#2470 = ORIENTED_EDGE ( 'NONE', *, *, #1641, .F. ) ;
#2471 = EDGE_CURVE ( 'NONE', #4581, #924, #1168, .T. ) ;
#2472 = CARTESIAN_POINT ( 'NONE',  ( 0.5529378364870383145, -0.9577164262227689795, -0.7124999999999986899 ) ) ;
#2473 = CARTESIAN_POINT ( 'NONE',  ( -2.249999999999999112, 8.113320553552770539E-14, 0.02598076211244717063 ) ) ;
#2474 = CARTESIAN_POINT ( 'NONE',  ( -0.8294067547305488119, -0.4788582131113825469, 7.868750000000002132 ) ) ;
#2475 = CARTESIAN_POINT ( 'NONE',  ( 0.5529378364870320972, -0.9577164262227589875, 3.031250000000002665 ) ) ;
#2476 = ORIENTED_EDGE ( 'NONE', *, *, #2565, .T. ) ;
#2477 =( BOUNDED_CURVE ( )  B_SPLINE_CURVE ( 2, ( #1171, #2647, #4081, #855, #4474, #4422, #397 ),
 .UNSPECIFIED., .F., .T. ) 
 B_SPLINE_CURVE_WITH_KNOTS ( ( 3, 2, 2, 3 ),
 ( 0.1111111111111110911, 0.1296296296296295947, 0.1481481481481481122, 0.1666666666666666019 ),
 .UNSPECIFIED. ) 
 CURVE ( )  GEOMETRIC_REPRESENTATION_ITEM ( )  RATIONAL_B_SPLINE_CURVE ( ( 1.000000000000000000, 0.8660254037844384856, 1.000000000000000000, 0.8660254037844387076, 1.000000000000000000, 0.8660254037844391517, 0.9999999999999995559 ) ) 
 REPRESENTATION_ITEM ( '' )  );
#2478 = EDGE_CURVE ( 'NONE', #2041, #2845, #4148, .T. ) ;
#2479 = CARTESIAN_POINT ( 'NONE',  ( -1.172864355864549048E-16, -0.9577164262227689795, -2.943749999999997424 ) ) ;
#2480 = CARTESIAN_POINT ( 'NONE',  ( 3.061616997868396453E-16, 1.249999999999998890, 5.300000000000001599 ) ) ;
#2481 = CARTESIAN_POINT ( 'NONE',  ( -1.471500672974072721, -5.788375570284023459E-15, -3.295312499999997424 ) ) ;
#2482 = ADVANCED_FACE ( 'NONE', ( #1482 ), #4108, .T. ) ;
#2483 = EDGE_CURVE ( 'NONE', #4701, #1764, #3924, .T. ) ;
#2484 = CARTESIAN_POINT ( 'NONE',  ( 0.000000000000000000, 1.250000000000000222, -3.899999999999999911 ) ) ;
#2485 = CARTESIAN_POINT ( 'NONE',  ( -0.7357503364870348062, 1.274356964481435428, 5.295312500000003197 ) ) ;
#2486 = VERTEX_POINT ( 'NONE', #2600 ) ;
#2487 = CALENDAR_DATE ( 2026, 8, 1 ) ;
#2488 = CYLINDRICAL_SURFACE ( 'NONE', #3491, 0.9577164262227575442 ) ;
#2489 = CARTESIAN_POINT ( 'NONE',  ( -1.105875672974064861, -6.468574098567446901E-15, 6.031250000000003553 ) ) ;
#2490 = CARTESIAN_POINT ( 'NONE',  ( -1.530808498934197980E-16, -1.250000000000011990, 6.368750000000004796 ) ) ;
#2491 = CARTESIAN_POINT ( 'NONE',  ( -1.530808498934197980E-16, -1.250000000000011990, 5.468750000000004441 ) ) ;
#2492 = B_SPLINE_CURVE_WITH_KNOTS ( 'NONE', 3,
 ( #911, #211, #1270, #2335, #4620, #2024 ),
 .UNSPECIFIED., .F., .F.,
 ( 4, 2, 4 ),
 ( 0.000000000000000000, 0.0002691015260098542691, 0.0005382030520197085381 ),
 .UNSPECIFIED. ) ;
#2493 = CARTESIAN_POINT ( 'NONE',  ( -0.8294067547305580268, -0.4788582131113870988, -1.724999999999998757 ) ) ;
#2494 = CARTESIAN_POINT ( 'NONE',  ( -0.7216878364870346063, 1.249999999999998668, -2.006249999999996092 ) ) ;
#2495 = ORIENTED_EDGE ( 'NONE', *, *, #3381, .F. ) ;
#2496 = CARTESIAN_POINT ( 'NONE',  ( 1.105875672974077295, -5.946435539651334978E-15, -1.087499999999998579 ) ) ;
#2497 = CARTESIAN_POINT ( 'NONE',  ( 0.000000000000000000, 1.249999999999998890, -0.6937499999999959810 ) ) ;
#2498 = CARTESIAN_POINT ( 'NONE',  ( 0.8294067547305490340, 0.4788582131113688911, 7.643750000000002487 ) ) ;
#2499 = CARTESIAN_POINT ( 'NONE',  ( 0.7357503364870344731, -1.274356964481448973, 7.348437500000001066 ) ) ;
#2500 = VERTEX_POINT ( 'NONE', #452 ) ;
#2501 = CARTESIAN_POINT ( 'NONE',  ( 1.105875672974077295, -6.053209432451994764E-15, -2.831249999999997602 ) ) ;
#2502 = CARTESIAN_POINT ( 'NONE',  ( -0.8294067547305488119, -0.4788582131113825469, 8.375000000000003553 ) ) ;
#2503 = CARTESIAN_POINT ( 'NONE',  ( -1.560637177523338370E-16, -1.274356964481450305, -3.182812499999997158 ) ) ;
#2504 = CARTESIAN_POINT ( 'NONE',  ( 0.000000000000000000, -1.258909218984051749E-16, -3.899999999999999911 ) ) ;
#2505 = CARTESIAN_POINT ( 'NONE',  ( 1.103625504730552098, -0.6371784822407281501, 6.457812500000003730 ) ) ;
#2506 = ORIENTED_EDGE ( 'NONE', *, *, #2386, .T. ) ;
#2507 = AXIS2_PLACEMENT_3D ( 'NONE', #890, #2727, #2753 ) ;
#2508 = EDGE_CURVE ( 'NONE', #170, #556, #3726, .T. ) ;
#2509 = VERTEX_POINT ( 'NONE', #4399 ) ;
#2510 = CARTESIAN_POINT ( 'NONE',  ( 1.105875672974064861, -6.739435519199968560E-15, 6.256250000000002309 ) ) ;
#2511 = CARTESIAN_POINT ( 'NONE',  ( -1.471500672974072721, -5.624770411960432169E-15, -0.6234374999999989786 ) ) ;
#2512 = CARTESIAN_POINT ( 'NONE',  ( 1.105875672974064861, -6.739435519199968560E-15, 4.062500000000003553 ) ) ;
#2513 = CARTESIAN_POINT ( 'NONE',  ( 1.082531754730553519, 0.6249999999999953371, 3.875000000000002220 ) ) ;
#2514 = ORIENTED_EDGE ( 'NONE', *, *, #2293, .F. ) ;
#2515 = CARTESIAN_POINT ( 'NONE',  ( -1.172864355864549048E-16, -0.9577164262227688685, -1.199999999999998845 ) ) ;
#2516 = CARTESIAN_POINT ( 'NONE',  ( -1.082531754730552853, 0.6249999999999963363, 5.825000000000001066 ) ) ;
#2517 = CARTESIAN_POINT ( 'NONE',  ( -1.172864355864535983E-16, -0.9577164262227588765, 7.493750000000002132 ) ) ;
#2518 = CARTESIAN_POINT ( 'NONE',  ( -1.560637177523335658E-16, -1.274356964481448751, 7.310937500000001421 ) ) ;
#2519 = ORIENTED_EDGE ( 'NONE', *, *, #3940, .F. ) ;
#2520 = CARTESIAN_POINT ( 'NONE',  ( 0.5529378364870329854, 0.9577164262227455538, 5.937500000000003553 ) ) ;
#2521 = CARTESIAN_POINT ( 'NONE',  ( -0.5529378364870388696, -0.9577164262227687574, -3.431249999999997691 ) ) ;
#2522 = EDGE_CURVE ( 'NONE', #170, #2707, #3269, .T. ) ;
#2523 = FACE_OUTER_BOUND ( 'NONE', #2898, .T. ) ;
#2524 = CARTESIAN_POINT ( 'NONE',  ( 0.7357503364870370266, 1.274356964481438315, -2.095312499999997691 ) ) ;
#2525 =( BOUNDED_CURVE ( )  B_SPLINE_CURVE ( 2, ( #2806, #3836, #1985, #3902, #3112, #1278, #2755 ),
 .UNSPECIFIED., .F., .T. ) 
 B_SPLINE_CURVE_WITH_KNOTS ( ( 3, 2, 2, 3 ),
 ( 0.4615384615384615641, 0.4743589743589743390, 0.4871794871794871695, 0.5000000000000000000 ),
 .UNSPECIFIED. ) 
 CURVE ( )  GEOMETRIC_REPRESENTATION_ITEM ( )  RATIONAL_B_SPLINE_CURVE ( ( 1.000000000000000000, 0.8660254037844387076, 1.000000000000000000, 0.8660254037844387076, 1.000000000000000000, 0.8660254037844387076, 1.000000000000000000 ) ) 
 REPRESENTATION_ITEM ( '' )  );
#2526 = CARTESIAN_POINT ( 'NONE',  ( 1.443413851512607149, -1.764720835630477547, 7.973803626818033230 ) ) ;
#2527 = VECTOR ( 'NONE', #2716, 1000.000000000000000 ) ;
#2528 = CARTESIAN_POINT ( 'NONE',  ( 3.121274355046670330E-16, 1.274356964481435650, 7.057812500000004263 ) ) ;
#2529 = VERTEX_POINT ( 'NONE', #2983 ) ;
#2530 = ORIENTED_EDGE ( 'NONE', *, *, #2618, .T. ) ;
#2531 = LOCAL_TIME ( 18, 7, 58.00000000000000000, #1272 ) ;
#2532 = EDGE_CURVE ( 'NONE', #2885, #3951, #3463, .T. ) ;
#2533 = CARTESIAN_POINT ( 'NONE',  ( 0.8294067547305490340, 0.4788582131113688911, 6.743750000000002132 ) ) ;
#2534 = DIRECTION ( 'NONE',  ( -0.000000000000000000, -0.000000000000000000, -1.000000000000000000 ) ) ;
#2535 = EDGE_CURVE ( 'NONE', #4286, #3210, #1973, .T. ) ;
#2536 = DIRECTION ( 'NONE',  ( -0.000000000000000000, 9.875224244405043999E-17, -1.000000000000000000 ) ) ;
#2537 = CARTESIAN_POINT ( 'NONE',  ( -0.5529378364870322082, 0.9577164262227458869, 5.562500000000003553 ) ) ;
#2538 = CARTESIAN_POINT ( 'NONE',  ( 0.7216878364870360496, 1.249999999999998446, 3.912500000000000977 ) ) ;
#2539 = VERTEX_POINT ( 'NONE', #2796 ) ;
#2540 = CARTESIAN_POINT ( 'NONE',  ( 0.5529378364870383145, -0.9577164262227689795, -1.162499999999998535 ) ) ;
#2541 = CARTESIAN_POINT ( 'NONE',  ( -1.530808498934197980E-16, -1.250000000000011990, 5.468750000000004441 ) ) ;
#2542 = CARTESIAN_POINT ( 'NONE',  ( -0.5529378364870322082, 0.9577164262227458869, 7.756250000000003197 ) ) ;
#2543 = CARTESIAN_POINT ( 'NONE',  ( 3.121274355046671316E-16, 1.274356964481435872, 4.385937500000001599 ) ) ;
#2544 = ORIENTED_EDGE ( 'NONE', *, *, #3478, .F. ) ;
#2545 = CARTESIAN_POINT ( 'NONE',  ( -1.105875672974064861, -6.468574098567446901E-15, 5.637500000000003730 ) ) ;
#2546 = VECTOR ( 'NONE', #3359, 1000.000000000000000 ) ;
#2547 = CARTESIAN_POINT ( 'NONE',  ( 0.000000000000000000, 0.9577164262227573222, -1.368749999999997913 ) ) ;
#2548 = CARTESIAN_POINT ( 'NONE',  ( 2.058749999992247393, 1.409456344663646776, 0.1674308549284712899 ) ) ;
#2549 = CARTESIAN_POINT ( 'NONE',  ( -0.5529378364870326523, -0.9577164262227586544, 7.456250000000002487 ) ) ;
#2550 = CARTESIAN_POINT ( 'NONE',  ( -1.560637177523338370E-16, -1.274356964481450083, -1.832812499999997735 ) ) ;
#2551 = FACE_OUTER_BOUND ( 'NONE', #2832, .T. ) ;
#2552 = CARTESIAN_POINT ( 'NONE',  ( -0.7357503364870353613, -1.274356964481448307, 6.795312500000004086 ) ) ;
#2553 = CARTESIAN_POINT ( 'NONE',  ( 0.5529378364870320972, -0.9577164262227590985, 3.931250000000002576 ) ) ;
#2554 = CARTESIAN_POINT ( 'NONE',  ( -1.099165880508741866, 1.336351044127974736E-15, 7.519165880508745126 ) ) ;
#2555 = CARTESIAN_POINT ( 'NONE',  ( 1.471500672974072721, -5.998961406271013187E-15, -0.8484374999999990674 ) ) ;
#2556 = CARTESIAN_POINT ( 'NONE',  ( 0.8294067547305484789, -0.4788582131113831575, 6.275000000000003020 ) ) ;
#2557 = CARTESIAN_POINT ( 'NONE',  ( -2.205000000000000071, -3.004179352410818442E-15, 8.000000000000000000 ) ) ;
#2558 = ORIENTED_EDGE ( 'NONE', *, *, #4113, .T. ) ;
#2559 = CARTESIAN_POINT ( 'NONE',  ( -0.5529378364870388696, -0.9577164262227687574, -2.137499999999998845 ) ) ;
#2560 = DIRECTION ( 'NONE',  ( 0.000000000000000000, 1.000000000000000000, 0.000000000000000000 ) ) ;
#2561 = CARTESIAN_POINT ( 'NONE',  ( 2.345728711729071966E-16, 0.9577164262227458869, 6.368750000000003020 ) ) ;
#2562 = CARTESIAN_POINT ( 'NONE',  ( -1.103625504730552764, -0.6371784822407273730, 4.085937500000001776 ) ) ;
#2563 = VERTEX_POINT ( 'NONE', #184 ) ;
#2564 = EDGE_CURVE ( 'NONE', #3867, #2539, #1627, .T. ) ;
#2565 = EDGE_CURVE ( 'NONE', #1043, #3084, #491, .T. ) ;
#2566 = CARTESIAN_POINT ( 'NONE',  ( -1.105875672974064861, -6.468574098567446901E-15, 6.987500000000003375 ) ) ;
#2567 = CARTESIAN_POINT ( 'NONE',  ( -0.7357503364870368046, -1.274356964481450083, -3.698437499999998046 ) ) ;
#2568 = CARTESIAN_POINT ( 'NONE',  ( -1.105875672974064861, -6.468574098567446112E-15, 6.987500000000003375 ) ) ;
#2569 = CARTESIAN_POINT ( 'NONE',  ( -0.5529378364870322082, 0.9577164262227458869, 5.956250000000003375 ) ) ;
#2570 = CARTESIAN_POINT ( 'NONE',  ( -0.7357503364870361384, 1.274356964481438759, -1.570312499999997335 ) ) ;
#2571 = CARTESIAN_POINT ( 'NONE',  ( -1.082531754730552187, 0.6249999999999965583, -3.318749999999995648 ) ) ;
#2572 = CARTESIAN_POINT ( 'NONE',  ( 1.471500672974069834, -6.806599742090707656E-15, 5.145312500000004619 ) ) ;
#2573 = CARTESIAN_POINT ( 'NONE',  ( -0.5529378364870384255, 0.9577164262227571001, -3.581249999999998046 ) ) ;
#2574 = CARTESIAN_POINT ( 'NONE',  ( -0.5529378364870384255, 0.9577164262227573222, -0.9374999999999986677 ) ) ;
#2575 = CARTESIAN_POINT ( 'NONE',  ( -1.530808498934197980E-16, -1.250000000000011990, 5.468750000000004441 ) ) ;
#2576 = CARTESIAN_POINT ( 'NONE',  ( 2.345728711729071966E-16, 0.9577164262227458869, 4.568750000000002309 ) ) ;
#2577 = CARTESIAN_POINT ( 'NONE',  ( -0.6465722708644690009, 1.022051290101593457, 7.619666885487195174 ) ) ;
#2578 = CARTESIAN_POINT ( 'NONE',  ( -1.172864355864535983E-16, -0.9577164262227588765, 5.750000000000003553 ) ) ;
#2579 = LINE ( 'NONE', #1126, #2072 ) ;
#2580 = ORIENTED_EDGE ( 'NONE', *, *, #3662, .F. ) ;
#2581 = AXIS2_PLACEMENT_3D ( 'NONE', #4569, #4206, #4545 ) ;
#2582 = CARTESIAN_POINT ( 'NONE',  ( -0.5529378364870388696, -0.9577164262227687574, -1.631249999999997646 ) ) ;
#2583 = CARTESIAN_POINT ( 'NONE',  ( -1.530808498934198227E-16, -1.250000000000011990, 6.425000000000001599 ) ) ;
#2584 = CARTESIAN_POINT ( 'NONE',  ( 2.345728711729071966E-16, 0.9577164262227458869, 5.018750000000002487 ) ) ;
#2585 = CARTESIAN_POINT ( 'NONE',  ( 3.121274355046671316E-16, 1.274356964481435872, 4.835937500000001776 ) ) ;
#2586 = VERTEX_POINT ( 'NONE', #132 ) ;
#2587 = CARTESIAN_POINT ( 'NONE',  ( -0.8294067547305580268, -0.4788582131113870433, -0.7687499999999981570 ) ) ;
#2588 = CARTESIAN_POINT ( 'NONE',  ( 0.8294067547305484789, -0.4788582131113831575, 7.175000000000003375 ) ) ;
#2589 = VECTOR ( 'NONE', #4593, 1000.000000000000000 ) ;
#2590 = CARTESIAN_POINT ( 'NONE',  ( 0.8294067547305582488, 0.4788582131113751084, -0.9937499999999981348 ) ) ;
#2591 = EDGE_CURVE ( 'NONE', #652, #418, #3040, .T. ) ;
#2592 = CARTESIAN_POINT ( 'NONE',  ( -1.172864355864535983E-16, -0.9577164262227588765, 7.100000000000003197 ) ) ;
#2593 = CARTESIAN_POINT ( 'NONE',  ( -1.172864355864535983E-16, -0.9577164262227588765, 6.593750000000002665 ) ) ;
#2594 = CARTESIAN_POINT ( 'NONE',  ( 1.103625504730554319, -0.6371784822407285942, -0.8578124999999978684 ) ) ;
#2595 = CARTESIAN_POINT ( 'NONE',  ( -0.9581130752685756979, 0.03006645054086919122, 7.378465654779881255 ) ) ;
#2596 = CARTESIAN_POINT ( 'NONE',  ( -1.103625504730552542, -0.6371784822407272619, 3.607812500000004086 ) ) ;
#2597 = DIRECTION ( 'NONE',  ( -0.000000000000000000, 9.875224244405043999E-17, -1.000000000000000000 ) ) ;
#2598 = DIRECTION ( 'NONE',  ( -0.000000000000000000, 9.875224244405043999E-17, -1.000000000000000000 ) ) ;
#2599 = CARTESIAN_POINT ( 'NONE',  ( -1.105875672974064861, -6.468574098567446901E-15, 3.781250000000002665 ) ) ;
#2600 = CARTESIAN_POINT ( 'NONE',  ( 2.249999999999998668, 3.707104213746224570E-14, 7.974019237887008948 ) ) ;
#2601 = FACE_OUTER_BOUND ( 'NONE', #550, .T. ) ;
#2602 = CARTESIAN_POINT ( 'NONE',  ( 0.8294067547305484789, -0.4788582131113831575, 4.475000000000003197 ) ) ;
#2603 = FACE_OUTER_BOUND ( 'NONE', #1107, .T. ) ;
#2604 = VERTEX_POINT ( 'NONE', #3133 ) ;
#2605 = CARTESIAN_POINT ( 'NONE',  ( -1.172864355864549048E-16, -0.9577164262227689795, -1.593749999999998002 ) ) ;
#2606 = CARTESIAN_POINT ( 'NONE',  ( -0.7216878364870350504, 1.249999999999999112, 6.181250000000004796 ) ) ;
#2607 = CC_DESIGN_APPROVAL ( #930, ( #1299 ) ) ;
#2608 = CARTESIAN_POINT ( 'NONE',  ( -0.5529378364870322082, 0.9577164262227458869, 4.156250000000002665 ) ) ;
#2609 = CARTESIAN_POINT ( 'NONE',  ( 1.103625504730552320, -0.6371784822407282611, 4.235937500000002132 ) ) ;
#2610 = ORIENTED_EDGE ( 'NONE', *, *, #1264, .F. ) ;
#2611 = CARTESIAN_POINT ( 'NONE',  ( -1.530808498934198227E-16, -1.250000000000011990, 4.175000000000000711 ) ) ;
#2612 = CARTESIAN_POINT ( 'NONE',  ( -0.5529378364870323193, 0.9577164262227461089, 4.662500000000004086 ) ) ;
#2613 = CARTESIAN_POINT ( 'NONE',  ( 0.8294067547305576937, -0.4788582131113876539, -0.6187499999999982458 ) ) ;
#2614 = CARTESIAN_POINT ( 'NONE',  ( 2.345728711729071966E-16, 0.9577164262227458869, 7.775000000000003020 ) ) ;
#2615 = CARTESIAN_POINT ( 'NONE',  ( -0.5529378364870322082, 0.9577164262227458869, 7.756250000000003197 ) ) ;
#2616 = VERTEX_POINT ( 'NONE', #4154 ) ;
#2617 = CARTESIAN_POINT ( 'NONE',  ( 0.5529378364870383145, -0.9577164262227693126, -3.862499999999998046 ) ) ;
#2618 = EDGE_CURVE ( 'NONE', #316, #1936, #992, .T. ) ;
#2619 = CARTESIAN_POINT ( 'NONE',  ( 0.000000000000000000, 1.269966188170055003E-15, 8.000000000000000000 ) ) ;
#2620 = CARTESIAN_POINT ( 'NONE',  ( 1.103625504730552986, 0.6371784822407137172, 3.382812500000003997 ) ) ;
#2621 = CARTESIAN_POINT ( 'NONE',  ( 0.8294067547305576937, -0.4788582131113878204, -3.318749999999997868 ) ) ;
#2622 = CARTESIAN_POINT ( 'NONE',  ( 0.000000000000000000, 1.249999999999998668, -3.899999999999999911 ) ) ;
#2623 =( BOUNDED_CURVE ( )  B_SPLINE_CURVE ( 2, ( #1561, #3688, #4507, #3036, #4137, #384, #3784 ),
 .UNSPECIFIED., .F., .F. ) 
 B_SPLINE_CURVE_WITH_KNOTS ( ( 3, 2, 2, 3 ),
 ( 0.4340993431318487250, 0.4526178616503672703, 0.4711363801688857600, 0.4896548986874043052 ),
 .UNSPECIFIED. ) 
 CURVE ( )  GEOMETRIC_REPRESENTATION_ITEM ( )  RATIONAL_B_SPLINE_CURVE ( ( 1.000000000000000000, 0.8660254037844388186, 1.000000000000000000, 0.8660254037844388186, 1.000000000000000000, 0.8660254037844388186, 1.000000000000000000 ) ) 
 REPRESENTATION_ITEM ( '' )  );
#2624 = EDGE_CURVE ( 'NONE', #2604, #2529, #2137, .T. ) ;
#2625 = EDGE_CURVE ( 'NONE', #777, #461, #306, .T. ) ;
#2626 = CARTESIAN_POINT ( 'NONE',  ( -0.5529378364870327633, -0.9577164262227586544, 4.756250000000002309 ) ) ;
#2627 = CYLINDRICAL_SURFACE ( 'NONE', #2047, 1.250000000000000444 ) ;
#2628 = CARTESIAN_POINT ( 'NONE',  ( 1.082531754730553519, 0.6249999999999953371, 6.125000000000000888 ) ) ;
#2629 = CARTESIAN_POINT ( 'NONE',  ( 0.2785931473290119142, 0.9450174092005090287, -0.4782845019161311995 ) ) ;
#2630 = CARTESIAN_POINT ( 'NONE',  ( -0.8615712272257005644, 0.8154161828661017353, -3.744560927043528942 ) ) ;
#2631 = VERTEX_POINT ( 'NONE', #2384 ) ;
#2632 = CARTESIAN_POINT ( 'NONE',  ( 0.8294067547305576937, -0.4788582131113878759, -3.768749999999997602 ) ) ;
#2633 = CARTESIAN_POINT ( 'NONE',  ( 2.115893281016593797, 1.376464655981861851, 0.1838936497272643800 ) ) ;
#2634 = CARTESIAN_POINT ( 'NONE',  ( 1.105875672974064861, -6.739435519199968560E-15, 4.906250000000001776 ) ) ;
#2635 = CARTESIAN_POINT ( 'NONE',  ( -1.471500672974070056, -6.446186024270533869E-15, 4.948437500000002487 ) ) ;
#2636 = ORIENTED_EDGE ( 'NONE', *, *, #849, .F. ) ;
#2637 = CARTESIAN_POINT ( 'NONE',  ( -1.172864355864549048E-16, -0.9577164262227688685, -1.143749999999998046 ) ) ;
#2638 = CARTESIAN_POINT ( 'NONE',  ( 2.345728711729071966E-16, 0.9577164262227458869, 5.075000000000002842 ) ) ;
#2639 = CARTESIAN_POINT ( 'NONE',  ( 0.000000000000000000, 0.9577164262227572111, -1.818749999999997868 ) ) ;
#2640 = CARTESIAN_POINT ( 'NONE',  ( 0.5529378364870329854, 0.9577164262227455538, 5.937500000000003553 ) ) ;
#2641 = CARTESIAN_POINT ( 'NONE',  ( -0.5529378364870322082, 0.9577164262227458869, 6.406250000000001776 ) ) ;
#2642 = EDGE_LOOP ( 'NONE', ( #3150, #896, #4607, #2420 ) ) ;
#2643 = CARTESIAN_POINT ( 'NONE',  ( 1.471500672974072721, -5.997239246709712184E-15, -0.8203124999999976685 ) ) ;
#2644 = DIRECTION ( 'NONE',  ( 0.000000000000000000, 0.000000000000000000, 1.000000000000000000 ) ) ;
#2645 = CARTESIAN_POINT ( 'NONE',  ( -1.471500672974069834, -6.446186024270533869E-15, 4.470312500000003908 ) ) ;
#2646 = CARTESIAN_POINT ( 'NONE',  ( -0.3915927502278324090, -0.9577164262227689795, -3.870307647468725243 ) ) ;
#2647 = CARTESIAN_POINT ( 'NONE',  ( -0.7216878364870342732, 1.249999999999999112, -3.412500000000000089 ) ) ;
#2648 = CARTESIAN_POINT ( 'NONE',  ( -0.5529378364870323193, 0.9577164262227461089, 4.606250000000002842 ) ) ;
#2649 = CARTESIAN_POINT ( 'NONE',  ( -1.530808498934197980E-16, -1.250000000000011990, 4.568750000000003197 ) ) ;
#2650 = CARTESIAN_POINT ( 'NONE',  ( 0.000000000000000000, 1.249999999999998890, -1.650000000000000577 ) ) ;
#2651 = EDGE_CURVE ( 'NONE', #4527, #112, #1650, .T. ) ;
#2652 = CARTESIAN_POINT ( 'NONE',  ( -0.8294067547305488119, -0.4788582131113825469, 2.975000000000003642 ) ) ;
#2653 =( BOUNDED_CURVE ( )  B_SPLINE_CURVE ( 2, ( #495, #5, #4057 ),
 .UNSPECIFIED., .F., .T. ) 
 B_SPLINE_CURVE_WITH_KNOTS ( ( 3, 3 ),
 ( 0.9615384615384615641, 0.9649100474015306350 ),
 .UNSPECIFIED. ) 
 CURVE ( )  GEOMETRIC_REPRESENTATION_ITEM ( )  RATIONAL_B_SPLINE_CURVE ( ( 1.000000000000000000, 0.9647668653403596029, 0.9480652107226075209 ) ) 
 REPRESENTATION_ITEM ( '' )  );
#2654 = DIRECTION ( 'NONE',  ( 1.060575238724909627E-16, -0.8660254037844409281, -0.4999999999999961142 ) ) ;
#2655 = ORIENTED_EDGE ( 'NONE', *, *, #1612, .T. ) ;
#2656 = CARTESIAN_POINT ( 'NONE',  ( 0.000000000000000000, 0.9577164262227572111, -2.718749999999998224 ) ) ;
#2657 = FACE_OUTER_BOUND ( 'NONE', #286, .T. ) ;
#2658 = CARTESIAN_POINT ( 'NONE',  ( 0.5529378364870329854, 0.9577164262227455538, 3.631250000000002753 ) ) ;
#2659 = CARTESIAN_POINT ( 'NONE',  ( 2.165367235512644317, -1.327391063058463105, 0.1928062570100459450 ) ) ;
#2660 = ORIENTED_EDGE ( 'NONE', *, *, #407, .T. ) ;
#2661 = VECTOR ( 'NONE', #289, 1000.000000000000000 ) ;
#2662 = CARTESIAN_POINT ( 'NONE',  ( -2.250000000000000000, 1.144202757444291896, 7.816101921067745373 ) ) ;
#2663 = CARTESIAN_POINT ( 'NONE',  ( 0.5529378364870320972, -0.9577164262227590985, 3.537500000000003642 ) ) ;
#2664 = CARTESIAN_POINT ( 'NONE',  ( -1.172864355864535983E-16, -0.9577164262227588765, 5.750000000000003553 ) ) ;
#2665 = CARTESIAN_POINT ( 'NONE',  ( -0.8294067547305487009, 0.4788582131113697238, 4.643750000000002487 ) ) ;
#2666 = ORIENTED_EDGE ( 'NONE', *, *, #4528, .T. ) ;
#2667 = CARTESIAN_POINT ( 'NONE',  ( 1.105875672974077295, -6.056653751574597558E-15, -2.887499999999998845 ) ) ;
#2668 = AXIS2_PLACEMENT_3D ( 'NONE', #1097, #2259, #4398 ) ;
#2669 = CARTESIAN_POINT ( 'NONE',  ( 3.061616997868396453E-16, 1.249999999999998890, 7.550000000000000711 ) ) ;
#2670 = CARTESIAN_POINT ( 'NONE',  ( -1.103625504730552320, 0.6371784822407147164, 3.982812500000004530 ) ) ;
#2671 = CARTESIAN_POINT ( 'NONE',  ( -0.8294067547305579158, 0.4788582131113758300, -2.643749999999997602 ) ) ;
#2672 = DIRECTION ( 'NONE',  ( -0.000000000000000000, 9.875224244405043999E-17, -1.000000000000000000 ) ) ;
#2673 = DIRECTION ( 'NONE',  ( 0.000000000000000000, 0.000000000000000000, 1.000000000000000000 ) ) ;
#2674 = CARTESIAN_POINT ( 'NONE',  ( -1.082711773617076823, 0.5877414661443436383, 7.642408698540547718 ) ) ;
#2675 = CARTESIAN_POINT ( 'NONE',  ( -8.958943018007894305E-12, 1.143016786888946923, -3.781983213111049569 ) ) ;
#2676 = CARTESIAN_POINT ( 'NONE',  ( -0.8294067547305487009, 0.4788582131113697238, 3.800000000000003819 ) ) ;
#2677 = CARTESIAN_POINT ( 'NONE',  ( -0.7216878364870352724, -1.250000000000009770, -1.406249999999995559 ) ) ;
#2678 = ORIENTED_EDGE ( 'NONE', *, *, #2165, .T. ) ;
#2679 = EDGE_CURVE ( 'NONE', #333, #4171, #3801, .T. ) ;
#2680 = CARTESIAN_POINT ( 'NONE',  ( 0.5529378364870383145, -0.9577164262227690905, -2.456249999999998046 ) ) ;
#2681 = CARTESIAN_POINT ( 'NONE',  ( 2.164955578321495100, 1.327882310996641335, 0.1927518840764755048 ) ) ;
#2682 = CARTESIAN_POINT ( 'NONE',  ( -1.105875672974064861, -6.468574098567446112E-15, 3.331250000000002487 ) ) ;
#2683 = CARTESIAN_POINT ( 'NONE',  ( 2.058749999999989644, -1.409456344659179461, 0.1674308549306998961 ) ) ;
#2684 = ORIENTED_EDGE ( 'NONE', *, *, #2328, .F. ) ;
#2685 = CARTESIAN_POINT ( 'NONE',  ( -1.172864355864549048E-16, -0.9577164262227688685, -0.6937499999999982014 ) ) ;
#2686 = CARTESIAN_POINT ( 'NONE',  ( 0.8294067547305490340, 0.4788582131113688911, 4.100000000000004086 ) ) ;
#2687 = CARTESIAN_POINT ( 'NONE',  ( -1.105875672974064861, -6.468574098567446112E-15, 5.637500000000003730 ) ) ;
#2688 = CARTESIAN_POINT ( 'NONE',  ( 0.8294067547305484789, -0.4788582131113831575, 3.518750000000002931 ) ) ;
#2689 = ORIENTED_EDGE ( 'NONE', *, *, #4073, .T. ) ;
#2690 = CARTESIAN_POINT ( 'NONE',  ( 0.7357503364870370266, 1.274356964481438315, -0.7453124999999977129 ) ) ;
#2691 = CARTESIAN_POINT ( 'NONE',  ( -2.249999999999998668, -1.078201627711654176, 7.832569145069291139 ) ) ;
#2692 = CARTESIAN_POINT ( 'NONE',  ( 2.345728711729071966E-16, 0.9577164262227458869, 8.225000000000003197 ) ) ;
#2693 = DIRECTION ( 'NONE',  ( 0.000000000000000000, 1.000000000000000000, 0.000000000000000000 ) ) ;
#2694 = CARTESIAN_POINT ( 'NONE',  ( 0.000000000000000000, 1.249999999999998668, -2.550000000000000711 ) ) ;
#2695 = CARTESIAN_POINT ( 'NONE',  ( 3.061616997868395960E-16, 1.249999999999998890, 7.043750000000004619 ) ) ;
#2696 = CARTESIAN_POINT ( 'NONE',  ( 1.443375672974070545, -6.801433263406804649E-15, 6.987500000000002487 ) ) ;
#2697 = CARTESIAN_POINT ( 'NONE',  ( 0.000000000000000000, 1.249999999999998890, -2.100000000000000089 ) ) ;
#2698 = CARTESIAN_POINT ( 'NONE',  ( -1.172864355864535983E-16, -0.9577164262227588765, 3.050000000000003375 ) ) ;
#2699 = LINE ( 'NONE', #1177, #3680 ) ;
#2700 = ORIENTED_EDGE ( 'NONE', *, *, #4734, .T. ) ;
#2701 = B_SPLINE_CURVE_WITH_KNOTS ( 'NONE', 3,
 ( #1667, #2787, #4245, #3864, #511, #2423, #147, #2088, #4633, #2373, #1283, #950 ),
 .UNSPECIFIED., .F., .F.,
 ( 4, 2, 2, 2, 2, 4 ),
 ( 0.0002402870788305265504, 0.0008936620354120542939, 0.001547036991993582010, 0.001873724470284345760, 0.002200411948575109727, 0.002853786905156637226 ),
 .UNSPECIFIED. ) ;
#2702 = CARTESIAN_POINT ( 'NONE',  ( 1.439628572465429190, -1.766906267507323935, 0.03892223732339215869 ) ) ;
#2703 = CARTESIAN_POINT ( 'NONE',  ( -1.530808498934198227E-16, -1.250000000000011990, 6.425000000000001599 ) ) ;
#2704 = DIRECTION ( 'NONE',  ( -0.000000000000000000, 9.875224244405043999E-17, -1.000000000000000000 ) ) ;
#2705 = CARTESIAN_POINT ( 'NONE',  ( 0.7216878364870360496, 1.249999999999998446, 5.262500000000001954 ) ) ;
#2706 = CARTESIAN_POINT ( 'NONE',  ( 0.000000000000000000, -2.734144733198826856E-15, 8.000000000000000000 ) ) ;
#2707 = VERTEX_POINT ( 'NONE', #3825 ) ;
#2708 = CARTESIAN_POINT ( 'NONE',  ( 0.5529378364870383145, -0.9577164262227693126, -3.412499999999998757 ) ) ;
#2709 = CARTESIAN_POINT ( 'NONE',  ( -0.8294067547305488119, -0.4788582131113825469, 5.225000000000004086 ) ) ;
#2710 = CARTESIAN_POINT ( 'NONE',  ( 1.105875672974064861, -6.739435519199968560E-15, 4.512500000000003730 ) ) ;
#2711 = CARTESIAN_POINT ( 'NONE',  ( 0.5529378364870329854, 0.9577164262227455538, 4.531250000000002665 ) ) ;
#2712 = EDGE_CURVE ( 'NONE', #2241, #2885, #3692, .T. ) ;
#2713 = ADVANCED_FACE ( 'NONE', ( #159 ), #30, .T. ) ;
#2714 = ORIENTED_EDGE ( 'NONE', *, *, #3768, .F. ) ;
#2715 = CARTESIAN_POINT ( 'NONE',  ( -0.5529378364870388696, -0.9577164262227687574, -2.587499999999998579 ) ) ;
#2716 = DIRECTION ( 'NONE',  ( -0.000000000000000000, 9.875224244405043999E-17, -1.000000000000000000 ) ) ;
#2717 = CARTESIAN_POINT ( 'NONE',  ( 0.8294067547305484789, -0.4788582131113831575, 6.725000000000003197 ) ) ;
#2718 = CARTESIAN_POINT ( 'NONE',  ( 0.2563007824611289731, 0.9227841903536719848, 3.200000000000002398 ) ) ;
#2719 = CARTESIAN_POINT ( 'NONE',  ( 1.082531754730551965, -0.6250000000000085487, -0.9000000000000006883 ) ) ;
#2720 = CARTESIAN_POINT ( 'NONE',  ( 0.7216878364870354945, 1.249999999999998446, -1.237500000000000711 ) ) ;
#2721 = CARTESIAN_POINT ( 'NONE',  ( 1.530808498934192064E-16, -1.250000000000000666, -3.899999999999999911 ) ) ;
#2722 = CARTESIAN_POINT ( 'NONE',  ( -0.7216878364870358276, -1.250000000000011768, 3.631250000000004974 ) ) ;
#2723 = CARTESIAN_POINT ( 'NONE',  ( -2.249999999999999112, 1.078201627711622201, 7.832569145069296468 ) ) ;
#2724 = CARTESIAN_POINT ( 'NONE',  ( -0.1912500000000085520, 2.487657972370793225, 7.832569145069298244 ) ) ;
#2725 = ORIENTED_EDGE ( 'NONE', *, *, #4717, .F. ) ;
#2726 = CARTESIAN_POINT ( 'NONE',  ( 0.3262455336877586598, -1.002061757687347399, 7.465148073672228435 ) ) ;
#2727 = DIRECTION ( 'NONE',  ( -0.000000000000000000, 9.875224244405043999E-17, -1.000000000000000000 ) ) ;
#2728 = CARTESIAN_POINT ( 'NONE',  ( -0.7357503364870361384, 1.274356964481438537, -2.498437499999999201 ) ) ;
#2729 = FACE_OUTER_BOUND ( 'NONE', #293, .T. ) ;
#2730 = CARTESIAN_POINT ( 'NONE',  ( 0.5529378364870329854, 0.9577164262227455538, 4.081250000000002487 ) ) ;
#2731 = CARTESIAN_POINT ( 'NONE',  ( -0.1341067189834048989, -2.520649661048112833, 7.816106350272737480 ) ) ;
#2732 = ORIENTED_EDGE ( 'NONE', *, *, #3362, .F. ) ;
#2733 = EDGE_CURVE ( 'NONE', #2845, #716, #2862, .T. ) ;
#2734 = EDGE_CURVE ( 'NONE', #3084, #1017, #1365, .T. ) ;
#2735 = CARTESIAN_POINT ( 'NONE',  ( 0.8294067547305582488, 0.4788582131113749973, -3.299999999999998490 ) ) ;
#2736 = CARTESIAN_POINT ( 'NONE',  ( -2.058749999999990532, -1.409456344659180571, 7.832569145069300021 ) ) ;
#2737 = CARTESIAN_POINT ( 'NONE',  ( -1.172864355864535983E-16, -0.9577164262227588765, 3.950000000000003730 ) ) ;
#2738 = CARTESIAN_POINT ( 'NONE',  ( 0.5529378364870329854, 0.9577164262227455538, 5.431250000000002132 ) ) ;
#2739 = CONICAL_SURFACE ( 'NONE', #4659, 2.205000000000000071, 1.047197551196600074 ) ;
#2740 = ORIENTED_EDGE ( 'NONE', *, *, #2833, .T. ) ;
#2741 = CARTESIAN_POINT ( 'NONE',  ( 1.105875672974077295, -5.918880986670521305E-15, -0.6374999999999988454 ) ) ;
#2742 = VECTOR ( 'NONE', #1029, 1000.000000000000000 ) ;
#2743 = ADVANCED_FACE ( 'NONE', ( #1007 ), #3223, .T. ) ;
#2744 = CARTESIAN_POINT ( 'NONE',  ( -1.243734296382538629, -0.1250000000118249577, 7.670000000000452012 ) ) ;
#2745 = CARTESIAN_POINT ( 'NONE',  ( 2.345728711729071966E-16, 0.9577164262227458869, 6.425000000000003375 ) ) ;
#2746 = CARTESIAN_POINT ( 'NONE',  ( 3.061616997868396453E-16, 1.249999999999998890, 3.950000000000001066 ) ) ;
#2747 = VECTOR ( 'NONE', #3413, 1000.000000000000000 ) ;
#2748 = CARTESIAN_POINT ( 'NONE',  ( -1.103625504730552542, -0.6371784822407272619, 7.657812500000003908 ) ) ;
#2749 = CARTESIAN_POINT ( 'NONE',  ( -1.105875672974064861, -6.468574098567446112E-15, 8.281250000000001776 ) ) ;
#2750 = CALENDAR_DATE ( 2026, 8, 1 ) ;
#2751 = ORIENTED_EDGE ( 'NONE', *, *, #702, .T. ) ;
#2752 = CARTESIAN_POINT ( 'NONE',  ( 1.105875672974077295, -5.915436667547917723E-15, -0.5812499999999980460 ) ) ;
#2753 = DIRECTION ( 'NONE',  ( 0.000000000000000000, 1.000000000000000000, 0.000000000000000000 ) ) ;
#2754 = CARTESIAN_POINT ( 'NONE',  ( 0.7357503364870370266, 1.274356964481438315, -3.473437499999998401 ) ) ;
#2755 = CARTESIAN_POINT ( 'NONE',  ( -1.530808498934197980E-16, -1.250000000000011990, 5.918750000000004619 ) ) ;
#2756 = CARTESIAN_POINT ( 'NONE',  ( 0.000000000000000000, 0.9577164262227571001, -3.674999999999998490 ) ) ;
#2757 = VERTEX_POINT ( 'NONE', #3199 ) ;
#2758 = CARTESIAN_POINT ( 'NONE',  ( -0.8294067547305579158, 0.4788582131113757190, -4.049999999999998046 ) ) ;
#2759 = DIRECTION ( 'NONE',  ( -0.000000000000000000, 0.000000000000000000, 1.000000000000000000 ) ) ;
#2760 = AXIS2_PLACEMENT_3D ( 'NONE', #3252, #1877, #3685 ) ;
#2761 = CARTESIAN_POINT ( 'NONE',  ( 1.105875672974064861, -6.739435519199968560E-15, 3.612500000000003819 ) ) ;
#2762 = CARTESIAN_POINT ( 'NONE',  ( 1.105875672974064861, -6.739435519199968560E-15, 5.356250000000002842 ) ) ;
#2763 = ORIENTED_EDGE ( 'NONE', *, *, #3767, .F. ) ;
#2764 = CARTESIAN_POINT ( 'NONE',  ( 0.8294067547305576937, -0.4788582131113877094, -1.574999999999998623 ) ) ;
#2765 = VECTOR ( 'NONE', #651, 1000.000000000000000 ) ;
#2766 = DIRECTION ( 'NONE',  ( -0.000000000000000000, 0.000000000000000000, 1.000000000000000000 ) ) ;
#2767 = CARTESIAN_POINT ( 'NONE',  ( 2.345728711729071966E-16, 0.9577164262227458869, 7.775000000000003020 ) ) ;
#2768 = DIRECTION ( 'NONE',  ( -0.8660254037844383745, -0.5000000000000004441, 0.000000000000000000 ) ) ;
#2769 = DIRECTION ( 'NONE',  ( 0.000000000000000000, 1.000000000000000000, 0.000000000000000000 ) ) ;
#2770 = CARTESIAN_POINT ( 'NONE',  ( 0.7216878364870360496, 1.249999999999998446, 7.006250000000004086 ) ) ;
#2771 = CARTESIAN_POINT ( 'NONE',  ( -1.082531754730553075, -0.6250000000000088818, 3.200000000000001954 ) ) ;
#2772 = CARTESIAN_POINT ( 'NONE',  ( -0.7357503364870348062, 1.274356964481435428, 7.995312500000004263 ) ) ;
#2773 = CARTESIAN_POINT ( 'NONE',  ( 0.1375898464710957891, -1.146510523862354747, -0.5770003230941338490 ) ) ;
#2774 = APPROVAL_ROLE ( '' ) ;
#2775 = EDGE_CURVE ( 'NONE', #1583, #1705, #638, .T. ) ;
#2776 = ORIENTED_EDGE ( 'NONE', *, *, #1580, .F. ) ;
#2777 = EDGE_CURVE ( 'NONE', #2616, #404, #4322, .T. ) ;
#2778 = CARTESIAN_POINT ( 'NONE',  ( 1.751407957523576142, -1.586900355616226443, 0.08771028900139871132 ) ) ;
#2779 = DIRECTION ( 'NONE',  ( 0.000000000000000000, 1.000000000000000000, 0.000000000000000000 ) ) ;
#2780 = CARTESIAN_POINT ( 'NONE',  ( -1.103625504730554541, 0.6371784822407163817, -3.360937499999999023 ) ) ;
#2781 = FACE_OUTER_BOUND ( 'NONE', #623, .T. ) ;
#2782 = CARTESIAN_POINT ( 'NONE',  ( -1.172864355864549048E-16, -0.9577164262227689795, -2.999999999999998224 ) ) ;
#2783 = DIRECTION ( 'NONE',  ( -0.8660254037844384856, 0.5000000000000001110, 0.000000000000000000 ) ) ;
#2784 = ORIENTED_EDGE ( 'NONE', *, *, #3591, .T. ) ;
#2785 =( BOUNDED_CURVE ( )  B_SPLINE_CURVE ( 2, ( #183, #3132, #1318, #2795, #1470, #1087, #4254 ),
 .UNSPECIFIED., .F., .T. ) 
 B_SPLINE_CURVE_WITH_KNOTS ( ( 3, 2, 2, 3 ),
 ( 0.7692307692307692735, 0.7820512820512820484, 0.7948717948717948234, 0.8076923076923077094 ),
 .UNSPECIFIED. ) 
 CURVE ( )  GEOMETRIC_REPRESENTATION_ITEM ( )  RATIONAL_B_SPLINE_CURVE ( ( 1.000000000000000000, 0.8660254037844387076, 1.000000000000000000, 0.8660254037844387076, 1.000000000000000000, 0.8660254037844387076, 1.000000000000000000 ) ) 
 REPRESENTATION_ITEM ( '' )  );
#2786 = CARTESIAN_POINT ( 'NONE',  ( -0.8294067547305580268, -0.4788582131113872098, -3.974999999999998312 ) ) ;
#2787 = CARTESIAN_POINT ( 'NONE',  ( -0.1198194056844272826, -1.241401737223903901, 3.200000000000000622 ) ) ;
#2788 = CARTESIAN_POINT ( 'NONE',  ( -0.8294067547305487009, 0.4788582131113697238, 3.350000000000003197 ) ) ;
#2789 = CARTESIAN_POINT ( 'NONE',  ( 3.121274355046671316E-16, 1.274356964481435872, 7.085937500000001776 ) ) ;
#2790 = EDGE_LOOP ( 'NONE', ( #2446, #771, #599, #361, #2218 ) ) ;
#2791 = CARTESIAN_POINT ( 'NONE',  ( -1.105875672974077295, -5.661796842528402144E-15, -0.8624999999999987121 ) ) ;
#2792 = CARTESIAN_POINT ( 'NONE',  ( 2.249999999999998668, -1.078201627711648625, 7.832569145069291139 ) ) ;
#2793 = FACE_OUTER_BOUND ( 'NONE', #1330, .T. ) ;
#2794 = CARTESIAN_POINT ( 'NONE',  ( -0.7216878364870357165, -1.250000000000011768, 4.137500000000001066 ) ) ;
#2795 = CARTESIAN_POINT ( 'NONE',  ( 1.443375672974070545, -6.801433263406804649E-15, 4.231250000000004619 ) ) ;
#2796 = CARTESIAN_POINT ( 'NONE',  ( 3.061616997868396453E-16, 1.249999999999998890, 7.100000000000002309 ) ) ;
#2797 = CARTESIAN_POINT ( 'NONE',  ( -0.7357503364870348062, 1.274356964481435428, 8.445312500000001776 ) ) ;
#2798 = CARTESIAN_POINT ( 'NONE',  ( 0.000000000000000000, 1.250000000000000222, -3.899999999999999911 ) ) ;
#2799 = ORIENTED_EDGE ( 'NONE', *, *, #3968, .F. ) ;
#2800 = DIRECTION ( 'NONE',  ( -0.000000000000000000, 9.875224244405043999E-17, -1.000000000000000000 ) ) ;
#2801 = ORIENTED_EDGE ( 'NONE', *, *, #4174, .F. ) ;
#2802 = CARTESIAN_POINT ( 'NONE',  ( -0.9566528859284677555, 0.04512215532987735866, 7.377716426222753476 ) ) ;
#2803 = CARTESIAN_POINT ( 'NONE',  ( 3.061616997868396453E-16, 1.249999999999998890, 6.650000000000001243 ) ) ;
#2804 = EDGE_CURVE ( 'NONE', #2825, #2364, #1796, .T. ) ;
#2805 = CARTESIAN_POINT ( 'NONE',  ( -1.103625504730554763, -0.6371784822407278170, -2.385937499999999378 ) ) ;
#2806 = CARTESIAN_POINT ( 'NONE',  ( 3.061616997868395960E-16, 1.249999999999998890, 6.143750000000003375 ) ) ;
#2807 = CARTESIAN_POINT ( 'NONE',  ( 0.8294067547305582488, 0.4788582131113750529, -1.949999999999998623 ) ) ;
#2808 = DIRECTION ( 'NONE',  ( 0.5000000000000002220, 0.8660254037844385966, -0.000000000000000000 ) ) ;
#2809 = ORIENTED_EDGE ( 'NONE', *, *, #914, .T. ) ;
#2810 = PLANE ( 'NONE',  #1814 ) ;
#2811 = CARTESIAN_POINT ( 'NONE',  ( 1.530808498934190338E-16, -1.249999999999999112, -3.899999999999999911 ) ) ;
#2812 = CARTESIAN_POINT ( 'NONE',  ( 0.5529378364870320972, -0.9577164262227589875, 7.531250000000002665 ) ) ;
#2813 = CARTESIAN_POINT ( 'NONE',  ( 1.103625504730553208, 0.6371784822407138282, 6.560937500000001421 ) ) ;
#2814 = ORIENTED_EDGE ( 'NONE', *, *, #4141, .T. ) ;
#2815 =( BOUNDED_CURVE ( )  B_SPLINE_CURVE ( 2, ( #336, #4678, #2516, #1761, #677, #3974, #3933 ),
 .UNSPECIFIED., .F., .T. ) 
 B_SPLINE_CURVE_WITH_KNOTS ( ( 3, 2, 2, 3 ),
 ( 0.5128205128205127750, 0.5256410256410255499, 0.5384615384615384359, 0.5512820512820513219 ),
 .UNSPECIFIED. ) 
 CURVE ( )  GEOMETRIC_REPRESENTATION_ITEM ( )  RATIONAL_B_SPLINE_CURVE ( ( 1.000000000000000000, 0.8660254037844387076, 1.000000000000000000, 0.8660254037844387076, 1.000000000000000000, 0.8660254037844387076, 1.000000000000000000 ) ) 
 REPRESENTATION_ITEM ( '' )  );
#2816 = CARTESIAN_POINT ( 'NONE',  ( -1.530808498934197980E-16, -1.250000000000011990, 3.218750000000004441 ) ) ;
#2817 = B_SPLINE_CURVE_WITH_KNOTS ( 'NONE', 3,
 ( #269, #1020, #1423, #358, #698, #1738, #3214, #3953 ),
 .UNSPECIFIED., .F., .F.,
 ( 4, 2, 2, 4 ),
 ( 0.003320957300152098737, 0.003789019072561167385, 0.004257080844970236033, 0.005193204389788374196 ),
 .UNSPECIFIED. ) ;
#2818 = CARTESIAN_POINT ( 'NONE',  ( 0.8294067547305576937, -0.4788582131113877649, -2.418749999999997957 ) ) ;
#2819 = CARTESIAN_POINT ( 'NONE',  ( 1.082531754730552631, -0.6250000000000097700, 7.343750000000004441 ) ) ;
#2820 = CARTESIAN_POINT ( 'NONE',  ( -1.530808498934198227E-16, -1.250000000000011990, 4.175000000000000711 ) ) ;
#2821 = CARTESIAN_POINT ( 'NONE',  ( 0.3443132500722087541, -2.399286863738571807, 7.876666173317352637 ) ) ;
#2822 = CARTESIAN_POINT ( 'NONE',  ( -1.560637177523335165E-16, -1.274356964481448529, 5.932812500000004263 ) ) ;
#2823 = CARTESIAN_POINT ( 'NONE',  ( -0.1912500000077516915, 2.487657972366322578, 0.1674308549284724279 ) ) ;
#2824 = ORIENTED_EDGE ( 'NONE', *, *, #2624, .F. ) ;
#2825 = VERTEX_POINT ( 'NONE', #2460 ) ;
#2826 = VECTOR ( 'NONE', #2009, 1000.000000000000000 ) ;
#2827 = CARTESIAN_POINT ( 'NONE',  ( -0.8294067547305487009, 0.4788582131113697238, 5.543750000000002842 ) ) ;
#2828 = CARTESIAN_POINT ( 'NONE',  ( -1.075925663537231847, 0.1439536730239802942, 7.495925663537233774 ) ) ;
#2829 = CARTESIAN_POINT ( 'NONE',  ( -1.471500672974072721, -5.790097729845324461E-15, -3.323437499999998934 ) ) ;
#2830 = CARTESIAN_POINT ( 'NONE',  ( -1.105875672974077073, -5.799569607432479186E-15, -3.112499999999998934 ) ) ;
#2831 = CARTESIAN_POINT ( 'NONE',  ( -1.443375672974070545, -6.447908183831835661E-15, 4.512500000000001954 ) ) ;
#2832 = EDGE_LOOP ( 'NONE', ( #3686, #4636, #1450, #1741 ) ) ;
#2833 = EDGE_CURVE ( 'NONE', #36, #940, #3116, .T. ) ;
#2834 = CARTESIAN_POINT ( 'NONE',  ( 0.000000000000000000, 0.9577164262227573222, -0.9749999999999988676 ) ) ;
#2835 = LINE ( 'NONE', #4294, #3427 ) ;
#2836 = CARTESIAN_POINT ( 'NONE',  ( -0.5529378364870326523, -0.9577164262227586544, 8.356250000000002842 ) ) ;
#2837 = CARTESIAN_POINT ( 'NONE',  ( -0.7357503364870349172, 1.274356964481435650, 7.123437500000002309 ) ) ;
#2838 = VERTEX_POINT ( 'NONE', #3983 ) ;
#2839 = CARTESIAN_POINT ( 'NONE',  ( 0.8294067547305582488, 0.4788582131113749418, -3.693749999999997868 ) ) ;
#2840 =( BOUNDED_SURFACE ( )  B_SPLINE_SURFACE ( 1, 2, ( 
 ( #4301, #3938, #636, #2113, #3580, #4367, #3219, #4687, #2502, #2860, #4321, #661, #1431, #2139, #3261, #4731, #2901, #4441, #3355, #2251, #416, #3717, #1498, #3696, #2614, #466, #1544, #2228, #1138, #799, #3285, #4097, #1112, #3020, #2998, #4074, #775, #725, #3308, #1890, #2300, #4392, #2592, #391, #2276, #2568, #22, #1863, #46, #4755, #1522, #4022, #1454, #2204, #2926, #3332, #1089, #3670, #823, #4467, #366, #2948, #4416, #1916, #1163, #750, #4490, #1839, #1186, #441, #2972, #1473, #4777, #2640, #4048, #3741, #3382, #74, #2664, #4121, #3765, #2687, #97, #1211, #3887, #3815, #3403, #1567, #4246, #3095, #2323, #1592, #3070, #561, #3482, #4169, #1668, #4144, #3148, #3865, #2347, #123, #3043, #1258, #3791, #174, #4560, #538, #4584, #846, #1990, #2710, #1615, #200, #872, #487, #951, #4537, #1962, #513, #3455, #4513, #1235, #3430, #148, #2014, #2737, #4610, #1284, #2399, #4196, #1639, #899, #3120, #1310, #2761, #2374, #2039, #3841, #4223, #926, #3505, #2788, #2424, #1939, #4296, #2156, #3599, #291, #1694, #4339, #999, #313 ),
 ( #2855, #1424, #1401, #2896, #4725, #4316, #2109, #2836, #3191, #4361, #4657, #1022, #4680, #1739, #3215, #1357, #1063, #270, #224, #976, #2474, #3909, #3618, #2542, #1041, #3256, #2498, #3934, #1762, #2812, #2517, #4704, #3954, #4271, #3575, #3975, #2450, #2134, #3553, #3171, #4634, #1784, #2874, #1333, #611, #2089, #586, #656, #3238, #2064, #679, #3529, #246, #1715, #632, #1380, #4772, #3689, #2269, #1466, #2561, #1539, #359, #4016, #2942, #742, #337, #3303, #1809, #719, #4066, #1834, #434, #3347, #4460, #2199, #769, #3664, #409, #1908, #40, #2966, #1156, #4407, #699, #15, #4434, #1514, #4387, #1882, #1104, #792, #2244, #3710, #3280, #2992, #2584, #3735, #4042, #2634, #1084, #1130, #3015, #1181, #2222, #67, #3996, #2178, #3375, #4485, #3642, #385, #1857, #3326, #4750, #1448, #1489, #4092, #2920, #2608, #3810, #2730, #1609, #4555, #3089, #867, #3064, #1986, #4605, #922, #1587, #507, #168, #2658, #3475, #482, #2394, #2369, #3448, #143, #92, #2682, #1252, #1663, #3759, #1957, #4532, #1634, #1934, #4163, #1229, #4190, #4114 ) ),
 .UNSPECIFIED., .F., .F., .T. ) 
 B_SPLINE_SURFACE_WITH_KNOTS ( ( 2, 2 ),
 ( 3, 2, 2, 2, 2, 2, 2, 2, 2, 2, 2, 2, 2, 2, 2, 2, 2, 2, 2, 2, 2, 2, 2, 2, 2, 2, 2, 2, 2, 2, 2, 2, 2, 2, 2, 2, 2, 2, 2, 2, 2, 2, 2, 2, 2, 2, 2, 2, 2, 2, 2, 2, 2, 2, 2, 2, 2, 2, 2, 2, 2, 2, 2, 2, 2, 2, 2, 2, 2, 2, 2, 2, 2, 2, 2, 2, 3 ),
 ( 0.000000000000000000, 1.000000000000000000 ),
 ( 0.000000000000000000, 0.01282051282051282007, 0.02564102564102564014, 0.03846153846153846367, 0.05128205128205128027, 0.06410256410256409687, 0.07692307692307692735, 0.08974358974358974395, 0.1025641025641025605, 0.1153846153846153910, 0.1282051282051281937, 0.1410256410256410242, 0.1538461538461538547, 0.1666666666666666574, 0.1794871794871794879, 0.1923076923076923184, 0.2051282051282051211, 0.2179487179487179516, 0.2307692307692307820, 0.2435897435897435848, 0.2564102564102563875, 0.2692307692307692180, 0.2820512820512820484, 0.2948717948717948789, 0.3076923076923077094, 0.3205128205128205399, 0.3333333333333333148, 0.3461538461538461453, 0.3589743589743589758, 0.3717948717948718063, 0.3846153846153846367, 0.3974358974358974117, 0.4102564102564102422, 0.4230769230769230727, 0.4358974358974359031, 0.4487179487179487336, 0.4615384615384615641, 0.4743589743589743390, 0.4871794871794871695, 0.5000000000000000000, 0.5128205128205127750, 0.5256410256410256610, 0.5384615384615384359, 0.5512820512820513219, 0.5641025641025640969, 0.5769230769230768718, 0.5897435897435897578, 0.6025641025641025328, 0.6153846153846154188, 0.6282051282051281937, 0.6410256410256410797, 0.6538461538461538547, 0.6666666666666666297, 0.6794871794871795156, 0.6923076923076922906, 0.7051282051282051766, 0.7179487179487179516, 0.7307692307692307265, 0.7435897435897436125, 0.7564102564102563875, 0.7692307692307692735, 0.7820512820512820484, 0.7948717948717948234, 0.8076923076923077094, 0.8205128205128204844, 0.8333333333333333703, 0.8461538461538461453, 0.8589743589743589203, 0.8717948717948718063, 0.8846153846153845812, 0.8974358974358974672, 0.9102564102564102422, 0.9230769230769231282, 0.9358974358974359031, 0.9487179487179486781, 0.9615384615384615641, 0.9743589743589743390 ),
 .UNSPECIFIED. ) 
 GEOMETRIC_REPRESENTATION_ITEM ( )  RATIONAL_B_SPLINE_SURFACE ( (
 ( 1.000000000000000000, 0.8660254037844387076, 1.000000000000000000, 0.8660254037844387076, 1.000000000000000000, 0.8660254037844387076, 1.000000000000000000, 0.8660254037844387076, 1.000000000000000000, 0.8660254037844387076, 1.000000000000000000, 0.8660254037844387076, 1.000000000000000000, 0.8660254037844387076, 1.000000000000000000, 0.8660254037844387076, 1.000000000000000000, 0.8660254037844387076, 1.000000000000000000, 0.8660254037844387076, 1.000000000000000000, 0.8660254037844387076, 1.000000000000000000, 0.8660254037844387076, 1.000000000000000000, 0.8660254037844387076, 1.000000000000000000, 0.8660254037844387076, 1.000000000000000000, 0.8660254037844387076, 1.000000000000000000, 0.8660254037844387076, 1.000000000000000000, 0.8660254037844387076, 1.000000000000000000, 0.8660254037844387076, 1.000000000000000000, 0.8660254037844387076, 1.000000000000000000, 0.8660254037844387076, 1.000000000000000000, 0.8660254037844387076, 1.000000000000000000, 0.8660254037844387076, 1.000000000000000000, 0.8660254037844387076, 1.000000000000000000, 0.8660254037844387076, 1.000000000000000000, 0.8660254037844387076, 1.000000000000000000, 0.8660254037844387076, 1.000000000000000000, 0.8660254037844387076, 1.000000000000000000, 0.8660254037844387076, 1.000000000000000000, 0.8660254037844387076, 1.000000000000000000, 0.8660254037844387076, 1.000000000000000000, 0.8660254037844387076, 1.000000000000000000, 0.8660254037844387076, 1.000000000000000000, 0.8660254037844387076, 1.000000000000000000, 0.8660254037844387076, 1.000000000000000000, 0.8660254037844387076, 1.000000000000000000, 0.8660254037844387076, 1.000000000000000000, 0.8660254037844387076, 1.000000000000000000, 0.8660254037844387076, 1.000000000000000000, 0.8660254037844387076, 1.000000000000000000, 0.8660254037844387076, 1.000000000000000000, 0.8660254037844387076, 1.000000000000000000, 0.8660254037844387076, 1.000000000000000000, 0.8660254037844387076, 1.000000000000000000, 0.8660254037844387076, 1.000000000000000000, 0.8660254037844387076, 1.000000000000000000, 0.8660254037844387076, 1.000000000000000000, 0.8660254037844387076, 1.000000000000000000, 0.8660254037844387076, 1.000000000000000000, 0.8660254037844387076, 1.000000000000000000, 0.8660254037844387076, 1.000000000000000000, 0.8660254037844387076, 1.000000000000000000, 0.8660254037844387076, 1.000000000000000000, 0.8660254037844387076, 1.000000000000000000, 0.8660254037844387076, 1.000000000000000000, 0.8660254037844387076, 1.000000000000000000, 0.8660254037844387076, 1.000000000000000000, 0.8660254037844387076, 1.000000000000000000, 0.8660254037844387076, 1.000000000000000000, 0.8660254037844387076, 1.000000000000000000, 0.8660254037844387076, 1.000000000000000000, 0.8660254037844387076, 1.000000000000000000, 0.8660254037844387076, 1.000000000000000000, 0.8660254037844387076, 1.000000000000000000, 0.8660254037844387076, 1.000000000000000000, 0.8660254037844387076, 1.000000000000000000, 0.8660254037844387076, 1.000000000000000000, 0.8660254037844387076, 1.000000000000000000, 0.8660254037844387076, 1.000000000000000000, 0.8660254037844387076, 1.000000000000000000, 0.8660254037844387076, 1.000000000000000000, 0.8660254037844387076, 1.000000000000000000, 0.8660254037844387076, 1.000000000000000000, 0.8660254037844387076, 1.000000000000000000, 0.8660254037844387076, 1.000000000000000000, 0.8660254037844387076, 1.000000000000000000, 0.8660254037844387076, 1.000000000000000000),
 ( 1.000000000000000000, 0.8660254037844387076, 1.000000000000000000, 0.8660254037844387076, 1.000000000000000000, 0.8660254037844387076, 1.000000000000000000, 0.8660254037844387076, 1.000000000000000000, 0.8660254037844387076, 1.000000000000000000, 0.8660254037844387076, 1.000000000000000000, 0.8660254037844387076, 1.000000000000000000, 0.8660254037844387076, 1.000000000000000000, 0.8660254037844387076, 1.000000000000000000, 0.8660254037844387076, 1.000000000000000000, 0.8660254037844387076, 1.000000000000000000, 0.8660254037844387076, 1.000000000000000000, 0.8660254037844387076, 1.000000000000000000, 0.8660254037844387076, 1.000000000000000000, 0.8660254037844387076, 1.000000000000000000, 0.8660254037844387076, 1.000000000000000000, 0.8660254037844387076, 1.000000000000000000, 0.8660254037844387076, 1.000000000000000000, 0.8660254037844387076, 1.000000000000000000, 0.8660254037844387076, 1.000000000000000000, 0.8660254037844387076, 1.000000000000000000, 0.8660254037844387076, 1.000000000000000000, 0.8660254037844387076, 1.000000000000000000, 0.8660254037844387076, 1.000000000000000000, 0.8660254037844387076, 1.000000000000000000, 0.8660254037844387076, 1.000000000000000000, 0.8660254037844387076, 1.000000000000000000, 0.8660254037844387076, 1.000000000000000000, 0.8660254037844387076, 1.000000000000000000, 0.8660254037844387076, 1.000000000000000000, 0.8660254037844387076, 1.000000000000000000, 0.8660254037844387076, 1.000000000000000000, 0.8660254037844387076, 1.000000000000000000, 0.8660254037844387076, 1.000000000000000000, 0.8660254037844387076, 1.000000000000000000, 0.8660254037844387076, 1.000000000000000000, 0.8660254037844387076, 1.000000000000000000, 0.8660254037844387076, 1.000000000000000000, 0.8660254037844387076, 1.000000000000000000, 0.8660254037844387076, 1.000000000000000000, 0.8660254037844387076, 1.000000000000000000, 0.8660254037844387076, 1.000000000000000000, 0.8660254037844387076, 1.000000000000000000, 0.8660254037844387076, 1.000000000000000000, 0.8660254037844387076, 1.000000000000000000, 0.8660254037844387076, 1.000000000000000000, 0.8660254037844387076, 1.000000000000000000, 0.8660254037844387076, 1.000000000000000000, 0.8660254037844387076, 1.000000000000000000, 0.8660254037844387076, 1.000000000000000000, 0.8660254037844387076, 1.000000000000000000, 0.8660254037844387076, 1.000000000000000000, 0.8660254037844387076, 1.000000000000000000, 0.8660254037844387076, 1.000000000000000000, 0.8660254037844387076, 1.000000000000000000, 0.8660254037844387076, 1.000000000000000000, 0.8660254037844387076, 1.000000000000000000, 0.8660254037844387076, 1.000000000000000000, 0.8660254037844387076, 1.000000000000000000, 0.8660254037844387076, 1.000000000000000000, 0.8660254037844387076, 1.000000000000000000, 0.8660254037844387076, 1.000000000000000000, 0.8660254037844387076, 1.000000000000000000, 0.8660254037844387076, 1.000000000000000000, 0.8660254037844387076, 1.000000000000000000, 0.8660254037844387076, 1.000000000000000000, 0.8660254037844387076, 1.000000000000000000, 0.8660254037844387076, 1.000000000000000000, 0.8660254037844387076, 1.000000000000000000, 0.8660254037844387076, 1.000000000000000000, 0.8660254037844387076, 1.000000000000000000, 0.8660254037844387076, 1.000000000000000000, 0.8660254037844387076, 1.000000000000000000, 0.8660254037844387076, 1.000000000000000000, 0.8660254037844387076, 1.000000000000000000, 0.8660254037844387076, 1.000000000000000000) ) ) 
 REPRESENTATION_ITEM ( '' )  SURFACE ( )  );
#2841 = DIRECTION ( 'NONE',  ( 0.000000000000000000, 1.000000000000000000, 0.000000000000000000 ) ) ;
#2842 = CARTESIAN_POINT ( 'NONE',  ( -1.560637177523338370E-16, -1.274356964481450305, -3.632812499999997780 ) ) ;
#2843 = DIRECTION ( 'NONE',  ( -0.000000000000000000, 9.875224244405043999E-17, -1.000000000000000000 ) ) ;
#2844 = CARTESIAN_POINT ( 'NONE',  ( -1.103625504730552542, -0.6371784822407272619, 6.307812500000004263 ) ) ;
#2845 = VERTEX_POINT ( 'NONE', #3582 ) ;
#2846 = APPROVAL_STATUS ( 'not_yet_approved' ) ;
#2847 = ORIENTED_EDGE ( 'NONE', *, *, #1058, .F. ) ;
#2848 = CARTESIAN_POINT ( 'NONE',  ( -1.172864355864535983E-16, -0.9577164262227588765, 6.593750000000002665 ) ) ;
#2849 = CARTESIAN_POINT ( 'NONE',  ( -0.3443132500722112521, -2.399286863738571807, 0.1233338266826481955 ) ) ;
#2850 = CARTESIAN_POINT ( 'NONE',  ( 0.5529378364870382034, -0.9577164262227693126, -2.962499999999998579 ) ) ;
#2851 = CARTESIAN_POINT ( 'NONE',  ( 2.058749999999998526, 1.409456344659171467, -6.873863542433758411 ) ) ;
#2852 = VERTEX_POINT ( 'NONE', #3606 ) ;
#2853 = CARTESIAN_POINT ( 'NONE',  ( 0.000000000000000000, 0.9577164262227573222, -0.5249999999999985789 ) ) ;
#2854 = CYLINDRICAL_SURFACE ( 'NONE', #2196, 1.250000000000000444 ) ;
#2855 = CARTESIAN_POINT ( 'NONE',  ( 2.345728711729071966E-16, 0.9577164262227458869, 8.618750000000003908 ) ) ;
#2856 = CARTESIAN_POINT ( 'NONE',  ( -0.7357503364870353613, -1.274356964481448529, 7.723437500000001954 ) ) ;
#2857 = ORIENTED_EDGE ( 'NONE', *, *, #305, .T. ) ;
#2858 = CARTESIAN_POINT ( 'NONE',  ( 0.5529378364870390916, 0.9577164262227569891, -2.306249999999998135 ) ) ;
#2859 = EDGE_CURVE ( 'NONE', #688, #3854, #3583, .T. ) ;
#2860 = CARTESIAN_POINT ( 'NONE',  ( -1.105875672974064861, -6.468574098567446112E-15, 8.337500000000002132 ) ) ;
#2861 = CARTESIAN_POINT ( 'NONE',  ( 0.000000000000000000, 1.274356964481438759, -2.507812499999997335 ) ) ;
#2862 = LINE ( 'NONE', #3942, #2742 ) ;
#2863 = CARTESIAN_POINT ( 'NONE',  ( 3.121274355046670330E-16, 1.274356964481435650, 6.607812500000004086 ) ) ;
#2864 = ORIENTED_EDGE ( 'NONE', *, *, #4410, .F. ) ;
#2865 = ORIENTED_EDGE ( 'NONE', *, *, #3795, .F. ) ;
#2866 = CARTESIAN_POINT ( 'NONE',  ( -0.5529378364870323193, 0.9577164262227461089, 6.856250000000002842 ) ) ;
#2867 = CARTESIAN_POINT ( 'NONE',  ( 0.7216878364870349394, -1.250000000000012434, 6.406250000000003553 ) ) ;
#2868 = CARTESIAN_POINT ( 'NONE',  ( -0.7216878364870358276, -1.250000000000011768, 4.081250000000005151 ) ) ;
#2869 = CARTESIAN_POINT ( 'NONE',  ( 0.5529378364870320972, -0.9577164262227589875, 4.887500000000002842 ) ) ;
#2870 = CARTESIAN_POINT ( 'NONE',  ( 0.000000000000000000, 0.9577164262227573222, -0.9749999999999988676 ) ) ;
#2871 = CARTESIAN_POINT ( 'NONE',  ( -1.082531754730553075, -0.6250000000000088818, 7.250000000000001776 ) ) ;
#2872 = ORIENTED_EDGE ( 'NONE', *, *, #2565, .F. ) ;
#2873 = CARTESIAN_POINT ( 'NONE',  ( -0.5529378364870388696, -0.9577164262227686464, -0.7874999999999986455 ) ) ;
#2874 = CARTESIAN_POINT ( 'NONE',  ( -1.172864355864535983E-16, -0.9577164262227588765, 7.043750000000001954 ) ) ;
#2875 = CARTESIAN_POINT ( 'NONE',  ( 1.471500672974070056, -6.806599742090707656E-15, 7.423437500000003020 ) ) ;
#2876 = VERTEX_POINT ( 'NONE', #298 ) ;
#2877 = CARTESIAN_POINT ( 'NONE',  ( -0.5529378364870323193, 0.9577164262227461089, 6.012500000000003730 ) ) ;
#2878 = CARTESIAN_POINT ( 'NONE',  ( -1.105875672974077295, -5.851234394271508471E-15, -3.956249999999998046 ) ) ;
#2879 = DIRECTION ( 'NONE',  ( -0.000000000000000000, 9.875224244405043999E-17, -1.000000000000000000 ) ) ;
#2880 = CARTESIAN_POINT ( 'NONE',  ( 0.7357503364870359164, -1.274356964481450527, -3.145312499999997513 ) ) ;
#2881 = ADVANCED_FACE ( 'NONE', ( #4713 ), #2883, .T. ) ;
#2882 = B_SPLINE_CURVE_WITH_KNOTS ( 'NONE', 3,
 ( #3031, #1556, #33, #4454, #1175, #3683, #2310, #1198, #4426, #2675 ),
 .UNSPECIFIED., .F., .F.,
 ( 4, 2, 2, 2, 4 ),
 ( 0.000000000000000000, 0.0007029833404427948467, 0.001405966680885589693, 0.002108950021328384432, 0.002811933361771179387 ),
 .UNSPECIFIED. ) ;
#2883 = CYLINDRICAL_SURFACE ( 'NONE', #425, 1.249999999999998890 ) ;
#2884 = CARTESIAN_POINT ( 'NONE',  ( 0.7357503364870356943, 1.274356964481434984, 7.020312500000004619 ) ) ;
#2885 = VERTEX_POINT ( 'NONE', #1795 ) ;
#2886 = ORIENTED_EDGE ( 'NONE', *, *, #917, .T. ) ;
#2887 = CARTESIAN_POINT ( 'NONE',  ( -0.8294067547305488119, -0.4788582131113825469, 5.618750000000002132 ) ) ;
#2888 = DIRECTION ( 'NONE',  ( -0.000000000000000000, 9.875224244405043999E-17, -1.000000000000000000 ) ) ;
#2889 = CARTESIAN_POINT ( 'NONE',  ( 1.103625504730555207, 0.6371784822407156046, -0.3609374999999993006 ) ) ;
#2890 = CARTESIAN_POINT ( 'NONE',  ( 0.5529378364870329854, 0.9577164262227455538, 4.137500000000003730 ) ) ;
#2891 = LINE ( 'NONE', #4357, #2909 ) ;
#2892 = ORIENTED_EDGE ( 'NONE', *, *, #2127, .T. ) ;
#2893 = CIRCLE ( 'NONE', #2668, 0.9577164262227575442 ) ;
#2894 = CARTESIAN_POINT ( 'NONE',  ( -0.5529378364870384255, 0.9577164262227572111, -4.031249999999997335 ) ) ;
#2895 = CARTESIAN_POINT ( 'NONE',  ( 0.000000000000000000, 1.249999999999999334, 3.200000000000001510 ) ) ;
#2896 = CARTESIAN_POINT ( 'NONE',  ( 1.105875672974064861, -6.739435519199968560E-15, 8.506250000000001421 ) ) ;
#2897 = CARTESIAN_POINT ( 'NONE',  ( 3.121274355046671316E-16, 1.274356964481435872, 5.735937500000001243 ) ) ;
#2898 = EDGE_LOOP ( 'NONE', ( #2412, #2253, #3091, #4469 ) ) ;
#2899 = CARTESIAN_POINT ( 'NONE',  ( -0.8294067547305488119, -0.4788582131113825469, 5.675000000000003375 ) ) ;
#2900 = CARTESIAN_POINT ( 'NONE',  ( -0.5529378364870384255, 0.9577164262227573222, -1.331249999999997824 ) ) ;
#2901 = CARTESIAN_POINT ( 'NONE',  ( 0.8294067547305484789, -0.4788582131113831575, 8.075000000000002842 ) ) ;
#2902 = CARTESIAN_POINT ( 'NONE',  ( 0.8294067547305484789, -0.4788582131113831575, 8.018750000000000711 ) ) ;
#2903 = CARTESIAN_POINT ( 'NONE',  ( 0.7357503364870370266, 1.274356964481438315, -3.895312499999997513 ) ) ;
#2904 = CARTESIAN_POINT ( 'NONE',  ( -1.443375672974070545, -6.447908183831835661E-15, 4.906250000000004441 ) ) ;
#2905 = AXIS2_PLACEMENT_3D ( 'NONE', #1928, #1875, #4060 ) ;
#2906 = CARTESIAN_POINT ( 'NONE',  ( 3.121274355046670330E-16, 1.274356964481435650, 7.507812500000004441 ) ) ;
#2907 = PERSON_AND_ORGANIZATION_ROLE ( 'creator' ) ;
#2908 = ORIENTED_EDGE ( 'NONE', *, *, #2322, .F. ) ;
#2909 = VECTOR ( 'NONE', #1059, 1000.000000000000000 ) ;
#2910 = CARTESIAN_POINT ( 'NONE',  ( -0.8294067547305487009, 0.4788582131113697238, 3.293750000000002398 ) ) ;
#2911 = CARTESIAN_POINT ( 'NONE',  ( 0.7216878364870352724, 1.249999999999998224, -1.631249999999995870 ) ) ;
#2912 = CARTESIAN_POINT ( 'NONE',  ( -1.560637177523338370E-16, -1.274356964481450083, -0.9609374999999991118 ) ) ;
#2913 = EDGE_CURVE ( 'NONE', #202, #1705, #3151, .T. ) ;
#2914 = CARTESIAN_POINT ( 'NONE',  ( 0.8294067547305490340, 0.4788582131113688911, 5.000000000000003553 ) ) ;
#2915 = ADVANCED_FACE ( 'NONE', ( #4642 ), #1340, .T. ) ;
#2916 = CARTESIAN_POINT ( 'NONE',  ( -1.530808498934198227E-16, -1.250000000000011990, 5.525000000000002132 ) ) ;
#2917 = ORIENTED_EDGE ( 'NONE', *, *, #3240, .T. ) ;
#2918 = CARTESIAN_POINT ( 'NONE',  ( -1.105875672974077295, -5.851234394271508471E-15, -3.956249999999998046 ) ) ;
#2919 = CARTESIAN_POINT ( 'NONE',  ( 3.061616997868395960E-16, 1.249999999999998890, 5.243750000000004796 ) ) ;
#2920 = CARTESIAN_POINT ( 'NONE',  ( -0.8294067547305487009, 0.4788582131113697238, 4.193750000000003197 ) ) ;
#2921 = CARTESIAN_POINT ( 'NONE',  ( 3.121274355046671316E-16, 1.274356964481435872, 6.185937500000002309 ) ) ;
#2922 = ORIENTED_EDGE ( 'NONE', *, *, #1706, .F. ) ;
#2923 = B_SPLINE_CURVE_WITH_KNOTS ( 'NONE', 3,
 ( #473, #424, #4520, #4450, #832, #1870 ),
 .UNSPECIFIED., .F., .F.,
 ( 4, 2, 4 ),
 ( 8.706865556584522017E-15, 0.0002012759897654045366, 0.0004025519795221021708 ),
 .UNSPECIFIED. ) ;
#2924 = CARTESIAN_POINT ( 'NONE',  ( 0.8294067547305490340, 0.4788582131113688911, 6.800000000000003375 ) ) ;
#2925 = CARTESIAN_POINT ( 'NONE',  ( 0.5529378364870390916, 0.9577164262227569891, -1.856249999999998179 ) ) ;
#2926 = CARTESIAN_POINT ( 'NONE',  ( -1.172864355864535983E-16, -0.9577164262227588765, 6.650000000000003020 ) ) ;
#2927 = CARTESIAN_POINT ( 'NONE',  ( 1.105875672974064861, -6.739435519199968560E-15, 8.056250000000002132 ) ) ;
#2928 = CARTESIAN_POINT ( 'NONE',  ( 1.103625504730554319, -0.6371784822407287052, -3.107812499999997868 ) ) ;
#2929 =( BOUNDED_CURVE ( )  B_SPLINE_CURVE ( 2, ( #2226, #294, #1110, #209, #1678, #4775, #2588, #3157, #4618, #4046, #1045, #2566, #748, #958, #1767, #2432, #2924, #1428, #340, #3538, #2946, #3978, #3893, #594, #3259, #364, #4414, #3283, #2075, #4020, #4390, #703, #4708, #4728, #722, #1404, #1813, #2877, #4342, #2520, #682, #2159, #3623, #317, #4753, #1788, #2899, #2545, #4365, #1452, #1066, #3999, #2182, #3645, #2202, #3668, #1837, #3306, #2709, #1185, #4536, #773, #2638, #822, #4143, #463, #1961, #3402, #4438, #1887, #4167, #2274, #1234, #2612, #871, #1496, #3694, #3715, #3379, #2299, #4095, #414, #3069, #72, #389, #1210, #1861, #4120, #2686, #3763, #3739, #96, #845, #439, #2248, #2321, #20, #3353, #3042, #2996, #44, #1591, #4512, #2663, #1135, #1566, #1519, #4465, #1938, #3790, #4070, #486, #796 ),
 .UNSPECIFIED., .F., .T. ) 
 B_SPLINE_CURVE_WITH_KNOTS ( ( 3, 2, 2, 2, 2, 2, 2, 2, 2, 2, 2, 2, 2, 2, 2, 2, 2, 2, 2, 2, 2, 2, 2, 2, 2, 2, 2, 2, 2, 2, 2, 2, 2, 2, 2, 2, 2, 2, 2, 2, 2, 2, 2, 2, 2, 2, 2, 2, 2, 2, 2, 2, 2, 2, 2, 2, 3 ),
 ( 0.2219066148612574563, 0.2307692307692307820, 0.2435897435897435848, 0.2564102564102563875, 0.2692307692307692180, 0.2820512820512820484, 0.2948717948717948789, 0.3076923076923077094, 0.3205128205128205399, 0.3333333333333333148, 0.3461538461538461453, 0.3589743589743589758, 0.3717948717948718063, 0.3846153846153846367, 0.3974358974358973562, 0.4102564102564102422, 0.4230769230769230727, 0.4358974358974359031, 0.4487179487179487336, 0.4615384615384615641, 0.4743589743589743390, 0.4871794871794871695, 0.5000000000000000000, 0.5128205128205127750, 0.5256410256410256610, 0.5384615384615384359, 0.5512820512820513219, 0.5641025641025640969, 0.5769230769230768718, 0.5897435897435897578, 0.6025641025641025328, 0.6153846153846154188, 0.6282051282051281937, 0.6410256410256409687, 0.6538461538461539657, 0.6666666666666667407, 0.6794871794871795156, 0.6923076923076922906, 0.7051282051282051766, 0.7179487179487179516, 0.7307692307692306155, 0.7435897435897436125, 0.7564102564102563875, 0.7692307692307691624, 0.7820512820512819374, 0.7948717948717947124, 0.8076923076923077094, 0.8205128205128204844, 0.8333333333333332593, 0.8461538461538460343, 0.8589743589743588092, 0.8717948717948718063, 0.8846153846153845812, 0.8974358974358973562, 0.9102564102564101312, 0.9230769230769231282, 0.9358974358974359031 ),
 .UNSPECIFIED. ) 
 CURVE ( )  GEOMETRIC_REPRESENTATION_ITEM ( )  RATIONAL_B_SPLINE_CURVE ( ( 0.9428168514496035879, 0.9073854997606218831, 1.000000000000000000, 0.8660254037844387076, 1.000000000000000000, 0.8660254037844387076, 1.000000000000000000, 0.8660254037844387076, 1.000000000000000000, 0.8660254037844387076, 1.000000000000000000, 0.8660254037844387076, 1.000000000000000000, 0.8660254037844387076, 1.000000000000000000, 0.8660254037844387076, 1.000000000000000000, 0.8660254037844387076, 1.000000000000000000, 0.8660254037844387076, 1.000000000000000000, 0.8660254037844387076, 1.000000000000000000, 0.8660254037844387076, 1.000000000000000000, 0.8660254037844387076, 1.000000000000000000, 0.8660254037844387076, 1.000000000000000000, 0.8660254037844387076, 1.000000000000000000, 0.8660254037844387076, 1.000000000000000000, 0.8660254037844387076, 1.000000000000000000, 0.8660254037844387076, 1.000000000000000000, 0.8660254037844387076, 1.000000000000000000, 0.8660254037844387076, 1.000000000000000000, 0.8660254037844387076, 1.000000000000000000, 0.8660254037844387076, 1.000000000000000000, 0.8660254037844387076, 1.000000000000000000, 0.8660254037844387076, 1.000000000000000000, 0.8660254037844387076, 1.000000000000000000, 0.8660254037844387076, 1.000000000000000000, 0.8660254037844387076, 1.000000000000000000, 0.8660254037844387076, 1.000000000000000000, 0.8660254037844387076, 1.000000000000000000, 0.8660254037844387076, 1.000000000000000000, 0.8660254037844387076, 1.000000000000000000, 0.8660254037844387076, 1.000000000000000000, 0.8660254037844387076, 1.000000000000000000, 0.8660254037844387076, 1.000000000000000000, 0.8660254037844387076, 1.000000000000000000, 0.8660254037844387076, 1.000000000000000000, 0.8660254037844387076, 1.000000000000000000, 0.8660254037844387076, 1.000000000000000000, 0.8660254037844387076, 1.000000000000000000, 0.8660254037844387076, 1.000000000000000000, 0.8660254037844387076, 1.000000000000000000, 0.8660254037844387076, 1.000000000000000000, 0.8660254037844387076, 1.000000000000000000, 0.8660254037844387076, 1.000000000000000000, 0.8660254037844387076, 1.000000000000000000, 0.8660254037844387076, 1.000000000000000000, 0.8660254037844387076, 1.000000000000000000, 0.8660254037844387076, 1.000000000000000000, 0.8660254037844387076, 1.000000000000000000, 0.8660254037844387076, 1.000000000000000000, 0.8660254037844387076, 1.000000000000000000, 0.8660254037844387076, 1.000000000000000000, 0.8660254037844387076, 1.000000000000000000, 0.8660254037844387076, 1.000000000000000000, 0.8660254037844387076, 1.000000000000000000, 0.8660254037844387076, 1.000000000000000000 ) ) 
 REPRESENTATION_ITEM ( '' )  );
#2930 = LINE ( 'NONE', #4053, #4071 ) ;
#2931 = CARTESIAN_POINT ( 'NONE',  ( 0.7357503364870344731, -1.274356964481448751, 4.170312500000004086 ) ) ;
#2932 = CARTESIAN_POINT ( 'NONE',  ( 0.1912500000077499152, -2.487657972366325687, 0.1674308549284694025 ) ) ;
#2933 = CYLINDRICAL_SURFACE ( 'NONE', #4348, 1.250000000000000444 ) ;
#2934 = CARTESIAN_POINT ( 'NONE',  ( 1.172864355864542392E-16, -0.9577164262227576552, -3.899999999999999911 ) ) ;
#2935 = CARTESIAN_POINT ( 'NONE',  ( -0.9541723554524910167, -0.8960389301415100372, -0.1207027313020001963 ) ) ;
#2936 = CARTESIAN_POINT ( 'NONE',  ( 1.105875672974064861, -6.739435519199968560E-15, 5.862500000000003375 ) ) ;
#2937 = CARTESIAN_POINT ( 'NONE',  ( 0.7216878364870348284, -1.250000000000012434, 5.562500000000001776 ) ) ;
#2938 = ORIENTED_EDGE ( 'NONE', *, *, #4319, .F. ) ;
#2939 = ADVANCED_FACE ( 'NONE', ( #3288 ), #382, .F. ) ;
#2940 = CARTESIAN_POINT ( 'NONE',  ( -0.8294067547305580268, -0.4788582131113870988, -1.668749999999997957 ) ) ;
#2941 = CARTESIAN_POINT ( 'NONE',  ( 1.443375672974069213, -5.991211688245158676E-15, -0.8062499999999959144 ) ) ;
#2942 = CARTESIAN_POINT ( 'NONE',  ( 0.8294067547305484789, -0.4788582131113831575, 6.218750000000001776 ) ) ;
#2943 = CARTESIAN_POINT ( 'NONE',  ( -1.103625504730552764, -0.6371784822407273730, 5.885937500000002487 ) ) ;
#2944 = ORIENTED_EDGE ( 'NONE', *, *, #849, .T. ) ;
#2945 = CARTESIAN_POINT ( 'NONE',  ( 0.5529378364870390916, 0.9577164262227568781, -1.856249999999998179 ) ) ;
#2946 = CARTESIAN_POINT ( 'NONE',  ( -1.172864355864535983E-16, -0.9577164262227588765, 6.650000000000003020 ) ) ;
#2947 = CARTESIAN_POINT ( 'NONE',  ( -0.5529378364870388696, -0.9577164262227687574, -2.081249999999998046 ) ) ;
#2948 = CARTESIAN_POINT ( 'NONE',  ( 0.5529378364870329854, 0.9577164262227455538, 6.387500000000003730 ) ) ;
#2949 = CARTESIAN_POINT ( 'NONE',  ( 0.8294067547305490340, 0.4788582131113688911, 6.743750000000002132 ) ) ;
#2950 = CARTESIAN_POINT ( 'NONE',  ( -0.8294067547305580268, -0.4788582131113871543, -3.524999999999998579 ) ) ;
#2951 = CARTESIAN_POINT ( 'NONE',  ( -0.003671882606330185723, 0.9581504290652941291, -0.4682505716579676291 ) ) ;
#2952 = CARTESIAN_POINT ( 'NONE',  ( -0.7357503364870348062, 1.274356964481435428, 4.845312500000003908 ) ) ;
#2953 = CARTESIAN_POINT ( 'NONE',  ( -0.5529378364870384255, 0.9577164262227571001, -2.681249999999997691 ) ) ;
#2954 = CARTESIAN_POINT ( 'NONE',  ( 0.5529378364870390916, 0.9577164262227569891, -0.5624999999999987788 ) ) ;
#2955 = PERSON_AND_ORGANIZATION ( #983, #4684 ) ;
#2956 =( BOUNDED_CURVE ( )  B_SPLINE_CURVE ( 2, ( #3527, #3481, #585, #2063, #223, #1693, #560 ),
 .UNSPECIFIED., .F., .F. ) 
 B_SPLINE_CURVE_WITH_KNOTS ( ( 3, 2, 2, 3 ),
 ( 0.2777777777777776791, 0.2962962962962961688, 0.3148148148148147696, 0.3333333333333332593 ),
 .UNSPECIFIED. ) 
 CURVE ( )  GEOMETRIC_REPRESENTATION_ITEM ( )  RATIONAL_B_SPLINE_CURVE ( ( 1.000000000000000888, 0.8660254037844379305, 1.000000000000000000, 0.8660254037844387076, 1.000000000000000000, 0.8660254037844391517, 0.9999999999999995559 ) ) 
 REPRESENTATION_ITEM ( '' )  );
#2957 = CARTESIAN_POINT ( 'NONE',  ( -1.172864355864535983E-16, -0.9577164262227588765, 3.893750000000002931 ) ) ;
#2958 = DIRECTION ( 'NONE',  ( -1.000000000000000000, 0.000000000000000000, 0.000000000000000000 ) ) ;
#2959 = DIRECTION ( 'NONE',  ( -0.000000000000000000, 9.875224244405043999E-17, -1.000000000000000000 ) ) ;
#2960 = VECTOR ( 'NONE', #481, 1000.000000000000000 ) ;
#2961 = CARTESIAN_POINT ( 'NONE',  ( 0.5529378364870329854, 0.9577164262227455538, 5.037500000000004086 ) ) ;
#2962 = DIRECTION ( 'NONE',  ( 0.000000000000000000, 0.000000000000000000, 1.000000000000000000 ) ) ;
#2963 = ORIENTED_EDGE ( 'NONE', *, *, #3411, .F. ) ;
#2964 = CARTESIAN_POINT ( 'NONE',  ( 0.8294067547305582488, 0.4788582131113751084, -1.443749999999998090 ) ) ;
#2965 = CARTESIAN_POINT ( 'NONE',  ( -1.530808498934197980E-16, -1.250000000000011990, 6.818750000000004086 ) ) ;
#2966 = CARTESIAN_POINT ( 'NONE',  ( -1.105875672974064861, -6.468574098567446112E-15, 5.581250000000002487 ) ) ;
#2967 = CARTESIAN_POINT ( 'NONE',  ( -0.7357503364870349172, 1.274356964481435650, 4.873437500000001421 ) ) ;
#2968 = AXIS2_PLACEMENT_3D ( 'NONE', #4001, #3603, #1386 ) ;
#2969 = EDGE_CURVE ( 'NONE', #2852, #1398, #412, .T. ) ;
#2970 = VERTEX_POINT ( 'NONE', #446 ) ;
#2971 = CARTESIAN_POINT ( 'NONE',  ( 1.105875672974077295, -5.942991220528733762E-15, -1.031249999999998002 ) ) ;
#2972 = CARTESIAN_POINT ( 'NONE',  ( -0.8294067547305487009, 0.4788582131113697238, 6.050000000000003375 ) ) ;
#2973 = CARTESIAN_POINT ( 'NONE',  ( 0.8294067547305490340, 0.4788582131113688911, 7.193750000000002309 ) ) ;
#2974 = EDGE_CURVE ( 'NONE', #608, #1344, #779, .T. ) ;
#2975 = EDGE_CURVE ( 'NONE', #1988, #176, #2930, .T. ) ;
#2976 = ORIENTED_EDGE ( 'NONE', *, *, #3229, .T. ) ;
#2977 = CARTESIAN_POINT ( 'NONE',  ( -1.105875672974077295, -5.799569607432478397E-15, -3.112499999999998934 ) ) ;
#2978 = CYLINDRICAL_SURFACE ( 'NONE', #4377, 1.250000000000000444 ) ;
#2979 = CARTESIAN_POINT ( 'NONE',  ( -1.103625504730552320, 0.6371784822407147164, 4.882812500000004441 ) ) ;
#2980 = CARTESIAN_POINT ( 'NONE',  ( -1.172864355864549048E-16, -0.9577164262227690905, -3.843749999999997780 ) ) ;
#2981 = LINE ( 'NONE', #2622, #3277 ) ;
#2982 = CARTESIAN_POINT ( 'NONE',  ( 0.8294067547305490340, 0.4788582131113688911, 3.593750000000003109 ) ) ;
#2983 = CARTESIAN_POINT ( 'NONE',  ( -1.530808498934197241E-16, -1.250000000000010658, -2.718749999999996003 ) ) ;
#2984 = CARTESIAN_POINT ( 'NONE',  ( 0.7216878364870352724, 1.249999999999998224, -2.081249999999995826 ) ) ;
#2985 = CARTESIAN_POINT ( 'NONE',  ( -0.5529378364870326523, -0.9577164262227586544, 3.012500000000003730 ) ) ;
#2986 = CARTESIAN_POINT ( 'NONE',  ( -1.530808498934197241E-16, -1.250000000000010214, -1.368749999999996358 ) ) ;
#2987 = AXIS2_PLACEMENT_3D ( 'NONE', #1780, #3275, #1442 ) ;
#2988 = EDGE_LOOP ( 'NONE', ( #2530, #2289, #613, #272 ) ) ;
#2989 = CC_DESIGN_DATE_AND_TIME_ASSIGNMENT ( #689, #1798, ( #1299 ) ) ;
#2990 = CARTESIAN_POINT ( 'NONE',  ( -1.105875672974077295, -5.713461629367431429E-15, -1.706249999999998268 ) ) ;
#2991 = AXIS2_PLACEMENT_3D ( 'NONE', #2411, #1681, #3876 ) ;
#2992 = CARTESIAN_POINT ( 'NONE',  ( -0.5529378364870322082, 0.9577164262227458869, 5.056250000000002132 ) ) ;
#2993 = CARTESIAN_POINT ( 'NONE',  ( 1.103625504730552320, -0.6371784822407282611, 5.585937500000002665 ) ) ;
#2994 = ORIENTED_EDGE ( 'NONE', *, *, #4269, .F. ) ;
#2995 = DIRECTION ( 'NONE',  ( -0.000000000000000000, 9.875224244405043999E-17, -1.000000000000000000 ) ) ;
#2996 = CARTESIAN_POINT ( 'NONE',  ( 0.5529378364870329854, 0.9577164262227455538, 3.687500000000003109 ) ) ;
#2997 = CARTESIAN_POINT ( 'NONE',  ( -1.105875672974077295, -5.658352523405800928E-15, -0.8062499999999979128 ) ) ;
#2998 = CARTESIAN_POINT ( 'NONE',  ( -0.8294067547305487009, 0.4788582131113697238, 7.400000000000003020 ) ) ;
#2999 = CARTESIAN_POINT ( 'NONE',  ( 0.5529378364870329854, 0.9577164262227455538, 7.231250000000002842 ) ) ;
#3000 = ORIENTED_EDGE ( 'NONE', *, *, #2235, .T. ) ;
#3001 = CARTESIAN_POINT ( 'NONE',  ( 0.8294067547305576937, -0.4788582131113878204, -3.374999999999998668 ) ) ;
#3002 = ADVANCED_FACE ( 'NONE', ( #2551 ), #3024, .T. ) ;
#3003 = CARTESIAN_POINT ( 'NONE',  ( -1.082531754730552409, -0.6250000000000077716, -3.243749999999996358 ) ) ;
#3004 = B_SPLINE_CURVE_WITH_KNOTS ( 'NONE', 3,
 ( #4471, #4101, #2595, #2209 ),
 .UNSPECIFIED., .F., .F.,
 ( 4, 4 ),
 ( 0.007030736164484623942, 0.007075480550080659285 ),
 .UNSPECIFIED. ) ;
#3005 = CARTESIAN_POINT ( 'NONE',  ( 1.471500672974069834, -6.806599742090707656E-15, 3.345312500000004352 ) ) ;
#3006 = CARTESIAN_POINT ( 'NONE',  ( -0.8294067547305579158, 0.4788582131113757745, -3.543749999999997957 ) ) ;
#3007 = CARTESIAN_POINT ( 'NONE',  ( 1.580000000000000071, 1.269966188170055003E-15, 8.000000000000000000 ) ) ;
#3008 = CARTESIAN_POINT ( 'NONE',  ( -0.5529378364870323193, 0.9577164262227461089, 3.256250000000003197 ) ) ;
#3009 = CARTESIAN_POINT ( 'NONE',  ( -0.3639922220851838919, 1.140676077257072318, 7.607513514049617953 ) ) ;
#3010 = CARTESIAN_POINT ( 'NONE',  ( 0.000000000000000000, 0.9583659452755938224, -0.4683749999999989866 ) ) ;
#3011 = CARTESIAN_POINT ( 'NONE',  ( 0.000000000000000000, 1.249999999999998890, -1.593749999999996225 ) ) ;
#3012 = ORIENTED_EDGE ( 'NONE', *, *, #1142, .T. ) ;
#3013 = CARTESIAN_POINT ( 'NONE',  ( 0.000000000000000000, 0.9577164262227572111, -2.268749999999997602 ) ) ;
#3014 = CARTESIAN_POINT ( 'NONE',  ( -1.443375672974070545, -6.447908183831835661E-15, 6.706250000000005151 ) ) ;
#3015 = CARTESIAN_POINT ( 'NONE',  ( -1.172864355864535983E-16, -0.9577164262227588765, 4.793750000000002842 ) ) ;
#3016 = CARTESIAN_POINT ( 'NONE',  ( -1.443375672974070545, -6.447908183831835661E-15, 7.606250000000003730 ) ) ;
#3017 = VERTEX_POINT ( 'NONE', #1843 ) ;
#3018 = CARTESIAN_POINT ( 'NONE',  ( -0.8294067547305579158, 0.4788582131113759410, -0.8437499999999981126 ) ) ;
#3019 = CARTESIAN_POINT ( 'NONE',  ( 2.058749999999990532, 1.409456344659175908, 7.832569145069298244 ) ) ;
#3020 = CARTESIAN_POINT ( 'NONE',  ( -1.105875672974064861, -6.468574098567446112E-15, 7.437500000000002665 ) ) ;
#3021 = CARTESIAN_POINT ( 'NONE',  ( 0.8294067547305490340, 0.4788582131113688911, 4.493750000000003020 ) ) ;
#3022 = EDGE_LOOP ( 'NONE', ( #3946, #1247, #2809, #2917, #4573, #2086 ) ) ;
#3023 = CARTESIAN_POINT ( 'NONE',  ( 0.8294067547305582488, 0.4788582131113749418, -3.749999999999998668 ) ) ;
#3024 = CYLINDRICAL_SURFACE ( 'NONE', #3764, 0.3825000000000000067 ) ;
#3025 = CARTESIAN_POINT ( 'NONE',  ( -1.560637177523335165E-16, -1.274356964481448529, 3.682812500000004707 ) ) ;
#3026 = CARTESIAN_POINT ( 'NONE',  ( 0.5529378364870382034, -0.9577164262227693126, -3.356249999999997513 ) ) ;
#3027 = CARTESIAN_POINT ( 'NONE',  ( 2.249999999999998668, 8.085766050654802241E-14, 0.02598076211244704573 ) ) ;
#3028 = EDGE_CURVE ( 'NONE', #4510, #4307, #2255, .T. ) ;
#3029 = DIRECTION ( 'NONE',  ( -0.000000000000000000, 9.875224244405043999E-17, -1.000000000000000000 ) ) ;
#3030 = CARTESIAN_POINT ( 'NONE',  ( -0.1912500000077532736, -2.487657972366325687, 7.832569145071530237 ) ) ;
#3031 = CARTESIAN_POINT ( 'NONE',  ( 0.5283505044260460304, -0.8783340733870780292, -3.899999999999999023 ) ) ;
#3032 = CARTESIAN_POINT ( 'NONE',  ( 1.105875672974064861, -6.739435519199968560E-15, 3.612500000000003819 ) ) ;
#3033 = CARTESIAN_POINT ( 'NONE',  ( -1.530808498934197241E-16, -1.250000000000010214, -1.368749999999996358 ) ) ;
#3034 = ORIENTED_EDGE ( 'NONE', *, *, #48, .T. ) ;
#3035 = CARTESIAN_POINT ( 'NONE',  ( 0.5529378364870390916, 0.9577164262227569891, -2.306249999999998135 ) ) ;
#3036 = CARTESIAN_POINT ( 'NONE',  ( -1.443375672974069213, -5.734127544103043459E-15, -2.381249999999995648 ) ) ;
#3037 = CARTESIAN_POINT ( 'NONE',  ( -0.8294067547305579158, 0.4788582131113757745, -3.599999999999998757 ) ) ;
#3038 = CARTESIAN_POINT ( 'NONE',  ( 1.471500672974070056, -6.806599742090707656E-15, 3.823437500000002043 ) ) ;
#3039 = ORIENTED_EDGE ( 'NONE', *, *, #2267, .T. ) ;
#3040 = CIRCLE ( 'NONE', #966, 1.182716426222757633 ) ;
#3041 = CARTESIAN_POINT ( 'NONE',  ( 0.000000000000000000, 0.9577164262227573222, -1.368749999999997913 ) ) ;
#3042 = CARTESIAN_POINT ( 'NONE',  ( 2.345728711729071966E-16, 0.9577164262227458869, 3.725000000000003642 ) ) ;
#3043 = CARTESIAN_POINT ( 'NONE',  ( -1.172864355864535983E-16, -0.9577164262227588765, 4.850000000000003197 ) ) ;
#3044 = CARTESIAN_POINT ( 'NONE',  ( 0.8294067547305484789, -0.4788582131113831575, 4.868750000000003020 ) ) ;
#3045 = ORIENTED_EDGE ( 'NONE', *, *, #559, .F. ) ;
#3046 = CARTESIAN_POINT ( 'NONE',  ( -0.9541742153082855005, -0.8960357087767790718, -0.5425779208896589489 ) ) ;
#3047 = CARTESIAN_POINT ( 'NONE',  ( -2.232457603721894834, -1.210965373387911548, 7.807248115923879794 ) ) ;
#3048 = CARTESIAN_POINT ( 'NONE',  ( 0.8294067547305484789, -0.4788582131113831575, 7.625000000000003553 ) ) ;
#3049 = CARTESIAN_POINT ( 'NONE',  ( 0.000000000000000000, 0.9577164262227572111, -2.268749999999997602 ) ) ;
#3050 = CARTESIAN_POINT ( 'NONE',  ( -0.06687076361144142500, -2.538958566004968276, 0.1928062570097040240 ) ) ;
#3051 = B_SPLINE_CURVE_WITH_KNOTS ( 'NONE', 3,
 ( #527, #2435, #912, #1653, #548, #3106 ),
 .UNSPECIFIED., .F., .F.,
 ( 4, 2, 4 ),
 ( 0.009448435849117654481, 0.009990993100563339002, 0.01053355035200902352 ),
 .UNSPECIFIED. ) ;
#3052 = DIRECTION ( 'NONE',  ( -0.000000000000000000, 9.875224244405043999E-17, -1.000000000000000000 ) ) ;
#3053 = CARTESIAN_POINT ( 'NONE',  ( -0.7216878364870364937, -1.250000000000008216, -2.362500000000000266 ) ) ;
#3054 = CARTESIAN_POINT ( 'NONE',  ( -1.530808498934196994E-16, -1.250000000000010214, -0.9750000000000007550 ) ) ;
#3055 = CARTESIAN_POINT ( 'NONE',  ( -0.5529378364870322082, 0.9577164262227458869, 3.312500000000003997 ) ) ;
#3056 = CARTESIAN_POINT ( 'NONE',  ( -0.4746214645314764669, 1.085794913144333629, -3.763529602630514947 ) ) ;
#3057 = ORIENTED_EDGE ( 'NONE', *, *, #2532, .F. ) ;
#3058 = CARTESIAN_POINT ( 'NONE',  ( -1.105875672974077295, -5.685907076386615390E-15, -1.256249999999997646 ) ) ;
#3059 = FACE_OUTER_BOUND ( 'NONE', #1859, .T. ) ;
#3060 = EDGE_CURVE ( 'NONE', #2825, #4198, #3237, .T. ) ;
#3061 = EDGE_CURVE ( 'NONE', #964, #4504, #3004, .T. ) ;
#3062 = AXIS2_PLACEMENT_3D ( 'NONE', #4150, #1944, #3125 ) ;
#3063 = CARTESIAN_POINT ( 'NONE',  ( -1.530808498934197980E-16, -1.250000000000011990, 5.018750000000005151 ) ) ;
#3064 = CARTESIAN_POINT ( 'NONE',  ( -1.172864355864535983E-16, -0.9577164262227588765, 3.893750000000002931 ) ) ;
#3065 = CARTESIAN_POINT ( 'NONE',  ( 0.7357503364870344731, -1.274356964481448973, 3.298437500000002132 ) ) ;
#3066 = ORIENTED_EDGE ( 'NONE', *, *, #4765, .T. ) ;
#3067 = AXIS2_PLACEMENT_3D ( 'NONE', #4721, #3614, #1101 ) ;
#3068 = CARTESIAN_POINT ( 'NONE',  ( 0.8294067547305582488, 0.4788582131113749418, -3.749999999999998668 ) ) ;
#3069 = CARTESIAN_POINT ( 'NONE',  ( -0.8294067547305488119, -0.4788582131113825469, 4.325000000000003730 ) ) ;
#3070 = CARTESIAN_POINT ( 'NONE',  ( -0.8294067547305488119, -0.4788582131113825469, 5.225000000000004086 ) ) ;
#3071 = CARTESIAN_POINT ( 'NONE',  ( -1.105875672974064861, -6.468574098567446112E-15, 5.131250000000002309 ) ) ;
#3072 = VERTEX_POINT ( 'NONE', #2187 ) ;
#3073 = CARTESIAN_POINT ( 'NONE',  ( -0.5529378364870388696, -0.9577164262227687574, -2.137499999999998845 ) ) ;
#3074 = LINE ( 'NONE', #492, #2527 ) ;
#3075 = CARTESIAN_POINT ( 'NONE',  ( 0.8294067547305490340, 0.4788582131113688911, 6.800000000000003375 ) ) ;
#3076 = CARTESIAN_POINT ( 'NONE',  ( 1.082531754730553519, 0.6249999999999953371, 3.425000000000002043 ) ) ;
#3077 = CARTESIAN_POINT ( 'NONE',  ( 0.000000000000000000, -1.258909218984051749E-16, -3.899999999999999911 ) ) ;
#3078 = CARTESIAN_POINT ( 'NONE',  ( 3.061616997868396453E-16, 1.249999999999998890, 4.400000000000001243 ) ) ;
#3079 = CARTESIAN_POINT ( 'NONE',  ( -1.530808498934197241E-16, -1.250000000000010658, -2.718749999999996003 ) ) ;
#3080 = CARTESIAN_POINT ( 'NONE',  ( -1.530808498934197980E-16, -1.250000000000011990, 3.668750000000005507 ) ) ;
#3081 = FACE_OUTER_BOUND ( 'NONE', #4110, .T. ) ;
#3082 = EDGE_CURVE ( 'NONE', #2181, #258, #1842, .T. ) ;
#3083 = DIRECTION ( 'NONE',  ( 0.000000000000000000, 0.000000000000000000, -1.000000000000000000 ) ) ;
#3084 = VERTEX_POINT ( 'NONE', #80 ) ;
#3085 = CARTESIAN_POINT ( 'NONE',  ( -0.9666713989330831813, -0.1355657760252315658, 7.386671398930094057 ) ) ;
#3086 = CARTESIAN_POINT ( 'NONE',  ( 3.061616997868395960E-16, 1.249999999999998890, 6.143750000000003375 ) ) ;
#3087 = CARTESIAN_POINT ( 'NONE',  ( -0.7357503364870361384, 1.274356964481438759, -1.598437499999999289 ) ) ;
#3088 = CARTESIAN_POINT ( 'NONE',  ( -0.4961599639736916090, -1.101321499404791737, -3.744234036653506958 ) ) ;
#3089 = CARTESIAN_POINT ( 'NONE',  ( 0.8294067547305484789, -0.4788582131113831575, 3.968750000000002665 ) ) ;
#3090 = DIRECTION ( 'NONE',  ( -0.000000000000000000, 9.875224244405043999E-17, -1.000000000000000000 ) ) ;
#3091 = ORIENTED_EDGE ( 'NONE', *, *, #2777, .F. ) ;
#3092 = EDGE_CURVE ( 'NONE', #1936, #1805, #3264, .T. ) ;
#3093 = CARTESIAN_POINT ( 'NONE',  ( -0.8294067547305579158, 0.4788582131113757745, -3.599999999999998757 ) ) ;
#3094 = DIRECTION ( 'NONE',  ( -0.7071067811865487940, 8.659560562354948882E-17, 0.7071067811865463515 ) ) ;
#3095 = CARTESIAN_POINT ( 'NONE',  ( 0.5529378364870320972, -0.9577164262227589875, 5.337500000000003020 ) ) ;
#3096 = CARTESIAN_POINT ( 'NONE',  ( 0.5529378364870320972, -0.9577164262227589875, 5.281250000000003553 ) ) ;
#3097 = ORIENTED_EDGE ( 'NONE', *, *, #4018, .T. ) ;
#3098 = CARTESIAN_POINT ( 'NONE',  ( 0.000000000000000000, 0.9577164262227573222, -0.9749999999999988676 ) ) ;
#3099 = CARTESIAN_POINT ( 'NONE',  ( -1.284034931798907930, 0.2759862594310579786, 7.645940824434137362 ) ) ;
#3100 = CARTESIAN_POINT ( 'NONE',  ( 0.8294067547305490340, 0.4788582131113688911, 8.150000000000002132 ) ) ;
#3101 = DIRECTION ( 'NONE',  ( -0.000000000000000000, 9.875224244405043999E-17, -1.000000000000000000 ) ) ;
#3102 = DIRECTION ( 'NONE',  ( 0.000000000000000000, 1.000000000000000000, 0.000000000000000000 ) ) ;
#3103 = CARTESIAN_POINT ( 'NONE',  ( 0.7216878364870349394, -1.250000000000012434, 6.856250000000003730 ) ) ;
#3104 = CARTESIAN_POINT ( 'NONE',  ( -2.249999999999998668, -0.7232985748260218895, 7.921117145601615839 ) ) ;
#3105 = FACE_OUTER_BOUND ( 'NONE', #3812, .T. ) ;
#3106 = CARTESIAN_POINT ( 'NONE',  ( -2.249999999999999112, 8.113320553552770539E-14, 0.02598076211244717063 ) ) ;
#3107 =( LENGTH_UNIT ( ) NAMED_UNIT ( * ) SI_UNIT ( .MILLI., .METRE. ) );
#3108 = ORIENTED_EDGE ( 'NONE', *, *, #3662, .T. ) ;
#3109 = CARTESIAN_POINT ( 'NONE',  ( -0.5796574373039981021, -0.8300727467278392613, 7.423423171226032125 ) ) ;
#3110 = CARTESIAN_POINT ( 'NONE',  ( 1.082531754730553519, 0.6249999999999953371, 6.575000000000001954 ) ) ;
#3111 = CARTESIAN_POINT ( 'NONE',  ( -1.103625504730554541, 0.6371784822407164928, -2.010937499999998934 ) ) ;
#3112 = CARTESIAN_POINT ( 'NONE',  ( 1.082531754730552631, -0.6250000000000097700, 5.993750000000004796 ) ) ;
#3113 = CARTESIAN_POINT ( 'NONE',  ( 0.8294067547305576937, -0.4788582131113878759, -3.824999999999998401 ) ) ;
#3114 = CARTESIAN_POINT ( 'NONE',  ( -0.7357503364870353613, -1.274356964481448529, 2.773437500000002665 ) ) ;
#3115 = ORIENTED_EDGE ( 'NONE', *, *, #1820, .T. ) ;
#3116 =( BOUNDED_CURVE ( )  B_SPLINE_CURVE ( 2, ( #4372, #2115, #4689 ),
 .UNSPECIFIED., .F., .F. ) 
 B_SPLINE_CURVE_WITH_KNOTS ( ( 3, 3 ),
 ( 0.03138031211100866802, 0.04521045424295988546 ),
 .UNSPECIFIED. ) 
 CURVE ( )  GEOMETRIC_REPRESENTATION_ITEM ( )  RATIONAL_B_SPLINE_CURVE ( ( 0.9493372120206005071, 0.8999440637824732692, 1.000000000000000000 ) ) 
 REPRESENTATION_ITEM ( '' )  );
#3117 = B_SPLINE_CURVE_WITH_KNOTS ( 'NONE', 3,
 ( #1253, #2731, #4191, #3837, #1306, #2419 ),
 .UNSPECIFIED., .F., .F.,
 ( 4, 2, 4 ),
 ( 8.706660461149657559E-15, 0.0002012759897655100566, 0.0004025519795223134818 ),
 .UNSPECIFIED. ) ;
#3118 = CARTESIAN_POINT ( 'NONE',  ( 1.105875672974077295, -6.111762857536228059E-15, -3.787499999999998312 ) ) ;
#3119 = CARTESIAN_POINT ( 'NONE',  ( -1.082531754730552187, 0.6249999999999965583, -2.925000000000000711 ) ) ;
#3120 = CARTESIAN_POINT ( 'NONE',  ( 0.5529378364870329854, 0.9577164262227455538, 3.687500000000003109 ) ) ;
#3121 = CARTESIAN_POINT ( 'NONE',  ( -1.105875672974064861, -6.468574098567446112E-15, 3.781250000000002220 ) ) ;
#3122 = TOROIDAL_SURFACE ( 'NONE', #4343, 1.182716426222757633, 0.2249999999999999223 ) ;
#3123 = VERTEX_POINT ( 'NONE', #1071 ) ;
#3124 = CARTESIAN_POINT ( 'NONE',  ( -1.105875672974077295, -5.634242289547586105E-15, -0.4124999999999988121 ) ) ;
#3125 = DIRECTION ( 'NONE',  ( 0.000000000000000000, 1.000000000000000000, 0.000000000000000000 ) ) ;
#3126 = ADVANCED_FACE ( 'NONE', ( #728 ), #4004, .F. ) ;
#3127 = EDGE_CURVE ( 'NONE', #4243, #1536, #4432, .T. ) ;
#3128 = CARTESIAN_POINT ( 'NONE',  ( -0.8294067547305488119, -0.4788582131113825469, 7.025000000000003908 ) ) ;
#3129 = CARTESIAN_POINT ( 'NONE',  ( -1.530808498934198227E-16, -1.250000000000011990, 5.075000000000001066 ) ) ;
#3130 = CARTESIAN_POINT ( 'NONE',  ( 0.7216878364870380480, 1.249999999999994005, -0.7875000000000008660 ) ) ;
#3131 = VECTOR ( 'NONE', #1590, 1000.000000000000000 ) ;
#3132 = CARTESIAN_POINT ( 'NONE',  ( 0.7216878364870360496, 1.249999999999998446, 4.306250000000004796 ) ) ;
#3133 = CARTESIAN_POINT ( 'NONE',  ( 0.000000000000000000, 1.249999999999998890, -2.493749999999995914 ) ) ;
#3134 = CARTESIAN_POINT ( 'NONE',  ( 0.7357503364870344731, -1.274356964481448751, 7.770312500000002842 ) ) ;
#3135 = CARTESIAN_POINT ( 'NONE',  ( 2.345728711729071966E-16, 0.9577164262227458869, 8.168750000000002842 ) ) ;
#3136 = CARTESIAN_POINT ( 'NONE',  ( -1.082531754730552853, 0.6249999999999963363, 7.118750000000003908 ) ) ;
#3137 = ORIENTED_EDGE ( 'NONE', *, *, #4588, .T. ) ;
#3138 = CARTESIAN_POINT ( 'NONE',  ( 1.281228882126025148, -1.858358371364332351, 0.02587396801048674408 ) ) ;
#3139 = PLANE ( 'NONE',  #3808 ) ;
#3140 = CARTESIAN_POINT ( 'NONE',  ( 1.471500672974072721, -6.054070512232645265E-15, -1.748437499999999201 ) ) ;
#3141 = CARTESIAN_POINT ( 'NONE',  ( 0.000000000000000000, -1.258909218984051995E-16, -3.899999999999999467 ) ) ;
#3142 = CARTESIAN_POINT ( 'NONE',  ( -1.172864355864549048E-16, -0.9577164262227690905, -3.449999999999998845 ) ) ;
#3143 = CARTESIAN_POINT ( 'NONE',  ( 0.000000000000000000, 1.250000000000000222, -3.899999999999999911 ) ) ;
#3144 = EDGE_LOOP ( 'NONE', ( #2776, #4487 ) ) ;
#3145 = CARTESIAN_POINT ( 'NONE',  ( -1.105875672974077295, -5.799569607432478397E-15, -3.112499999999998934 ) ) ;
#3146 = CARTESIAN_POINT ( 'NONE',  ( 0.000000000000000000, 1.249999999999998890, -1.143749999999996270 ) ) ;
#3147 = AXIS2_PLACEMENT_3D ( 'NONE', #1223, #429, #1902 ) ;
#3148 = CARTESIAN_POINT ( 'NONE',  ( 0.8294067547305490340, 0.4788582131113688911, 5.000000000000003553 ) ) ;
#3149 = CARTESIAN_POINT ( 'NONE',  ( 0.7357503364870358054, 1.274356964481435206, 7.948437500000001599 ) ) ;
#3150 = ORIENTED_EDGE ( 'NONE', *, *, #2322, .T. ) ;
#3151 =( BOUNDED_CURVE ( )  B_SPLINE_CURVE ( 2, ( #3894, #4736, #1434, #2904, #2433, #2076, #3539 ),
 .UNSPECIFIED., .F., .T. ) 
 B_SPLINE_CURVE_WITH_KNOTS ( ( 3, 2, 2, 3 ),
 ( 0.6538461538461538547, 0.6666666666666666297, 0.6794871794871795156, 0.6923076923076922906 ),
 .UNSPECIFIED. ) 
 CURVE ( )  GEOMETRIC_REPRESENTATION_ITEM ( )  RATIONAL_B_SPLINE_CURVE ( ( 1.000000000000000000, 0.8660254037844387076, 1.000000000000000000, 0.8660254037844387076, 1.000000000000000000, 0.8660254037844387076, 1.000000000000000000 ) ) 
 REPRESENTATION_ITEM ( '' )  );
#3152 = CARTESIAN_POINT ( 'NONE',  ( -0.8294067547305579158, 0.4788582131113758300, -2.249999999999998668 ) ) ;
#3153 = CARTESIAN_POINT ( 'NONE',  ( -0.5529378364870388696, -0.9577164262227687574, -3.881249999999997424 ) ) ;
#3154 = CARTESIAN_POINT ( 'NONE',  ( 0.7216878364870359386, 1.249999999999997335, -3.487500000000000266 ) ) ;
#3155 = CARTESIAN_POINT ( 'NONE',  ( 0.000000000000000000, -1.258909218984051749E-16, -3.899999999999999911 ) ) ;
#3156 = ADVANCED_FACE ( 'NONE', ( #3674 ), #2978, .F. ) ;
#3157 = CARTESIAN_POINT ( 'NONE',  ( 0.5529378364870320972, -0.9577164262227590985, 7.137500000000002842 ) ) ;
#3158 = DIRECTION ( 'NONE',  ( 0.000000000000000000, 1.000000000000000000, 9.875224244405046464E-17 ) ) ;
#3159 = CARTESIAN_POINT ( 'NONE',  ( -1.082531754730552853, 0.6249999999999963363, 3.518750000000004707 ) ) ;
#3160 = LINE ( 'NONE', #2798, #4447 ) ;
#3161 = CARTESIAN_POINT ( 'NONE',  ( -0.7216878364870350504, 1.249999999999999112, 7.081250000000005151 ) ) ;
#3162 = B_SPLINE_CURVE_WITH_KNOTS ( 'NONE', 3,
 ( #1718, #250, #2454, #2092, #3194, #4661 ),
 .UNSPECIFIED., .F., .F.,
 ( 4, 2, 4 ),
 ( 0.000000000000000000, 0.0003836025667113041092, 0.0007672051334226084353 ),
 .UNSPECIFIED. ) ;
#3163 = ORIENTED_EDGE ( 'NONE', *, *, #4411, .F. ) ;
#3164 = CARTESIAN_POINT ( 'NONE',  ( -0.8458826657920804903, -0.5226453966268632678, 7.405216337764925605 ) ) ;
#3165 = CARTESIAN_POINT ( 'NONE',  ( 0.000000000000000000, 1.274356964481438759, -2.985937499999999023 ) ) ;
#3166 = FACE_BOUND ( 'NONE', #3897, .T. ) ;
#3167 = CARTESIAN_POINT ( 'NONE',  ( -0.8294067547305579158, 0.4788582131113758300, -2.249999999999998668 ) ) ;
#3168 = CARTESIAN_POINT ( 'NONE',  ( 0.000000000000000000, 1.249999999999998668, -3.393749999999996270 ) ) ;
#3169 = ORIENTED_EDGE ( 'NONE', *, *, #2293, .T. ) ;
#3170 = CARTESIAN_POINT ( 'NONE',  ( -0.7216878364870346063, 1.249999999999998668, -1.106249999999995959 ) ) ;
#3171 = CARTESIAN_POINT ( 'NONE',  ( 1.105875672974064861, -6.739435519199968560E-15, 7.156250000000003553 ) ) ;
#3172 = CARTESIAN_POINT ( 'NONE',  ( 0.7357503364870358054, 1.274356964481435206, 7.048437500000002132 ) ) ;
#3173 = ORIENTED_EDGE ( 'NONE', *, *, #4562, .T. ) ;
#3174 = CARTESIAN_POINT ( 'NONE',  ( -0.5529378364870388696, -0.9577164262227686464, -0.7874999999999986455 ) ) ;
#3175 = CARTESIAN_POINT ( 'NONE',  ( -0.8294067547305579158, 0.4788582131113757745, -3.543749999999997957 ) ) ;
#3176 = CARTESIAN_POINT ( 'NONE',  ( 0.000000000000000000, -1.258909218984051749E-16, -3.899999999999999911 ) ) ;
#3177 = CARTESIAN_POINT ( 'NONE',  ( -0.7216878364870352724, -1.250000000000009770, -2.756249999999995648 ) ) ;
#3178 = CARTESIAN_POINT ( 'NONE',  ( 0.2563007824611289731, 0.9227841903536719848, 3.200000000000002398 ) ) ;
#3179 = CARTESIAN_POINT ( 'NONE',  ( -1.103625504730552542, -0.6371784822407272619, 8.107812500000003197 ) ) ;
#3180 = EDGE_CURVE ( 'NONE', #1712, #3246, #4690, .T. ) ;
#3181 = DIRECTION ( 'NONE',  ( -0.000000000000000000, 9.875224244405043999E-17, -1.000000000000000000 ) ) ;
#3182 = ORIENTED_EDGE ( 'NONE', *, *, #1672, .T. ) ;
#3183 = CARTESIAN_POINT ( 'NONE',  ( -0.8294067547305488119, -0.4788582131113825469, 6.518750000000002487 ) ) ;
#3184 = CARTESIAN_POINT ( 'NONE',  ( -0.1912500000000003364, 2.487657972370798110, -6.873863542433758411 ) ) ;
#3185 = CARTESIAN_POINT ( 'NONE',  ( 1.103625504730555207, 0.6371784822407154936, -1.710937499999998890 ) ) ;
#3186 = CARTESIAN_POINT ( 'NONE',  ( 0.000000000000000000, 0.9577164262227572111, -2.774999999999999023 ) ) ;
#3187 = DIRECTION ( 'NONE',  ( 0.000000000000000000, 1.000000000000000000, 0.000000000000000000 ) ) ;
#3188 = EDGE_LOOP ( 'NONE', ( #2476, #411, #978, #3985 ) ) ;
#3189 = CARTESIAN_POINT ( 'NONE',  ( -0.8294067547305579158, 0.4788582131113758855, -1.799999999999998712 ) ) ;
#3190 = CARTESIAN_POINT ( 'NONE',  ( -2.058749999992246948, -1.409456344663651439, 0.1674308549284698466 ) ) ;
#3191 = CARTESIAN_POINT ( 'NONE',  ( -0.8294067547305488119, -0.4788582131113825469, 8.318750000000003197 ) ) ;
#3192 = CARTESIAN_POINT ( 'NONE',  ( -1.103625504730552764, -0.6371784822407273730, 7.235937500000002132 ) ) ;
#3193 = ORIENTED_EDGE ( 'NONE', *, *, #1852, .F. ) ;
#3194 = CARTESIAN_POINT ( 'NONE',  ( -0.7328017655476766201, 0.6297850608424736540, 7.377716426222748147 ) ) ;
#3195 = CARTESIAN_POINT ( 'NONE',  ( -0.5529378364870388696, -0.9577164262227687574, -2.981249999999997957 ) ) ;
#3196 = VECTOR ( 'NONE', #4724, 1000.000000000000114 ) ;
#3197 = CARTESIAN_POINT ( 'NONE',  ( -1.530808498934196994E-16, -1.250000000000010436, -2.325000000000000178 ) ) ;
#3198 = CARTESIAN_POINT ( 'NONE',  ( 0.000000000000000000, 1.274356964481438759, -3.407812499999997691 ) ) ;
#3199 = CARTESIAN_POINT ( 'NONE',  ( 0.000000000000000000, 1.249999999999998890, -1.650000000000000577 ) ) ;
#3200 = CARTESIAN_POINT ( 'NONE',  ( -1.103625504730552320, 0.6371784822407147164, 5.332812500000004619 ) ) ;
#3201 = EDGE_LOOP ( 'NONE', ( #1981, #3276, #3405, #1188, #589 ) ) ;
#3202 = CARTESIAN_POINT ( 'NONE',  ( -1.439628572465429412, 1.766906267507320827, 0.03892223732339517017 ) ) ;
#3203 = ORIENTED_EDGE ( 'NONE', *, *, #4476, .T. ) ;
#3204 = VECTOR ( 'NONE', #2330, 1000.000000000000000 ) ;
#3205 = CARTESIAN_POINT ( 'NONE',  ( -0.8294067547305487009, 0.4788582131113697238, 6.893750000000002487 ) ) ;
#3206 = CARTESIAN_POINT ( 'NONE',  ( 1.867499999999998606, -1.078201627711626642, -6.873863542433758411 ) ) ;
#3207 = CARTESIAN_POINT ( 'NONE',  ( -0.8103714275345703655, -2.130208049522653191, 0.03892223732339324116 ) ) ;
#3208 = CARTESIAN_POINT ( 'NONE',  ( -1.105875672974077073, -5.689351395509218184E-15, -1.312499999999998668 ) ) ;
#3209 = CARTESIAN_POINT ( 'NONE',  ( 0.000000000000000000, 1.475000000000002087, 8.000000000000000000 ) ) ;
#3210 = VERTEX_POINT ( 'NONE', #3459 ) ;
#3211 = EDGE_CURVE ( 'NONE', #2970, #608, #618, .T. ) ;
#3212 = CARTESIAN_POINT ( 'NONE',  ( -0.5529378364870384255, 0.9577164262227572111, -2.287499999999998757 ) ) ;
#3213 = EDGE_CURVE ( 'NONE', #2241, #1764, #1911, .T. ) ;
#3214 = CARTESIAN_POINT ( 'NONE',  ( -1.230413111381978730, -0.3274519467277796081, -0.6272965294307329964 ) ) ;
#3215 = CARTESIAN_POINT ( 'NONE',  ( 0.8294067547305490340, 0.4788582131113688911, 8.093750000000001776 ) ) ;
#3216 = CARTESIAN_POINT ( 'NONE',  ( 1.471500672974070056, -6.806599742090707656E-15, 7.873437500000002309 ) ) ;
#3217 = ORIENTED_EDGE ( 'NONE', *, *, #3292, .F. ) ;
#3218 = CARTESIAN_POINT ( 'NONE',  ( -1.105875672974077295, -5.823679841290693220E-15, -3.506249999999997424 ) ) ;
#3219 = CARTESIAN_POINT ( 'NONE',  ( -1.172864355864535983E-16, -0.9577164262227588765, 8.450000000000002842 ) ) ;
#3220 = VECTOR ( 'NONE', #3827, 1000.000000000000000 ) ;
#3221 = CARTESIAN_POINT ( 'NONE',  ( -0.7357503364870368046, -1.274356964481450083, -3.220312499999997691 ) ) ;
#3222 = AXIS2_PLACEMENT_3D ( 'NONE', #4456, #1151, #788 ) ;
#3223 = CYLINDRICAL_SURFACE ( 'NONE', #1652, 1.249999999999998890 ) ;
#3224 = CARTESIAN_POINT ( 'NONE',  ( -1.103625504730552320, 0.6371784822407147164, 7.132812500000003553 ) ) ;
#3225 = APPROVAL_ROLE ( '' ) ;
#3226 = ORIENTED_EDGE ( 'NONE', *, *, #2775, .T. ) ;
#3227 = CARTESIAN_POINT ( 'NONE',  ( 1.105875672974064861, -6.739435519199968560E-15, 4.906250000000001776 ) ) ;
#3228 = CARTESIAN_POINT ( 'NONE',  ( 0.4967532692869269240, 2.311275577609679388, 7.920583650766598538 ) ) ;
#3229 = EDGE_CURVE ( 'NONE', #4305, #3321, #3074, .T. ) ;
#3230 = CARTESIAN_POINT ( 'NONE',  ( -0.7357503364870361384, 1.274356964481438759, -1.148437499999998890 ) ) ;
#3231 = CARTESIAN_POINT ( 'NONE',  ( 0.8294067547305484789, -0.4788582131113831575, 5.375000000000002665 ) ) ;
#3232 = CARTESIAN_POINT ( 'NONE',  ( 1.105875672974077073, -5.946435539651334978E-15, -1.087499999999998579 ) ) ;
#3233 = CARTESIAN_POINT ( 'NONE',  ( -0.7216878364870352724, -1.250000000000009770, -1.856249999999995737 ) ) ;
#3234 = EDGE_LOOP ( 'NONE', ( #1178, #2099, #2506, #3000 ) ) ;
#3235 = CARTESIAN_POINT ( 'NONE',  ( 0.5529378364870383145, -0.9577164262227693126, -3.806249999999997691 ) ) ;
#3236 = FACE_OUTER_BOUND ( 'NONE', #3241, .T. ) ;
#3237 = B_SPLINE_CURVE_WITH_KNOTS ( 'NONE', 3,
 ( #1895, #3311, #52, #2, #2231, #1526 ),
 .UNSPECIFIED., .F., .F.,
 ( 4, 2, 4 ),
 ( 8.706774932791829206E-15, 0.0002012759897654934141, 0.0004025519795222800884 ),
 .UNSPECIFIED. ) ;
#3238 = CARTESIAN_POINT ( 'NONE',  ( 2.345728711729071966E-16, 0.9577164262227458869, 6.818750000000003197 ) ) ;
#3239 = CARTESIAN_POINT ( 'NONE',  ( -1.103625504730552542, 0.6371784822407147164, 7.160937500000001066 ) ) ;
#3240 = EDGE_CURVE ( 'NONE', #3586, #2563, #4445, .T. ) ;
#3241 = EDGE_LOOP ( 'NONE', ( #2857, #3518, #575, #2994 ) ) ;
#3242 = CARTESIAN_POINT ( 'NONE',  ( 0.7216878364870360496, 1.249999999999998446, 3.462500000000001243 ) ) ;
#3243 = CARTESIAN_POINT ( 'NONE',  ( -1.103625504730554541, 0.6371784822407164928, -3.332812499999997069 ) ) ;
#3244 = CARTESIAN_POINT ( 'NONE',  ( 0.4969756644077175101, 0.8559374008155802294, 3.200000000000002398 ) ) ;
#3245 = CARTESIAN_POINT ( 'NONE',  ( 1.471500672974069834, -6.806599742090707656E-15, 6.945312500000003553 ) ) ;
#3246 = VERTEX_POINT ( 'NONE', #2304 ) ;
#3247 = ORIENTED_EDGE ( 'NONE', *, *, #1352, .F. ) ;
#3248 = CARTESIAN_POINT ( 'NONE',  ( 0.5529378364870329854, 0.9577164262227455538, 5.881250000000003197 ) ) ;
#3249 = CARTESIAN_POINT ( 'NONE',  ( -1.530808498934197980E-16, -1.250000000000011990, 5.018750000000005151 ) ) ;
#3250 = CARTESIAN_POINT ( 'NONE',  ( 0.000000000000000000, 1.249999999999998890, -1.200000000000000622 ) ) ;
#3251 = CARTESIAN_POINT ( 'NONE',  ( -0.5529378364870326523, -0.9577164262227586544, 5.712500000000003020 ) ) ;
#3252 = CARTESIAN_POINT ( 'NONE',  ( 0.000000000000000000, -4.648086179663862087E-16, -0.4680000000000000826 ) ) ;
#3253 = ORIENTED_EDGE ( 'NONE', *, *, #2356, .T. ) ;
#3254 = CARTESIAN_POINT ( 'NONE',  ( -0.8294067547305580268, -0.4788582131113870433, -0.8249999999999989564 ) ) ;
#3255 = CARTESIAN_POINT ( 'NONE',  ( -2.249999999999998668, -1.078201627711825594, 0.1674308549307524374 ) ) ;
#3256 = CARTESIAN_POINT ( 'NONE',  ( 0.5529378364870329854, 0.9577164262227455538, 7.681250000000002132 ) ) ;
#3257 = CARTESIAN_POINT ( 'NONE',  ( -1.560637177523335658E-16, -1.274356964481448751, 5.510937500000001599 ) ) ;
#3258 = ORIENTED_EDGE ( 'NONE', *, *, #4220, .F. ) ;
#3259 = CARTESIAN_POINT ( 'NONE',  ( -0.8294067547305487009, 0.4788582131113697238, 6.500000000000003553 ) ) ;
#3260 = CARTESIAN_POINT ( 'NONE',  ( -1.172864355864549048E-16, -0.9577164262227689795, -2.043749999999997957 ) ) ;
#3261 = CARTESIAN_POINT ( 'NONE',  ( 0.8294067547305490340, 0.4788582131113688911, 8.150000000000002132 ) ) ;
#3262 = CARTESIAN_POINT ( 'NONE',  ( -0.8294067547305487009, 0.4788582131113697238, 8.243750000000002132 ) ) ;
#3263 = CARTESIAN_POINT ( 'NONE',  ( -1.103625504730554541, 0.6371784822407164928, -1.982812499999997646 ) ) ;
#3264 =( BOUNDED_CURVE ( )  B_SPLINE_CURVE ( 2, ( #394, #4395, #3003, #370, #2571, #1867, #1548 ),
 .UNSPECIFIED., .F., .T. ) 
 B_SPLINE_CURVE_WITH_KNOTS ( ( 3, 2, 2, 3 ),
 ( 0.6563215653540709349, 0.6748400838725894246, 0.6933586023911080254, 0.7118771209096265151 ),
 .UNSPECIFIED. ) 
 CURVE ( )  GEOMETRIC_REPRESENTATION_ITEM ( )  RATIONAL_B_SPLINE_CURVE ( ( 1.000000000000000000, 0.8660254037844388186, 1.000000000000000000, 0.8660254037844388186, 1.000000000000000000, 0.8660254037844388186, 1.000000000000000000 ) ) 
 REPRESENTATION_ITEM ( '' )  );
#3265 = B_SPLINE_CURVE_WITH_KNOTS ( 'NONE', 3,
 ( #2220, #2633, #2681, #1856, #791, #458 ),
 .UNSPECIFIED., .F., .F.,
 ( 4, 2, 4 ),
 ( 8.706717521983334423E-15, 0.0002012759897655055029, 0.0004025519795223043203 ),
 .UNSPECIFIED. ) ;
#3266 = ADVANCED_FACE ( 'NONE', ( #4590 ), #470, .T. ) ;
#3267 = CARTESIAN_POINT ( 'NONE',  ( -1.103625504730552542, -0.6371784822407272619, 7.207812500000003730 ) ) ;
#3268 = APPROVAL_STATUS ( 'not_yet_approved' ) ;
#3269 = CIRCLE ( 'NONE', #1190, 0.9577164262227575442 ) ;
#3270 = ORIENTED_EDGE ( 'NONE', *, *, #4440, .T. ) ;
#3271 = CARTESIAN_POINT ( 'NONE',  ( 0.5529378364870320972, -0.9577164262227590985, 6.631250000000002309 ) ) ;
#3272 = CARTESIAN_POINT ( 'NONE',  ( -0.3345207091623263462, -1.204406864453023474, 3.200000000000001066 ) ) ;
#3273 = DIRECTION ( 'NONE',  ( 0.000000000000000000, 1.000000000000000000, 0.000000000000000000 ) ) ;
#3274 = CARTESIAN_POINT ( 'NONE',  ( -0.5529378364870326523, -0.9577164262227586544, 4.812500000000004441 ) ) ;
#3275 = DIRECTION ( 'NONE',  ( -0.000000000000000000, 9.875224244405043999E-17, -1.000000000000000000 ) ) ;
#3276 = ORIENTED_EDGE ( 'NONE', *, *, #3211, .F. ) ;
#3277 = VECTOR ( 'NONE', #2598, 1000.000000000000000 ) ;
#3278 = CARTESIAN_POINT ( 'NONE',  ( 0.5529378364870390916, 0.9577164262227569891, -1.912499999999998979 ) ) ;
#3279 = CARTESIAN_POINT ( 'NONE',  ( -1.082531754730553075, -0.6250000000000088818, 5.393750000000005151 ) ) ;
#3280 = CARTESIAN_POINT ( 'NONE',  ( -0.8294067547305487009, 0.4788582131113697238, 5.093750000000002665 ) ) ;
#3281 = CARTESIAN_POINT ( 'NONE',  ( 0.7357503364870344731, -1.274356964481448973, 4.198437500000002487 ) ) ;
#3282 = ORIENTED_EDGE ( 'NONE', *, *, #760, .T. ) ;
#3283 = CARTESIAN_POINT ( 'NONE',  ( 0.5529378364870329854, 0.9577164262227455538, 6.387500000000004619 ) ) ;
#3284 = CARTESIAN_POINT ( 'NONE',  ( -1.471500672974072721, -5.817652282826140501E-15, -3.773437499999998224 ) ) ;
#3285 = CARTESIAN_POINT ( 'NONE',  ( -1.172864355864535983E-16, -0.9577164262227588765, 7.550000000000002487 ) ) ;
#3286 = CARTESIAN_POINT ( 'NONE',  ( -1.172864355864535983E-16, -0.9577164262227588765, 7.493750000000002132 ) ) ;
#3287 = CARTESIAN_POINT ( 'NONE',  ( 0.7357503364870370266, 1.274356964481438315, -2.995312499999997602 ) ) ;
#3288 = FACE_OUTER_BOUND ( 'NONE', #3992, .T. ) ;
#3289 = B_SPLINE_CURVE_WITH_KNOTS ( 'NONE', 3,
 ( #2093, #3602, #4300, #2792 ),
 .UNSPECIFIED., .F., .F.,
 ( 4, 4 ),
 ( 0.01036464467543221114, 0.01145103230384891292 ),
 .UNSPECIFIED. ) ;
#3290 = AXIS2_PLACEMENT_3D ( 'NONE', #3915, #616, #1360 ) ;
#3291 = CARTESIAN_POINT ( 'NONE',  ( 0.7357503364870344731, -1.274356964481448751, 4.620312500000004263 ) ) ;
#3292 = EDGE_CURVE ( 'NONE', #3344, #2825, #4541, .T. ) ;
#3293 = CARTESIAN_POINT ( 'NONE',  ( 0.7216878364870349394, -1.250000000000012434, 5.506250000000004974 ) ) ;
#3294 =( BOUNDED_CURVE ( )  B_SPLINE_CURVE ( 2, ( #3472, #165, #4626, #2391, #1631, #2029, #4213 ),
 .UNSPECIFIED., .F., .T. ) 
 B_SPLINE_CURVE_WITH_KNOTS ( ( 3, 2, 2, 3 ),
 ( 0.8461538461538461453, 0.8589743589743589203, 0.8717948717948718063, 0.8846153846153845812 ),
 .UNSPECIFIED. ) 
 CURVE ( )  GEOMETRIC_REPRESENTATION_ITEM ( )  RATIONAL_B_SPLINE_CURVE ( ( 1.000000000000000000, 0.8660254037844387076, 1.000000000000000000, 0.8660254037844387076, 1.000000000000000000, 0.8660254037844387076, 1.000000000000000000 ) ) 
 REPRESENTATION_ITEM ( '' )  );
#3295 = CARTESIAN_POINT ( 'NONE',  ( -0.5529378364870323193, 0.9577164262227461089, 3.706250000000003375 ) ) ;
#3296 = CARTESIAN_POINT ( 'NONE',  ( 0.000000000000000000, -4.336808689942017736E-15, 0.000000000000000000 ) ) ;
#3297 = CARTESIAN_POINT ( 'NONE',  ( -1.443413851512607149, -1.764720835630478435, 0.02619637318196752288 ) ) ;
#3298 = CARTESIAN_POINT ( 'NONE',  ( 0.8294067547305484789, -0.4788582131113831575, 4.925000000000004263 ) ) ;
#3299 = DIRECTION ( 'NONE',  ( 0.000000000000000000, 1.000000000000000000, 0.000000000000000000 ) ) ;
#3300 = ORIENTED_EDGE ( 'NONE', *, *, #215, .F. ) ;
#3301 = CARTESIAN_POINT ( 'NONE',  ( -0.5529378364870388696, -0.9577164262227687574, -3.431249999999997691 ) ) ;
#3302 = CARTESIAN_POINT ( 'NONE',  ( -2.249999999999999112, -0.3635484166662343863, 0.02598076211351547232 ) ) ;
#3303 = CARTESIAN_POINT ( 'NONE',  ( -0.5529378364870326523, -0.9577164262227586544, 6.106250000000002842 ) ) ;
#3304 = CARTESIAN_POINT ( 'NONE',  ( 1.471500672974070056, -6.806599742090707656E-15, 5.173437500000002132 ) ) ;
#3305 = EDGE_LOOP ( 'NONE', ( #1954, #150, #3550, #1682 ) ) ;
#3306 = CARTESIAN_POINT ( 'NONE',  ( -0.5529378364870327633, -0.9577164262227586544, 5.262500000000002842 ) ) ;
#3307 = CARTESIAN_POINT ( 'NONE',  ( -1.172864355864549048E-16, -0.9577164262227689795, -1.593749999999998002 ) ) ;
#3308 = CARTESIAN_POINT ( 'NONE',  ( 0.8294067547305490340, 0.4788582131113688911, 7.250000000000002665 ) ) ;
#3309 = CARTESIAN_POINT ( 'NONE',  ( 0.8294067547305484789, -0.4788582131113831575, 5.768750000000003375 ) ) ;
#3310 = CARTESIAN_POINT ( 'NONE',  ( -0.5529378364870388696, -0.9577164262227687574, -3.487499999999998046 ) ) ;
#3311 = CARTESIAN_POINT ( 'NONE',  ( 2.115893281016591132, -1.376464655981866514, 7.816106350272737480 ) ) ;
#3312 = CARTESIAN_POINT ( 'NONE',  ( -1.560637177523335165E-16, -1.274356964481448529, 4.132812500000004441 ) ) ;
#3313 = CARTESIAN_POINT ( 'NONE',  ( 0.8294067547305582488, 0.4788582131113750529, -2.343749999999997780 ) ) ;
#3314 = CARTESIAN_POINT ( 'NONE',  ( 0.5529378364870390916, 0.9577164262227568781, -2.812499999999999556 ) ) ;
#3315 = CARTESIAN_POINT ( 'NONE',  ( -0.8294067547305487009, 0.4788582131113697238, 4.643750000000002487 ) ) ;
#3316 = CARTESIAN_POINT ( 'NONE',  ( 0.6668948313182008203, 0.9444427817086991084, 7.565812650930178407 ) ) ;
#3317 = EDGE_CURVE ( 'NONE', #1060, #1225, #4522, .T. ) ;
#3318 = CARTESIAN_POINT ( 'NONE',  ( 1.082531754730552631, -0.6250000000000097700, 6.050000000000001599 ) ) ;
#3319 = CARTESIAN_POINT ( 'NONE',  ( 1.105875672974064861, -6.739435519199968560E-15, 4.512500000000003730 ) ) ;
#3320 = CARTESIAN_POINT ( 'NONE',  ( -0.7216878364870350504, 1.249999999999999112, 7.137500000000001954 ) ) ;
#3321 = VERTEX_POINT ( 'NONE', #127 ) ;
#3322 = CARTESIAN_POINT ( 'NONE',  ( 0.8294067547305576937, -0.4788582131113877649, -2.418749999999997957 ) ) ;
#3323 = CARTESIAN_POINT ( 'NONE',  ( -1.530808498934196994E-16, -1.250000000000010214, -0.9750000000000007550 ) ) ;
#3324 = EDGE_CURVE ( 'NONE', #3898, #4094, #1167, .T. ) ;
#3325 = EDGE_CURVE ( 'NONE', #1536, #1060, #3633, .T. ) ;
#3326 = CARTESIAN_POINT ( 'NONE',  ( 0.5529378364870320972, -0.9577164262227589875, 4.381250000000003197 ) ) ;
#3327 = CARTESIAN_POINT ( 'NONE',  ( 1.103625504730553208, 0.6371784822407138282, 4.760937500000002487 ) ) ;
#3328 = EDGE_LOOP ( 'NONE', ( #2344, #3956, #3972, #696 ) ) ;
#3329 = CARTESIAN_POINT ( 'NONE',  ( -0.01102214318161733216, 0.9576529984376250804, -0.4679999995591233586 ) ) ;
#3330 = CARTESIAN_POINT ( 'NONE',  ( -1.530808498934196994E-16, -1.250000000000010436, -3.225000000000000533 ) ) ;
#3331 = CARTESIAN_POINT ( 'NONE',  ( 0.5529378364870390916, 0.9577164262227571001, -0.9562499999999979350 ) ) ;
#3332 = CARTESIAN_POINT ( 'NONE',  ( -0.5529378364870326523, -0.9577164262227586544, 6.612500000000003375 ) ) ;
#3333 = CARTESIAN_POINT ( 'NONE',  ( 0.5529378364870329854, 0.9577164262227455538, 6.331250000000002487 ) ) ;
#3334 = CARTESIAN_POINT ( 'NONE',  ( -0.8294067547305579158, 0.4788582131113757745, -3.599999999999998757 ) ) ;
#3335 = CARTESIAN_POINT ( 'NONE',  ( -1.530808498934198227E-16, -1.250000000000011990, 7.325000000000001066 ) ) ;
#3336 = CARTESIAN_POINT ( 'NONE',  ( 2.345728711729071966E-16, 0.9577164262227458869, 8.675000000000004263 ) ) ;
#3337 = CARTESIAN_POINT ( 'NONE',  ( 1.105875672974077073, -6.025654879471180303E-15, -2.381249999999997424 ) ) ;
#3338 = CARTESIAN_POINT ( 'NONE',  ( 2.249999999999998668, 0.9030624105551267045, 0.1237337738040353297 ) ) ;
#3339 = B_SPLINE_CURVE_WITH_KNOTS ( 'NONE', 3,
 ( #3010, #3368, #2629, #61, #3342, #1534, #4480, #1176, #4109, #3753, #1296, #234, #3896, #4257, #3626, #1321, #2773, #598 ),
 .UNSPECIFIED., .F., .F.,
 ( 4, 2, 2, 2, 2, 2, 2, 2, 4 ),
 ( 1.090530599517524122E-05, 0.0004246618052647908349, 0.0008384183045344064354, 0.001252174803804022036, 0.001665931303073637636, 0.002079687802343253237, 0.002493444301612868404, 0.002907200800882483571, 0.003320957300152098737 ),
 .UNSPECIFIED. ) ;
#3340 = CARTESIAN_POINT ( 'NONE',  ( 1.105875672974064861, -6.739435519199968560E-15, 4.456250000000002487 ) ) ;
#3341 = CARTESIAN_POINT ( 'NONE',  ( 1.109197348405138950, 0.1529660231768190937, 7.529197348407340229 ) ) ;
#3342 = CARTESIAN_POINT ( 'NONE',  ( 0.6565742176678597275, 0.7703448583340045674, -0.4940252917220832596 ) ) ;
#3343 = CARTESIAN_POINT ( 'NONE',  ( 0.1912500000000081635, 2.487657972370792780, 0.1674308549307028660 ) ) ;
#3344 = VERTEX_POINT ( 'NONE', #931 ) ;
#3345 = CARTESIAN_POINT ( 'NONE',  ( 0.5529378364870383145, -0.9577164262227690905, -2.006249999999998312 ) ) ;
#3346 = FACE_OUTER_BOUND ( 'NONE', #1273, .T. ) ;
#3347 = CARTESIAN_POINT ( 'NONE',  ( 0.5529378364870329854, 0.9577164262227455538, 5.881250000000003197 ) ) ;
#3348 = CARTESIAN_POINT ( 'NONE',  ( -0.7357503364870353613, -1.274356964481448529, 5.023437500000001776 ) ) ;
#3349 = AXIS2_PLACEMENT_3D ( 'NONE', #2353, #1316, #3798 ) ;
#3350 = ORIENTED_EDGE ( 'NONE', *, *, #1730, .F. ) ;
#3351 = ADVANCED_FACE ( 'NONE', ( #2018 ), #3407, .F. ) ;
#3352 = CARTESIAN_POINT ( 'NONE',  ( 1.082531754730553519, 0.6249999999999953371, 4.325000000000002842 ) ) ;
#3353 = CARTESIAN_POINT ( 'NONE',  ( -0.5529378364870323193, 0.9577164262227461089, 3.762500000000004174 ) ) ;
#3354 = CARTESIAN_POINT ( 'NONE',  ( -0.8294067547305579158, 0.4788582131113759410, -0.3937499999999978240 ) ) ;
#3355 = CARTESIAN_POINT ( 'NONE',  ( -1.172864355864535983E-16, -0.9577164262227588765, 8.000000000000003553 ) ) ;
#3356 = CARTESIAN_POINT ( 'NONE',  ( -1.172864355864535983E-16, -0.9577164262227588765, 7.943750000000003197 ) ) ;
#3357 = ORIENTED_EDGE ( 'NONE', *, *, #2777, .T. ) ;
#3358 = CARTESIAN_POINT ( 'NONE',  ( -0.8294067547305579158, 0.4788582131113757190, -4.049999999999998046 ) ) ;
#3359 = DIRECTION ( 'NONE',  ( 8.659560562354953812E-17, 0.7071067811865491270, 0.7071067811865459074 ) ) ;
#3360 = CARTESIAN_POINT ( 'NONE',  ( -1.560637177523335165E-16, -1.274356964481448529, 5.032812500000003908 ) ) ;
#3361 = CARTESIAN_POINT ( 'NONE',  ( 0.8294067547305576937, -0.4788582131113877649, -1.968749999999997780 ) ) ;
#3362 = EDGE_CURVE ( 'NONE', #1764, #1696, #877, .T. ) ;
#3363 = CARTESIAN_POINT ( 'NONE',  ( 0.1912500000077499152, -2.487657972366325687, 0.1674308549284694025 ) ) ;
#3365 = CARTESIAN_POINT ( 'NONE',  ( 0.5529378364870320972, -0.9577164262227590985, 3.481250000000002398 ) ) ;
#3364 = VECTOR ( 'NONE', #738, 1000.000000000000114 ) ;
#3366 = CARTESIAN_POINT ( 'NONE',  ( 1.102600906380568624, 1.587585040424034096E-11, 7.522600906380569441 ) ) ;
#3367 = CYLINDRICAL_SURFACE ( 'NONE', #363, 1.250000000000000444 ) ;
#3368 = CARTESIAN_POINT ( 'NONE',  ( 0.1393143203497752558, 0.9665428119081215241, -0.4730959161514163291 ) ) ;
#3369 = DIRECTION ( 'NONE',  ( 1.000000000000000000, 0.000000000000000000, 0.000000000000000000 ) ) ;
#3370 = ORIENTED_EDGE ( 'NONE', *, *, #3507, .F. ) ;
#3371 = CARTESIAN_POINT ( 'NONE',  ( 0.000000000000000000, 0.9577164262227571001, -3.618749999999997691 ) ) ;
#3372 = CARTESIAN_POINT ( 'NONE',  ( -0.7216878364870358276, -1.250000000000011768, 6.781250000000004441 ) ) ;
#3373 = ADVANCED_FACE ( 'NONE', ( #3510 ), #4054, .T. ) ;
#3374 = LOCAL_TIME ( 18, 7, 58.00000000000000000, #1748 ) ;
#3375 = CARTESIAN_POINT ( 'NONE',  ( 2.345728711729071966E-16, 0.9577164262227458869, 4.568750000000002309 ) ) ;
#3376 = CARTESIAN_POINT ( 'NONE',  ( -0.7357503364870353613, -1.274356964481448529, 3.223437500000002398 ) ) ;
#3377 = ORIENTED_EDGE ( 'NONE', *, *, #4562, .F. ) ;
#3378 = CARTESIAN_POINT ( 'NONE',  ( 0.000000000000000000, 0.9577164262227573222, -0.4687499999999978351 ) ) ;
#3379 = CARTESIAN_POINT ( 'NONE',  ( 0.8294067547305484789, -0.4788582131113831575, 4.475000000000003197 ) ) ;
#3380 = CARTESIAN_POINT ( 'NONE',  ( -0.7357503364870368046, -1.274356964481450083, -3.248437499999998757 ) ) ;
#3381 = EDGE_CURVE ( 'NONE', #479, #1594, #66, .T. ) ;
#3382 = CARTESIAN_POINT ( 'NONE',  ( 0.8294067547305484789, -0.4788582131113831575, 5.825000000000003730 ) ) ;
#3383 = CARTESIAN_POINT ( 'NONE',  ( 0.8294067547305484789, -0.4788582131113831575, 7.118750000000003020 ) ) ;
#3384 = ORIENTED_EDGE ( 'NONE', *, *, #1811, .T. ) ;
#3385 = CARTESIAN_POINT ( 'NONE',  ( -0.7357503364870361384, 1.274356964481438759, -1.120312499999997602 ) ) ;
#3386 = CARTESIAN_POINT ( 'NONE',  ( -0.01102214318161733216, 0.9576529984376250804, -0.4679999995591233586 ) ) ;
#3387 = CARTESIAN_POINT ( 'NONE',  ( 0.7357503364870356943, 1.274356964481434984, 5.220312500000004796 ) ) ;
#3388 = CARTESIAN_POINT ( 'NONE',  ( -0.5529378364870388696, -0.9577164262227687574, -2.981249999999997957 ) ) ;
#3389 = CARTESIAN_POINT ( 'NONE',  ( 0.000000000000000000, 1.249999999999998890, -0.7500000000000007772 ) ) ;
#3390 = CARTESIAN_POINT ( 'NONE',  ( 1.105875672974064861, -6.739435519199968560E-15, 4.006250000000003197 ) ) ;
#3391 = DIRECTION ( 'NONE',  ( -0.000000000000000000, 9.875224244405043999E-17, -1.000000000000000000 ) ) ;
#3392 = CARTESIAN_POINT ( 'NONE',  ( -1.082531754730552187, 0.6249999999999966693, -1.125000000000000666 ) ) ;
#3393 = CARTESIAN_POINT ( 'NONE',  ( 0.5529378364870329854, 0.9577164262227455538, 3.237500000000003375 ) ) ;
#3394 = FACE_OUTER_BOUND ( 'NONE', #381, .T. ) ;
#3395 = ORIENTED_EDGE ( 'NONE', *, *, #3768, .T. ) ;
#3396 = CARTESIAN_POINT ( 'NONE',  ( 0.8294067547305582488, 0.4788582131113749973, -3.243749999999998135 ) ) ;
#3397 = CARTESIAN_POINT ( 'NONE',  ( 1.105875672974077073, -6.084208304555413597E-15, -3.337499999999998579 ) ) ;
#3398 = FACE_OUTER_BOUND ( 'NONE', #1611, .T. ) ;
#3399 = ORIENTED_EDGE ( 'NONE', *, *, #2591, .T. ) ;
#3400 = B_SPLINE_CURVE_WITH_KNOTS ( 'NONE', 3,
 ( #713, #1826, #3297, #3927, #3207, #1373, #2849, #4310 ),
 .UNSPECIFIED., .F., .F.,
 ( 4, 2, 2, 4 ),
 ( 0.0002272936175608563693, 0.001312383105340144893, 0.001854927849229789276, 0.002397472593119433660 ),
 .UNSPECIFIED. ) ;
#3401 = CARTESIAN_POINT ( 'NONE',  ( 0.5529378364870382034, -0.9577164262227690905, -0.6562499999999980016 ) ) ;
#3402 = CARTESIAN_POINT ( 'NONE',  ( 0.5529378364870320972, -0.9577164262227590985, 4.887500000000002842 ) ) ;
#3403 = CARTESIAN_POINT ( 'NONE',  ( 0.8294067547305490340, 0.4788582131113688911, 5.450000000000003730 ) ) ;
#3404 = CARTESIAN_POINT ( 'NONE',  ( -0.8294067547305488119, -0.4788582131113825469, 3.368750000000003020 ) ) ;
#3405 = ORIENTED_EDGE ( 'NONE', *, *, #231, .F. ) ;
#3406 = CARTESIAN_POINT ( 'NONE',  ( 0.5529378364870390916, 0.9577164262227569891, -2.812499999999998668 ) ) ;
#3407 = CYLINDRICAL_SURFACE ( 'NONE', #53, 1.250000000000000444 ) ;
#3408 = CARTESIAN_POINT ( 'NONE',  ( 0.8294067547305484789, -0.4788582131113831575, 8.075000000000002842 ) ) ;
#3409 = CARTESIAN_POINT ( 'NONE',  ( 1.105875672974077073, -6.108318538413626843E-15, -3.731249999999998401 ) ) ;
#3410 = CARTESIAN_POINT ( 'NONE',  ( -0.7216878364870350504, 1.249999999999999112, 5.731250000000004619 ) ) ;
#3411 = EDGE_CURVE ( 'NONE', #170, #418, #4215, .T. ) ;
#3412 = EDGE_CURVE ( 'NONE', #2486, #4198, #3289, .T. ) ;
#3413 = DIRECTION ( 'NONE',  ( -0.000000000000000000, 9.875224244405043999E-17, -1.000000000000000000 ) ) ;
#3414 = CARTESIAN_POINT ( 'NONE',  ( -0.7216878364870333851, 1.250000000000000444, -2.512500000000000622 ) ) ;
#3415 = CARTESIAN_POINT ( 'NONE',  ( 3.061616997868396453E-16, 1.249999999999998890, 6.200000000000001954 ) ) ;
#3416 = CARTESIAN_POINT ( 'NONE',  ( -0.7906875008575234842, 0.7823835503088474308, 3.200000000000002842 ) ) ;
#3417 = FACE_OUTER_BOUND ( 'NONE', #1758, .T. ) ;
#3418 = VERTEX_POINT ( 'NONE', #2455 ) ;
#3419 = CARTESIAN_POINT ( 'NONE',  ( -0.8294067547305579158, 0.4788582131113759410, -0.8437499999999981126 ) ) ;
#3420 =( BOUNDED_CURVE ( )  B_SPLINE_CURVE ( 2, ( #2541, #2155, #3279, #1447, #312, #4315, #2919 ),
 .UNSPECIFIED., .F., .T. ) 
 B_SPLINE_CURVE_WITH_KNOTS ( ( 3, 2, 2, 3 ),
 ( 0.5769230769230768718, 0.5897435897435897578, 0.6025641025641025328, 0.6153846153846154188 ),
 .UNSPECIFIED. ) 
 CURVE ( )  GEOMETRIC_REPRESENTATION_ITEM ( )  RATIONAL_B_SPLINE_CURVE ( ( 1.000000000000000000, 0.8660254037844387076, 1.000000000000000000, 0.8660254037844387076, 1.000000000000000000, 0.8660254037844387076, 1.000000000000000000 ) ) 
 REPRESENTATION_ITEM ( '' )  );
#3421 = CARTESIAN_POINT ( 'NONE',  ( -0.7216878364870350504, 1.249999999999999112, 6.631250000000004086 ) ) ;
#3422 = LINE ( 'NONE', #2008, #4013 ) ;
#3423 = CARTESIAN_POINT ( 'NONE',  ( 1.393035734030118523E-16, 1.024999999999996803, -3.899999999999999467 ) ) ;
#3424 = CARTESIAN_POINT ( 'NONE',  ( -1.103625504730552542, 0.6371784822407147164, 3.110937500000001688 ) ) ;
#3425 = ORIENTED_EDGE ( 'NONE', *, *, #4528, .F. ) ;
#3426 = EDGE_CURVE ( 'NONE', #721, #1524, #4118, .T. ) ;
#3427 = VECTOR ( 'NONE', #3094, 1000.000000000000000 ) ;
#3428 = CARTESIAN_POINT ( 'NONE',  ( 0.8294067547305582488, 0.4788582131113750529, -1.893749999999997824 ) ) ;
#3429 = DIRECTION ( 'NONE',  ( 0.000000000000000000, 0.000000000000000000, 1.000000000000000000 ) ) ;
#3430 = CARTESIAN_POINT ( 'NONE',  ( 1.105875672974064861, -6.739435519199968560E-15, 4.062500000000003553 ) ) ;
#3431 = CARTESIAN_POINT ( 'NONE',  ( 2.345728711729071966E-16, 0.9577164262227458869, 5.468750000000003553 ) ) ;
#3432 = ORIENTED_EDGE ( 'NONE', *, *, #2117, .T. ) ;
#3433 = CARTESIAN_POINT ( 'NONE',  ( -1.105875672974077295, -5.716905948490032645E-15, -1.762499999999999067 ) ) ;
#3434 = CARTESIAN_POINT ( 'NONE',  ( -2.165367235512687838, -1.327391063058419585, 7.807193742989943175 ) ) ;
#3435 = CARTESIAN_POINT ( 'NONE',  ( -0.8294067547305487009, 0.4788582131113697238, 6.950000000000002842 ) ) ;
#3436 = CARTESIAN_POINT ( 'NONE',  ( 0.000000000000000000, 1.249999999999998668, -3.450000000000000178 ) ) ;
#3437 = CARTESIAN_POINT ( 'NONE',  ( -1.530808498934197241E-16, -1.250000000000010214, -1.818749999999996092 ) ) ;
#3438 = CARTESIAN_POINT ( 'NONE',  ( 1.082531754730551965, -0.6250000000000086597, -1.350000000000000755 ) ) ;
#3439 = CARTESIAN_POINT ( 'NONE',  ( 0.7216878364870348284, -1.250000000000012434, 6.912500000000002309 ) ) ;
#3440 = CARTESIAN_POINT ( 'NONE',  ( 1.103625504730552098, -0.6371784822407281501, 8.707812500000004619 ) ) ;
#3441 = ADVANCED_FACE ( 'NONE', ( #2160 ), #1948, .F. ) ;
#3442 = CARTESIAN_POINT ( 'NONE',  ( -1.209907186598610185, -0.2008224562439225591, 3.200000000000001510 ) ) ;
#3443 = CARTESIAN_POINT ( 'NONE',  ( -1.151222496981825438, -0.5024352241069736102, -3.691233169863576968 ) ) ;
#3444 = ORIENTED_EDGE ( 'NONE', *, *, #4765, .F. ) ;
#3445 = CARTESIAN_POINT ( 'NONE',  ( -0.9439959206375102552, -0.2724182868348524189, 7.393301370839708397 ) ) ;
#3446 = CARTESIAN_POINT ( 'NONE',  ( -2.205000000000000071, -3.024853832003010861E-15, 8.000000000000000000 ) ) ;
#3447 = CARTESIAN_POINT ( 'NONE',  ( -1.580000000000000071, 1.463460382435336727E-15, 8.000000000000000000 ) ) ;
#3448 = CARTESIAN_POINT ( 'NONE',  ( -1.172864355864535983E-16, -0.9577164262227588765, 3.443750000000003197 ) ) ;
#3449 = CARTESIAN_POINT ( 'NONE',  ( -1.103625504730552542, 0.6371784822407147164, 4.010937500000002487 ) ) ;
#3450 = ORIENTED_EDGE ( 'NONE', *, *, #3705, .F. ) ;
#3451 =( BOUNDED_CURVE ( )  B_SPLINE_CURVE ( 2, ( #2414, #139, #3497, #1984, #1302, #3546, #552 ),
 .UNSPECIFIED., .F., .T. ) 
 B_SPLINE_CURVE_WITH_KNOTS ( ( 3, 2, 2, 3 ),
 ( 0.9230769230769231282, 0.9358974358974359031, 0.9487179487179486781, 0.9615384615384615641 ),
 .UNSPECIFIED. ) 
 CURVE ( )  GEOMETRIC_REPRESENTATION_ITEM ( )  RATIONAL_B_SPLINE_CURVE ( ( 1.000000000000000000, 0.8660254037844387076, 1.000000000000000000, 0.8660254037844387076, 1.000000000000000000, 0.8660254037844387076, 1.000000000000000000 ) ) 
 REPRESENTATION_ITEM ( '' )  );
#3452 = CC_DESIGN_APPROVAL ( #4425, ( #4369 ) ) ;
#3453 = CARTESIAN_POINT ( 'NONE',  ( -1.082531754730552409, -0.6250000000000077716, -1.950000000000000622 ) ) ;
#3454 = CARTESIAN_POINT ( 'NONE',  ( 0.7216878364870386031, 1.249999999999992673, -3.037500000000000977 ) ) ;
#3455 = CARTESIAN_POINT ( 'NONE',  ( 2.345728711729071966E-16, 0.9577164262227458869, 4.175000000000003375 ) ) ;
#3456 = CARTESIAN_POINT ( 'NONE',  ( -0.5529378364870322082, 0.9577164262227458869, 5.506250000000003197 ) ) ;
#3457 = ORIENTED_EDGE ( 'NONE', *, *, #4735, .T. ) ;
#3458 = CARTESIAN_POINT ( 'NONE',  ( 0.8294067547305582488, 0.4788582131113751084, -1.049999999999998934 ) ) ;
#3459 = CARTESIAN_POINT ( 'NONE',  ( -2.058749999999989644, 1.409456344659176796, 0.1674308549307019500 ) ) ;
#3460 = CARTESIAN_POINT ( 'NONE',  ( -0.5529378364870322082, 0.9577164262227458869, 7.812500000000002665 ) ) ;
#3461 = CARTESIAN_POINT ( 'NONE',  ( -1.082531754730553075, -0.6250000000000088818, 3.650000000000001688 ) ) ;
#3462 = CARTESIAN_POINT ( 'NONE',  ( 1.082531754730552631, 0.6249999999999956701, -0.8250000000000007327 ) ) ;
#3463 = B_SPLINE_CURVE_WITH_KNOTS ( 'NONE', 3,
 ( #4059, #762, #2237, #3703, #4453, #1221 ),
 .UNSPECIFIED., .F., .F.,
 ( 4, 2, 4 ),
 ( 0.01437404426246731773, 0.01490732913734095152, 0.01544061401221458532 ),
 .UNSPECIFIED. ) ;
#3464 = DIRECTION ( 'NONE',  ( 0.000000000000000000, 1.000000000000000000, 0.000000000000000000 ) ) ;
#3465 = CARTESIAN_POINT ( 'NONE',  ( 1.443375672974069213, -6.128984453149235717E-15, -3.056249999999995470 ) ) ;
#3466 = CARTESIAN_POINT ( 'NONE',  ( -1.560637177523335165E-16, -1.274356964481448529, 7.732812500000003197 ) ) ;
#3467 = CARTESIAN_POINT ( 'NONE',  ( 0.5529378364870329854, 0.9577164262227455538, 8.581250000000002487 ) ) ;
#3468 = CARTESIAN_POINT ( 'NONE',  ( 0.000000000000000000, 1.249999999999998890, -1.143749999999996270 ) ) ;
#3469 = ORIENTED_EDGE ( 'NONE', *, *, #2974, .T. ) ;
#3470 = ADVANCED_FACE ( 'NONE', ( #1731 ), #693, .T. ) ;
#3471 = CARTESIAN_POINT ( 'NONE',  ( -0.5529378364870323193, 0.9577164262227461089, 7.306250000000003020 ) ) ;
#3472 = CARTESIAN_POINT ( 'NONE',  ( 3.061616997868395960E-16, 1.249999999999998890, 3.893750000000004707 ) ) ;
#3473 = CARTESIAN_POINT ( 'NONE',  ( 0.7357503364870359164, -1.274356964481450527, -3.173437499999998579 ) ) ;
#3474 = CARTESIAN_POINT ( 'NONE',  ( 1.172864355864542639E-16, -0.9577164262227582103, -0.2250000000000000333 ) ) ;
#3475 = CARTESIAN_POINT ( 'NONE',  ( 0.8294067547305490340, 0.4788582131113688911, 3.593750000000003109 ) ) ;
#3476 = CARTESIAN_POINT ( 'NONE',  ( 3.121274355046671316E-16, 1.274356964481435872, 3.935937500000001865 ) ) ;
#3477 = ORIENTED_EDGE ( 'NONE', *, *, #3673, .F. ) ;
#3478 = EDGE_CURVE ( 'NONE', #4171, #4329, #152, .T. ) ;
#3479 = CARTESIAN_POINT ( 'NONE',  ( 1.105875672974077295, -6.056653751574597558E-15, -2.887499999999998845 ) ) ;
#3480 = ADVANCED_FACE ( 'NONE', ( #4744 ), #2124, .T. ) ;
#3481 = CARTESIAN_POINT ( 'NONE',  ( 0.7216878364870321638, -1.250000000000015321, -2.737500000000001599 ) ) ;
#3482 = CARTESIAN_POINT ( 'NONE',  ( -0.8294067547305487009, 0.4788582131113697238, 5.150000000000003908 ) ) ;
#3483 = CARTESIAN_POINT ( 'NONE',  ( 0.5529378364870320972, -0.9577164262227589875, 3.931250000000002576 ) ) ;
#3484 = VERTEX_POINT ( 'NONE', #3250 ) ;
#3485 =( BOUNDED_CURVE ( )  B_SPLINE_CURVE ( 2, ( #2441, #4575, #865, #4602, #2340, #4262, #2056 ),
 .UNSPECIFIED., .F., .T. ) 
 B_SPLINE_CURVE_WITH_KNOTS ( ( 3, 2, 2, 3 ),
 ( 0.5555555555555554692, 0.5740740740740739589, 0.5925925925925925597, 0.6111111111111111605 ),
 .UNSPECIFIED. ) 
 CURVE ( )  GEOMETRIC_REPRESENTATION_ITEM ( )  RATIONAL_B_SPLINE_CURVE ( ( 1.000000000000000888, 0.8660254037844379305, 1.000000000000000000, 0.8660254037844387076, 1.000000000000000000, 0.8660254037844387076, 1.000000000000000000 ) ) 
 REPRESENTATION_ITEM ( '' )  );
#3486 = CARTESIAN_POINT ( 'NONE',  ( -0.8294067547305579158, 0.4788582131113758855, -1.349999999999998757 ) ) ;
#3487 = DIRECTION ( 'NONE',  ( 0.000000000000000000, 1.000000000000000000, 0.000000000000000000 ) ) ;
#3488 = CARTESIAN_POINT ( 'NONE',  ( 0.5529378364870329854, 0.9577164262227455538, 8.187500000000003553 ) ) ;
#3489 = DIRECTION ( 'NONE',  ( 0.000000000000000000, 1.000000000000000000, 0.000000000000000000 ) ) ;
#3490 = CYLINDRICAL_SURFACE ( 'NONE', #3961, 1.249999999999998890 ) ;
#3491 = AXIS2_PLACEMENT_3D ( 'NONE', #279, #4375, #1074 ) ;
#3492 = CARTESIAN_POINT ( 'NONE',  ( -1.560637177523335165E-16, -1.274356964481448529, 8.632812500000003553 ) ) ;
#3493 = CARTESIAN_POINT ( 'NONE',  ( 0.5529378364870329854, 0.9577164262227455538, 8.131250000000003197 ) ) ;
#3494 = APPROVAL_STATUS ( 'not_yet_approved' ) ;
#3495 = ORIENTED_EDGE ( 'NONE', *, *, #1871, .F. ) ;
#3496 = CARTESIAN_POINT ( 'NONE',  ( 0.8065861484873899645, -2.132393481399497581, 0.02619637318196666592 ) ) ;
#3497 = CARTESIAN_POINT ( 'NONE',  ( 1.082531754730553519, 0.6249999999999953371, 3.368750000000004352 ) ) ;
#3498 = CARTESIAN_POINT ( 'NONE',  ( 1.103625504730555207, 0.6371784822407154936, -1.260937499999998934 ) ) ;
#3499 = CYLINDRICAL_SURFACE ( 'NONE', #349, 0.3825000000000000067 ) ;
#3500 = CARTESIAN_POINT ( 'NONE',  ( -0.8294067547305580268, -0.4788582131113871543, -3.524999999999998579 ) ) ;
#3501 = LINE ( 'NONE', #2851, #673 ) ;
#3502 = VERTEX_POINT ( 'NONE', #1077 ) ;
#3503 = CARTESIAN_POINT ( 'NONE',  ( -1.105875672974077295, -5.854678713394110476E-15, -4.012499999999998401 ) ) ;
#3504 = CARTESIAN_POINT ( 'NONE',  ( -1.443375672974069657, -5.765126416206460714E-15, -2.887500000000000178 ) ) ;
#3505 = CARTESIAN_POINT ( 'NONE',  ( -1.105875672974064861, -6.468574098567446112E-15, 3.387500000000003286 ) ) ;
#3506 = CARTESIAN_POINT ( 'NONE',  ( 1.103625504730553208, 0.6371784822407138282, 7.010937500000001599 ) ) ;
#3507 = EDGE_CURVE ( 'NONE', #4443, #688, #2149, .T. ) ;
#3508 = EDGE_LOOP ( 'NONE', ( #1281, #213, #2426, #3905 ) ) ;
#3509 = CARTESIAN_POINT ( 'NONE',  ( -1.105875672974077295, -5.744460501470848685E-15, -2.212499999999998135 ) ) ;
#3510 = FACE_OUTER_BOUND ( 'NONE', #2453, .T. ) ;
#3511 = DIRECTION ( 'NONE',  ( -0.5000000000000004441, 0.8660254037844383745, 0.000000000000000000 ) ) ;
#3512 = CARTESIAN_POINT ( 'NONE',  ( -1.443375672974070545, -6.447908183831835661E-15, 4.062500000000000888 ) ) ;
#3513 = CARTESIAN_POINT ( 'NONE',  ( 1.082531754730552853, 0.6249999999999956701, -2.568749999999996092 ) ) ;
#3514 = CARTESIAN_POINT ( 'NONE',  ( -0.7216878364870350504, 1.249999999999999112, 3.481250000000004619 ) ) ;
#3515 = CARTESIAN_POINT ( 'NONE',  ( -1.530808498934197241E-16, -1.250000000000010214, -0.9187499999999964029 ) ) ;
#3516 = DIRECTION ( 'NONE',  ( 0.8660254037844397068, 0.000000000000000000, -0.4999999999999979461 ) ) ;
#3517 = B_SPLINE_CURVE_WITH_KNOTS ( 'NONE', 3,
 ( #2823, #212, #3875, #4183, #2362, #4644 ),
 .UNSPECIFIED., .F., .F.,
 ( 4, 2, 4 ),
 ( 8.706632704292110483E-15, 0.0002012759897655098940, 0.0004025519795223131566 ),
 .UNSPECIFIED. ) ;
#3518 = ORIENTED_EDGE ( 'NONE', *, *, #2651, .T. ) ;
#3519 = CARTESIAN_POINT ( 'NONE',  ( -1.105875672974077295, -5.658352523405800928E-15, -0.8062499999999979128 ) ) ;
#3520 = FACE_OUTER_BOUND ( 'NONE', #953, .T. ) ;
#3521 = CARTESIAN_POINT ( 'NONE',  ( 1.471500672974072721, -6.136734171175091806E-15, -3.098437499999998845 ) ) ;
#3522 = FACE_OUTER_BOUND ( 'NONE', #850, .T. ) ;
#3523 = CARTESIAN_POINT ( 'NONE',  ( 0.8294067547305582488, 0.4788582131113749973, -2.849999999999998312 ) ) ;
#3524 = CARTESIAN_POINT ( 'NONE',  ( -1.530808498934198227E-16, -1.250000000000011990, 7.325000000000001066 ) ) ;
#3525 = EDGE_LOOP ( 'NONE', ( #2865, #1910, #1201, #1904, #137 ) ) ;
#3526 = CARTESIAN_POINT ( 'NONE',  ( -0.5529378364870388696, -0.9577164262227687574, -2.587499999999998579 ) ) ;
#3527 = CARTESIAN_POINT ( 'NONE',  ( -1.530808498934196994E-16, -1.250000000000010436, -2.775000000000000355 ) ) ;
#3528 = AXIS2_PLACEMENT_3D ( 'NONE', #2706, #93, #4164 ) ;
#3529 = CARTESIAN_POINT ( 'NONE',  ( 1.105875672974064861, -6.739435519199968560E-15, 6.706250000000002487 ) ) ;
#3530 = CARTESIAN_POINT ( 'NONE',  ( 3.121274355046671316E-16, 1.274356964481435872, 6.635937500000002487 ) ) ;
#3531 = ORIENTED_EDGE ( 'NONE', *, *, #2535, .T. ) ;
#3532 = CARTESIAN_POINT ( 'NONE',  ( -0.8294067547305580268, -0.4788582131113870433, -0.8249999999999989564 ) ) ;
#3533 = CC_DESIGN_SECURITY_CLASSIFICATION ( #1299, ( #4369 ) ) ;
#3534 = EDGE_CURVE ( 'NONE', #1696, #3691, #3400, .T. ) ;
#3535 = CARTESIAN_POINT ( 'NONE',  ( -0.8294067547305580268, -0.4788582131113871543, -2.568749999999998312 ) ) ;
#3536 = CARTESIAN_POINT ( 'NONE',  ( -1.530808498934198227E-16, -1.250000000000011990, 3.725000000000002309 ) ) ;
#3537 = CARTESIAN_POINT ( 'NONE',  ( 0.000000000000000000, -1.258909218984051749E-16, -3.899999999999999911 ) ) ;
#3538 = CARTESIAN_POINT ( 'NONE',  ( 0.5529378364870320972, -0.9577164262227590985, 6.687500000000003553 ) ) ;
#3539 = CARTESIAN_POINT ( 'NONE',  ( 3.061616997868395960E-16, 1.249999999999998890, 4.793750000000004619 ) ) ;
#3540 = CARTESIAN_POINT ( 'NONE',  ( -1.471500672974069834, -6.446186024270533869E-15, 8.520312500000004619 ) ) ;
#3541 = LINE ( 'NONE', #685, #3835 ) ;
#3542 = VERTEX_POINT ( 'NONE', #1014 ) ;
#3543 = PERSON_AND_ORGANIZATION ( #983, #4684 ) ;
#3544 = ORIENTED_EDGE ( 'NONE', *, *, #907, .T. ) ;
#3545 = CARTESIAN_POINT ( 'NONE',  ( 2.345728711729071966E-16, 0.9577164262227458869, 5.468750000000003553 ) ) ;
#3546 = CARTESIAN_POINT ( 'NONE',  ( 0.7216878364870349394, -1.250000000000012434, 3.256250000000004974 ) ) ;
#3547 = CARTESIAN_POINT ( 'NONE',  ( -0.7357503364870368046, -1.274356964481450083, -2.348437499999998845 ) ) ;
#3548 = CARTESIAN_POINT ( 'NONE',  ( 0.5529378364870382034, -0.9577164262227693126, -1.612499999999998490 ) ) ;
#3549 = DIRECTION ( 'NONE',  ( 0.000000000000000000, 1.000000000000000000, 0.000000000000000000 ) ) ;
#3550 = ORIENTED_EDGE ( 'NONE', *, *, #3478, .T. ) ;
#3551 = CARTESIAN_POINT ( 'NONE',  ( 1.105875672974077295, -6.001544645612967057E-15, -1.987499999999998712 ) ) ;
#3552 = CARTESIAN_POINT ( 'NONE',  ( -1.530808498934197241E-16, -1.250000000000010214, -0.9187499999999964029 ) ) ;
#3553 = CARTESIAN_POINT ( 'NONE',  ( 0.8294067547305490340, 0.4788582131113688911, 7.193750000000002309 ) ) ;
#3554 = CARTESIAN_POINT ( 'NONE',  ( -1.560637177523335658E-16, -1.274356964481448751, 8.210937500000001776 ) ) ;
#3555 = VERTEX_POINT ( 'NONE', #2491 ) ;
#3556 = CARTESIAN_POINT ( 'NONE',  ( -0.7170897518897393352, -0.6733969685855428766, -0.3597654208896599037 ) ) ;
#3557 = CARTESIAN_POINT ( 'NONE',  ( 0.8294067547305576937, -0.4788582131113878759, -3.768749999999997602 ) ) ;
#3558 = FACE_OUTER_BOUND ( 'NONE', #1412, .T. ) ;
#3559 = CARTESIAN_POINT ( 'NONE',  ( -1.103625504730554763, -0.6371784822407279281, -3.707812499999997513 ) ) ;
#3560 = CARTESIAN_POINT ( 'NONE',  ( 0.000000000000000000, -1.258909218984051749E-16, -3.899999999999999911 ) ) ;
#3561 = CARTESIAN_POINT ( 'NONE',  ( -1.103625504730552542, -0.6371784822407272619, 5.407812500000004796 ) ) ;
#3562 = ORIENTED_EDGE ( 'NONE', *, *, #4175, .T. ) ;
#3563 = PERSON_AND_ORGANIZATION ( #983, #4684 ) ;
#3564 = EDGE_CURVE ( 'NONE', #4266, #2757, #647, .T. ) ;
#3565 = ORIENTED_EDGE ( 'NONE', *, *, #3591, .F. ) ;
#3566 = ADVANCED_FACE ( 'NONE', ( #108 ), #3749, .F. ) ;
#3567 = CARTESIAN_POINT ( 'NONE',  ( 1.105875672974064861, -6.739435519199968560E-15, 5.356250000000003730 ) ) ;
#3568 = CARTESIAN_POINT ( 'NONE',  ( 0.7216878364870342732, -1.250000000000010214, -1.781249999999995559 ) ) ;
#3569 = CARTESIAN_POINT ( 'NONE',  ( -0.7357503364870361384, 1.274356964481438759, -0.2484374999999991174 ) ) ;
#3570 = CARTESIAN_POINT ( 'NONE',  ( -0.5529378364870388696, -0.9577164262227687574, -3.037499999999998757 ) ) ;
#3571 = CARTESIAN_POINT ( 'NONE',  ( -1.082531754730552187, 0.6249999999999965583, -1.968749999999996003 ) ) ;
#3572 = ORIENTED_EDGE ( 'NONE', *, *, #3426, .T. ) ;
#3573 = CARTESIAN_POINT ( 'NONE',  ( 0.5529378364870383145, -0.9577164262227690905, -2.062499999999998668 ) ) ;
#3574 = DIRECTION ( 'NONE',  ( -0.000000000000000000, 9.875224244405043999E-17, -1.000000000000000000 ) ) ;
#3575 = CARTESIAN_POINT ( 'NONE',  ( -0.8294067547305487009, 0.4788582131113697238, 7.343750000000001776 ) ) ;
#3576 = CARTESIAN_POINT ( 'NONE',  ( -0.7357503364870349172, 1.274356964481435650, 7.573437500000001599 ) ) ;
#3577 = EDGE_LOOP ( 'NONE', ( #2438, #2080, #2100, #2201 ) ) ;
#3578 = CARTESIAN_POINT ( 'NONE',  ( 0.8294067547305582488, 0.4788582131113749973, -3.243749999999998135 ) ) ;
#3579 = VECTOR ( 'NONE', #537, 1000.000000000000000 ) ;
#3580 = CARTESIAN_POINT ( 'NONE',  ( 0.8294067547305484789, -0.4788582131113831575, 8.525000000000003908 ) ) ;
#3581 = CARTESIAN_POINT ( 'NONE',  ( 0.7357503364870359164, -1.274356964481450305, -2.245312499999997602 ) ) ;
#3582 = CARTESIAN_POINT ( 'NONE',  ( 1.102600906380568624, 1.587585040424034096E-11, 7.522600906380569441 ) ) ;
#3583 = B_SPLINE_CURVE_WITH_KNOTS ( 'NONE', 3,
 ( #322, #1745, #255, #1388, #984, #1771 ),
 .UNSPECIFIED., .F., .F.,
 ( 4, 2, 4 ),
 ( 8.706486366566186162E-15, 0.0002012759897655095416, 0.0004025519795223125603 ),
 .UNSPECIFIED. ) ;
#3584 = CARTESIAN_POINT ( 'NONE',  ( 0.7357503364870344731, -1.274356964481448751, 7.320312500000003553 ) ) ;
#3585 = CIRCLE ( 'NONE', #3349, 1.580000000000000071 ) ;
#3586 = VERTEX_POINT ( 'NONE', #3752 ) ;
#3587 = ORIENTED_EDGE ( 'NONE', *, *, #3622, .T. ) ;
#3588 = AXIS2_PLACEMENT_3D ( 'NONE', #1220, #3052, #3464 ) ;
#3589 = CARTESIAN_POINT ( 'NONE',  ( 2.345728711729071966E-16, 0.9577164262227458869, 7.268750000000002487 ) ) ;
#3590 = CARTESIAN_POINT ( 'NONE',  ( 1.439628572465429857, 1.766906267507320605, 7.961077762676608494 ) ) ;
#3591 = EDGE_CURVE ( 'NONE', #3484, #2106, #4400, .T. ) ;
#3592 = CARTESIAN_POINT ( 'NONE',  ( 0.7357503364870370266, 1.274356964481438315, -0.7734374999999988898 ) ) ;
#3593 = CARTESIAN_POINT ( 'NONE',  ( -0.5529378364870326523, -0.9577164262227586544, 4.362500000000003375 ) ) ;
#3594 = CARTESIAN_POINT ( 'NONE',  ( -1.172864355864549048E-16, -0.9577164262227688685, -1.199999999999998845 ) ) ;
#3595 = CARTESIAN_POINT ( 'NONE',  ( -0.7216878364870357165, -1.250000000000011768, 4.587500000000002132 ) ) ;
#3596 = ORIENTED_EDGE ( 'NONE', *, *, #1672, .F. ) ;
#3597 = CARTESIAN_POINT ( 'NONE',  ( -0.8294067547305579158, 0.4788582131113757190, -3.993749999999997247 ) ) ;
#3598 = CARTESIAN_POINT ( 'NONE',  ( -2.249999999999999112, 1.078201627711623534, -6.873863542433758411 ) ) ;
#3599 = CARTESIAN_POINT ( 'NONE',  ( 1.105875672974064861, -6.739435519199968560E-15, 3.162500000000003642 ) ) ;
#3600 = CARTESIAN_POINT ( 'NONE',  ( -1.103625504730552764, -0.6371784822407273730, 8.135937500000002487 ) ) ;
#3601 = ORIENTED_EDGE ( 'NONE', *, *, #3127, .T. ) ;
#3602 = CARTESIAN_POINT ( 'NONE',  ( 2.249999999999998668, -0.3637866779806848139, 7.974019237886476930 ) ) ;
#3603 = DIRECTION ( 'NONE',  ( 0.000000000000000000, 0.000000000000000000, 1.000000000000000000 ) ) ;
#3604 = CARTESIAN_POINT ( 'NONE',  ( -0.7357503364870361384, 1.274356964481438537, -3.820312499999997335 ) ) ;
#3605 =( BOUNDED_CURVE ( )  B_SPLINE_CURVE ( 2, ( #835, #476, #3778, #2261, #1579, #736, #428 ),
 .UNSPECIFIED., .F., .F. ) 
 B_SPLINE_CURVE_WITH_KNOTS ( ( 3, 2, 2, 3 ),
 ( 0.3589743589743589203, 0.3717948717948718063, 0.3846153846153845812, 0.3974358974358974672 ),
 .UNSPECIFIED. ) 
 CURVE ( )  GEOMETRIC_REPRESENTATION_ITEM ( )  RATIONAL_B_SPLINE_CURVE ( ( 1.000000000000000000, 0.8660254037844387076, 1.000000000000000000, 0.8660254037844387076, 1.000000000000000000, 0.8660254037844387076, 1.000000000000000000 ) ) 
 REPRESENTATION_ITEM ( '' )  );
#3606 = CARTESIAN_POINT ( 'NONE',  ( -0.01102214318161733216, 0.9576529984376250804, -0.4679999995591233586 ) ) ;
#3607 = CARTESIAN_POINT ( 'NONE',  ( -1.560637177523335165E-16, -1.274356964481448529, 6.832812500000003730 ) ) ;
#3608 = ORIENTED_EDGE ( 'NONE', *, *, #171, .T. ) ;
#3609 = CARTESIAN_POINT ( 'NONE',  ( 0.5529378364870320972, -0.9577164262227590985, 5.731250000000001954 ) ) ;
#3610 = FACE_OUTER_BOUND ( 'NONE', #3328, .T. ) ;
#3611 = DIRECTION ( 'NONE',  ( 0.000000000000000000, 0.000000000000000000, 1.000000000000000000 ) ) ;
#3612 = CARTESIAN_POINT ( 'NONE',  ( -0.5529378364870322082, 0.9577164262227458869, 6.012500000000003730 ) ) ;
#3613 = B_SPLINE_CURVE_WITH_KNOTS ( 'NONE', 3,
 ( #864, #4238, #4625, #4159, #138, #2726, #1683, #2339, #2365, #4186, #3109, #504, #3164, #3445, #3085, #529 ),
 .UNSPECIFIED., .F., .F.,
 ( 4, 2, 2, 2, 2, 2, 2, 4 ),
 ( 0.003801196595890673786, 0.004608581488039161650, 0.005012273934113405799, 0.005415966380187649080, 0.005819658826261892362, 0.006223351272336136511, 0.006627043718410380660, 0.007030736164484623942 ),
 .UNSPECIFIED. ) ;
#3614 = DIRECTION ( 'NONE',  ( -0.000000000000000000, 9.875224244405043999E-17, -1.000000000000000000 ) ) ;
#3615 = ORIENTED_EDGE ( 'NONE', *, *, #1879, .T. ) ;
#3616 = CARTESIAN_POINT ( 'NONE',  ( 0.000000000000000000, 0.9577164262227573222, -1.424999999999998712 ) ) ;
#3617 = CARTESIAN_POINT ( 'NONE',  ( -1.530808498934197980E-16, -1.250000000000011990, 6.818750000000004086 ) ) ;
#3618 = CARTESIAN_POINT ( 'NONE',  ( -0.8294067547305487009, 0.4788582131113697238, 7.793750000000001954 ) ) ;
#3619 = CARTESIAN_POINT ( 'NONE',  ( 1.103625504730553208, 0.6371784822407138282, 6.110937500000002132 ) ) ;
#3620 = ORIENTED_EDGE ( 'NONE', *, *, #526, .T. ) ;
#3621 = EDGE_CURVE ( 'NONE', #1988, #2464, #1137, .T. ) ;
#3622 = EDGE_CURVE ( 'NONE', #1727, #1344, #2882, .T. ) ;
#3623 = CARTESIAN_POINT ( 'NONE',  ( 0.8294067547305484789, -0.4788582131113831575, 5.825000000000003730 ) ) ;
#3624 = CARTESIAN_POINT ( 'NONE',  ( -0.8294067547305579158, 0.4788582131113758300, -2.643749999999997602 ) ) ;
#3625 = CARTESIAN_POINT ( 'NONE',  ( -1.443375672974070545, -6.447908183831835661E-15, 5.412500000000002309 ) ) ;
#3626 = CARTESIAN_POINT ( 'NONE',  ( 0.5271012485757345933, -1.001506551293767533, -0.5636340575382497997 ) ) ;
#3627 = CARTESIAN_POINT ( 'NONE',  ( -0.7357503364870368046, -1.274356964481450083, -3.670312499999996980 ) ) ;
#3628 = CARTESIAN_POINT ( 'NONE',  ( 0.7045139085838445503, 0.6951789681323008452, 3.200000000000003286 ) ) ;
#3629 = CARTESIAN_POINT ( 'NONE',  ( 0.7357503364870356943, 1.274356964481434984, 7.470312500000003908 ) ) ;
#3630 = EDGE_LOOP ( 'NONE', ( #4038, #600, #515, #2610 ) ) ;
#3631 = APPROVAL_DATE_TIME ( #325, #930 ) ;
#3632 = ORIENTED_EDGE ( 'NONE', *, *, #1552, .T. ) ;
#3633 =( BOUNDED_CURVE ( )  B_SPLINE_CURVE ( 2, ( #2669, #1288, #1239, #3099, #2744 ),
 .UNSPECIFIED., .F., .F. ) 
 B_SPLINE_CURVE_WITH_KNOTS ( ( 3, 2, 3 ),
 ( 0.8205128205128204844, 0.8333333333333332593, 0.8409427653458688701 ),
 .UNSPECIFIED. ) 
 CURVE ( )  GEOMETRIC_REPRESENTATION_ITEM ( )  RATIONAL_B_SPLINE_CURVE ( ( 1.000000000000000000, 0.8660254037844387076, 1.000000000000000000, 0.9204812946578808663, 0.9353569697117716242 ) ) 
 REPRESENTATION_ITEM ( '' )  );
#3634 = CARTESIAN_POINT ( 'NONE',  ( -0.8294067547305488119, -0.4788582131113825469, 5.168750000000002842 ) ) ;
#3635 = CARTESIAN_POINT ( 'NONE',  ( -0.8599034295358202185, 0.5281560989567603004, 7.426579374978720338 ) ) ;
#3636 = CARTESIAN_POINT ( 'NONE',  ( -1.530808498934197980E-16, -1.250000000000011990, 4.118750000000004796 ) ) ;
#3637 = CARTESIAN_POINT ( 'NONE',  ( 2.345728711729071966E-16, 0.9577164262227458869, 5.525000000000003908 ) ) ;
#3638 = CARTESIAN_POINT ( 'NONE',  ( 1.082531754730552631, -0.6250000000000097700, 3.800000000000001599 ) ) ;
#3639 = ORIENTED_EDGE ( 'NONE', *, *, #2833, .F. ) ;
#3640 = CARTESIAN_POINT ( 'NONE',  ( -0.8294067547305580268, -0.4788582131113872098, -3.918749999999997957 ) ) ;
#3641 = CARTESIAN_POINT ( 'NONE',  ( 1.082531754730551965, -0.6250000000000085487, -0.8437499999999963363 ) ) ;
#3642 = CARTESIAN_POINT ( 'NONE',  ( 0.8294067547305490340, 0.4788582131113688911, 4.493750000000003020 ) ) ;
#3643 = CARTESIAN_POINT ( 'NONE',  ( -1.103625504730552542, 0.6371784822407147164, 4.460937500000002665 ) ) ;
#3644 = ORIENTED_EDGE ( 'NONE', *, *, #3564, .F. ) ;
#3645 = CARTESIAN_POINT ( 'NONE',  ( 1.105875672974064861, -6.739435519199968560E-15, 5.412500000000003197 ) ) ;
#3646 = CARTESIAN_POINT ( 'NONE',  ( 1.105875672974077295, -5.915436667547917723E-15, -0.5812499999999980460 ) ) ;
#3647 = EDGE_CURVE ( 'NONE', #2529, #2053, #4132, .T. ) ;
#3648 = DIRECTION ( 'NONE',  ( 1.000000000000000000, 0.000000000000000000, 0.000000000000000000 ) ) ;
#3649 = CARTESIAN_POINT ( 'NONE',  ( 1.105875672974064861, -6.739435519199968560E-15, 7.156250000000003553 ) ) ;
#3650 = CARTESIAN_POINT ( 'NONE',  ( 1.103625504730555207, 0.6371784822407154936, -1.682812499999997602 ) ) ;
#3651 = DIRECTION ( 'NONE',  ( 0.000000000000000000, 1.000000000000000000, 0.000000000000000000 ) ) ;
#3652 = CARTESIAN_POINT ( 'NONE',  ( 1.103625504730552986, 0.6371784822407137172, 5.632812500000004441 ) ) ;
#3653 = PERSON_AND_ORGANIZATION ( #983, #4684 ) ;
#3654 = DIRECTION ( 'NONE',  ( 0.8660254037844384856, 0.5000000000000003331, 0.000000000000000000 ) ) ;
#3655 = DIRECTION ( 'NONE',  ( -0.000000000000000000, 9.875224244405043999E-17, -1.000000000000000000 ) ) ;
#3656 = CYLINDRICAL_SURFACE ( 'NONE', #1885, 0.3825000000000000067 ) ;
#3657 = CARTESIAN_POINT ( 'NONE',  ( -0.7357503364870368046, -1.274356964481449861, -0.9984374999999988676 ) ) ;
#3658 = CARTESIAN_POINT ( 'NONE',  ( -0.8294067547305488119, -0.4788582131113825469, 4.775000000000003020 ) ) ;
#3659 = FACE_OUTER_BOUND ( 'NONE', #17, .T. ) ;
#3660 = ORIENTED_EDGE ( 'NONE', *, *, #1605, .F. ) ;
#3661 = CARTESIAN_POINT ( 'NONE',  ( -0.5529378364870384255, 0.9577164262227572111, -2.231249999999997957 ) ) ;
#3662 = EDGE_CURVE ( 'NONE', #1583, #387, #3605, .T. ) ;
#3663 = FACE_OUTER_BOUND ( 'NONE', #1286, .T. ) ;
#3664 = CARTESIAN_POINT ( 'NONE',  ( 0.5529378364870320972, -0.9577164262227589875, 5.731250000000001954 ) ) ;
#3665 = CARTESIAN_POINT ( 'NONE',  ( -0.7357503364870349172, 1.274356964481435650, 5.323437500000002487 ) ) ;
#3666 = ADVANCED_FACE ( 'NONE', ( #2601 ), #3367, .F. ) ;
#3667 = ORIENTED_EDGE ( 'NONE', *, *, #408, .T. ) ;
#3668 = CARTESIAN_POINT ( 'NONE',  ( 0.5529378364870320972, -0.9577164262227590985, 5.337500000000003020 ) ) ;
#3669 = CARTESIAN_POINT ( 'NONE',  ( 0.000000000000000000, 0.9577164262227572111, -2.268749999999997602 ) ) ;
#3670 = CARTESIAN_POINT ( 'NONE',  ( -1.105875672974064861, -6.468574098567446112E-15, 6.537500000000004086 ) ) ;
#3671 = CARTESIAN_POINT ( 'NONE',  ( 2.345728711729071966E-16, 0.9577164262227458869, 6.818750000000003197 ) ) ;
#3672 = CARTESIAN_POINT ( 'NONE',  ( -0.5529378364870388696, -0.9577164262227687574, -3.937499999999998224 ) ) ;
#3673 = EDGE_CURVE ( 'NONE', #479, #2486, #1964, .T. ) ;
#3674 = FACE_OUTER_BOUND ( 'NONE', #3508, .T. ) ;
#3675 = AXIS2_PLACEMENT_3D ( 'NONE', #1680, #2078, #4283 ) ;
#3676 = CARTESIAN_POINT ( 'NONE',  ( 1.103625504730552986, 0.6371784822407137172, 4.732812500000004086 ) ) ;
#3677 = CARTESIAN_POINT ( 'NONE',  ( 0.5529378364870390916, 0.9577164262227568781, -3.206249999999997602 ) ) ;
#3678 = CARTESIAN_POINT ( 'NONE',  ( -1.105875672974077073, -5.772015054451663147E-15, -2.662499999999998312 ) ) ;
#3679 = PERSON_AND_ORGANIZATION_ROLE ( 'classification_officer' ) ;
#3680 = VECTOR ( 'NONE', #2654, 1000.000000000000114 ) ;
#3681 = DIRECTION ( 'NONE',  ( -0.000000000000000000, 9.875224244405043999E-17, -1.000000000000000000 ) ) ;
#3682 = CARTESIAN_POINT ( 'NONE',  ( -0.7216878364870350504, 1.249999999999999112, 4.381250000000004974 ) ) ;
#3683 = CARTESIAN_POINT ( 'NONE',  ( 0.9733033744174093282, 0.5566761831342176281, -3.829064260354952509 ) ) ;
#3684 = CARTESIAN_POINT ( 'NONE',  ( -1.172864355864535983E-16, -0.9577164262227588765, 5.300000000000003375 ) ) ;
#3685 = DIRECTION ( 'NONE',  ( 0.000000000000000000, 1.000000000000000000, 1.132070143937708118E-16 ) ) ;
#3686 = ORIENTED_EDGE ( 'NONE', *, *, #2535, .F. ) ;
#3687 = CARTESIAN_POINT ( 'NONE',  ( 1.105875672974077295, -6.080763985432811593E-15, -3.281249999999997335 ) ) ;
#3688 = CARTESIAN_POINT ( 'NONE',  ( -0.7216878364870352724, -1.250000000000009770, -2.306249999999995914 ) ) ;
#3689 = CARTESIAN_POINT ( 'NONE',  ( -1.105875672974064861, -6.468574098567446112E-15, 6.481250000000002842 ) ) ;
#3690 = CARTESIAN_POINT ( 'NONE',  ( -0.7357503364870349172, 1.274356964481435650, 5.773437500000002665 ) ) ;
#3691 = VERTEX_POINT ( 'NONE', #401 ) ;
#3692 = B_SPLINE_CURVE_WITH_KNOTS ( 'NONE', 3,
 ( #524, #3104, #4570, #1269 ),
 .UNSPECIFIED., .F., .F.,
 ( 4, 4 ),
 ( 0.01330626963465530652, 0.01437404426246731773 ),
 .UNSPECIFIED. ) ;
#3693 = CARTESIAN_POINT ( 'NONE',  ( -0.5529378364870384255, 0.9577164262227573222, -0.8812499999999978684 ) ) ;
#3694 = CARTESIAN_POINT ( 'NONE',  ( 0.8294067547305490340, 0.4788582131113688911, 4.550000000000003375 ) ) ;
#3695 = CARTESIAN_POINT ( 'NONE',  ( -1.105875672974077295, -5.741016182348247469E-15, -2.156249999999997335 ) ) ;
#3696 = CARTESIAN_POINT ( 'NONE',  ( -0.5529378364870322082, 0.9577164262227458869, 7.812500000000002665 ) ) ;
#3697 = CARTESIAN_POINT ( 'NONE',  ( 1.105875672974064861, -6.739435519199968560E-15, 6.256250000000002309 ) ) ;
#3698 = CARTESIAN_POINT ( 'NONE',  ( -1.103625504730554763, -0.6371784822407277060, -1.457812499999997735 ) ) ;
#3699 = CARTESIAN_POINT ( 'NONE',  ( 3.121274355046670330E-16, 1.274356964481435650, 3.457812500000004174 ) ) ;
#3700 = CARTESIAN_POINT ( 'NONE',  ( 1.105875672974077073, -6.053209432451996342E-15, -2.831249999999998046 ) ) ;
#3701 = CARTESIAN_POINT ( 'NONE',  ( 1.530808498934190338E-16, -1.249999999999999112, -3.899999999999999911 ) ) ;
#3702 = CARTESIAN_POINT ( 'NONE',  ( -1.172864355864535983E-16, -0.9577164262227588765, 3.443750000000003197 ) ) ;
#3703 = CARTESIAN_POINT ( 'NONE',  ( -2.249999999999999112, 0.7258267716362936106, 7.911844824867576342 ) ) ;
#3704 = CARTESIAN_POINT ( 'NONE',  ( 2.249999999999998668, 3.707104213746224570E-14, 7.974019237887008948 ) ) ;
#3705 = EDGE_CURVE ( 'NONE', #4158, #248, #4090, .T. ) ;
#3706 = CYLINDRICAL_SURFACE ( 'NONE', #1517, 1.250000000000000444 ) ;
#3707 = ORIENTED_EDGE ( 'NONE', *, *, #2734, .F. ) ;
#3708 = CARTESIAN_POINT ( 'NONE',  ( -1.105875672974077295, -5.796125288309877181E-15, -3.056249999999997691 ) ) ;
#3709 = CYLINDRICAL_SURFACE ( 'NONE', #1806, 1.249999999999998890 ) ;
#3710 = CARTESIAN_POINT ( 'NONE',  ( -1.105875672974064861, -6.468574098567446112E-15, 5.131250000000002309 ) ) ;
#3711 = CARTESIAN_POINT ( 'NONE',  ( -1.560637177523335658E-16, -1.274356964481448751, 5.960937500000001776 ) ) ;
#3712 = VERTEX_POINT ( 'NONE', #2697 ) ;
#3713 = CARTESIAN_POINT ( 'NONE',  ( 1.443375672974070545, -6.801433263406804649E-15, 4.287500000000002309 ) ) ;
#3714 = CLOSED_SHELL ( 'NONE', ( #3666, #4666, #4379, #3156, #3126, #1314, #1263, #588, #1850, #876, #264, #3884, #2207, #1114, #2452, #848, #557, #375, #4267, #3993, #2939, #3566, #2297, #12, #2357, #3373, #249, #2482, #4160, #4685, #1461, #4521, #2915, #1982, #4501, #3470, #2069, #2743, #3266, #972, #1383, #2170, #2881, #3480, #400, #4324, #2125, #49, #1162, #315, #1972, #4234, #347, #759, #206, #2713, #2422, #3857, #141, #263, #4710, #497, #2268, #2208, #3002, #1003, #3441, #1204, #496, #1872, #3823, #597, #4082, #3351 ) ) ;
#3715 = CARTESIAN_POINT ( 'NONE',  ( 1.105875672974064861, -6.739435519199968560E-15, 4.512500000000004619 ) ) ;
#3716 = CARTESIAN_POINT ( 'NONE',  ( -0.5529378364870384255, 0.9577164262227573222, -0.4312499999999980793 ) ) ;
#3717 = CARTESIAN_POINT ( 'NONE',  ( -1.105875672974064861, -6.468574098567446112E-15, 7.887500000000003730 ) ) ;
#3718 = CARTESIAN_POINT ( 'NONE',  ( -0.5529378364870326523, -0.9577164262227586544, 7.906250000000000888 ) ) ;
#3719 = ORIENTED_EDGE ( 'NONE', *, *, #4168, .T. ) ;
#3720 = CARTESIAN_POINT ( 'NONE',  ( -0.5529378364870388696, -0.9577164262227687574, -3.037499999999998757 ) ) ;
#3721 = CARTESIAN_POINT ( 'NONE',  ( 0.000000000000000000, 1.250000000000000222, -3.899999999999999911 ) ) ;
#3722 = CARTESIAN_POINT ( 'NONE',  ( -1.103625504730552542, -0.6371784822407272619, 4.507812500000004441 ) ) ;
#3723 = CARTESIAN_POINT ( 'NONE',  ( 0.8294067547305582488, 0.4788582131113749418, -3.693749999999997868 ) ) ;
#3724 = CARTESIAN_POINT ( 'NONE',  ( 0.1341067189834015128, -2.520649661048111945, 0.1838936497272628534 ) ) ;
#3725 = CARTESIAN_POINT ( 'NONE',  ( 0.5529378364870329854, 0.9577164262227455538, 4.531250000000002665 ) ) ;
#3726 = LINE ( 'NONE', #2934, #578 ) ;
#3727 = CARTESIAN_POINT ( 'NONE',  ( 0.7216878364870380480, 1.249999999999994005, -1.687500000000001332 ) ) ;
#3728 = VECTOR ( 'NONE', #2534, 1000.000000000000000 ) ;
#3729 = CARTESIAN_POINT ( 'NONE',  ( 0.05288457376931975096, 1.009147841130318746, 3.200000000000001954 ) ) ;
#3730 = CYLINDRICAL_SURFACE ( 'NONE', #1677, 0.3825000000000000067 ) ;
#3731 = VERTEX_POINT ( 'NONE', #1601 ) ;
#3732 = EDGE_CURVE ( 'NONE', #112, #1486, #3914, .T. ) ;
#3733 = CARTESIAN_POINT ( 'NONE',  ( -0.5529378364870384255, 0.9577164262227572111, -1.781249999999998224 ) ) ;
#3734 = CARTESIAN_POINT ( 'NONE',  ( -1.082531754730552853, 0.6249999999999963363, 6.275000000000001243 ) ) ;
#3735 = CARTESIAN_POINT ( 'NONE',  ( 0.5529378364870329854, 0.9577164262227455538, 4.981250000000002842 ) ) ;
#3736 = CARTESIAN_POINT ( 'NONE',  ( -0.7357503364870349172, 1.274356964481435650, 3.073437500000002487 ) ) ;
#3737 = EDGE_LOOP ( 'NONE', ( #4192, #3843, #2376, #2120 ) ) ;
#3738 = CARTESIAN_POINT ( 'NONE',  ( -0.7216878364870359386, 1.249999999999996669, -2.062500000000000444 ) ) ;
#3739 = CARTESIAN_POINT ( 'NONE',  ( 0.8294067547305484789, -0.4788582131113831575, 4.025000000000003020 ) ) ;
#3740 = CARTESIAN_POINT ( 'NONE',  ( -0.8294067547305580268, -0.4788582131113870988, -1.218749999999998002 ) ) ;
#3741 = CARTESIAN_POINT ( 'NONE',  ( 1.105875672974064861, -6.739435519199968560E-15, 5.862500000000003375 ) ) ;
#3742 = CARTESIAN_POINT ( 'NONE',  ( -0.8294067547305487009, 0.4788582131113697238, 6.893750000000002487 ) ) ;
#3743 = EDGE_LOOP ( 'NONE', ( #1300, #4211, #3838, #4623 ) ) ;
#3744 = CARTESIAN_POINT ( 'NONE',  ( 0.000000000000000000, 1.274356964481438759, -1.157812499999997913 ) ) ;
#3745 = DIRECTION ( 'NONE',  ( 1.000000000000000000, 0.000000000000000000, 0.000000000000000000 ) ) ;
#3746 = CARTESIAN_POINT ( 'NONE',  ( 1.105875672974064861, -6.739435519199968560E-15, 8.562500000000003553 ) ) ;
#3747 = CARTESIAN_POINT ( 'NONE',  ( -1.172864355864549048E-16, -0.9577164262227690905, -3.393749999999998046 ) ) ;
#3748 = FACE_OUTER_BOUND ( 'NONE', #3525, .T. ) ;
#3750 = CARTESIAN_POINT ( 'NONE',  ( 0.5529378364870320972, -0.9577164262227590985, 4.381250000000003197 ) ) ;
#3749 = CONICAL_SURFACE ( 'NONE', #2905, 1.580000000000000071, 0.7853981633974500554 ) ;
#3751 = CARTESIAN_POINT ( 'NONE',  ( -1.439628572465430745, -1.766906267507325046, 7.961077762676608494 ) ) ;
#3752 = CARTESIAN_POINT ( 'NONE',  ( 2.249999999999998668, -1.078201627711823596, 0.1674308549307519933 ) ) ;
#3753 = CARTESIAN_POINT ( 'NONE',  ( 1.056094350624063427, -0.2163918266054963291, -0.5322549099613971268 ) ) ;
#3754 = CARTESIAN_POINT ( 'NONE',  ( -1.530808498934197980E-16, -1.250000000000011990, 7.268750000000004263 ) ) ;
#3755 = ORIENTED_EDGE ( 'NONE', *, *, #2969, .F. ) ;
#3756 = CARTESIAN_POINT ( 'NONE',  ( -1.172864355864549048E-16, -0.9577164262227689795, -2.043749999999997957 ) ) ;
#3757 =( BOUNDED_CURVE ( )  B_SPLINE_CURVE ( 2, ( #1658, #239, #942, #1324, #3110, #1684, #2803 ),
 .UNSPECIFIED., .F., .T. ) 
 B_SPLINE_CURVE_WITH_KNOTS ( ( 3, 2, 2, 3 ),
 ( 0.6282051282051281937, 0.6410256410256409687, 0.6538461538461537437, 0.6666666666666666297 ),
 .UNSPECIFIED. ) 
 CURVE ( )  GEOMETRIC_REPRESENTATION_ITEM ( )  RATIONAL_B_SPLINE_CURVE ( ( 1.000000000000000000, 0.8660254037844387076, 1.000000000000000000, 0.8660254037844387076, 1.000000000000000000, 0.8660254037844387076, 1.000000000000000000 ) ) 
 REPRESENTATION_ITEM ( '' )  );
#3758 = CARTESIAN_POINT ( 'NONE',  ( -1.443375672974070545, -6.447908183831835661E-15, 6.256250000000004974 ) ) ;
#3759 = CARTESIAN_POINT ( 'NONE',  ( 2.345728711729071966E-16, 0.9577164262227458869, 3.218750000000002665 ) ) ;
#3760 = CARTESIAN_POINT ( 'NONE',  ( 0.7357503364870358054, 1.274356964481435206, 3.448437500000001599 ) ) ;
#3761 = VERTEX_POINT ( 'NONE', #1625 ) ;
#3762 = CARTESIAN_POINT ( 'NONE',  ( -1.105875672974077073, -5.685907076386616179E-15, -1.256249999999997868 ) ) ;
#3763 = CARTESIAN_POINT ( 'NONE',  ( 1.105875672974064861, -6.739435519199968560E-15, 4.062500000000003553 ) ) ;
#3764 = AXIS2_PLACEMENT_3D ( 'NONE', #755, #2644, #2280 ) ;
#3765 = CARTESIAN_POINT ( 'NONE',  ( -0.8294067547305488119, -0.4788582131113825469, 5.675000000000003375 ) ) ;
#3766 = CARTESIAN_POINT ( 'NONE',  ( -1.172864355864535983E-16, -0.9577164262227588765, 3.443750000000003197 ) ) ;
#3767 = EDGE_CURVE ( 'NONE', #1536, #820, #4596, .T. ) ;
#3768 = EDGE_CURVE ( 'NONE', #3867, #1812, #2361, .T. ) ;
#3769 = ORIENTED_EDGE ( 'NONE', *, *, #205, .T. ) ;
#3770 = CARTESIAN_POINT ( 'NONE',  ( -1.105875672974077295, -5.854678713394110476E-15, -4.012499999999998401 ) ) ;
#3771 = DIRECTION ( 'NONE',  ( -0.000000000000000000, 9.875224244405043999E-17, -1.000000000000000000 ) ) ;
#3772 = CARTESIAN_POINT ( 'NONE',  ( -0.5529378364870326523, -0.9577164262227586544, 8.412500000000003197 ) ) ;
#3773 = DESIGN_CONTEXT ( 'detailed design', #1765, 'design' ) ;
#3774 = CARTESIAN_POINT ( 'NONE',  ( 0.8294067547305576937, -0.4788582131113877649, -2.418749999999997957 ) ) ;
#3775 = CARTESIAN_POINT ( 'NONE',  ( 2.249999999999999112, 0.3654769523190590785, 0.03911871921060256635 ) ) ;
#3776 = CARTESIAN_POINT ( 'NONE',  ( 0.000000000000000000, 1.249999999999998890, -1.200000000000000622 ) ) ;
#3777 = CARTESIAN_POINT ( 'NONE',  ( 0.000000000000000000, 1.249999999999998668, -2.550000000000000711 ) ) ;
#3778 = CARTESIAN_POINT ( 'NONE',  ( -1.082531754730552853, 0.6249999999999963363, 4.925000000000001599 ) ) ;
#3779 = CARTESIAN_POINT ( 'NONE',  ( -0.6003563568979973786, 0.9051814081651512467, 3.200000000000000178 ) ) ;
#3780 = CARTESIAN_POINT ( 'NONE',  ( 0.000000000000000000, -4.336808689942017736E-15, 0.000000000000000000 ) ) ;
#3781 = ORIENTED_EDGE ( 'NONE', *, *, #346, .T. ) ;
#3782 = APPROVAL ( #2846, 'UNSPECIFIED' ) ;
#3783 = CARTESIAN_POINT ( 'NONE',  ( -0.09915677328049850303, -1.083948711728530245, -0.2455320626159963604 ) ) ;
#3784 = CARTESIAN_POINT ( 'NONE',  ( 0.000000000000000000, 1.249999999999998890, -2.493749999999995914 ) ) ;
#3785 = LINE ( 'NONE', #4508, #2826 ) ;
#3786 = CARTESIAN_POINT ( 'NONE',  ( -1.560637177523335658E-16, -1.274356964481448751, 3.710937500000002220 ) ) ;
#3787 = ORIENTED_EDGE ( 'NONE', *, *, #105, .T. ) ;
#3788 =( BOUNDED_CURVE ( )  B_SPLINE_CURVE ( 2, ( #2695, #2770, #909, #2022, #4523, #3103, #106 ),
 .UNSPECIFIED., .F., .T. ) 
 B_SPLINE_CURVE_WITH_KNOTS ( ( 3, 2, 2, 3 ),
 ( 0.3076923076923077094, 0.3205128205128205399, 0.3333333333333333148, 0.3461538461538461453 ),
 .UNSPECIFIED. ) 
 CURVE ( )  GEOMETRIC_REPRESENTATION_ITEM ( )  RATIONAL_B_SPLINE_CURVE ( ( 1.000000000000000000, 0.8660254037844387076, 1.000000000000000000, 0.8660254037844387076, 1.000000000000000000, 0.8660254037844387076, 1.000000000000000000 ) ) 
 REPRESENTATION_ITEM ( '' )  );
#3789 = CARTESIAN_POINT ( 'NONE',  ( -1.105875672974077073, -5.713461629367431429E-15, -1.706249999999998046 ) ) ;
#3790 = CARTESIAN_POINT ( 'NONE',  ( -0.5529378364870323193, 0.9577164262227461089, 3.312500000000003997 ) ) ;
#3791 = CARTESIAN_POINT ( 'NONE',  ( -0.8294067547305488119, -0.4788582131113825469, 4.775000000000003020 ) ) ;
#3792 = CARTESIAN_POINT ( 'NONE',  ( -0.5529378364870326523, -0.9577164262227586544, 4.756250000000002309 ) ) ;
#3793 = ORIENTED_EDGE ( 'NONE', *, *, #79, .F. ) ;
#3794 = CARTESIAN_POINT ( 'NONE',  ( -0.8294067547305579158, 0.4788582131113758300, -2.699999999999998401 ) ) ;
#3795 = EDGE_CURVE ( 'NONE', #4094, #1727, #2492, .T. ) ;
#3796 = CARTESIAN_POINT ( 'NONE',  ( 2.058749999999998970, -1.409456344659174132, -6.873863542433758411 ) ) ;
#3797 = CARTESIAN_POINT ( 'NONE',  ( 0.5529378364870320972, -0.9577164262227589875, 8.037500000000003197 ) ) ;
#3798 = DIRECTION ( 'NONE',  ( 1.000000000000000000, 0.000000000000000000, 0.000000000000000000 ) ) ;
#3799 = CARTESIAN_POINT ( 'NONE',  ( -0.1340913449730387341, -2.520658537237137065, 0.1838980789322551823 ) ) ;
#3800 = LINE ( 'NONE', #1999, #2133 ) ;
#3801 = LINE ( 'NONE', #499, #2123 ) ;
#3802 = CARTESIAN_POINT ( 'NONE',  ( 0.000000000000000000, 1.249999999999998890, -1.143749999999996270 ) ) ;
#3803 = CARTESIAN_POINT ( 'NONE',  ( 0.8294067547305490340, 0.4788582131113688911, 3.650000000000003908 ) ) ;
#3804 = CARTESIAN_POINT ( 'NONE',  ( -1.443413851512607371, 1.764720835630474216, 7.973803626818031454 ) ) ;
#3805 = ORIENTED_EDGE ( 'NONE', *, *, #2471, .F. ) ;
#3806 = CARTESIAN_POINT ( 'NONE',  ( 0.000000000000000000, 0.9577164262227573222, -0.9187499999999981792 ) ) ;
#3807 = DIRECTION ( 'NONE',  ( -0.000000000000000000, 9.875224244405043999E-17, -1.000000000000000000 ) ) ;
#3808 = AXIS2_PLACEMENT_3D ( 'NONE', #2082, #4161, #2366 ) ;
#3809 = FACE_OUTER_BOUND ( 'NONE', #484, .T. ) ;
#3810 = CARTESIAN_POINT ( 'NONE',  ( 2.345728711729071966E-16, 0.9577164262227458869, 4.118750000000003020 ) ) ;
#3811 = CARTESIAN_POINT ( 'NONE',  ( 1.530808498934192064E-16, -1.250000000000000666, -3.899999999999999911 ) ) ;
#3812 = EDGE_LOOP ( 'NONE', ( #1152, #1516, #4715, #1390, #4019, #1031, #1359, #2544, #11, #3805, #2011, #4117, #1559, #3193, #3793, #1959, #535, #1774, #2684, #2152, #528, #2725, #4352, #4044, #4457 ) ) ;
#3813 = FACE_OUTER_BOUND ( 'NONE', #666, .T. ) ;
#3814 = CARTESIAN_POINT ( 'NONE',  ( -0.7216878364870378260, -1.250000000000005773, -2.812500000000000444 ) ) ;
#3815 = CARTESIAN_POINT ( 'NONE',  ( 0.5529378364870329854, 0.9577164262227455538, 5.487500000000002487 ) ) ;
#3816 = CARTESIAN_POINT ( 'NONE',  ( 0.8294067547305490340, 0.4788582131113688911, 5.393750000000002487 ) ) ;
#3817 = VERTEX_POINT ( 'NONE', #3802 ) ;
#3818 = CARTESIAN_POINT ( 'NONE',  ( 1.105875672974077295, -5.946435539651334978E-15, -1.087499999999998579 ) ) ;
#3819 = DIRECTION ( 'NONE',  ( -0.000000000000000000, -0.000000000000000000, -1.000000000000000000 ) ) ;
#3820 = CARTESIAN_POINT ( 'NONE',  ( -0.8294067547305488119, -0.4788582131113825469, 6.575000000000003730 ) ) ;
#3821 = CYLINDRICAL_SURFACE ( 'NONE', #810, 1.250000000000000444 ) ;
#3822 = DIRECTION ( 'NONE',  ( -0.000000000000000000, 9.875224244405043999E-17, -1.000000000000000000 ) ) ;
#3823 = ADVANCED_FACE ( 'NONE', ( #3105 ), #798, .T. ) ;
#3824 = CARTESIAN_POINT ( 'NONE',  ( -1.249937498436453520, -0.01250000004220803984, -0.6367499999990497983 ) ) ;
#3825 = CARTESIAN_POINT ( 'NONE',  ( 0.000000000000000000, 0.9577164262227569891, -0.2249999999999998668 ) ) ;
#3826 = CARTESIAN_POINT ( 'NONE',  ( -1.471500672974069834, -6.446186024270533869E-15, 8.070312500000005329 ) ) ;
#3827 = DIRECTION ( 'NONE',  ( -0.000000000000000000, 9.875224244405043999E-17, -1.000000000000000000 ) ) ;
#3828 = DIRECTION ( 'NONE',  ( -1.000000000000000000, 0.000000000000000000, 0.000000000000000000 ) ) ;
#3829 = EDGE_CURVE ( 'NONE', #404, #1043, #3916, .T. ) ;
#3830 = EDGE_LOOP ( 'NONE', ( #643, #1001, #4219, #3012 ) ) ;
#3831 = EDGE_CURVE ( 'NONE', #940, #721, #4455, .T. ) ;
#3832 = CARTESIAN_POINT ( 'NONE',  ( 0.8294067547305576937, -0.4788582131113877094, -1.068749999999998090 ) ) ;
#3833 = CYLINDRICAL_SURFACE ( 'NONE', #2431, 0.3825000000000000067 ) ;
#3834 = CARTESIAN_POINT ( 'NONE',  ( -1.471500672974072721, -5.679879517922063459E-15, -1.523437499999999112 ) ) ;
#3835 = VECTOR ( 'NONE', #3181, 1000.000000000000000 ) ;
#3836 = CARTESIAN_POINT ( 'NONE',  ( 0.7216878364870360496, 1.249999999999998446, 6.106250000000004619 ) ) ;
#3837 = CARTESIAN_POINT ( 'NONE',  ( 0.06687076361143780290, -2.538958566004968276, 7.807193742990294005 ) ) ;
#3838 = ORIENTED_EDGE ( 'NONE', *, *, #1852, .T. ) ;
#3839 = CARTESIAN_POINT ( 'NONE',  ( -1.105875672974077295, -5.827124160413295225E-15, -3.562499999999998224 ) ) ;
#3840 = CARTESIAN_POINT ( 'NONE',  ( -0.7216878364870352724, -1.250000000000009770, -0.9562499999999959366 ) ) ;
#3841 = CARTESIAN_POINT ( 'NONE',  ( -1.172864355864535983E-16, -0.9577164262227588765, 3.500000000000003997 ) ) ;
#3842 = CARTESIAN_POINT ( 'NONE',  ( 2.345728711729071966E-16, 0.9577164262227458869, 3.668750000000002842 ) ) ;
#3843 = ORIENTED_EDGE ( 'NONE', *, *, #1409, .T. ) ;
#3844 = CARTESIAN_POINT ( 'NONE',  ( -0.5529378364870384255, 0.9577164262227572111, -2.737499999999998934 ) ) ;
#3845 = CARTESIAN_POINT ( 'NONE',  ( 2.249999999999998668, 1.144185005067752448, 7.816106350270123571 ) ) ;
#3846 = CARTESIAN_POINT ( 'NONE',  ( -0.8294067547305488119, -0.4788582131113825469, 8.375000000000003553 ) ) ;
#3847 = DIRECTION ( 'NONE',  ( -1.000000000000000000, -1.669238443041288662E-16, 0.000000000000000000 ) ) ;
#3848 = DIRECTION ( 'NONE',  ( 0.000000000000000000, 1.000000000000000000, 0.000000000000000000 ) ) ;
#3849 = CARTESIAN_POINT ( 'NONE',  ( 1.443375672974069657, -6.022210560348575931E-15, -1.312500000000000222 ) ) ;
#3850 = CARTESIAN_POINT ( 'NONE',  ( 0.000000000000000000, -5.110246674302018009E-16, 0.000000000000000000 ) ) ;
#3851 = CARTESIAN_POINT ( 'NONE',  ( 3.121274355046670330E-16, 1.274356964481435650, 8.857812500000004974 ) ) ;
#3852 = FACE_OUTER_BOUND ( 'NONE', #2338, .T. ) ;
#3853 = LINE ( 'NONE', #1628, #915 ) ;
#3854 = VERTEX_POINT ( 'NONE', #2239 ) ;
#3855 = CARTESIAN_POINT ( 'NONE',  ( -0.8294067547305579158, 0.4788582131113758855, -1.293749999999997957 ) ) ;
#3856 = CARTESIAN_POINT ( 'NONE',  ( 3.061616997868395960E-16, 1.249999999999998890, 5.243750000000004796 ) ) ;
#3857 = ADVANCED_FACE ( 'NONE', ( #134 ), #989, .F. ) ;
#3858 = CARTESIAN_POINT ( 'NONE',  ( -1.103625504730554763, -0.6371784822407278170, -1.485937499999999023 ) ) ;
#3859 = CARTESIAN_POINT ( 'NONE',  ( -1.246348935730574370, -0.08311117783519830771, 7.668412651086252474 ) ) ;
#3860 = CARTESIAN_POINT ( 'NONE',  ( 0.7216878364870348284, -1.250000000000012434, 5.112500000000002487 ) ) ;
#3861 = FACE_OUTER_BOUND ( 'NONE', #3234, .T. ) ;
#3862 = EDGE_LOOP ( 'NONE', ( #4248, #226, #928, #2864, #971, #4292 ) ) ;
#3863 = DIRECTION ( 'NONE',  ( -0.5000000000000003331, -0.8660254037844384856, 0.000000000000000000 ) ) ;
#3864 = CARTESIAN_POINT ( 'NONE',  ( 0.5156187080576400961, -1.064659904287262870, 3.200000000000001066 ) ) ;
#3865 = CARTESIAN_POINT ( 'NONE',  ( 1.105875672974064861, -6.739435519199968560E-15, 4.962500000000003020 ) ) ;
#3866 = CARTESIAN_POINT ( 'NONE',  ( -0.8294067547305487009, 0.4788582131113697238, 4.193750000000003197 ) ) ;
#3867 = VERTEX_POINT ( 'NONE', #4525 ) ;
#3868 = CARTESIAN_POINT ( 'NONE',  ( -0.8294067547305580268, -0.4788582131113870988, -1.274999999999998801 ) ) ;
#3869 = DIRECTION ( 'NONE',  ( -0.000000000000000000, 9.875224244405043999E-17, -1.000000000000000000 ) ) ;
#3870 = CARTESIAN_POINT ( 'NONE',  ( -1.105875672974064861, -6.468574098567446112E-15, 7.887500000000003730 ) ) ;
#3871 = CARTESIAN_POINT ( 'NONE',  ( 3.061616997868395960E-16, 1.249999999999998890, 7.493750000000004796 ) ) ;
#3872 = CARTESIAN_POINT ( 'NONE',  ( 1.530808498934192064E-16, -1.250000000000000666, -3.899999999999999911 ) ) ;
#3873 = CARTESIAN_POINT ( 'NONE',  ( -1.530808498934198227E-16, -1.250000000000011990, 6.875000000000000888 ) ) ;
#3874 = CARTESIAN_POINT ( 'NONE',  ( 0.000000000000000000, 1.250000000000000222, -3.899999999999999911 ) ) ;
#3875 = CARTESIAN_POINT ( 'NONE',  ( -0.06750202539833129178, 2.538847684389566428, 0.1927518840764771979 ) ) ;
#3876 = DIRECTION ( 'NONE',  ( 1.000000000000000000, 0.000000000000000000, 0.000000000000000000 ) ) ;
#3877 = ORIENTED_EDGE ( 'NONE', *, *, #1614, .T. ) ;
#3878 = CARTESIAN_POINT ( 'NONE',  ( 0.4967532692869262578, -2.311275577609682941, 0.07941634923340122609 ) ) ;
#3879 = CYLINDRICAL_SURFACE ( 'NONE', #2507, 1.249999999999998890 ) ;
#3880 = CARTESIAN_POINT ( 'NONE',  ( 0.7357503364870370266, 1.274356964481438315, -2.123437499999999201 ) ) ;
#3881 = CARTESIAN_POINT ( 'NONE',  ( -1.530808498934196994E-16, -1.250000000000010436, -3.675000000000000266 ) ) ;
#3882 = CARTESIAN_POINT ( 'NONE',  ( -0.5529378364870384255, 0.9577164262227571001, -2.737499999999998934 ) ) ;
#3883 = ORIENTED_EDGE ( 'NONE', *, *, #4650, .F. ) ;
#3884 = ADVANCED_FACE ( 'NONE', ( #3081 ), #1602, .F. ) ;
#3885 = CARTESIAN_POINT ( 'NONE',  ( -0.8294067547305579158, 0.4788582131113758300, -2.699999999999998401 ) ) ;
#3886 = CARTESIAN_POINT ( 'NONE',  ( -1.082531754730552409, -0.6250000000000076605, -0.9937499999999963585 ) ) ;
#3887 = CARTESIAN_POINT ( 'NONE',  ( 2.345728711729071966E-16, 0.9577164262227458869, 5.525000000000003908 ) ) ;
#3888 = CARTESIAN_POINT ( 'NONE',  ( -1.471500672974070056, -6.446186024270533869E-15, 6.748437500000001421 ) ) ;
#3889 = AXIS2_PLACEMENT_3D ( 'NONE', #4091, #4041, #4065 ) ;
#3890 = ORIENTED_EDGE ( 'NONE', *, *, #3060, .F. ) ;
#3891 = CARTESIAN_POINT ( 'NONE',  ( -1.172864355864549048E-16, -0.9577164262227689795, -1.649999999999998579 ) ) ;
#3892 = CARTESIAN_POINT ( 'NONE',  ( 0.000000000000000000, 0.9577164262227571001, -4.068749999999997868 ) ) ;
#3893 = CARTESIAN_POINT ( 'NONE',  ( -0.8294067547305488119, -0.4788582131113825469, 6.575000000000003730 ) ) ;
#3894 = CARTESIAN_POINT ( 'NONE',  ( -1.530808498934197980E-16, -1.250000000000011990, 5.018750000000005151 ) ) ;
#3895 = CARTESIAN_POINT ( 'NONE',  ( 1.471500672974069834, -6.806599742090707656E-15, 8.295312500000004974 ) ) ;
#3896 = CARTESIAN_POINT ( 'NONE',  ( 0.8378892762534595473, -0.7249191365709846124, -0.5497695672252703725 ) ) ;
#3897 = EDGE_LOOP ( 'NONE', ( #4694, #4645 ) ) ;
#3898 = VERTEX_POINT ( 'NONE', #1150 ) ;
#3899 = CARTESIAN_POINT ( 'NONE',  ( 0.8294067547305490340, 0.4788582131113688911, 5.843750000000002665 ) ) ;
#3900 = FACE_OUTER_BOUND ( 'NONE', #3022, .T. ) ;
#3901 = CARTESIAN_POINT ( 'NONE',  ( -1.103625504730554763, -0.6371784822407279281, -3.285937499999998845 ) ) ;
#3902 = CARTESIAN_POINT ( 'NONE',  ( 1.443375672974070545, -6.801433263406804649E-15, 6.031250000000003553 ) ) ;
#3903 = CARTESIAN_POINT ( 'NONE',  ( 0.5529378364870390916, 0.9577164262227568781, -1.912499999999998757 ) ) ;
#3904 = DIRECTION ( 'NONE',  ( -0.000000000000000000, 9.875224244405043999E-17, -1.000000000000000000 ) ) ;
#3905 = ORIENTED_EDGE ( 'NONE', *, *, #3229, .F. ) ;
#3906 = CARTESIAN_POINT ( 'NONE',  ( -1.443375672974069657, -5.710017310244831002E-15, -1.987500000000000488 ) ) ;
#3907 = CARTESIAN_POINT ( 'NONE',  ( 0.1912500000000081635, 2.487657972370792780, 0.1674308549307028660 ) ) ;
#3908 = AXIS2_PLACEMENT_3D ( 'NONE', #2410, #1342, #1626 ) ;
#3909 = CARTESIAN_POINT ( 'NONE',  ( -1.105875672974064861, -6.468574098567446112E-15, 7.831250000000003375 ) ) ;
#3910 = CARTESIAN_POINT ( 'NONE',  ( 0.7357503364870344731, -1.274356964481448973, 6.448437500000001599 ) ) ;
#3911 = B_SPLINE_CURVE_WITH_KNOTS ( 'NONE', 3,
 ( #998, #3995, #4703, #4337, #4749, #1808 ),
 .UNSPECIFIED., .F., .F.,
 ( 4, 2, 4 ),
 ( 0.0001404170200236728452, 0.0004190770897859796623, 0.0006977371595482866149 ),
 .UNSPECIFIED. ) ;
#3912 = ORIENTED_EDGE ( 'NONE', *, *, #2733, .F. ) ;
#3913 = CARTESIAN_POINT ( 'NONE',  ( -0.5299864200670950654, -0.7977061787408785687, -0.3422087487816384832 ) ) ;
#3914 =( BOUNDED_CURVE ( )  B_SPLINE_CURVE ( 2, ( #3080, #2722, #4155, #1222, #3159, #3514, #1651 ),
 .UNSPECIFIED., .F., .F. ) 
 B_SPLINE_CURVE_WITH_KNOTS ( ( 3, 2, 2, 3 ),
 ( 0.8846153846153845812, 0.8974358974358974672, 0.9102564102564102422, 0.9230769230769231282 ),
 .UNSPECIFIED. ) 
 CURVE ( )  GEOMETRIC_REPRESENTATION_ITEM ( )  RATIONAL_B_SPLINE_CURVE ( ( 1.000000000000000000, 0.8660254037844387076, 1.000000000000000000, 0.8660254037844387076, 1.000000000000000000, 0.8660254037844387076, 1.000000000000000000 ) ) 
 REPRESENTATION_ITEM ( '' )  );
#3915 = CARTESIAN_POINT ( 'NONE',  ( 1.448409885672697117E-16, -1.182716426222758299, -0.2250000000000000056 ) ) ;
#3916 = B_SPLINE_CURVE_WITH_KNOTS ( 'NONE', 3,
 ( #34, #3729, #2287, #3779, #3416, #4548, #402, #3442, #1557, #1581 ),
 .UNSPECIFIED., .F., .F.,
 ( 4, 2, 2, 2, 4 ),
 ( 0.000000000000000000, 0.0006536116134849622806, 0.001307223226969924561, 0.001960834840454886950, 0.002614446453939849122 ),
 .UNSPECIFIED. ) ;
#3917 = EDGE_CURVE ( 'NONE', #1398, #2500, #3339, .T. ) ;
#3918 = CARTESIAN_POINT ( 'NONE',  ( 3.061616997868395960E-16, 1.249999999999998890, 7.493750000000004796 ) ) ;
#3919 = CARTESIAN_POINT ( 'NONE',  ( -0.7216878364870346063, 1.249999999999998224, -2.906249999999996003 ) ) ;
#3920 = DIRECTION ( 'NONE',  ( 0.000000000000000000, 1.000000000000000000, 0.000000000000000000 ) ) ;
#3921 = CARTESIAN_POINT ( 'NONE',  ( -1.471500672974069834, -6.446186024270533869E-15, 5.820312500000004441 ) ) ;
#3922 = ORIENTED_EDGE ( 'NONE', *, *, #1004, .T. ) ;
#3923 = ORIENTED_EDGE ( 'NONE', *, *, #4683, .T. ) ;
#3924 = B_SPLINE_CURVE_WITH_KNOTS ( 'NONE', 3,
 ( #3030, #809, #4499, #32, #3751, #834, #7, #4763 ),
 .UNSPECIFIED., .F., .F.,
 ( 4, 2, 2, 4 ),
 ( 0.0002272936175608565861, 0.001312383105340145977, 0.001854927849229790794, 0.002397472593119435395 ),
 .UNSPECIFIED. ) ;
#3925 = CARTESIAN_POINT ( 'NONE',  ( -0.8294067547305487009, 0.4788582131113697238, 5.093750000000002665 ) ) ;
#3926 = CARTESIAN_POINT ( 'NONE',  ( -0.7569965320405406262, 0.6315016254800397411, 7.403187325815996367 ) ) ;
#3927 = CARTESIAN_POINT ( 'NONE',  ( -0.9687711178739741857, -2.038755945665644553, 0.02587396801048753164 ) ) ;
#3928 = CARTESIAN_POINT ( 'NONE',  ( -0.5529378364870388696, -0.9577164262227687574, -1.687499999999998446 ) ) ;
#3929 = PLANE ( 'NONE',  #2378 ) ;
#3930 = PRODUCT_DEFINITION ( 'UNKNOWN', '', #4369, #3773 ) ;
#3931 = ORIENTED_EDGE ( 'NONE', *, *, #3917, .T. ) ;
#3932 = CARTESIAN_POINT ( 'NONE',  ( 0.5529378364870390916, 0.9577164262227571001, -0.5624999999999987788 ) ) ;
#3933 = CARTESIAN_POINT ( 'NONE',  ( -1.530808498934198227E-16, -1.250000000000011990, 5.975000000000001421 ) ) ;
#3934 = CARTESIAN_POINT ( 'NONE',  ( 1.105875672974064861, -6.739435519199968560E-15, 7.606250000000002842 ) ) ;
#3935 = CARTESIAN_POINT ( 'NONE',  ( -1.560637177523335658E-16, -1.274356964481448751, 7.760937500000001599 ) ) ;
#3936 = ORIENTED_EDGE ( 'NONE', *, *, #3831, .F. ) ;
#3937 = CARTESIAN_POINT ( 'NONE',  ( 0.5529378364870383145, -0.9577164262227690905, -2.906249999999997780 ) ) ;
#3938 = CARTESIAN_POINT ( 'NONE',  ( 0.5529378364870329854, 0.9577164262227455538, 8.637500000000002842 ) ) ;
#3939 = CARTESIAN_POINT ( 'NONE',  ( -0.7357503364870368046, -1.274356964481450083, -2.770312499999997957 ) ) ;
#3940 = EDGE_CURVE ( 'NONE', #4258, #4581, #3541, .T. ) ;
#3941 =( BOUNDED_CURVE ( )  B_SPLINE_CURVE ( 2, ( #4649, #1439, #712, #1346, #1013, #2867, #2490 ),
 .UNSPECIFIED., .F., .F. ) 
 B_SPLINE_CURVE_WITH_KNOTS ( ( 3, 2, 2, 3 ),
 ( 0.3846153846153846367, 0.3974358974358974117, 0.4102564102564102422, 0.4230769230769230727 ),
 .UNSPECIFIED. ) 
 CURVE ( )  GEOMETRIC_REPRESENTATION_ITEM ( )  RATIONAL_B_SPLINE_CURVE ( ( 1.000000000000000000, 0.8660254037844387076, 1.000000000000000000, 0.8660254037844387076, 1.000000000000000000, 0.8660254037844387076, 1.000000000000000000 ) ) 
 REPRESENTATION_ITEM ( '' )  );
#3942 = CARTESIAN_POINT ( 'NONE',  ( 1.580000000000000071, 1.269966188170055003E-15, 8.000000000000000000 ) ) ;
#3943 = CARTESIAN_POINT ( 'NONE',  ( 3.121274355046670330E-16, 1.274356964481435650, 5.257812500000003553 ) ) ;
#3944 = VERTEX_POINT ( 'NONE', #3515 ) ;
#3945 = APPLICATION_PROTOCOL_DEFINITION ( 'international standard', 'config_control_design', 1994, #1765 ) ;
#3946 = ORIENTED_EDGE ( 'NONE', *, *, #3673, .T. ) ;
#3947 = CARTESIAN_POINT ( 'NONE',  ( 0.5529378364870329854, 0.9577164262227455538, 6.331250000000002487 ) ) ;
#3948 = CARTESIAN_POINT ( 'NONE',  ( 0.8065861484873914078, 2.132393481399494473, 7.973803626818035006 ) ) ;
#3949 = CARTESIAN_POINT ( 'NONE',  ( 0.000000000000000000, 0.9577164262227573222, -1.424999999999998712 ) ) ;
#3950 = CARTESIAN_POINT ( 'NONE',  ( 2.249999999999998668, -1.078201627711648625, 7.832569145069291139 ) ) ;
#3951 = VERTEX_POINT ( 'NONE', #2723 ) ;
#3952 = CARTESIAN_POINT ( 'NONE',  ( -0.3145744750618094665, -0.9408255328532521000, -0.3219956757903427724 ) ) ;
#3953 = CARTESIAN_POINT ( 'NONE',  ( -1.249937498436453520, -0.01250000004220803984, -0.6367499999990497983 ) ) ;
#3954 = CARTESIAN_POINT ( 'NONE',  ( -0.8294067547305488119, -0.4788582131113825469, 7.418750000000002842 ) ) ;
#3955 = CARTESIAN_POINT ( 'NONE',  ( 3.121274355046671316E-16, 1.274356964481435872, 8.435937500000003197 ) ) ;
#3956 = ORIENTED_EDGE ( 'NONE', *, *, #4676, .T. ) ;
#3957 = CARTESIAN_POINT ( 'NONE',  ( -1.082531754730552187, 0.6249999999999966693, -0.6750000000000008216 ) ) ;
#3958 = CARTESIAN_POINT ( 'NONE',  ( 1.103625504730555207, 0.6371784822407153825, -3.482812499999997424 ) ) ;
#3959 = CARTESIAN_POINT ( 'NONE',  ( 0.8103714275345683671, -2.130208049522651415, 7.961077762676606717 ) ) ;
#3960 = CARTESIAN_POINT ( 'NONE',  ( 1.471500672974069834, -6.806599742090707656E-15, 7.395312500000004619 ) ) ;
#3961 = AXIS2_PLACEMENT_3D ( 'NONE', #3537, #4278, #3102 ) ;
#3962 = ORIENTED_EDGE ( 'NONE', *, *, #4052, .T. ) ;
#3963 = ORIENTED_EDGE ( 'NONE', *, *, #287, .T. ) ;
#3964 =( BOUNDED_CURVE ( )  B_SPLINE_CURVE ( 2, ( #3330, #4489, #2398, #4194, #4270, #3454, #898 ),
 .UNSPECIFIED., .F., .F. ) 
 B_SPLINE_CURVE_WITH_KNOTS ( ( 3, 2, 2, 3 ),
 ( 0.1666666666666666019, 0.1851851851851850916, 0.2037037037037035814, 0.2222222222222220711 ),
 .UNSPECIFIED. ) 
 CURVE ( )  GEOMETRIC_REPRESENTATION_ITEM ( )  RATIONAL_B_SPLINE_CURVE ( ( 1.000000000000000444, 0.8660254037844383745, 1.000000000000000000, 0.8660254037844387076, 1.000000000000000000, 0.8660254037844397068, 0.9999999999999990008 ) ) 
 REPRESENTATION_ITEM ( '' )  );
#3965 = CARTESIAN_POINT ( 'NONE',  ( 1.105875672974064861, -6.739435519199968560E-15, 6.706250000000002487 ) ) ;
#3966 = DIRECTION ( 'NONE',  ( 0.000000000000000000, 1.000000000000000000, 8.673617379884036705E-17 ) ) ;
#3967 = CARTESIAN_POINT ( 'NONE',  ( 1.103625504730554319, -0.6371784822407285942, -0.8859374999999991562 ) ) ;
#3968 = EDGE_CURVE ( 'NONE', #3502, #4443, #3517, .T. ) ;
#3969 = CARTESIAN_POINT ( 'NONE',  ( 0.8294067547305484789, -0.4788582131113831575, 4.025000000000003020 ) ) ;
#3970 = EDGE_CURVE ( 'NONE', #4158, #3712, #4572, .T. ) ;
#3971 = CARTESIAN_POINT ( 'NONE',  ( 0.000000000000000000, -1.258909218984051749E-16, -3.899999999999999911 ) ) ;
#3972 = ORIENTED_EDGE ( 'NONE', *, *, #3917, .F. ) ;
#3973 = CARTESIAN_POINT ( 'NONE',  ( -0.8294067547305580268, -0.4788582131113871543, -2.174999999999998490 ) ) ;
#3974 = CARTESIAN_POINT ( 'NONE',  ( -0.7216878364870357165, -1.250000000000011768, 5.937500000000000888 ) ) ;
#3975 = CARTESIAN_POINT ( 'NONE',  ( -0.5529378364870322082, 0.9577164262227458869, 7.306250000000003020 ) ) ;
#3976 = CARTESIAN_POINT ( 'NONE',  ( 0.7357503364870358054, 1.274356964481435206, 7.498437500000001421 ) ) ;
#3977 = ORIENTED_EDGE ( 'NONE', *, *, #2522, .F. ) ;
#3978 = CARTESIAN_POINT ( 'NONE',  ( -0.5529378364870327633, -0.9577164262227586544, 6.612500000000003375 ) ) ;
#3979 = CARTESIAN_POINT ( 'NONE',  ( -0.8294067547305580268, -0.4788582131113872098, -3.918749999999997957 ) ) ;
#3980 = CARTESIAN_POINT ( 'NONE',  ( -1.082531754730553075, -0.6250000000000088818, 5.450000000000001066 ) ) ;
#3981 = CYLINDRICAL_SURFACE ( 'NONE', #3908, 1.250000000000000444 ) ;
#3982 = CARTESIAN_POINT ( 'NONE',  ( 0.000000000000000000, 1.274356964481438759, -2.057812499999997602 ) ) ;
#3983 = CARTESIAN_POINT ( 'NONE',  ( -2.058749999992248281, 1.409456344663646110, 7.832569145071528460 ) ) ;
#3984 = CARTESIAN_POINT ( 'NONE',  ( 0.7357503364870344731, -1.274356964481448751, 6.870312500000004263 ) ) ;
#3985 = ORIENTED_EDGE ( 'NONE', *, *, #4319, .T. ) ;
#3986 = ORIENTED_EDGE ( 'NONE', *, *, #1363, .F. ) ;
#3987 = CARTESIAN_POINT ( 'NONE',  ( -0.5529378364870327633, -0.9577164262227586544, 7.006250000000002309 ) ) ;
#3988 = CARTESIAN_POINT ( 'NONE',  ( 1.082531754730552853, 0.6249999999999956701, -1.668749999999996181 ) ) ;
#3989 = CARTESIAN_POINT ( 'NONE',  ( -1.103625504730554763, -0.6371784822407277060, -0.1359374999999989064 ) ) ;
#3990 = CARTESIAN_POINT ( 'NONE',  ( 1.105875672974064861, -6.739435519199968560E-15, 5.412500000000003197 ) ) ;
#3991 = DIRECTION ( 'NONE',  ( -0.000000000000000000, 9.875224244405043999E-17, -1.000000000000000000 ) ) ;
#3992 = EDGE_LOOP ( 'NONE', ( #1500, #665, #3608, #1183, #4727, #4660, #3667, #3912 ) ) ;
#3993 = ADVANCED_FACE ( 'NONE', ( #3852 ), #3981, .F. ) ;
#3994 = CARTESIAN_POINT ( 'NONE',  ( 0.5529378364870390916, 0.9577164262227571001, -1.012499999999998623 ) ) ;
#3995 = CARTESIAN_POINT ( 'NONE',  ( -0.9645557851251256309, -0.3249369954306330910, -3.900000000000021227 ) ) ;
#3996 = CARTESIAN_POINT ( 'NONE',  ( -0.8294067547305487009, 0.4788582131113697238, 4.643750000000002487 ) ) ;
#3997 = CARTESIAN_POINT ( 'NONE',  ( 1.471500672974070056, -6.806599742090707656E-15, 6.073437500000000711 ) ) ;
#3998 = ORIENTED_EDGE ( 'NONE', *, *, #2625, .T. ) ;
#3999 = CARTESIAN_POINT ( 'NONE',  ( 0.5529378364870329854, 0.9577164262227455538, 5.487500000000002487 ) ) ;
#4000 = CARTESIAN_POINT ( 'NONE',  ( -0.7357503364870361384, 1.274356964481438537, -3.848437499999998401 ) ) ;
#4001 = CARTESIAN_POINT ( 'NONE',  ( -1.734723475976807094E-15, -2.156403255423253285, -6.873863542433758411 ) ) ;
#4002 = CARTESIAN_POINT ( 'NONE',  ( 0.5529378364870320972, -0.9577164262227589875, 7.081250000000002487 ) ) ;
#4003 = CARTESIAN_POINT ( 'NONE',  ( 0.000000000000000000, 1.274356964481438759, -2.957812499999997957 ) ) ;
#4004 = CYLINDRICAL_SURFACE ( 'NONE', #78, 1.250000000000000444 ) ;
#4005 = CARTESIAN_POINT ( 'NONE',  ( 0.7357503364870356943, 1.274356964481434984, 6.120312500000004263 ) ) ;
#4006 = CARTESIAN_POINT ( 'NONE',  ( -0.8849636414586168343, 0.8828019898574670510, -0.6367499999999947091 ) ) ;
#4007 = CARTESIAN_POINT ( 'NONE',  ( -0.8294067547305488119, -0.4788582131113825469, 4.718750000000002665 ) ) ;
#4008 = DIRECTION ( 'NONE',  ( -0.000000000000000000, 0.000000000000000000, 1.000000000000000000 ) ) ;
#4009 = CARTESIAN_POINT ( 'NONE',  ( -0.7357503364870361384, 1.274356964481438759, -0.6984374999999989342 ) ) ;
#4010 = CARTESIAN_POINT ( 'NONE',  ( -1.172864355864535983E-16, -0.9577164262227588765, 6.200000000000002842 ) ) ;
#4011 = CARTESIAN_POINT ( 'NONE',  ( -1.530808498934198227E-16, -1.250000000000011990, 3.725000000000002309 ) ) ;
#4012 = EDGE_LOOP ( 'NONE', ( #4341, #2732, #4740, #1965 ) ) ;
#4013 = VECTOR ( 'NONE', #4264, 1000.000000000000000 ) ;
#4014 = CARTESIAN_POINT ( 'NONE',  ( -1.105875672974077295, -5.716905948490032645E-15, -1.762499999999999067 ) ) ;
#4015 = CARTESIAN_POINT ( 'NONE',  ( 0.7216878364870342732, -1.250000000000010214, -0.8812499999999960920 ) ) ;
#4016 = CARTESIAN_POINT ( 'NONE',  ( 1.105875672974064861, -6.739435519199968560E-15, 6.256250000000002309 ) ) ;
#4017 = CARTESIAN_POINT ( 'NONE',  ( -1.471500672974070056, -6.446186024270533869E-15, 6.298437500000002132 ) ) ;
#4018 = EDGE_CURVE ( 'NONE', #2066, #1589, #1829, .T. ) ;
#4019 = ORIENTED_EDGE ( 'NONE', *, *, #2165, .F. ) ;
#4020 = CARTESIAN_POINT ( 'NONE',  ( 1.105875672974064861, -6.739435519199968560E-15, 6.312500000000003553 ) ) ;
#4021 = CARTESIAN_POINT ( 'NONE',  ( 0.5529378364870383145, -0.9577164262227690905, -1.556249999999997913 ) ) ;
#4022 = CARTESIAN_POINT ( 'NONE',  ( 1.105875672974064861, -6.739435519199968560E-15, 6.762500000000002842 ) ) ;
#4023 = CARTESIAN_POINT ( 'NONE',  ( 2.345728711729071966E-16, 0.9577164262227458869, 5.918750000000001954 ) ) ;
#4024 = CARTESIAN_POINT ( 'NONE',  ( 1.471500672974072721, -6.162566564594605265E-15, -3.520312499999997513 ) ) ;
#4025 = DIRECTION ( 'NONE',  ( -0.000000000000000000, 9.875224244405043999E-17, -1.000000000000000000 ) ) ;
#4026 = CARTESIAN_POINT ( 'NONE',  ( 0.7357503364870356943, 1.274356964481434984, 4.320312500000003553 ) ) ;
#4027 = CARTESIAN_POINT ( 'NONE',  ( 0.5529378364870390916, 0.9577164262227568781, -3.656249999999997780 ) ) ;
#4028 = CARTESIAN_POINT ( 'NONE',  ( -0.8294067547305579158, 0.4788582131113759410, -0.8999999999999989120 ) ) ;
#4029 = CALENDAR_DATE ( 2026, 8, 1 ) ;
#4030 = CIRCLE ( 'NONE', #4654, 0.9577164262227575442 ) ;
#4031 = CARTESIAN_POINT ( 'NONE',  ( 3.061616997868395960E-16, 1.249999999999998890, 5.693750000000004974 ) ) ;
#4032 = FACE_OUTER_BOUND ( 'NONE', #1617, .T. ) ;
#4033 = DIRECTION ( 'NONE',  ( -0.000000000000000000, 9.875224244405043999E-17, -1.000000000000000000 ) ) ;
#4034 = VECTOR ( 'NONE', #2023, 1000.000000000000000 ) ;
#4035 = CARTESIAN_POINT ( 'NONE',  ( -1.082531754730552409, -0.6250000000000076605, -1.050000000000000488 ) ) ;
#4036 = CARTESIAN_POINT ( 'NONE',  ( -1.105875672974064861, -6.468574098567446112E-15, 5.637500000000003730 ) ) ;
#4037 = CARTESIAN_POINT ( 'NONE',  ( 0.000000000000000000, -1.258909218984051749E-16, -3.899999999999999911 ) ) ;
#4038 = ORIENTED_EDGE ( 'NONE', *, *, #1293, .T. ) ;
#4039 = VECTOR ( 'NONE', #1327, 1000.000000000000000 ) ;
#4040 = CARTESIAN_POINT ( 'NONE',  ( -1.105875672974077295, -5.823679841290693220E-15, -3.506249999999997424 ) ) ;
#4041 = DIRECTION ( 'NONE',  ( -0.000000000000000000, 9.875224244405043999E-17, -1.000000000000000000 ) ) ;
#4042 = CARTESIAN_POINT ( 'NONE',  ( 0.8294067547305490340, 0.4788582131113688911, 4.943750000000003197 ) ) ;
#4043 = CARTESIAN_POINT ( 'NONE',  ( -1.103625504730552764, -0.6371784822407273730, 4.535937500000001954 ) ) ;
#4044 = ORIENTED_EDGE ( 'NONE', *, *, #4113, .F. ) ;
#4045 = CARTESIAN_POINT ( 'NONE',  ( -0.5529378364870388696, -0.9577164262227686464, -0.7312499999999980682 ) ) ;
#4046 = CARTESIAN_POINT ( 'NONE',  ( -0.5529378364870327633, -0.9577164262227586544, 7.062500000000003553 ) ) ;
#4047 = CARTESIAN_POINT ( 'NONE',  ( -0.5529378364870384255, 0.9577164262227572111, -2.231249999999997957 ) ) ;
#4048 = CARTESIAN_POINT ( 'NONE',  ( 0.8294067547305490340, 0.4788582131113688911, 5.900000000000003020 ) ) ;
#4049 = CARTESIAN_POINT ( 'NONE',  ( 2.345728711729071966E-16, 0.9577164262227458869, 7.268750000000002487 ) ) ;
#4050 = CARTESIAN_POINT ( 'NONE',  ( 0.8294067547305576937, -0.4788582131113878759, -3.824999999999998401 ) ) ;
#4051 = EDGE_CURVE ( 'NONE', #1384, #924, #3160, .T. ) ;
#4052 = EDGE_CURVE ( 'NONE', #1705, #4581, #1787, .T. ) ;
#4053 = CARTESIAN_POINT ( 'NONE',  ( 1.530808498934192064E-16, -1.250000000000000666, -3.899999999999999911 ) ) ;
#4054 = CONICAL_SURFACE ( 'NONE', #601, 1.249999999999999778, 1.047197551196602294 ) ;
#4055 = CARTESIAN_POINT ( 'NONE',  ( -1.471500672974069834, -6.446186024270533869E-15, 3.570312500000003997 ) ) ;
#4056 = CARTESIAN_POINT ( 'NONE',  ( 0.8294067547305576937, -0.4788582131113878759, -3.768749999999997602 ) ) ;
#4057 = CARTESIAN_POINT ( 'NONE',  ( -0.3345207091623263462, -1.204406864453023474, 3.200000000000001066 ) ) ;
#4058 = CARTESIAN_POINT ( 'NONE',  ( -0.5529378364870327633, -0.9577164262227586544, 3.406250000000003109 ) ) ;
#4059 = CARTESIAN_POINT ( 'NONE',  ( -2.249999999999999112, 3.679549628130195016E-14, 7.974019237887008948 ) ) ;
#4060 = DIRECTION ( 'NONE',  ( 1.000000000000000000, 0.000000000000000000, 0.000000000000000000 ) ) ;
#4061 = DIRECTION ( 'NONE',  ( -0.000000000000000000, 9.875224244405043999E-17, -1.000000000000000000 ) ) ;
#4062 = CARTESIAN_POINT ( 'NONE',  ( -1.443375672974070545, -6.447908183831835661E-15, 7.212500000000001243 ) ) ;
#4063 = ORIENTED_EDGE ( 'NONE', *, *, #1106, .F. ) ;
#4064 = CARTESIAN_POINT ( 'NONE',  ( 1.105875672974077295, -6.053209432451994764E-15, -2.831249999999997602 ) ) ;
#4065 = DIRECTION ( 'NONE',  ( 0.000000000000000000, 1.000000000000000000, 1.132070143937708118E-16 ) ) ;
#4066 = CARTESIAN_POINT ( 'NONE',  ( -0.8294067547305487009, 0.4788582131113697238, 5.993750000000002132 ) ) ;
#4067 = CARTESIAN_POINT ( 'NONE',  ( 0.7357503364870358054, 1.274356964481435206, 6.148437500000001776 ) ) ;
#4068 = ORIENTED_EDGE ( 'NONE', *, *, #305, .F. ) ;
#4069 = CARTESIAN_POINT ( 'NONE',  ( 0.8294067547305582488, 0.4788582131113751084, -0.9937499999999981348 ) ) ;
#4070 = CARTESIAN_POINT ( 'NONE',  ( 2.345728711729071966E-16, 0.9577164262227458869, 3.275000000000003464 ) ) ;
#4071 = VECTOR ( 'NONE', #4025, 1000.000000000000000 ) ;
#4072 = CARTESIAN_POINT ( 'NONE',  ( 0.8294067547305582488, 0.4788582131113751639, -0.5437499999999981792 ) ) ;
#4073 = EDGE_CURVE ( 'NONE', #4286, #3017, #3051, .T. ) ;
#4074 = CARTESIAN_POINT ( 'NONE',  ( -0.5529378364870322082, 0.9577164262227458869, 7.362500000000003375 ) ) ;
#4075 = CARTESIAN_POINT ( 'NONE',  ( 0.5529378364870320972, -0.9577164262227589875, 6.631250000000002309 ) ) ;
#4076 = ORIENTED_EDGE ( 'NONE', *, *, #4475, .F. ) ;
#4077 = CARTESIAN_POINT ( 'NONE',  ( -0.8294067547305580268, -0.4788582131113871543, -3.074999999999998845 ) ) ;
#4078 = CARTESIAN_POINT ( 'NONE',  ( 1.255262969126033395E-16, 1.024999999999996803, -3.899999999999999467 ) ) ;
#4079 = CARTESIAN_POINT ( 'NONE',  ( -0.7357503364870348062, 1.274356964481435428, 3.945312500000004441 ) ) ;
#4080 = CARTESIAN_POINT ( 'NONE',  ( -1.443375672974070545, -6.447908183831835661E-15, 6.762500000000001954 ) ) ;
#4081 = CARTESIAN_POINT ( 'NONE',  ( -1.082531754730552187, 0.6249999999999964473, -3.375000000000000444 ) ) ;
#4082 = ADVANCED_FACE ( 'NONE', ( #885 ), #4250, .T. ) ;
#4083 = CARTESIAN_POINT ( 'NONE',  ( 0.2563007824611289731, 0.9227841903536719848, 3.200000000000002398 ) ) ;
#4084 = CARTESIAN_POINT ( 'NONE',  ( 0.9625626473583099862, 0.5920969496014255595, 7.547486995512977970 ) ) ;
#4085 = CARTESIAN_POINT ( 'NONE',  ( 0.7216878364870344953, -1.250000000000010436, -1.837500000000000577 ) ) ;
#4086 = CARTESIAN_POINT ( 'NONE',  ( 0.000000000000000000, -1.258909218984051749E-16, -3.899999999999999911 ) ) ;
#4087 = CARTESIAN_POINT ( 'NONE',  ( -0.7216878364870346063, 1.249999999999998668, -1.556249999999995470 ) ) ;
#4088 = ORIENTED_EDGE ( 'NONE', *, *, #907, .F. ) ;
#4089 = CARTESIAN_POINT ( 'NONE',  ( -0.5529378364870384255, 0.9577164262227572111, -2.681249999999998135 ) ) ;
#4090 =( BOUNDED_CURVE ( )  B_SPLINE_CURVE ( 2, ( #1508, #2984, #2409, #1977, #4182, #4208, #1295 ),
 .UNSPECIFIED., .F., .F. ) 
 B_SPLINE_CURVE_WITH_KNOTS ( ( 3, 2, 2, 3 ),
 ( 0.3785437875762931448, 0.3970623060948116345, 0.4155808246133302353, 0.4340993431318487250 ),
 .UNSPECIFIED. ) 
 CURVE ( )  GEOMETRIC_REPRESENTATION_ITEM ( )  RATIONAL_B_SPLINE_CURVE ( ( 1.000000000000000000, 0.8660254037844388186, 1.000000000000000000, 0.8660254037844388186, 1.000000000000000000, 0.8660254037844388186, 1.000000000000000000 ) ) 
 REPRESENTATION_ITEM ( '' )  );
#4091 = CARTESIAN_POINT ( 'NONE',  ( 0.000000000000000000, -4.648086179663862087E-16, -0.4680000000000000826 ) ) ;
#4092 = CARTESIAN_POINT ( 'NONE',  ( -1.105875672974064861, -6.468574098567446112E-15, 4.231250000000001954 ) ) ;
#4093 = CARTESIAN_POINT ( 'NONE',  ( 0.7357503364870358054, 1.274356964481435206, 5.698437500000002487 ) ) ;
#4094 = VERTEX_POINT ( 'NONE', #2370 ) ;
#4095 = CARTESIAN_POINT ( 'NONE',  ( -1.172864355864535983E-16, -0.9577164262227588765, 4.400000000000003020 ) ) ;
#4096 = CARTESIAN_POINT ( 'NONE',  ( -0.8294067547305579158, 0.4788582131113758855, -1.743749999999997913 ) ) ;
#4097 = CARTESIAN_POINT ( 'NONE',  ( -0.5529378364870326523, -0.9577164262227586544, 7.512500000000002842 ) ) ;
#4098 = CARTESIAN_POINT ( 'NONE',  ( 2.345728711729071966E-16, 0.9577164262227458869, 6.368750000000003020 ) ) ;
#4099 = ORIENTED_EDGE ( 'NONE', *, *, #231, .T. ) ;
#4100 = CARTESIAN_POINT ( 'NONE',  ( 0.5529378364870390916, 0.9577164262227568781, -3.712499999999998579 ) ) ;
#4101 = CARTESIAN_POINT ( 'NONE',  ( -0.9592123711032621847, 0.01502581339975473003, 7.379212371103597512 ) ) ;
#4102 = CARTESIAN_POINT ( 'NONE',  ( -0.7357503364870353613, -1.274356964481448307, 3.195312500000004885 ) ) ;
#4103 = CARTESIAN_POINT ( 'NONE',  ( -0.8294067547305580268, -0.4788582131113871543, -3.468749999999997780 ) ) ;
#4104 = CARTESIAN_POINT ( 'NONE',  ( 0.5529378364870382034, -0.9577164262227690905, -0.7124999999999986899 ) ) ;
#4105 = CARTESIAN_POINT ( 'NONE',  ( 1.105875672974064861, -6.739435519199968560E-15, 3.556250000000003020 ) ) ;
#4106 = CARTESIAN_POINT ( 'NONE',  ( 0.9988342156445649822, 0.5226477068391872649, 7.544704266552212601 ) ) ;
#4107 = DIRECTION ( 'NONE',  ( -0.000000000000000000, 9.875224244405043999E-17, -1.000000000000000000 ) ) ;
#4108 = CONICAL_SURFACE ( 'NONE', #4730, 2.205000000000000071, 1.047197551196600074 ) ;
#4109 = CARTESIAN_POINT ( 'NONE',  ( 1.059328673275476751, 0.06253282165710025153, -0.5224356209979875709 ) ) ;
#4110 = EDGE_LOOP ( 'NONE', ( #2714, #4653, #3173, #2371 ) ) ;
#4111 = CARTESIAN_POINT ( 'NONE',  ( -0.8294067547305580268, -0.4788582131113871543, -3.468749999999997780 ) ) ;
#4112 = CARTESIAN_POINT ( 'NONE',  ( 0.000000000000000000, -1.258909218984051749E-16, -3.899999999999999911 ) ) ;
#4113 = EDGE_CURVE ( 'NONE', #1225, #820, #4743, .T. ) ;
#4114 = CARTESIAN_POINT ( 'NONE',  ( -0.8294067547305488119, -0.4788582131113825469, 2.918750000000002842 ) ) ;
#4115 = CARTESIAN_POINT ( 'NONE',  ( 2.115908655028092333, -1.376455779792189249, 0.1838980789325802834 ) ) ;
#4116 = AXIS2_PLACEMENT_3D ( 'NONE', #3077, #3822, #3848 ) ;
#4117 = ORIENTED_EDGE ( 'NONE', *, *, #2913, .F. ) ;
#4118 =( BOUNDED_CURVE ( )  B_SPLINE_CURVE ( 2, ( #4320, #4614, #3957, #980, #1405 ),
 .UNSPECIFIED., .F., .F. ) 
 B_SPLINE_CURVE_WITH_KNOTS ( ( 3, 2, 3 ),
 ( 0.7777777777777776791, 0.7962962962962962798, 0.8057283400058369294 ),
 .UNSPECIFIED. ) 
 CURVE ( )  GEOMETRIC_REPRESENTATION_ITEM ( )  RATIONAL_B_SPLINE_CURVE ( ( 1.000000000000000888, 0.8660254037844379305, 1.000000000000000000, 0.9317626706364452449, 0.9330360283762625384 ) ) 
 REPRESENTATION_ITEM ( '' )  );
#4119 = FACE_OUTER_BOUND ( 'NONE', #1260, .T. ) ;
#4120 = CARTESIAN_POINT ( 'NONE',  ( 0.5529378364870329854, 0.9577164262227455538, 4.137500000000002842 ) ) ;
#4121 = CARTESIAN_POINT ( 'NONE',  ( -0.5529378364870326523, -0.9577164262227586544, 5.712500000000003020 ) ) ;
#4122 = CARTESIAN_POINT ( 'NONE',  ( 0.5529378364870320972, -0.9577164262227589875, 4.381250000000003197 ) ) ;
#4123 = ORIENTED_EDGE ( 'NONE', *, *, #4051, .T. ) ;
#4124 = CARTESIAN_POINT ( 'NONE',  ( 0.8294067547305582488, 0.4788582131113749973, -2.849999999999998312 ) ) ;
#4125 = CARTESIAN_POINT ( 'NONE',  ( 0.000000000000000000, 1.269966188170055003E-15, 7.670000000000001705 ) ) ;
#4126 = CARTESIAN_POINT ( 'NONE',  ( -0.7357503364870353613, -1.274356964481448307, 3.645312500000004174 ) ) ;
#4127 = CARTESIAN_POINT ( 'NONE',  ( -0.8294067547305580268, -0.4788582131113871543, -2.568749999999998312 ) ) ;
#4128 = CARTESIAN_POINT ( 'NONE',  ( 2.249999999999999112, 0.7257999078343845278, 0.08814680016220502456 ) ) ;
#4130 = CARTESIAN_POINT ( 'NONE',  ( 0.7216878364870342732, 1.250000000000000888, -2.137500000000001066 ) ) ;
#4129 = AXIS2_PLACEMENT_3D ( 'NONE', #672, #2962, #4428 ) ;
#4131 = CARTESIAN_POINT ( 'NONE',  ( -0.9944837411515450309, 0.7185110950299720134, 7.637331595049102972 ) ) ;
#4132 = LINE ( 'NONE', #1124, #4679 ) ;
#4133 = CARTESIAN_POINT ( 'NONE',  ( -1.105875672974064861, -6.468574098567446112E-15, 3.837500000000003464 ) ) ;
#4134 = CARTESIAN_POINT ( 'NONE',  ( -1.074441400970971960, 0.5319704206299591398, -3.731844522423275023 ) ) ;
#4135 = VERTEX_POINT ( 'NONE', #793 ) ;
#4136 = CARTESIAN_POINT ( 'NONE',  ( 0.000000000000000000, 0.9577164262227572111, -3.168749999999997957 ) ) ;
#4137 = CARTESIAN_POINT ( 'NONE',  ( -1.082531754730552187, 0.6249999999999965583, -2.418749999999996181 ) ) ;
#4138 = CARTESIAN_POINT ( 'NONE',  ( 3.061616997868396453E-16, 1.249999999999998890, 5.300000000000001599 ) ) ;
#4139 = CARTESIAN_POINT ( 'NONE',  ( -0.7803085111243396321, -0.9765339868468900786, 7.670000000000069207 ) ) ;
#4140 = ORIENTED_EDGE ( 'NONE', *, *, #1142, .F. ) ;
#4141 = EDGE_CURVE ( 'NONE', #3586, #3344, #4608, .T. ) ;
#4142 = CARTESIAN_POINT ( 'NONE',  ( 0.5529378364870390916, 0.9577164262227569891, -0.5062499999999979794 ) ) ;
#4143 = CARTESIAN_POINT ( 'NONE',  ( 0.8294067547305490340, 0.4788582131113688911, 5.000000000000003553 ) ) ;
#4144 = CARTESIAN_POINT ( 'NONE',  ( 0.5529378364870329854, 0.9577164262227455538, 5.037500000000004086 ) ) ;
#4145 = CARTESIAN_POINT ( 'NONE',  ( 0.5529378364870320972, -0.9577164262227589875, 3.481250000000002398 ) ) ;
#4146 = ORIENTED_EDGE ( 'NONE', *, *, #655, .F. ) ;
#4147 = CARTESIAN_POINT ( 'NONE',  ( 0.8294067547305582488, 0.4788582131113751639, -0.5999999999999989786 ) ) ;
#4148 = B_SPLINE_CURVE_WITH_KNOTS ( 'NONE', 3,
 ( #1197, #1123, #1174, #2674, #4131, #377, #2577, #3009, #1507, #427, #1848, #1555, #3316, #1900, #85, #4084, #4106, #1148, #3341, #3366 ),
 .UNSPECIFIED., .F., .F.,
 ( 4, 2, 2, 2, 2, 2, 2, 2, 2, 4 ),
 ( 0.0001242457770174653037, 0.0005838646293766164893, 0.001043483481735767594, 0.001503102334094918915, 0.001962721186454069802, 0.002422340038813221123, 0.002881958891172372444, 0.003111768317351948105, 0.003341577743531523766, 0.003801196595890673786 ),
 .UNSPECIFIED. ) ;
#4149 = AXIS2_PLACEMENT_3D ( 'NONE', #1571, #1191, #4565 ) ;
#4150 = CARTESIAN_POINT ( 'NONE',  ( 0.000000000000000000, -1.258909218984051749E-16, -3.899999999999999911 ) ) ;
#4151 = CARTESIAN_POINT ( 'NONE',  ( -1.105875672974064861, -6.468574098567446112E-15, 8.337500000000002132 ) ) ;
#4152 = CARTESIAN_POINT ( 'NONE',  ( 0.000000000000000000, -1.258909218984051749E-16, -3.899999999999999911 ) ) ;
#4153 = CARTESIAN_POINT ( 'NONE',  ( 0.000000000000000000, -5.110246674302018009E-16, 0.000000000000000000 ) ) ;
#4154 = CARTESIAN_POINT ( 'NONE',  ( 0.8294067547305490340, 0.4788582131113688911, 3.200000000000003286 ) ) ;
#4155 = CARTESIAN_POINT ( 'NONE',  ( -1.082531754730553075, -0.6250000000000088818, 3.593750000000004885 ) ) ;
#4156 = CARTESIAN_POINT ( 'NONE',  ( 2.345728711729071966E-16, 0.9577164262227458869, 3.275000000000003464 ) ) ;
#4157 = CARTESIAN_POINT ( 'NONE',  ( 0.7216878364870342732, -1.250000000000010214, -1.331249999999995604 ) ) ;
#4158 = VERTEX_POINT ( 'NONE', #1610 ) ;
#4159 = CARTESIAN_POINT ( 'NONE',  ( 0.6899641659449241571, -0.8203490253697535151, 7.483460111415422666 ) ) ;
#4160 = ADVANCED_FACE ( 'NONE', ( #3398 ), #4364, .T. ) ;
#4161 = DIRECTION ( 'NONE',  ( 1.000000000000000000, 0.000000000000000000, 0.000000000000000000 ) ) ;
#4162 = LINE ( 'NONE', #532, #327 ) ;
#4163 = CARTESIAN_POINT ( 'NONE',  ( 0.5529378364870320972, -0.9577164262227589875, 3.031250000000002665 ) ) ;
#4164 = DIRECTION ( 'NONE',  ( 1.000000000000000000, 0.000000000000000000, 0.000000000000000000 ) ) ;
#4165 = EDGE_LOOP ( 'NONE', ( #1636, #1403, #2061, #324, #3531, #3444, #509, #3596, #4274, #4146 ) ) ;
#4166 = CARTESIAN_POINT ( 'NONE',  ( -0.7216878364870352724, -1.250000000000009992, -1.912500000000000533 ) ) ;
#4167 = CARTESIAN_POINT ( 'NONE',  ( -0.8294067547305488119, -0.4788582131113825469, 4.775000000000003020 ) ) ;
#4168 = EDGE_CURVE ( 'NONE', #387, #202, #868, .T. ) ;
#4169 = CARTESIAN_POINT ( 'NONE',  ( -0.5529378364870322082, 0.9577164262227458869, 5.112500000000003375 ) ) ;
#4170 = CARTESIAN_POINT ( 'NONE',  ( 0.8294067547305484789, -0.4788582131113831575, 4.418750000000002842 ) ) ;
#4171 = VERTEX_POINT ( 'NONE', #4556 ) ;
#4172 = CARTESIAN_POINT ( 'NONE',  ( -0.5529378364870388696, -0.9577164262227687574, -1.687499999999998446 ) ) ;
#4173 = DIRECTION ( 'NONE',  ( 0.000000000000000000, 1.000000000000000000, 0.000000000000000000 ) ) ;
#4174 = EDGE_CURVE ( 'NONE', #4701, #2364, #3117, .T. ) ;
#4175 = EDGE_CURVE ( 'NONE', #1805, #1799, #465, .T. ) ;
#4176 = CARTESIAN_POINT ( 'NONE',  ( 0.5529378364870320972, -0.9577164262227589875, 6.687500000000004441 ) ) ;
#4177 = CARTESIAN_POINT ( 'NONE',  ( 0.000000000000000000, 1.249999999999998668, -3.899999999999999911 ) ) ;
#4178 = CARTESIAN_POINT ( 'NONE',  ( -1.443375672974069213, -5.761682097083858709E-15, -2.831249999999995381 ) ) ;
#4179 = CARTESIAN_POINT ( 'NONE',  ( 1.530808498934190338E-16, -1.249999999999999112, -3.899999999999999911 ) ) ;
#4180 = B_SPLINE_CURVE_WITH_KNOTS ( 'NONE', 3,
 ( #1608, #193, #1633, #968, #1251, #4240 ),
 .UNSPECIFIED., .F., .F.,
 ( 4, 2, 4 ),
 ( 0.0008842110969067824931, 0.001418420753321871560, 0.001952630409736960193 ),
 .UNSPECIFIED. ) ;
#4181 = CARTESIAN_POINT ( 'NONE',  ( 3.061616997868396453E-16, 1.249999999999998890, 7.100000000000002309 ) ) ;
#4182 = CARTESIAN_POINT ( 'NONE',  ( 1.082531754730551965, -0.6250000000000086597, -2.193749999999996092 ) ) ;
#4183 = CARTESIAN_POINT ( 'NONE',  ( 0.06687076361143927394, 2.538958566004964723, 0.1928062570097070771 ) ) ;
#4184 = CARTESIAN_POINT ( 'NONE',  ( -1.237954530705063227, -0.03865574271656576494, -3.709083931472840323 ) ) ;
#4185 = ORIENTED_EDGE ( 'NONE', *, *, #3082, .T. ) ;
#4186 = CARTESIAN_POINT ( 'NONE',  ( -0.4654332513560894280, -0.9064798279460735131, 7.429905100055052891 ) ) ;
#4187 = DIRECTION ( 'NONE',  ( -0.000000000000000000, 9.875224244405043999E-17, -1.000000000000000000 ) ) ;
#4188 = CARTESIAN_POINT ( 'NONE',  ( -1.471500672974072721, -5.707434070902878710E-15, -1.973437499999998845 ) ) ;
#4189 = CARTESIAN_POINT ( 'NONE',  ( 0.000000000000000000, -1.258909218984051995E-16, -3.899999999999999467 ) ) ;
#4190 = CARTESIAN_POINT ( 'NONE',  ( -0.5529378364870326523, -0.9577164262227586544, 2.956250000000002487 ) ) ;
#4191 = CARTESIAN_POINT ( 'NONE',  ( -0.06750202539833305426, -2.538847684389570425, 7.807248115923526299 ) ) ;
#4192 = ORIENTED_EDGE ( 'NONE', *, *, #1919, .T. ) ;
#4193 = CARTESIAN_POINT ( 'NONE',  ( -1.172864355864549048E-16, -0.9577164262227690905, -3.449999999999998845 ) ) ;
#4194 = CARTESIAN_POINT ( 'NONE',  ( 1.443375672974069657, -6.132428772271839300E-15, -3.112500000000000711 ) ) ;
#4195 = CONICAL_SURFACE ( 'NONE', #1736, 1.024999999999997025, 0.7853981633974507215 ) ;
#4196 = CARTESIAN_POINT ( 'NONE',  ( -0.8294067547305487009, 0.4788582131113697238, 3.800000000000003819 ) ) ;
#4197 = CARTESIAN_POINT ( 'NONE',  ( -1.105875672974064861, -6.468574098567446112E-15, 4.231250000000001954 ) ) ;
#4198 = VERTEX_POINT ( 'NONE', #3950 ) ;
#4199 = CARTESIAN_POINT ( 'NONE',  ( -0.5529378364870388696, -0.9577164262227686464, -1.237499999999998490 ) ) ;
#4200 = VECTOR ( 'NONE', #3029, 1000.000000000000000 ) ;
#4201 = CARTESIAN_POINT ( 'NONE',  ( 2.249999999999998668, -0.3635484166662323324, 0.02598076211351535783 ) ) ;
#4202 = CARTESIAN_POINT ( 'NONE',  ( -0.5529378364870326523, -0.9577164262227586544, 7.962500000000003020 ) ) ;
#4203 = CARTESIAN_POINT ( 'NONE',  ( 1.082531754730552631, 0.6249999999999954481, -3.525000000000000799 ) ) ;
#4204 = CARTESIAN_POINT ( 'NONE',  ( -0.7357503364870368046, -1.274356964481450083, -4.120312499999997158 ) ) ;
#4205 = EDGE_CURVE ( 'NONE', #1594, #583, #3501, .T. ) ;
#4206 = DIRECTION ( 'NONE',  ( -0.000000000000000000, 9.875224244405043999E-17, -1.000000000000000000 ) ) ;
#4207 = CARTESIAN_POINT ( 'NONE',  ( -2.165367235512694499, 1.327391063058408704, 0.1928062570100562423 ) ) ;
#4208 = CARTESIAN_POINT ( 'NONE',  ( 0.7216878364870342732, -1.250000000000010214, -2.231249999999995737 ) ) ;
#4209 = CARTESIAN_POINT ( 'NONE',  ( 0.8294067547305490340, 0.4788582131113688911, 8.543750000000002842 ) ) ;
#4210 = DATE_AND_TIME ( #2750, #2531 ) ;
#4211 = ORIENTED_EDGE ( 'NONE', *, *, #1363, .T. ) ;
#4212 = CARTESIAN_POINT ( 'NONE',  ( 0.8294067547305582488, 0.4788582131113751639, -0.5437499999999981792 ) ) ;
#4213 = CARTESIAN_POINT ( 'NONE',  ( -1.530808498934197980E-16, -1.250000000000011990, 3.668750000000005507 ) ) ;
#4214 = CARTESIAN_POINT ( 'NONE',  ( -1.471500672974072721, -5.762543176864509211E-15, -2.873437499999999201 ) ) ;
#4215 = CIRCLE ( 'NONE', #3290, 0.2249999999999999500 ) ;
#4216 = CARTESIAN_POINT ( 'NONE',  ( 2.205000000000000071, -2.734144733198826856E-15, 8.000000000000000000 ) ) ;
#4217 = CARTESIAN_POINT ( 'NONE',  ( -0.5529378364870384255, 0.9577164262227571001, -3.637499999999998401 ) ) ;
#4218 = CARTESIAN_POINT ( 'NONE',  ( 0.7216878364870342732, -1.250000000000010436, -3.581249999999995381 ) ) ;
#4219 = ORIENTED_EDGE ( 'NONE', *, *, #3970, .T. ) ;
#4220 = EDGE_CURVE ( 'NONE', #1384, #4258, #122, .T. ) ;
#4221 = CARTESIAN_POINT ( 'NONE',  ( 0.5529378364870390916, 0.9577164262227569891, -2.812499999999998668 ) ) ;
#4222 = CARTESIAN_POINT ( 'NONE',  ( 0.8103714275345685891, 2.130208049522649194, 0.03892223732339539916 ) ) ;
#4223 = CARTESIAN_POINT ( 'NONE',  ( -0.5529378364870326523, -0.9577164262227586544, 3.462500000000003464 ) ) ;
#4224 = CARTESIAN_POINT ( 'NONE',  ( -1.105875672974064861, -6.468574098567446112E-15, 4.681250000000003020 ) ) ;
#4225 = ORIENTED_EDGE ( 'NONE', *, *, #3970, .F. ) ;
#4226 = CARTESIAN_POINT ( 'NONE',  ( -1.105875672974077295, -5.689351395509218184E-15, -1.312499999999998446 ) ) ;
#4227 = CARTESIAN_POINT ( 'NONE',  ( 0.8294067547305490340, 0.4788582131113688911, 7.250000000000002665 ) ) ;
#4228 =( BOUNDED_CURVE ( )  B_SPLINE_CURVE ( 2, ( #695, #3320, #1485, #4062, #2871, #309, #1419 ),
 .UNSPECIFIED., .F., .F. ) 
 B_SPLINE_CURVE_WITH_KNOTS ( ( 3, 2, 2, 3 ),
 ( 0.7435897435897436125, 0.7564102564102563875, 0.7692307692307691624, 0.7820512820512820484 ),
 .UNSPECIFIED. ) 
 CURVE ( )  GEOMETRIC_REPRESENTATION_ITEM ( )  RATIONAL_B_SPLINE_CURVE ( ( 1.000000000000000000, 0.8660254037844387076, 1.000000000000000000, 0.8660254037844387076, 1.000000000000000000, 0.8660254037844387076, 1.000000000000000000 ) ) 
 REPRESENTATION_ITEM ( '' )  );
#4229 = CARTESIAN_POINT ( 'NONE',  ( -1.530808498934198227E-16, -1.250000000000011990, 4.625000000000001776 ) ) ;
#4230 = FACE_OUTER_BOUND ( 'NONE', #3188, .T. ) ;
#4231 = LINE ( 'NONE', #3872, #2747 ) ;
#4232 = CARTESIAN_POINT ( 'NONE',  ( -1.082531754730552409, -0.6250000000000077716, -2.400000000000000799 ) ) ;
#4233 = CARTESIAN_POINT ( 'NONE',  ( 3.121274355046670330E-16, 1.274356964481435650, 7.957812500000002842 ) ) ;
#4234 = ADVANCED_FACE ( 'NONE', ( #4312, #2085 ), #2445, .F. ) ;
#4235 = CARTESIAN_POINT ( 'NONE',  ( 1.082531754730553519, 0.6249999999999953371, 4.718750000000005329 ) ) ;
#4236 = APPROVAL_DATE_TIME ( #1298, #3782 ) ;
#4237 = VERTEX_POINT ( 'NONE', #1733 ) ;
#4238 = CARTESIAN_POINT ( 'NONE',  ( 1.091013332012733095, -0.2687062453399366446, 7.511013332008865007 ) ) ;
#4239 = CARTESIAN_POINT ( 'NONE',  ( 0.000000000000000000, 1.274356964481438759, -1.185937499999998979 ) ) ;
#4240 = CARTESIAN_POINT ( 'NONE',  ( -0.7803085111243396321, -0.9765339868468901896, 7.670000000000069207 ) ) ;
#4241 = CARTESIAN_POINT ( 'NONE',  ( 1.105875672974077073, -6.056653751574598347E-15, -2.887499999999998401 ) ) ;
#4242 = DIRECTION ( 'NONE',  ( -0.000000000000000000, 9.875224244405043999E-17, -1.000000000000000000 ) ) ;
#4243 = VERTEX_POINT ( 'NONE', #3524 ) ;
#4244 = CARTESIAN_POINT ( 'NONE',  ( 0.000000000000000000, 0.9577164262227572111, -3.224999999999998757 ) ) ;
#4245 = CARTESIAN_POINT ( 'NONE',  ( 0.1063086629649531989, -1.223831823243899608, 3.200000000000001954 ) ) ;
#4246 = CARTESIAN_POINT ( 'NONE',  ( 0.8294067547305484789, -0.4788582131113831575, 5.375000000000002665 ) ) ;
#4247 = CARTESIAN_POINT ( 'NONE',  ( 0.7357503364870344731, -1.274356964481448973, 8.248437500000003197 ) ) ;
#4248 = ORIENTED_EDGE ( 'NONE', *, *, #2508, .F. ) ;
#4249 = CARTESIAN_POINT ( 'NONE',  ( 0.8294067547305582488, 0.4788582131113750529, -2.399999999999998579 ) ) ;
#4250 =( BOUNDED_SURFACE ( )  B_SPLINE_SURFACE ( 1, 2, ( 
 ( #986, #3467, #4209, #161, #2462, #320, #1792, #1271, #2387, #2749, #3262, #2025, #3135, #3493, #4732, #2927, #2902, #1432, #3356, #3718, #1864, #776, #1818, #2615, #4368, #2185, #417, #392, #47, #1069, #3286, #2549, #1499, #1523, #800, #2229, #4049, #2999, #2973, #3649, #3383, #4002, #1164, #2277, #706, #343, #3742, #2205, #3671, #4417, #2949, #4442, #4756, #4075, #2593, #1139, #23, #751, #4468, #2641, #4098, #3333, #2252, #3697, #1113, #1891, #442, #1455, #1917, #4393, #1090, #2569, #4023, #726, #367, #1840, #3309, #4778, #1474, #2375, #1259, #1616, #927, #3456, #3431, #2738, #3816, #2762, #847, #3096, #2324, #1236, #1593, #3071, #514, #98, #124, #1187, #1568, #467, #3044, #175, #4491, #3792, #2348, #4224, #2665, #1212, #4585, #2711, #3021, #488, #4170, #4122, #4514, #873, #2400, #4197, #3866, #900, #2015, #562, #1640, #2040, #75, #3483, #1963, #1285, #4538, #3121, #1545, #824, #3842, #2301, #1991, #149, #2688, #4145, #3766, #1940, #3404, #4561, #539, #4681, #271, #4340, #2110, #2090, #1381, #2475, #1402, #4272, #1740 ),
 ( #3955, #225, #612, #247, #4317, #4247, #3554, #1311, #3600, #292, #4297, #4658, #201, #3149, #657, #3216, #1042, #1000, #3935, #2856, #952, #1695, #1716, #3576, #1023, #3976, #4611, #2875, #1358, #2499, #2518, #2135, #3192, #680, #3239, #2837, #2789, #3172, #3506, #633, #1334, #1763, #4705, #1669, #2425, #3888, #587, #2065, #3530, #4635, #2813, #977, #2451, #3910, #1810, #4461, #2245, #4017, #1467, #2179, #2921, #4067, #3619, #3997, #314, #2223, #3711, #1515, #2943, #4773, #410, #3690, #2897, #4093, #1785, #1883, #2993, #2157, #3257, #1157, #4388, #1085, #360, #3665, #386, #4362, #16, #3304, #1858, #743, #4408, #3348, #41, #2635, #1105, #2967, #2585, #1835, #3327, #1490, #4726, #1425, #1131, #1064, #4043, #4435, #3643, #338, #2543, #770, #700, #720, #2609, #3281, #4751, #1449, #2562, #2200, #3449, #4533, #3476, #1563, #2343, #3038, #1958, #2318, #3786, #1230, #819, #842, #1909, #2295, #1182, #3760, #894, #435, #4509, #3065, #169, #3376, #1935, #534, #3424, #3736, #1207, #117, #68, #460, #1588, #1635, #1987, #3114, #144 ) ),
 .UNSPECIFIED., .F., .F., .F. ) 
 B_SPLINE_SURFACE_WITH_KNOTS ( ( 2, 2 ),
 ( 3, 2, 2, 2, 2, 2, 2, 2, 2, 2, 2, 2, 2, 2, 2, 2, 2, 2, 2, 2, 2, 2, 2, 2, 2, 2, 2, 2, 2, 2, 2, 2, 2, 2, 2, 2, 2, 2, 2, 2, 2, 2, 2, 2, 2, 2, 2, 2, 2, 2, 2, 2, 2, 2, 2, 2, 2, 2, 2, 2, 2, 2, 2, 2, 2, 2, 2, 2, 2, 2, 2, 2, 2, 2, 2, 2, 3 ),
 ( 0.000000000000000000, 1.000000000000000000 ),
 ( 0.000000000000000000, 0.01282051282051282007, 0.02564102564102564014, 0.03846153846153846367, 0.05128205128205128027, 0.06410256410256409687, 0.07692307692307692735, 0.08974358974358974395, 0.1025641025641025605, 0.1153846153846153910, 0.1282051282051281937, 0.1410256410256410242, 0.1538461538461538547, 0.1666666666666666574, 0.1794871794871794879, 0.1923076923076923184, 0.2051282051282051211, 0.2179487179487179516, 0.2307692307692307820, 0.2435897435897435848, 0.2564102564102563875, 0.2692307692307692180, 0.2820512820512820484, 0.2948717948717948789, 0.3076923076923077094, 0.3205128205128205399, 0.3333333333333333148, 0.3461538461538461453, 0.3589743589743589758, 0.3717948717948718063, 0.3846153846153846367, 0.3974358974358974117, 0.4102564102564102422, 0.4230769230769230727, 0.4358974358974359031, 0.4487179487179487336, 0.4615384615384615641, 0.4743589743589743390, 0.4871794871794871695, 0.5000000000000000000, 0.5128205128205127750, 0.5256410256410256610, 0.5384615384615384359, 0.5512820512820513219, 0.5641025641025640969, 0.5769230769230768718, 0.5897435897435897578, 0.6025641025641025328, 0.6153846153846154188, 0.6282051282051281937, 0.6410256410256410797, 0.6538461538461538547, 0.6666666666666666297, 0.6794871794871795156, 0.6923076923076922906, 0.7051282051282051766, 0.7179487179487179516, 0.7307692307692307265, 0.7435897435897436125, 0.7564102564102563875, 0.7692307692307692735, 0.7820512820512820484, 0.7948717948717948234, 0.8076923076923077094, 0.8205128205128204844, 0.8333333333333333703, 0.8461538461538461453, 0.8589743589743589203, 0.8717948717948718063, 0.8846153846153845812, 0.8974358974358974672, 0.9102564102564102422, 0.9230769230769231282, 0.9358974358974359031, 0.9487179487179486781, 0.9615384615384615641, 0.9743589743589743390 ),
 .UNSPECIFIED. ) 
 GEOMETRIC_REPRESENTATION_ITEM ( )  RATIONAL_B_SPLINE_SURFACE ( (
 ( 1.000000000000000000, 0.8660254037844387076, 1.000000000000000000, 0.8660254037844387076, 1.000000000000000000, 0.8660254037844387076, 1.000000000000000000, 0.8660254037844387076, 1.000000000000000000, 0.8660254037844387076, 1.000000000000000000, 0.8660254037844387076, 1.000000000000000000, 0.8660254037844387076, 1.000000000000000000, 0.8660254037844387076, 1.000000000000000000, 0.8660254037844387076, 1.000000000000000000, 0.8660254037844387076, 1.000000000000000000, 0.8660254037844387076, 1.000000000000000000, 0.8660254037844387076, 1.000000000000000000, 0.8660254037844387076, 1.000000000000000000, 0.8660254037844387076, 1.000000000000000000, 0.8660254037844387076, 1.000000000000000000, 0.8660254037844387076, 1.000000000000000000, 0.8660254037844387076, 1.000000000000000000, 0.8660254037844387076, 1.000000000000000000, 0.8660254037844387076, 1.000000000000000000, 0.8660254037844387076, 1.000000000000000000, 0.8660254037844387076, 1.000000000000000000, 0.8660254037844387076, 1.000000000000000000, 0.8660254037844387076, 1.000000000000000000, 0.8660254037844387076, 1.000000000000000000, 0.8660254037844387076, 1.000000000000000000, 0.8660254037844387076, 1.000000000000000000, 0.8660254037844387076, 1.000000000000000000, 0.8660254037844387076, 1.000000000000000000, 0.8660254037844387076, 1.000000000000000000, 0.8660254037844387076, 1.000000000000000000, 0.8660254037844387076, 1.000000000000000000, 0.8660254037844387076, 1.000000000000000000, 0.8660254037844387076, 1.000000000000000000, 0.8660254037844387076, 1.000000000000000000, 0.8660254037844387076, 1.000000000000000000, 0.8660254037844387076, 1.000000000000000000, 0.8660254037844387076, 1.000000000000000000, 0.8660254037844387076, 1.000000000000000000, 0.8660254037844387076, 1.000000000000000000, 0.8660254037844387076, 1.000000000000000000, 0.8660254037844387076, 1.000000000000000000, 0.8660254037844387076, 1.000000000000000000, 0.8660254037844387076, 1.000000000000000000, 0.8660254037844387076, 1.000000000000000000, 0.8660254037844387076, 1.000000000000000000, 0.8660254037844387076, 1.000000000000000000, 0.8660254037844387076, 1.000000000000000000, 0.8660254037844387076, 1.000000000000000000, 0.8660254037844387076, 1.000000000000000000, 0.8660254037844387076, 1.000000000000000000, 0.8660254037844387076, 1.000000000000000000, 0.8660254037844387076, 1.000000000000000000, 0.8660254037844387076, 1.000000000000000000, 0.8660254037844387076, 1.000000000000000000, 0.8660254037844387076, 1.000000000000000000, 0.8660254037844387076, 1.000000000000000000, 0.8660254037844387076, 1.000000000000000000, 0.8660254037844387076, 1.000000000000000000, 0.8660254037844387076, 1.000000000000000000, 0.8660254037844387076, 1.000000000000000000, 0.8660254037844387076, 1.000000000000000000, 0.8660254037844387076, 1.000000000000000000, 0.8660254037844387076, 1.000000000000000000, 0.8660254037844387076, 1.000000000000000000, 0.8660254037844387076, 1.000000000000000000, 0.8660254037844387076, 1.000000000000000000, 0.8660254037844387076, 1.000000000000000000, 0.8660254037844387076, 1.000000000000000000, 0.8660254037844387076, 1.000000000000000000, 0.8660254037844387076, 1.000000000000000000, 0.8660254037844387076, 1.000000000000000000, 0.8660254037844387076, 1.000000000000000000, 0.8660254037844387076, 1.000000000000000000, 0.8660254037844387076, 1.000000000000000000, 0.8660254037844387076, 1.000000000000000000, 0.8660254037844387076, 1.000000000000000000),
 ( 1.000000000000000000, 0.8660254037844387076, 1.000000000000000000, 0.8660254037844387076, 1.000000000000000000, 0.8660254037844387076, 1.000000000000000000, 0.8660254037844387076, 1.000000000000000000, 0.8660254037844387076, 1.000000000000000000, 0.8660254037844387076, 1.000000000000000000, 0.8660254037844387076, 1.000000000000000000, 0.8660254037844387076, 1.000000000000000000, 0.8660254037844387076, 1.000000000000000000, 0.8660254037844387076, 1.000000000000000000, 0.8660254037844387076, 1.000000000000000000, 0.8660254037844387076, 1.000000000000000000, 0.8660254037844387076, 1.000000000000000000, 0.8660254037844387076, 1.000000000000000000, 0.8660254037844387076, 1.000000000000000000, 0.8660254037844387076, 1.000000000000000000, 0.8660254037844387076, 1.000000000000000000, 0.8660254037844387076, 1.000000000000000000, 0.8660254037844387076, 1.000000000000000000, 0.8660254037844387076, 1.000000000000000000, 0.8660254037844387076, 1.000000000000000000, 0.8660254037844387076, 1.000000000000000000, 0.8660254037844387076, 1.000000000000000000, 0.8660254037844387076, 1.000000000000000000, 0.8660254037844387076, 1.000000000000000000, 0.8660254037844387076, 1.000000000000000000, 0.8660254037844387076, 1.000000000000000000, 0.8660254037844387076, 1.000000000000000000, 0.8660254037844387076, 1.000000000000000000, 0.8660254037844387076, 1.000000000000000000, 0.8660254037844387076, 1.000000000000000000, 0.8660254037844387076, 1.000000000000000000, 0.8660254037844387076, 1.000000000000000000, 0.8660254037844387076, 1.000000000000000000, 0.8660254037844387076, 1.000000000000000000, 0.8660254037844387076, 1.000000000000000000, 0.8660254037844387076, 1.000000000000000000, 0.8660254037844387076, 1.000000000000000000, 0.8660254037844387076, 1.000000000000000000, 0.8660254037844387076, 1.000000000000000000, 0.8660254037844387076, 1.000000000000000000, 0.8660254037844387076, 1.000000000000000000, 0.8660254037844387076, 1.000000000000000000, 0.8660254037844387076, 1.000000000000000000, 0.8660254037844387076, 1.000000000000000000, 0.8660254037844387076, 1.000000000000000000, 0.8660254037844387076, 1.000000000000000000, 0.8660254037844387076, 1.000000000000000000, 0.8660254037844387076, 1.000000000000000000, 0.8660254037844387076, 1.000000000000000000, 0.8660254037844387076, 1.000000000000000000, 0.8660254037844387076, 1.000000000000000000, 0.8660254037844387076, 1.000000000000000000, 0.8660254037844387076, 1.000000000000000000, 0.8660254037844387076, 1.000000000000000000, 0.8660254037844387076, 1.000000000000000000, 0.8660254037844387076, 1.000000000000000000, 0.8660254037844387076, 1.000000000000000000, 0.8660254037844387076, 1.000000000000000000, 0.8660254037844387076, 1.000000000000000000, 0.8660254037844387076, 1.000000000000000000, 0.8660254037844387076, 1.000000000000000000, 0.8660254037844387076, 1.000000000000000000, 0.8660254037844387076, 1.000000000000000000, 0.8660254037844387076, 1.000000000000000000, 0.8660254037844387076, 1.000000000000000000, 0.8660254037844387076, 1.000000000000000000, 0.8660254037844387076, 1.000000000000000000, 0.8660254037844387076, 1.000000000000000000, 0.8660254037844387076, 1.000000000000000000, 0.8660254037844387076, 1.000000000000000000, 0.8660254037844387076, 1.000000000000000000, 0.8660254037844387076, 1.000000000000000000, 0.8660254037844387076, 1.000000000000000000, 0.8660254037844387076, 1.000000000000000000, 0.8660254037844387076, 1.000000000000000000) ) ) 
 REPRESENTATION_ITEM ( '' )  SURFACE ( )  );
#4251 = CARTESIAN_POINT ( 'NONE',  ( -1.172864355864549048E-16, -0.9577164262227690905, -3.843749999999997780 ) ) ;
#4252 = CARTESIAN_POINT ( 'NONE',  ( -1.443375672974070545, -6.447908183831835661E-15, 3.612500000000001599 ) ) ;
#4253 = FACE_OUTER_BOUND ( 'NONE', #3830, .T. ) ;
#4254 = CARTESIAN_POINT ( 'NONE',  ( -1.530808498934197980E-16, -1.250000000000011990, 4.118750000000004796 ) ) ;
#4255 = CARTESIAN_POINT ( 'NONE',  ( 1.443375672974069213, -6.101429900168419678E-15, -2.606249999999994849 ) ) ;
#4256 = CARTESIAN_POINT ( 'NONE',  ( 0.7357503364870356943, 1.274356964481434984, 8.370312500000004263 ) ) ;
#4257 = CARTESIAN_POINT ( 'NONE',  ( 0.6435287123945641063, -0.9211261692280118263, -0.5589039904826940131 ) ) ;
#4258 = VERTEX_POINT ( 'NONE', #195 ) ;
#4259 = CARTESIAN_POINT ( 'NONE',  ( -1.281228882126025370, 1.858358371364328798, 0.02587396801048967576 ) ) ;
#4260 = EDGE_LOOP ( 'NONE', ( #962, #1445, #2463, #3253 ) ) ;
#4261 = CARTESIAN_POINT ( 'NONE',  ( 2.345728711729071966E-16, 0.9577164262227458869, 5.918750000000001954 ) ) ;
#4262 = CARTESIAN_POINT ( 'NONE',  ( -0.7216878364870352724, -1.250000000000009992, -1.462500000000000577 ) ) ;
#4263 = CARTESIAN_POINT ( 'NONE',  ( 0.7357503364870370266, 1.274356964481438315, -3.023437499999998668 ) ) ;
#4264 = DIRECTION ( 'NONE',  ( -0.000000000000000000, 9.875224244405043999E-17, -1.000000000000000000 ) ) ;
#4265 = CARTESIAN_POINT ( 'NONE',  ( -1.105875672974077073, -5.744460501470848685E-15, -2.212499999999998135 ) ) ;
#4266 = VERTEX_POINT ( 'NONE', #1016 ) ;
#4267 = ADVANCED_FACE ( 'NONE', ( #3861 ), #1688, .F. ) ;
#4268 = CARTESIAN_POINT ( 'NONE',  ( -1.172864355864549048E-16, -0.9577164262227689795, -2.999999999999998224 ) ) ;
#4269 = EDGE_CURVE ( 'NONE', #1312, #1486, #242, .T. ) ;
#4270 = CARTESIAN_POINT ( 'NONE',  ( 1.082531754730552631, 0.6249999999999954481, -3.075000000000000622 ) ) ;
#4271 = CARTESIAN_POINT ( 'NONE',  ( -1.105875672974064861, -6.468574098567446112E-15, 7.381250000000003197 ) ) ;
#4272 = CARTESIAN_POINT ( 'NONE',  ( -0.5529378364870326523, -0.9577164262227586544, 2.956250000000002487 ) ) ;
#4273 = VECTOR ( 'NONE', #2759, 1000.000000000000000 ) ;
#4274 = ORIENTED_EDGE ( 'NONE', *, *, #2070, .T. ) ;
#4275 = AXIS2_PLACEMENT_3D ( 'NONE', #4303, #2142, #276 ) ;
#4276 = CARTESIAN_POINT ( 'NONE',  ( 1.105875672974077295, -6.025654879471180303E-15, -2.381249999999998312 ) ) ;
#4277 = DIRECTION ( 'NONE',  ( 0.000000000000000000, 0.000000000000000000, 1.000000000000000000 ) ) ;
#4278 = DIRECTION ( 'NONE',  ( -0.000000000000000000, 9.875224244405043999E-17, -1.000000000000000000 ) ) ;
#4279 = CONICAL_SURFACE ( 'NONE', #1894, 1.024999999999997025, 0.7853981633974507215 ) ;
#4280 =( BOUNDED_CURVE ( )  B_SPLINE_CURVE ( 2, ( #4288, #2911, #3988, #991, #2102, #3568, #262 ),
 .UNSPECIFIED., .F., .F. ) 
 B_SPLINE_CURVE_WITH_KNOTS ( ( 3, 2, 2, 3 ),
 ( 0.2674326764651820953, 0.2859511949837005851, 0.3044697135022190748, 0.3229882320207375646 ),
 .UNSPECIFIED. ) 
 CURVE ( )  GEOMETRIC_REPRESENTATION_ITEM ( )  RATIONAL_B_SPLINE_CURVE ( ( 1.000000000000000000, 0.8660254037844388186, 1.000000000000000000, 0.8660254037844388186, 1.000000000000000000, 0.8660254037844388186, 1.000000000000000000 ) ) 
 REPRESENTATION_ITEM ( '' )  );
#4281 = DIRECTION ( 'NONE',  ( -0.000000000000000000, 9.875224244405043999E-17, -1.000000000000000000 ) ) ;
#4282 = CARTESIAN_POINT ( 'NONE',  ( -1.103625504730552320, 0.6371784822407147164, 6.232812500000004086 ) ) ;
#4283 = DIRECTION ( 'NONE',  ( -1.000000000000000000, 0.000000000000000000, 0.000000000000000000 ) ) ;
#4284 = VERTEX_POINT ( 'NONE', #285 ) ;
#4285 = CARTESIAN_POINT ( 'NONE',  ( -1.530808498934197241E-16, -1.250000000000010658, -3.618749999999995914 ) ) ;
#4286 = VERTEX_POINT ( 'NONE', #1757 ) ;
#4287 = CARTESIAN_POINT ( 'NONE',  ( 2.345728711729071966E-16, 0.9577164262227458869, 6.368750000000003020 ) ) ;
#4288 = CARTESIAN_POINT ( 'NONE',  ( 0.000000000000000000, 1.249999999999998890, -1.593749999999996225 ) ) ;
#4289 = CARTESIAN_POINT ( 'NONE',  ( -0.7357503364870361384, 1.274356964481438537, -3.398437499999998668 ) ) ;
#4290 = CARTESIAN_POINT ( 'NONE',  ( -0.8294067547305579158, 0.4788582131113758855, -1.799999999999998712 ) ) ;
#4291 = CARTESIAN_POINT ( 'NONE',  ( 3.061616997868396453E-16, 1.249999999999998890, 5.750000000000000888 ) ) ;
#4292 = ORIENTED_EDGE ( 'NONE', *, *, #4371, .F. ) ;
#4293 = CARTESIAN_POINT ( 'NONE',  ( 0.8294067547305582488, 0.4788582131113751639, -0.5999999999999989786 ) ) ;
#4294 = CARTESIAN_POINT ( 'NONE',  ( -1.580000000000000071, 1.463460382435336727E-15, 8.000000000000000000 ) ) ;
#4295 = VECTOR ( 'NONE', #3090, 1000.000000000000000 ) ;
#4296 = CARTESIAN_POINT ( 'NONE',  ( 0.5529378364870329854, 0.9577164262227455538, 3.237500000000003375 ) ) ;
#4297 = CARTESIAN_POINT ( 'NONE',  ( -1.103625504730552542, 0.6371784822407147164, 8.060937500000001421 ) ) ;
#4298 = EDGE_CURVE ( 'NONE', #887, #4158, #622, .T. ) ;
#4299 = ORIENTED_EDGE ( 'NONE', *, *, #1919, .F. ) ;
#4300 = CARTESIAN_POINT ( 'NONE',  ( 2.249999999999998668, -0.7232985748260177816, 7.921117145601617615 ) ) ;
#4301 = CARTESIAN_POINT ( 'NONE',  ( 2.345728711729071966E-16, 0.9577164262227458869, 8.675000000000004263 ) ) ;
#4302 = CARTESIAN_POINT ( 'NONE',  ( 1.103625504730554319, -0.6371784822407287052, -3.557812499999997602 ) ) ;
#4303 = CARTESIAN_POINT ( 'NONE',  ( 0.000000000000000000, -4.481441770539532523E-16, -0.6367499999999949312 ) ) ;
#4304 = CARTESIAN_POINT ( 'NONE',  ( -1.103625504730552320, 0.6371784822407147164, 5.782812500000003908 ) ) ;
#4305 = VERTEX_POINT ( 'NONE', #4291 ) ;
#4306 = CARTESIAN_POINT ( 'NONE',  ( -0.4967532692869273681, 2.311275577609679832, 0.07941634923340450125 ) ) ;
#4307 = VERTEX_POINT ( 'NONE', #266 ) ;
#4308 = CARTESIAN_POINT ( 'NONE',  ( 1.105875672974064861, -6.739435519199968560E-15, 7.156250000000003553 ) ) ;
#4309 = AXIS2_PLACEMENT_3D ( 'NONE', #2619, #1922, #4446 ) ;
#4310 = CARTESIAN_POINT ( 'NONE',  ( -0.1912500000000103562, -2.487657972370796333, 0.1674308549307001459 ) ) ;
#4311 = CARTESIAN_POINT ( 'NONE',  ( 0.5529378364870390916, 0.9577164262227568781, -2.362499999999998934 ) ) ;
#4312 = FACE_BOUND ( 'NONE', #3144, .T. ) ;
#4313 = ORIENTED_EDGE ( 'NONE', *, *, #2127, .F. ) ;
#4314 = CARTESIAN_POINT ( 'NONE',  ( -0.8294067547305580268, -0.4788582131113870988, -1.724999999999998757 ) ) ;
#4315 = CARTESIAN_POINT ( 'NONE',  ( -0.7216878364870350504, 1.249999999999999112, 5.281250000000003553 ) ) ;
#4316 = CARTESIAN_POINT ( 'NONE',  ( 0.5529378364870320972, -0.9577164262227589875, 8.431250000000003908 ) ) ;
#4317 = CARTESIAN_POINT ( 'NONE',  ( 1.103625504730552320, -0.6371784822407282611, 8.285937500000001066 ) ) ;
#4318 = ORIENTED_EDGE ( 'NONE', *, *, #2483, .T. ) ;
#4319 = EDGE_CURVE ( 'NONE', #2325, #1043, #522, .T. ) ;
#4320 = CARTESIAN_POINT ( 'NONE',  ( 0.000000000000000000, 1.249999999999998890, -0.7500000000000007772 ) ) ;
#4321 = CARTESIAN_POINT ( 'NONE',  ( -0.8294067547305487009, 0.4788582131113697238, 8.300000000000004263 ) ) ;
#4322 = B_SPLINE_CURVE_WITH_KNOTS ( 'NONE', 3,
 ( #1701, #3628, #3244, #3178 ),
 .UNSPECIFIED., .F., .F.,
 ( 4, 4 ),
 ( 0.000000000000000000, 0.0007480589644917935190 ),
 .UNSPECIFIED. ) ;
#4323 = CARTESIAN_POINT ( 'NONE',  ( -1.471500672974072721, -5.733266464322392169E-15, -2.395312499999997513 ) ) ;
#4324 = ADVANCED_FACE ( 'NONE', ( #1329 ), #3929, .T. ) ;
#4325 = EDGE_CURVE ( 'NONE', #3944, #2106, #2033, .T. ) ;
#4326 = CARTESIAN_POINT ( 'NONE',  ( 1.530808498934192064E-16, -1.250000000000000666, -3.899999999999999911 ) ) ;
#4327 = CARTESIAN_POINT ( 'NONE',  ( 0.7357503364870356943, 1.274356964481434984, 6.570312500000003553 ) ) ;
#4328 = PERSON_AND_ORGANIZATION ( #983, #4684 ) ;
#4329 = VERTEX_POINT ( 'NONE', #2129 ) ;
#4330 = CARTESIAN_POINT ( 'NONE',  ( 0.5529378364870320972, -0.9577164262227590985, 7.081250000000003375 ) ) ;
#4331 = CARTESIAN_POINT ( 'NONE',  ( 0.7216878364870349394, -1.250000000000012434, 5.056250000000003020 ) ) ;
#4332 = CARTESIAN_POINT ( 'NONE',  ( -0.7216878364870350504, 1.249999999999999112, 3.931250000000004796 ) ) ;
#4333 = CARTESIAN_POINT ( 'NONE',  ( -0.5529378364870322082, 0.9577164262227458869, 4.212500000000003020 ) ) ;
#4334 = CARTESIAN_POINT ( 'NONE',  ( 0.000000000000000000, 0.9577164262227572111, -2.324999999999998401 ) ) ;
#4335 = ORIENTED_EDGE ( 'NONE', *, *, #3534, .T. ) ;
#4336 = CARTESIAN_POINT ( 'NONE',  ( 0.8294067547305576937, -0.4788582131113877094, -1.124999999999998890 ) ) ;
#4337 = CARTESIAN_POINT ( 'NONE',  ( -0.8109459538553475122, -0.5599608515061396119, -3.900000000000006128 ) ) ;
#4338 = CC_DESIGN_PERSON_AND_ORGANIZATION_ASSIGNMENT ( #939, #641, ( #3930 ) ) ;
#4339 = CARTESIAN_POINT ( 'NONE',  ( -1.172864355864535983E-16, -0.9577164262227588765, 3.050000000000003375 ) ) ;
#4340 = CARTESIAN_POINT ( 'NONE',  ( 0.5529378364870329854, 0.9577164262227455538, 3.181250000000003020 ) ) ;
#4341 = ORIENTED_EDGE ( 'NONE', *, *, #702, .F. ) ;
#4342 = CARTESIAN_POINT ( 'NONE',  ( 2.345728711729071966E-16, 0.9577164262227458869, 5.975000000000003197 ) ) ;
#4343 = AXIS2_PLACEMENT_3D ( 'NONE', #2148, #2888, #625 ) ;
#4344 = CARTESIAN_POINT ( 'NONE',  ( -0.7216878364870350504, 1.249999999999999112, 5.337500000000000355 ) ) ;
#4345 = CARTESIAN_POINT ( 'NONE',  ( -1.471500672974072721, -5.815930123264837920E-15, -3.745312499999997158 ) ) ;
#4346 = DIRECTION ( 'NONE',  ( -0.000000000000000000, 9.875224244405043999E-17, -1.000000000000000000 ) ) ;
#4347 = CARTESIAN_POINT ( 'NONE',  ( -1.471500672974069834, -6.446186024270533869E-15, 6.720312500000003908 ) ) ;
#4348 = AXIS2_PLACEMENT_3D ( 'NONE', #4452, #1075, #2190 ) ;
#4349 = ORIENTED_EDGE ( 'NONE', *, *, #1759, .F. ) ;
#4350 = CALENDAR_DATE ( 2026, 8, 1 ) ;
#4351 = EDGE_CURVE ( 'NONE', #4527, #2876, #1427, .T. ) ;
#4352 = ORIENTED_EDGE ( 'NONE', *, *, #464, .F. ) ;
#4353 = CARTESIAN_POINT ( 'NONE',  ( -0.5529378364870323193, 0.9577164262227461089, 5.506250000000002309 ) ) ;
#4354 = CARTESIAN_POINT ( 'NONE',  ( 1.281228882126025370, 1.858358371364329242, 7.974126031989509755 ) ) ;
#4355 = CARTESIAN_POINT ( 'NONE',  ( -0.7357503364870368046, -1.274356964481449861, -0.5484374999999989120 ) ) ;
#4356 = CARTESIAN_POINT ( 'NONE',  ( 0.5529378364870320972, -0.9577164262227589875, 6.237500000000003375 ) ) ;
#4357 = CARTESIAN_POINT ( 'NONE',  ( 0.000000000000000000, 1.250000000000000222, -3.899999999999999911 ) ) ;
#4358 = EDGE_LOOP ( 'NONE', ( #326, #4682, #2027, #3425, #436, #42, #1377, #4299, #2035, #24, #4076, #3045, #766, #2580, #278, #3258, #4063, #1747, #1941, #4068, #1830, #2872, #2314, #901, #1426, #163, #1414 ) ) ;
#4359 = CARTESIAN_POINT ( 'NONE',  ( -0.8294067547305579158, 0.4788582131113758300, -2.249999999999998668 ) ) ;
#4360 = CARTESIAN_POINT ( 'NONE',  ( 1.082531754730552853, 0.6249999999999957812, -0.7687499999999963807 ) ) ;
#4361 = CARTESIAN_POINT ( 'NONE',  ( -1.105875672974064861, -6.468574098567446112E-15, 8.281250000000001776 ) ) ;
#4362 = CARTESIAN_POINT ( 'NONE',  ( 0.7357503364870358054, 1.274356964481435206, 5.248437500000001421 ) ) ;
#4363 = ORIENTED_EDGE ( 'NONE', *, *, #4622, .T. ) ;
#4364 = CONICAL_SURFACE ( 'NONE', #3528, 2.205000000000000071, 1.047197551196600074 ) ;
#4365 = CARTESIAN_POINT ( 'NONE',  ( -0.8294067547305487009, 0.4788582131113697238, 5.600000000000003197 ) ) ;
#4366 = CARTESIAN_POINT ( 'NONE',  ( -1.172864355864549048E-16, -0.9577164262227688685, -1.143749999999998046 ) ) ;
#4367 = CARTESIAN_POINT ( 'NONE',  ( 0.5529378364870320972, -0.9577164262227589875, 8.487500000000004263 ) ) ;
#4368 = CARTESIAN_POINT ( 'NONE',  ( 2.345728711729071966E-16, 0.9577164262227458869, 7.718750000000002665 ) ) ;
#4369 = PRODUCT_DEFINITION_FORMATION_WITH_SPECIFIED_SOURCE ( 'ANY', '', #1021, .NOT_KNOWN. ) ;
#4370 = CARTESIAN_POINT ( 'NONE',  ( -0.7357503364870368046, -1.274356964481449861, -1.870312499999997602 ) ) ;
#4371 = EDGE_CURVE ( 'NONE', #556, #3761, #290, .T. ) ;
#4372 = CARTESIAN_POINT ( 'NONE',  ( -0.8849636414586168343, 0.8828019898574670510, -0.6367499999999947091 ) ) ;
#4373 = CARTESIAN_POINT ( 'NONE',  ( -1.471500672974069834, -6.446186024270533869E-15, 6.270312500000004619 ) ) ;
#4374 = DATE_AND_TIME ( #4350, #3374 ) ;
#4375 = DIRECTION ( 'NONE',  ( -0.000000000000000000, 9.875224244405043999E-17, -1.000000000000000000 ) ) ;
#4376 = FACE_OUTER_BOUND ( 'NONE', #1102, .T. ) ;
#4377 = AXIS2_PLACEMENT_3D ( 'NONE', #1143, #153, #3487 ) ;
#4378 = DIRECTION ( 'NONE',  ( -0.000000000000000000, 9.875224244405043999E-17, -1.000000000000000000 ) ) ;
#4379 = ADVANCED_FACE ( 'NONE', ( #332 ), #3706, .F. ) ;
#4380 = CARTESIAN_POINT ( 'NONE',  ( 0.7357503364870359164, -1.274356964481450305, -0.4734374999999990674 ) ) ;
#4381 = CARTESIAN_POINT ( 'NONE',  ( 0.5529378364870320972, -0.9577164262227589875, 4.437500000000004441 ) ) ;
#4382 =( BOUNDED_CURVE ( )  B_SPLINE_CURVE ( 2, ( #35, #2937, #1079, #380, #1828, #765, #1804 ),
 .UNSPECIFIED., .F., .F. ) 
 B_SPLINE_CURVE_WITH_KNOTS ( ( 3, 2, 2, 3 ),
 ( 0.4743589743589743390, 0.4871794871794871695, 0.5000000000000000000, 0.5128205128205127750 ),
 .UNSPECIFIED. ) 
 CURVE ( )  GEOMETRIC_REPRESENTATION_ITEM ( )  RATIONAL_B_SPLINE_CURVE ( ( 1.000000000000000000, 0.8660254037844387076, 1.000000000000000000, 0.8660254037844387076, 1.000000000000000000, 0.8660254037844387076, 1.000000000000000000 ) ) 
 REPRESENTATION_ITEM ( '' )  );
#4383 = LINE ( 'NONE', #2557, #3364 ) ;
#4384 = ORIENTED_EDGE ( 'NONE', *, *, #4476, .F. ) ;
#4385 = CARTESIAN_POINT ( 'NONE',  ( 0.8294067547305576937, -0.4788582131113877649, -2.024999999999998579 ) ) ;
#4386 = CARTESIAN_POINT ( 'NONE',  ( -1.530808498934197241E-16, -1.250000000000010658, -3.618749999999995914 ) ) ;
#4387 = CARTESIAN_POINT ( 'NONE',  ( 0.8294067547305484789, -0.4788582131113831575, 5.318750000000002309 ) ) ;
#4388 = CARTESIAN_POINT ( 'NONE',  ( -1.103625504730552764, -0.6371784822407273730, 5.435937500000001421 ) ) ;
#4389 = ORIENTED_EDGE ( 'NONE', *, *, #2804, .T. ) ;
#4390 = CARTESIAN_POINT ( 'NONE',  ( 0.8294067547305484789, -0.4788582131113831575, 6.275000000000003020 ) ) ;
#4391 = CARTESIAN_POINT ( 'NONE',  ( 0.7357503364870359164, -1.274356964481450527, -3.623437499999998757 ) ) ;
#4392 = CARTESIAN_POINT ( 'NONE',  ( 0.5529378364870320972, -0.9577164262227589875, 7.137500000000003730 ) ) ;
#4393 = CARTESIAN_POINT ( 'NONE',  ( -1.105875672974064861, -6.468574098567446112E-15, 6.031250000000001776 ) ) ;
#4394 = CARTESIAN_POINT ( 'NONE',  ( -0.7357503364870361384, 1.274356964481438537, -3.370312499999997158 ) ) ;
#4395 = CARTESIAN_POINT ( 'NONE',  ( -0.7216878364870352724, -1.250000000000009770, -3.206249999999995381 ) ) ;
#4396 = CARTESIAN_POINT ( 'NONE',  ( -1.471500672974069834, -6.446186024270533869E-15, 4.920312500000004974 ) ) ;
#4397 = CARTESIAN_POINT ( 'NONE',  ( 1.082531754730553519, 0.6249999999999953371, 5.618750000000004796 ) ) ;
#4398 = DIRECTION ( 'NONE',  ( 0.000000000000000000, 1.000000000000000000, 8.490526079532809654E-17 ) ) ;
#4399 = CARTESIAN_POINT ( 'NONE',  ( -1.530808498934196994E-16, -1.250000000000010214, -1.425000000000000488 ) ) ;
#4400 =( BOUNDED_CURVE ( )  B_SPLINE_CURVE ( 2, ( #1901, #4479, #3392, #86, #4035, #4500, #3054 ),
 .UNSPECIFIED., .F., .F. ) 
 B_SPLINE_CURVE_WITH_KNOTS ( ( 3, 2, 2, 3 ),
 ( 0.6666666666666666297, 0.6851851851851852304, 0.7037037037037037202, 0.7222222222222222099 ),
 .UNSPECIFIED. ) 
 CURVE ( )  GEOMETRIC_REPRESENTATION_ITEM ( )  RATIONAL_B_SPLINE_CURVE ( ( 1.000000000000000000, 0.8660254037844387076, 1.000000000000000000, 0.8660254037844387076, 1.000000000000000000, 0.8660254037844387076, 1.000000000000000000 ) ) 
 REPRESENTATION_ITEM ( '' )  );
#4401 = CARTESIAN_POINT ( 'NONE',  ( -0.7052048414098192053, -1.061447975444169023, -0.1031458345977828983 ) ) ;
#4402 = CARTESIAN_POINT ( 'NONE',  ( 0.5529378364870329854, 0.9577164262227455538, 5.487500000000002487 ) ) ;
#4403 = DIRECTION ( 'NONE',  ( 0.000000000000000000, 0.000000000000000000, 1.000000000000000000 ) ) ;
#4404 = EDGE_LOOP ( 'NONE', ( #2436, #1655, #3890, #3217 ) ) ;
#4405 = CARTESIAN_POINT ( 'NONE',  ( -1.172864355864549048E-16, -0.9577164262227689795, -2.493749999999997691 ) ) ;
#4406 = CARTESIAN_POINT ( 'NONE',  ( -1.530808498934196994E-16, -1.250000000000010436, -2.775000000000000355 ) ) ;
#4407 = CARTESIAN_POINT ( 'NONE',  ( -0.5529378364870322082, 0.9577164262227458869, 5.506250000000003197 ) ) ;
#4408 = CARTESIAN_POINT ( 'NONE',  ( -1.560637177523335658E-16, -1.274356964481448751, 5.060937500000002309 ) ) ;
#4409 = ORIENTED_EDGE ( 'NONE', *, *, #251, .T. ) ;
#4410 = EDGE_CURVE ( 'NONE', #2852, #489, #678, .T. ) ;
#4411 = EDGE_CURVE ( 'NONE', #2181, #2885, #4383, .T. ) ;
#4412 = CARTESIAN_POINT ( 'NONE',  ( -0.005511254091033964374, 0.9577164262227574332, -0.4683762291802492927 ) ) ;
#4413 = B_SPLINE_CURVE_WITH_KNOTS ( 'NONE', 3,
 ( #3363, #3724, #1574, #3050, #3799, #1529 ),
 .UNSPECIFIED., .F., .F.,
 ( 4, 2, 4 ),
 ( 8.706941216456693995E-15, 0.0002012759897655102192, 0.0004025519795223135361 ),
 .UNSPECIFIED. ) ;
#4414 = CARTESIAN_POINT ( 'NONE',  ( 2.345728711729071966E-16, 0.9577164262227458869, 6.425000000000003375 ) ) ;
#4415 = CARTESIAN_POINT ( 'NONE',  ( -0.5529378364870388696, -0.9577164262227686464, -1.181249999999997913 ) ) ;
#4416 = CARTESIAN_POINT ( 'NONE',  ( 0.8294067547305490340, 0.4788582131113688911, 6.350000000000003197 ) ) ;
#4417 = CARTESIAN_POINT ( 'NONE',  ( 0.5529378364870329854, 0.9577164262227455538, 6.781250000000001776 ) ) ;
#4418 = CARTESIAN_POINT ( 'NONE',  ( 1.105875672974077295, -6.084208304555413597E-15, -3.337499999999998579 ) ) ;
#4419 = CARTESIAN_POINT ( 'NONE',  ( 0.000000000000000000, 0.9583659452755938224, -0.4683749999999989866 ) ) ;
#4420 = CARTESIAN_POINT ( 'NONE',  ( 1.471500672974069834, -6.806599742090707656E-15, 4.695312500000004441 ) ) ;
#4421 = CARTESIAN_POINT ( 'NONE',  ( 1.105875672974077073, -6.080763985432811593E-15, -3.281249999999997780 ) ) ;
#4422 = CARTESIAN_POINT ( 'NONE',  ( -0.7216878364870364937, -1.250000000000008216, -3.262499999999999734 ) ) ;
#4423 = PERSON_AND_ORGANIZATION_ROLE ( 'design_supplier' ) ;
#4424 = CARTESIAN_POINT ( 'NONE',  ( -0.8294067547305487009, 0.4788582131113697238, 4.193750000000003197 ) ) ;
#4425 = APPROVAL ( #3494, 'UNSPECIFIED' ) ;
#4426 = CARTESIAN_POINT ( 'NONE',  ( 0.2351544940650031335, 1.134545206719182131, -3.790454793282652890 ) ) ;
#4427 = CARTESIAN_POINT ( 'NONE',  ( 0.8294067547305484789, -0.4788582131113831575, 5.825000000000003730 ) ) ;
#4428 = DIRECTION ( 'NONE',  ( 1.000000000000000000, 0.000000000000000000, 0.000000000000000000 ) ) ;
#4429 = ORIENTED_EDGE ( 'NONE', *, *, #4220, .T. ) ;
#4430 = CIRCLE ( 'NONE', #2360, 1.024999999999997025 ) ;
#4431 = CARTESIAN_POINT ( 'NONE',  ( -0.5529378364870388696, -0.9577164262227687574, -2.081249999999998046 ) ) ;
#4432 =( BOUNDED_CURVE ( )  B_SPLINE_CURVE ( 2, ( #3335, #1821, #4759, #26, #1457, #1093, #1502 ),
 .UNSPECIFIED., .F., .F. ) 
 B_SPLINE_CURVE_WITH_KNOTS ( ( 3, 2, 2, 3 ),
 ( 0.7820512820512820484, 0.7948717948717948234, 0.8076923076923077094, 0.8205128205128204844 ),
 .UNSPECIFIED. ) 
 CURVE ( )  GEOMETRIC_REPRESENTATION_ITEM ( )  RATIONAL_B_SPLINE_CURVE ( ( 1.000000000000000000, 0.8660254037844387076, 1.000000000000000000, 0.8660254037844387076, 1.000000000000000000, 0.8660254037844387076, 1.000000000000000000 ) ) 
 REPRESENTATION_ITEM ( '' )  );
#4433 = CARTESIAN_POINT ( 'NONE',  ( 0.000000000000000000, 1.249999999999999334, -0.6367499999999948201 ) ) ;
#4434 = CARTESIAN_POINT ( 'NONE',  ( 0.8294067547305490340, 0.4788582131113688911, 5.393750000000002487 ) ) ;
#4435 = CARTESIAN_POINT ( 'NONE',  ( -1.471500672974070056, -6.446186024270533869E-15, 4.498437500000002309 ) ) ;
#4436 = VERTEX_POINT ( 'NONE', #2916 ) ;
#4437 = CARTESIAN_POINT ( 'NONE',  ( -1.105875672974077073, -5.658352523405799350E-15, -0.8062499999999979128 ) ) ;
#4438 = CARTESIAN_POINT ( 'NONE',  ( -1.172864355864535983E-16, -0.9577164262227588765, 4.850000000000003197 ) ) ;
#4439 = CARTESIAN_POINT ( 'NONE',  ( 0.8294067547305576937, -0.4788582131113877094, -1.518749999999998046 ) ) ;
#4440 = EDGE_CURVE ( 'NONE', #258, #2181, #1675, .T. ) ;
#4441 = CARTESIAN_POINT ( 'NONE',  ( 0.5529378364870320972, -0.9577164262227589875, 8.037500000000003197 ) ) ;
#4442 = CARTESIAN_POINT ( 'NONE',  ( 1.105875672974064861, -6.739435519199968560E-15, 6.706250000000002487 ) ) ;
#4443 = VERTEX_POINT ( 'NONE', #3343 ) ;
#4444 = CARTESIAN_POINT ( 'NONE',  ( 1.103625504730555207, 0.6371784822407156046, -1.232812499999997868 ) ) ;
#4445 = B_SPLINE_CURVE_WITH_KNOTS ( 'NONE', 3,
 ( #1644, #1596, #4201, #2351 ),
 .UNSPECIFIED., .F., .F.,
 ( 4, 4 ),
 ( 0.01322193005464988164, 0.01428862027923400585 ),
 .UNSPECIFIED. ) ;
#4446 = DIRECTION ( 'NONE',  ( 1.000000000000000000, 0.000000000000000000, 0.000000000000000000 ) ) ;
#4447 = VECTOR ( 'NONE', #4597, 1000.000000000000000 ) ;
#4448 = CARTESIAN_POINT ( 'NONE',  ( 0.7357503364870356943, 1.274356964481434984, 3.420312500000004086 ) ) ;
#4449 = CARTESIAN_POINT ( 'NONE',  ( -0.5529378364870384255, 0.9577164262227571001, -2.231249999999997957 ) ) ;
#4450 = CARTESIAN_POINT ( 'NONE',  ( -2.232237999122074434, -1.211567502944647101, 0.1928062570097134332 ) ) ;
#4451 = LOCAL_TIME ( 18, 7, 58.00000000000000000, #1480 ) ;
#4452 = CARTESIAN_POINT ( 'NONE',  ( 0.000000000000000000, -1.258909218984051749E-16, -3.899999999999999911 ) ) ;
#4453 = CARTESIAN_POINT ( 'NONE',  ( -2.249999999999999112, 0.9030580048387529812, 7.876267325418345955 ) ) ;
#4454 = CARTESIAN_POINT ( 'NONE',  ( 1.081656843594607897, -0.1446798775585965979, -3.859668709753365512 ) ) ;
#4455 = LINE ( 'NONE', #860, #1215 ) ;
#4456 = CARTESIAN_POINT ( 'NONE',  ( 0.000000000000000000, -1.258909218984051749E-16, -3.899999999999999911 ) ) ;
#4457 = ORIENTED_EDGE ( 'NONE', *, *, #171, .F. ) ;
#4458 = CARTESIAN_POINT ( 'NONE',  ( 0.8294067547305582488, 0.4788582131113750529, -2.343749999999997780 ) ) ;
#4459 = CARTESIAN_POINT ( 'NONE',  ( -0.7216878364870357165, -1.250000000000011768, 6.387500000000001954 ) ) ;
#4460 = CARTESIAN_POINT ( 'NONE',  ( 0.8294067547305490340, 0.4788582131113688911, 5.843750000000002665 ) ) ;
#4461 = CARTESIAN_POINT ( 'NONE',  ( -0.7357503364870353613, -1.274356964481448529, 6.373437500000002309 ) ) ;
#4462 = ORIENTED_EDGE ( 'NONE', *, *, #1773, .F. ) ;
#4463 =( BOUNDED_CURVE ( )  B_SPLINE_CURVE ( 2, ( #3552, #3840, #3886, #245, #1309, #3170, #3146 ),
 .UNSPECIFIED., .F., .F. ) 
 B_SPLINE_CURVE_WITH_KNOTS ( ( 3, 2, 2, 3 ),
 ( 0.1007660097985153547, 0.1192845283170339554, 0.1378030468355524452, 0.1563215653540709349 ),
 .UNSPECIFIED. ) 
 CURVE ( )  GEOMETRIC_REPRESENTATION_ITEM ( )  RATIONAL_B_SPLINE_CURVE ( ( 1.000000000000000000, 0.8660254037844388186, 1.000000000000000000, 0.8660254037844388186, 1.000000000000000000, 0.8660254037844388186, 1.000000000000000000 ) ) 
 REPRESENTATION_ITEM ( '' )  );
#4464 = DIRECTION ( 'NONE',  ( 0.000000000000000000, 1.000000000000000000, 0.000000000000000000 ) ) ;
#4465 = CARTESIAN_POINT ( 'NONE',  ( -1.105875672974064861, -6.468574098567446901E-15, 3.387500000000003286 ) ) ;
#4466 = CARTESIAN_POINT ( 'NONE',  ( -0.7170883541538657369, -0.6733993895350914860, -0.3035152313019990888 ) ) ;
#4467 = CARTESIAN_POINT ( 'NONE',  ( -0.5529378364870322082, 0.9577164262227458869, 6.462500000000002132 ) ) ;
#4468 = CARTESIAN_POINT ( 'NONE',  ( -0.8294067547305487009, 0.4788582131113697238, 6.443750000000002309 ) ) ;
#4469 = ORIENTED_EDGE ( 'NONE', *, *, #1553, .F. ) ;
#4470 = CARTESIAN_POINT ( 'NONE',  ( -0.5529378364870384255, 0.9577164262227572111, -3.187499999999998668 ) ) ;
#4471 = CARTESIAN_POINT ( 'NONE',  ( -0.9599566222303309582, 2.119230514998107605E-11, 7.379956622230332108 ) ) ;
#4472 = CARTESIAN_POINT ( 'NONE',  ( -0.7357503364870348062, 1.274356964481435428, 4.395312500000004619 ) ) ;
#4473 = CARTESIAN_POINT ( 'NONE',  ( -1.172864355864549048E-16, -0.9577164262227689795, -2.943749999999997424 ) ) ;
#4474 = CARTESIAN_POINT ( 'NONE',  ( -1.082531754730552409, -0.6250000000000078826, -3.300000000000000266 ) ) ;
#4475 = EDGE_CURVE ( 'NONE', #4436, #4305, #4382, .T. ) ;
#4476 = EDGE_CURVE ( 'NONE', #3691, #4701, #2579, .T. ) ;
#4477 = CARTESIAN_POINT ( 'NONE',  ( 0.5529378364870320972, -0.9577164262227590985, 4.831250000000002487 ) ) ;
#4478 = CARTESIAN_POINT ( 'NONE',  ( 3.061616997868395960E-16, 1.249999999999998890, 4.343750000000004441 ) ) ;
#4479 = CARTESIAN_POINT ( 'NONE',  ( -0.7216878364870346063, 1.249999999999999112, -1.162500000000000533 ) ) ;
#4480 = CARTESIAN_POINT ( 'NONE',  ( 0.9298057118447513592, 0.4573527865484404153, -0.5079621219936840681 ) ) ;
#4481 = CYLINDRICAL_SURFACE ( 'NONE', #2221, 1.250000000000000444 ) ;
#4482 = ORIENTED_EDGE ( 'NONE', *, *, #2096, .T. ) ;
#4483 = CARTESIAN_POINT ( 'NONE',  ( -0.5529378364870384255, 0.9577164262227572111, -3.581249999999997602 ) ) ;
#4484 = CARTESIAN_POINT ( 'NONE',  ( -1.530808498934197980E-16, -1.250000000000011990, 6.368750000000004796 ) ) ;
#4485 = CARTESIAN_POINT ( 'NONE',  ( 0.5529378364870329854, 0.9577164262227455538, 4.531250000000002665 ) ) ;
#4486 = CARTESIAN_POINT ( 'NONE',  ( 2.232457603721849537, -1.210965373388019461, 0.1927518840761291152 ) ) ;
#4487 = ORIENTED_EDGE ( 'NONE', *, *, #408, .F. ) ;
#4488 = CARTESIAN_POINT ( 'NONE',  ( 1.082531754730552631, -0.6250000000000097700, 4.250000000000000888 ) ) ;
#4489 = CARTESIAN_POINT ( 'NONE',  ( 0.7216878364870333851, -1.250000000000012879, -3.187500000000000444 ) ) ;
#4490 = CARTESIAN_POINT ( 'NONE',  ( -1.172864355864535983E-16, -0.9577164262227588765, 6.200000000000002842 ) ) ;
#4491 = CARTESIAN_POINT ( 'NONE',  ( -1.172864355864535983E-16, -0.9577164262227588765, 4.793750000000002842 ) ) ;
#4492 = ORIENTED_EDGE ( 'NONE', *, *, #2969, .T. ) ;
#4493 = CARTESIAN_POINT ( 'NONE',  ( -1.471500672974072721, -5.650602805379946417E-15, -1.045312499999997646 ) ) ;
#4494 = CARTESIAN_POINT ( 'NONE',  ( 2.058749999999990532, 1.409456344659175908, 7.832569145069298244 ) ) ;
#4495 = CARTESIAN_POINT ( 'NONE',  ( 0.8294067547305484789, -0.4788582131113831575, 8.525000000000003908 ) ) ;
#4496 = CARTESIAN_POINT ( 'NONE',  ( 0.8294067547305582488, 0.4788582131113749973, -3.243749999999998135 ) ) ;
#4497 = CARTESIAN_POINT ( 'NONE',  ( 0.000000000000000000, -1.258909218984051749E-16, -3.899999999999999911 ) ) ;
#4498 = CARTESIAN_POINT ( 'NONE',  ( 1.082531754730551965, -0.6250000000000086597, -2.250000000000001332 ) ) ;
#4499 = CARTESIAN_POINT ( 'NONE',  ( -0.8065861484873928511, -2.132393481399497137, 7.973803626818029677 ) ) ;
#4500 = CARTESIAN_POINT ( 'NONE',  ( -0.7216878364870352724, -1.250000000000009992, -1.012500000000000622 ) ) ;
#4501 = ADVANCED_FACE ( 'NONE', ( #3659 ), #355, .T. ) ;
#4502 = DIRECTION ( 'NONE',  ( -0.000000000000000000, 9.875224244405043999E-17, -1.000000000000000000 ) ) ;
#4503 = CARTESIAN_POINT ( 'NONE',  ( -8.958943018007894305E-12, 1.143016786888946923, -3.781983213111049569 ) ) ;
#4504 = VERTEX_POINT ( 'NONE', #1853 ) ;
#4505 = VECTOR ( 'NONE', #4346, 1000.000000000000000 ) ;
#4506 = CARTESIAN_POINT ( 'NONE',  ( 0.5529378364870383145, -0.9577164262227690905, -2.906249999999997780 ) ) ;
#4507 = CARTESIAN_POINT ( 'NONE',  ( -1.082531754730552409, -0.6250000000000077716, -2.343749999999996003 ) ) ;
#4508 = CARTESIAN_POINT ( 'NONE',  ( 1.530808498934190338E-16, -1.249999999999999112, -3.899999999999999911 ) ) ;
#4509 = CARTESIAN_POINT ( 'NONE',  ( 1.103625504730552320, -0.6371784822407282611, 3.335937500000002220 ) ) ;
#4510 = VERTEX_POINT ( 'NONE', #10 ) ;
#4511 = CARTESIAN_POINT ( 'NONE',  ( 0.5529378364870390916, 0.9577164262227569891, -0.9562499999999979350 ) ) ;
#4512 = CARTESIAN_POINT ( 'NONE',  ( 0.8294067547305484789, -0.4788582131113831575, 3.575000000000003730 ) ) ;
#4513 = CARTESIAN_POINT ( 'NONE',  ( 0.5529378364870329854, 0.9577164262227455538, 4.137500000000003730 ) ) ;
#4514 = CARTESIAN_POINT ( 'NONE',  ( -1.172864355864535983E-16, -0.9577164262227588765, 4.343750000000001776 ) ) ;
#4515 = ORIENTED_EDGE ( 'NONE', *, *, #1660, .F. ) ;
#4516 = CARTESIAN_POINT ( 'NONE',  ( 1.103625504730555207, 0.6371784822407156046, -0.7828124999999979128 ) ) ;
#4517 = DIRECTION ( 'NONE',  ( -0.000000000000000000, -0.000000000000000000, 1.000000000000000000 ) ) ;
#4518 = CARTESIAN_POINT ( 'NONE',  ( -1.172864355864535983E-16, -0.9577164262227588765, 7.550000000000002487 ) ) ;
#4519 = CARTESIAN_POINT ( 'NONE',  ( -0.8294067547305579158, 0.4788582131113758300, -2.193749999999997868 ) ) ;
#4520 = CARTESIAN_POINT ( 'NONE',  ( -2.164955578321446694, -1.327882310996694626, 0.1927518840764655128 ) ) ;
#4521 = ADVANCED_FACE ( 'NONE', ( #2603 ), #2151, .T. ) ;
#4523 = CARTESIAN_POINT ( 'NONE',  ( 1.082531754730552631, -0.6250000000000097700, 6.893750000000005151 ) ) ;
#4522 = CIRCLE ( 'NONE', #2457, 1.250000000000000444 ) ;
#4524 = CARTESIAN_POINT ( 'NONE',  ( -2.115908655028121199, 1.376455779792169487, 0.1838980789325904974 ) ) ;
#4525 = CARTESIAN_POINT ( 'NONE',  ( -1.530808498934198227E-16, -1.250000000000011990, 6.875000000000000888 ) ) ;
#4526 = CARTESIAN_POINT ( 'NONE',  ( 0.7216878364870352724, 1.249999999999998224, -1.181249999999995914 ) ) ;
#4527 = VERTEX_POINT ( 'NONE', #2240 ) ;
#4528 = EDGE_CURVE ( 'NONE', #2539, #4243, #4228, .T. ) ;
#4529 = CARTESIAN_POINT ( 'NONE',  ( 0.5529378364870383145, -0.9577164262227689795, -1.106249999999997957 ) ) ;
#4530 = CARTESIAN_POINT ( 'NONE',  ( 0.000000000000000000, -4.648086179663862087E-16, -0.4680000000000000826 ) ) ;
#4531 = DIRECTION ( 'NONE',  ( -0.000000000000000000, 9.875224244405043999E-17, -1.000000000000000000 ) ) ;
#4532 = CARTESIAN_POINT ( 'NONE',  ( 0.8294067547305490340, 0.4788582131113688911, 3.143750000000002487 ) ) ;
#4533 = CARTESIAN_POINT ( 'NONE',  ( -0.7357503364870349172, 1.274356964481435650, 3.973437500000001954 ) ) ;
#4534 = EDGE_LOOP ( 'NONE', ( #50, #4482, #3963, #3998 ) ) ;
#4535 = CARTESIAN_POINT ( 'NONE',  ( 0.000000000000000000, 0.9577164262227572111, -2.324999999999998401 ) ) ;
#4536 = CARTESIAN_POINT ( 'NONE',  ( -0.8294067547305487009, 0.4788582131113697238, 5.150000000000003908 ) ) ;
#4537 = CARTESIAN_POINT ( 'NONE',  ( -1.105875672974064861, -6.468574098567446112E-15, 4.287500000000003197 ) ) ;
#4538 = CARTESIAN_POINT ( 'NONE',  ( -0.8294067547305488119, -0.4788582131113825469, 3.818750000000002753 ) ) ;
#4539 = ORIENTED_EDGE ( 'NONE', *, *, #3317, .T. ) ;
#4540 = CARTESIAN_POINT ( 'NONE',  ( -1.105875672974077295, -5.772015054451664724E-15, -2.662499999999998757 ) ) ;
#4541 = LINE ( 'NONE', #3796, #2292 ) ;
#4542 = CARTESIAN_POINT ( 'NONE',  ( 1.105875672974064861, -6.739435519199968560E-15, 6.762500000000002842 ) ) ;
#4543 = CARTESIAN_POINT ( 'NONE',  ( -0.7216878364870357165, -1.250000000000011768, 3.687500000000001776 ) ) ;
#4544 = FACE_OUTER_BOUND ( 'NONE', #4260, .T. ) ;
#4545 = DIRECTION ( 'NONE',  ( 0.000000000000000000, 1.000000000000000000, 0.000000000000000000 ) ) ;
#4546 = CARTESIAN_POINT ( 'NONE',  ( -0.7216878364879991681, -1.250000000000011990, 3.237499999999952305 ) ) ;
#4547 = CARTESIAN_POINT ( 'NONE',  ( 1.103625504730552986, 0.6371784822407137172, 7.882812500000004441 ) ) ;
#4548 = CARTESIAN_POINT ( 'NONE',  ( -1.069509508904851414, 0.4417310134173491054, 3.200000000000001510 ) ) ;
#4549 = DIRECTION ( 'NONE',  ( 0.000000000000000000, 1.000000000000000000, 0.000000000000000000 ) ) ;
#4550 = ORIENTED_EDGE ( 'NONE', *, *, #4298, .F. ) ;
#4551 = CARTESIAN_POINT ( 'NONE',  ( 0.1912500000077499152, -2.487657972366325687, 0.1674308549284694025 ) ) ;
#4552 = FACE_OUTER_BOUND ( 'NONE', #2195, .T. ) ;
#4553 = CARTESIAN_POINT ( 'NONE',  ( -1.103625504730554541, 0.6371784822407164928, -1.560937499999998979 ) ) ;
#4554 = CARTESIAN_POINT ( 'NONE',  ( -0.9883357829481885792, -0.3666123117824021671, -3.878569477238217544 ) ) ;
#4555 = CARTESIAN_POINT ( 'NONE',  ( 1.105875672974064861, -6.739435519199968560E-15, 4.006250000000002309 ) ) ;
#4556 = CARTESIAN_POINT ( 'NONE',  ( -1.530808498934197980E-16, -1.250000000000011990, 4.118750000000004796 ) ) ;
#4557 = ORIENTED_EDGE ( 'NONE', *, *, #1172, .T. ) ;
#4558 = CARTESIAN_POINT ( 'NONE',  ( 0.8294067547305576937, -0.4788582131113878204, -3.374999999999998668 ) ) ;
#4559 = CARTESIAN_POINT ( 'NONE',  ( 2.249999999999998668, 1.078201627711623534, -6.873863542433758411 ) ) ;
#4560 = CARTESIAN_POINT ( 'NONE',  ( -0.8294067547305487009, 0.4788582131113697238, 4.700000000000003730 ) ) ;
#4561 = CARTESIAN_POINT ( 'NONE',  ( -1.105875672974064861, -6.468574098567446112E-15, 3.331250000000002487 ) ) ;
#4562 = EDGE_CURVE ( 'NONE', #2539, #3418, #2891, .T. ) ;
#4563 = ORIENTED_EDGE ( 'NONE', *, *, #4650, .T. ) ;
#4564 = CARTESIAN_POINT ( 'NONE',  ( -0.8294067547305580268, -0.4788582131113871543, -2.624999999999998668 ) ) ;
#4565 = DIRECTION ( 'NONE',  ( 0.000000000000000000, 1.000000000000000000, 0.000000000000000000 ) ) ;
#4566 = CARTESIAN_POINT ( 'NONE',  ( -0.8294067547305487009, 0.4788582131113697238, 7.400000000000003020 ) ) ;
#4567 = DIRECTION ( 'NONE',  ( 0.000000000000000000, 0.000000000000000000, 1.000000000000000000 ) ) ;
#4568 = CARTESIAN_POINT ( 'NONE',  ( 0.000000000000000000, 1.274356964481438759, -4.307812499999997158 ) ) ;
#4569 = CARTESIAN_POINT ( 'NONE',  ( 0.000000000000000000, -1.258909218984051749E-16, -3.899999999999999911 ) ) ;
#4570 = CARTESIAN_POINT ( 'NONE',  ( -2.249999999999999112, -0.3637866779806857576, 7.974019237886476930 ) ) ;
#4571 = CARTESIAN_POINT ( 'NONE',  ( 0.7357503364870344731, -1.274356964481448751, 8.220312500000003908 ) ) ;
#4572 = LINE ( 'NONE', #938, #3220 ) ;
#4573 = ORIENTED_EDGE ( 'NONE', *, *, #655, .T. ) ;
#4574 = CARTESIAN_POINT ( 'NONE',  ( -0.7803085111243396321, -0.9765339868468901896, 7.670000000000069207 ) ) ;
#4575 = CARTESIAN_POINT ( 'NONE',  ( -0.7216878364870321638, 1.250000000000003553, -1.612500000000001377 ) ) ;
#4576 = AXIS2_PLACEMENT_3D ( 'NONE', #1914, #3429, #121 ) ;
#4577 = CARTESIAN_POINT ( 'NONE',  ( -0.7357503364870368046, -1.274356964481449861, -1.448437499999998712 ) ) ;
#4578 = DIRECTION ( 'NONE',  ( 0.000000000000000000, -1.000000000000000000, 0.000000000000000000 ) ) ;
#4579 = CARTESIAN_POINT ( 'NONE',  ( 1.105875672974077073, -6.111762857536228059E-15, -3.787499999999998312 ) ) ;
#4580 = CARTESIAN_POINT ( 'NONE',  ( -0.9645888769613464309, -0.8292830566871606246, 7.656006983401233867 ) ) ;
#4581 = VERTEX_POINT ( 'NONE', #4746 ) ;
#4582 = CARTESIAN_POINT ( 'NONE',  ( 0.8294067547305576937, -0.4788582131113878759, -3.824999999999998401 ) ) ;
#4583 = CARTESIAN_POINT ( 'NONE',  ( -1.530808498934196994E-16, -1.250000000000010436, -2.775000000000000355 ) ) ;
#4584 = CARTESIAN_POINT ( 'NONE',  ( 2.345728711729071966E-16, 0.9577164262227458869, 4.625000000000003553 ) ) ;
#4585 = CARTESIAN_POINT ( 'NONE',  ( 2.345728711729071966E-16, 0.9577164262227458869, 4.568750000000002309 ) ) ;
#4586 = ORIENTED_EDGE ( 'NONE', *, *, #4588, .F. ) ;
#4587 = CARTESIAN_POINT ( 'NONE',  ( -0.8294067547305580268, -0.4788582131113871543, -2.174999999999998490 ) ) ;
#4588 = EDGE_CURVE ( 'NONE', #2838, #3854, #1092, .T. ) ;
#4589 =( BOUNDED_CURVE ( )  B_SPLINE_CURVE ( 2, ( #2965, #3372, #1933, #3014, #1154, #3421, #1129 ),
 .UNSPECIFIED., .F., .T. ) 
 B_SPLINE_CURVE_WITH_KNOTS ( ( 3, 2, 2, 3 ),
 ( 0.3461538461538461453, 0.3589743589743589758, 0.3717948717948718063, 0.3846153846153846367 ),
 .UNSPECIFIED. ) 
 CURVE ( )  GEOMETRIC_REPRESENTATION_ITEM ( )  RATIONAL_B_SPLINE_CURVE ( ( 1.000000000000000000, 0.8660254037844387076, 1.000000000000000000, 0.8660254037844387076, 1.000000000000000000, 0.8660254037844387076, 1.000000000000000000 ) ) 
 REPRESENTATION_ITEM ( '' )  );
#4590 = FACE_OUTER_BOUND ( 'NONE', #4647, .T. ) ;
#4591 = CARTESIAN_POINT ( 'NONE',  ( -0.5529378364870326523, -0.9577164262227586544, 7.062500000000001776 ) ) ;
#4592 = CARTESIAN_POINT ( 'NONE',  ( 0.000000000000000000, -4.336808689942017736E-15, 0.000000000000000000 ) ) ;
#4593 = DIRECTION ( 'NONE',  ( -0.000000000000000000, 9.875224244405043999E-17, -1.000000000000000000 ) ) ;
#4594 = DIRECTION ( 'NONE',  ( 0.000000000000000000, 1.000000000000000000, 0.000000000000000000 ) ) ;
#4595 = CARTESIAN_POINT ( 'NONE',  ( 0.000000000000000000, 1.249999999999998890, -2.493749999999995914 ) ) ;
#4596 = LINE ( 'NONE', #3874, #746 ) ;
#4597 = DIRECTION ( 'NONE',  ( -0.000000000000000000, 9.875224244405043999E-17, -1.000000000000000000 ) ) ;
#4598 =( NAMED_UNIT ( * ) PLANE_ANGLE_UNIT ( ) SI_UNIT ( $, .RADIAN. ) );
#4599 = EDGE_LOOP ( 'NONE', ( #260, #3587, #4363, #356, #125, #4774, #62, #4088, #2824, #916, #3450, #4550, #2908, #1307, #1009, #1051, #4462, #3639, #3034, #1335 ) ) ;
#4600 = AXIS2_PLACEMENT_3D ( 'NONE', #995, #2469, #3187 ) ;
#4601 = CARTESIAN_POINT ( 'NONE',  ( -0.8294067547305580268, -0.4788582131113870988, -1.218749999999998002 ) ) ;
#4602 = CARTESIAN_POINT ( 'NONE',  ( -1.443375672974069657, -5.682462757264014963E-15, -1.537500000000000977 ) ) ;
#4603 = CARTESIAN_POINT ( 'NONE',  ( 1.103625504730554319, -0.6371784822407287052, -2.685937499999999201 ) ) ;
#4604 = CARTESIAN_POINT ( 'NONE',  ( -0.2574433229221091968, -1.218349329276842807, -3.706650670723186547 ) ) ;
#4605 = CARTESIAN_POINT ( 'NONE',  ( -0.8294067547305488119, -0.4788582131113825469, 3.818750000000002753 ) ) ;
#4606 = CARTESIAN_POINT ( 'NONE',  ( 1.082531754730552853, 0.6249999999999955591, -3.468749999999996003 ) ) ;
#4607 = ORIENTED_EDGE ( 'NONE', *, *, #3564, .T. ) ;
#4608 = B_SPLINE_CURVE_WITH_KNOTS ( 'NONE', 3,
 ( #2010, #2270, #4486, #2659, #4115, #2683 ),
 .UNSPECIFIED., .F., .F.,
 ( 4, 2, 4 ),
 ( 1.916751695925690433E-16, 0.0002012759897612289488, 0.0004025519795222662106 ),
 .UNSPECIFIED. ) ;
#4609 = CARTESIAN_POINT ( 'NONE',  ( 0.8294067547305582488, 0.4788582131113749973, -2.849999999999998312 ) ) ;
#4610 = CARTESIAN_POINT ( 'NONE',  ( -0.5529378364870326523, -0.9577164262227586544, 3.912500000000004086 ) ) ;
#4611 = CARTESIAN_POINT ( 'NONE',  ( 1.103625504730553208, 0.6371784822407138282, 7.460937500000001776 ) ) ;
#4612 = ORIENTED_EDGE ( 'NONE', *, *, #2679, .F. ) ;
#4613 = CARTESIAN_POINT ( 'NONE',  ( 0.5529378364870383145, -0.9577164262227690905, -2.062499999999998668 ) ) ;
#4614 = CARTESIAN_POINT ( 'NONE',  ( -0.7216878364870321638, 1.250000000000003553, -0.7125000000000009104 ) ) ;
#4615 = CARTESIAN_POINT ( 'NONE',  ( 0.7216878364870348284, -1.250000000000012434, 4.662500000000000533 ) ) ;
#4616 = CARTESIAN_POINT ( 'NONE',  ( -1.082531754730552409, -0.6250000000000077716, -2.793749999999996181 ) ) ;
#4617 =( BOUNDED_CURVE ( )  B_SPLINE_CURVE ( 2, ( #208, #3177, #4616, #4178, #1622, #3919, #2021 ),
 .UNSPECIFIED., .F., .F. ) 
 B_SPLINE_CURVE_WITH_KNOTS ( ( 3, 2, 2, 3 ),
 ( 0.5452104542429598855, 0.5637289727614783752, 0.5822474912799968649, 0.6007660097985154657 ),
 .UNSPECIFIED. ) 
 CURVE ( )  GEOMETRIC_REPRESENTATION_ITEM ( )  RATIONAL_B_SPLINE_CURVE ( ( 1.000000000000000000, 0.8660254037844388186, 1.000000000000000000, 0.8660254037844388186, 1.000000000000000000, 0.8660254037844388186, 1.000000000000000000 ) ) 
 REPRESENTATION_ITEM ( '' )  );
#4618 = CARTESIAN_POINT ( 'NONE',  ( -1.172864355864535983E-16, -0.9577164262227588765, 7.100000000000003197 ) ) ;
#4619 = CARTESIAN_POINT ( 'NONE',  ( 1.082531754730552853, 0.6249999999999956701, -3.018749999999995826 ) ) ;
#4620 = CARTESIAN_POINT ( 'NONE',  ( 0.4462546734705504781, -0.9145541538328423314, -3.900000000000002576 ) ) ;
#4621 = CARTESIAN_POINT ( 'NONE',  ( 0.7216878364870360496, 1.249999999999998446, 4.756250000000004086 ) ) ;
#4622 = EDGE_CURVE ( 'NONE', #1344, #3246, #1155, .T. ) ;
#4623 = ORIENTED_EDGE ( 'NONE', *, *, #1056, .F. ) ;
#4624 = EDGE_CURVE ( 'NONE', #2464, #2144, #478, .T. ) ;
#4625 = CARTESIAN_POINT ( 'NONE',  ( 0.9762223942155501266, -0.5356902893051790349, 7.500588538000433125 ) ) ;
#4626 = CARTESIAN_POINT ( 'NONE',  ( 1.082531754730553519, 0.6249999999999953371, 3.818750000000004974 ) ) ;
#4627 = CARTESIAN_POINT ( 'NONE',  ( 1.103625504730555207, 0.6371784822407154936, -2.610937499999998579 ) ) ;
#4628 = DIRECTION ( 'NONE',  ( 0.000000000000000000, -9.875224244405043999E-17, 1.000000000000000000 ) ) ;
#4629 = CARTESIAN_POINT ( 'NONE',  ( 0.5529378364870382034, -0.9577164262227693126, -2.062499999999998668 ) ) ;
#4630 = CARTESIAN_POINT ( 'NONE',  ( -1.082531754730552853, 0.6249999999999963363, 4.475000000000001421 ) ) ;
#4631 = ORIENTED_EDGE ( 'NONE', *, *, #3362, .T. ) ;
#4632 = CARTESIAN_POINT ( 'NONE',  ( 0.8294067547305576937, -0.4788582131113877649, -2.474999999999998757 ) ) ;
#4633 = CARTESIAN_POINT ( 'NONE',  ( 1.029786279979225228, -0.2456582043336205112, 3.200000000000002398 ) ) ;
#4634 = CARTESIAN_POINT ( 'NONE',  ( 0.8294067547305484789, -0.4788582131113831575, 7.118750000000003020 ) ) ;
#4635 = CARTESIAN_POINT ( 'NONE',  ( 0.7357503364870358054, 1.274356964481435206, 6.598437500000001954 ) ) ;
#4636 = ORIENTED_EDGE ( 'NONE', *, *, #1918, .F. ) ;
#4637 = CARTESIAN_POINT ( 'NONE',  ( 0.8294067547305576937, -0.4788582131113876539, -0.6749999999999989342 ) ) ;
#4638 = CARTESIAN_POINT ( 'NONE',  ( 0.5529378364870390916, 0.9577164262227569891, -2.756249999999997424 ) ) ;
#4639 = CARTESIAN_POINT ( 'NONE',  ( 0.7216878364870360496, 1.249999999999998446, 7.456250000000003375 ) ) ;
#4640 = LINE ( 'NONE', #1317, #1274 ) ;
#4641 = EDGE_CURVE ( 'NONE', #4284, #3123, #1575, .T. ) ;
#4642 = FACE_OUTER_BOUND ( 'NONE', #2642, .T. ) ;
#4643 = CARTESIAN_POINT ( 'NONE',  ( -1.560637177523335165E-16, -1.274356964481448529, 5.482812500000004086 ) ) ;
#4644 = CARTESIAN_POINT ( 'NONE',  ( 0.1912500000000081635, 2.487657972370792780, 0.1674308549307028660 ) ) ;
#4645 = ORIENTED_EDGE ( 'NONE', *, *, #1436, .F. ) ;
#4646 =( NAMED_UNIT ( * ) SI_UNIT ( $, .STERADIAN. ) SOLID_ANGLE_UNIT ( ) );
#4647 = EDGE_LOOP ( 'NONE', ( #4515, #1132, #3115, #503 ) ) ;
#4648 = CARTESIAN_POINT ( 'NONE',  ( 0.5529378364870320972, -0.9577164262227590985, 6.181250000000003020 ) ) ;
#4649 = CARTESIAN_POINT ( 'NONE',  ( 3.061616997868395960E-16, 1.249999999999998890, 6.593750000000005329 ) ) ;
#4650 = EDGE_CURVE ( 'NONE', #1589, #2066, #1754, .T. ) ;
#4651 = CARTESIAN_POINT ( 'NONE',  ( 1.103625504730554319, -0.6371784822407287052, -1.785937499999998845 ) ) ;
#4652 = CARTESIAN_POINT ( 'NONE',  ( -0.8294067547305580268, -0.4788582131113871543, -3.074999999999998845 ) ) ;
#4653 = ORIENTED_EDGE ( 'NONE', *, *, #2564, .T. ) ;
#4654 = AXIS2_PLACEMENT_3D ( 'NONE', #4530, #3807, #505 ) ;
#4655 = CARTESIAN_POINT ( 'NONE',  ( -1.172864355864549048E-16, -0.9577164262227689795, -1.649999999999998579 ) ) ;
#4656 = CARTESIAN_POINT ( 'NONE',  ( 1.443413851512607149, 1.764720835630474882, 0.02619637318196921250 ) ) ;
#4657 = CARTESIAN_POINT ( 'NONE',  ( -0.8294067547305487009, 0.4788582131113697238, 8.243750000000002132 ) ) ;
#4658 = CARTESIAN_POINT ( 'NONE',  ( -0.7357503364870349172, 1.274356964481435650, 8.023437500000000000 ) ) ;
#4659 = AXIS2_PLACEMENT_3D ( 'NONE', #741, #1906, #14 ) ;
#4660 = ORIENTED_EDGE ( 'NONE', *, *, #215, .T. ) ;
#4661 = CARTESIAN_POINT ( 'NONE',  ( -0.6371738819754904082, 0.7150036343859765831, 7.377716426222748147 ) ) ;
#4662 = AXIS2_PLACEMENT_3D ( 'NONE', #3560, #2843, #1722 ) ;
#4663 = CARTESIAN_POINT ( 'NONE',  ( 0.5529378364870390916, 0.9577164262227568781, -3.656249999999997780 ) ) ;
#4664 = CYLINDRICAL_SURFACE ( 'NONE', #118, 1.250000000000000444 ) ;
#4665 = CARTESIAN_POINT ( 'NONE',  ( -1.471500672974072721, -5.760821017303208997E-15, -2.845312499999997691 ) ) ;
#4666 = ADVANCED_FACE ( 'NONE', ( #3417 ), #4481, .F. ) ;
#4667 = DIRECTION ( 'NONE',  ( -0.000000000000000000, 9.875224244405043999E-17, -1.000000000000000000 ) ) ;
#4668 = CARTESIAN_POINT ( 'NONE',  ( 1.471500672974069834, -6.806599742090707656E-15, 6.495312500000004263 ) ) ;
#4669 = ORIENTED_EDGE ( 'NONE', *, *, #3940, .T. ) ;
#4670 = CARTESIAN_POINT ( 'NONE',  ( 0.5529378364870329854, 0.9577164262227455538, 4.981250000000002842 ) ) ;
#4671 = CARTESIAN_POINT ( 'NONE',  ( -0.6999648186483685697, 0.6766423658961104870, 7.390852150053280667 ) ) ;
#4672 = CARTESIAN_POINT ( 'NONE',  ( 0.1912500000000000033, 2.487657972370797665, -6.873863542433758411 ) ) ;
#4673 = CARTESIAN_POINT ( 'NONE',  ( -0.5529378364870384255, 0.9577164262227571001, -1.837499999999998801 ) ) ;
#4674 = CARTESIAN_POINT ( 'NONE',  ( -1.530808498934198227E-16, -1.250000000000011990, 4.625000000000001776 ) ) ;
#4675 = ORIENTED_EDGE ( 'NONE', *, *, #1706, .T. ) ;
#4676 = EDGE_CURVE ( 'NONE', #556, #2500, #2699, .T. ) ;
#4677 = CARTESIAN_POINT ( 'NONE',  ( 0.8294067547305576937, -0.4788582131113876539, -0.6749999999999989342 ) ) ;
#4678 = CARTESIAN_POINT ( 'NONE',  ( -0.7216878364870350504, 1.249999999999999112, 5.787500000000000533 ) ) ;
#4679 = VECTOR ( 'NONE', #4107, 1000.000000000000000 ) ;
#4680 = CARTESIAN_POINT ( 'NONE',  ( 2.345728711729071966E-16, 0.9577164262227458869, 8.168750000000002842 ) ) ;
#4681 = CARTESIAN_POINT ( 'NONE',  ( -0.5529378364870322082, 0.9577164262227458869, 3.256250000000003197 ) ) ;
#4682 = ORIENTED_EDGE ( 'NONE', *, *, #3325, .F. ) ;
#4683 = EDGE_CURVE ( 'NONE', #3817, #4284, #745, .T. ) ;
#4684 = ORGANIZATION ( 'UNSPECIFIED', 'UNSPECIFIED', '' ) ;
#4685 = ADVANCED_FACE ( 'NONE', ( #3394 ), #861, .T. ) ;
#4686 = CARTESIAN_POINT ( 'NONE',  ( 0.8294067547305582488, 0.4788582131113750529, -2.343749999999997780 ) ) ;
#4687 = CARTESIAN_POINT ( 'NONE',  ( -0.5529378364870326523, -0.9577164262227586544, 8.412500000000003197 ) ) ;
#4688 = CARTESIAN_POINT ( 'NONE',  ( -1.560637177523338370E-16, -1.274356964481450083, -2.282812499999997691 ) ) ;
#4689 = CARTESIAN_POINT ( 'NONE',  ( 0.000000000000000000, 1.249999999999998890, -0.6937499999999959810 ) ) ;
#4690 = CIRCLE ( 'NONE', #4149, 1.249999999999998002 ) ;
#4691 = CARTESIAN_POINT ( 'NONE',  ( -1.560637177523335165E-16, -1.274356964481448529, 7.282812500000003908 ) ) ;
#4692 = ORIENTED_EDGE ( 'NONE', *, *, #3507, .T. ) ;
#4693 = SECURITY_CLASSIFICATION_LEVEL ( 'unclassified' ) ;
#4694 = ORIENTED_EDGE ( 'NONE', *, *, #2591, .F. ) ;
#4695 = CARTESIAN_POINT ( 'NONE',  ( 0.5529378364870329854, 0.9577164262227455538, 7.231250000000002842 ) ) ;
#4696 = CARTESIAN_POINT ( 'NONE',  ( 0.7216878364870360496, 1.249999999999998446, 5.206250000000006040 ) ) ;
#4697 = CARTESIAN_POINT ( 'NONE',  ( 0.000000000000000000, -1.258909218984051749E-16, -3.899999999999999911 ) ) ;
#4698 = CARTESIAN_POINT ( 'NONE',  ( -1.105875672974064861, -6.468574098567446112E-15, 4.287500000000003197 ) ) ;
#4699 = CARTESIAN_POINT ( 'NONE',  ( 0.8294067547305582488, 0.4788582131113751084, -1.049999999999998934 ) ) ;
#4700 = CARTESIAN_POINT ( 'NONE',  ( -1.443375672974069213, -5.706572991122228208E-15, -1.931249999999996136 ) ) ;
#4701 = VERTEX_POINT ( 'NONE', #2263 ) ;
#4702 = CARTESIAN_POINT ( 'NONE',  ( 0.5529378364870390916, 0.9577164262227571001, -1.462499999999998579 ) ) ;
#4703 = CARTESIAN_POINT ( 'NONE',  ( -0.9199912631129066876, -0.4084750688225822768, -3.900000000000008349 ) ) ;
#4704 = CARTESIAN_POINT ( 'NONE',  ( -0.5529378364870326523, -0.9577164262227586544, 7.456250000000002487 ) ) ;
#4705 = CARTESIAN_POINT ( 'NONE',  ( -1.560637177523335658E-16, -1.274356964481448751, 6.860937500000001243 ) ) ;
#4706 = ORIENTED_EDGE ( 'NONE', *, *, #79, .T. ) ;
#4707 = B_SPLINE_CURVE_WITH_KNOTS ( 'NONE', 3,
 ( #3881, #4604, #3088, #1686, #1304, #2342, #4554, #2443 ),
 .UNSPECIFIED., .F., .F.,
 ( 4, 2, 2, 4 ),
 ( 1.339453227793727145E-16, 0.0007727900057325889699, 0.001159185008598816397, 0.001545580011465043499 ),
 .UNSPECIFIED. ) ;
#4708 = CARTESIAN_POINT ( 'NONE',  ( -1.172864355864535983E-16, -0.9577164262227588765, 6.200000000000002842 ) ) ;
#4709 = CARTESIAN_POINT ( 'NONE',  ( -0.5529378364870384255, 0.9577164262227572111, -2.681249999999998135 ) ) ;
#4710 = ADVANCED_FACE ( 'NONE', ( #2288 ), #3730, .T. ) ;
#4711 = CARTESIAN_POINT ( 'NONE',  ( 2.249999999999998668, 1.078201627711626198, 7.832569145069296468 ) ) ;
#4712 = CARTESIAN_POINT ( 'NONE',  ( 0.7357503364870359164, -1.274356964481450527, -2.695312499999997780 ) ) ;
#4713 = FACE_OUTER_BOUND ( 'NONE', #3577, .T. ) ;
#4714 = CARTESIAN_POINT ( 'NONE',  ( -1.103625504730552542, -0.6371784822407272619, 5.857812500000003197 ) ) ;
#4715 = ORIENTED_EDGE ( 'NONE', *, *, #1612, .F. ) ;
#4716 = CARTESIAN_POINT ( 'NONE',  ( 2.345728711729071966E-16, 0.9577164262227458869, 6.818750000000003197 ) ) ;
#4717 = EDGE_CURVE ( 'NONE', #2130, #3418, #908, .T. ) ;
#4718 = CARTESIAN_POINT ( 'NONE',  ( 0.000000000000000000, 1.250000000000000222, -3.899999999999999911 ) ) ;
#4719 = CARTESIAN_POINT ( 'NONE',  ( -1.471500672974072721, -5.652324964941248208E-15, -1.073437499999998934 ) ) ;
#4720 = CARTESIAN_POINT ( 'NONE',  ( -0.8294067547305487009, 0.4788582131113697238, 4.250000000000003553 ) ) ;
#4721 = CARTESIAN_POINT ( 'NONE',  ( 0.000000000000000000, -1.258909218984051749E-16, -3.899999999999999911 ) ) ;
#4722 = ORIENTED_EDGE ( 'NONE', *, *, #3767, .T. ) ;
#4723 = CARTESIAN_POINT ( 'NONE',  ( 0.000000000000000000, 0.9577164262227571001, -4.068749999999997868 ) ) ;
#4724 = DIRECTION ( 'NONE',  ( -0.8660254037844397068, 0.000000000000000000, 0.4999999999999979461 ) ) ;
#4725 = CARTESIAN_POINT ( 'NONE',  ( 0.8294067547305484789, -0.4788582131113831575, 8.468750000000001776 ) ) ;
#4726 = CARTESIAN_POINT ( 'NONE',  ( 1.103625504730552320, -0.6371784822407282611, 4.685937500000002309 ) ) ;
#4727 = ORIENTED_EDGE ( 'NONE', *, *, #257, .T. ) ;
#4728 = CARTESIAN_POINT ( 'NONE',  ( -0.5529378364870327633, -0.9577164262227586544, 6.162500000000003197 ) ) ;
#4729 = CARTESIAN_POINT ( 'NONE',  ( 0.8294067547305576937, -0.4788582131113877649, -1.968749999999997780 ) ) ;
#4730 = AXIS2_PLACEMENT_3D ( 'NONE', #3296, #1825, #2958 ) ;
#4731 = CARTESIAN_POINT ( 'NONE',  ( 1.105875672974064861, -6.739435519199968560E-15, 8.112500000000004263 ) ) ;
#4732 = CARTESIAN_POINT ( 'NONE',  ( 0.8294067547305490340, 0.4788582131113688911, 8.093750000000001776 ) ) ;
#4733 = CARTESIAN_POINT ( 'NONE',  ( 1.471500672974072721, -6.107457458632974764E-15, -2.620312499999997602 ) ) ;
#4734 = EDGE_CURVE ( 'NONE', #1524, #36, #57, .T. ) ;
#4735 = EDGE_CURVE ( 'NONE', #1799, #3246, #70, .T. ) ;
#4736 = CARTESIAN_POINT ( 'NONE',  ( -0.7216878364870358276, -1.250000000000011768, 4.981250000000004619 ) ) ;
#4737 = CARTESIAN_POINT ( 'NONE',  ( 1.103625504730552986, 0.6371784822407137172, 7.432812500000003375 ) ) ;
#4738 = VECTOR ( 'NONE', #2597, 1000.000000000000000 ) ;
#4739 = APPROVAL_DATE_TIME ( #4374, #4425 ) ;
#4740 = ORIENTED_EDGE ( 'NONE', *, *, #3213, .F. ) ;
#4741 = CARTESIAN_POINT ( 'NONE',  ( -1.105875672974064861, -6.468574098567446901E-15, 6.481250000000002842 ) ) ;
#4742 = DIRECTION ( 'NONE',  ( -0.000000000000000000, 9.875224244405043999E-17, -1.000000000000000000 ) ) ;
#4743 =( BOUNDED_CURVE ( )  B_SPLINE_CURVE ( 2, ( #4139, #4580, #1540, #3016, #483, #508, #1280 ),
 .UNSPECIFIED., .F., .F. ) 
 B_SPLINE_CURVE_WITH_KNOTS ( ( 3, 2, 2, 3 ),
 ( 0.2005224117643529536, 0.2051282051282051211, 0.2179487179487179516, 0.2307692307692307820 ),
 .UNSPECIFIED. ) 
 CURVE ( )  GEOMETRIC_REPRESENTATION_ITEM ( )  RATIONAL_B_SPLINE_CURVE ( ( 0.9383207841330252208, 0.9518693741183963386, 1.000000000000000000, 0.8660254037844387076, 1.000000000000000000, 0.8660254037844387076, 1.000000000000000000 ) ) 
 REPRESENTATION_ITEM ( '' )  );
#4744 = FACE_OUTER_BOUND ( 'NONE', #701, .T. ) ;
#4745 = CARTESIAN_POINT ( 'NONE',  ( 0.5529378364870329854, 0.9577164262227455538, 4.587500000000003020 ) ) ;
#4746 = CARTESIAN_POINT ( 'NONE',  ( -1.530808498934197980E-16, -1.250000000000011990, 4.568750000000003197 ) ) ;
#4747 = ORIENTED_EDGE ( 'NONE', *, *, #2070, .F. ) ;
#4748 = CARTESIAN_POINT ( 'NONE',  ( -0.8294067547305579158, 0.4788582131113758855, -1.349999999999998757 ) ) ;
#4749 = CARTESIAN_POINT ( 'NONE',  ( -0.7463753342357319909, -0.6265679813861902980, -3.899999999999999023 ) ) ;
#4750 = CARTESIAN_POINT ( 'NONE',  ( -1.172864355864535983E-16, -0.9577164262227588765, 4.343750000000001776 ) ) ;
#4751 = CARTESIAN_POINT ( 'NONE',  ( -1.560637177523335658E-16, -1.274356964481448751, 4.160937500000001066 ) ) ;
#4752 = ORIENTED_EDGE ( 'NONE', *, *, #3621, .T. ) ;
#4753 = CARTESIAN_POINT ( 'NONE',  ( -1.172864355864535983E-16, -0.9577164262227588765, 5.750000000000003553 ) ) ;
#4754 = CARTESIAN_POINT ( 'NONE',  ( -1.103625504730554763, -0.6371784822407279281, -3.735937499999999023 ) ) ;
#4755 = CARTESIAN_POINT ( 'NONE',  ( 0.5529378364870329854, 0.9577164262227455538, 6.837500000000003020 ) ) ;
#4756 = CARTESIAN_POINT ( 'NONE',  ( 0.8294067547305484789, -0.4788582131113831575, 6.668750000000002842 ) ) ;
#4757 =( GEOMETRIC_REPRESENTATION_CONTEXT ( 3 ) GLOBAL_UNCERTAINTY_ASSIGNED_CONTEXT ( ( #2381 ) ) GLOBAL_UNIT_ASSIGNED_CONTEXT ( ( #3107, #4598, #4646 ) ) REPRESENTATION_CONTEXT ( 'NONE', 'WORKASPACE' ) );
#4758 = CARTESIAN_POINT ( 'NONE',  ( -1.103625504730554763, -0.6371784822407278170, -1.907812499999997691 ) ) ;
#4759 = CARTESIAN_POINT ( 'NONE',  ( 1.082531754730552631, -0.6250000000000097700, 7.400000000000002132 ) ) ;
#4760 = CARTESIAN_POINT ( 'NONE',  ( 1.103625504730552098, -0.6371784822407281501, 4.657812500000003908 ) ) ;
#4761 = CARTESIAN_POINT ( 'NONE',  ( 2.249999999999998668, 1.078201627711622201, 0.1674308549307038929 ) ) ;
#4762 = CARTESIAN_POINT ( 'NONE',  ( 0.8294067547305490340, 0.4788582131113688911, 4.493750000000003020 ) ) ;
#4763 = CARTESIAN_POINT ( 'NONE',  ( -2.058749999999990532, -1.409456344659180571, 7.832569145069300021 ) ) ;
#4764 = CARTESIAN_POINT ( 'NONE',  ( -1.471500672974072721, -5.597215858979616130E-15, -0.1734374999999991063 ) ) ;
#4765 = EDGE_CURVE ( 'NONE', #3502, #3210, #1382, .T. ) ;
#4766 = CARTESIAN_POINT ( 'NONE',  ( -0.8294067547305488119, -0.4788582131113825469, 4.325000000000003730 ) ) ;
#4767 = EDGE_CURVE ( 'NONE', #258, #2486, #3853, .T. ) ;
#4768 = ORIENTED_EDGE ( 'NONE', *, *, #4624, .T. ) ;
#4769 = CARTESIAN_POINT ( 'NONE',  ( -0.8294067547305579158, 0.4788582131113758855, -1.743749999999997913 ) ) ;
#4770 =( BOUNDED_SURFACE ( )  B_SPLINE_SURFACE ( 1, 2, ( 
 ( #4568, #957, #2430, #593, #1267, #4204, #230, #906, #545, #181, #1647, #2903, #1362, #3604, #662, #4345, #3559, #3627, #2842, #254, #4302, #4024, #3958, #1721, #3198, #4394, #3243, #2481, #1744, #3221, #2503, #2880, #2928, #321, #1006, #3287, #4003, #2140, #274, #4665, #1407, #3939, #1793, #4712, #686, #4733, #637, #297, #2861, #1770, #344, #4323, #2114, #1091, #4688, #3581, #1027, #1048, #1387, #2524, #3982, #2164, #3263, #1433, #4758, #4370, #2550, #1070, #707, #2186, #3650, #1456, #1819, #2570, #2095, #444, #3698, #2230, #1166, #77, #1115, #1921, #4444, #2303, #3744, #3385, #1841, #4493, #1141, #469, #393, #1547, #2594, #2643, #4516, #2690, #753, #1570, #727, #2206, #1942, #3046, #1214 ),
 ( #51, #1893, #3358, #3770, #1866, #3672, #826, #2617, #4050, #1525, #3023, #4100, #778, #369, #3334, #1, #2950, #3310, #25, #1475, #3001, #4418, #1189, #1501, #100, #4470, #2254, #2977, #4077, #3720, #419, #802, #2279, #2667, #4124, #3406, #227, #3844, #3794, #4540, #4564, #2715, #954, #1697, #1336, #2377, #4249, #590, #2402, #1595, #3152, #3509, #4587, #3073, #541, #4613, #1238, #929, #2350, #490, #1966, #2067, #203, #3433, #126, #4172, #3891, #1287, #2764, #851, #2427, #564, #516, #177, #3486, #4226, #3868, #4199, #2326, #2042, #875, #3818, #3458, #2017, #3098, #1671, #1313, #2791, #3532, #3174, #1993, #151, #4637, #2741, #4147, #1618, #1261, #902, #1643, #3124, #614, #3556, #3913 ) ),
 .UNSPECIFIED., .F., .F., .T. ) 
 B_SPLINE_SURFACE_WITH_KNOTS ( ( 2, 2 ),
 ( 3, 2, 2, 2, 2, 2, 2, 2, 2, 2, 2, 2, 2, 2, 2, 2, 2, 2, 2, 2, 2, 2, 2, 2, 2, 2, 2, 2, 2, 2, 2, 2, 2, 2, 2, 2, 2, 2, 2, 2, 2, 2, 2, 2, 2, 2, 2, 2, 2, 2, 2, 3 ),
 ( 0.000000000000000000, 1.000000000000000000 ),
 ( 0.000000000000000000, 0.01851851851851851749, 0.03703703703703703498, 0.05555555555555555247, 0.07407407407407406996, 0.09259259259259258745, 0.1111111111111111049, 0.1296296296296296224, 0.1481481481481481399, 0.1666666666666666574, 0.1851851851851851749, 0.2037037037037036924, 0.2222222222222222099, 0.2407407407407407274, 0.2592592592592592449, 0.2777777777777777901, 0.2962962962962962798, 0.3148148148148148251, 0.3333333333333333148, 0.3518518518518518601, 0.3703703703703703498, 0.3888888888888888951, 0.4074074074074073848, 0.4259259259259259300, 0.4444444444444444198, 0.4629629629629629650, 0.4814814814814814548, 0.5000000000000000000, 0.5185185185185184897, 0.5370370370370370905, 0.5555555555555555802, 0.5740740740740740700, 0.5925925925925925597, 0.6111111111111111605, 0.6296296296296296502, 0.6481481481481481399, 0.6666666666666666297, 0.6851851851851852304, 0.7037037037037037202, 0.7222222222222222099, 0.7407407407407406996, 0.7592592592592593004, 0.7777777777777777901, 0.7962962962962962798, 0.8148148148148147696, 0.8333333333333333703, 0.8518518518518518601, 0.8703703703703703498, 0.8888888888888888395, 0.9074074074074074403, 0.9259259259259259300, 0.9340993431318487250 ),
 .UNSPECIFIED. ) 
 GEOMETRIC_REPRESENTATION_ITEM ( )  RATIONAL_B_SPLINE_SURFACE ( (
 ( 1.000000000000000000, 0.8660254037844387076, 1.000000000000000000, 0.8660254037844387076, 1.000000000000000000, 0.8660254037844387076, 1.000000000000000000, 0.8660254037844387076, 1.000000000000000000, 0.8660254037844387076, 1.000000000000000000, 0.8660254037844387076, 1.000000000000000000, 0.8660254037844387076, 1.000000000000000000, 0.8660254037844387076, 1.000000000000000000, 0.8660254037844387076, 1.000000000000000000, 0.8660254037844387076, 1.000000000000000000, 0.8660254037844387076, 1.000000000000000000, 0.8660254037844387076, 1.000000000000000000, 0.8660254037844387076, 1.000000000000000000, 0.8660254037844387076, 1.000000000000000000, 0.8660254037844387076, 1.000000000000000000, 0.8660254037844387076, 1.000000000000000000, 0.8660254037844387076, 1.000000000000000000, 0.8660254037844387076, 1.000000000000000000, 0.8660254037844387076, 1.000000000000000000, 0.8660254037844387076, 1.000000000000000000, 0.8660254037844387076, 1.000000000000000000, 0.8660254037844387076, 1.000000000000000000, 0.8660254037844387076, 1.000000000000000000, 0.8660254037844387076, 1.000000000000000000, 0.8660254037844387076, 1.000000000000000000, 0.8660254037844387076, 1.000000000000000000, 0.8660254037844387076, 1.000000000000000000, 0.8660254037844387076, 1.000000000000000000, 0.8660254037844387076, 1.000000000000000000, 0.8660254037844387076, 1.000000000000000000, 0.8660254037844387076, 1.000000000000000000, 0.8660254037844387076, 1.000000000000000000, 0.8660254037844387076, 1.000000000000000000, 0.8660254037844387076, 1.000000000000000000, 0.8660254037844387076, 1.000000000000000000, 0.8660254037844387076, 1.000000000000000000, 0.8660254037844387076, 1.000000000000000000, 0.8660254037844387076, 1.000000000000000000, 0.8660254037844387076, 1.000000000000000000, 0.8660254037844387076, 1.000000000000000000, 0.8660254037844387076, 1.000000000000000000, 0.8660254037844387076, 1.000000000000000000, 0.8660254037844387076, 1.000000000000000000, 0.8660254037844387076, 1.000000000000000000, 0.8660254037844387076, 1.000000000000000000, 0.8660254037844387076, 1.000000000000000000, 0.8660254037844387076, 1.000000000000000000, 0.8660254037844387076, 1.000000000000000000, 0.8660254037844387076, 1.000000000000000000, 0.8660254037844387076, 1.000000000000000000, 0.9408683654272992358, 0.9339339429531305914),
 ( 1.000000000000000000, 0.8660254037844387076, 1.000000000000000000, 0.8660254037844387076, 1.000000000000000000, 0.8660254037844387076, 1.000000000000000000, 0.8660254037844387076, 1.000000000000000000, 0.8660254037844387076, 1.000000000000000000, 0.8660254037844387076, 1.000000000000000000, 0.8660254037844387076, 1.000000000000000000, 0.8660254037844387076, 1.000000000000000000, 0.8660254037844387076, 1.000000000000000000, 0.8660254037844387076, 1.000000000000000000, 0.8660254037844387076, 1.000000000000000000, 0.8660254037844387076, 1.000000000000000000, 0.8660254037844387076, 1.000000000000000000, 0.8660254037844387076, 1.000000000000000000, 0.8660254037844387076, 1.000000000000000000, 0.8660254037844387076, 1.000000000000000000, 0.8660254037844387076, 1.000000000000000000, 0.8660254037844387076, 1.000000000000000000, 0.8660254037844387076, 1.000000000000000000, 0.8660254037844387076, 1.000000000000000000, 0.8660254037844387076, 1.000000000000000000, 0.8660254037844387076, 1.000000000000000000, 0.8660254037844387076, 1.000000000000000000, 0.8660254037844387076, 1.000000000000000000, 0.8660254037844387076, 1.000000000000000000, 0.8660254037844387076, 1.000000000000000000, 0.8660254037844387076, 1.000000000000000000, 0.8660254037844387076, 1.000000000000000000, 0.8660254037844387076, 1.000000000000000000, 0.8660254037844387076, 1.000000000000000000, 0.8660254037844387076, 1.000000000000000000, 0.8660254037844387076, 1.000000000000000000, 0.8660254037844387076, 1.000000000000000000, 0.8660254037844387076, 1.000000000000000000, 0.8660254037844387076, 1.000000000000000000, 0.8660254037844387076, 1.000000000000000000, 0.8660254037844387076, 1.000000000000000000, 0.8660254037844387076, 1.000000000000000000, 0.8660254037844387076, 1.000000000000000000, 0.8660254037844387076, 1.000000000000000000, 0.8660254037844387076, 1.000000000000000000, 0.8660254037844387076, 1.000000000000000000, 0.8660254037844387076, 1.000000000000000000, 0.8660254037844387076, 1.000000000000000000, 0.8660254037844387076, 1.000000000000000000, 0.8660254037844387076, 1.000000000000000000, 0.8660254037844387076, 1.000000000000000000, 0.8660254037844387076, 1.000000000000000000, 0.8660254037844387076, 1.000000000000000000, 0.8660254037844387076, 1.000000000000000000, 0.9408683654272992358, 0.9339339429531305914) ) ) 
 REPRESENTATION_ITEM ( '' )  SURFACE ( )  );
#4771 = CARTESIAN_POINT ( 'NONE',  ( -2.249999999999998668, -0.7237206574589496455, 0.07898816364521361877 ) ) ;
#4772 = CARTESIAN_POINT ( 'NONE',  ( -0.8294067547305488119, -0.4788582131113825469, 6.518750000000002487 ) ) ;
#4773 = CARTESIAN_POINT ( 'NONE',  ( -1.471500672974070056, -6.446186024270533869E-15, 5.848437500000001954 ) ) ;
#4774 = ORIENTED_EDGE ( 'NONE', *, *, #3092, .F. ) ;
#4775 = CARTESIAN_POINT ( 'NONE',  ( 1.105875672974064861, -6.739435519199968560E-15, 7.212500000000003908 ) ) ;
#4776 = CARTESIAN_POINT ( 'NONE',  ( 0.8294067547305582488, 0.4788582131113751084, -1.443749999999998090 ) ) ;
#4777 = CARTESIAN_POINT ( 'NONE',  ( 2.345728711729071966E-16, 0.9577164262227458869, 5.975000000000003197 ) ) ;
#4778 = CARTESIAN_POINT ( 'NONE',  ( 0.5529378364870320972, -0.9577164262227589875, 5.731250000000001954 ) ) ;
ENDSEC;
END-ISO-10303-21;
