ISO-10303-21;
HEADER;
FILE_DESCRIPTION (( 'STEP AP203' ),
    '1' );
FILE_NAME ('93655A430_Male-Female Threaded Hex Standoff.STEP',
    '2026-01-09T00:09:43',
    ( 'McMaster Carr Supply' ),
    ( 'McMaster Carr Supply' ),
    'SwSTEP 2.0',
    'SolidWorks 2024',
    '' );
FILE_SCHEMA (( 'CONFIG_CONTROL_DESIGN' ));
ENDSEC;

DATA;
#1 =( BOUNDED_SURFACE ( )  B_SPLINE_SURFACE ( 1, 2, ( 
 ( #2949, #990, #3927, #2419, #3016, #5958, #1387, #5456, #6497, #3958, #1534, #5676, #4147, #2565, #3796, #5105, #1106, #6147, #1758, #3134, #5832, #3259, #82, #1566, #764, #6296, #2601, #2631, #3294, #1229, #732, #6184, #4113, #4676, #3098, #4176, #1596, #1720, #4577, #3759, #1261, #4800, #5293, #3571, #5169, #3638, #5800, #5611, #609, #10, #114, #2130, #5136, #5323, #2753, #4611, #2028, #4075, #238, #4302, #6113, #2258, #6331, #576, #1041, #47, #3066, #544, #2061, #3604, #5642, #2096, #1073, #4644, #4895, #334, #794, #5866, #1292, #4398, #4466, #1919, #4864, #3358, #5997, #405, #4833, #5898, #2424, #5392, #3830, #305, #5423, #6500, #4432, #6466, #3326, #3961, #2354, #2882, #6429, #4927, #273, #824, #1887, #1426, #3458, #6396, #370, #5495, #1325, #5357, #2818, #2782, #2850, #2292, #4336, #2323, #858, #3389, #1823, #2921, #4367, #2388, #3860, #1791, #3931, #6365, #1857, #3895, #5930, #1359, #5963, #891, #1391, #3425, #5459, #4964, #531, #6566, #6532, #1949, #3085, #2456, #2551, #2953, #5629, #962, #6595, #67, #2013, #5557, #4999, #925, #5593, #562, #5061, #4096, #4566 ),
 ( #5030, #6065, #4500, #4131, #4630, #2985, #5528, #468, #992, #4534, #3019, #3051, #1059, #4595, #3998, #2081, #5123, #1485, #6095, #434, #6131, #4062, #2487, #1981, #2585, #4032, #502, #6168, #1584, #1515, #2520, #3554, #1025, #6032, #3490, #5092, #28, #3625, #3521, #2045, #1456, #1550, #3590, #2716, #5697, #6261, #4696, #170, #5760, #202, #3753, #693, #1683, #3721, #3151, #4762, #2150, #4794, #2221, #660, #4234, #1160, #594, #3218, #1189, #2682, #131, #1716, #1223, #5794, #4265, #4197, #3184, #5221, #4296, #5185, #5253, #4729, #6292, #2617, #232, #2748, #725, #2188, #2252, #626, #3254, #5288, #4662, #6324, #2650, #1127, #1753, #5663, #1091, #99, #3119, #5155, #6231, #2116, #1653, #3690, #4164, #6202, #1617, #3657, #5730, #2877, #301, #2912, #4922, #5388, #2348, #5891, #5319, #1354, #5925, #820, #2813, #6459, #5956, #3924, #361, #2319, #1319, #3353, #2417, #3320, #3889, #2845, #852, #759, #4957, #885, #5453, #4891, #397, #1288, #4423, #1882, #2777, #4460, #5350, #5860, #329, #6496, #3383, #4828, #2381, #1385, #4363, #5828, #6392, #4860, #4391, #3790, #6422, #269, #3419 ) ),
 .UNSPECIFIED., .F., .F., .T. ) 
 B_SPLINE_SURFACE_WITH_KNOTS ( ( 2, 2 ),
 ( 3, 2, 2, 2, 2, 2, 2, 2, 2, 2, 2, 2, 2, 2, 2, 2, 2, 2, 2, 2, 2, 2, 2, 2, 2, 2, 2, 2, 2, 2, 2, 2, 2, 2, 2, 2, 2, 2, 2, 2, 2, 2, 2, 2, 2, 2, 2, 2, 2, 2, 2, 2, 2, 2, 2, 2, 2, 2, 2, 2, 2, 2, 2, 2, 2, 2, 2, 2, 2, 2, 2, 2, 2, 2, 2, 2, 2, 2, 2, 3 ),
 ( 0.000000000000000000, 1.000000000000000000 ),
 ( 0.000000000000000000, 0.01190476190476190410, 0.02380952380952380820, 0.03571428571428571230, 0.04761904761904761640, 0.05952380952380952051, 0.07142857142857142461, 0.08333333333333332871, 0.09523809523809523281, 0.1071428571428571369, 0.1190476190476190410, 0.1309523809523809590, 0.1428571428571428492, 0.1547619047619047672, 0.1666666666666666574, 0.1785714285714285754, 0.1904761904761904656, 0.2023809523809523836, 0.2142857142857142738, 0.2261904761904761918, 0.2380952380952380820, 0.2500000000000000000, 0.2619047619047619180, 0.2738095238095238360, 0.2857142857142856984, 0.2976190476190476164, 0.3095238095238095344, 0.3214285714285714524, 0.3333333333333333148, 0.3452380952380952328, 0.3571428571428571508, 0.3690476190476190688, 0.3809523809523809312, 0.3928571428571428492, 0.4047619047619047672, 0.4166666666666666852, 0.4285714285714285476, 0.4404761904761904656, 0.4523809523809523836, 0.4642857142857143016, 0.4761904761904761640, 0.4880952380952380820, 0.5000000000000000000, 0.5119047619047618625, 0.5238095238095238360, 0.5357142857142856984, 0.5476190476190476719, 0.5595238095238095344, 0.5714285714285713969, 0.5833333333333333703, 0.5952380952380952328, 0.6071428571428570953, 0.6190476190476190688, 0.6309523809523809312, 0.6428571428571429047, 0.6547619047619047672, 0.6666666666666666297, 0.6785714285714286031, 0.6904761904761904656, 0.7023809523809523281, 0.7142857142857143016, 0.7261904761904761640, 0.7380952380952381375, 0.7500000000000000000, 0.7619047619047618625, 0.7738095238095238360, 0.7857142857142856984, 0.7976190476190476719, 0.8095238095238095344, 0.8214285714285713969, 0.8333333333333333703, 0.8452380952380952328, 0.8571428571428570953, 0.8690476190476190688, 0.8809523809523809312, 0.8928571428571429047, 0.9047619047619047672, 0.9166666666666666297, 0.9285714285714286031, 0.9402983736696691741 ),
 .UNSPECIFIED. ) 
 GEOMETRIC_REPRESENTATION_ITEM ( )  RATIONAL_B_SPLINE_SURFACE ( (
 ( 1.000000000000000000, 0.8660254037844387076, 1.000000000000000000, 0.8660254037844387076, 1.000000000000000000, 0.8660254037844387076, 1.000000000000000000, 0.8660254037844387076, 1.000000000000000000, 0.8660254037844387076, 1.000000000000000000, 0.8660254037844387076, 1.000000000000000000, 0.8660254037844387076, 1.000000000000000000, 0.8660254037844387076, 1.000000000000000000, 0.8660254037844387076, 1.000000000000000000, 0.8660254037844387076, 1.000000000000000000, 0.8660254037844387076, 1.000000000000000000, 0.8660254037844387076, 1.000000000000000000, 0.8660254037844387076, 1.000000000000000000, 0.8660254037844387076, 1.000000000000000000, 0.8660254037844387076, 1.000000000000000000, 0.8660254037844387076, 1.000000000000000000, 0.8660254037844387076, 1.000000000000000000, 0.8660254037844387076, 1.000000000000000000, 0.8660254037844387076, 1.000000000000000000, 0.8660254037844387076, 1.000000000000000000, 0.8660254037844387076, 1.000000000000000000, 0.8660254037844387076, 1.000000000000000000, 0.8660254037844387076, 1.000000000000000000, 0.8660254037844387076, 1.000000000000000000, 0.8660254037844387076, 1.000000000000000000, 0.8660254037844387076, 1.000000000000000000, 0.8660254037844387076, 1.000000000000000000, 0.8660254037844387076, 1.000000000000000000, 0.8660254037844387076, 1.000000000000000000, 0.8660254037844387076, 1.000000000000000000, 0.8660254037844387076, 1.000000000000000000, 0.8660254037844387076, 1.000000000000000000, 0.8660254037844387076, 1.000000000000000000, 0.8660254037844387076, 1.000000000000000000, 0.8660254037844387076, 1.000000000000000000, 0.8660254037844387076, 1.000000000000000000, 0.8660254037844387076, 1.000000000000000000, 0.8660254037844387076, 1.000000000000000000, 0.8660254037844387076, 1.000000000000000000, 0.8660254037844387076, 1.000000000000000000, 0.8660254037844387076, 1.000000000000000000, 0.8660254037844387076, 1.000000000000000000, 0.8660254037844387076, 1.000000000000000000, 0.8660254037844387076, 1.000000000000000000, 0.8660254037844387076, 1.000000000000000000, 0.8660254037844387076, 1.000000000000000000, 0.8660254037844387076, 1.000000000000000000, 0.8660254037844387076, 1.000000000000000000, 0.8660254037844387076, 1.000000000000000000, 0.8660254037844387076, 1.000000000000000000, 0.8660254037844387076, 1.000000000000000000, 0.8660254037844387076, 1.000000000000000000, 0.8660254037844387076, 1.000000000000000000, 0.8660254037844387076, 1.000000000000000000, 0.8660254037844387076, 1.000000000000000000, 0.8660254037844387076, 1.000000000000000000, 0.8660254037844387076, 1.000000000000000000, 0.8660254037844387076, 1.000000000000000000, 0.8660254037844387076, 1.000000000000000000, 0.8660254037844387076, 1.000000000000000000, 0.8660254037844387076, 1.000000000000000000, 0.8660254037844387076, 1.000000000000000000, 0.8660254037844387076, 1.000000000000000000, 0.8660254037844387076, 1.000000000000000000, 0.8660254037844387076, 1.000000000000000000, 0.8660254037844387076, 1.000000000000000000, 0.8660254037844387076, 1.000000000000000000, 0.8660254037844387076, 1.000000000000000000, 0.8660254037844387076, 1.000000000000000000, 0.8660254037844387076, 1.000000000000000000, 0.8660254037844387076, 1.000000000000000000, 0.8660254037844387076, 1.000000000000000000, 0.8660254037844387076, 1.000000000000000000, 0.8660254037844387076, 1.000000000000000000, 0.8660254037844387076, 1.000000000000000000, 0.8660254037844387076, 1.000000000000000000, 0.8660254037844387076, 1.000000000000000000, 0.8660254037844387076, 1.000000000000000000, 0.8680265303121772469, 0.9960575270445288787),
 ( 1.000000000000000000, 0.8660254037844387076, 1.000000000000000000, 0.8660254037844387076, 1.000000000000000000, 0.8660254037844387076, 1.000000000000000000, 0.8660254037844387076, 1.000000000000000000, 0.8660254037844387076, 1.000000000000000000, 0.8660254037844387076, 1.000000000000000000, 0.8660254037844387076, 1.000000000000000000, 0.8660254037844387076, 1.000000000000000000, 0.8660254037844387076, 1.000000000000000000, 0.8660254037844387076, 1.000000000000000000, 0.8660254037844387076, 1.000000000000000000, 0.8660254037844387076, 1.000000000000000000, 0.8660254037844387076, 1.000000000000000000, 0.8660254037844387076, 1.000000000000000000, 0.8660254037844387076, 1.000000000000000000, 0.8660254037844387076, 1.000000000000000000, 0.8660254037844387076, 1.000000000000000000, 0.8660254037844387076, 1.000000000000000000, 0.8660254037844387076, 1.000000000000000000, 0.8660254037844387076, 1.000000000000000000, 0.8660254037844387076, 1.000000000000000000, 0.8660254037844387076, 1.000000000000000000, 0.8660254037844387076, 1.000000000000000000, 0.8660254037844387076, 1.000000000000000000, 0.8660254037844387076, 1.000000000000000000, 0.8660254037844387076, 1.000000000000000000, 0.8660254037844387076, 1.000000000000000000, 0.8660254037844387076, 1.000000000000000000, 0.8660254037844387076, 1.000000000000000000, 0.8660254037844387076, 1.000000000000000000, 0.8660254037844387076, 1.000000000000000000, 0.8660254037844387076, 1.000000000000000000, 0.8660254037844387076, 1.000000000000000000, 0.8660254037844387076, 1.000000000000000000, 0.8660254037844387076, 1.000000000000000000, 0.8660254037844387076, 1.000000000000000000, 0.8660254037844387076, 1.000000000000000000, 0.8660254037844387076, 1.000000000000000000, 0.8660254037844387076, 1.000000000000000000, 0.8660254037844387076, 1.000000000000000000, 0.8660254037844387076, 1.000000000000000000, 0.8660254037844387076, 1.000000000000000000, 0.8660254037844387076, 1.000000000000000000, 0.8660254037844387076, 1.000000000000000000, 0.8660254037844387076, 1.000000000000000000, 0.8660254037844387076, 1.000000000000000000, 0.8660254037844387076, 1.000000000000000000, 0.8660254037844387076, 1.000000000000000000, 0.8660254037844387076, 1.000000000000000000, 0.8660254037844387076, 1.000000000000000000, 0.8660254037844387076, 1.000000000000000000, 0.8660254037844387076, 1.000000000000000000, 0.8660254037844387076, 1.000000000000000000, 0.8660254037844387076, 1.000000000000000000, 0.8660254037844387076, 1.000000000000000000, 0.8660254037844387076, 1.000000000000000000, 0.8660254037844387076, 1.000000000000000000, 0.8660254037844387076, 1.000000000000000000, 0.8660254037844387076, 1.000000000000000000, 0.8660254037844387076, 1.000000000000000000, 0.8660254037844387076, 1.000000000000000000, 0.8660254037844387076, 1.000000000000000000, 0.8660254037844387076, 1.000000000000000000, 0.8660254037844387076, 1.000000000000000000, 0.8660254037844387076, 1.000000000000000000, 0.8660254037844387076, 1.000000000000000000, 0.8660254037844387076, 1.000000000000000000, 0.8660254037844387076, 1.000000000000000000, 0.8660254037844387076, 1.000000000000000000, 0.8660254037844387076, 1.000000000000000000, 0.8660254037844387076, 1.000000000000000000, 0.8660254037844387076, 1.000000000000000000, 0.8660254037844387076, 1.000000000000000000, 0.8660254037844387076, 1.000000000000000000, 0.8660254037844387076, 1.000000000000000000, 0.8660254037844387076, 1.000000000000000000, 0.8660254037844387076, 1.000000000000000000, 0.8660254037844387076, 1.000000000000000000, 0.8680265303121772469, 0.9960575270445288787) ) ) 
 REPRESENTATION_ITEM ( '' )  SURFACE ( )  );
#2 = CARTESIAN_POINT ( 'NONE',  ( -1.338300807568884032, -0.7726683315065935309, -6.816666666666664653 ) ) ;
#3 = CYLINDRICAL_SURFACE ( 'NONE', #5484, 1.999999999999998224 ) ;
#4 = CARTESIAN_POINT ( 'NONE',  ( 1.338300807568884476, 0.7726683315065825397, -5.679166666666663588 ) ) ;
#5 = CARTESIAN_POINT ( 'NONE',  ( -0.4028248107107819109, -1.917723673088299829, -9.201188455386395404 ) ) ;
#6 = DATE_TIME_ROLE ( 'classification_date' ) ;
#7 = CARTESIAN_POINT ( 'NONE',  ( -1.764863307568879991, 1.018944305707778719, 20.05104166666667354 ) ) ;
#8 = CARTESIAN_POINT ( 'NONE',  ( -1.176575538379254215, -2.037888611415580087, 8.369791666666669627 ) ) ;
#9 = ORIENTED_EDGE ( 'NONE', *, *, #3395, .F. ) ;
#10 = CARTESIAN_POINT ( 'NONE',  ( -0.8922005383792555033, 1.545336663013172185, -6.904166666666663232 ) ) ;
#11 = ORIENTED_EDGE ( 'NONE', *, *, #1124, .T. ) ;
#12 = CARTESIAN_POINT ( 'NONE',  ( -1.176575538379256214, -2.037888611415580975, -9.142708333333334991 ) ) ;
#13 = VERTEX_POINT ( 'NONE', #2176 ) ;
#14 = CARTESIAN_POINT ( 'NONE',  ( -0.8922005383792481759, 1.545336663013156420, 13.40833333333333677 ) ) ;
#15 = CARTESIAN_POINT ( 'NONE',  ( -2.449293598294699019E-16, -2.000000000000001776, 10.46250000000000391 ) ) ;
#16 = CARTESIAN_POINT ( 'NONE',  ( 1.338300807568872042, -0.7726683315065906443, 17.92916666666667425 ) ) ;
#17 = CARTESIAN_POINT ( 'NONE',  ( 0.000000000000000000, 1.999999999999997335, -7.312499999999998224 ) ) ;
#18 = CARTESIAN_POINT ( 'NONE',  ( 0.8922005383792478428, -1.545336663013172851, 13.05833333333333712 ) ) ;
#19 = ORIENTED_EDGE ( 'NONE', *, *, #6474, .T. ) ;
#20 = CYLINDRICAL_SURFACE ( 'NONE', #4214, 2.000000000000000000 ) ;
#21 = CARTESIAN_POINT ( 'NONE',  ( 3.784983195928246554E-16, 1.545336663013156420, 16.76250000000007034 ) ) ;
#22 = CARTESIAN_POINT ( 'NONE',  ( 2.309401076758686333, -8.290308793092399267E-15, 13.43750000000009592 ) ) ;
#23 = CARTESIAN_POINT ( 'NONE',  ( 0.000000000000000000, 2.000000000000000444, -9.500000000000000000 ) ) ;
#24 = CARTESIAN_POINT ( 'NONE',  ( -0.6623378907445313102, -3.081700655621913754, 19.89411159150290942 ) ) ;
#25 = CARTESIAN_POINT ( 'NONE',  ( 0.1788089586445390788, -3.360866214730814594, 0.2451915329696856549 ) ) ;
#26 = EDGE_CURVE ( 'NONE', #4467, #1665, #3357, .T. ) ;
#27 = CARTESIAN_POINT ( 'NONE',  ( -1.338300807568901352, -0.7726683315066062985, 14.98333333333335737 ) ) ;
#28 = CARTESIAN_POINT ( 'NONE',  ( 0.000000000000000000, 2.037888611415570761, -7.378124999999997158 ) ) ;
#29 = B_SPLINE_CURVE_WITH_KNOTS ( 'NONE', 3,
 ( #4975, #902, #5536, #2023, #1435, #5471 ),
 .UNSPECIFIED., .F., .F.,
 ( 4, 2, 4 ),
 ( 1.301042606982605513E-18, 0.0002683679863481722877, 0.0005367359726963432743 ),
 .UNSPECIFIED. ) ;
#30 = DIRECTION ( 'NONE',  ( -0.000000000000000000, 1.059903591714612962E-16, -1.000000000000000000 ) ) ;
#31 = CARTESIAN_POINT ( 'NONE',  ( 0.8922005383792477318, -1.545336663013172407, 18.57083333333333997 ) ) ;
#32 = CARTESIAN_POINT ( 'NONE',  ( 1.176575538379252661, -2.037888611415580975, 9.842708333333339610 ) ) ;
#33 = ADVANCED_FACE ( 'NONE', ( #1152 ), #5146, .F. ) ;
#34 = VERTEX_POINT ( 'NONE', #2108 ) ;
#35 = VECTOR ( 'NONE', #4755, 1000.000000000000000 ) ;
#36 = CARTESIAN_POINT ( 'NONE',  ( 1.338300807568884476, 0.7726683315065825397, -5.679166666666663588 ) ) ;
#37 = CARTESIAN_POINT ( 'NONE',  ( 0.8922005383792568356, 1.545336663013171963, -5.008333333333331083 ) ) ;
#38 = ADVANCED_FACE ( 'NONE', ( #4157 ), #5178, .T. ) ;
#39 = VECTOR ( 'NONE', #751, 1000.000000000000000 ) ;
#40 = CARTESIAN_POINT ( 'NONE',  ( -1.732050807569657458, 1.000000000000445199, -8.595833333333850135 ) ) ;
#41 = CARTESIAN_POINT ( 'NONE',  ( 0.000000000000000000, 1.545336663013172629, -2.762499999999996625 ) ) ;
#42 = DIRECTION ( 'NONE',  ( 1.000000000000000000, 0.000000000000000000, 0.000000000000000000 ) ) ;
#43 = CALENDAR_DATE ( 2026, 8, 1 ) ;
#44 = CARTESIAN_POINT ( 'NONE',  ( -1.154700538379268560, -1.999999999999990452, 19.59166666666667211 ) ) ;
#45 = CARTESIAN_POINT ( 'NONE',  ( -2.353151076758506655, -7.721989750899276899E-15, 11.05312500000000320 ) ) ;
#46 = ORIENTED_EDGE ( 'NONE', *, *, #4028, .T. ) ;
#47 = CARTESIAN_POINT ( 'NONE',  ( -0.8922005383792563915, -1.545336663013181733, -5.970833333333330550 ) ) ;
#48 = VERTEX_POINT ( 'NONE', #3648 ) ;
#49 = CARTESIAN_POINT ( 'NONE',  ( -1.764863307568883322, -1.018944305707792486, -4.301041666666667318 ) ) ;
#50 = VERTEX_POINT ( 'NONE', #4688 ) ;
#51 = CARTESIAN_POINT ( 'NONE',  ( -1.784401076758496574, -7.756815644250031206E-15, 15.62500000000000355 ) ) ;
#52 = CARTESIAN_POINT ( 'NONE',  ( -0.3342011790459400444, -1.952742741721618991, 19.64606405340716577 ) ) ;
#53 = B_SPLINE_CURVE_WITH_KNOTS ( 'NONE', 3,
 ( #3402, #6043, #3470, #1836, #346, #5975, #3974, #1402, #3502, #2402, #5010, #3909, #2336, #1466, #4512, #837, #5405, #2862, #5435, #4411, #2896, #6009, #415, #6442, #6408, #4908, #6543, #1340, #2932, #4941 ),
 .UNSPECIFIED., .F., .F.,
 ( 4, 2, 2, 2, 2, 2, 2, 2, 2, 2, 2, 2, 2, 2, 4 ),
 ( 0.003260348292305678079, 0.003891932800148180643, 0.004207725054069431925, 0.004523517307990682773, 0.004839309561911934489, 0.005155101815833186205, 0.005470894069754437053, 0.005786686323675687901, 0.006102478577596938750, 0.006418270831518190465, 0.006734063085439442181, 0.007049855339360693030, 0.007365647593281943878, 0.007681439847203194726, 0.008313024355045696423 ),
 .UNSPECIFIED. ) ;
#54 = CARTESIAN_POINT ( 'NONE',  ( 0.8922005383792477318, -1.545336663013172407, 15.77083333333333748 ) ) ;
#55 = CARTESIAN_POINT ( 'NONE',  ( -1.196227742103898040, 1.158621848457487502, -1.206056724837040184 ) ) ;
#56 = CARTESIAN_POINT ( 'NONE',  ( -0.8922005383792488420, -1.545336663013171519, 10.05416666666667425 ) ) ;
#57 = CARTESIAN_POINT ( 'NONE',  ( 3.784983195928247540E-16, 1.545336663013156642, 13.35000000000000497 ) ) ;
#58 = VERTEX_POINT ( 'NONE', #4054 ) ;
#59 = CARTESIAN_POINT ( 'NONE',  ( 1.732050807568882522, 0.9999999999999933387, 12.88333333333333464 ) ) ;
#60 = VECTOR ( 'NONE', #4494, 1000.000000000000000 ) ;
#61 = CARTESIAN_POINT ( 'NONE',  ( -0.8922005383792480648, 1.545336663013156642, 15.42083333333340178 ) ) ;
#62 = CARTESIAN_POINT ( 'NONE',  ( -1.154700538379556329, 1.999999999999468425, -4.454166666666633745 ) ) ;
#63 = LINE ( 'NONE', #5692, #3008 ) ;
#64 = CARTESIAN_POINT ( 'NONE',  ( -1.620928281334023557, 1.018881499448678563, -9.244694796477324061 ) ) ;
#65 = AXIS2_PLACEMENT_3D ( 'NONE', #3269, #4746, #3736 ) ;
#66 = CARTESIAN_POINT ( 'NONE',  ( 0.8922005383792682709, 1.545336663013189282, 14.69166666666668952 ) ) ;
#67 = CARTESIAN_POINT ( 'NONE',  ( -0.8922005383792563915, -1.545336663013181511, -1.070833333333329973 ) ) ;
#68 = EDGE_CURVE ( 'NONE', #5212, #1570, #2079, .T. ) ;
#69 = CARTESIAN_POINT ( 'NONE',  ( 0.000000000000000000, 5.246303815928974609E-16, -9.500000000000000000 ) ) ;
#70 = CARTESIAN_POINT ( 'NONE',  ( -1.338300807568872708, -0.7726683315065896451, 19.79583333333333783 ) ) ;
#71 = ORIENTED_EDGE ( 'NONE', *, *, #5649, .T. ) ;
#72 = CARTESIAN_POINT ( 'NONE',  ( 1.338300807568884476, 0.7726683315065826507, -4.279166666666664121 ) ) ;
#73 = CARTESIAN_POINT ( 'NONE',  ( -1.338300807568884032, -0.7726683315065933089, -1.916666666666663854 ) ) ;
#74 = ADVANCED_FACE ( 'NONE', ( #5053 ), #2414, .T. ) ;
#75 = CARTESIAN_POINT ( 'NONE',  ( 0.000000000000000000, 2.000000000000000444, -9.500000000000000000 ) ) ;
#76 = CARTESIAN_POINT ( 'NONE',  ( 0.8922005383792552813, -1.545336663013182843, -5.154166666666663232 ) ) ;
#77 = CARTESIAN_POINT ( 'NONE',  ( -0.8922005383792565025, -1.545336663013182621, -8.158333333333331439 ) ) ;
#78 = APPROVAL_DATE_TIME ( #1529, #3618 ) ;
#79 = CARTESIAN_POINT ( 'NONE',  ( 4.898587196589425648E-16, 1.999999999999997335, 19.30000000000000071 ) ) ;
#80 = CARTESIAN_POINT ( 'NONE',  ( -1.176575538379254215, -2.037888611415580087, 11.16979166666666856 ) ) ;
#81 = VERTEX_POINT ( 'NONE', #6054 ) ;
#82 = CARTESIAN_POINT ( 'NONE',  ( 1.338300807568884254, 0.7726683315065823177, -8.479166666666662522 ) ) ;
#83 = ORIENTED_EDGE ( 'NONE', *, *, #112, .T. ) ;
#84 = CARTESIAN_POINT ( 'NONE',  ( -1.764863307568883322, -1.018944305707792708, -6.401041666666667851 ) ) ;
#85 = ORIENTED_EDGE ( 'NONE', *, *, #4878, .T. ) ;
#86 = CARTESIAN_POINT ( 'NONE',  ( 1.338300807568872042, -0.7726683315065906443, 15.21666666666667034 ) ) ;
#87 = CARTESIAN_POINT ( 'NONE',  ( 2.887156314016829484, -1.769854750744649374, 0.2570750093467237818 ) ) ;
#88 = CARTESIAN_POINT ( 'NONE',  ( -1.784401076758496574, -7.756815644250031206E-15, 16.93750000000000711 ) ) ;
#89 = CARTESIAN_POINT ( 'NONE',  ( -2.449293598294697540E-16, -1.999999999999997780, -7.662499999999993427 ) ) ;
#90 = CARTESIAN_POINT ( 'NONE',  ( 1.764863307568879547, -1.018944305707794928, 20.44479166666667069 ) ) ;
#91 = CARTESIAN_POINT ( 'NONE',  ( -1.338300807568872708, 0.7726683315065744351, 12.76666666666666927 ) ) ;
#92 = DIRECTION ( 'NONE',  ( 0.000000000000000000, 1.000000000000000000, 0.000000000000000000 ) ) ;
#93 = DIRECTION ( 'NONE',  ( 0.000000000000000000, 1.000000000000000000, 1.084202172485505174E-16 ) ) ;
#94 = CARTESIAN_POINT ( 'NONE',  ( -1.784401076758496352, -7.756815644250031206E-15, 16.23750000000007176 ) ) ;
#95 = CARTESIAN_POINT ( 'NONE',  ( 2.745000000000000107, -1.879275126212233804, 0.2232411399076054404 ) ) ;
#96 = CARTESIAN_POINT ( 'NONE',  ( -2.309401076759539873, -7.724668665772350436E-15, 19.38750000000052509 ) ) ;
#97 = CARTESIAN_POINT ( 'NONE',  ( -1.720686245646229962, 0.8535624208559222659, -9.238476086967917666 ) ) ;
#98 = CARTESIAN_POINT ( 'NONE',  ( -0.8922005383792679378, -1.545336663013204603, 16.44166666666669130 ) ) ;
#99 = CARTESIAN_POINT ( 'NONE',  ( 1.176575538379256658, 2.037888611415570317, -3.936458333333329840 ) ) ;
#100 =( BOUNDED_CURVE ( )  B_SPLINE_CURVE ( 2, ( #972, #4608, #2562, #1561, #3635, #5165, #2627 ),
 .UNSPECIFIED., .F., .T. ) 
 B_SPLINE_CURVE_WITH_KNOTS ( ( 3, 2, 2, 3 ),
 ( 0.1081545406885862093, 0.1102451089172574589, 0.1123356771459287501, 0.1144262453746000274 ),
 .UNSPECIFIED. ) 
 CURVE ( )  GEOMETRIC_REPRESENTATION_ITEM ( )  RATIONAL_B_SPLINE_CURVE ( ( 1.000000000000000000, 0.8660254037844385966, 1.000000000000000000, 0.8660254037844385966, 1.000000000000000000, 0.8660254037844257180, 1.000000000000012879 ) ) 
 REPRESENTATION_ITEM ( '' )  );
#101 = CARTESIAN_POINT ( 'NONE',  ( -0.4658039511547789058, -1.714222685876302998, 8.900000000000007461 ) ) ;
#102 = CARTESIAN_POINT ( 'NONE',  ( -0.8922005383792481759, 1.545336663013156420, 17.52083333333333925 ) ) ;
#103 = EDGE_LOOP ( 'NONE', ( #1841, #4707, #5632, #3327 ) ) ;
#104 = CARTESIAN_POINT ( 'NONE',  ( -1.338300807568883810, 0.7726683315065839830, -2.645833333333329929 ) ) ;
#105 = CARTESIAN_POINT ( 'NONE',  ( 0.8922005383792555033, -1.545336663013183065, -2.441666666666664653 ) ) ;
#106 = CARTESIAN_POINT ( 'NONE',  ( 0.8922005383792555033, -1.545336663013183509, -8.741666666666665364 ) ) ;
#107 = CARTESIAN_POINT ( 'NONE',  ( -0.8922005383792557254, 1.545336663013172851, -1.304166666666663588 ) ) ;
#108 = CARTESIAN_POINT ( 'NONE',  ( -2.449293598294711345E-16, -2.000000000000009326, -7.049999999999998046 ) ) ;
#109 = CARTESIAN_POINT ( 'NONE',  ( 2.954412202348664670E-11, -2.000000000000002220, 15.36250000000149107 ) ) ;
#110 = CARTESIAN_POINT ( 'NONE',  ( 1.176575538379254660, 2.037888611415564100, 10.81979166666667069 ) ) ;
#111 = ORIENTED_EDGE ( 'NONE', *, *, #4667, .F. ) ;
#112 = EDGE_CURVE ( 'NONE', #1920, #3333, #1984, .T. ) ;
#113 = CARTESIAN_POINT ( 'NONE',  ( -1.784401076758511895, -4.895144904059019109E-15, -4.774999999999998579 ) ) ;
#114 = CARTESIAN_POINT ( 'NONE',  ( -1.338300807568883588, 0.7726683315065836499, -6.845833333333330550 ) ) ;
#115 = ORIENTED_EDGE ( 'NONE', *, *, #3198, .T. ) ;
#116 = CARTESIAN_POINT ( 'NONE',  ( 1.176575538379256658, 2.037888611415570317, -5.292708333333334458 ) ) ;
#117 = ORIENTED_EDGE ( 'NONE', *, *, #5774, .F. ) ;
#118 = CARTESIAN_POINT ( 'NONE',  ( 1.784401076758496574, -8.193867857659506841E-15, 15.27500000000000391 ) ) ;
#119 = CARTESIAN_POINT ( 'NONE',  ( -1.732050807568880746, 0.9999999999999972244, -5.883333333333332860 ) ) ;
#120 = CARTESIAN_POINT ( 'NONE',  ( 1.338300807568872042, -0.7726683315065906443, 15.12916666666667354 ) ) ;
#121 = LINE ( 'NONE', #5684, #5043 ) ;
#122 = CARTESIAN_POINT ( 'NONE',  ( 1.176575538379254660, 2.037888611415564100, 20.61979166666667140 ) ) ;
#123 = CARTESIAN_POINT ( 'NONE',  ( -0.8922005383792489530, -1.545336663013171741, 10.84166666666667034 ) ) ;
#124 = CARTESIAN_POINT ( 'NONE',  ( 0.000000000000000000, 5.246303815928974609E-16, -9.500000000000000000 ) ) ;
#125 = CARTESIAN_POINT ( 'NONE',  ( 1.154700538372955609, -2.000000000013502977, -5.504166666668125707 ) ) ;
#126 = CARTESIAN_POINT ( 'NONE',  ( 1.338300807568872042, -0.7726683315065906443, 17.92916666666673464 ) ) ;
#127 = DIRECTION ( 'NONE',  ( 0.000000000000000000, 1.000000000000000000, 0.000000000000000000 ) ) ;
#128 = CARTESIAN_POINT ( 'NONE',  ( 1.154700538379484609, 2.000000000000087930, 10.05416666666680925 ) ) ;
#129 = FACE_OUTER_BOUND ( 'NONE', #5620, .T. ) ;
#130 = CARTESIAN_POINT ( 'NONE',  ( -1.892491597964164199E-16, -1.545336663013205047, 16.50000000000002132 ) ) ;
#131 = CARTESIAN_POINT ( 'NONE',  ( -2.495693764988929564E-16, -2.037888611415580975, -5.628124999999997158 ) ) ;
#132 = CARTESIAN_POINT ( 'NONE',  ( -1.154700538379099362, 2.000000000000254907, 14.37083333333332114 ) ) ;
#133 = CARTESIAN_POINT ( 'NONE',  ( -0.8922005383792481759, 1.545336663013156420, 15.42083333333333783 ) ) ;
#134 = VERTEX_POINT ( 'NONE', #1382 ) ;
#135 = CARTESIAN_POINT ( 'NONE',  ( -1.338300807568884032, -0.7726683315065933089, -3.316666666666663765 ) ) ;
#136 =( BOUNDED_CURVE ( )  B_SPLINE_CURVE ( 2, ( #2911, #4956, #2347, #4390, #1848, #2416, #1353 ),
 .UNSPECIFIED., .F., .T. ) 
 B_SPLINE_CURVE_WITH_KNOTS ( ( 3, 2, 2, 3 ),
 ( 0.2500000000000002776, 0.2592592592592595224, 0.2685185185185187673, 0.2777777777777780122 ),
 .UNSPECIFIED. ) 
 CURVE ( )  GEOMETRIC_REPRESENTATION_ITEM ( )  RATIONAL_B_SPLINE_CURVE ( ( 0.9999999999999960032, 0.8660254037844427044, 1.000000000000000000, 0.8660254037844387076, 1.000000000000000000, 0.8660254037844354880, 1.000000000000003109 ) ) 
 REPRESENTATION_ITEM ( '' )  );
#137 = CARTESIAN_POINT ( 'NONE',  ( 1.732050807568894513, 1.000000000000000222, 9.295833333333348492 ) ) ;
#138 = CARTESIAN_POINT ( 'NONE',  ( -2.449293598294700005E-16, -2.000000000000002665, 19.56250000000000711 ) ) ;
#139 = CARTESIAN_POINT ( 'NONE',  ( 0.8922005383792555033, -1.545336663013183509, -9.441666666666664653 ) ) ;
#140 = AXIS2_PLACEMENT_3D ( 'NONE', #3894, #369, #2386 ) ;
#141 = CARTESIAN_POINT ( 'NONE',  ( 4.991387529977850254E-16, 2.037888611415564544, 17.13437500000000568 ) ) ;
#142 = CARTESIAN_POINT ( 'NONE',  ( -1.338300807568872486, 0.7726683315065743241, 20.46666666666667211 ) ) ;
#143 = EDGE_LOOP ( 'NONE', ( #2533, #5833, #2037, #3593 ) ) ;
#144 = CARTESIAN_POINT ( 'NONE',  ( -1.892491597964140040E-16, -1.545336663013182621, -3.899999999999998135 ) ) ;
#145 = ORIENTED_EDGE ( 'NONE', *, *, #4884, .F. ) ;
#146 = CARTESIAN_POINT ( 'NONE',  ( -1.176575538379255104, 2.037888611415571205, -5.876041666666667496 ) ) ;
#147 = AXIS2_PLACEMENT_3D ( 'NONE', #655, #1647, #1580 ) ;
#148 = VERTEX_POINT ( 'NONE', #3481 ) ;
#149 = EDGE_CURVE ( 'NONE', #3175, #974, #2494, .T. ) ;
#150 = CARTESIAN_POINT ( 'NONE',  ( 3.122404840344129946E-13, 1.999999999999999112, 10.81249999999999467 ) ) ;
#151 = CARTESIAN_POINT ( 'NONE',  ( -1.080496166152405291, -2.840276862751307085, 0.05189620521842999018 ) ) ;
#152 = DIRECTION ( 'NONE',  ( 0.000000000000000000, 1.000000000000000000, 0.000000000000000000 ) ) ;
#153 = CARTESIAN_POINT ( 'NONE',  ( 1.338300807568873152, 0.7726683315065731028, 14.54583333333333961 ) ) ;
#154 = CARTESIAN_POINT ( 'NONE',  ( -1.154700538379232588, 2.000000000000035527, 17.95833333333333215 ) ) ;
#155 = CARTESIAN_POINT ( 'NONE',  ( 1.176575538379252661, -2.037888611415580975, 18.28645833333333215 ) ) ;
#156 = CARTESIAN_POINT ( 'NONE',  ( -1.338300807568872708, 0.7726683315065744351, 12.06666666666666998 ) ) ;
#157 = VECTOR ( 'NONE', #1546, 1000.000000000000114 ) ;
#158 = ORIENTED_EDGE ( 'NONE', *, *, #2311, .F. ) ;
#159 = CARTESIAN_POINT ( 'NONE',  ( 1.039466779502226101, -2.000000000001295408, 19.61501193718442337 ) ) ;
#160 = CARTESIAN_POINT ( 'NONE',  ( 1.338300807568872042, -0.7726683315065906443, 13.02916666666673784 ) ) ;
#161 = CARTESIAN_POINT ( 'NONE',  ( 0.000000000000000000, 1.999999999999998224, -5.912499999999999645 ) ) ;
#162 = CARTESIAN_POINT ( 'NONE',  ( 1.732050807568877637, 0.9999999999999933387, -4.629166666666662877 ) ) ;
#163 = SECURITY_CLASSIFICATION ( '', '', #4072 ) ;
#164 = EDGE_CURVE ( 'NONE', #5741, #2720, #6460, .T. ) ;
#165 = CARTESIAN_POINT ( 'NONE',  ( 1.784401076758496574, -8.193867857659506841E-15, 12.47500000000000320 ) ) ;
#166 = DIRECTION ( 'NONE',  ( -0.8660254037844397068, -1.060575238724908147E-16, -0.4999999999999979461 ) ) ;
#167 = CARTESIAN_POINT ( 'NONE',  ( -2.495693764988925127E-16, -2.037888611415580531, 11.88437500000000746 ) ) ;
#168 = CARTESIAN_POINT ( 'NONE',  ( -1.784401076758534765, -7.756815644250028050E-15, 11.42500000000002025 ) ) ;
#169 = EDGE_CURVE ( 'NONE', #5414, #6033, #5186, .T. ) ;
#170 = CARTESIAN_POINT ( 'NONE',  ( 1.176575538379256658, 2.037888611415570317, -6.736458333333330550 ) ) ;
#171 = AXIS2_PLACEMENT_3D ( 'NONE', #4216, #3304, #742 ) ;
#172 = CARTESIAN_POINT ( 'NONE',  ( 1.732050807568875417, -1.000000000000007994, 11.97916666666667140 ) ) ;
#173 = CARTESIAN_POINT ( 'NONE',  ( -0.8922005383792481759, 1.545336663013156420, 14.72083333333333854 ) ) ;
#174 = ORIENTED_EDGE ( 'NONE', *, *, #1721, .F. ) ;
#175 = CARTESIAN_POINT ( 'NONE',  ( 0.000000000000000000, 1.545336663013172629, -1.449999999999998179 ) ) ;
#176 = CARTESIAN_POINT ( 'NONE',  ( 1.338300807568884698, 0.7726683315065825397, -8.566666666666662877 ) ) ;
#177 = CARTESIAN_POINT ( 'NONE',  ( 1.732050807568881190, 0.9999999999999954481, -5.416666666666665186 ) ) ;
#178 = VECTOR ( 'NONE', #2651, 1000.000000000000000 ) ;
#179 = CARTESIAN_POINT ( 'NONE',  ( -0.8922005383792565025, -1.545336663013182621, -9.558333333333331794 ) ) ;
#180 = CARTESIAN_POINT ( 'NONE',  ( -2.495693764988925127E-16, -2.037888611415580531, 17.48437500000000711 ) ) ;
#181 = CARTESIAN_POINT ( 'NONE',  ( 0.8922005383792477318, -1.545336663013172407, 17.95833333333333570 ) ) ;
#182 = ORIENTED_EDGE ( 'NONE', *, *, #6193, .F. ) ;
#183 = CARTESIAN_POINT ( 'NONE',  ( 1.338300807568884698, 0.7726683315065827617, -4.366666666666664476 ) ) ;
#184 = CARTESIAN_POINT ( 'NONE',  ( 2.353151076758510651, -5.604106977091686005E-15, -7.509375000000001243 ) ) ;
#185 = VERTEX_POINT ( 'NONE', #4587 ) ;
#186 = CARTESIAN_POINT ( 'NONE',  ( -0.5527641962617906302, -1.443092909477339703, -1.139999999999999902 ) ) ;
#187 = CARTESIAN_POINT ( 'NONE',  ( -2.449293598294700005E-16, -2.000000000000002665, 13.26250000000000284 ) ) ;
#188 = CARTESIAN_POINT ( 'NONE',  ( 0.000000000000000000, 1.999999999999998668, -6.699999999999998401 ) ) ;
#189 = CARTESIAN_POINT ( 'NONE',  ( -1.338300807568872708, -0.7726683315065896451, 11.39583333333333925 ) ) ;
#190 = CARTESIAN_POINT ( 'NONE',  ( 4.898587196589425648E-16, 1.999999999999997335, 17.19999999999999929 ) ) ;
#191 = CARTESIAN_POINT ( 'NONE',  ( -2.353151076758506655, -7.721989750899276899E-15, 18.05312500000000142 ) ) ;
#192 = CARTESIAN_POINT ( 'NONE',  ( -1.892491597964123770E-16, -1.545336663013172185, 9.500000000000003553 ) ) ;
#193 = CARTESIAN_POINT ( 'NONE',  ( 0.000000000000000000, 5.246303815928974609E-16, -9.500000000000000000 ) ) ;
#194 = CARTESIAN_POINT ( 'NONE',  ( -1.338300807568872708, -0.7726683315065896451, 12.09583333333340249 ) ) ;
#195 = CARTESIAN_POINT ( 'NONE',  ( -1.818569807269773628E-11, -1.999999999999998224, -6.962500000000911626 ) ) ;
#196 = CARTESIAN_POINT ( 'NONE',  ( 3.000000000000000000, 1.437602170282163971, 19.77675886009239647 ) ) ;
#197 = CARTESIAN_POINT ( 'NONE',  ( -1.784401076758496574, -7.756815644250031206E-15, 10.72500000000000497 ) ) ;
#198 = CARTESIAN_POINT ( 'NONE',  ( 2.976317332162819351, -1.615423337259402903, 19.74292499065371942 ) ) ;
#199 = CARTESIAN_POINT ( 'NONE',  ( -0.8922005383792482869, 1.545336663013156420, 19.00833333333333641 ) ) ;
#200 = CARTESIAN_POINT ( 'NONE',  ( -1.338300807568901352, -0.7726683315066062985, 13.58333333333335524 ) ) ;
#201 = EDGE_CURVE ( 'NONE', #4429, #6111, #4088, .T. ) ;
#202 = CARTESIAN_POINT ( 'NONE',  ( -1.176575538379255104, 2.037888611415570761, -6.619791666666663410 ) ) ;
#203 = CARTESIAN_POINT ( 'NONE',  ( 1.732050807568881190, -1.000000000000011324, 17.66666666666667140 ) ) ;
#204 = CARTESIAN_POINT ( 'NONE',  ( 1.338300807568872042, -0.7726683315065906443, 16.52916666666667211 ) ) ;
#205 = EDGE_LOOP ( 'NONE', ( #3372, #5921, #3076 ) ) ;
#206 = CARTESIAN_POINT ( 'NONE',  ( 4.898587196589427620E-16, 1.999999999999998224, 11.51250000000000817 ) ) ;
#207 = CARTESIAN_POINT ( 'NONE',  ( 0.000000000000000000, 1.545336663013172629, -1.362499999999997380 ) ) ;
#208 = CARTESIAN_POINT ( 'NONE',  ( -1.784401076758511895, -5.066595455939648474E-15, -7.574999999999997513 ) ) ;
#209 = CARTESIAN_POINT ( 'NONE',  ( -1.176575538379254215, -2.037888611415580087, 16.72604166666667425 ) ) ;
#210 = CARTESIAN_POINT ( 'NONE',  ( 0.8922005383792491751, 1.545336663013155754, 18.89166666666667282 ) ) ;
#211 = ORIENTED_EDGE ( 'NONE', *, *, #2015, .F. ) ;
#212 = CARTESIAN_POINT ( 'NONE',  ( 0.8922005383792555033, -1.545336663013183065, -3.841666666666664121 ) ) ;
#213 = CARTESIAN_POINT ( 'NONE',  ( -1.764863307568883322, -1.018944305707792486, -1.501041666666667940 ) ) ;
#214 = ORIENTED_EDGE ( 'NONE', *, *, #3783, .T. ) ;
#215 = CARTESIAN_POINT ( 'NONE',  ( 1.732050807568876749, -1.000000000000008660, 10.57916666666667105 ) ) ;
#216 = LINE ( 'NONE', #5206, #4523 ) ;
#217 = CYLINDRICAL_SURFACE ( 'NONE', #1793, 1.999999999999998224 ) ;
#218 = CARTESIAN_POINT ( 'NONE',  ( 1.338300807568872042, -0.7726683315065906443, 11.62916666666667354 ) ) ;
#219 = CARTESIAN_POINT ( 'NONE',  ( -1.732050807568881856, -1.000000000000009992, 18.13333333333333286 ) ) ;
#220 = CARTESIAN_POINT ( 'NONE',  ( 1.176575538379252661, -2.037888611415580975, 16.88645833333333712 ) ) ;
#221 = CARTESIAN_POINT ( 'NONE',  ( 1.154700538379261898, -1.999999999999999556, 16.90833333333333854 ) ) ;
#222 = CARTESIAN_POINT ( 'NONE',  ( 0.8922005383792491751, 1.545336663013156198, 11.10416666666673535 ) ) ;
#223 = LINE ( 'NONE', #4852, #989 ) ;
#224 = CARTESIAN_POINT ( 'NONE',  ( 1.732050807568882522, 0.9999999999999933387, 14.98333333333333606 ) ) ;
#225 =( BOUNDED_CURVE ( )  B_SPLINE_CURVE ( 2, ( #2915, #6061, #3519, #365, #4059, #400, #888 ),
 .UNSPECIFIED., .F., .T. ) 
 B_SPLINE_CURVE_WITH_KNOTS ( ( 3, 2, 2, 3 ),
 ( 0.01409119755261377047, 0.01618120974167150047, 0.01827122193072922354, 0.02036123411978695355 ),
 .UNSPECIFIED. ) 
 CURVE ( )  GEOMETRIC_REPRESENTATION_ITEM ( )  RATIONAL_B_SPLINE_CURVE ( ( 1.000000000000000000, 0.8660254037844388186, 1.000000000000000000, 0.8660254037844388186, 1.000000000000000000, 0.8660254037862877841, 0.9999999999981510346 ) ) 
 REPRESENTATION_ITEM ( '' )  );
#226 = CARTESIAN_POINT ( 'NONE',  ( 3.784983195928246554E-16, 1.545336663013156420, 11.25000000000000355 ) ) ;
#227 = CARTESIAN_POINT ( 'NONE',  ( 0.8505154461493492635, -1.413903630330357597, -9.500000000000000000 ) ) ;
#228 = CARTESIAN_POINT ( 'NONE',  ( 1.784401076758496796, -8.193867857659506841E-15, 19.47500000000000142 ) ) ;
#229 = CYLINDRICAL_SURFACE ( 'NONE', #5264, 1.999999999999998224 ) ;
#230 = CARTESIAN_POINT ( 'NONE',  ( 3.784983195928328398E-16, 1.545336663013189504, 12.65000000000002167 ) ) ;
#231 = CARTESIAN_POINT ( 'NONE',  ( 1.338300807568883366, -0.7726683315065940860, -0.8958333333333300397 ) ) ;
#232 = CARTESIAN_POINT ( 'NONE',  ( 1.764863307568882655, -1.018944305707793818, -4.811458333333330728 ) ) ;
#233 = CARTESIAN_POINT ( 'NONE',  ( 1.154700538379253683, -2.000000000000013323, 10.60833333333333606 ) ) ;
#234 = CARTESIAN_POINT ( 'NONE',  ( -9.698908343125953187E-13, 1.999999999999998224, -4.512499999999948663 ) ) ;
#235 = ADVANCED_FACE ( 'NONE', ( #6558 ), #3546, .T. ) ;
#236 = CARTESIAN_POINT ( 'NONE',  ( 0.8922005383792477318, -1.545336663013172407, 15.77083333333333748 ) ) ;
#237 = ORIENTED_EDGE ( 'NONE', *, *, #726, .F. ) ;
#238 = CARTESIAN_POINT ( 'NONE',  ( 1.338300807568884254, 0.7726683315065824287, -6.379166666666662877 ) ) ;
#239 = EDGE_CURVE ( 'NONE', #612, #5653, #2634, .T. ) ;
#240 = CARTESIAN_POINT ( 'NONE',  ( -1.732050807568880968, -1.000000000000006439, -5.066666666666665542 ) ) ;
#241 = CARTESIAN_POINT ( 'NONE',  ( -1.784401076758511895, -4.718336522432120396E-15, -1.887499999999996847 ) ) ;
#242 = CARTESIAN_POINT ( 'NONE',  ( -0.8922005383792558364, 1.545336663013172407, -6.991666666666665364 ) ) ;
#243 = CARTESIAN_POINT ( 'NONE',  ( -2.495693764988925127E-16, -2.037888611415580531, 18.88437500000000568 ) ) ;
#244 = CARTESIAN_POINT ( 'NONE',  ( -1.892491597964123277E-16, -1.545336663013171963, 20.00000000000000355 ) ) ;
#245 = ORIENTED_EDGE ( 'NONE', *, *, #1134, .F. ) ;
#246 = CARTESIAN_POINT ( 'NONE',  ( 1.338300807568883588, -0.7726683315065943081, -3.083333333333331261 ) ) ;
#247 = EDGE_CURVE ( 'NONE', #2473, #1656, #634, .T. ) ;
#248 = CARTESIAN_POINT ( 'NONE',  ( 2.353151076758510651, -5.218343235360269341E-15, -1.209375000000000311 ) ) ;
#249 = ORIENTED_EDGE ( 'NONE', *, *, #4392, .T. ) ;
#250 = CARTESIAN_POINT ( 'NONE',  ( -1.075448163429696402, -2.843191328482133517, 19.96507139406896059 ) ) ;
#251 = CARTESIAN_POINT ( 'NONE',  ( -1.154700538379238139, 2.000000000000025313, 11.65833333333333144 ) ) ;
#252 = CARTESIAN_POINT ( 'NONE',  ( -1.732050807568880524, -1.000000000000006217, -3.579166666666665275 ) ) ;
#253 = CARTESIAN_POINT ( 'NONE',  ( -0.8922005383792481759, 1.545336663013156420, 11.22083333333333854 ) ) ;
#254 = CARTESIAN_POINT ( 'NONE',  ( 0.1456384617864881770, -1.561829335077878023, -9.499999999999998224 ) ) ;
#255 = CARTESIAN_POINT ( 'NONE',  ( 1.764863307568880879, 1.018944305707776943, 16.36145833333333499 ) ) ;
#256 = CARTESIAN_POINT ( 'NONE',  ( 2.309401076760000393, -5.466142861125561323E-15, -5.387500000000745359 ) ) ;
#257 = AXIS2_PLACEMENT_3D ( 'NONE', #3006, #3448, #459 ) ;
#258 = CARTESIAN_POINT ( 'NONE',  ( -1.892491597964123277E-16, -1.545336663013171963, 10.81250000000006928 ) ) ;
#259 = CYLINDRICAL_SURFACE ( 'NONE', #469, 2.000000000000000000 ) ;
#260 =( BOUNDED_CURVE ( )  B_SPLINE_CURVE ( 2, ( #4689, #125, #5849, #256, #5818, #748, #714 ),
 .UNSPECIFIED., .F., .F. ) 
 B_SPLINE_CURVE_WITH_KNOTS ( ( 3, 2, 2, 3 ),
 ( 0.06425784429447670143, 0.06634842323086297122, 0.06843900216724924102, 0.07052958110363552469 ),
 .UNSPECIFIED. ) 
 CURVE ( )  GEOMETRIC_REPRESENTATION_ITEM ( )  RATIONAL_B_SPLINE_CURVE ( ( 1.000000000001415534, 0.8660254037830230622, 1.000000000000000000, 0.8660254037844387076, 1.000000000000000000, 0.8660254037843612140, 1.000000000000077494 ) ) 
 REPRESENTATION_ITEM ( '' )  );
#261 = CARTESIAN_POINT ( 'NONE',  ( -1.732050807568881634, 0.9999999999999950040, 10.31666666666666821 ) ) ;
#262 = CARTESIAN_POINT ( 'NONE',  ( 1.338300807568873152, 0.7726683315065731028, 12.53333333333333677 ) ) ;
#263 = AXIS2_PLACEMENT_3D ( 'NONE', #4030, #5027, #4462 ) ;
#264 = CARTESIAN_POINT ( 'NONE',  ( 0.000000000000000000, 1.999999999999998224, -1.402499999999995639 ) ) ;
#265 = CARTESIAN_POINT ( 'NONE',  ( -1.338300807568872930, -0.7726683315065897562, 20.58333333333333570 ) ) ;
#266 = FACE_OUTER_BOUND ( 'NONE', #4310, .T. ) ;
#267 = CARTESIAN_POINT ( 'NONE',  ( -0.8922005383792679378, -1.545336663013204603, 10.84166666666668633 ) ) ;
#268 = CARTESIAN_POINT ( 'NONE',  ( 1.338300807568884476, 0.7726683315065828728, -0.7791666666666641206 ) ) ;
#269 = CARTESIAN_POINT ( 'NONE',  ( -1.156329553498590457, 2.037888611415571205, -0.3207954405393834696 ) ) ;
#270 = CARTESIAN_POINT ( 'NONE',  ( -1.338300807568884032, 0.7726683315065840940, -2.033333333333331439 ) ) ;
#271 = DIRECTION ( 'NONE',  ( -0.000000000000000000, 1.059903591714612962E-16, -1.000000000000000000 ) ) ;
#272 = CARTESIAN_POINT ( 'NONE',  ( 0.8922005383792491751, 1.545336663013155754, 11.80416666666667425 ) ) ;
#273 = CARTESIAN_POINT ( 'NONE',  ( -1.892491597964139547E-16, -1.545336663013181955, -3.812499999999997335 ) ) ;
#274 = ORIENTED_EDGE ( 'NONE', *, *, #917, .F. ) ;
#275 = ADVANCED_FACE ( 'NONE', ( #3077 ), #2674, .T. ) ;
#276 = CARTESIAN_POINT ( 'NONE',  ( 1.338300807568884698, 0.7726683315065825397, -7.866666666666664476 ) ) ;
#277 = CARTESIAN_POINT ( 'NONE',  ( 1.154700538373175878, -2.000000000010525358, -6.904166666667277852 ) ) ;
#278 = CARTESIAN_POINT ( 'NONE',  ( 1.784401076758511895, -5.439353712393893521E-15, -6.524999999999997691 ) ) ;
#279 = CARTESIAN_POINT ( 'NONE',  ( 1.176575538379254660, 2.037888611415564100, 18.47604166666667069 ) ) ;
#280 = CARTESIAN_POINT ( 'NONE',  ( 0.8922005383792477318, -1.545336663013172407, 18.65833333333333499 ) ) ;
#281 = CIRCLE ( 'NONE', #4000, 1.545336663013172629 ) ;
#282 = AXIS2_PLACEMENT_3D ( 'NONE', #4204, #5294, #3761 ) ;
#283 = VERTEX_POINT ( 'NONE', #4655 ) ;
#284 = CARTESIAN_POINT ( 'NONE',  ( -0.8922005383792556144, 1.545336663013172185, -9.004166666666664653 ) ) ;
#285 = EDGE_CURVE ( 'NONE', #1567, #6241, #4045, .T. ) ;
#286 = CARTESIAN_POINT ( 'NONE',  ( 0.000000000000000000, 2.037888611415571205, -2.434375000000000622 ) ) ;
#287 = DIRECTION ( 'NONE',  ( 0.000000000000000000, 1.000000000000000000, 0.000000000000000000 ) ) ;
#288 = CARTESIAN_POINT ( 'NONE',  ( 0.000000000000000000, 5.246303815928974609E-16, -9.500000000000000000 ) ) ;
#289 = DIRECTION ( 'NONE',  ( 0.000000000000000000, 1.000000000000000000, 0.000000000000000000 ) ) ;
#290 = CARTESIAN_POINT ( 'NONE',  ( -1.338300807568872486, 0.7726683315065743241, 11.97916666666667318 ) ) ;
#291 = CARTESIAN_POINT ( 'NONE',  ( 1.176575538379254660, 2.037888611415564100, 19.21979166666666572 ) ) ;
#292 = CARTESIAN_POINT ( 'NONE',  ( 1.784401076758496352, -8.193867857659506841E-15, 13.08750000000006963 ) ) ;
#293 = LINE ( 'NONE', #2309, #1308 ) ;
#294 = DIRECTION ( 'NONE',  ( -0.000000000000000000, 1.059903591714612962E-16, -1.000000000000000000 ) ) ;
#295 = CARTESIAN_POINT ( 'NONE',  ( 0.8922005383792477318, -1.545336663013172407, 12.35833333333333783 ) ) ;
#296 = CARTESIAN_POINT ( 'NONE',  ( 1.166044905598970338, -1.206104393137251485, -9.483239565613725830 ) ) ;
#297 = CARTESIAN_POINT ( 'NONE',  ( 3.784983195928247540E-16, 1.545336663013156642, 21.05000000000000426 ) ) ;
#298 = CARTESIAN_POINT ( 'NONE',  ( 0.000000000000000000, -1.425592227161990212E-15, 8.900000000000000355 ) ) ;
#299 = CARTESIAN_POINT ( 'NONE',  ( 3.784983195928328398E-16, 1.545336663013189504, 13.35000000000002274 ) ) ;
#300 = CARTESIAN_POINT ( 'NONE',  ( -0.8768479510714518588, 1.545336663013172407, -0.6051704405430869960 ) ) ;
#301 = CARTESIAN_POINT ( 'NONE',  ( 0.000000000000000000, 2.037888611415571205, -3.178124999999996980 ) ) ;
#302 = CARTESIAN_POINT ( 'NONE',  ( 0.8922005383792555033, -1.545336663013183065, -2.441666666666664653 ) ) ;
#303 = CARTESIAN_POINT ( 'NONE',  ( 1.154700538379233921, -2.000000000000047962, 17.60833333333333428 ) ) ;
#304 = CARTESIAN_POINT ( 'NONE',  ( -0.8922005383792481759, 1.545336663013156420, 13.32083333333334352 ) ) ;
#305 = CARTESIAN_POINT ( 'NONE',  ( 0.8922005383792551703, -1.545336663013182621, -4.454166666666663055 ) ) ;
#306 = ORIENTED_EDGE ( 'NONE', *, *, #2299, .F. ) ;
#307 = CARTESIAN_POINT ( 'NONE',  ( 1.338300807568883588, -0.7726683315065945301, -5.883333333333331083 ) ) ;
#308 = CARTESIAN_POINT ( 'NONE',  ( 0.000000000000000000, 1.999999999999997335, -6.612499999999998934 ) ) ;
#309 = CARTESIAN_POINT ( 'NONE',  ( -1.764863307568880213, -1.018944305707793596, 12.46770833333334139 ) ) ;
#310 = CARTESIAN_POINT ( 'NONE',  ( -0.8922005383792481759, 1.545336663013156420, 16.90833333333333854 ) ) ;
#311 = ORIENTED_EDGE ( 'NONE', *, *, #4597, .T. ) ;
#312 = CARTESIAN_POINT ( 'NONE',  ( 0.8922005383792568356, 1.545336663013172407, -0.8083333333333310167 ) ) ;
#313 = CARTESIAN_POINT ( 'NONE',  ( 1.338300807568883588, -0.7726683315065947522, -9.383333333333331083 ) ) ;
#314 = CARTESIAN_POINT ( 'NONE',  ( 4.898587196589425648E-16, 1.999999999999997335, 18.51250000000000639 ) ) ;
#315 = CARTESIAN_POINT ( 'NONE',  ( 0.8922005383792567246, 1.545336663013171741, -9.120833333333330017 ) ) ;
#316 = FACE_OUTER_BOUND ( 'NONE', #5021, .T. ) ;
#317 =( NAMED_UNIT ( * ) SI_UNIT ( $, .STERADIAN. ) SOLID_ANGLE_UNIT ( ) );
#318 = CARTESIAN_POINT ( 'NONE',  ( 1.732050807568882522, 0.9999999999999933387, 10.08333333333333215 ) ) ;
#319 = CARTESIAN_POINT ( 'NONE',  ( 1.176575538379252661, -2.037888611415580975, 15.48645833333333677 ) ) ;
#320 = EDGE_CURVE ( 'NONE', #4467, #6307, #555, .T. ) ;
#321 = DIRECTION ( 'NONE',  ( -0.000000000000000000, 1.059903591714612962E-16, -1.000000000000000000 ) ) ;
#322 = ORIENTED_EDGE ( 'NONE', *, *, #2866, .F. ) ;
#323 = CARTESIAN_POINT ( 'NONE',  ( -1.553240794638029332, -0.5233705826756809287, -9.500000000000031974 ) ) ;
#324 = CARTESIAN_POINT ( 'NONE',  ( -0.8922005383792481759, 1.545336663013156420, 20.32083333333333641 ) ) ;
#325 = CARTESIAN_POINT ( 'NONE',  ( 1.338300807568872264, -0.7726683315065907554, 20.81666666666666998 ) ) ;
#326 = FACE_OUTER_BOUND ( 'NONE', #1838, .T. ) ;
#327 = CARTESIAN_POINT ( 'NONE',  ( -1.338300807568901352, 0.7726683315065909774, 9.266666666666688812 ) ) ;
#328 = CARTESIAN_POINT ( 'NONE',  ( -1.732050807568960238, -1.000000000000055289, 17.34583333333339183 ) ) ;
#329 = CARTESIAN_POINT ( 'NONE',  ( 0.000000000000000000, 2.037888611415571205, -1.078124999999997558 ) ) ;
#330 = CARTESIAN_POINT ( 'NONE',  ( 0.8922005383792568356, 1.545336663013172185, -3.608333333333331172 ) ) ;
#331 = CARTESIAN_POINT ( 'NONE',  ( -0.7432152708330815871, -1.836417658512508932, 19.63074902888645923 ) ) ;
#332 = CARTESIAN_POINT ( 'NONE',  ( -1.338300807568872486, 0.7726683315065743241, 13.37916666666667354 ) ) ;
#333 = CARTESIAN_POINT ( 'NONE',  ( -2.309401076758508697, -7.724668665772411967E-15, 15.97499999999999964 ) ) ;
#334 = CARTESIAN_POINT ( 'NONE',  ( -1.784401076758511451, -4.932649712282906905E-15, -5.387499999999996625 ) ) ;
#335 = ORIENTED_EDGE ( 'NONE', *, *, #5489, .F. ) ;
#336 = CARTESIAN_POINT ( 'NONE',  ( -1.892491597964140040E-16, -1.545336663013183065, -8.099999999999997868 ) ) ;
#337 = CARTESIAN_POINT ( 'NONE',  ( 1.732050807568875639, -1.000000000000005551, -6.845833333333329662 ) ) ;
#338 = CARTESIAN_POINT ( 'NONE',  ( -1.764863307568879991, 1.018944305707778719, 15.85104166666667247 ) ) ;
#339 = EDGE_LOOP ( 'NONE', ( #5493, #4368, #2404, #2728 ) ) ;
#340 = CARTESIAN_POINT ( 'NONE',  ( -0.8922005383792563915, -1.545336663013182177, -8.770833333333330373 ) ) ;
#341 = CARTESIAN_POINT ( 'NONE',  ( -1.176575538379255104, 2.037888611415571205, -1.676041666666667762 ) ) ;
#342 = CARTESIAN_POINT ( 'NONE',  ( 1.732050807568880302, -1.000000000000007550, -2.733333333333332060 ) ) ;
#343 = CARTESIAN_POINT ( 'NONE',  ( -1.338300807568884032, -0.7726683315065935309, -7.429166666666663588 ) ) ;
#344 = CARTESIAN_POINT ( 'NONE',  ( -2.449293598294711345E-16, -2.000000000000009326, -8.449999999999997513 ) ) ;
#345 = CARTESIAN_POINT ( 'NONE',  ( 0.8922005383792477318, -1.545336663013172407, 10.17083333333333961 ) ) ;
#346 = CARTESIAN_POINT ( 'NONE',  ( 0.8249517528532586130, 1.585439904285153467, -1.277868277848879464 ) ) ;
#347 = CARTESIAN_POINT ( 'NONE',  ( -1.176575538379253105, 2.037888611415564544, 12.33645833333333641 ) ) ;
#348 = ORIENTED_EDGE ( 'NONE', *, *, #4384, .T. ) ;
#349 = CARTESIAN_POINT ( 'NONE',  ( 3.784983195928246554E-16, 1.545336663013156420, 9.762500000000068567 ) ) ;
#350 = ORIENTED_EDGE ( 'NONE', *, *, #5732, .T. ) ;
#351 = CARTESIAN_POINT ( 'NONE',  ( 2.449293598294706414E-16, -1.999999999999999556, -9.500000000000000000 ) ) ;
#352 = ADVANCED_FACE ( 'NONE', ( #5723 ), #2576, .T. ) ;
#353 =( BOUNDED_CURVE ( )  B_SPLINE_CURVE ( 2, ( #4119, #6582, #1502, #2033, #1999, #2538, #4394 ),
 .UNSPECIFIED., .F., .F. ) 
 B_SPLINE_CURVE_WITH_KNOTS ( ( 3, 2, 2, 3 ),
 ( 0.9166666666666668517, 0.9259259259259260411, 0.9351851851851852304, 0.9366242459824926092 ),
 .UNSPECIFIED. ) 
 CURVE ( )  GEOMETRIC_REPRESENTATION_ITEM ( )  RATIONAL_B_SPLINE_CURVE ( ( 0.9999999999999967804, 0.8660254037844419273, 1.000000000000000000, 0.8660254037844387076, 1.000000000000000000, 0.9791778603611187570, 0.9648280148942383061 ) ) 
 REPRESENTATION_ITEM ( '' )  );
#354 = CARTESIAN_POINT ( 'NONE',  ( -1.784401076758496574, -7.756815644250031206E-15, 19.03750000000000853 ) ) ;
#355 = CARTESIAN_POINT ( 'NONE',  ( -1.732050807568881634, 0.9999999999999950040, 18.71666666666666501 ) ) ;
#356 = CARTESIAN_POINT ( 'NONE',  ( 1.338300807568872264, -0.7726683315065907554, 15.21666666666667034 ) ) ;
#357 = ORIENTED_EDGE ( 'NONE', *, *, #2715, .T. ) ;
#358 = CARTESIAN_POINT ( 'NONE',  ( 2.335210142073200767, 2.115867410997445131, 19.88305305545372548 ) ) ;
#359 = CARTESIAN_POINT ( 'NONE',  ( 0.8922005383792682709, 1.545336663013189282, 9.791666666666687391 ) ) ;
#360 = CARTESIAN_POINT ( 'NONE',  ( 0.000000000000000000, 5.246303815928974609E-16, -9.500000000000000000 ) ) ;
#361 = CARTESIAN_POINT ( 'NONE',  ( -1.764863307568883100, 1.018944305707783382, -2.361458333333330106 ) ) ;
#362 = ADVANCED_FACE ( 'NONE', ( #1084 ), #2109, .F. ) ;
#363 = CIRCLE ( 'NONE', #4085, 2.939999999999999503 ) ;
#364 = CARTESIAN_POINT ( 'NONE',  ( -1.338300807568884032, -0.7726683315065933089, -3.316666666666663765 ) ) ;
#365 = CARTESIAN_POINT ( 'NONE',  ( 2.309401076758502480, -8.290308793092362979E-15, 19.03749999999999787 ) ) ;
#366 = CARTESIAN_POINT ( 'NONE',  ( -0.8922005383792488420, -1.545336663013171519, 10.75416666666667176 ) ) ;
#367 = ADVANCED_FACE ( 'NONE', ( #3146 ), #1608, .F. ) ;
#368 = CC_DESIGN_APPROVAL ( #3618, ( #1734 ) ) ;
#369 = DIRECTION ( 'NONE',  ( -0.000000000000000000, 1.059903591714612962E-16, -1.000000000000000000 ) ) ;
#370 = CARTESIAN_POINT ( 'NONE',  ( 0.000000000000000000, 1.545336663013172407, -3.462499999999996803 ) ) ;
#371 = ORIENTED_EDGE ( 'NONE', *, *, #474, .T. ) ;
#372 = CARTESIAN_POINT ( 'NONE',  ( 1.338300807568884698, 0.7726683315065826507, -6.466666666666664121 ) ) ;
#373 = CARTESIAN_POINT ( 'NONE',  ( -2.449293598294699512E-16, -2.000000000000002220, 13.96250000000000036 ) ) ;
#374 = CARTESIAN_POINT ( 'NONE',  ( 2.353151076758506655, -8.298345537711768183E-15, 14.85937500000000888 ) ) ;
#375 = VERTEX_POINT ( 'NONE', #4125 ) ;
#376 = CARTESIAN_POINT ( 'NONE',  ( 1.338300807568884476, 0.7726683315065824287, -8.479166666666662522 ) ) ;
#377 = CARTESIAN_POINT ( 'NONE',  ( 1.338300807568884698, 0.7726683315065826507, -5.766666666666664831 ) ) ;
#378 = VECTOR ( 'NONE', #2418, 1000.000000000000000 ) ;
#379 = CARTESIAN_POINT ( 'NONE',  ( 4.898587196589425648E-16, 1.999999999999997335, 16.50000000000000000 ) ) ;
#380 = CARTESIAN_POINT ( 'NONE',  ( 1.338300807568884476, 0.7726683315065825397, -7.079166666666663943 ) ) ;
#381 = CARTESIAN_POINT ( 'NONE',  ( 2.449293598294704442E-16, -1.999999999999997780, -9.500000000000000000 ) ) ;
#382 = CARTESIAN_POINT ( 'NONE',  ( 1.338300807568873152, 0.7726683315065731028, 9.645833333333339255 ) ) ;
#383 = CARTESIAN_POINT ( 'NONE',  ( 2.449293598294706414E-16, -1.999999999999999556, -9.500000000000000000 ) ) ;
#384 = CARTESIAN_POINT ( 'NONE',  ( 1.176575538379254660, 2.037888611415564100, 13.61979166666666785 ) ) ;
#385 = ORIENTED_EDGE ( 'NONE', *, *, #4361, .T. ) ;
#386 = CARTESIAN_POINT ( 'NONE',  ( -1.892491597964123277E-16, -1.545336663013171963, 9.412500000000068923 ) ) ;
#387 = FACE_OUTER_BOUND ( 'NONE', #2457, .T. ) ;
#388 = ORIENTED_EDGE ( 'NONE', *, *, #3522, .T. ) ;
#389 = CYLINDRICAL_SURFACE ( 'NONE', #5788, 2.000000000000000000 ) ;
#390 = CARTESIAN_POINT ( 'NONE',  ( 0.8922005383792491751, 1.545336663013155754, 20.90416666666667211 ) ) ;
#391 = CARTESIAN_POINT ( 'NONE',  ( -2.449293598294697540E-16, -1.999999999999997780, -7.662499999999993427 ) ) ;
#392 = CARTESIAN_POINT ( 'NONE',  ( 1.338300807568872264, -0.7726683315065907554, 17.31666666666666998 ) ) ;
#393 = ORIENTED_EDGE ( 'NONE', *, *, #5574, .T. ) ;
#394 = CARTESIAN_POINT ( 'NONE',  ( 1.154700538372928520, 2.000000000013530066, 16.35416666666813512 ) ) ;
#395 = CARTESIAN_POINT ( 'NONE',  ( -0.8922005383792488420, -1.545336663013171519, 18.45416666666673677 ) ) ;
#396 = DIRECTION ( 'NONE',  ( -0.000000000000000000, 1.059903591714612962E-16, -1.000000000000000000 ) ) ;
#397 = CARTESIAN_POINT ( 'NONE',  ( -1.764863307568883322, -1.018944305707792264, -1.544791666666663010 ) ) ;
#398 =( BOUNDED_CURVE ( )  B_SPLINE_CURVE ( 2, ( #6198, #62, #1610, #2076, #4090, #2514, #6162 ),
 .UNSPECIFIED., .F., .T. ) 
 B_SPLINE_CURVE_WITH_KNOTS ( ( 3, 2, 2, 3 ),
 ( 0.08307050892325594516, 0.08516102870546800319, 0.08725154848768004734, 0.08934206826989209149 ),
 .UNSPECIFIED. ) 
 CURVE ( )  GEOMETRIC_REPRESENTATION_ITEM ( )  RATIONAL_B_SPLINE_CURVE ( ( 0.9999999999999388267, 0.8660254037844998809, 1.000000000000000000, 0.8660254037844387076, 1.000000000000000000, 0.8660254037844387076, 1.000000000000000000 ) ) 
 REPRESENTATION_ITEM ( '' )  );
#399 = CARTESIAN_POINT ( 'NONE',  ( -4.747177594414760738E-14, 1.999999999999997113, 12.21250000000001279 ) ) ;
#400 = CARTESIAN_POINT ( 'NONE',  ( 1.154700538388451214, -1.999999999984072296, 18.92083333333426509 ) ) ;
#401 = CARTESIAN_POINT ( 'NONE',  ( -1.784401076758496574, -7.756815644250031206E-15, 14.13750000000000639 ) ) ;
#402 = EDGE_CURVE ( 'NONE', #2154, #6146, #3868, .T. ) ;
#403 = ORIENTED_EDGE ( 'NONE', *, *, #1212, .T. ) ;
#404 = CARTESIAN_POINT ( 'NONE',  ( -0.2550000000103322950, 3.316877296488431437, 0.2232411399046302092 ) ) ;
#405 = CARTESIAN_POINT ( 'NONE',  ( -0.8922005383792555033, 1.545336663013172185, -4.804166666666663588 ) ) ;
#406 = ORIENTED_EDGE ( 'NONE', *, *, #4361, .F. ) ;
#407 = CARTESIAN_POINT ( 'NONE',  ( 1.338300807568883588, -0.7726683315065944191, -5.183333333333331794 ) ) ;
#408 = DIRECTION ( 'NONE',  ( 0.000000000000000000, 0.000000000000000000, 1.000000000000000000 ) ) ;
#409 = CARTESIAN_POINT ( 'NONE',  ( -1.764863307568879991, 1.018944305707778719, 13.05104166666667176 ) ) ;
#410 = CARTESIAN_POINT ( 'NONE',  ( 0.8922005383792555033, -1.545336663013183065, -1.741666666666663810 ) ) ;
#411 = CARTESIAN_POINT ( 'NONE',  ( -1.338300807568884032, 0.7726683315065836499, -9.033333333333331439 ) ) ;
#412 = CARTESIAN_POINT ( 'NONE',  ( 1.154700538378662600, -2.000000000001032063, -2.791666666666724250 ) ) ;
#413 = CARTESIAN_POINT ( 'NONE',  ( 1.338300807568884476, 0.7726683315065825397, -6.379166666666662877 ) ) ;
#414 = CARTESIAN_POINT ( 'NONE',  ( -0.8922005383792488420, -1.545336663013171519, 10.75416666666667176 ) ) ;
#415 = CARTESIAN_POINT ( 'NONE',  ( 1.749567567925574663, -0.8283829464229476303, -1.363756960649600947 ) ) ;
#416 = CARTESIAN_POINT ( 'NONE',  ( 1.764863307568879547, -1.018944305707794928, 12.04479166666666856 ) ) ;
#417 = EDGE_LOOP ( 'NONE', ( #2759, #3088, #249, #158 ) ) ;
#418 = CARTESIAN_POINT ( 'NONE',  ( -1.338300807568872708, -0.7726683315065896451, 10.69583333333340214 ) ) ;
#419 = CARTESIAN_POINT ( 'NONE',  ( -1.640848786441202245, 0.2666297997654899499, -0.5944503874532873766 ) ) ;
#420 = VERTEX_POINT ( 'NONE', #3176 ) ;
#421 = CARTESIAN_POINT ( 'NONE',  ( -2.744999999989667039, 1.879275126218193481, 19.77675886009537010 ) ) ;
#422 = CARTESIAN_POINT ( 'NONE',  ( -0.8922005383792481759, 1.545336663013156420, 9.208333333333337478 ) ) ;
#423 = CARTESIAN_POINT ( 'NONE',  ( -2.449293598294711345E-16, -2.000000000000008882, -3.549999999999998934 ) ) ;
#424 = CARTESIAN_POINT ( 'NONE',  ( -0.8922005383792482869, 1.545336663013156420, 16.20833333333333925 ) ) ;
#425 = ORIENTED_EDGE ( 'NONE', *, *, #2715, .F. ) ;
#426 = CARTESIAN_POINT ( 'NONE',  ( -1.154700538379274999, 1.999999999999950706, -1.654166666666660124 ) ) ;
#427 = LINE ( 'NONE', #4025, #1725 ) ;
#428 = FACE_OUTER_BOUND ( 'NONE', #4982, .T. ) ;
#429 = DIRECTION ( 'NONE',  ( 1.000000000000000000, 0.000000000000000000, 0.000000000000000000 ) ) ;
#430 = DIRECTION ( 'NONE',  ( 1.000000000000000000, 0.000000000000000000, 0.000000000000000000 ) ) ;
#431 = CARTESIAN_POINT ( 'NONE',  ( 1.338300807568872264, -0.7726683315065907554, 8.916666666666669627 ) ) ;
#432 = CARTESIAN_POINT ( 'NONE',  ( -1.784401076758496574, -7.756815644250031206E-15, 8.537500000000006750 ) ) ;
#433 = CARTESIAN_POINT ( 'NONE',  ( 0.000000000000000000, -5.982305570676772137E-17, 20.00000000000000000 ) ) ;
#434 = CARTESIAN_POINT ( 'NONE',  ( 1.176575538379254882, -2.037888611415581863, -8.369791666666664298 ) ) ;
#435 = ORIENTED_EDGE ( 'NONE', *, *, #5853, .T. ) ;
#436 = ADVANCED_FACE ( 'NONE', ( #5179 ), #20, .F. ) ;
#437 =( BOUNDED_CURVE ( )  B_SPLINE_CURVE ( 2, ( #2532, #454, #6447, #874, #1469, #1872, #3913 ),
 .UNSPECIFIED., .F., .T. ) 
 B_SPLINE_CURVE_WITH_KNOTS ( ( 3, 2, 2, 3 ),
 ( 0.1269670797971099163, 0.1290576537829515591, 0.1311482277687932296, 0.1332388017546348447 ),
 .UNSPECIFIED. ) 
 CURVE ( )  GEOMETRIC_REPRESENTATION_ITEM ( )  RATIONAL_B_SPLINE_CURVE ( ( 0.9999999999999903411, 0.8660254037844483666, 1.000000000000000000, 0.8660254037844387076, 1.000000000000000000, 0.8660254037845029895, 0.9999999999999357181 ) ) 
 REPRESENTATION_ITEM ( '' )  );
#438 = EDGE_CURVE ( 'NONE', #6146, #4634, #6174, .T. ) ;
#439 = CARTESIAN_POINT ( 'NONE',  ( -0.8922005383792481759, 1.545336663013156420, 18.92083333333333783 ) ) ;
#440 = CARTESIAN_POINT ( 'NONE',  ( 1.176575538379254660, 2.037888611415564100, 14.27604166666667496 ) ) ;
#441 = EDGE_CURVE ( 'NONE', #283, #1365, #3649, .T. ) ;
#442 = CARTESIAN_POINT ( 'NONE',  ( -1.784401076758511673, -4.975512350253064049E-15, -6.087499999999996803 ) ) ;
#443 = CARTESIAN_POINT ( 'NONE',  ( 0.8922005383792568356, 1.545336663013171963, -7.108333333333330728 ) ) ;
#444 = EDGE_CURVE ( 'NONE', #3415, #1656, #1331, .T. ) ;
#445 = DIRECTION ( 'NONE',  ( -0.000000000000000000, 1.059903591714612962E-16, -1.000000000000000000 ) ) ;
#446 = CARTESIAN_POINT ( 'NONE',  ( 1.784401076758511895, -5.391133244677466240E-15, -5.737499999999997158 ) ) ;
#447 = CARTESIAN_POINT ( 'NONE',  ( 4.898587196589425648E-16, 1.999999999999997335, 18.51250000000000639 ) ) ;
#448 = MECHANICAL_CONTEXT ( 'NONE', #2085, 'mechanical' ) ;
#449 = CARTESIAN_POINT ( 'NONE',  ( 2.449293598294706414E-16, -1.999999999999999556, -9.500000000000000000 ) ) ;
#450 = CARTESIAN_POINT ( 'NONE',  ( 1.176575538379254660, 2.037888611415564100, 12.91979166666667034 ) ) ;
#451 = ORIENTED_EDGE ( 'NONE', *, *, #4233, .F. ) ;
#452 = EDGE_CURVE ( 'NONE', #2873, #3504, #260, .T. ) ;
#453 = CARTESIAN_POINT ( 'NONE',  ( -1.154700538378832908, 2.000000000003324008, 15.77083333333397341 ) ) ;
#454 = CARTESIAN_POINT ( 'NONE',  ( 1.154700538379317187, 1.999999999999937161, 12.85416666666668384 ) ) ;
#455 = ORIENTED_EDGE ( 'NONE', *, *, #1525, .F. ) ;
#456 = CARTESIAN_POINT ( 'NONE',  ( 1.176575538379256658, 2.037888611415570317, -8.092708333333332504 ) ) ;
#457 = CARTESIAN_POINT ( 'NONE',  ( -1.417103356875138553, 1.161348625755782349, 19.49857523774819867 ) ) ;
#458 = CARTESIAN_POINT ( 'NONE',  ( 1.338300807568873152, 0.7726683315065731028, 20.14583333333333925 ) ) ;
#459 = DIRECTION ( 'NONE',  ( 1.000000000000000000, 0.000000000000000000, 0.000000000000000000 ) ) ;
#460 = CARTESIAN_POINT ( 'NONE',  ( -1.784401076758496796, -7.756815644250031206E-15, 16.32500000000000284 ) ) ;
#461 = ORIENTED_EDGE ( 'NONE', *, *, #519, .T. ) ;
#462 = CARTESIAN_POINT ( 'NONE',  ( 2.309401076758679228, -5.294692309244648757E-15, -2.587500000000085176 ) ) ;
#463 = CARTESIAN_POINT ( 'NONE',  ( 0.000000000000000000, 5.246303815928974609E-16, -9.500000000000000000 ) ) ;
#464 = FACE_OUTER_BOUND ( 'NONE', #5867, .T. ) ;
#465 = CARTESIAN_POINT ( 'NONE',  ( -1.154700538386330688, -1.999999999987820631, -5.620833333334066317 ) ) ;
#466 = CARTESIAN_POINT ( 'NONE',  ( 4.898587196589425648E-16, 1.999999999999997335, 19.21250000000000568 ) ) ;
#467 = CARTESIAN_POINT ( 'NONE',  ( -2.999999999999998224, 1.204083504664155146, 0.1649784375743174880 ) ) ;
#468 = CARTESIAN_POINT ( 'NONE',  ( 1.176575538379254882, -2.037888611415581863, -9.069791666666661811 ) ) ;
#469 = AXIS2_PLACEMENT_3D ( 'NONE', #3212, #5882, #4354 ) ;
#470 =( BOUNDED_CURVE ( )  B_SPLINE_CURVE ( 2, ( #150, #2732, #3705, #708, #215, #2168, #6246 ),
 .UNSPECIFIED., .F., .F. ) 
 B_SPLINE_CURVE_WITH_KNOTS ( ( 3, 2, 2, 3 ),
 ( 0.1645926977090088061, 0.1666830482927023349, 0.1687733988763958637, 0.1708637494600894202 ),
 .UNSPECIFIED. ) 
 CURVE ( )  GEOMETRIC_REPRESENTATION_ITEM ( )  RATIONAL_B_SPLINE_CURVE ( ( 0.9999999999999806821, 0.8660254037844579145, 1.000000000000000000, 0.8660254037844385966, 1.000000000000000000, 0.8660254037844385966, 1.000000000000000000 ) ) 
 REPRESENTATION_ITEM ( '' )  );
#471 = CARTESIAN_POINT ( 'NONE',  ( 0.8922005383792477318, -1.545336663013172407, 19.27083333333333925 ) ) ;
#472 = AXIS2_PLACEMENT_3D ( 'NONE', #5755, #1216, #2677 ) ;
#473 = CARTESIAN_POINT ( 'NONE',  ( -1.176575538379253105, 2.037888611415564544, 10.89270833333334210 ) ) ;
#474 = EDGE_CURVE ( 'NONE', #4745, #6014, #5401, .T. ) ;
#475 = CARTESIAN_POINT ( 'NONE',  ( 0.8922005383792567246, 1.545336663013171963, -7.720833333333329662 ) ) ;
#476 = CARTESIAN_POINT ( 'NONE',  ( 1.784401076758511895, -5.439353712393893521E-15, -6.524999999999997691 ) ) ;
#477 = AXIS2_PLACEMENT_3D ( 'NONE', #3408, #5073, #1407 ) ;
#478 = DIRECTION ( 'NONE',  ( -0.000000000000000000, 1.059903591714612962E-16, -1.000000000000000000 ) ) ;
#479 = CARTESIAN_POINT ( 'NONE',  ( 0.8922005383792567246, 1.545336663013172185, -4.220833333333329662 ) ) ;
#480 = LINE ( 'NONE', #4541, #2302 ) ;
#481 = CALENDAR_DATE ( 2026, 8, 1 ) ;
#482 = CARTESIAN_POINT ( 'NONE',  ( 1.732050807568881190, -1.000000000000011324, 19.06666666666666643 ) ) ;
#483 = CARTESIAN_POINT ( 'NONE',  ( -2.353151076758506655, -7.721989750899276899E-15, 8.953125000000003553 ) ) ;
#484 = ORIENTED_EDGE ( 'NONE', *, *, #5932, .F. ) ;
#485 = ADVANCED_FACE ( 'NONE', ( #5309 ), #2768, .T. ) ;
#486 = CARTESIAN_POINT ( 'NONE',  ( 0.2550000000103331277, 3.316877296488431881, 19.77675886009537010 ) ) ;
#487 = VERTEX_POINT ( 'NONE', #1213 ) ;
#488 = CARTESIAN_POINT ( 'NONE',  ( -2.353151076758510651, -5.134907785204588764E-15, -9.259375000000000355 ) ) ;
#489 = CARTESIAN_POINT ( 'NONE',  ( 1.338300807568872042, -0.7726683315065906443, 14.51666666666667105 ) ) ;
#490 = CARTESIAN_POINT ( 'NONE',  ( 0.3753767161555718879, -1.964457258626338465, 19.67000000000036763 ) ) ;
#491 = CARTESIAN_POINT ( 'NONE',  ( -0.8922005383792481759, 1.545336663013156420, 16.82083333333333997 ) ) ;
#492 = CARTESIAN_POINT ( 'NONE',  ( 0.000000000000000000, 1.999999999999999112, -3.199999999999998845 ) ) ;
#493 = CARTESIAN_POINT ( 'NONE',  ( 1.338300807568872264, -0.7726683315065907554, 16.61666666666666714 ) ) ;
#494 = ORIENTED_EDGE ( 'NONE', *, *, #1652, .F. ) ;
#495 = AXIS2_PLACEMENT_3D ( 'NONE', #2859, #4407, #287 ) ;
#496 = CARTESIAN_POINT ( 'NONE',  ( -1.154700538379263453, -1.999999999999999334, 11.19166666666667176 ) ) ;
#497 = CARTESIAN_POINT ( 'NONE',  ( -0.8922005383792488420, -1.545336663013171519, 15.65416666666673606 ) ) ;
#498 = CARTESIAN_POINT ( 'NONE',  ( 4.898587196589425648E-16, 1.999999999999997335, 9.500000000000000000 ) ) ;
#499 = DIRECTION ( 'NONE',  ( 0.000000000000000000, 1.000000000000000000, 1.403192195507060934E-16 ) ) ;
#500 = CARTESIAN_POINT ( 'NONE',  ( 2.449293598294704442E-16, -1.999999999999997780, -9.500000000000000000 ) ) ;
#501 = CARTESIAN_POINT ( 'NONE',  ( 0.8922005383792670496, -1.545336663013205492, 15.15833333333335453 ) ) ;
#502 = CARTESIAN_POINT ( 'NONE',  ( -1.764863307568883100, 1.018944305707782938, -7.961458333333331083 ) ) ;
#503 = CARTESIAN_POINT ( 'NONE',  ( 0.8922005383792477318, -1.545336663013172407, 20.67083333333333783 ) ) ;
#504 = CARTESIAN_POINT ( 'NONE',  ( -1.688494395830509198, 1.151219140957380427, 8.843469091784019298 ) ) ;
#505 = CARTESIAN_POINT ( 'NONE',  ( 1.338300807568883366, -0.7726683315065943081, -5.095833333333330550 ) ) ;
#506 = CARTESIAN_POINT ( 'NONE',  ( -0.8922005383792558364, 1.545336663013172185, -9.091666666666665009 ) ) ;
#507 = LINE ( 'NONE', #5006, #3137 ) ;
#508 = CARTESIAN_POINT ( 'NONE',  ( 1.784401076758511895, -5.262545330766994808E-15, -3.637499999999997069 ) ) ;
#509 = LINE ( 'NONE', #5570, #3157 ) ;
#510 = CARTESIAN_POINT ( 'NONE',  ( -0.5527641962617906302, -1.443092909477339703, -1.139999999999999902 ) ) ;
#511 = CARTESIAN_POINT ( 'NONE',  ( 1.764863307568879547, -1.018944305707794928, 10.64479166666666998 ) ) ;
#512 = ORIENTED_EDGE ( 'NONE', *, *, #5489, .T. ) ;
#513 = ORIENTED_EDGE ( 'NONE', *, *, #557, .T. ) ;
#514 = CARTESIAN_POINT ( 'NONE',  ( -1.176575538379256214, -2.037888611415580975, -8.442708333333335702 ) ) ;
#515 = ORIENTED_EDGE ( 'NONE', *, *, #928, .T. ) ;
#516 = ADVANCED_FACE ( 'NONE', ( #4321 ), #6349, .F. ) ;
#517 = CARTESIAN_POINT ( 'NONE',  ( -1.784401076758496574, -7.756815644250031206E-15, 13.52500000000000391 ) ) ;
#518 = CARTESIAN_POINT ( 'NONE',  ( -1.871819723447039063, 0.1155610075439778978, 19.54181972344627027 ) ) ;
#519 = EDGE_CURVE ( 'NONE', #4615, #4174, #6092, .T. ) ;
#520 = CARTESIAN_POINT ( 'NONE',  ( -0.8922005383792481759, 1.545336663013156420, 14.72083333333333854 ) ) ;
#521 = CARTESIAN_POINT ( 'NONE',  ( -2.449293598294711345E-16, -2.000000000000009326, -6.349999999999998757 ) ) ;
#522 = CARTESIAN_POINT ( 'NONE',  ( 1.338300807568873374, 0.7726683315065732138, 10.43333333333333535 ) ) ;
#523 = ORIENTED_EDGE ( 'NONE', *, *, #4884, .T. ) ;
#524 = CARTESIAN_POINT ( 'NONE',  ( 0.000000000000000000, 1.999999999999998224, -2.412499999999997868 ) ) ;
#525 = CARTESIAN_POINT ( 'NONE',  ( 1.338300807568872042, -0.7726683315065906443, 15.12916666666673571 ) ) ;
#526 = CARTESIAN_POINT ( 'NONE',  ( -1.732050807568877193, 0.9999999999999950040, -7.195833333333331083 ) ) ;
#527 = FACE_OUTER_BOUND ( 'NONE', #1963, .T. ) ;
#528 = CARTESIAN_POINT ( 'NONE',  ( -2.999999999999999112, 1.437602170282164638, -9.165151389911683211 ) ) ;
#529 = CARTESIAN_POINT ( 'NONE',  ( -1.379835867814292572, 1.307704413064680216, -9.258255363565423224 ) ) ;
#530 = CARTESIAN_POINT ( 'NONE',  ( 0.8922005383792670496, -1.545336663013205492, 14.45833333333335702 ) ) ;
#531 = CARTESIAN_POINT ( 'NONE',  ( -1.892491597964139547E-16, -1.545336663013181955, -1.712499999999997025 ) ) ;
#532 = CARTESIAN_POINT ( 'NONE',  ( -1.154700538369392682, -2.000000000017086776, 15.30416666666767078 ) ) ;
#533 = CARTESIAN_POINT ( 'NONE',  ( 0.8922005383792491751, 1.545336663013155754, 18.80416666666667425 ) ) ;
#534 = CARTESIAN_POINT ( 'NONE',  ( 2.353151076758506655, -8.298345537711768183E-15, 9.959375000000006750 ) ) ;
#535 = ORIENTED_EDGE ( 'NONE', *, *, #5158, .T. ) ;
#536 = CARTESIAN_POINT ( 'NONE',  ( -1.892491597964139794E-16, -1.545336663013182399, -6.612499999999997158 ) ) ;
#537 = CARTESIAN_POINT ( 'NONE',  ( 0.000000000000000000, 1.545336663013172629, -2.849999999999997424 ) ) ;
#538 = CARTESIAN_POINT ( 'NONE',  ( 1.338300807568883366, -0.7726683315065941970, -2.995833333333330462 ) ) ;
#539 = CARTESIAN_POINT ( 'NONE',  ( 2.449293598294706414E-16, -1.999999999999999556, -9.500000000000000000 ) ) ;
#540 = PERSON_AND_ORGANIZATION_ROLE ( 'creator' ) ;
#541 = CARTESIAN_POINT ( 'NONE',  ( -1.154700538379243246, 2.000000000000015987, 19.35833333333333428 ) ) ;
#542 = CARTESIAN_POINT ( 'NONE',  ( 1.176575538379252661, -2.037888611415580975, 8.486458333333334991 ) ) ;
#543 = EDGE_LOOP ( 'NONE', ( #1906, #2536, #2027, #5945, #5614 ) ) ;
#544 = CARTESIAN_POINT ( 'NONE',  ( 0.8922005383792551703, -1.545336663013182621, -5.854166666666664298 ) ) ;
#545 = ORIENTED_EDGE ( 'NONE', *, *, #2913, .T. ) ;
#546 = CARTESIAN_POINT ( 'NONE',  ( -2.353151076758510651, -4.834869319413486389E-15, -4.359375000000001776 ) ) ;
#547 = ORIENTED_EDGE ( 'NONE', *, *, #320, .F. ) ;
#548 = CARTESIAN_POINT ( 'NONE',  ( 3.784983195928246554E-16, 1.545336663013156420, 16.15000000000000568 ) ) ;
#549 = CARTESIAN_POINT ( 'NONE',  ( -0.1913635245188045064, -1.976891882311763826, 19.65106602614714504 ) ) ;
#550 = CARTESIAN_POINT ( 'NONE',  ( -1.338300807568872486, 0.7726683315065743241, 18.27916666666667211 ) ) ;
#551 = CARTESIAN_POINT ( 'NONE',  ( -1.560318480489212067, 0.4332382113433759785, -1.179434186064098444 ) ) ;
#552 = CARTESIAN_POINT ( 'NONE',  ( -0.8922005383792481759, 1.545336663013156420, 10.52083333333333925 ) ) ;
#553 = CARTESIAN_POINT ( 'NONE',  ( 1.338300807568872264, -0.7726683315065907554, 11.01666666666667105 ) ) ;
#554 = ORIENTED_EDGE ( 'NONE', *, *, #2387, .T. ) ;
#555 = LINE ( 'NONE', #3713, #2405 ) ;
#556 = CARTESIAN_POINT ( 'NONE',  ( -1.784401076758496352, -7.756815644250031206E-15, 14.83750000000007141 ) ) ;
#557 = EDGE_CURVE ( 'NONE', #5961, #2439, #1132, .T. ) ;
#558 = CARTESIAN_POINT ( 'NONE',  ( 0.2550000000103330167, -3.316877296488436322, 0.2232411399046281275 ) ) ;
#559 = CARTESIAN_POINT ( 'NONE',  ( 2.309401076758508697, -8.290308793092364557E-15, 12.12500000000000000 ) ) ;
#560 = CARTESIAN_POINT ( 'NONE',  ( 3.784983195928328398E-16, 1.545336663013189504, 17.55000000000002558 ) ) ;
#561 = EDGE_CURVE ( 'NONE', #5763, #3911, #579, .T. ) ;
#562 = CARTESIAN_POINT ( 'NONE',  ( 0.8922005383792566136, 1.545336663013172185, -0.7208333333333302173 ) ) ;
#563 =( BOUNDED_CURVE ( )  B_SPLINE_CURVE ( 2, ( #2007, #4056, #526, #4590, #1086, #1509, #195 ),
 .UNSPECIFIED., .F., .T. ) 
 B_SPLINE_CURVE_WITH_KNOTS ( ( 3, 2, 2, 3 ),
 ( 0.03290423288637038535, 0.03499418366833823707, 0.03708413445030608879, 0.03917408523227394052 ),
 .UNSPECIFIED. ) 
 CURVE ( )  GEOMETRIC_REPRESENTATION_ITEM ( )  RATIONAL_B_SPLINE_CURVE ( ( 1.000000000000000000, 0.8660254037844387076, 1.000000000000000000, 0.8660254037844387076, 1.000000000000000000, 0.8660254037856593978, 0.9999999999987793098 ) ) 
 REPRESENTATION_ITEM ( '' )  );
#564 = CARTESIAN_POINT ( 'NONE',  ( -2.449293598294711345E-16, -2.000000000000009326, -9.149999999999998579 ) ) ;
#565 = ADVANCED_FACE ( 'NONE', ( #5922 ), #6456, .T. ) ;
#566 = CARTESIAN_POINT ( 'NONE',  ( 0.000000000000000000, -5.982305570676772137E-17, 20.00000000000000000 ) ) ;
#567 = ORIENTED_EDGE ( 'NONE', *, *, #3190, .T. ) ;
#568 = CARTESIAN_POINT ( 'NONE',  ( 0.8922005383792552813, -1.545336663013182843, -4.454166666666663055 ) ) ;
#569 = CARTESIAN_POINT ( 'NONE',  ( -1.784401076758511895, -4.766556990148547676E-15, -2.674999999999997602 ) ) ;
#570 = DIRECTION ( 'NONE',  ( 0.000000000000000000, 1.000000000000000000, 1.403192195507060934E-16 ) ) ;
#571 = CARTESIAN_POINT ( 'NONE',  ( 0.8922005383792567246, 1.545336663013172185, -2.120833333333330462 ) ) ;
#572 = CARTESIAN_POINT ( 'NONE',  ( -0.8922005383792565025, -1.545336663013182621, -8.858333333333330728 ) ) ;
#573 = CARTESIAN_POINT ( 'NONE',  ( 1.764863307568880879, 1.018944305707776943, 21.21770833333334139 ) ) ;
#574 = CARTESIAN_POINT ( 'NONE',  ( 4.991387529977850254E-16, 2.037888611415564544, 10.87812500000000249 ) ) ;
#575 = ORIENTED_EDGE ( 'NONE', *, *, #726, .T. ) ;
#576 = CARTESIAN_POINT ( 'NONE',  ( -1.784401076758511451, -4.975512350253064049E-15, -6.087499999999996803 ) ) ;
#577 = ORIENTED_EDGE ( 'NONE', *, *, #3293, .T. ) ;
#578 = CARTESIAN_POINT ( 'NONE',  ( 1.764863307568882655, -1.018944305707794040, -6.867708333333333748 ) ) ;
#579 = B_SPLINE_CURVE_WITH_KNOTS ( 'NONE', 3,
 ( #722, #5857, #849, #5347, #4888, #6321, #3749, #2874 ),
 .UNSPECIFIED., .F., .F.,
 ( 4, 2, 2, 4 ),
 ( 0.0003029783875858182833, 0.001749763421509609868, 0.002473155938471505687, 0.003196548455433401506 ),
 .UNSPECIFIED. ) ;
#580 = ORIENTED_EDGE ( 'NONE', *, *, #3198, .F. ) ;
#581 = CARTESIAN_POINT ( 'NONE',  ( -1.338300807568872486, 0.7726683315065743241, 14.86666666666667069 ) ) ;
#582 = CARTESIAN_POINT ( 'NONE',  ( 0.000000000000000000, 1.999999999999998668, -5.999999999999999112 ) ) ;
#583 = CARTESIAN_POINT ( 'NONE',  ( 3.784983195928246554E-16, 1.545336663013156420, 16.06250000000000711 ) ) ;
#584 = CARTESIAN_POINT ( 'NONE',  ( -1.480796128242827248, 0.6935564033887401392, -1.188600242718463429 ) ) ;
#585 = CARTESIAN_POINT ( 'NONE',  ( -1.338300807568872486, 0.7726683315065743241, 8.479166666666673180 ) ) ;
#586 = CARTESIAN_POINT ( 'NONE',  ( 0.8922005383792478428, -1.545336663013172851, 10.25833333333333641 ) ) ;
#587 = CARTESIAN_POINT ( 'NONE',  ( 0.000000000000000000, 5.246303815928974609E-16, -9.500000000000000000 ) ) ;
#588 = CARTESIAN_POINT ( 'NONE',  ( 0.000000000000000000, 1.999999999999998668, -9.500000000000000000 ) ) ;
#589 = CARTESIAN_POINT ( 'NONE',  ( 1.784401076758496352, -8.193867857659506841E-15, 14.48750000000007176 ) ) ;
#590 = CARTESIAN_POINT ( 'NONE',  ( 1.732050807569651463, -1.000000000000453637, -8.945833333333846227 ) ) ;
#591 = CARTESIAN_POINT ( 'NONE',  ( 3.000000000000000000, 1.388496781824947829E-13, 0.03464101614959307074 ) ) ;
#592 = CARTESIAN_POINT ( 'NONE',  ( -1.154700538379751729, -2.000000000001752820, -4.920833333334059034 ) ) ;
#593 = CARTESIAN_POINT ( 'NONE',  ( 0.8922005383792682709, 1.545336663013189282, 15.39166666666668881 ) ) ;
#594 = CARTESIAN_POINT ( 'NONE',  ( -1.764863307568883100, 1.018944305707783160, -5.861458333333330550 ) ) ;
#595 = CARTESIAN_POINT ( 'NONE',  ( 1.154700538379251906, 1.999999999999990008, 12.15416666666667034 ) ) ;
#596 = EDGE_CURVE ( 'NONE', #1163, #1139, #927, .T. ) ;
#597 = CARTESIAN_POINT ( 'NONE',  ( 3.784983195928246554E-16, 1.545336663013156420, 14.66250000000000497 ) ) ;
#598 = VERTEX_POINT ( 'NONE', #5791 ) ;
#599 = CARTESIAN_POINT ( 'NONE',  ( -1.338300807568884032, -0.7726683315065933089, -3.929166666666663144 ) ) ;
#600 = CARTESIAN_POINT ( 'NONE',  ( -1.338300807568884032, 0.7726683315065839830, -4.833333333333331261 ) ) ;
#601 =( BOUNDED_CURVE ( )  B_SPLINE_CURVE ( 2, ( #1241, #5141, #5207, #2637, #119, #645, #582 ),
 .UNSPECIFIED., .F., .F. ) 
 B_SPLINE_CURVE_WITH_KNOTS ( ( 3, 2, 2, 3 ),
 ( 0.5474412308125368165, 0.5593459927172987900, 0.5712507546220606525, 0.5831555165268226260 ),
 .UNSPECIFIED. ) 
 CURVE ( )  GEOMETRIC_REPRESENTATION_ITEM ( )  RATIONAL_B_SPLINE_CURVE ( ( 0.9999999999998813172, 0.8660254037845573905, 1.000000000000000000, 0.8660254037844387076, 1.000000000000000000, 0.8660254037843200248, 1.000000000000118794 ) ) 
 REPRESENTATION_ITEM ( '' )  );
#602 = CARTESIAN_POINT ( 'NONE',  ( -1.154700538379844987, -1.999999999998985256, -5.008333333333391479 ) ) ;
#603 = DIRECTION ( 'NONE',  ( 0.000000000000000000, 0.000000000000000000, 1.000000000000000000 ) ) ;
#604 = CARTESIAN_POINT ( 'NONE',  ( -1.338300807568884032, -0.7726683315065937530, -9.616666666666663588 ) ) ;
#605 = CARTESIAN_POINT ( 'NONE',  ( 1.176575538379254660, 2.037888611415564100, 20.57604166666667211 ) ) ;
#606 = CARTESIAN_POINT ( 'NONE',  ( -1.764863307568879991, 1.018944305707778719, 11.69479166666666892 ) ) ;
#607 = ORIENTED_EDGE ( 'NONE', *, *, #692, .T. ) ;
#608 = CARTESIAN_POINT ( 'NONE',  ( 0.8922005383792568356, 1.545336663013172185, -2.908333333333330994 ) ) ;
#609 = CARTESIAN_POINT ( 'NONE',  ( 0.000000000000000000, 1.545336663013172185, -6.962499999999996803 ) ) ;
#610 = ORIENTED_EDGE ( 'NONE', *, *, #1334, .F. ) ;
#611 = CARTESIAN_POINT ( 'NONE',  ( -2.495693764988929564E-16, -2.037888611415580975, -4.884375000000000355 ) ) ;
#612 = VERTEX_POINT ( 'NONE', #1350 ) ;
#613 = CARTESIAN_POINT ( 'NONE',  ( 1.784401076758496574, -8.193867857659506841E-15, 13.17500000000000249 ) ) ;
#614 = CARTESIAN_POINT ( 'NONE',  ( -1.401258538444156709, -1.427050983124758199, -9.150000000000002132 ) ) ;
#615 = CARTESIAN_POINT ( 'NONE',  ( 1.338300807568872042, -0.7726683315065906443, 15.82916666666667282 ) ) ;
#616 = LINE ( 'NONE', #5583, #1094 ) ;
#617 = CARTESIAN_POINT ( 'NONE',  ( 1.338300807568872042, -0.7726683315065906443, 8.829166666666672825 ) ) ;
#618 = CARTESIAN_POINT ( 'NONE',  ( -1.892491597964123770E-16, -1.545336663013172185, 12.30000000000000426 ) ) ;
#619 = DIRECTION ( 'NONE',  ( -0.000000000000000000, 1.059903591714612962E-16, -1.000000000000000000 ) ) ;
#620 = CARTESIAN_POINT ( 'NONE',  ( 0.000000000000000000, 5.246303815928974609E-16, -9.500000000000000000 ) ) ;
#621 = CARTESIAN_POINT ( 'NONE',  ( -1.892491597964123277E-16, -1.545336663013171963, 16.41250000000006892 ) ) ;
#622 = CARTESIAN_POINT ( 'NONE',  ( 1.732050807569015305, 1.000000000000070166, 13.49583333333343127 ) ) ;
#623 = CARTESIAN_POINT ( 'NONE',  ( -2.449293598294700005E-16, -2.000000000000002665, 19.56250000000000711 ) ) ;
#624 = CARTESIAN_POINT ( 'NONE',  ( 0.2550000000103330167, -3.316877296488436322, 0.2232411399046281275 ) ) ;
#625 = CARTESIAN_POINT ( 'NONE',  ( -1.892491597964164199E-16, -1.545336663013205047, 15.10000000000002096 ) ) ;
#626 = CARTESIAN_POINT ( 'NONE',  ( -1.176575538379255104, 2.037888611415571205, -4.519791666666663765 ) ) ;
#627 = CARTESIAN_POINT ( 'NONE',  ( 0.05973283634028030836, -1.719865933094066213, 8.900000000000003908 ) ) ;
#628 = CARTESIAN_POINT ( 'NONE',  ( 0.8922005383792477318, -1.545336663013172407, 15.07083333333333997 ) ) ;
#629 = ORIENTED_EDGE ( 'NONE', *, *, #2784, .F. ) ;
#630 = ADVANCED_FACE ( 'NONE', ( #266 ), #1220, .F. ) ;
#631 = CARTESIAN_POINT ( 'NONE',  ( -0.8922005383792558364, 1.545336663013172851, -2.791666666666664742 ) ) ;
#632 = CARTESIAN_POINT ( 'NONE',  ( 1.732050807568881190, 0.9999999999999926725, 11.39583333333334103 ) ) ;
#633 = CARTESIAN_POINT ( 'NONE',  ( 1.732050807568882522, 0.9999999999999933387, 15.68333333333333357 ) ) ;
#634 =( BOUNDED_CURVE ( )  B_SPLINE_CURVE ( 2, ( #3451, #426, #4492, #6160, #5244, #1153, #652 ),
 .UNSPECIFIED., .F., .F. ) 
 B_SPLINE_CURVE_WITH_KNOTS ( ( 3, 2, 2, 3 ),
 ( 0.1332388017546348169, 0.1353308369268189093, 0.1374228720990029740, 0.1387775334163684204 ),
 .UNSPECIFIED. ) 
 CURVE ( )  GEOMETRIC_REPRESENTATION_ITEM ( )  RATIONAL_B_SPLINE_CURVE ( ( 0.9999999999999950040, 0.8660254037844437036, 1.000000000000000000, 0.8660254037844387076, 1.000000000000000000, 0.9132470594108607065, 0.9388448616260287594 ) ) 
 REPRESENTATION_ITEM ( '' )  );
#635 = CARTESIAN_POINT ( 'NONE',  ( 3.000000000000000000, -1.437602170282233915, 19.77675886009237871 ) ) ;
#636 = CARTESIAN_POINT ( 'NONE',  ( 4.991387529977850254E-16, 2.037888611415564544, 17.83437500000000497 ) ) ;
#637 = CARTESIAN_POINT ( 'NONE',  ( 3.784983195928246554E-16, 1.545336663013156420, 18.25000000000000355 ) ) ;
#638 = ORIENTED_EDGE ( 'NONE', *, *, #4235, .F. ) ;
#639 = CARTESIAN_POINT ( 'NONE',  ( -1.338300807568884032, 0.7726683315065838720, -5.533333333333331439 ) ) ;
#640 = VERTEX_POINT ( 'NONE', #1782 ) ;
#641 = ADVANCED_FACE ( 'NONE', ( #5385 ), #229, .T. ) ;
#642 = CARTESIAN_POINT ( 'NONE',  ( -2.495693764988929564E-16, -2.037888611415580975, -5.584375000000000533 ) ) ;
#643 = ORIENTED_EDGE ( 'NONE', *, *, #4515, .F. ) ;
#644 = CARTESIAN_POINT ( 'NONE',  ( 3.026354654344067853E-11, -2.000000000000002665, 11.86250000000153193 ) ) ;
#645 = CARTESIAN_POINT ( 'NONE',  ( -1.154700538378662822, 2.000000000001022293, -5.941666666666725938 ) ) ;
#646 = CARTESIAN_POINT ( 'NONE',  ( -1.338300807568872708, -0.7726683315065896451, 14.19583333333333997 ) ) ;
#647 = CARTESIAN_POINT ( 'NONE',  ( -2.999999999999999112, 1.437602170282158642, 0.2232411399076045244 ) ) ;
#648 = CARTESIAN_POINT ( 'NONE',  ( -1.176575538379254215, -2.037888611415580087, 18.86979166666666785 ) ) ;
#649 = ADVANCED_FACE ( 'NONE', ( #4857 ), #1224, .T. ) ;
#650 = CARTESIAN_POINT ( 'NONE',  ( 1.338300807568873374, 0.7726683315065732138, 12.53333333333333677 ) ) ;
#651 = ORIENTED_EDGE ( 'NONE', *, *, #4028, .F. ) ;
#652 = CARTESIAN_POINT ( 'NONE',  ( -0.7153964692508865131, -1.867674460869281683, -1.402499999999996305 ) ) ;
#653 = CARTESIAN_POINT ( 'NONE',  ( -1.338300807568872486, 0.7726683315065743241, 11.27916666666673606 ) ) ;
#654 = CARTESIAN_POINT ( 'NONE',  ( -1.338300807568901352, 0.7726683315065909774, 19.06666666666668775 ) ) ;
#655 = CARTESIAN_POINT ( 'NONE',  ( 0.000000000000000000, -5.982305570676772137E-17, 19.67000000000000171 ) ) ;
#656 = CARTESIAN_POINT ( 'NONE',  ( 1.338300807568873152, 0.7726683315065731028, 11.83333333333333570 ) ) ;
#657 = CARTESIAN_POINT ( 'NONE',  ( -1.947473742638351046, -0.2462566176758675118, -9.196126040875594043 ) ) ;
#658 = CARTESIAN_POINT ( 'NONE',  ( -1.176575538379253105, 2.037888611415564544, 9.492708333333339965 ) ) ;
#659 = CARTESIAN_POINT ( 'NONE',  ( -0.8922005383792679378, -1.545336663013204603, 11.54166666666669094 ) ) ;
#660 = CARTESIAN_POINT ( 'NONE',  ( 1.176575538379256658, 2.037888611415570317, -6.036458333333330373 ) ) ;
#661 = CARTESIAN_POINT ( 'NONE',  ( -2.309401076758504257, -7.724668665772413545E-15, 15.18750000000000711 ) ) ;
#662 = CARTESIAN_POINT ( 'NONE',  ( 1.784401076758496574, -8.193867857659506841E-15, 17.98750000000000782 ) ) ;
#663 = ORIENTED_EDGE ( 'NONE', *, *, #6066, .F. ) ;
#664 = CARTESIAN_POINT ( 'NONE',  ( -1.784401076758511895, -4.852282266088861964E-15, -4.074999999999998401 ) ) ;
#665 = CARTESIAN_POINT ( 'NONE',  ( -1.784401076758511895, -5.152320731879963551E-15, -8.974999999999996092 ) ) ;
#666 = DIRECTION ( 'NONE',  ( -0.000000000000000000, 1.059903591714612962E-16, -1.000000000000000000 ) ) ;
#667 = CARTESIAN_POINT ( 'NONE',  ( -1.338300807568884032, 0.7726683315065837609, -7.633333333333330195 ) ) ;
#668 = AXIS2_PLACEMENT_3D ( 'NONE', #879, #4454, #4489 ) ;
#669 = CARTESIAN_POINT ( 'NONE',  ( -1.176575538379254215, -2.037888611415580087, 19.52604166666667496 ) ) ;
#670 = ORIENTED_EDGE ( 'NONE', *, *, #68, .F. ) ;
#671 = CARTESIAN_POINT ( 'NONE',  ( -0.8922005383792565025, -1.545336663013182177, -3.958333333333330817 ) ) ;
#672 = CARTESIAN_POINT ( 'NONE',  ( 1.176575538379254882, -2.037888611415580975, -4.826041666666666785 ) ) ;
#673 = VECTOR ( 'NONE', #2008, 1000.000000000000000 ) ;
#674 =( BOUNDED_CURVE ( )  B_SPLINE_CURVE ( 2, ( #1301, #3840, #3970, #804, #4904, #2829, #5971 ),
 .UNSPECIFIED., .F., .F. ) 
 B_SPLINE_CURVE_WITH_KNOTS ( ( 3, 2, 2, 3 ),
 ( 0.3055555555555554692, 0.3148148148148148251, 0.3240740740740741810, 0.3333333333333335369 ),
 .UNSPECIFIED. ) 
 CURVE ( )  GEOMETRIC_REPRESENTATION_ITEM ( )  RATIONAL_B_SPLINE_CURVE ( ( 1.000000000000001554, 0.8660254037844371533, 1.000000000000000000, 0.8660254037844387076, 1.000000000000000000, 0.8660254037844354880, 1.000000000000003109 ) ) 
 REPRESENTATION_ITEM ( '' )  );
#675 = ORIENTED_EDGE ( 'NONE', *, *, #755, .T. ) ;
#676 = CARTESIAN_POINT ( 'NONE',  ( -1.732050807568902062, 1.000000000000006661, 13.02916666666668633 ) ) ;
#677 = CARTESIAN_POINT ( 'NONE',  ( -2.449293598294712824E-16, -2.000000000000012879, 11.95000000000000284 ) ) ;
#678 = CARTESIAN_POINT ( 'NONE',  ( -1.881980155587938519, -0.1421975908794534116, 19.55198015558890390 ) ) ;
#679 = CARTESIAN_POINT ( 'NONE',  ( -1.784401076758496574, -7.756815644250031206E-15, 12.03750000000000675 ) ) ;
#680 = CARTESIAN_POINT ( 'NONE',  ( -1.732050807568881634, 0.9999999999999950040, 13.81666666666666998 ) ) ;
#681 = CARTESIAN_POINT ( 'NONE',  ( 1.176575538379252661, -2.037888611415580975, 17.58645833333333641 ) ) ;
#682 = ADVANCED_FACE ( 'NONE', ( #326 ), #1316, .T. ) ;
#683 = CARTESIAN_POINT ( 'NONE',  ( 3.784983195928247540E-16, 1.545336663013156642, 9.850000000000003197 ) ) ;
#684 = CARTESIAN_POINT ( 'NONE',  ( 4.898587196589425648E-16, 1.999999999999997335, 13.00000000000000178 ) ) ;
#685 = CARTESIAN_POINT ( 'NONE',  ( 1.338300807568873152, 0.7726683315065731028, 12.44583333333340214 ) ) ;
#686 = CARTESIAN_POINT ( 'NONE',  ( 4.898587196589425648E-16, 1.999999999999997335, 10.90000000000000213 ) ) ;
#687 = DIRECTION ( 'NONE',  ( -0.000000000000000000, 1.059903591714612962E-16, -1.000000000000000000 ) ) ;
#688 = CARTESIAN_POINT ( 'NONE',  ( 1.784401076758496574, -8.193867857659506841E-15, 10.37500000000000178 ) ) ;
#689 = CARTESIAN_POINT ( 'NONE',  ( 1.154700538379251462, -2.000000000000006661, -8.304166666666665364 ) ) ;
#690 = CARTESIAN_POINT ( 'NONE',  ( 1.176575538379252661, -2.037888611415580975, 9.142708333333338544 ) ) ;
#691 = CARTESIAN_POINT ( 'NONE',  ( 0.8922005383792670496, -1.545336663013205492, 12.35833333333335737 ) ) ;
#692 = EDGE_CURVE ( 'NONE', #6501, #839, #2962, .T. ) ;
#693 = CARTESIAN_POINT ( 'NONE',  ( -2.353151076758510651, -4.966136148197092889E-15, -6.503124999999996270 ) ) ;
#694 = AXIS2_PLACEMENT_3D ( 'NONE', #4461, #1883, #5590 ) ;
#695 = DIRECTION ( 'NONE',  ( 0.000000000000000000, 1.000000000000000000, 0.000000000000000000 ) ) ;
#696 = CARTESIAN_POINT ( 'NONE',  ( 1.338300807568873152, 0.7726683315065731028, 15.94583333333333997 ) ) ;
#697 = EDGE_LOOP ( 'NONE', ( #322, #4481, #6578, #2225 ) ) ;
#698 = CARTESIAN_POINT ( 'NONE',  ( -0.8922005383792565025, -1.545336663013182177, -1.158333333333330550 ) ) ;
#699 = CARTESIAN_POINT ( 'NONE',  ( 1.784401076758511895, -5.610804264274522886E-15, -9.324999999999997513 ) ) ;
#700 = CARTESIAN_POINT ( 'NONE',  ( 1.154700538379845653, 1.999999999998975042, -5.358333333333392900 ) ) ;
#701 = DIRECTION ( 'NONE',  ( 0.000000000000000000, 1.000000000000000000, 1.403192195507060934E-16 ) ) ;
#702 = CARTESIAN_POINT ( 'NONE',  ( -1.176575538379254215, -2.037888611415580087, 18.82604166666667567 ) ) ;
#703 = CARTESIAN_POINT ( 'NONE',  ( -1.338300807568872708, -0.7726683315065896451, 20.58333333333333570 ) ) ;
#704 = ORIENTED_EDGE ( 'NONE', *, *, #2827, .F. ) ;
#705 = CARTESIAN_POINT ( 'NONE',  ( 0.8922005383792555033, -1.545336663013183287, -4.541666666666664298 ) ) ;
#706 = CARTESIAN_POINT ( 'NONE',  ( -1.176575538379256214, -2.037888611415580531, -2.842708333333334281 ) ) ;
#707 = ORIENTED_EDGE ( 'NONE', *, *, #5968, .T. ) ;
#708 = CARTESIAN_POINT ( 'NONE',  ( 2.309401076758503812, -8.290308793092362979E-15, 10.63750000000000817 ) ) ;
#709 = CARTESIAN_POINT ( 'NONE',  ( 2.309401076758508697, -8.290308793092364557E-15, 18.42500000000000071 ) ) ;
#710 = CARTESIAN_POINT ( 'NONE',  ( 0.000000000000000000, 1.999999999999998668, -7.399999999999998579 ) ) ;
#711 = CARTESIAN_POINT ( 'NONE',  ( -0.8922005383792488420, -1.545336663013171519, 12.85416666666667318 ) ) ;
#712 = CARTESIAN_POINT ( 'NONE',  ( 1.732050807568880302, -1.000000000000007772, -7.633333333333331971 ) ) ;
#713 = CARTESIAN_POINT ( 'NONE',  ( -2.353151076758506655, -7.721989750899276899E-15, 18.75312500000000071 ) ) ;
#714 = CARTESIAN_POINT ( 'NONE',  ( -1.305622276959201005E-13, 1.999999999999997335, -5.212499999999991473 ) ) ;
#715 = CARTESIAN_POINT ( 'NONE',  ( -1.892491597964123277E-16, -1.545336663013171963, 13.61250000000006821 ) ) ;
#716 = CARTESIAN_POINT ( 'NONE',  ( 1.784401076758534765, -8.193867857659513152E-15, 18.77500000000001990 ) ) ;
#717 = CARTESIAN_POINT ( 'NONE',  ( -1.154700538379761277, 2.000000000000903722, 19.27083333333385440 ) ) ;
#718 = EDGE_CURVE ( 'NONE', #941, #2095, #3023, .T. ) ;
#719 = CARTESIAN_POINT ( 'NONE',  ( 0.8922005383792491751, 1.545336663013155754, 9.791666666666669627 ) ) ;
#720 = DIRECTION ( 'NONE',  ( 0.000000000000000000, 1.000000000000000000, 0.000000000000000000 ) ) ;
#721 = CARTESIAN_POINT ( 'NONE',  ( -0.8922005383792489530, -1.545336663013171741, 17.84166666666666856 ) ) ;
#722 = CARTESIAN_POINT ( 'NONE',  ( -2.744999999989667039, 1.879275126218193481, 19.77675886009537010 ) ) ;
#723 = CARTESIAN_POINT ( 'NONE',  ( -1.338300807568901352, -0.7726683315066062985, 10.78333333333335631 ) ) ;
#724 = CARTESIAN_POINT ( 'NONE',  ( -1.892491597964139794E-16, -1.545336663013182177, -3.112499999999997158 ) ) ;
#725 = CARTESIAN_POINT ( 'NONE',  ( 1.764863307568883988, 1.018944305707781606, -4.694791666666663588 ) ) ;
#726 = EDGE_CURVE ( 'NONE', #2165, #5903, #5225, .T. ) ;
#727 = CARTESIAN_POINT ( 'NONE',  ( -0.8922005383792565025, -1.545336663013182177, -2.558333333333330906 ) ) ;
#728 = CARTESIAN_POINT ( 'NONE',  ( 1.154700538379277663, 1.999999999999958922, 17.84166666666666146 ) ) ;
#729 = CARTESIAN_POINT ( 'NONE',  ( 1.338300807568872042, -0.7726683315065906443, 14.42916666666667425 ) ) ;
#730 = EDGE_CURVE ( 'NONE', #3704, #3988, #3673, .T. ) ;
#731 = ORIENTED_EDGE ( 'NONE', *, *, #4060, .T. ) ;
#732 = CARTESIAN_POINT ( 'NONE',  ( -1.892491597964139547E-16, -1.545336663013182399, -8.012499999999997513 ) ) ;
#733 = CARTESIAN_POINT ( 'NONE',  ( -0.7153964692508865131, -1.867674460869281683, -1.402499999999996305 ) ) ;
#734 = FACE_OUTER_BOUND ( 'NONE', #6337, .T. ) ;
#735 = CARTESIAN_POINT ( 'NONE',  ( -1.338300807568884032, -0.7726683315065935309, -6.116666666666664476 ) ) ;
#736 = CARTESIAN_POINT ( 'NONE',  ( -1.176575538379253105, 2.037888611415564544, 19.29270833333334068 ) ) ;
#737 = CARTESIAN_POINT ( 'NONE',  ( -0.8922005383792481759, 1.545336663013156420, 18.30833333333333357 ) ) ;
#738 = ORIENTED_EDGE ( 'NONE', *, *, #1644, .F. ) ;
#739 = CARTESIAN_POINT ( 'NONE',  ( -1.338300807568884032, 0.7726683315065839830, -4.833333333333331261 ) ) ;
#740 = CARTESIAN_POINT ( 'NONE',  ( -1.764863307568883100, 1.018944305707783160, -1.617708333333333748 ) ) ;
#741 = ORIENTED_EDGE ( 'NONE', *, *, #1533, .T. ) ;
#742 = DIRECTION ( 'NONE',  ( 1.000000000000000000, 0.000000000000000000, 0.000000000000000000 ) ) ;
#743 = CARTESIAN_POINT ( 'NONE',  ( -2.309401076758508697, -7.724668665772411967E-15, 11.77500000000000213 ) ) ;
#744 = CARTESIAN_POINT ( 'NONE',  ( -2.309401076758506921, -4.793346138879895990E-15, -3.637499999999998845 ) ) ;
#745 = CARTESIAN_POINT ( 'NONE',  ( -1.338300807568872486, 0.7726683315065743241, 11.27916666666667389 ) ) ;
#746 = CARTESIAN_POINT ( 'NONE',  ( 2.939999999999999503, -4.724420821680929480E-15, 0.000000000000000000 ) ) ;
#747 = CARTESIAN_POINT ( 'NONE',  ( -1.764863307568879991, 1.018944305707778719, 18.69479166666666714 ) ) ;
#748 = CARTESIAN_POINT ( 'NONE',  ( 1.154700538379615615, 2.000000000001958878, -5.270833333334038251 ) ) ;
#749 = CARTESIAN_POINT ( 'NONE',  ( -0.8922005383792480648, 1.545336663013156642, 14.02083333333340320 ) ) ;
#750 = FACE_OUTER_BOUND ( 'NONE', #6556, .T. ) ;
#751 = DIRECTION ( 'NONE',  ( -0.000000000000000000, 1.059903591714612962E-16, -1.000000000000000000 ) ) ;
#752 = CARTESIAN_POINT ( 'NONE',  ( 0.8922005383792491751, 1.545336663013155754, 11.19166666666666998 ) ) ;
#753 = CARTESIAN_POINT ( 'NONE',  ( 4.898587196589425648E-16, 1.999999999999997335, 10.20000000000000284 ) ) ;
#754 = CARTESIAN_POINT ( 'NONE',  ( 3.784983195928247540E-16, 1.545336663013156642, 18.95000000000000639 ) ) ;
#755 = EDGE_CURVE ( 'NONE', #974, #6241, #5554, .T. ) ;
#756 = CARTESIAN_POINT ( 'NONE',  ( -1.732050807568880968, -1.000000000000006439, -4.366666666666665364 ) ) ;
#757 = CARTESIAN_POINT ( 'NONE',  ( 1.338300807568901796, 0.7726683315065896451, 10.43333333333335489 ) ) ;
#758 = CARTESIAN_POINT ( 'NONE',  ( -1.892491597964139794E-16, -1.545336663013182177, -1.012499999999997735 ) ) ;
#759 = CARTESIAN_POINT ( 'NONE',  ( 1.176575538379256658, 2.037888611415570317, -1.836458333333330639 ) ) ;
#760 = CARTESIAN_POINT ( 'NONE',  ( -1.064372709374302950, -1.247125715200324780, -1.180847053532653401 ) ) ;
#761 = DIRECTION ( 'NONE',  ( -0.000000000000000000, 1.059903591714612962E-16, -1.000000000000000000 ) ) ;
#762 = CARTESIAN_POINT ( 'NONE',  ( -0.8922005383792481759, 1.545336663013156420, 14.02083333333334103 ) ) ;
#763 = EDGE_CURVE ( 'NONE', #6146, #2165, #5993, .T. ) ;
#764 = CARTESIAN_POINT ( 'NONE',  ( 0.000000000000000000, 1.545336663013171963, -8.362499999999997158 ) ) ;
#765 = VERTEX_POINT ( 'NONE', #1451 ) ;
#766 = CARTESIAN_POINT ( 'NONE',  ( 1.338300807568883588, -0.7726683315065944191, -4.483333333333331616 ) ) ;
#767 = CARTESIAN_POINT ( 'NONE',  ( 1.154700538379404673, 1.999999999999728217, 14.25416666666665400 ) ) ;
#768 = CARTESIAN_POINT ( 'NONE',  ( -1.338300807568884032, 0.7726683315065838720, -6.233333333333331616 ) ) ;
#769 = CARTESIAN_POINT ( 'NONE',  ( 1.764863307568880879, 1.018944305707776943, 19.81770833333333925 ) ) ;
#770 = CARTESIAN_POINT ( 'NONE',  ( 1.784401076758496574, -8.193867857659506841E-15, 18.07500000000000284 ) ) ;
#771 = ORIENTED_EDGE ( 'NONE', *, *, #4719, .T. ) ;
#772 = CARTESIAN_POINT ( 'NONE',  ( 1.338300807568884698, 0.7726683315065829838, -1.566666666666664209 ) ) ;
#773 = CARTESIAN_POINT ( 'NONE',  ( -1.764863307568883100, 1.018944305707783160, -3.717708333333334281 ) ) ;
#774 = CARTESIAN_POINT ( 'NONE',  ( -0.2550000000103320175, -3.316877296488437210, 19.77675886009537010 ) ) ;
#775 = LINE ( 'NONE', #6216, #4304 ) ;
#776 = CARTESIAN_POINT ( 'NONE',  ( 3.784983195928246554E-16, 1.545336663013156420, 12.56250000000000533 ) ) ;
#777 =( BOUNDED_CURVE ( )  B_SPLINE_CURVE ( 2, ( #4169, #4768, #137, #5195, #1759, #2194, #5766 ),
 .UNSPECIFIED., .F., .F. ) 
 B_SPLINE_CURVE_WITH_KNOTS ( ( 3, 2, 2, 3 ),
 ( 0.1896763047555021786, 0.1917668721863748649, 0.1938574396172474956, 0.1959480070481201819 ),
 .UNSPECIFIED. ) 
 CURVE ( )  GEOMETRIC_REPRESENTATION_ITEM ( )  RATIONAL_B_SPLINE_CURVE ( ( 1.000000000000711653, 0.8660254037837270547, 1.000000000000000000, 0.8660254037844387076, 1.000000000000000000, 0.8660254037844387076, 1.000000000000000000 ) ) 
 REPRESENTATION_ITEM ( '' )  );
#778 = CARTESIAN_POINT ( 'NONE',  ( 0.7185227092216496247, -1.472801575925780426, -9.500000000000001776 ) ) ;
#779 = CARTESIAN_POINT ( 'NONE',  ( 4.991387529977850254E-16, 2.037888611415564544, 15.77812500000000462 ) ) ;
#780 = CIRCLE ( 'NONE', #4198, 2.939999999999999503 ) ;
#781 = CARTESIAN_POINT ( 'NONE',  ( 1.784401076758496352, -8.193867857659506841E-15, 13.78750000000007070 ) ) ;
#782 = CARTESIAN_POINT ( 'NONE',  ( -0.8922005383792679378, -1.545336663013204603, 18.54166666666669272 ) ) ;
#783 = CARTESIAN_POINT ( 'NONE',  ( 2.309401076758508697, -8.290308793092364557E-15, 14.92499999999999893 ) ) ;
#784 = CARTESIAN_POINT ( 'NONE',  ( -0.8922005383792481759, 1.545336663013156420, 11.30833333333333712 ) ) ;
#785 = CARTESIAN_POINT ( 'NONE',  ( 1.323631785838518038, 1.196020656671334947, -9.376233213130255706 ) ) ;
#786 = CARTESIAN_POINT ( 'NONE',  ( -1.338300807568872930, -0.7726683315065897562, 17.78333333333333854 ) ) ;
#787 = CARTESIAN_POINT ( 'NONE',  ( 0.000000000000000000, 5.246303815928974609E-16, -9.500000000000000000 ) ) ;
#788 = CARTESIAN_POINT ( 'NONE',  ( -0.8922005383792679378, -1.545336663013204603, 10.14166666666668881 ) ) ;
#789 = CARTESIAN_POINT ( 'NONE',  ( -1.338300807568884032, -0.7726683315065931978, -1.829166666666663055 ) ) ;
#790 = CARTESIAN_POINT ( 'NONE',  ( 1.732050807568880302, -1.000000000000007550, -4.133333333333332860 ) ) ;
#791 = CARTESIAN_POINT ( 'NONE',  ( -1.892491597964140040E-16, -1.545336663013182621, -2.499999999999997780 ) ) ;
#792 = CARTESIAN_POINT ( 'NONE',  ( 0.000000000000000000, 5.246303815928974609E-16, -9.500000000000000000 ) ) ;
#793 = CARTESIAN_POINT ( 'NONE',  ( -0.8922005383792481759, 1.545336663013156420, 11.22083333333333854 ) ) ;
#794 = CARTESIAN_POINT ( 'NONE',  ( -1.338300807568883810, -0.7726683315065931978, -5.329166666666663055 ) ) ;
#795 = EDGE_LOOP ( 'NONE', ( #2943, #1405, #3132, #1262 ) ) ;
#796 = ADVANCED_FACE ( 'NONE', ( #1481 ), #3454, .F. ) ;
#797 = CARTESIAN_POINT ( 'NONE',  ( 0.8922005383792555033, -1.545336663013183287, -5.241666666666664476 ) ) ;
#798 = LINE ( 'NONE', #3864, #994 ) ;
#799 = CARTESIAN_POINT ( 'NONE',  ( -1.176575538379253105, 2.037888611415564544, 15.09270833333334139 ) ) ;
#800 = CARTESIAN_POINT ( 'NONE',  ( -1.338300807568872486, 0.7726683315065743241, 16.96666666666667211 ) ) ;
#801 = ORIENTED_EDGE ( 'NONE', *, *, #6385, .T. ) ;
#802 = CARTESIAN_POINT ( 'NONE',  ( -1.892491597964140040E-16, -1.545336663013182621, -1.799999999999997824 ) ) ;
#803 = CARTESIAN_POINT ( 'NONE',  ( 1.764863307568883988, 1.018944305707781606, -1.851041666666667584 ) ) ;
#804 = CARTESIAN_POINT ( 'NONE',  ( -2.309401076758508697, -7.724668665772411967E-15, 16.67500000000000071 ) ) ;
#805 = CARTESIAN_POINT ( 'NONE',  ( -1.338300807568884032, -0.7726683315065935309, -8.129166666666662877 ) ) ;
#806 = LINE ( 'NONE', #3306, #5935 ) ;
#807 = LINE ( 'NONE', #383, #5897 ) ;
#808 = CARTESIAN_POINT ( 'NONE',  ( 1.176575538379254660, 2.037888611415564100, 15.01979166666666821 ) ) ;
#809 = CARTESIAN_POINT ( 'NONE',  ( 1.708303692459371748, -2.477812018438706243, 0.03449857085619049274 ) ) ;
#810 = EDGE_LOOP ( 'NONE', ( #1873, #2232, #6472, #1633 ) ) ;
#811 = CARTESIAN_POINT ( 'NONE',  ( -1.784401076758534765, -7.756815644250028050E-15, 17.72500000000002629 ) ) ;
#812 = CARTESIAN_POINT ( 'NONE',  ( 3.000000000000000000, 1.388496781824947829E-13, 0.03464101614959307074 ) ) ;
#813 =( BOUNDED_CURVE ( )  B_SPLINE_CURVE ( 2, ( #1019, #5117, #590, #1155, #3113, #6589, #1545 ),
 .UNSPECIFIED., .F., .T. ) 
 B_SPLINE_CURVE_WITH_KNOTS ( ( 3, 2, 2, 3 ),
 ( 0.001548592037295652138, 0.003639173844972224021, 0.005729755652648799158, 0.007820337460325368223 ),
 .UNSPECIFIED. ) 
 CURVE ( )  GEOMETRIC_REPRESENTATION_ITEM ( )  RATIONAL_B_SPLINE_CURVE ( ( 1.000000000001956879, 0.8660254037824817175, 1.000000000000000000, 0.8660254037844387076, 1.000000000000000000, 0.8660254037843875263, 1.000000000000051292 ) ) 
 REPRESENTATION_ITEM ( '' )  );
#814 = CARTESIAN_POINT ( 'NONE',  ( 0.8922005383792491751, 1.545336663013155754, 19.50416666666666998 ) ) ;
#815 = CARTESIAN_POINT ( 'NONE',  ( 0.000000000000000000, 5.246303815928974609E-16, -9.500000000000000000 ) ) ;
#816 = CARTESIAN_POINT ( 'NONE',  ( 1.784401076758496796, -8.193867857659506841E-15, 20.87500000000000355 ) ) ;
#817 = CARTESIAN_POINT ( 'NONE',  ( -1.732050807568877859, -1.000000000000007550, 12.44583333333333997 ) ) ;
#818 = CARTESIAN_POINT ( 'NONE',  ( -1.338300807568901352, -0.7726683315066062985, 10.08333333333335524 ) ) ;
#819 = CARTESIAN_POINT ( 'NONE',  ( 0.8922005383792552813, -1.545336663013182621, -0.9541666666666639429 ) ) ;
#820 = CARTESIAN_POINT ( 'NONE',  ( 2.353151076758510651, -5.306747426173719486E-15, -2.653124999999997069 ) ) ;
#821 = CARTESIAN_POINT ( 'NONE',  ( 1.784401076758511895, -5.139315246602791145E-15, -1.624999999999998002 ) ) ;
#822 = CARTESIAN_POINT ( 'NONE',  ( 2.449293598294704935E-16, -1.999999999999999112, -1.402499999999996083 ) ) ;
#823 = CARTESIAN_POINT ( 'NONE',  ( 0.8922005383792491751, 1.545336663013155754, 11.10416666666667496 ) ) ;
#824 = CARTESIAN_POINT ( 'NONE',  ( 0.8922005383792551703, -1.545336663013182177, -3.754166666666663321 ) ) ;
#825 = ORIENTED_EDGE ( 'NONE', *, *, #5978, .T. ) ;
#826 = CARTESIAN_POINT ( 'NONE',  ( 0.000000000000000000, 1.545336663013172407, -7.049999999999997158 ) ) ;
#827 = CARTESIAN_POINT ( 'NONE',  ( 0.7435513249244612988, -1.395631916726976618, 19.24800925295996379 ) ) ;
#828 = CARTESIAN_POINT ( 'NONE',  ( -1.176575538379254215, -2.037888611415580087, 14.62604166666667282 ) ) ;
#829 = VERTEX_POINT ( 'NONE', #2009 ) ;
#830 = ADVANCED_FACE ( 'NONE', ( #1977 ), #956, .T. ) ;
#831 = CARTESIAN_POINT ( 'NONE',  ( 0.000000000000000000, 1.545336663013172185, -8.362499999999997158 ) ) ;
#832 = CARTESIAN_POINT ( 'NONE',  ( 1.338300807568884698, 0.7726683315065824287, -9.266666666666663943 ) ) ;
#833 = CARTESIAN_POINT ( 'NONE',  ( 0.000000000000000000, 5.246303815928974609E-16, -9.500000000000000000 ) ) ;
#834 = CARTESIAN_POINT ( 'NONE',  ( 1.338300807568883366, -0.7726683315065945301, -8.595833333333329662 ) ) ;
#835 = CARTESIAN_POINT ( 'NONE',  ( 4.561253880258420670E-13, 1.999999999999998224, 14.31249999999998579 ) ) ;
#836 = CARTESIAN_POINT ( 'NONE',  ( -1.784401076758496574, -7.756815644250031206E-15, 9.237500000000006040 ) ) ;
#837 = CARTESIAN_POINT ( 'NONE',  ( 1.869625208627174962, 0.2092391454265888073, -1.332261584411677857 ) ) ;
#838 = CARTESIAN_POINT ( 'NONE',  ( -1.764863307568880213, -1.018944305707793596, 13.91145833333333570 ) ) ;
#839 = VERTEX_POINT ( 'NONE', #5455 ) ;
#840 = EDGE_CURVE ( 'NONE', #2355, #1139, #4058, .T. ) ;
#841 = CARTESIAN_POINT ( 'NONE',  ( 1.501475200661683829, 0.4900419921756084540, 8.924496188029641175 ) ) ;
#842 = ORIENTED_EDGE ( 'NONE', *, *, #2006, .F. ) ;
#843 = CARTESIAN_POINT ( 'NONE',  ( 4.898587196589425648E-16, 1.999999999999997335, 15.10000000000000142 ) ) ;
#844 = EDGE_CURVE ( 'NONE', #2836, #5265, #5702, .T. ) ;
#845 = CARTESIAN_POINT ( 'NONE',  ( -0.8922005383792488420, -1.545336663013171519, 20.55416666666667069 ) ) ;
#846 = CARTESIAN_POINT ( 'NONE',  ( 1.154700538378662600, -2.000000000001032063, -3.491666666666725316 ) ) ;
#847 = CARTESIAN_POINT ( 'NONE',  ( 1.784401076758496796, -8.193867857659506841E-15, 18.77500000000000568 ) ) ;
#848 = ORIENTED_EDGE ( 'NONE', *, *, #4589, .T. ) ;
#849 = CARTESIAN_POINT ( 'NONE',  ( -1.924551836570303598, 2.352961094224495842, 19.96507139406895348 ) ) ;
#850 = CARTESIAN_POINT ( 'NONE',  ( 1.784401076758534765, -8.193867857659513152E-15, 8.975000000000022737 ) ) ;
#851 = CARTESIAN_POINT ( 'NONE',  ( -2.309401076758614391, -7.724668665772405656E-15, 17.28750000000006182 ) ) ;
#852 = CARTESIAN_POINT ( 'NONE',  ( 1.764863307568883988, 1.018944305707781606, -1.894791666666663543 ) ) ;
#853 =( BOUNDED_CURVE ( )  B_SPLINE_CURVE ( 2, ( #1157, #2581, #2648, #2078, #3116, #592, #2114 ),
 .UNSPECIFIED., .F., .T. ) 
 B_SPLINE_CURVE_WITH_KNOTS ( ( 3, 2, 2, 3 ),
 ( 0.07052958110363552469, 0.07261990202204483824, 0.07471022294045417955, 0.07680054385886349311 ),
 .UNSPECIFIED. ) 
 CURVE ( )  GEOMETRIC_REPRESENTATION_ITEM ( )  RATIONAL_B_SPLINE_CURVE ( ( 0.9999999999999225064, 0.8660254037845163122, 1.000000000000000000, 0.8660254037844388186, 1.000000000000000000, 0.8660254037843876374, 1.000000000000051292 ) ) 
 REPRESENTATION_ITEM ( '' )  );
#854 = CARTESIAN_POINT ( 'NONE',  ( 1.732050807568881190, -1.000000000000011324, 10.66666666666666785 ) ) ;
#855 = LINE ( 'NONE', #4425, #2483 ) ;
#856 = CARTESIAN_POINT ( 'NONE',  ( 1.784401076758496574, -8.193867857659506841E-15, 13.78750000000000675 ) ) ;
#857 = CARTESIAN_POINT ( 'NONE',  ( -2.999999999999999112, 0.9677187569342537987, 0.1175249093459525412 ) ) ;
#858 = CARTESIAN_POINT ( 'NONE',  ( 1.338300807568884254, 0.7726683315065826507, -2.879166666666663765 ) ) ;
#859 = ORIENTED_EDGE ( 'NONE', *, *, #402, .F. ) ;
#860 = CARTESIAN_POINT ( 'NONE',  ( 0.000000000000000000, 1.545336663013172407, -7.749999999999998224 ) ) ;
#861 = CARTESIAN_POINT ( 'NONE',  ( 1.732050807568876971, 0.9999999999999926725, -6.729166666666662522 ) ) ;
#862 = CARTESIAN_POINT ( 'NONE',  ( 1.176575538379252661, -2.037888611415580975, 14.04270833333334245 ) ) ;
#863 = VERTEX_POINT ( 'NONE', #4562 ) ;
#864 = CARTESIAN_POINT ( 'NONE',  ( 0.8922005383792568356, 1.545336663013172185, -1.508333333333330417 ) ) ;
#865 = CARTESIAN_POINT ( 'NONE',  ( -1.784401076758511895, -5.109458093909806407E-15, -8.274999999999996803 ) ) ;
#866 = CARTESIAN_POINT ( 'NONE',  ( -1.154700538380026620, 2.000000000000454747, -8.654166666667158836 ) ) ;
#867 = CARTESIAN_POINT ( 'NONE',  ( 1.784401076758511895, -5.605446434528253539E-15, -9.237499999999997158 ) ) ;
#868 = CARTESIAN_POINT ( 'NONE',  ( 1.636797296185822814, -1.149301792921153087, 19.67000000000325244 ) ) ;
#869 = CARTESIAN_POINT ( 'NONE',  ( -1.784401076758496574, -7.756815644250031206E-15, 9.937500000000007105 ) ) ;
#870 = CARTESIAN_POINT ( 'NONE',  ( 1.154700538379245467, -2.000000000000027534, 9.908333333333331439 ) ) ;
#871 = CARTESIAN_POINT ( 'NONE',  ( -1.764863307568879991, 1.018944305707778719, 13.79479166666667034 ) ) ;
#872 = ORIENTED_EDGE ( 'NONE', *, *, #3561, .F. ) ;
#873 = CARTESIAN_POINT ( 'NONE',  ( 1.338300807568873152, 0.7726683315065731028, 10.34583333333340072 ) ) ;
#874 = CARTESIAN_POINT ( 'NONE',  ( 2.309401076758536231, -8.290308793092369290E-15, 12.73750000000002380 ) ) ;
#875 = ORIENTED_EDGE ( 'NONE', *, *, #5659, .F. ) ;
#876 = CARTESIAN_POINT ( 'NONE',  ( 2.309401076758500704, -8.290308793092362979E-15, 15.53750000000000497 ) ) ;
#877 = EDGE_CURVE ( 'NONE', #6546, #375, #3655, .T. ) ;
#878 = CARTESIAN_POINT ( 'NONE',  ( -1.338300807568872708, -0.7726683315065896451, 19.79583333333333783 ) ) ;
#879 = CARTESIAN_POINT ( 'NONE',  ( 0.000000000000000000, 5.246303815928974609E-16, -9.500000000000000000 ) ) ;
#880 = CARTESIAN_POINT ( 'NONE',  ( -1.338300807568872708, 0.7726683315065744351, 16.96666666666667211 ) ) ;
#881 = AXIS2_PLACEMENT_3D ( 'NONE', #3621, #3587, #3049 ) ;
#882 = ORIENTED_EDGE ( 'NONE', *, *, #4392, .F. ) ;
#883 = CARTESIAN_POINT ( 'NONE',  ( 1.924551836570303154, -2.352961094224503391, 19.96507139406895703 ) ) ;
#884 = CARTESIAN_POINT ( 'NONE',  ( 4.898587196589426634E-16, 1.999999999999997780, 13.61250000000000782 ) ) ;
#885 = CARTESIAN_POINT ( 'NONE',  ( -1.176575538379255104, 2.037888611415571205, -1.719791666666663499 ) ) ;
#886 = AXIS2_PLACEMENT_3D ( 'NONE', #3956, #4992, #5991 ) ;
#887 = CARTESIAN_POINT ( 'NONE',  ( -1.732050807568877415, 0.9999999999999926725, 12.32916666666667282 ) ) ;
#888 = CARTESIAN_POINT ( 'NONE',  ( 2.754172377628038194E-11, -2.000000000000003553, 18.86250000000139693 ) ) ;
#889 = CARTESIAN_POINT ( 'NONE',  ( -1.784401076758496574, -7.756815644250031206E-15, 12.03750000000000675 ) ) ;
#890 = CARTESIAN_POINT ( 'NONE',  ( 4.898587196589425648E-16, 1.999999999999997335, 13.70000000000000284 ) ) ;
#891 = CARTESIAN_POINT ( 'NONE',  ( -0.8922005383792555033, 1.545336663013172407, -2.004166666666663765 ) ) ;
#892 = ORIENTED_EDGE ( 'NONE', *, *, #1517, .F. ) ;
#893 =( BOUNDED_CURVE ( )  B_SPLINE_CURVE ( 2, ( #1087, #4756, #4259, #6286, #3114, #1709, #5149 ),
 .UNSPECIFIED., .F., .T. ) 
 B_SPLINE_CURVE_WITH_KNOTS ( ( 3, 2, 2, 3 ),
 ( 0.8888888888888890616, 0.8981481481481483620, 0.9074074074074076623, 0.9166666666666668517 ),
 .UNSPECIFIED. ) 
 CURVE ( )  GEOMETRIC_REPRESENTATION_ITEM ( )  RATIONAL_B_SPLINE_CURVE ( ( 0.9999999999999967804, 0.8660254037844419273, 1.000000000000000000, 0.8660254037844387076, 1.000000000000000000, 0.8660254037844354880, 1.000000000000003109 ) ) 
 REPRESENTATION_ITEM ( '' )  );
#894 = CARTESIAN_POINT ( 'NONE',  ( -1.338300807568884032, -0.7726683315065935309, -6.816666666666664653 ) ) ;
#895 = CARTESIAN_POINT ( 'NONE',  ( 1.548181750984227723, -0.03762069035382687582, 8.899999999999998579 ) ) ;
#896 = CARTESIAN_POINT ( 'NONE',  ( -1.764863307568880213, -1.018944305707793596, 13.16770833333334068 ) ) ;
#897 = CARTESIAN_POINT ( 'NONE',  ( 1.338300807568883366, -0.7726683315065946411, -9.295833333333328952 ) ) ;
#898 = CARTESIAN_POINT ( 'NONE',  ( 1.784401076758511895, -5.482216350364050665E-15, -7.224999999999996980 ) ) ;
#899 = AXIS2_PLACEMENT_3D ( 'NONE', #5940, #2433, #3398 ) ;
#900 = CARTESIAN_POINT ( 'NONE',  ( 1.154700538379346719, -2.000000000000020428, -6.204166666666711016 ) ) ;
#901 = CARTESIAN_POINT ( 'NONE',  ( -1.784401076758511895, -4.975512350253065627E-15, -6.087499999999996803 ) ) ;
#902 = CARTESIAN_POINT ( 'NONE',  ( 2.999999999999999556, 1.525580006757002671, 19.75480846702684090 ) ) ;
#903 = CARTESIAN_POINT ( 'NONE',  ( 1.338300807568873152, 0.7726683315065731028, 10.34583333333333854 ) ) ;
#904 = CARTESIAN_POINT ( 'NONE',  ( -2.449293598294712824E-16, -2.000000000000012879, 9.850000000000001421 ) ) ;
#905 = CARTESIAN_POINT ( 'NONE',  ( 1.764863307568880879, 1.018944305707776943, 13.56145833333333428 ) ) ;
#906 = EDGE_LOOP ( 'NONE', ( #4961, #638, #3301, #1719 ) ) ;
#907 = CARTESIAN_POINT ( 'NONE',  ( 2.335210142073200767, -2.115867410997449127, 0.1169469445462776314 ) ) ;
#908 = LINE ( 'NONE', #2937, #1320 ) ;
#909 = ORIENTED_EDGE ( 'NONE', *, *, #6149, .T. ) ;
#910 = CARTESIAN_POINT ( 'NONE',  ( 1.176575538379254882, -2.037888611415581863, -9.026041666666667851 ) ) ;
#911 = CARTESIAN_POINT ( 'NONE',  ( 1.338300807568872042, -0.7726683315065906443, 18.62916666666667354 ) ) ;
#912 = CARTESIAN_POINT ( 'NONE',  ( 1.732050807568880302, -1.000000000000007550, -3.433333333333332682 ) ) ;
#913 = CARTESIAN_POINT ( 'NONE',  ( 3.784983195928247540E-16, 1.545336663013156642, 16.85000000000000497 ) ) ;
#914 = ORIENTED_EDGE ( 'NONE', *, *, #4686, .F. ) ;
#915 = CARTESIAN_POINT ( 'NONE',  ( -2.449293598294699512E-16, -2.000000000000002220, 16.06250000000000000 ) ) ;
#916 = CARTESIAN_POINT ( 'NONE',  ( 3.784983195928328398E-16, 1.545336663013189504, 9.150000000000023448 ) ) ;
#917 = EDGE_CURVE ( 'NONE', #5653, #4456, #4958, .T. ) ;
#918 = CARTESIAN_POINT ( 'NONE',  ( -1.732050807568881634, 0.9999999999999950040, 9.616666666666668917 ) ) ;
#919 = CARTESIAN_POINT ( 'NONE',  ( 1.154700538379306529, -2.000000000000104361, 16.82083333333339681 ) ) ;
#920 = DIRECTION ( 'NONE',  ( -0.000000000000000000, -0.000000000000000000, -1.000000000000000000 ) ) ;
#921 = CARTESIAN_POINT ( 'NONE',  ( -1.154700538379261010, -2.000000000000170086, -6.320833333333378157 ) ) ;
#922 = CARTESIAN_POINT ( 'NONE',  ( 4.991387529977850254E-16, 2.037888611415564544, 19.97812500000000213 ) ) ;
#923 = CARTESIAN_POINT ( 'NONE',  ( -2.999999999999999556, 0.2420432065265798460, 0.03464101615139110468 ) ) ;
#924 = EDGE_CURVE ( 'NONE', #640, #6580, #2548, .T. ) ;
#925 = CARTESIAN_POINT ( 'NONE',  ( 1.784401076758511451, -5.091094778886364654E-15, -0.8374999999999962474 ) ) ;
#926 = EDGE_LOOP ( 'NONE', ( #1007, #5799, #425, #5106 ) ) ;
#927 =( BOUNDED_CURVE ( )  B_SPLINE_CURVE ( 2, ( #5315, #4825, #3317, #2841, #3380, #4919, #3886 ),
 .UNSPECIFIED., .F., .F. ) 
 B_SPLINE_CURVE_WITH_KNOTS ( ( 3, 2, 2, 3 ),
 ( 0.1545840879553940506, 0.1664888498601559130, 0.1783936117649178865, 0.1902983736696797490 ),
 .UNSPECIFIED. ) 
 CURVE ( )  GEOMETRIC_REPRESENTATION_ITEM ( )  RATIONAL_B_SPLINE_CURVE ( ( 0.9999999999998809841, 0.8660254037845577235, 1.000000000000000000, 0.8660254037844387076, 1.000000000000000000, 0.8660254037843196917, 1.000000000000119016 ) ) 
 REPRESENTATION_ITEM ( '' )  );
#928 = EDGE_CURVE ( 'NONE', #3766, #2266, #4343, .T. ) ;
#929 = CARTESIAN_POINT ( 'NONE',  ( 1.338300807568884698, 0.7726683315065827617, -4.366666666666664476 ) ) ;
#930 = CARTESIAN_POINT ( 'NONE',  ( -0.8922005383792481759, 1.545336663013156420, 19.62083333333334068 ) ) ;
#931 = CARTESIAN_POINT ( 'NONE',  ( 4.991387529977850254E-16, 2.037888611415564544, 15.03437500000000604 ) ) ;
#932 = CARTESIAN_POINT ( 'NONE',  ( -1.338300807568884032, -0.7726683315065934199, -6.029166666666663232 ) ) ;
#933 =( BOUNDED_SURFACE ( )  B_SPLINE_SURFACE ( 1, 2, ( 
 ( #1101, #2497, #573, #2996, #5673, #1003, #2597, #4172, #4140, #3568, #5040, #4543, #6180, #605, #3062, #1593, #3130, #6209, #1626, #2529, #3029, #1494, #7, #1530, #2025, #5607, #769, #3699, #1661, #5739, #1692, #669, #5769, #5805, #3801, #736, #2659, #2789, #5837, #4243, #2230, #3667, #243, #702, #1169, #3194, #4840, #5330, #2726, #279, #5229, #4308, #1762, #5198, #2296, #2692, #4738, #5262, #4340, #1233, #636, #2264, #6335, #2197, #5707, #6272, #180, #3230, #6369, #4274, #4704, #1266, #141, #3263, #1137, #3299, #3730, #4771, #3161, #209, #1198, #2160, #4207, #1726, #6239, #6301, #3764, #5297, #2757, #4805, #1330, #5902, #2957, #3363, #338, #3331, #5003, #5500, #1827, #6400, #3866, #6433, #5396, #3900, #3935, #1923, #5465, #799, #931, #3965, #2358, #374, #1796, #4970, #5427, #828, #2855, #6503, #4899, #1364, #1430, #440, #2887, #1862, #4932, #862, #3834, #4371, #5936, #1892, #2459, #4403, #2392, #6002, #4437, #3393, #6471, #5967, #1395, #3429, #896, #2926, #409, #3463, #2429, #4471, #4503, #5870, #1296, #5363, #2823, #4868, #309, #2327, #2017, #1459, #4100, #2050, #1520, #5561, #2680, #2186, #167, #3494, #1953, #6229, #4065, #5597, #1187, #6099, #3557, #4536, #2988, #5032, #1650, #995, #5531, #6569, #5758, #473, #1029, #1488, #3719, #3054, #3216, #5219, #5095, #3525, #2713, #3687, #4568, #4600, #5251, #3182, #4727, #534, #6068, #32, #5063, #5728, #2554, #1158, #6536, #658, #4230, #3022, #6258, #2489, #1681, #690, #4003, #965, #6035, #1983, #4034, #504, #2523, #6597, #1812 ),
 ( #297, #6357, #3786, #816, #325, #4887, #3851, #1253, #265, #2283, #3378, #4292, #4856, #4328, #5886, #1712, #5920, #1845, #6416, #3821, #3885, #2248, #5384, #2840, #6289, #5413, #6320, #228, #1781, #1348, #2315, #3748, #3349, #2344, #3283, #199, #754, #5824, #5856, #847, #3315, #5790, #4387, #1219, #4358, #2216, #4760, #4789, #1283, #4262, #5346, #2773, #3250, #5283, #2808, #721, #786, #1315, #6388, #2743, #1749, #5314, #4824, #4052, #392, #1413, #4419, #6085, #6585, #2907, #880, #4951, #913, #6491, #4986, #5020, #493, #2412, #1972, #1505, #5516, #460, #2002, #424, #1939, #3543, #2446, #4490, #4455, #5952, #1380, #6521, #4556, #5584, #1909, #3449, #2872, #2510, #4917, #5986, #356, #5482, #3919, #3951, #950, #2376, #4525, #6555, #3414, #6454, #3987, #2975, #6020, #2477, #1877, #2942, #4022, #5447, #1445, #3479, #6052, #1476, #3512, #5548, #982, #3007, #5051, #2175, #5082, #5619, #5686, #1606, #57, #1151, #1541, #1116, #2072, #18, #2642, #4585, #2574, #3042, #91, #2609, #3647, #5721, #650, #4718, #4653, #6221, #618, #4123, #2036, #1050, #156, #3581, #2107, #4620, #4222, #4156, #6252, #1640, #3108, #6158, #3712, #4687, #5652, #3144, #1674, #4186, #3681, #6194, #553, #5177, #1576, #123, #2140, #3174, #1015, #5211, #2673, #3614, #522, #3075, #2541, #586, #4084, #6121, #5113, #1082, #5145, #4752, #683, #6282, #2209, #3209, #1705, #5751, #192, #1180, #5243, #2705, #4255, #5994, #4532, #6462, #4994, #5420, #431, #6529, #1423, #2518, #2485, #3421, #1513, #6593, #3995, #5058, #4563 ) ),
 .UNSPECIFIED., .F., .F., .T. ) 
 B_SPLINE_SURFACE_WITH_KNOTS ( ( 2, 2 ),
 ( 3, 2, 2, 2, 2, 2, 2, 2, 2, 2, 2, 2, 2, 2, 2, 2, 2, 2, 2, 2, 2, 2, 2, 2, 2, 2, 2, 2, 2, 2, 2, 2, 2, 2, 2, 2, 2, 2, 2, 2, 2, 2, 2, 2, 2, 2, 2, 2, 2, 2, 2, 2, 2, 2, 2, 2, 2, 2, 2, 2, 2, 2, 2, 2, 2, 2, 2, 2, 2, 2, 2, 2, 2, 2, 2, 2, 2, 2, 2, 2, 2, 2, 2, 2, 2, 2, 2, 2, 2, 2, 2, 2, 2, 2, 2, 2, 2, 2, 2, 2, 2, 2, 2, 2, 2, 2, 2, 2, 2, 3 ),
 ( 0.000000000000000000, 1.000000000000000000 ),
 ( 0.000000000000000000, 0.009259259259259258745, 0.01851851851851851749, 0.02777777777777777624, 0.03703703703703703498, 0.04629629629629629373, 0.05555555555555555247, 0.06481481481481481122, 0.07407407407407406996, 0.08333333333333332871, 0.09259259259259258745, 0.1018518518518518462, 0.1111111111111111049, 0.1203703703703703637, 0.1296296296296296224, 0.1388888888888888951, 0.1481481481481481399, 0.1574074074074074125, 0.1666666666666666574, 0.1759259259259259300, 0.1851851851851851749, 0.1944444444444444475, 0.2037037037037036924, 0.2129629629629629650, 0.2222222222222222099, 0.2314814814814814825, 0.2407407407407407274, 0.2500000000000000000, 0.2592592592592592449, 0.2685185185185185452, 0.2777777777777777901, 0.2870370370370370350, 0.2962962962962962798, 0.3055555555555555802, 0.3148148148148148251, 0.3240740740740740700, 0.3333333333333333148, 0.3425925925925926152, 0.3518518518518518601, 0.3611111111111111049, 0.3703703703703703498, 0.3796296296296296502, 0.3888888888888888951, 0.3981481481481481399, 0.4074074074074073848, 0.4166666666666666852, 0.4259259259259259300, 0.4351851851851851749, 0.4444444444444444198, 0.4537037037037037202, 0.4629629629629629650, 0.4722222222222222099, 0.4814814814814814548, 0.4907407407407407551, 0.5000000000000000000, 0.5092592592592593004, 0.5185185185185184897, 0.5277777777777777901, 0.5370370370370370905, 0.5462962962962962798, 0.5555555555555555802, 0.5648148148148147696, 0.5740740740740740700, 0.5833333333333333703, 0.5925925925925925597, 0.6018518518518518601, 0.6111111111111111605, 0.6203703703703703498, 0.6296296296296296502, 0.6388888888888888395, 0.6481481481481481399, 0.6574074074074074403, 0.6666666666666666297, 0.6759259259259259300, 0.6851851851851852304, 0.6944444444444444198, 0.7037037037037037202, 0.7129629629629629095, 0.7222222222222222099, 0.7314814814814815103, 0.7407407407407406996, 0.7500000000000000000, 0.7592592592592593004, 0.7685185185185184897, 0.7777777777777777901, 0.7870370370370370905, 0.7962962962962962798, 0.8055555555555555802, 0.8148148148148147696, 0.8240740740740740700, 0.8333333333333333703, 0.8425925925925925597, 0.8518518518518518601, 0.8611111111111111605, 0.8703703703703703498, 0.8796296296296296502, 0.8888888888888888395, 0.8981481481481481399, 0.9074074074074074403, 0.9166666666666666297, 0.9259259259259259300, 0.9351851851851852304, 0.9444444444444444198, 0.9537037037037037202, 0.9629629629629629095, 0.9722222222222222099, 0.9814814814814815103, 0.9907407407407406996, 0.9921013614661468027, 1.002022375080808381 ),
 .UNSPECIFIED. ) 
 GEOMETRIC_REPRESENTATION_ITEM ( )  RATIONAL_B_SPLINE_SURFACE ( (
 ( 1.000000000000000000, 0.8660254037844387076, 1.000000000000000000, 0.8660254037844387076, 1.000000000000000000, 0.8660254037844387076, 1.000000000000000000, 0.8660254037844387076, 1.000000000000000000, 0.8660254037844387076, 1.000000000000000000, 0.8660254037844387076, 1.000000000000000000, 0.8660254037844387076, 1.000000000000000000, 0.8660254037844387076, 1.000000000000000000, 0.8660254037844387076, 1.000000000000000000, 0.8660254037844387076, 1.000000000000000000, 0.8660254037844387076, 1.000000000000000000, 0.8660254037844387076, 1.000000000000000000, 0.8660254037844387076, 1.000000000000000000, 0.8660254037844387076, 1.000000000000000000, 0.8660254037844387076, 1.000000000000000000, 0.8660254037844387076, 1.000000000000000000, 0.8660254037844387076, 1.000000000000000000, 0.8660254037844387076, 1.000000000000000000, 0.8660254037844387076, 1.000000000000000000, 0.8660254037844387076, 1.000000000000000000, 0.8660254037844387076, 1.000000000000000000, 0.8660254037844387076, 1.000000000000000000, 0.8660254037844387076, 1.000000000000000000, 0.8660254037844387076, 1.000000000000000000, 0.8660254037844387076, 1.000000000000000000, 0.8660254037844387076, 1.000000000000000000, 0.8660254037844387076, 1.000000000000000000, 0.8660254037844387076, 1.000000000000000000, 0.8660254037844387076, 1.000000000000000000, 0.8660254037844387076, 1.000000000000000000, 0.8660254037844387076, 1.000000000000000000, 0.8660254037844387076, 1.000000000000000000, 0.8660254037844387076, 1.000000000000000000, 0.8660254037844387076, 1.000000000000000000, 0.8660254037844387076, 1.000000000000000000, 0.8660254037844387076, 1.000000000000000000, 0.8660254037844387076, 1.000000000000000000, 0.8660254037844387076, 1.000000000000000000, 0.8660254037844387076, 1.000000000000000000, 0.8660254037844387076, 1.000000000000000000, 0.8660254037844387076, 1.000000000000000000, 0.8660254037844387076, 1.000000000000000000, 0.8660254037844387076, 1.000000000000000000, 0.8660254037844387076, 1.000000000000000000, 0.8660254037844387076, 1.000000000000000000, 0.8660254037844387076, 1.000000000000000000, 0.8660254037844387076, 1.000000000000000000, 0.8660254037844387076, 1.000000000000000000, 0.8660254037844387076, 1.000000000000000000, 0.8660254037844387076, 1.000000000000000000, 0.8660254037844387076, 1.000000000000000000, 0.8660254037844387076, 1.000000000000000000, 0.8660254037844387076, 1.000000000000000000, 0.8660254037844387076, 1.000000000000000000, 0.8660254037844387076, 1.000000000000000000, 0.8660254037844387076, 1.000000000000000000, 0.8660254037844387076, 1.000000000000000000, 0.8660254037844387076, 1.000000000000000000, 0.8660254037844387076, 1.000000000000000000, 0.8660254037844387076, 1.000000000000000000, 0.8660254037844387076, 1.000000000000000000, 0.8660254037844387076, 1.000000000000000000, 0.8660254037844387076, 1.000000000000000000, 0.8660254037844387076, 1.000000000000000000, 0.8660254037844387076, 1.000000000000000000, 0.8660254037844387076, 1.000000000000000000, 0.8660254037844387076, 1.000000000000000000, 0.8660254037844387076, 1.000000000000000000, 0.8660254037844387076, 1.000000000000000000, 0.8660254037844387076, 1.000000000000000000, 0.8660254037844387076, 1.000000000000000000, 0.8660254037844387076, 1.000000000000000000, 0.8660254037844387076, 1.000000000000000000, 0.8660254037844387076, 1.000000000000000000, 0.8660254037844387076, 1.000000000000000000, 0.8660254037844387076, 1.000000000000000000, 0.8660254037844387076, 1.000000000000000000, 0.8660254037844387076, 1.000000000000000000, 0.8660254037844387076, 1.000000000000000000, 0.8660254037844387076, 1.000000000000000000, 0.8660254037844387076, 1.000000000000000000, 0.8660254037844387076, 1.000000000000000000, 0.8660254037844387076, 1.000000000000000000, 0.8660254037844387076, 1.000000000000000000, 0.8660254037844387076, 1.000000000000000000, 0.8660254037844387076, 1.000000000000000000, 0.8660254037844387076, 1.000000000000000000, 0.8660254037844387076, 1.000000000000000000, 0.8660254037844387076, 1.000000000000000000, 0.8660254037844387076, 1.000000000000000000, 0.8660254037844387076, 1.000000000000000000, 0.8660254037844387076, 1.000000000000000000, 0.8660254037844387076, 1.000000000000000000, 0.8660254037844387076, 1.000000000000000000, 0.8660254037844387076, 1.000000000000000000, 0.8660254037844387076, 1.000000000000000000, 0.8660254037844387076, 1.000000000000000000, 0.8660254037844387076, 1.000000000000000000, 0.8660254037844387076, 1.000000000000000000, 0.8660254037844387076, 1.000000000000000000, 0.8660254037844387076, 1.000000000000000000, 0.8660254037844387076, 1.000000000000000000, 0.8660254037844387076, 1.000000000000000000, 0.8660254037844387076, 1.000000000000000000, 0.8660254037844387076, 1.000000000000000000, 0.8660254037844387076, 1.000000000000000000, 0.8660254037844387076, 1.000000000000000000, 0.9803128298728089884, 0.9664116024327427112, 0.9664116024327427112, 0.9664116024327427112),
 ( 1.000000000000000000, 0.8660254037844387076, 1.000000000000000000, 0.8660254037844387076, 1.000000000000000000, 0.8660254037844387076, 1.000000000000000000, 0.8660254037844387076, 1.000000000000000000, 0.8660254037844387076, 1.000000000000000000, 0.8660254037844387076, 1.000000000000000000, 0.8660254037844387076, 1.000000000000000000, 0.8660254037844387076, 1.000000000000000000, 0.8660254037844387076, 1.000000000000000000, 0.8660254037844387076, 1.000000000000000000, 0.8660254037844387076, 1.000000000000000000, 0.8660254037844387076, 1.000000000000000000, 0.8660254037844387076, 1.000000000000000000, 0.8660254037844387076, 1.000000000000000000, 0.8660254037844387076, 1.000000000000000000, 0.8660254037844387076, 1.000000000000000000, 0.8660254037844387076, 1.000000000000000000, 0.8660254037844387076, 1.000000000000000000, 0.8660254037844387076, 1.000000000000000000, 0.8660254037844387076, 1.000000000000000000, 0.8660254037844387076, 1.000000000000000000, 0.8660254037844387076, 1.000000000000000000, 0.8660254037844387076, 1.000000000000000000, 0.8660254037844387076, 1.000000000000000000, 0.8660254037844387076, 1.000000000000000000, 0.8660254037844387076, 1.000000000000000000, 0.8660254037844387076, 1.000000000000000000, 0.8660254037844387076, 1.000000000000000000, 0.8660254037844387076, 1.000000000000000000, 0.8660254037844387076, 1.000000000000000000, 0.8660254037844387076, 1.000000000000000000, 0.8660254037844387076, 1.000000000000000000, 0.8660254037844387076, 1.000000000000000000, 0.8660254037844387076, 1.000000000000000000, 0.8660254037844387076, 1.000000000000000000, 0.8660254037844387076, 1.000000000000000000, 0.8660254037844387076, 1.000000000000000000, 0.8660254037844387076, 1.000000000000000000, 0.8660254037844387076, 1.000000000000000000, 0.8660254037844387076, 1.000000000000000000, 0.8660254037844387076, 1.000000000000000000, 0.8660254037844387076, 1.000000000000000000, 0.8660254037844387076, 1.000000000000000000, 0.8660254037844387076, 1.000000000000000000, 0.8660254037844387076, 1.000000000000000000, 0.8660254037844387076, 1.000000000000000000, 0.8660254037844387076, 1.000000000000000000, 0.8660254037844387076, 1.000000000000000000, 0.8660254037844387076, 1.000000000000000000, 0.8660254037844387076, 1.000000000000000000, 0.8660254037844387076, 1.000000000000000000, 0.8660254037844387076, 1.000000000000000000, 0.8660254037844387076, 1.000000000000000000, 0.8660254037844387076, 1.000000000000000000, 0.8660254037844387076, 1.000000000000000000, 0.8660254037844387076, 1.000000000000000000, 0.8660254037844387076, 1.000000000000000000, 0.8660254037844387076, 1.000000000000000000, 0.8660254037844387076, 1.000000000000000000, 0.8660254037844387076, 1.000000000000000000, 0.8660254037844387076, 1.000000000000000000, 0.8660254037844387076, 1.000000000000000000, 0.8660254037844387076, 1.000000000000000000, 0.8660254037844387076, 1.000000000000000000, 0.8660254037844387076, 1.000000000000000000, 0.8660254037844387076, 1.000000000000000000, 0.8660254037844387076, 1.000000000000000000, 0.8660254037844387076, 1.000000000000000000, 0.8660254037844387076, 1.000000000000000000, 0.8660254037844387076, 1.000000000000000000, 0.8660254037844387076, 1.000000000000000000, 0.8660254037844387076, 1.000000000000000000, 0.8660254037844387076, 1.000000000000000000, 0.8660254037844387076, 1.000000000000000000, 0.8660254037844387076, 1.000000000000000000, 0.8660254037844387076, 1.000000000000000000, 0.8660254037844387076, 1.000000000000000000, 0.8660254037844387076, 1.000000000000000000, 0.8660254037844387076, 1.000000000000000000, 0.8660254037844387076, 1.000000000000000000, 0.8660254037844387076, 1.000000000000000000, 0.8660254037844387076, 1.000000000000000000, 0.8660254037844387076, 1.000000000000000000, 0.8660254037844387076, 1.000000000000000000, 0.8660254037844387076, 1.000000000000000000, 0.8660254037844387076, 1.000000000000000000, 0.8660254037844387076, 1.000000000000000000, 0.8660254037844387076, 1.000000000000000000, 0.8660254037844387076, 1.000000000000000000, 0.8660254037844387076, 1.000000000000000000, 0.8660254037844387076, 1.000000000000000000, 0.8660254037844387076, 1.000000000000000000, 0.8660254037844387076, 1.000000000000000000, 0.8660254037844387076, 1.000000000000000000, 0.8660254037844387076, 1.000000000000000000, 0.8660254037844387076, 1.000000000000000000, 0.8660254037844387076, 1.000000000000000000, 0.8660254037844387076, 1.000000000000000000, 0.8660254037844387076, 1.000000000000000000, 0.8660254037844387076, 1.000000000000000000, 0.8660254037844387076, 1.000000000000000000, 0.8660254037844387076, 1.000000000000000000, 0.8660254037844387076, 1.000000000000000000, 0.8660254037844387076, 1.000000000000000000, 0.8660254037844387076, 1.000000000000000000, 0.8660254037844387076, 1.000000000000000000, 0.8660254037844387076, 1.000000000000000000, 0.9803128298728089884, 0.9664116024327427112, 0.9664116024327427112, 0.9664116024327427112) ) ) 
 REPRESENTATION_ITEM ( '' )  SURFACE ( )  );
#934 = CARTESIAN_POINT ( 'NONE',  ( 0.000000000000000000, 1.545336663013172407, -7.749999999999998224 ) ) ;
#935 = CARTESIAN_POINT ( 'NONE',  ( -2.449293598294711345E-16, -2.000000000000008882, -2.149999999999998579 ) ) ;
#936 = CARTESIAN_POINT ( 'NONE',  ( 0.8922005383792567246, 1.545336663013171741, -8.420833333333330728 ) ) ;
#937 = CARTESIAN_POINT ( 'NONE',  ( 0.000000000000000000, 1.999999999999998668, -8.099999999999997868 ) ) ;
#938 = CARTESIAN_POINT ( 'NONE',  ( 0.8922005383792491751, 1.545336663013155754, 10.40416666666667211 ) ) ;
#939 = CARTESIAN_POINT ( 'NONE',  ( -2.887156314016915637, -1.769854750744562555, 19.74292499065326112 ) ) ;
#940 = CARTESIAN_POINT ( 'NONE',  ( -1.764863307568880213, -1.018944305707793596, 14.61145833333333677 ) ) ;
#941 = VERTEX_POINT ( 'NONE', #4993 ) ;
#942 = CARTESIAN_POINT ( 'NONE',  ( -0.8922005383792488420, -1.545336663013171519, 9.354166666666737129 ) ) ;
#943 = DIRECTION ( 'NONE',  ( 0.000000000000000000, 1.000000000000000000, 1.059903591714612839E-16 ) ) ;
#944 = ORIENTED_EDGE ( 'NONE', *, *, #26, .T. ) ;
#945 = CARTESIAN_POINT ( 'NONE',  ( 1.176575538379254882, -2.037888611415581863, -7.626041666666668384 ) ) ;
#946 = VECTOR ( 'NONE', #2717, 1000.000000000000000 ) ;
#947 = CARTESIAN_POINT ( 'NONE',  ( -2.449293598294712824E-16, -2.000000000000012879, 13.35000000000000142 ) ) ;
#948 = CARTESIAN_POINT ( 'NONE',  ( 1.338300807568873152, 0.7726683315065731028, 18.74583333333334068 ) ) ;
#949 = CARTESIAN_POINT ( 'NONE',  ( 4.898587196589425648E-16, 1.999999999999997335, 15.10000000000000142 ) ) ;
#950 = CARTESIAN_POINT ( 'NONE',  ( -1.338300807568872930, -0.7726683315065897562, 14.98333333333333783 ) ) ;
#951 = ORIENTED_EDGE ( 'NONE', *, *, #2986, .T. ) ;
#952 = CARTESIAN_POINT ( 'NONE',  ( -1.732050807568881856, -1.000000000000009992, 11.13333333333333464 ) ) ;
#953 = CARTESIAN_POINT ( 'NONE',  ( -1.338300807568872486, 0.7726683315065743241, 18.97916666666673535 ) ) ;
#954 = CARTESIAN_POINT ( 'NONE',  ( -1.154700538379338726, 2.000000000000146994, -3.054166666666751517 ) ) ;
#955 = DIRECTION ( 'NONE',  ( 0.000000000000000000, 1.000000000000000000, 0.000000000000000000 ) ) ;
#956 = PLANE ( 'NONE',  #2064 ) ;
#957 = DIRECTION ( 'NONE',  ( 0.000000000000000000, 1.000000000000000000, 0.000000000000000000 ) ) ;
#958 = EDGE_CURVE ( 'NONE', #3344, #2873, #5703, .T. ) ;
#959 = CARTESIAN_POINT ( 'NONE',  ( 1.176575538379252661, -2.037888611415580975, 20.38645833333333712 ) ) ;
#960 = ORIENTED_EDGE ( 'NONE', *, *, #1056, .F. ) ;
#961 = CARTESIAN_POINT ( 'NONE',  ( -0.1787884599640498784, 3.360878049649511201, 19.75480256142365576 ) ) ;
#962 = CARTESIAN_POINT ( 'NONE',  ( -1.784401076758511451, -4.675473884461963252E-15, -1.187499999999997558 ) ) ;
#963 = EDGE_CURVE ( 'NONE', #765, #3861, #3279, .T. ) ;
#964 = CARTESIAN_POINT ( 'NONE',  ( 1.338300807568872042, -0.7726683315065906443, 20.02916666666667567 ) ) ;
#965 = CARTESIAN_POINT ( 'NONE',  ( -1.176575538379254215, -2.037888611415580087, 9.026041666666673180 ) ) ;
#966 = CARTESIAN_POINT ( 'NONE',  ( 0.000000000000000000, 1.545336663013172407, -4.862499999999997158 ) ) ;
#967 = CARTESIAN_POINT ( 'NONE',  ( -0.8922005383792565025, -1.545336663013182177, -6.758333333333331083 ) ) ;
#968 = CARTESIAN_POINT ( 'NONE',  ( 1.154700538378662600, -2.000000000001032063, -4.891666666666725227 ) ) ;
#969 = CARTESIAN_POINT ( 'NONE',  ( 0.8922005383792552813, -1.545336663013182621, -3.054166666666663588 ) ) ;
#970 = CARTESIAN_POINT ( 'NONE',  ( 1.154700538378662600, -2.000000000001032952, -8.391666666666726115 ) ) ;
#971 = PERSON_AND_ORGANIZATION_ROLE ( 'design_supplier' ) ;
#972 = CARTESIAN_POINT ( 'NONE',  ( -2.449293598294699512E-16, -2.000000000000002220, 13.96250000000000036 ) ) ;
#973 = CARTESIAN_POINT ( 'NONE',  ( -1.764863307568879991, 1.018944305707778719, 9.594791666666669272 ) ) ;
#974 = VERTEX_POINT ( 'NONE', #4812 ) ;
#975 = CARTESIAN_POINT ( 'NONE',  ( -1.818569807269773628E-11, -1.999999999999998224, -6.962500000000911626 ) ) ;
#976 = VERTEX_POINT ( 'NONE', #2270 ) ;
#977 = DIRECTION ( 'NONE',  ( -0.000000000000000000, 1.059903591714612962E-16, -1.000000000000000000 ) ) ;
#978 = CARTESIAN_POINT ( 'NONE',  ( 1.338300807568872042, -0.7726683315065906443, 16.61666666666666714 ) ) ;
#979 = CARTESIAN_POINT ( 'NONE',  ( -1.732050807569092576, 1.000000000000116573, 10.22916666666681706 ) ) ;
#980 = CARTESIAN_POINT ( 'NONE',  ( 0.8922005383792477318, -1.545336663013172407, 17.87083333333334068 ) ) ;
#981 = CARTESIAN_POINT ( 'NONE',  ( -2.449293598294712824E-16, -2.000000000000012879, 18.25000000000000355 ) ) ;
#982 = CARTESIAN_POINT ( 'NONE',  ( 1.338300807568872264, -0.7726683315065907554, 13.81666666666666998 ) ) ;
#983 = VERTEX_POINT ( 'NONE', #6342 ) ;
#984 = CARTESIAN_POINT ( 'NONE',  ( 1.291696307540628252, -2.718340404267929777, 19.96550142914380643 ) ) ;
#985 = CARTESIAN_POINT ( 'NONE',  ( 1.784401076758496352, -8.193867857659506841E-15, 15.88750000000006857 ) ) ;
#986 = DIRECTION ( 'NONE',  ( 0.000000000000000000, 1.000000000000000000, 0.000000000000000000 ) ) ;
#987 = CARTESIAN_POINT ( 'NONE',  ( 0.000000000000000000, 1.999999999999998668, -9.500000000000000000 ) ) ;
#988 = CARTESIAN_POINT ( 'NONE',  ( 4.725074310875710048E-16, 3.464101615137752166, -9.165151389911683211 ) ) ;
#989 = VECTOR ( 'NONE', #6285, 1000.000000000000000 ) ;
#990 = CARTESIAN_POINT ( 'NONE',  ( -0.8922005383792555033, 1.545336663013171963, -9.704166666666663943 ) ) ;
#991 = CARTESIAN_POINT ( 'NONE',  ( -2.999999999999999112, 1.437602170282158642, 0.2232411399076045244 ) ) ;
#992 = CARTESIAN_POINT ( 'NONE',  ( 1.764863307568882655, -1.018944305707794040, -9.011458333333330017 ) ) ;
#993 = VECTOR ( 'NONE', #687, 1000.000000000000000 ) ;
#994 = VECTOR ( 'NONE', #4838, 1000.000000000000000 ) ;
#995 = CARTESIAN_POINT ( 'NONE',  ( -1.176575538379254215, -2.037888611415580087, 11.12604166666667282 ) ) ;
#996 = CARTESIAN_POINT ( 'NONE',  ( -0.8922005383792556144, 1.545336663013172407, -4.804166666666663588 ) ) ;
#997 = ADVANCED_FACE ( 'NONE', ( #5745 ), #1240, .T. ) ;
#998 = CARTESIAN_POINT ( 'NONE',  ( 0.8922005383792568356, 1.545336663013171963, -7.808333333333330017 ) ) ;
#999 = VECTOR ( 'NONE', #1497, 1000.000000000000000 ) ;
#1000 = CARTESIAN_POINT ( 'NONE',  ( -2.449293598294697047E-16, -1.999999999999997780, -8.362499999999993605 ) ) ;
#1001 = CARTESIAN_POINT ( 'NONE',  ( 0.000000000000000000, 1.545336663013172407, -5.562499999999997335 ) ) ;
#1002 = CARTESIAN_POINT ( 'NONE',  ( -0.9423303113508451068, -1.618265903052402699, -9.288545189491015819 ) ) ;
#1003 = CARTESIAN_POINT ( 'NONE',  ( 1.176575538379252661, -2.037888611415580975, 21.04270833333334068 ) ) ;
#1004 = CARTESIAN_POINT ( 'NONE',  ( 1.764863307568879547, -1.018944305707794928, 8.544791666666668561 ) ) ;
#1005 = ORIENTED_EDGE ( 'NONE', *, *, #3613, .T. ) ;
#1006 = CARTESIAN_POINT ( 'NONE',  ( 0.000000000000000000, -4.336808689942017736E-16, -0.3499999999999992562 ) ) ;
#1007 = ORIENTED_EDGE ( 'NONE', *, *, #3118, .F. ) ;
#1008 = CARTESIAN_POINT ( 'NONE',  ( -1.764863307568883100, 1.018944305707782716, -8.617708333333334636 ) ) ;
#1009 = CIRCLE ( 'NONE', #171, 2.939999999999999503 ) ;
#1010 = VERTEX_POINT ( 'NONE', #4315 ) ;
#1011 = CARTESIAN_POINT ( 'NONE',  ( -1.892491597964123277E-16, -1.545336663013171963, 16.50000000000000355 ) ) ;
#1012 = DIRECTION ( 'NONE',  ( 0.000000000000000000, 1.000000000000000000, 1.403192195507060934E-16 ) ) ;
#1013 = CARTESIAN_POINT ( 'NONE',  ( -1.784401076758496574, -7.756815644250031206E-15, 14.83750000000000746 ) ) ;
#1014 = CARTESIAN_POINT ( 'NONE',  ( -0.8923539354410691127, 1.434806612188292751, -1.220186996173727945 ) ) ;
#1015 = CARTESIAN_POINT ( 'NONE',  ( -1.338300807568872708, 0.7726683315065744351, 10.66666666666666963 ) ) ;
#1016 = VERTEX_POINT ( 'NONE', #5715 ) ;
#1017 = CARTESIAN_POINT ( 'NONE',  ( 0.000000000000000000, 5.246303815928974609E-16, -9.500000000000000000 ) ) ;
#1018 = CARTESIAN_POINT ( 'NONE',  ( 0.8922005383792491751, 1.545336663013156198, 17.40416666666673606 ) ) ;
#1019 = CARTESIAN_POINT ( 'NONE',  ( -2.872626649075819913E-11, -1.999999999999997780, -9.062500000001442402 ) ) ;
#1020 = DIRECTION ( 'NONE',  ( -0.000000000000000000, 1.059903591714612962E-16, -1.000000000000000000 ) ) ;
#1021 = ADVANCED_FACE ( 'NONE', ( #1271 ), #5844, .T. ) ;
#1022 = CARTESIAN_POINT ( 'NONE',  ( -1.154700538379252128, -2.000000000000007550, 18.10416666666667140 ) ) ;
#1023 = DIRECTION ( 'NONE',  ( 0.000000000000000000, -0.000000000000000000, -1.000000000000000000 ) ) ;
#1024 = CARTESIAN_POINT ( 'NONE',  ( -0.8922005383792679378, -1.545336663013204603, 15.74166666666669201 ) ) ;
#1025 = CARTESIAN_POINT ( 'NONE',  ( 1.764863307568882655, -1.018944305707793818, -7.611458333333330550 ) ) ;
#1026 =( BOUNDED_CURVE ( )  B_SPLINE_CURVE ( 2, ( #5996, #3520, #3930, #333, #5929, #3424, #3457 ),
 .UNSPECIFIED., .F., .T. ) 
 B_SPLINE_CURVE_WITH_KNOTS ( ( 3, 2, 2, 3 ),
 ( 0.3611111111111112160, 0.3703703703703704608, 0.3796296296296297612, 0.3888888888888890061 ),
 .UNSPECIFIED. ) 
 CURVE ( )  GEOMETRIC_REPRESENTATION_ITEM ( )  RATIONAL_B_SPLINE_CURVE ( ( 0.9999999999999984457, 0.8660254037844402619, 1.000000000000000000, 0.8660254037844387076, 1.000000000000000000, 0.8660254037844371533, 1.000000000000001554 ) ) 
 REPRESENTATION_ITEM ( '' )  );
#1027 = CARTESIAN_POINT ( 'NONE',  ( 2.449293598294706414E-16, -1.999999999999999556, -9.500000000000000000 ) ) ;
#1028 = CARTESIAN_POINT ( 'NONE',  ( 3.784983195928246554E-16, 1.545336663013156420, 20.96250000000000568 ) ) ;
#1029 = CARTESIAN_POINT ( 'NONE',  ( 4.991387529977850254E-16, 2.037888611415564544, 10.83437500000000675 ) ) ;
#1030 = ORIENTED_EDGE ( 'NONE', *, *, #5232, .T. ) ;
#1031 = CARTESIAN_POINT ( 'NONE',  ( -1.338300807568883810, 0.7726683315065838720, -4.745833333333330017 ) ) ;
#1032 = CARTESIAN_POINT ( 'NONE',  ( -1.892491597964140040E-16, -1.545336663013182621, -3.199999999999997957 ) ) ;
#1033 = DIRECTION ( 'NONE',  ( 0.000000000000000000, 0.000000000000000000, 1.000000000000000000 ) ) ;
#1034 = CARTESIAN_POINT ( 'NONE',  ( -1.338300807568883810, 0.7726683315065838720, -4.045833333333329840 ) ) ;
#1035 = CARTESIAN_POINT ( 'NONE',  ( -1.234556616869336931, -1.326067291062489995, -9.349770135905940194 ) ) ;
#1036 = PERSON_AND_ORGANIZATION_ROLE ( 'classification_officer' ) ;
#1037 = CARTESIAN_POINT ( 'NONE',  ( 2.309401076758508697, -8.290308793092364557E-15, 19.12500000000000000 ) ) ;
#1038 = CARTESIAN_POINT ( 'NONE',  ( 1.764863307568880879, 1.018944305707776943, 9.361458333333336768 ) ) ;
#1039 = ADVANCED_FACE ( 'NONE', ( #4777 ), #5777, .F. ) ;
#1040 = ORIENTED_EDGE ( 'NONE', *, *, #1323, .T. ) ;
#1041 = CARTESIAN_POINT ( 'NONE',  ( -1.338300807568883810, -0.7726683315065933089, -6.029166666666663232 ) ) ;
#1042 = ORIENTED_EDGE ( 'NONE', *, *, #3937, .T. ) ;
#1043 = CARTESIAN_POINT ( 'NONE',  ( -2.353151076758510651, -5.006319871294115754E-15, -7.159375000000000711 ) ) ;
#1044 = ORIENTED_EDGE ( 'NONE', *, *, #5368, .T. ) ;
#1045 = CARTESIAN_POINT ( 'NONE',  ( -1.892491597964123277E-16, -1.545336663013171963, 15.10000000000000142 ) ) ;
#1046 = CARTESIAN_POINT ( 'NONE',  ( 0.7999135008240385591, 1.540261445412927088, 19.40176670317244501 ) ) ;
#1047 = CARTESIAN_POINT ( 'NONE',  ( -1.338300807568872486, 0.7726683315065743241, 16.87916666666667354 ) ) ;
#1048 = CARTESIAN_POINT ( 'NONE',  ( 1.154700538378662600, -2.000000000001032952, -6.291666666666724694 ) ) ;
#1049 = EDGE_CURVE ( 'NONE', #1656, #4811, #6383, .T. ) ;
#1050 = CARTESIAN_POINT ( 'NONE',  ( -1.784401076758496796, -7.756815644250031206E-15, 12.12500000000000355 ) ) ;
#1051 = ORIENTED_EDGE ( 'NONE', *, *, #4384, .F. ) ;
#1052 = CARTESIAN_POINT ( 'NONE',  ( -2.449293598294700005E-16, -2.000000000000002665, 19.56250000000000711 ) ) ;
#1053 = CARTESIAN_POINT ( 'NONE',  ( 3.784983195928246554E-16, 1.545336663013156420, 18.16250000000006892 ) ) ;
#1054 = CARTESIAN_POINT ( 'NONE',  ( 0.000000000000000000, 5.246303815928974609E-16, -9.500000000000000000 ) ) ;
#1055 = CARTESIAN_POINT ( 'NONE',  ( -2.449293598294699512E-16, -2.000000000000002220, 16.76250000000000284 ) ) ;
#1056 = EDGE_CURVE ( 'NONE', #3988, #3704, #1009, .T. ) ;
#1057 = CARTESIAN_POINT ( 'NONE',  ( -0.7602443243847061272, 1.741164205770433737, -9.287746951452007238 ) ) ;
#1058 = CARTESIAN_POINT ( 'NONE',  ( 3.784983195928328398E-16, 1.545336663013189504, 16.15000000000002700 ) ) ;
#1059 = CARTESIAN_POINT ( 'NONE',  ( 0.000000000000000000, 2.037888611415570761, -8.778124999999997513 ) ) ;
#1060 = CARTESIAN_POINT ( 'NONE',  ( 1.105638205279784625, -1.123927037648641658, 8.900000000000000355 ) ) ;
#1061 = DIRECTION ( 'NONE',  ( 1.000000000000000000, 0.000000000000000000, 0.000000000000000000 ) ) ;
#1062 = ORIENTED_EDGE ( 'NONE', *, *, #3818, .T. ) ;
#1063 = CARTESIAN_POINT ( 'NONE',  ( 1.338300807568883366, -0.7726683315065944191, -6.495833333333330017 ) ) ;
#1064 = CARTESIAN_POINT ( 'NONE',  ( -1.892491597964140040E-16, -1.545336663013182621, -2.499999999999997780 ) ) ;
#1065 =( BOUNDED_CURVE ( )  B_SPLINE_CURVE ( 2, ( #2875, #5955, #6457, #5450, #6024, #1447, #953, #6419, #4527, #1974, #1880, #3922, #1317, #5386, #2910, #395, #2415, #6494, #3954, #5989, #1053, #4690, #1119, #1609, #126, #6197, #3547, #5586, #4126, #4588, #5655, #2143, #5689, #1018, #1508, #3078, #3147, #3617, #3011, #4656, #2110, #2613, #4159, #2513, #21, #6055, #4560, #1479, #2577, #3515, #621, #4089, #3045, #94, #2038, #1579, #3650, #6588, #2645, #985, #5551, #5054, #5180, #497, #5085, #4624, #2005, #61, #4055, #5116, #6088, #2544, #525, #6124, #1544, #3584, #5622, #556, #2075, #6161, #1085, #3111, #5148, #589, #1277, #6350, #4754, #6253, #5850, #5340, #2278, #749, #3310, #4225, #2178, #781, #5784, #1182, #715, #2803, #4850, #4322, #1676, #3714, #2243, #2707, #3781, #292, #160, #4257, #6224, #1247, #5753, #4189, #1643, #4784, #3684, #2675, #685, #3211, #4722, #5724, #1743, #1707, #194, #5245, #1154, #1776, #6315, #2210, #5819, #3177, #6284, #4819, #5214, #1214, #4287, #3743, #653, #3244, #3276, #222, #5276, #2738, #5310, #2769, #258, #3815, #418, #2835, #5510, #5946, #5440, #3946, #873, #4911, #5881, #1309, #6012, #4484, #2867, #5914, #3846, #2936, #349, #2440, #3343, #1439, #5376, #2900, #386, #942, #3979, #6515, #2968, #1933, #6411, #1840, #2406, #841, #1904 ),
 .UNSPECIFIED., .F., .T. ) 
 B_SPLINE_CURVE_WITH_KNOTS ( ( 3, 2, 2, 2, 2, 2, 2, 2, 2, 2, 2, 2, 2, 2, 2, 2, 2, 2, 2, 2, 2, 2, 2, 2, 2, 2, 2, 2, 2, 2, 2, 2, 2, 2, 2, 2, 2, 2, 2, 2, 2, 2, 2, 2, 2, 2, 2, 2, 2, 2, 2, 2, 2, 2, 2, 2, 2, 2, 2, 2, 2, 2, 2, 2, 2, 2, 2, 2, 2, 2, 2, 2, 2, 2, 2, 2, 2, 2, 2, 2, 2, 2, 2, 2, 2, 2, 2, 2, 2, 2, 3 ),
 ( 0.1397356565937434014, 0.1399946797147369748, 0.1493276583623860954, 0.1586606370100352437, 0.1679936156576843642, 0.1773265943053335125, 0.1866595729529826331, 0.1959925516006317814, 0.2053255302482808742, 0.2146585088959300225, 0.2239914875435791430, 0.2333244661912283191, 0.2426574448388774119, 0.2519904234865265602, 0.2613234021341757085, 0.2706563807818248568, 0.2799893594294740051, 0.2893223380771230979, 0.2986553167247721907, 0.3079882953724213945, 0.3173212740200704873, 0.3266542526677196356, 0.3359872313153687839, 0.3453202099630179323, 0.3546531886106670806, 0.3639861672583161734, 0.3733191459059652662, 0.3826521245536144700, 0.3919851032012635628, 0.4013180818489126001, 0.4106510604965618594, 0.4199840391442110077, 0.4293170177918600450, 0.4386499964395093043, 0.4479829750871583416, 0.4573159537348074899, 0.4666489323824566382, 0.4759819110301056755, 0.4853148896777548238, 0.4946478683254040831, 0.5039808469730531204, 0.5133138256207022687, 0.5226468042683514170, 0.5319797829160005653, 0.5413127615636497136, 0.5506457402112987509, 0.5599787188589480103, 0.5693116975065970475, 0.5786446761542461958, 0.5879776548018953441, 0.5973106334495443814, 0.6066436120971936408, 0.6159765907448427891, 0.6253095693924918264, 0.6346425480401409747, 0.6439755266877901230, 0.6533085053354392713, 0.6626414839830884196, 0.6719744626307375679, 0.6813074412783867162, 0.6906404199260358645, 0.6999733985736849018, 0.7093063772213341611, 0.7186393558689831984, 0.7279723345166323467, 0.7373053131642814950, 0.7466382918119305323, 0.7559712704595796806, 0.7653042491072288289, 0.7746372277548780882, 0.7839702064025272366, 0.7933031850501763849, 0.8026361636978254221, 0.8119691423454745705, 0.8213021209931236077, 0.8306350996407728671, 0.8399680782884220154, 0.8493010569360710527, 0.8586340355837202010, 0.8679670142313693493, 0.8772999928790183866, 0.8866329715266675349, 0.8959659501743167942, 0.9052989288219659425, 0.9146319074696150908, 0.9239648861172641281, 0.9332978647649132764, 0.9426308434125624247, 0.9519638220602115730, 0.9612968007078607213, 0.9650276197394898059 ),
 .UNSPECIFIED. ) 
 CURVE ( )  GEOMETRIC_REPRESENTATION_ITEM ( )  RATIONAL_B_SPLINE_CURVE ( ( 0.9927698536820017683, 0.9962817317647727489, 1.000000000000000000, 0.8660254037844387076, 1.000000000000000000, 0.8660254037844387076, 1.000000000000000000, 0.8660254037844387076, 1.000000000000000000, 0.8660254037844387076, 1.000000000000000000, 0.8660254037844387076, 1.000000000000000000, 0.8660254037844387076, 1.000000000000000000, 0.8660254037844387076, 1.000000000000000000, 0.8660254037844387076, 1.000000000000000000, 0.8660254037844387076, 1.000000000000000000, 0.8660254037844387076, 1.000000000000000000, 0.8660254037844387076, 1.000000000000000000, 0.8660254037844387076, 1.000000000000000000, 0.8660254037844387076, 1.000000000000000000, 0.8660254037844387076, 1.000000000000000000, 0.8660254037844387076, 1.000000000000000000, 0.8660254037844387076, 1.000000000000000000, 0.8660254037844387076, 1.000000000000000000, 0.8660254037844387076, 1.000000000000000000, 0.8660254037844387076, 1.000000000000000000, 0.8660254037844387076, 1.000000000000000000, 0.8660254037844387076, 1.000000000000000000, 0.8660254037844387076, 1.000000000000000000, 0.8660254037844387076, 1.000000000000000000, 0.8660254037844387076, 1.000000000000000000, 0.8660254037844387076, 1.000000000000000000, 0.8660254037844387076, 1.000000000000000000, 0.8660254037844387076, 1.000000000000000000, 0.8660254037844387076, 1.000000000000000000, 0.8660254037844387076, 1.000000000000000000, 0.8660254037844387076, 1.000000000000000000, 0.8660254037844387076, 1.000000000000000000, 0.8660254037844387076, 1.000000000000000000, 0.8660254037844387076, 1.000000000000000000, 0.8660254037844387076, 1.000000000000000000, 0.8660254037844387076, 1.000000000000000000, 0.8660254037844387076, 1.000000000000000000, 0.8660254037844387076, 1.000000000000000000, 0.8660254037844387076, 1.000000000000000000, 0.8660254037844387076, 1.000000000000000000, 0.8660254037844387076, 1.000000000000000000, 0.8660254037844387076, 1.000000000000000000, 0.8660254037844387076, 1.000000000000000000, 0.8660254037844387076, 1.000000000000000000, 0.8660254037844387076, 1.000000000000000000, 0.8660254037844387076, 1.000000000000000000, 0.8660254037844387076, 1.000000000000000000, 0.8660254037844387076, 1.000000000000000000, 0.8660254037844387076, 1.000000000000000000, 0.8660254037844387076, 1.000000000000000000, 0.8660254037844387076, 1.000000000000000000, 0.8660254037844387076, 1.000000000000000000, 0.8660254037844387076, 1.000000000000000000, 0.8660254037844387076, 1.000000000000000000, 0.8660254037844387076, 1.000000000000000000, 0.8660254037844387076, 1.000000000000000000, 0.8660254037844387076, 1.000000000000000000, 0.8660254037844387076, 1.000000000000000000, 0.8660254037844387076, 1.000000000000000000, 0.8660254037844387076, 1.000000000000000000, 0.8660254037844387076, 1.000000000000000000, 0.8660254037844387076, 1.000000000000000000, 0.8660254037844387076, 1.000000000000000000, 0.8660254037844387076, 1.000000000000000000, 0.8660254037844387076, 1.000000000000000000, 0.8660254037844387076, 1.000000000000000000, 0.8660254037844387076, 1.000000000000000000, 0.8660254037844387076, 1.000000000000000000, 0.8660254037844387076, 1.000000000000000000, 0.8660254037844387076, 1.000000000000000000, 0.8660254037844387076, 1.000000000000000000, 0.8660254037844387076, 1.000000000000000000, 0.8660254037844387076, 1.000000000000000000, 0.8660254037844387076, 1.000000000000000000, 0.8660254037844387076, 1.000000000000000000, 0.8660254037844387076, 1.000000000000000000, 0.8660254037844387076, 1.000000000000000000, 0.8660254037844387076, 1.000000000000000000, 0.8660254037844387076, 1.000000000000000000, 0.8660254037844387076, 1.000000000000000000, 0.8660254037844387076, 1.000000000000000000, 0.8660254037844387076, 1.000000000000000000, 0.8660254037844387076, 1.000000000000000000, 0.8660254037844387076, 1.000000000000000000, 0.8660254037844387076, 1.000000000000000000, 0.8660254037844387076, 1.000000000000000000, 0.8660254037844387076, 1.000000000000000000, 0.8660254037844387076, 1.000000000000000000, 0.8660254037844387076, 1.000000000000000000, 0.9464442176301619547, 0.9357058335771000213 ) ) 
 REPRESENTATION_ITEM ( '' )  );
#1066 = CARTESIAN_POINT ( 'NONE',  ( -3.000000000000000000, -0.9645432532906663692, 19.89478664512552442 ) ) ;
#1067 = CARTESIAN_POINT ( 'NONE',  ( 1.338300807568883366, -0.7726683315065941970, -2.295833333333330284 ) ) ;
#1068 = CARTESIAN_POINT ( 'NONE',  ( 0.000000000000000000, 1.545336663013172185, -9.149999999999998579 ) ) ;
#1069 = CALENDAR_DATE ( 2026, 8, 1 ) ;
#1070 = CARTESIAN_POINT ( 'NONE',  ( -2.449293598294712824E-16, -2.000000000000012879, 18.95000000000000284 ) ) ;
#1071 = CARTESIAN_POINT ( 'NONE',  ( -1.593244186599439560, 1.270654537789229543, 8.179077923929330751 ) ) ;
#1072 = EDGE_LOOP ( 'NONE', ( #4733, #4179, #5529, #5028 ) ) ;
#1073 = CARTESIAN_POINT ( 'NONE',  ( 0.000000000000000000, 1.545336663013172185, -5.562499999999997335 ) ) ;
#1074 = EDGE_LOOP ( 'NONE', ( #3637, #2865, #4372, #145 ) ) ;
#1075 = CARTESIAN_POINT ( 'NONE',  ( -1.764863307568883100, 1.018944305707782938, -6.517708333333334991 ) ) ;
#1076 = VERTEX_POINT ( 'NONE', #1145 ) ;
#1077 = CARTESIAN_POINT ( 'NONE',  ( -1.784401076758496574, -7.756815644250031206E-15, 16.32500000000000284 ) ) ;
#1078 = DIRECTION ( 'NONE',  ( -0.000000000000000000, 1.059903591714612962E-16, -1.000000000000000000 ) ) ;
#1079 = CARTESIAN_POINT ( 'NONE',  ( -0.8922005383792488420, -1.545336663013171519, 15.65416666666667389 ) ) ;
#1080 = CARTESIAN_POINT ( 'NONE',  ( 1.154700538379845653, 1.999999999998975042, -6.058333333333391302 ) ) ;
#1081 = CARTESIAN_POINT ( 'NONE',  ( -1.338300807568872708, -0.7726683315065896451, 8.595833333333338544 ) ) ;
#1082 = CARTESIAN_POINT ( 'NONE',  ( -1.784401076758496796, -7.756815644250031206E-15, 10.02500000000000391 ) ) ;
#1083 = ORIENTED_EDGE ( 'NONE', *, *, #3768, .F. ) ;
#1084 = FACE_OUTER_BOUND ( 'NONE', #6329, .T. ) ;
#1085 = CARTESIAN_POINT ( 'NONE',  ( 3.784983195928246554E-16, 1.545336663013156420, 14.66250000000006715 ) ) ;
#1086 = CARTESIAN_POINT ( 'NONE',  ( -1.732050807568877415, -1.000000000000004885, -7.079166666666663943 ) ) ;
#1087 = CARTESIAN_POINT ( 'NONE',  ( 4.898587196589425648E-16, 1.999999999999997335, 9.500000000000000000 ) ) ;
#1088 = EDGE_CURVE ( 'NONE', #6114, #4150, #4559, .T. ) ;
#1089 = CARTESIAN_POINT ( 'NONE',  ( -2.449293598294699512E-16, -2.000000000000002220, 16.76250000000000284 ) ) ;
#1090 = CARTESIAN_POINT ( 'NONE',  ( 0.8922005383792670496, -1.545336663013205492, 16.55833333333335844 ) ) ;
#1091 = CARTESIAN_POINT ( 'NONE',  ( 1.764863307568883988, 1.018944305707781606, -3.994791666666663854 ) ) ;
#1092 = CARTESIAN_POINT ( 'NONE',  ( -1.338300807568872708, -0.7726683315065896451, 14.89583333333334103 ) ) ;
#1093 = ORIENTED_EDGE ( 'NONE', *, *, #5662, .F. ) ;
#1094 = VECTOR ( 'NONE', #4083, 1000.000000000000000 ) ;
#1095 = CARTESIAN_POINT ( 'NONE',  ( 1.338300807568883366, -0.7726683315065941970, -2.295833333333330284 ) ) ;
#1096 = CARTESIAN_POINT ( 'NONE',  ( -1.892491597964140040E-16, -1.545336663013182621, -3.899999999999998135 ) ) ;
#1097 = CONICAL_SURFACE ( 'NONE', #6001, 2.939999999999999503, 1.047197551196600074 ) ;
#1098 = CARTESIAN_POINT ( 'NONE',  ( 0.2550000000000008926, -3.316877296494401772, 19.77675886009239647 ) ) ;
#1099 = CARTESIAN_POINT ( 'NONE',  ( 1.338300807568883366, -0.7726683315065943081, -4.395833333333330373 ) ) ;
#1100 = PERSON_AND_ORGANIZATION ( #3859, #6112 ) ;
#1101 = CARTESIAN_POINT ( 'NONE',  ( 4.991387529977850254E-16, 2.037888611415564544, 21.33437500000000497 ) ) ;
#1102 = CARTESIAN_POINT ( 'NONE',  ( 2.353151076758506655, -8.298345537711768183E-15, 10.70312500000000355 ) ) ;
#1103 = EDGE_LOOP ( 'NONE', ( #211, #5076, #1870, #6371 ) ) ;
#1104 = CARTESIAN_POINT ( 'NONE',  ( -0.8922005383792558364, 1.545336663013172851, -2.791666666666664742 ) ) ;
#1105 = VECTOR ( 'NONE', #5803, 1000.000000000000000 ) ;
#1106 = CARTESIAN_POINT ( 'NONE',  ( -1.338300807568883810, -0.7726683315065934199, -8.829166666666663943 ) ) ;
#1107 = ORIENTED_EDGE ( 'NONE', *, *, #3280, .T. ) ;
#1108 = CARTESIAN_POINT ( 'NONE',  ( -1.176575538379256214, -2.037888611415580975, -7.042708333333334458 ) ) ;
#1109 = ORIENTED_EDGE ( 'NONE', *, *, #763, .F. ) ;
#1110 = CARTESIAN_POINT ( 'NONE',  ( -1.338300807568872708, -0.7726683315065896451, 14.28333333333333677 ) ) ;
#1111 = CARTESIAN_POINT ( 'NONE',  ( 1.732050807568881190, 0.9999999999999954481, -6.816666666666666430 ) ) ;
#1112 =( BOUNDED_CURVE ( )  B_SPLINE_CURVE ( 2, ( #644, #5778, #1272, #5336, #5746, #4747, #2797 ),
 .UNSPECIFIED., .F., .T. ) 
 B_SPLINE_CURVE_WITH_KNOTS ( ( 3, 2, 2, 3 ),
 ( 0.1457797692545053092, 0.1478702714328993251, 0.1499607736112933409, 0.1520512757896873568 ),
 .UNSPECIFIED. ) 
 CURVE ( )  GEOMETRIC_REPRESENTATION_ITEM ( )  RATIONAL_B_SPLINE_CURVE ( ( 1.000000000002028822, 0.8660254037824096640, 1.000000000000000000, 0.8660254037844385966, 1.000000000000000000, 0.8660254037844385966, 1.000000000000000000 ) ) 
 REPRESENTATION_ITEM ( '' )  );
#1113 = CARTESIAN_POINT ( 'NONE',  ( -0.8922005383792488420, -1.545336663013171519, 17.05416666666667069 ) ) ;
#1114 = LINE ( 'NONE', #3542, #1943 ) ;
#1115 = CARTESIAN_POINT ( 'NONE',  ( 0.8922005383792491751, 1.545336663013155754, 9.704166666666672825 ) ) ;
#1116 = CARTESIAN_POINT ( 'NONE',  ( 1.784401076758496796, -8.193867857659506841E-15, 13.17500000000000249 ) ) ;
#1117 = ORIENTED_EDGE ( 'NONE', *, *, #2182, .F. ) ;
#1118 = CARTESIAN_POINT ( 'NONE',  ( -2.449293598294712824E-16, -2.000000000000012879, 12.65000000000000391 ) ) ;
#1119 = CARTESIAN_POINT ( 'NONE',  ( 1.338300807568873152, 0.7726683315065731028, 18.04583333333340178 ) ) ;
#1120 = CYLINDRICAL_SURFACE ( 'NONE', #4829, 2.000000000000000000 ) ;
#1121 = DIRECTION ( 'NONE',  ( 0.000000000000000000, 1.000000000000000000, 1.059903591714612839E-16 ) ) ;
#1122 = CARTESIAN_POINT ( 'NONE',  ( -1.877804056660264287, -0.6177814697422682189, -9.182227358738780154 ) ) ;
#1123 = AXIS2_PLACEMENT_3D ( 'NONE', #6563, #3015, #430 ) ;
#1124 = EDGE_CURVE ( 'NONE', #5712, #3999, #6062, .T. ) ;
#1125 = ADVANCED_FACE ( 'NONE', ( #1735 ), #1634, .F. ) ;
#1126 = CARTESIAN_POINT ( 'NONE',  ( -1.338300807568901352, 0.7726683315065909774, 16.26666666666669414 ) ) ;
#1127 = CARTESIAN_POINT ( 'NONE',  ( 1.176575538379254882, -2.037888611415580975, -4.169791666666663232 ) ) ;
#1128 = CARTESIAN_POINT ( 'NONE',  ( -1.266298388581468259, -1.378682651334680820, 8.900000000000002132 ) ) ;
#1129 = CARTESIAN_POINT ( 'NONE',  ( -1.338300807568872708, -0.7726683315065896451, 16.99583333333333712 ) ) ;
#1130 = EDGE_CURVE ( 'NONE', #4545, #2167, #470, .T. ) ;
#1131 = VERTEX_POINT ( 'NONE', #3772 ) ;
#1132 = B_SPLINE_CURVE_WITH_KNOTS ( 'NONE', 3,
 ( #6314, #3780, #5284, #3822, #6418, #358, #1254, #2774 ),
 .UNSPECIFIED., .F., .F.,
 ( 4, 2, 2, 4 ),
 ( 0.0003029783875858183375, 0.001749763421509609868, 0.002473155938471505687, 0.003196548455433401506 ),
 .UNSPECIFIED. ) ;
#1133 = CARTESIAN_POINT ( 'NONE',  ( 0.8922005383792568356, 1.545336663013172185, -4.308333333333330906 ) ) ;
#1134 = EDGE_CURVE ( 'NONE', #3344, #2408, #4281, .T. ) ;
#1135 = CARTESIAN_POINT ( 'NONE',  ( 0.000000000000000000, 1.999999999999997335, -3.112499999999997602 ) ) ;
#1136 = CARTESIAN_POINT ( 'NONE',  ( -2.449293598294711345E-16, -2.000000000000009326, -8.449999999999997513 ) ) ;
#1137 = CARTESIAN_POINT ( 'NONE',  ( 1.764863307568880879, 1.018944305707776943, 17.01770833333333854 ) ) ;
#1138 = CARTESIAN_POINT ( 'NONE',  ( 3.784983195928246554E-16, 1.545336663013156420, 20.35000000000000497 ) ) ;
#1139 = VERTEX_POINT ( 'NONE', #935 ) ;
#1140 = CARTESIAN_POINT ( 'NONE',  ( -0.8922005383792565025, -1.545336663013182177, -2.558333333333330906 ) ) ;
#1141 = ORIENTED_EDGE ( 'NONE', *, *, #5152, .F. ) ;
#1142 = CARTESIAN_POINT ( 'NONE',  ( -2.495693764988929564E-16, -2.037888611415581419, -6.984375000000000888 ) ) ;
#1143 =( BOUNDED_CURVE ( )  B_SPLINE_CURVE ( 2, ( #379, #3466, #6006, #1832, #5875, #4375, #1398 ),
 .UNSPECIFIED., .F., .F. ) 
 B_SPLINE_CURVE_WITH_KNOTS ( ( 3, 2, 2, 3 ),
 ( 0.3333333333333335369, 0.3425925925925927817, 0.3518518518518520266, 0.3611111111111112160 ),
 .UNSPECIFIED. ) 
 CURVE ( )  GEOMETRIC_REPRESENTATION_ITEM ( )  RATIONAL_B_SPLINE_CURVE ( ( 0.9999999999999967804, 0.8660254037844419273, 1.000000000000000000, 0.8660254037844387076, 1.000000000000000000, 0.8660254037844371533, 1.000000000000001554 ) ) 
 REPRESENTATION_ITEM ( '' )  );
#1144 = EDGE_LOOP ( 'NONE', ( #1500, #174, #5477, #2060 ) ) ;
#1145 = CARTESIAN_POINT ( 'NONE',  ( -0.2550000000000001710, -3.316877296494402216, 0.2232411399076047742 ) ) ;
#1146 = DIRECTION ( 'NONE',  ( -0.000000000000000000, 1.059903591714612962E-16, -1.000000000000000000 ) ) ;
#1147 = DIRECTION ( 'NONE',  ( 0.000000000000000000, 1.000000000000000000, 1.084202172485505174E-16 ) ) ;
#1148 = CARTESIAN_POINT ( 'NONE',  ( 1.784401076758496574, -8.193867857659506841E-15, 10.98750000000000604 ) ) ;
#1149 = CARTESIAN_POINT ( 'NONE',  ( 1.732050807568898954, 1.000000000000005551, -1.829166666666677044 ) ) ;
#1150 = CARTESIAN_POINT ( 'NONE',  ( -1.176575538379254215, -2.037888611415580087, 19.56979166666666714 ) ) ;
#1151 = CARTESIAN_POINT ( 'NONE',  ( 0.8922005383792492861, 1.545336663013156198, 13.29166666666667140 ) ) ;
#1152 = FACE_OUTER_BOUND ( 'NONE', #6412, .T. ) ;
#1153 = CARTESIAN_POINT ( 'NONE',  ( -1.377528579823040555, -1.614050510868295873, -1.443347053532678892 ) ) ;
#1154 = CARTESIAN_POINT ( 'NONE',  ( -1.338300807568872486, 0.7726683315065743241, 11.97916666666673535 ) ) ;
#1155 = CARTESIAN_POINT ( 'NONE',  ( 2.309401076759536320, -5.680456050976247647E-15, -8.887500000000512657 ) ) ;
#1156 = CARTESIAN_POINT ( 'NONE',  ( 3.000000000000000000, -1.437602170282579417, 0.2232411399077076919 ) ) ;
#1157 = CARTESIAN_POINT ( 'NONE',  ( -1.305622276959201005E-13, 1.999999999999997335, -5.212499999999991473 ) ) ;
#1158 = CARTESIAN_POINT ( 'NONE',  ( -2.353151076758506655, -7.721989750899276899E-15, 9.609375000000007105 ) ) ;
#1159 = CARTESIAN_POINT ( 'NONE',  ( 0.8922005383792682709, 1.545336663013189282, 16.09166666666668988 ) ) ;
#1160 = CARTESIAN_POINT ( 'NONE',  ( -1.176575538379255104, 2.037888611415571205, -5.919791666666663232 ) ) ;
#1161 = CARTESIAN_POINT ( 'NONE',  ( 0.5622865122614494338, -1.564951129562637711, 8.900000000000011013 ) ) ;
#1162 = CARTESIAN_POINT ( 'NONE',  ( -1.338300807568872708, -0.7726683315065896451, 15.59583333333334032 ) ) ;
#1163 = VERTEX_POINT ( 'NONE', #2332 ) ;
#1164 = CARTESIAN_POINT ( 'NONE',  ( -1.338300807568884032, -0.7726683315065934199, -4.716666666666664121 ) ) ;
#1165 = EDGE_CURVE ( 'NONE', #48, #4776, #1143, .T. ) ;
#1166 = CARTESIAN_POINT ( 'NONE',  ( -2.449293598294699019E-16, -2.000000000000001776, 9.062500000000003553 ) ) ;
#1167 = LINE ( 'NONE', #2690, #1105 ) ;
#1168 = CARTESIAN_POINT ( 'NONE',  ( 1.338300807568883588, -0.7726683315065946411, -7.983333333333331616 ) ) ;
#1169 = CARTESIAN_POINT ( 'NONE',  ( -1.764863307568880213, -1.018944305707793596, 18.76770833333334210 ) ) ;
#1170 = CARTESIAN_POINT ( 'NONE',  ( 1.338300807568872042, -0.7726683315065906443, 20.11666666666667069 ) ) ;
#1171 = ORIENTED_EDGE ( 'NONE', *, *, #2618, .T. ) ;
#1172 = CARTESIAN_POINT ( 'NONE',  ( 0.8922005383792555033, -1.545336663013183287, -5.941666666666664653 ) ) ;
#1173 = CARTESIAN_POINT ( 'NONE',  ( -1.176575538379255104, 2.037888611415571205, -5.176041666666668206 ) ) ;
#1174 = ORIENTED_EDGE ( 'NONE', *, *, #3976, .F. ) ;
#1175 = DIRECTION ( 'NONE',  ( 0.000000000000000000, 1.000000000000000000, 0.000000000000000000 ) ) ;
#1176 = LINE ( 'NONE', #5238, #2276 ) ;
#1177 = CARTESIAN_POINT ( 'NONE',  ( 1.338300807568873152, 0.7726683315065731028, 12.44583333333333997 ) ) ;
#1178 = CARTESIAN_POINT ( 'NONE',  ( 0.8505154461493492635, -1.413903630330357597, -9.500000000000000000 ) ) ;
#1179 = CARTESIAN_POINT ( 'NONE',  ( 1.764863307568879547, -1.018944305707794928, 18.34479166666666927 ) ) ;
#1180 = CARTESIAN_POINT ( 'NONE',  ( -0.8922005383792489530, -1.545336663013171741, 9.441666666666671759 ) ) ;
#1181 = CARTESIAN_POINT ( 'NONE',  ( 1.636797296185822814, -1.149301792921153087, 19.67000000000325244 ) ) ;
#1182 = CARTESIAN_POINT ( 'NONE',  ( 0.8922005383792477318, -1.545336663013172407, 13.67083333333340178 ) ) ;
#1183 = CARTESIAN_POINT ( 'NONE',  ( -0.8922005383792672717, 1.545336663013189504, 18.30833333333335844 ) ) ;
#1184 = CARTESIAN_POINT ( 'NONE',  ( -1.732050807569654793, -1.000000000000456302, 19.44583333333385511 ) ) ;
#1185 = CARTESIAN_POINT ( 'NONE',  ( 0.8922005383792491751, 1.545336663013155754, 10.49166666666666892 ) ) ;
#1186 = LINE ( 'NONE', #2839, #4721 ) ;
#1187 = CARTESIAN_POINT ( 'NONE',  ( 4.991387529977850254E-16, 2.037888611415564544, 11.53437500000000604 ) ) ;
#1188 = CARTESIAN_POINT ( 'NONE',  ( 0.8922005383792670496, -1.545336663013205492, 13.75833333333335418 ) ) ;
#1189 = CARTESIAN_POINT ( 'NONE',  ( -1.764863307568883322, -1.018944305707792486, -5.744791666666663410 ) ) ;
#1190 = CARTESIAN_POINT ( 'NONE',  ( -2.821191041355461504, 1.835286207975814543, 19.75480846703031901 ) ) ;
#1191 = CARTESIAN_POINT ( 'NONE',  ( -0.8922005383792481759, 1.545336663013156420, 16.82083333333333997 ) ) ;
#1192 = ORIENTED_EDGE ( 'NONE', *, *, #4266, .F. ) ;
#1193 = CARTESIAN_POINT ( 'NONE',  ( 0.8922005383792555033, -1.545336663013183065, -1.041666666666664742 ) ) ;
#1194 = CARTESIAN_POINT ( 'NONE',  ( 1.154700538379252572, -2.000000000000011546, 11.22083333333334210 ) ) ;
#1195 = CARTESIAN_POINT ( 'NONE',  ( -1.154700538379846320, -1.999999999998982148, -2.208333333333391657 ) ) ;
#1196 = CARTESIAN_POINT ( 'NONE',  ( -1.338300807568884032, 0.7726683315065837609, -8.333333333333332149 ) ) ;
#1197 = AXIS2_PLACEMENT_3D ( 'NONE', #360, #3484, #986 ) ;
#1198 = CARTESIAN_POINT ( 'NONE',  ( -1.764863307568880213, -1.018944305707793596, 16.66770833333334068 ) ) ;
#1199 = CARTESIAN_POINT ( 'NONE',  ( 3.784983195928246554E-16, 1.545336663013156420, 18.95000000000000639 ) ) ;
#1200 = ORIENTED_EDGE ( 'NONE', *, *, #5782, .T. ) ;
#1201 = ADVANCED_FACE ( 'NONE', ( #1433 ), #1896, .F. ) ;
#1202 = CARTESIAN_POINT ( 'NONE',  ( -0.8922005383792565025, -1.545336663013182177, -4.658333333333331439 ) ) ;
#1203 = CARTESIAN_POINT ( 'NONE',  ( 2.353151076758510651, -5.346931149270741562E-15, -3.309375000000001066 ) ) ;
#1204 = ORIENTED_EDGE ( 'NONE', *, *, #2710, .T. ) ;
#1205 = CARTESIAN_POINT ( 'NONE',  ( -1.154700538379219710, 2.000000000000103917, 12.97083333333335098 ) ) ;
#1206 = CARTESIAN_POINT ( 'NONE',  ( -0.6647898579267996766, -3.080285011709186449, 0.1169469445462773954 ) ) ;
#1207 = CARTESIAN_POINT ( 'NONE',  ( -2.309401076758507365, -5.013017158476954213E-15, -7.224999999999998757 ) ) ;
#1208 = CARTESIAN_POINT ( 'NONE',  ( 0.8922005383792491751, 1.545336663013155754, 13.20416666666667282 ) ) ;
#1209 = CARTESIAN_POINT ( 'NONE',  ( 0.000000000000000000, 1.999999999999998668, -7.399999999999998579 ) ) ;
#1210 = CARTESIAN_POINT ( 'NONE',  ( 1.764863307568879547, -1.018944305707794928, 15.54479166666666856 ) ) ;
#1211 = VECTOR ( 'NONE', #408, 1000.000000000000000 ) ;
#1212 = EDGE_CURVE ( 'NONE', #640, #3344, #1819, .T. ) ;
#1213 = CARTESIAN_POINT ( 'NONE',  ( 2.757194472730501516E-11, 1.999999999999999112, -8.012500000001393730 ) ) ;
#1214 = CARTESIAN_POINT ( 'NONE',  ( -0.8922005383792488420, -1.545336663013171519, 11.45416666666673500 ) ) ;
#1215 = CARTESIAN_POINT ( 'NONE',  ( 3.784983195928328398E-16, 1.545336663013189504, 18.25000000000002132 ) ) ;
#1216 = DIRECTION ( 'NONE',  ( -0.000000000000000000, 1.059903591714612962E-16, -1.000000000000000000 ) ) ;
#1217 = CARTESIAN_POINT ( 'NONE',  ( 0.8922005383792477318, -1.545336663013172407, 10.95833333333333925 ) ) ;
#1218 = CARTESIAN_POINT ( 'NONE',  ( 1.732865866063068694, 0.1536401412136519373, -9.420753777858434930 ) ) ;
#1219 = CARTESIAN_POINT ( 'NONE',  ( -0.8922005383792489530, -1.545336663013171741, 18.54166666666667140 ) ) ;
#1220 = CYLINDRICAL_SURFACE ( 'NONE', #2185, 2.000000000000000000 ) ;
#1221 = CARTESIAN_POINT ( 'NONE',  ( -1.892491597964164199E-16, -1.545336663013205047, 10.90000000000002167 ) ) ;
#1222 = CARTESIAN_POINT ( 'NONE',  ( 0.8922005383792567246, 1.545336663013172185, -2.820833333333330639 ) ) ;
#1223 = CARTESIAN_POINT ( 'NONE',  ( 1.764863307568882655, -1.018944305707793818, -5.511458333333330017 ) ) ;
#1224 = CONICAL_SURFACE ( 'NONE', #5906, 1.649999999999997913, 0.7853981633974513876 ) ;
#1225 = CARTESIAN_POINT ( 'NONE',  ( -1.338300807568884032, -0.7726683315065934199, -4.016666666666663943 ) ) ;
#1226 = CARTESIAN_POINT ( 'NONE',  ( -1.154700538379395569, -2.000000000000255795, 10.40416666666681600 ) ) ;
#1227 = CARTESIAN_POINT ( 'NONE',  ( 1.338300807568873152, 0.7726683315065731028, 18.04583333333334139 ) ) ;
#1228 = ORIENTED_EDGE ( 'NONE', *, *, #2991, .F. ) ;
#1229 = CARTESIAN_POINT ( 'NONE',  ( -0.8922005383792563915, -1.545336663013181955, -8.070833333333331083 ) ) ;
#1230 = CARTESIAN_POINT ( 'NONE',  ( -2.449293598294712824E-16, -2.000000000000012879, 15.45000000000000107 ) ) ;
#1231 = CARTESIAN_POINT ( 'NONE',  ( -2.449293598294711345E-16, -2.000000000000008882, -3.549999999999998934 ) ) ;
#1232 = CARTESIAN_POINT ( 'NONE',  ( -1.784401076758511895, -5.023732817969491330E-15, -6.874999999999998224 ) ) ;
#1233 = CARTESIAN_POINT ( 'NONE',  ( -1.176575538379253105, 2.037888611415564544, 17.89270833333333854 ) ) ;
#1234 = CARTESIAN_POINT ( 'NONE',  ( -1.784401076758496574, -7.756815644250031206E-15, 18.42500000000000426 ) ) ;
#1235 = ORIENTED_EDGE ( 'NONE', *, *, #6348, .F. ) ;
#1236 = CARTESIAN_POINT ( 'NONE',  ( -1.784401076758511895, -4.809419628118704031E-15, -3.374999999999997780 ) ) ;
#1237 = CARTESIAN_POINT ( 'NONE',  ( -1.176575538379255104, 2.037888611415571205, -3.776041666666667851 ) ) ;
#1238 = VERTEX_POINT ( 'NONE', #6404 ) ;
#1239 = ADVANCED_FACE ( 'NONE', ( #3433 ), #5469, .F. ) ;
#1240 = CYLINDRICAL_SURFACE ( 'NONE', #3460, 1.999999999999998224 ) ;
#1241 = CARTESIAN_POINT ( 'NONE',  ( -2.449293598294711345E-16, -2.000000000000008882, -5.649999999999998579 ) ) ;
#1242 = CARTESIAN_POINT ( 'NONE',  ( -0.8922005383792488420, -1.545336663013171519, 11.45416666666667282 ) ) ;
#1243 =( BOUNDED_CURVE ( )  B_SPLINE_CURVE ( 2, ( #2800, #1672, #4715, #2274, #680, #2671, #2207 ),
 .UNSPECIFIED., .F., .T. ) 
 B_SPLINE_CURVE_WITH_KNOTS ( ( 3, 2, 2, 3 ),
 ( 0.5277777777777779011, 0.5370370370370372015, 0.5462962962962962798, 0.5555555555555555802 ),
 .UNSPECIFIED. ) 
 CURVE ( )  GEOMETRIC_REPRESENTATION_ITEM ( )  RATIONAL_B_SPLINE_CURVE ( ( 0.9999999999999984457, 0.8660254037844402619, 1.000000000000000000, 0.8660254037844387076, 1.000000000000000000, 0.8660254037844387076, 1.000000000000000000 ) ) 
 REPRESENTATION_ITEM ( '' )  );
#1244 = CARTESIAN_POINT ( 'NONE',  ( -1.732050807568881856, -1.000000000000009992, 14.63333333333333641 ) ) ;
#1245 = CARTESIAN_POINT ( 'NONE',  ( -1.176575538379254215, -2.037888611415580087, 16.76979166666666998 ) ) ;
#1246 = CARTESIAN_POINT ( 'NONE',  ( -1.732050807568880968, -1.000000000000006661, -7.866666666666666252 ) ) ;
#1247 = CARTESIAN_POINT ( 'NONE',  ( -0.8922005383792488420, -1.545336663013171519, 12.85416666666673358 ) ) ;
#1248 = CARTESIAN_POINT ( 'NONE',  ( 1.338300807568900908, -0.7726683315066071867, 18.01666666666669059 ) ) ;
#1249 = CARTESIAN_POINT ( 'NONE',  ( 0.2550000000000008926, -3.316877296494401772, 19.77675886009239647 ) ) ;
#1250 = EDGE_CURVE ( 'NONE', #1238, #2610, #4766, .T. ) ;
#1251 = CARTESIAN_POINT ( 'NONE',  ( 1.338300807568872042, -0.7726683315065906443, 9.616666666666670693 ) ) ;
#1252 = CARTESIAN_POINT ( 'NONE',  ( 1.732050807568878970, 0.9999999999999937828, -8.129166666666662877 ) ) ;
#1253 = CARTESIAN_POINT ( 'NONE',  ( -0.8922005383792489530, -1.545336663013171741, 20.64166666666666927 ) ) ;
#1254 = CARTESIAN_POINT ( 'NONE',  ( 2.540915431667391644, 1.997103406676508541, 19.83555496543125685 ) ) ;
#1255 = CARTESIAN_POINT ( 'NONE',  ( 3.784983195928328398E-16, 1.545336663013189504, 10.55000000000002203 ) ) ;
#1256 = CARTESIAN_POINT ( 'NONE',  ( -1.784401076758511673, -4.675473884461963252E-15, -1.187499999999997558 ) ) ;
#1257 = CYLINDRICAL_SURFACE ( 'NONE', #4621, 2.000000000000000000 ) ;
#1258 = CARTESIAN_POINT ( 'NONE',  ( 1.338300807568883588, -0.7726683315065943081, -3.083333333333331261 ) ) ;
#1259 = LINE ( 'NONE', #822, #6453 ) ;
#1260 = CARTESIAN_POINT ( 'NONE',  ( -0.8922005383792481759, 1.545336663013156420, 12.62083333333334068 ) ) ;
#1261 = CARTESIAN_POINT ( 'NONE',  ( -1.338300807568883810, -0.7726683315065934199, -7.429166666666663588 ) ) ;
#1262 = ORIENTED_EDGE ( 'NONE', *, *, #2913, .F. ) ;
#1263 = CARTESIAN_POINT ( 'NONE',  ( -1.338300807568884032, 0.7726683315065839830, -4.833333333333331261 ) ) ;
#1264 = DIRECTION ( 'NONE',  ( 0.000000000000000000, 1.000000000000000000, 0.000000000000000000 ) ) ;
#1265 = CARTESIAN_POINT ( 'NONE',  ( -1.338300807568884032, 0.7726683315065838720, -6.933333333333330906 ) ) ;
#1266 = CARTESIAN_POINT ( 'NONE',  ( -1.176575538379253105, 2.037888611415564544, 17.19270833333334281 ) ) ;
#1267 = CARTESIAN_POINT ( 'NONE',  ( -1.784401076758496574, -7.756815644250031206E-15, 17.72500000000000497 ) ) ;
#1268 = ORIENTED_EDGE ( 'NONE', *, *, #5120, .F. ) ;
#1269 = CARTESIAN_POINT ( 'NONE',  ( 1.784401076758511895, -5.096452608632635579E-15, -0.9249999999999970468 ) ) ;
#1270 = CARTESIAN_POINT ( 'NONE',  ( 0.000000000000000000, 2.037888611415571205, -1.034375000000000488 ) ) ;
#1271 = FACE_OUTER_BOUND ( 'NONE', #5579, .T. ) ;
#1272 = CARTESIAN_POINT ( 'NONE',  ( -1.732050807568876305, -1.000000000000006661, 11.74583333333333712 ) ) ;
#1273 = CARTESIAN_POINT ( 'NONE',  ( -0.2303275560629434449, -1.702025292655569899, 19.38282772189758063 ) ) ;
#1274 = CARTESIAN_POINT ( 'NONE',  ( 1.338300807568872042, -0.7726683315065906443, 12.32916666666667282 ) ) ;
#1275 = LINE ( 'NONE', #1805, #3120 ) ;
#1276 = CARTESIAN_POINT ( 'NONE',  ( 2.353151076758506655, -8.298345537711768183E-15, 17.70312500000000355 ) ) ;
#1277 = CARTESIAN_POINT ( 'NONE',  ( 1.338300807568872042, -0.7726683315065906443, 14.42916666666673642 ) ) ;
#1278 = CARTESIAN_POINT ( 'NONE',  ( 0.000000000000000000, 5.246303815928974609E-16, -9.500000000000000000 ) ) ;
#1279 = CARTESIAN_POINT ( 'NONE',  ( 1.732050807568881190, -1.000000000000011324, 14.86666666666666892 ) ) ;
#1280 =( BOUNDED_CURVE ( )  B_SPLINE_CURVE ( 2, ( #3158, #3191, #4669, #699, #6332, #5802, #2723, #2227, #2656, #665, #2689, #2260, #4735, #106, #4271, #6269, #176, #6298, #1689, #3727, #4305, #2121, #1623, #4701, #336, #2390, #4369, #1393, #276, #3361, #860, #4897, #4929, #4435, #3427, #4469, #2885, #1794, #4837, #2294, #5462, #6398, #826, #3391, #4338, #2325, #894, #2356, #5394, #1825, #4866, #4401, #372, #5933, #3832, #1362, #5361, #3898, #3863, #5425, #6502, #5900, #307, #6431, #1860, #5327, #2853, #5868, #1328, #6469, #1890, #5834, #6367, #797, #407, #3933, #1294, #5965, #3328, #2924, #1263, #3296, #2821, #4968, #2427, #1921, #766, #2785, #929, #3461, #3963, #5497, #6000, #1428, #1225, #3890, #4830, #4923, #6362, #3255, #4364, #330, #3354, #3754, #2253, #3290, #364, #1786, #6326, #2320, #1258, #1818, #5796, #5893, #5320, #5389, #5289, #1755, #4393, #727, #791, #302, #2878, #1289, #5926, #5352, #2749, #1355, #270, #2382, #5862, #4795, #3321, #2289, #2846, #821, #4892, #4424, #2815, #2778, #4297, #2350, #3384, #760, #4861 ),
 .UNSPECIFIED., .F., .F. ) 
 B_SPLINE_CURVE_WITH_KNOTS ( ( 3, 2, 2, 2, 2, 2, 2, 2, 2, 2, 2, 2, 2, 2, 2, 2, 2, 2, 2, 2, 2, 2, 2, 2, 2, 2, 2, 2, 2, 2, 2, 2, 2, 2, 2, 2, 2, 2, 2, 2, 2, 2, 2, 2, 2, 2, 2, 2, 2, 2, 2, 2, 2, 2, 2, 2, 2, 2, 2, 2, 2, 2, 2, 2, 2, 2, 2, 2, 2, 2, 2, 2, 3 ),
 ( 0.03571428571428566373, 0.04761904761904756783, 0.05952380952380947193, 0.07142857142857136910, 0.08333333333333328707, 0.09523809523809517730, 0.1071428571428570953, 0.1190476190476189855, 0.1309523809523809035, 0.1428571428571427937, 0.1547619047619047117, 0.1666666666666666019, 0.1785714285714285199, 0.1904761904761904379, 0.2023809523809523558, 0.2142857142857142183, 0.2261904761904761363, 0.2380952380952380543, 0.2499999999999999722, 0.2619047619047619180, 0.2738095238095237804, 0.2857142857142856429, 0.2976190476190475609, 0.3095238095238094789, 0.3214285714285713969, 0.3333333333333332593, 0.3452380952380951773, 0.3571428571428570398, 0.3690476190476190133, 0.3809523809523808757, 0.3928571428571427937, 0.4047619047619047117, 0.4166666666666666297, 0.4285714285714285476, 0.4404761904761904101, 0.4523809523809523281, 0.4642857142857142461, 0.4761904761904761085, 0.4880952380952380265, 0.4999999999999998890, 0.5119047619047618625, 0.5238095238095238360, 0.5357142857142856984, 0.5476190476190476719, 0.5595238095238095344, 0.5714285714285713969, 0.5833333333333333703, 0.5952380952380952328, 0.6071428571428570953, 0.6190476190476190688, 0.6309523809523809312, 0.6428571428571429047, 0.6547619047619047672, 0.6666666666666666297, 0.6785714285714284921, 0.6904761904761904656, 0.7023809523809523281, 0.7142857142857143016, 0.7261904761904761640, 0.7380952380952382486, 0.7500000000000000000, 0.7619047619047617514, 0.7738095238095238360, 0.7857142857142856984, 0.7976190476190476719, 0.8095238095238095344, 0.8214285714285715079, 0.8333333333333333703, 0.8452380952380952328, 0.8571428571428570953, 0.8690476190476190688, 0.8809523809523809312, 0.8886611043329737392 ),
 .UNSPECIFIED. ) 
 CURVE ( )  GEOMETRIC_REPRESENTATION_ITEM ( )  RATIONAL_B_SPLINE_CURVE ( ( 1.000000000000000444, 0.8660254037844380415, 1.000000000000000000, 0.8660254037844387076, 1.000000000000000000, 0.8660254037844387076, 1.000000000000000000, 0.8660254037844387076, 1.000000000000000000, 0.8660254037844387076, 1.000000000000000000, 0.8660254037844387076, 1.000000000000000000, 0.8660254037844387076, 1.000000000000000000, 0.8660254037844387076, 1.000000000000000000, 0.8660254037844387076, 1.000000000000000000, 0.8660254037844387076, 1.000000000000000000, 0.8660254037844387076, 1.000000000000000000, 0.8660254037844387076, 1.000000000000000000, 0.8660254037844387076, 1.000000000000000000, 0.8660254037844387076, 1.000000000000000000, 0.8660254037844387076, 1.000000000000000000, 0.8660254037844387076, 1.000000000000000000, 0.8660254037844387076, 1.000000000000000000, 0.8660254037844387076, 1.000000000000000000, 0.8660254037844387076, 1.000000000000000000, 0.8660254037844387076, 1.000000000000000000, 0.8660254037844387076, 1.000000000000000000, 0.8660254037844387076, 1.000000000000000000, 0.8660254037844387076, 1.000000000000000000, 0.8660254037844387076, 1.000000000000000000, 0.8660254037844387076, 1.000000000000000000, 0.8660254037844387076, 1.000000000000000000, 0.8660254037844387076, 1.000000000000000000, 0.8660254037844387076, 1.000000000000000000, 0.8660254037844387076, 1.000000000000000000, 0.8660254037844387076, 1.000000000000000000, 0.8660254037844387076, 1.000000000000000000, 0.8660254037844387076, 1.000000000000000000, 0.8660254037844387076, 1.000000000000000000, 0.8660254037844387076, 1.000000000000000000, 0.8660254037844387076, 1.000000000000000000, 0.8660254037844387076, 1.000000000000000000, 0.8660254037844387076, 1.000000000000000000, 0.8660254037844387076, 1.000000000000000000, 0.8660254037844387076, 1.000000000000000000, 0.8660254037844387076, 1.000000000000000000, 0.8660254037844387076, 1.000000000000000000, 0.8660254037844387076, 1.000000000000000000, 0.8660254037844387076, 1.000000000000000000, 0.8660254037844387076, 1.000000000000000000, 0.8660254037844387076, 1.000000000000000000, 0.8660254037844387076, 1.000000000000000000, 0.8660254037844387076, 1.000000000000000000, 0.8660254037844387076, 1.000000000000000000, 0.8660254037844387076, 1.000000000000000000, 0.8660254037844387076, 1.000000000000000000, 0.8660254037844387076, 1.000000000000000000, 0.8660254037844387076, 1.000000000000000000, 0.8660254037844387076, 1.000000000000000000, 0.8660254037844387076, 1.000000000000000000, 0.8660254037844387076, 1.000000000000000000, 0.8660254037844387076, 1.000000000000000000, 0.8660254037844387076, 1.000000000000000000, 0.8660254037844387076, 1.000000000000000000, 0.8660254037844387076, 1.000000000000000000, 0.8660254037844387076, 1.000000000000000000, 0.8660254037844387076, 1.000000000000000000, 0.8660254037844387076, 1.000000000000000000, 0.8660254037844387076, 1.000000000000000000, 0.8660254037844387076, 1.000000000000000000, 0.8660254037844387076, 1.000000000000000000, 0.8660254037844387076, 1.000000000000000000, 0.8660254037844387076, 1.000000000000000000, 0.8660254037844387076, 1.000000000000000000, 0.8660254037844387076, 1.000000000000000000, 0.8660254037844387076, 1.000000000000000000, 0.8660254037844387076, 1.000000000000000000, 0.9132470594108007544, 0.9388448616260642865 ) ) 
 REPRESENTATION_ITEM ( '' )  );
#1281 = CARTESIAN_POINT ( 'NONE',  ( -1.892491597964123277E-16, -1.545336663013171963, 9.500000000000003553 ) ) ;
#1282 = CARTESIAN_POINT ( 'NONE',  ( -1.732050807568896955, -1.000000000000015765, -2.179166666666676022 ) ) ;
#1283 = CARTESIAN_POINT ( 'NONE',  ( 3.784983195928247540E-16, 1.545336663013156642, 18.25000000000000355 ) ) ;
#1284 = DIRECTION ( 'NONE',  ( -0.000000000000000000, 1.059903591714612962E-16, -1.000000000000000000 ) ) ;
#1285 = CARTESIAN_POINT ( 'NONE',  ( -1.784401076758534765, -7.756815644250028050E-15, 12.82500000000002238 ) ) ;
#1286 = EDGE_CURVE ( 'NONE', #4174, #48, #674, .T. ) ;
#1287 = CARTESIAN_POINT ( 'NONE',  ( 1.338300807568884476, 0.7726683315065827617, -2.179166666666663588 ) ) ;
#1288 = CARTESIAN_POINT ( 'NONE',  ( -1.176575538379256214, -2.037888611415580531, -1.486458333333330772 ) ) ;
#1289 = CARTESIAN_POINT ( 'NONE',  ( 1.784401076758511895, -5.182177884572949078E-15, -2.324999999999997957 ) ) ;
#1290 = CARTESIAN_POINT ( 'NONE',  ( -0.1999452810760478372, -1.535573422993810055, -9.500000000000026645 ) ) ;
#1291 = CARTESIAN_POINT ( 'NONE',  ( -0.8922005383792488420, -1.545336663013171519, 12.85416666666667318 ) ) ;
#1292 = CARTESIAN_POINT ( 'NONE',  ( -1.892491597964139547E-16, -1.545336663013182177, -5.212499999999996803 ) ) ;
#1293 = EDGE_LOOP ( 'NONE', ( #4547, #731, #3605, #5231, #567, #4491, #3732, #4212, #4042, #1107, #801, #3187, #403, #5074, #6467, #6183, #1044, #2908, #951, #2783, #944, #3920, #6076, #3945, #6245, #5987, #5931, #2919 ) ) ;
#1294 = CARTESIAN_POINT ( 'NONE',  ( 1.338300807568884698, 0.7726683315065827617, -5.066666666666664653 ) ) ;
#1295 = DIRECTION ( 'NONE',  ( 1.000000000000000000, 0.000000000000000000, 0.000000000000000000 ) ) ;
#1296 = CARTESIAN_POINT ( 'NONE',  ( 1.764863307568879547, -1.018944305707794928, 12.70104166666667211 ) ) ;
#1297 = CARTESIAN_POINT ( 'NONE',  ( 3.784983195928246554E-16, 1.545336663013156420, 16.85000000000000497 ) ) ;
#1298 = ORIENTED_EDGE ( 'NONE', *, *, #2461, .F. ) ;
#1299 = CARTESIAN_POINT ( 'NONE',  ( 1.784401076758511673, -5.562583796558095606E-15, -8.537499999999996092 ) ) ;
#1300 = CARTESIAN_POINT ( 'NONE',  ( -1.156333160828626694, 2.037888611415571205, -0.9770452616918944289 ) ) ;
#1301 = CARTESIAN_POINT ( 'NONE',  ( -2.449293598294712824E-16, -2.000000000000012879, 16.85000000000000497 ) ) ;
#1302 = CARTESIAN_POINT ( 'NONE',  ( -1.338300807568883810, 0.7726683315065836499, -7.545833333333329840 ) ) ;
#1303 = CARTESIAN_POINT ( 'NONE',  ( -1.732050807568891626, 1.000000000000000888, 9.529166666666680996 ) ) ;
#1304 = B_SPLINE_CURVE_WITH_KNOTS ( 'NONE', 3,
 ( #2854, #2391, #2357, #3964, #4436, #3899 ),
 .UNSPECIFIED., .F., .F.,
 ( 4, 2, 4 ),
 ( 0.01901584863032852041, 0.01972593897548854946, 0.02043602932064858199 ),
 .UNSPECIFIED. ) ;
#1305 = CARTESIAN_POINT ( 'NONE',  ( 1.338300807568872042, -0.7726683315065906443, 8.829166666666672825 ) ) ;
#1306 = FACE_OUTER_BOUND ( 'NONE', #4248, .T. ) ;
#1307 = CARTESIAN_POINT ( 'NONE',  ( 1.764863307568880879, 1.018944305707776943, 19.16145833333333570 ) ) ;
#1308 = VECTOR ( 'NONE', #3847, 1000.000000000000000 ) ;
#1309 = CARTESIAN_POINT ( 'NONE',  ( 0.8922005383792477318, -1.545336663013172407, 10.17083333333340178 ) ) ;
#1310 = CARTESIAN_POINT ( 'NONE',  ( -0.8922005383792672717, 1.545336663013189504, 17.60833333333335915 ) ) ;
#1311 = CARTESIAN_POINT ( 'NONE',  ( 1.732050807569093909, 1.000000000000115463, 9.995833333333481008 ) ) ;
#1312 = CARTESIAN_POINT ( 'NONE',  ( -0.6740732469144437022, 1.633266452875388852, 8.490752690732890073 ) ) ;
#1313 = VECTOR ( 'NONE', #3531, 1000.000000000000000 ) ;
#1314 = CARTESIAN_POINT ( 'NONE',  ( 2.744999999989667483, 1.879275126218194369, 0.2232411399046296818 ) ) ;
#1315 = CARTESIAN_POINT ( 'NONE',  ( -1.784401076758496796, -7.756815644250031206E-15, 17.72500000000000497 ) ) ;
#1316 = PLANE ( 'NONE',  #6437 ) ;
#1317 = CARTESIAN_POINT ( 'NONE',  ( 1.338300807568872042, -0.7726683315065906443, 18.62916666666673748 ) ) ;
#1318 = CARTESIAN_POINT ( 'NONE',  ( -1.892491597964139794E-16, -1.545336663013182177, -1.712499999999997025 ) ) ;
#1319 = CARTESIAN_POINT ( 'NONE',  ( -1.764863307568883322, -1.018944305707792264, -2.244791666666663854 ) ) ;
#1320 = VECTOR ( 'NONE', #2441, 1000.000000000000000 ) ;
#1321 = CARTESIAN_POINT ( 'NONE',  ( -2.330000000000000071, 2.255196484945655850E-16, 20.00000000000000000 ) ) ;
#1322 = CARTESIAN_POINT ( 'NONE',  ( -1.892491597964140040E-16, -1.545336663013183065, -9.499999999999998224 ) ) ;
#1323 = EDGE_CURVE ( 'NONE', #50, #1408, #2111, .T. ) ;
#1324 = CARTESIAN_POINT ( 'NONE',  ( -1.338300807568872708, -0.7726683315065896451, 12.09583333333334032 ) ) ;
#1325 = CARTESIAN_POINT ( 'NONE',  ( -1.338300807568883588, 0.7726683315065838720, -3.345833333333330106 ) ) ;
#1326 = VERTEX_POINT ( 'NONE', #3905 ) ;
#1327 = ADVANCED_FACE ( 'NONE', ( #2363 ), #6438, .T. ) ;
#1328 = CARTESIAN_POINT ( 'NONE',  ( -1.338300807568884032, 0.7726683315065838720, -5.533333333333331439 ) ) ;
#1329 = CARTESIAN_POINT ( 'NONE',  ( 1.596914670282484350, -0.4101588512164852096, 19.30598616548714119 ) ) ;
#1330 = CARTESIAN_POINT ( 'NONE',  ( -2.495693764988925127E-16, -2.037888611415580531, 16.08437500000000497 ) ) ;
#1331 = CIRCLE ( 'NONE', #2179, 1.999999999999998668 ) ;
#1332 = VERTEX_POINT ( 'NONE', #6508 ) ;
#1333 = CARTESIAN_POINT ( 'NONE',  ( 0.8922005383792552813, -1.545336663013183065, -8.654166666666663232 ) ) ;
#1334 = EDGE_CURVE ( 'NONE', #58, #863, #4202, .T. ) ;
#1335 = CARTESIAN_POINT ( 'NONE',  ( -1.764863307568883322, -1.018944305707792486, -2.901041666666668295 ) ) ;
#1336 = CARTESIAN_POINT ( 'NONE',  ( 1.732050807568955131, -1.000000000000051292, -6.145833333333382775 ) ) ;
#1337 = CARTESIAN_POINT ( 'NONE',  ( -0.8922005383792557254, 1.545336663013172407, -6.904166666666663232 ) ) ;
#1338 = PLANE ( 'NONE',  #2522 ) ;
#1339 = CARTESIAN_POINT ( 'NONE',  ( 1.784401076758496574, -8.193867857659506841E-15, 8.887500000000006395 ) ) ;
#1340 = CARTESIAN_POINT ( 'NONE',  ( 1.194062174074143279, -1.591583933732624745, -1.390089981532627750 ) ) ;
#1341 = CARTESIAN_POINT ( 'NONE',  ( 1.176575538379252661, -2.037888611415580975, 12.68645833333333606 ) ) ;
#1342 = ORIENTED_EDGE ( 'NONE', *, *, #1443, .F. ) ;
#1343 = CARTESIAN_POINT ( 'NONE',  ( 2.745000000000000107, -1.879275126212233804, 0.2232411399076054404 ) ) ;
#1344 = ORIENTED_EDGE ( 'NONE', *, *, #6227, .F. ) ;
#1345 = CARTESIAN_POINT ( 'NONE',  ( -1.732050807568881856, -1.000000000000009992, 10.43333333333333357 ) ) ;
#1346 = CARTESIAN_POINT ( 'NONE',  ( 0.8922005383792477318, -1.545336663013172407, 19.97083333333333854 ) ) ;
#1347 = DIRECTION ( 'NONE',  ( 0.000000000000000000, -1.000000000000000000, 0.000000000000000000 ) ) ;
#1348 = CARTESIAN_POINT ( 'NONE',  ( 0.8922005383792478428, -1.545336663013172851, 19.35833333333333783 ) ) ;
#1349 = ORIENTED_EDGE ( 'NONE', *, *, #444, .F. ) ;
#1350 = CARTESIAN_POINT ( 'NONE',  ( -2.999999999999999556, 6.062442030013295843E-14, 19.96535898384949448 ) ) ;
#1351 = B_SPLINE_CURVE_WITH_KNOTS ( 'NONE', 3,
 ( #991, #467, #857, #1886, #923, #3488 ),
 .UNSPECIFIED., .F., .F.,
 ( 4, 2, 4 ),
 ( 0.01267087989884375238, 0.01339428121230088788, 0.01411768252575802338 ),
 .UNSPECIFIED. ) ;
#1352 = CARTESIAN_POINT ( 'NONE',  ( 1.338300807568900908, -0.7726683315066071867, 9.616666666666690233 ) ) ;
#1353 = CARTESIAN_POINT ( 'NONE',  ( 4.898587196589425648E-16, 1.999999999999997335, 17.19999999999999929 ) ) ;
#1354 = CARTESIAN_POINT ( 'NONE',  ( 1.176575538379254882, -2.037888611415580975, -2.769791666666663321 ) ) ;
#1355 = CARTESIAN_POINT ( 'NONE',  ( -0.8922005383792559474, 1.545336663013172851, -2.091666666666664565 ) ) ;
#1356 = CARTESIAN_POINT ( 'NONE',  ( -1.677041544362278591, 0.7781712646029513847, 19.51519230122632820 ) ) ;
#1357 = CARTESIAN_POINT ( 'NONE',  ( -1.338300807568872708, -0.7726683315065896451, 13.49583333333333890 ) ) ;
#1358 = CARTESIAN_POINT ( 'NONE',  ( 1.108701077235713317, 1.284704832728709833, 8.900000000000000355 ) ) ;
#1359 = CARTESIAN_POINT ( 'NONE',  ( 0.8922005383792566136, 1.545336663013171963, -2.120833333333330462 ) ) ;
#1360 = ORIENTED_EDGE ( 'NONE', *, *, #2224, .F. ) ;
#1361 =( BOUNDED_CURVE ( )  B_SPLINE_CURVE ( 2, ( #2146, #4190, #5278, #6199, #162, #6226, #3716 ),
 .UNSPECIFIED., .F., .T. ) 
 B_SPLINE_CURVE_WITH_KNOTS ( ( 3, 2, 2, 3 ),
 ( 0.07680054385886349311, 0.07889053221366099100, 0.08098052056845847502, 0.08307050892325594516 ),
 .UNSPECIFIED. ) 
 CURVE ( )  GEOMETRIC_REPRESENTATION_ITEM ( )  RATIONAL_B_SPLINE_CURVE ( ( 0.9999999999999512612, 0.8660254037844874464, 1.000000000000000000, 0.8660254037844387076, 1.000000000000000000, 0.8660254037843775343, 1.000000000000061284 ) ) 
 REPRESENTATION_ITEM ( '' )  );
#1362 = CARTESIAN_POINT ( 'NONE',  ( -0.8922005383792559474, 1.545336663013172407, -6.291666666666665186 ) ) ;
#1363 = CARTESIAN_POINT ( 'NONE',  ( 1.732050807568877637, 0.9999999999999904521, 14.19583333333333641 ) ) ;
#1364 = CARTESIAN_POINT ( 'NONE',  ( -1.176575538379253105, 2.037888611415564544, 14.39270833333334032 ) ) ;
#1365 = VERTEX_POINT ( 'NONE', #3026 ) ;
#1366 = CARTESIAN_POINT ( 'NONE',  ( 1.338300807568884476, 0.7726683315065823177, -9.179166666666663588 ) ) ;
#1367 = ADVANCED_FACE ( 'NONE', ( #2089 ), #3631, .T. ) ;
#1368 = CARTESIAN_POINT ( 'NONE',  ( -1.338300807568884032, -0.7726683315065936419, -8.916666666666664298 ) ) ;
#1369 = CARTESIAN_POINT ( 'NONE',  ( 2.754172377628038194E-11, -2.000000000000003553, 18.86250000000139693 ) ) ;
#1370 = CARTESIAN_POINT ( 'NONE',  ( 1.338300807568884476, 0.7726683315065824287, -8.479166666666662522 ) ) ;
#1371 = CARTESIAN_POINT ( 'NONE',  ( 6.000102920172667975E-13, 1.999999999999997335, 9.412499999999980105 ) ) ;
#1372 = CARTESIAN_POINT ( 'NONE',  ( 1.338300807568873152, 0.7726683315065731028, 8.945833333333339965 ) ) ;
#1373 = CARTESIAN_POINT ( 'NONE',  ( 1.764863307568880879, 1.018944305707776943, 14.96145833333333641 ) ) ;
#1374 = ORIENTED_EDGE ( 'NONE', *, *, #3976, .T. ) ;
#1375 = CARTESIAN_POINT ( 'NONE',  ( -2.744999999989667483, -1.879275126218200143, 0.2232411399046287104 ) ) ;
#1376 = DIRECTION ( 'NONE',  ( 0.000000000000000000, 0.000000000000000000, 1.000000000000000000 ) ) ;
#1377 = ORIENTED_EDGE ( 'NONE', *, *, #2126, .F. ) ;
#1378 = CARTESIAN_POINT ( 'NONE',  ( 1.732050807568875195, -1.000000000000007772, 15.47916666666667318 ) ) ;
#1379 = CARTESIAN_POINT ( 'NONE',  ( -1.338300807568872708, -0.7726683315065896451, 19.09583333333333854 ) ) ;
#1380 = CARTESIAN_POINT ( 'NONE',  ( -1.892491597964123770E-16, -1.545336663013172185, 15.80000000000000071 ) ) ;
#1381 = VERTEX_POINT ( 'NONE', #3059 ) ;
#1382 = CARTESIAN_POINT ( 'NONE',  ( -2.449293598294711345E-16, -2.000000000000008882, -4.949999999999997513 ) ) ;
#1383 = FACE_OUTER_BOUND ( 'NONE', #2051, .T. ) ;
#1384 = CARTESIAN_POINT ( 'NONE',  ( 1.154700538379253905, 1.999999999999997113, -3.870833333333332682 ) ) ;
#1385 = CARTESIAN_POINT ( 'NONE',  ( -1.176575538379256214, -2.037888611415580531, -0.7864583333333300397 ) ) ;
#1386 = CARTESIAN_POINT ( 'NONE',  ( 2.449293598294704442E-16, -1.999999999999997780, -9.500000000000000000 ) ) ;
#1387 = CARTESIAN_POINT ( 'NONE',  ( -1.892491597964139547E-16, -1.545336663013182399, -9.412499999999997868 ) ) ;
#1388 = CARTESIAN_POINT ( 'NONE',  ( 0.8922005383792491751, 1.545336663013155754, 12.50416666666667531 ) ) ;
#1389 = EDGE_LOOP ( 'NONE', ( #1360, #2825, #4709, #85, #5012, #2425, #311, #4526, #6078, #461, #5170, #3981, #6021, #1506, #1620, #5268, #3037, #2643, #3803, #515, #2868, #5332, #5139, #1553, #2531, #5358, #83, #2369, #4918, #3165, #1667, #3265, #4947, #3043, #872, #3031, #2542 ) ) ;
#1390 = CARTESIAN_POINT ( 'NONE',  ( -2.744999999999999662, 1.879275126212228031, 0.2232411399076060510 ) ) ;
#1391 = CARTESIAN_POINT ( 'NONE',  ( -1.338300807568883588, 0.7726683315065838720, -1.945833333333330639 ) ) ;
#1392 = ORIENTED_EDGE ( 'NONE', *, *, #5610, .F. ) ;
#1393 = CARTESIAN_POINT ( 'NONE',  ( 1.784401076758511895, -5.525078988334207809E-15, -7.924999999999998046 ) ) ;
#1394 = CARTESIAN_POINT ( 'NONE',  ( 1.510871877966003529, -0.3401074612786556539, 8.900000000000003908 ) ) ;
#1395 = CARTESIAN_POINT ( 'NONE',  ( -2.495693764988925127E-16, -2.037888611415580531, 13.28437500000000782 ) ) ;
#1396 = CARTESIAN_POINT ( 'NONE',  ( -1.338300807568884032, -0.7726683315065933089, -1.916666666666663854 ) ) ;
#1397 = CARTESIAN_POINT ( 'NONE',  ( 0.000000000000000000, 1.545336663013172407, -5.649999999999997691 ) ) ;
#1398 = CARTESIAN_POINT ( 'NONE',  ( -2.449293598294712824E-16, -2.000000000000012879, 16.15000000000000213 ) ) ;
#1399 = CARTESIAN_POINT ( 'NONE',  ( 0.8922005383792552813, -1.545336663013183065, -8.654166666666665009 ) ) ;
#1400 = LINE ( 'NONE', #3435, #2314 ) ;
#1401 = CARTESIAN_POINT ( 'NONE',  ( 3.784983195928246554E-16, 1.545336663013156420, 9.762500000000006395 ) ) ;
#1402 = CARTESIAN_POINT ( 'NONE',  ( 1.268820790547635191, 1.300113192020958319, -1.294862208227241407 ) ) ;
#1403 = CARTESIAN_POINT ( 'NONE',  ( -1.176575538379253105, 2.037888611415564544, 13.03645833333333748 ) ) ;
#1404 = ADVANCED_FACE ( 'NONE', ( #5036 ), #3498, .F. ) ;
#1405 = ORIENTED_EDGE ( 'NONE', *, *, #2015, .T. ) ;
#1406 = CARTESIAN_POINT ( 'NONE',  ( -2.449293598294697540E-16, -1.999999999999997780, -7.662499999999993427 ) ) ;
#1407 = DIRECTION ( 'NONE',  ( 0.000000000000000000, 1.000000000000000000, 0.000000000000000000 ) ) ;
#1408 = VERTEX_POINT ( 'NONE', #1526 ) ;
#1409 = CARTESIAN_POINT ( 'NONE',  ( 1.176575538379254882, -2.037888611415581863, -8.326041666666668561 ) ) ;
#1410 = CARTESIAN_POINT ( 'NONE',  ( 0.8922005383792491751, 1.545336663013155754, 9.091666666666670338 ) ) ;
#1411 = CARTESIAN_POINT ( 'NONE',  ( -2.309401076758505145, -5.050521966700840432E-15, -7.837499999999998579 ) ) ;
#1412 = ADVANCED_FACE ( 'NONE', ( #4137 ), #3, .T. ) ;
#1413 = CARTESIAN_POINT ( 'NONE',  ( 0.8922005383792478428, -1.545336663013172851, 17.25833333333333997 ) ) ;
#1414 = CIRCLE ( 'NONE', #5562, 1.999999999999997780 ) ;
#1415 = VERTEX_POINT ( 'NONE', #3564 ) ;
#1416 = CARTESIAN_POINT ( 'NONE',  ( -2.999999999999999112, 1.204079592647832930, 19.83502253847032293 ) ) ;
#1417 = CARTESIAN_POINT ( 'NONE',  ( -1.338300807568901352, -0.7726683315066062985, 9.383333333333355952 ) ) ;
#1418 = CARTESIAN_POINT ( 'NONE',  ( -2.449293598294699019E-16, -1.999999999999999112, -4.162499999999994316 ) ) ;
#1419 = FACE_OUTER_BOUND ( 'NONE', #1997, .T. ) ;
#1420 = EDGE_CURVE ( 'NONE', #6549, #5540, #5099, .T. ) ;
#1421 = CIRCLE ( 'NONE', #147, 2.000000000000000000 ) ;
#1422 = CARTESIAN_POINT ( 'NONE',  ( 2.309401076758508697, -8.290308793092364557E-15, 13.52500000000000213 ) ) ;
#1423 = CARTESIAN_POINT ( 'NONE',  ( -1.892491597964123770E-16, -1.545336663013172185, 8.800000000000004263 ) ) ;
#1424 = CARTESIAN_POINT ( 'NONE',  ( -1.784401076758496574, -7.756815644250031206E-15, 9.937500000000007105 ) ) ;
#1425 = CARTESIAN_POINT ( 'NONE',  ( 2.309401076758502924, -8.290308793092361401E-15, 18.33750000000000568 ) ) ;
#1426 = CARTESIAN_POINT ( 'NONE',  ( 1.784401076758511451, -5.262545330766994808E-15, -3.637499999999997069 ) ) ;
#1427 = ORIENTED_EDGE ( 'NONE', *, *, #3070, .F. ) ;
#1428 = CARTESIAN_POINT ( 'NONE',  ( -1.784401076758511895, -4.852282266088861964E-15, -4.074999999999997513 ) ) ;
#1429 = CARTESIAN_POINT ( 'NONE',  ( 1.338300807568873152, 0.7726683315065731028, 18.74583333333334068 ) ) ;
#1430 = CARTESIAN_POINT ( 'NONE',  ( 4.991387529977850254E-16, 2.037888611415564544, 14.33437500000000675 ) ) ;
#1431 = CARTESIAN_POINT ( 'NONE',  ( 0.000000000000000000, 1.545336663013172407, -6.262499999999997513 ) ) ;
#1432 = CARTESIAN_POINT ( 'NONE',  ( -1.784401076758511895, -4.938007542029177041E-15, -5.474999999999997868 ) ) ;
#1433 = FACE_OUTER_BOUND ( 'NONE', #1144, .T. ) ;
#1434 = CARTESIAN_POINT ( 'NONE',  ( -1.892491597964139794E-16, -1.545336663013182621, -9.412499999999997868 ) ) ;
#1435 = CARTESIAN_POINT ( 'NONE',  ( 2.821211540037495524, 1.835274373056227315, 19.75480256142321167 ) ) ;
#1436 = LINE ( 'NONE', #449, #1313 ) ;
#1437 = CARTESIAN_POINT ( 'NONE',  ( -1.764863307568879991, 1.018944305707778719, 13.09479166666666927 ) ) ;
#1438 = ORIENTED_EDGE ( 'NONE', *, *, #2259, .T. ) ;
#1439 = CARTESIAN_POINT ( 'NONE',  ( 1.784401076758496352, -8.193867857659506841E-15, 9.587500000000069633 ) ) ;
#1440 = DIRECTION ( 'NONE',  ( 0.000000000000000000, 1.000000000000000000, 0.000000000000000000 ) ) ;
#1441 = ORIENTED_EDGE ( 'NONE', *, *, #2918, .F. ) ;
#1442 = CARTESIAN_POINT ( 'NONE',  ( -2.495693764988929564E-16, -2.037888611415581419, -7.684375000000001066 ) ) ;
#1443 = EDGE_CURVE ( 'NONE', #4634, #5903, #6039, .T. ) ;
#1444 = CARTESIAN_POINT ( 'NONE',  ( 1.338300807568873152, 0.7726683315065731028, 19.44583333333333997 ) ) ;
#1445 = CARTESIAN_POINT ( 'NONE',  ( -1.338300807568872708, 0.7726683315065744351, 14.16666666666667140 ) ) ;
#1446 = VERTEX_POINT ( 'NONE', #1957 ) ;
#1447 = CARTESIAN_POINT ( 'NONE',  ( -1.784401076758496352, -7.756815644250031206E-15, 19.03750000000006892 ) ) ;
#1448 = FACE_OUTER_BOUND ( 'NONE', #6086, .T. ) ;
#1449 = LINE ( 'NONE', #987, #5687 ) ;
#1450 = EDGE_CURVE ( 'NONE', #839, #134, #1646, .T. ) ;
#1451 = CARTESIAN_POINT ( 'NONE',  ( -0.2550000000103322950, 3.316877296488431437, 0.2232411399046302092 ) ) ;
#1452 = DIRECTION ( 'NONE',  ( -0.000000000000000000, 1.059903591714612962E-16, -1.000000000000000000 ) ) ;
#1453 = CARTESIAN_POINT ( 'NONE',  ( -1.176575538379253105, 2.037888611415564544, 20.03645833333333570 ) ) ;
#1454 =( BOUNDED_CURVE ( )  B_SPLINE_CURVE ( 2, ( #4628, #1582, #1614, #4660, #6257 ),
 .UNSPECIFIED., .F., .T. ) 
 B_SPLINE_CURVE_WITH_KNOTS ( ( 3, 2, 3 ),
 ( 0.1959480070481201819, 0.1980340580289578767, 0.1988679481545515548 ),
 .UNSPECIFIED. ) 
 CURVE ( )  GEOMETRIC_REPRESENTATION_ITEM ( )  RATIONAL_B_SPLINE_CURVE ( ( 1.000000000000000000, 0.8660254037844387076, 1.000000000000000000, 0.9464442173797225077, 0.9357058334766694685 ) ) 
 REPRESENTATION_ITEM ( '' )  );
#1455 = CARTESIAN_POINT ( 'NONE',  ( 0.09000270053111533719, 3.385130245852756126, 19.74299748789803033 ) ) ;
#1456 = CARTESIAN_POINT ( 'NONE',  ( -1.764863307568883322, -1.018944305707792486, -7.144791666666663765 ) ) ;
#1457 = ORIENTED_EDGE ( 'NONE', *, *, #4678, .F. ) ;
#1458 = CARTESIAN_POINT ( 'NONE',  ( 1.338300807568873152, 0.7726683315065731028, 20.84583333333334210 ) ) ;
#1459 = CARTESIAN_POINT ( 'NONE',  ( -1.176575538379253105, 2.037888611415564544, 12.29270833333333890 ) ) ;
#1460 = CARTESIAN_POINT ( 'NONE',  ( -1.338300807568883810, 0.7726683315065837609, -6.145833333333330373 ) ) ;
#1461 = CARTESIAN_POINT ( 'NONE',  ( -0.8922005383792558364, 1.545336663013172407, -6.291666666666663410 ) ) ;
#1462 = CARTESIAN_POINT ( 'NONE',  ( -1.732050807569657680, -1.000000000000455413, -8.479166666667182994 ) ) ;
#1463 = CARTESIAN_POINT ( 'NONE',  ( -1.338300807568884032, -0.7726683315065931978, -3.229166666666662966 ) ) ;
#1464 = CARTESIAN_POINT ( 'NONE',  ( -1.154700538378661490, 2.000000000001024958, -1.741666666666725760 ) ) ;
#1465 = DATE_AND_TIME ( #5672, #4092 ) ;
#1466 = CARTESIAN_POINT ( 'NONE',  ( 1.791207293567963488, 0.5175802215224653002, -1.322539859094085557 ) ) ;
#1467 = CARTESIAN_POINT ( 'NONE',  ( -1.764863307568880213, -1.018944305707793596, 11.81145833333333783 ) ) ;
#1468 = ORIENTED_EDGE ( 'NONE', *, *, #2387, .F. ) ;
#1469 = CARTESIAN_POINT ( 'NONE',  ( 1.732050807568901618, -1.000000000000023093, 12.67916666666668846 ) ) ;
#1470 = ORIENTED_EDGE ( 'NONE', *, *, #4717, .F. ) ;
#1471 = CARTESIAN_POINT ( 'NONE',  ( -1.154700538379157093, 2.000000000000160760, 10.87083333333333357 ) ) ;
#1472 = CARTESIAN_POINT ( 'NONE',  ( -1.338300807568872708, -0.7726683315065896451, 16.38333333333333641 ) ) ;
#1473 = CARTESIAN_POINT ( 'NONE',  ( 1.317986653043179857, 1.083680086873420212, 19.37241060461561304 ) ) ;
#1474 = CARTESIAN_POINT ( 'NONE',  ( -1.784401076758496574, -7.756815644250031206E-15, 15.53750000000000497 ) ) ;
#1475 = CARTESIAN_POINT ( 'NONE',  ( 2.309401076758507365, -5.342912776961038171E-15, -3.374999999999998668 ) ) ;
#1476 = CARTESIAN_POINT ( 'NONE',  ( 0.8922005383792492861, 1.545336663013156198, 13.99166666666666892 ) ) ;
#1477 = ORIENTED_EDGE ( 'NONE', *, *, #2126, .T. ) ;
#1478 = DIRECTION ( 'NONE',  ( -0.000000000000000000, 0.000000000000000000, 1.000000000000000000 ) ) ;
#1479 = CARTESIAN_POINT ( 'NONE',  ( 1.784401076758496352, -8.193867857659506841E-15, 16.58750000000006963 ) ) ;
#1480 = CARTESIAN_POINT ( 'NONE',  ( -2.489999999999999325, 1.437602170282164415, -9.165151389911683211 ) ) ;
#1481 = FACE_OUTER_BOUND ( 'NONE', #4301, .T. ) ;
#1482 = CARTESIAN_POINT ( 'NONE',  ( -1.732050807568955131, 1.000000000000040190, -6.495833333333382420 ) ) ;
#1483 = EDGE_CURVE ( 'NONE', #6580, #1010, #4883, .T. ) ;
#1484 = CYLINDRICAL_SURFACE ( 'NONE', #140, 1.999999999999998224 ) ;
#1485 = CARTESIAN_POINT ( 'NONE',  ( -1.176575538379256214, -2.037888611415580975, -8.486458333333329662 ) ) ;
#1486 =( BOUNDED_CURVE ( )  B_SPLINE_CURVE ( 2, ( #2552, #595, #6203, #2046, #172, #5630, #4063 ),
 .UNSPECIFIED., .F., .F. ) 
 B_SPLINE_CURVE_WITH_KNOTS ( ( 3, 2, 2, 3 ),
 ( 0.1395098600093178098, 0.1415998297577136522, 0.1436897995061094668, 0.1457797692545053092 ),
 .UNSPECIFIED. ) 
 CURVE ( )  GEOMETRIC_REPRESENTATION_ITEM ( )  RATIONAL_B_SPLINE_CURVE ( ( 1.000000000000000000, 0.8660254037844387076, 1.000000000000000000, 0.8660254037844387076, 1.000000000000000000, 0.8660254037864676402, 0.9999999999979710674 ) ) 
 REPRESENTATION_ITEM ( '' )  );
#1487 = CARTESIAN_POINT ( 'NONE',  ( 1.338300807568873152, 0.7726683315065731028, 20.14583333333333925 ) ) ;
#1488 = CARTESIAN_POINT ( 'NONE',  ( 1.176575538379254660, 2.037888611415564100, 10.77604166666667318 ) ) ;
#1489 = CARTESIAN_POINT ( 'NONE',  ( -0.8922005383792563915, -1.545336663013181955, -6.670833333333330728 ) ) ;
#1490 = CARTESIAN_POINT ( 'NONE',  ( 0.8922005383792555033, -1.545336663013183287, -5.941666666666664653 ) ) ;
#1491 = DIRECTION ( 'NONE',  ( -0.000000000000000000, 1.059903591714612962E-16, -1.000000000000000000 ) ) ;
#1492 = CARTESIAN_POINT ( 'NONE',  ( -0.8922005383792563915, -1.545336663013181733, -2.470833333333330106 ) ) ;
#1493 = CARTESIAN_POINT ( 'NONE',  ( -2.449293598294711345E-16, -2.000000000000009326, -9.149999999999998579 ) ) ;
#1494 = CARTESIAN_POINT ( 'NONE',  ( -2.353151076758506655, -7.721989750899276899E-15, 20.10937500000000711 ) ) ;
#1495 = CARTESIAN_POINT ( 'NONE',  ( 1.764863307568880879, 1.018944305707776943, 11.46145833333333641 ) ) ;
#1496 = EDGE_LOOP ( 'NONE', ( #71, #3001 ) ) ;
#1497 = DIRECTION ( 'NONE',  ( -0.000000000000000000, -0.000000000000000000, -1.000000000000000000 ) ) ;
#1498 = ORIENTED_EDGE ( 'NONE', *, *, #1565, .F. ) ;
#1499 = CARTESIAN_POINT ( 'NONE',  ( -2.495693764988929564E-16, -2.037888611415581419, -9.084374999999999645 ) ) ;
#1500 = ORIENTED_EDGE ( 'NONE', *, *, #2087, .F. ) ;
#1501 = CARTESIAN_POINT ( 'NONE',  ( 1.338300807568872042, -0.7726683315065906443, 13.81666666666666998 ) ) ;
#1502 = CARTESIAN_POINT ( 'NONE',  ( -1.732050807568881856, -1.000000000000009992, 9.033333333333336768 ) ) ;
#1503 = CARTESIAN_POINT ( 'NONE',  ( -1.892491597964123277E-16, -1.545336663013171963, 15.01250000000000462 ) ) ;
#1504 = DIRECTION ( 'NONE',  ( -0.000000000000000000, 1.059903591714612962E-16, -1.000000000000000000 ) ) ;
#1505 = CARTESIAN_POINT ( 'NONE',  ( -0.8922005383792489530, -1.545336663013171741, 16.44166666666666998 ) ) ;
#1506 = ORIENTED_EDGE ( 'NONE', *, *, #6264, .T. ) ;
#1507 = CARTESIAN_POINT ( 'NONE',  ( 1.154700538378232277, -2.000000000002074785, -2.704166666666863783 ) ) ;
#1508 = CARTESIAN_POINT ( 'NONE',  ( 1.338300807568873152, 0.7726683315065731028, 17.34583333333339894 ) ) ;
#1509 = CARTESIAN_POINT ( 'NONE',  ( -1.154700538385326380, -1.999999999989483745, -7.020833333333944992 ) ) ;
#1510 = CYLINDRICAL_SURFACE ( 'NONE', #3440, 2.000000000000000000 ) ;
#1511 = DIRECTION ( 'NONE',  ( -0.000000000000000000, 1.059903591714612962E-16, -1.000000000000000000 ) ) ;
#1512 = AXIS2_PLACEMENT_3D ( 'NONE', #6520, #1938, #6452 ) ;
#1513 = CARTESIAN_POINT ( 'NONE',  ( -1.338300807568872708, 0.7726683315065744351, 8.566666666666669983 ) ) ;
#1514 = CARTESIAN_POINT ( 'NONE',  ( -0.8922005383792672717, 1.545336663013189504, 16.20833333333335702 ) ) ;
#1515 = CARTESIAN_POINT ( 'NONE',  ( -1.176575538379256214, -2.037888611415580975, -7.786458333333330373 ) ) ;
#1516 = CIRCLE ( 'NONE', #2795, 1.545336663013172629 ) ;
#1517 = EDGE_CURVE ( 'NONE', #1687, #34, #4268, .T. ) ;
#1518 = CARTESIAN_POINT ( 'NONE',  ( -1.732050807568877193, -1.000000000000007327, 14.54583333333333783 ) ) ;
#1519 = CARTESIAN_POINT ( 'NONE',  ( -1.338300807568872708, -0.7726683315065896451, 19.09583333333333854 ) ) ;
#1520 = CARTESIAN_POINT ( 'NONE',  ( 1.764863307568880879, 1.018944305707776943, 12.11770833333333997 ) ) ;
#1521 = ORIENTED_EDGE ( 'NONE', *, *, #2259, .F. ) ;
#1522 = CARTESIAN_POINT ( 'NONE',  ( -0.8922005383792556144, 1.545336663013172407, -6.204166666666663055 ) ) ;
#1523 = CARTESIAN_POINT ( 'NONE',  ( -0.8922005383792558364, 1.545336663013172851, -3.491666666666664920 ) ) ;
#1524 =( BOUNDED_CURVE ( )  B_SPLINE_CURVE ( 2, ( #5246, #4258, #6351, #2770, #654, #1677, #2709, #3715, #4324, #716, #1708, #3744, #5754, #782, #1777, #5785, #3816, #1183, #1215, #2804, #3247, #5277, #1248, #3277, #4881, #3345, #5379, #811, #2837, #1310, #560, #5661, #1651, #4163, #4565, #4629, #3150, #4130, #5729, #3117, #3083, #2011, #5154, #4695, #5628, #6094, #2550, #1090, #130, #98, #2115, #1615, #1126, #1514, #1058, #1159, #3553, #3689, #1583, #5060, #6230, #1024, #2519, #2616, #4593, #5592, #4195, #593, #3050, #5184, #5122, #501, #625, #5091, #27, #3624, #3656, #4661, #6594, #66, #2649, #4061, #2044, #530, #6166, #2080, #6201, #2149, #4095, #6130, #5695, #1548, #3589, #2584, #2187, #1188, #2317, #3720, #200, #4728, #3823, #6359, #299, #3217, #5252, #4360, #4761, #5220, #2250, #4792, #5826, #1285, #2811, #6389, #230, #1783, #2775, #2218, #4232, #691, #1814, #2714, #4858, #3853, #3318, #5858, #5889, #4263, #6290, #3183, #4294, #1713, #6322, #659, #2681, #168, #3751, #5759, #3252, #3286, #6260, #1682, #5792, #5285, #1221, #267, #723, #2745, #1751, #3788, #1255, #5316, #757, #4826, #2285, #5348, #4330, #788, #818, #5923, #4920, #3482, #3452, #359, #2945, #2842, #1352, #1941, #4889, #4954, #1417, #2378, #327, #3351, #916, #3887, #6559, #850, #5486, #3417, #1912 ),
 .UNSPECIFIED., .F., .T. ) 
 B_SPLINE_CURVE_WITH_KNOTS ( ( 3, 2, 2, 2, 2, 2, 2, 2, 2, 2, 2, 2, 2, 2, 2, 2, 2, 2, 2, 2, 2, 2, 2, 2, 2, 2, 2, 2, 2, 2, 2, 2, 2, 2, 2, 2, 2, 2, 2, 2, 2, 2, 2, 2, 2, 2, 2, 2, 2, 2, 2, 2, 2, 2, 2, 2, 2, 2, 2, 2, 2, 2, 2, 2, 2, 2, 2, 2, 2, 2, 2, 2, 2, 2, 2, 2, 2, 2, 2, 2, 2, 2, 2, 2, 2, 2, 2, 2, 2, 2, 3 ),
 ( 0.1466520503491391680, 0.1493276331454800598, 0.1586606102170724508, 0.1679935872886647863, 0.1773265643602571495, 0.1866595414318494850, 0.1959925185034418482, 0.2053254955750341837, 0.2146584726466265747, 0.2239914497182188824, 0.2333244267898112456, 0.2426574038614036088, 0.2519903809329959721, 0.2613233580045882798, 0.2706563350761806985, 0.2799893121477730062, 0.2893222892193654250, 0.2986552662909577327, 0.3079882433625501514, 0.3173212204341424592, 0.3266541975057347669, 0.3359871745773271856, 0.3453201516489194933, 0.3546531287205119121, 0.3639861057921042198, 0.3733190828636965275, 0.3826520599352889462, 0.3919850370068812540, 0.4013180140784736727, 0.4106509911500659804, 0.4199839682216582881, 0.4293169452932507069, 0.4386499223648430146, 0.4479828994364354333, 0.4573158765080277410, 0.4666488535796200487, 0.4759818306512124675, 0.4853148077228047752, 0.4946477847943971939, 0.5039807618659896127, 0.5133137389375819204, 0.5226467160091742281, 0.5319796930807666469, 0.5413126701523590656, 0.5506456472239512623, 0.5599786242955436810, 0.5693116013671359887, 0.5786445784387284075, 0.5879775555103207152, 0.5973105325819130229, 0.6066435096535054416, 0.6159764867250978604, 0.6253094637966900571, 0.6346424408682824758, 0.6439754179398747835, 0.6533083950114672023, 0.6626413720830596210, 0.6719743491546519287, 0.6813073262262443475, 0.6906403032978367662, 0.6999732803694289629, 0.7093062574410213816, 0.7186392345126136894, 0.7279722115842059971, 0.7373051886557984158, 0.7466381657273907235, 0.7559711427989831423, 0.7653041198705755610, 0.7746370969421677577, 0.7839700740137602875, 0.7933030510853525952, 0.8026360281569449029, 0.8119690052285372106, 0.8213019823001295183, 0.8306349593717219371, 0.8399679364433143558, 0.8493009135149065525, 0.8586338905864990823, 0.8679668676580913900, 0.8772998447296836977, 0.8866328218012760054, 0.8959657988728683131, 0.9052987759444608429, 0.9146317530160531506, 0.9239647300876454583, 0.9332977071592378771, 0.9426306842308302958, 0.9519636613024224925, 0.9612966383740149112, 0.9706296154456071079, 0.9720801333596178484 ),
 .UNSPECIFIED. ) 
 CURVE ( )  GEOMETRIC_REPRESENTATION_ITEM ( )  RATIONAL_B_SPLINE_CURVE ( ( 0.9452057826956417053, 0.9615920919947233969, 1.000000000000000000, 0.8660254037844387076, 1.000000000000000000, 0.8660254037844387076, 1.000000000000000000, 0.8660254037844387076, 1.000000000000000000, 0.8660254037844387076, 1.000000000000000000, 0.8660254037844387076, 1.000000000000000000, 0.8660254037844387076, 1.000000000000000000, 0.8660254037844387076, 1.000000000000000000, 0.8660254037844387076, 1.000000000000000000, 0.8660254037844387076, 1.000000000000000000, 0.8660254037844387076, 1.000000000000000000, 0.8660254037844387076, 1.000000000000000000, 0.8660254037844387076, 1.000000000000000000, 0.8660254037844387076, 1.000000000000000000, 0.8660254037844387076, 1.000000000000000000, 0.8660254037844387076, 1.000000000000000000, 0.8660254037844387076, 1.000000000000000000, 0.8660254037844387076, 1.000000000000000000, 0.8660254037844387076, 1.000000000000000000, 0.8660254037844387076, 1.000000000000000000, 0.8660254037844387076, 1.000000000000000000, 0.8660254037844387076, 1.000000000000000000, 0.8660254037844387076, 1.000000000000000000, 0.8660254037844387076, 1.000000000000000000, 0.8660254037844387076, 1.000000000000000000, 0.8660254037844387076, 1.000000000000000000, 0.8660254037844387076, 1.000000000000000000, 0.8660254037844387076, 1.000000000000000000, 0.8660254037844387076, 1.000000000000000000, 0.8660254037844387076, 1.000000000000000000, 0.8660254037844387076, 1.000000000000000000, 0.8660254037844387076, 1.000000000000000000, 0.8660254037844387076, 1.000000000000000000, 0.8660254037844387076, 1.000000000000000000, 0.8660254037844387076, 1.000000000000000000, 0.8660254037844387076, 1.000000000000000000, 0.8660254037844387076, 1.000000000000000000, 0.8660254037844387076, 1.000000000000000000, 0.8660254037844387076, 1.000000000000000000, 0.8660254037844387076, 1.000000000000000000, 0.8660254037844387076, 1.000000000000000000, 0.8660254037844387076, 1.000000000000000000, 0.8660254037844387076, 1.000000000000000000, 0.8660254037844387076, 1.000000000000000000, 0.8660254037844387076, 1.000000000000000000, 0.8660254037844387076, 1.000000000000000000, 0.8660254037844387076, 1.000000000000000000, 0.8660254037844387076, 1.000000000000000000, 0.8660254037844387076, 1.000000000000000000, 0.8660254037844387076, 1.000000000000000000, 0.8660254037844387076, 1.000000000000000000, 0.8660254037844387076, 1.000000000000000000, 0.8660254037844387076, 1.000000000000000000, 0.8660254037844387076, 1.000000000000000000, 0.8660254037844387076, 1.000000000000000000, 0.8660254037844387076, 1.000000000000000000, 0.8660254037844387076, 1.000000000000000000, 0.8660254037844387076, 1.000000000000000000, 0.8660254037844387076, 1.000000000000000000, 0.8660254037844387076, 1.000000000000000000, 0.8660254037844387076, 1.000000000000000000, 0.8660254037844387076, 1.000000000000000000, 0.8660254037844387076, 1.000000000000000000, 0.8660254037844387076, 1.000000000000000000, 0.8660254037844387076, 1.000000000000000000, 0.8660254037844387076, 1.000000000000000000, 0.8660254037844387076, 1.000000000000000000, 0.8660254037844387076, 1.000000000000000000, 0.8660254037844387076, 1.000000000000000000, 0.8660254037844387076, 1.000000000000000000, 0.8660254037844387076, 1.000000000000000000, 0.8660254037844387076, 1.000000000000000000, 0.8660254037844387076, 1.000000000000000000, 0.8660254037844387076, 1.000000000000000000, 0.8660254037844387076, 1.000000000000000000, 0.8660254037844387076, 1.000000000000000000, 0.8660254037844387076, 1.000000000000000000, 0.8660254037844387076, 1.000000000000000000, 0.8660254037844387076, 1.000000000000000000, 0.8660254037844387076, 1.000000000000000000, 0.8660254037844387076, 1.000000000000000000, 0.8660254037844387076, 1.000000000000000000, 0.8660254037844387076, 1.000000000000000000, 0.8660254037844387076, 1.000000000000000000, 0.8660254037844387076, 1.000000000000000000, 0.8660254037844387076, 1.000000000000000000, 0.8660254037844387076, 1.000000000000000000, 0.8660254037844387076, 1.000000000000000000, 0.8660254037844387076, 1.000000000000000000, 0.9791778603609213594, 0.9648280148939661904 ) ) 
 REPRESENTATION_ITEM ( '' )  );
#1525 = EDGE_CURVE ( 'NONE', #5915, #612, #3588, .T. ) ;
#1526 = CARTESIAN_POINT ( 'NONE',  ( -2.449293598294711345E-16, -2.000000000000008882, -2.849999999999999201 ) ) ;
#1527 = CARTESIAN_POINT ( 'NONE',  ( 0.8922005383792567246, 1.545336663013171963, -5.620833333333330017 ) ) ;
#1528 = CARTESIAN_POINT ( 'NONE',  ( 4.898587196589426634E-16, 1.999999999999997780, 15.01250000000000639 ) ) ;
#1529 = DATE_AND_TIME ( #481, #5254 ) ;
#1530 = CARTESIAN_POINT ( 'NONE',  ( -1.176575538379253105, 2.037888611415564544, 19.99270833333334352 ) ) ;
#1531 = CARTESIAN_POINT ( 'NONE',  ( 1.764863307568880879, 1.018944305707776943, 10.76145833333333712 ) ) ;
#1532 = ORIENTED_EDGE ( 'NONE', *, *, #6017, .F. ) ;
#1533 = EDGE_CURVE ( 'NONE', #1995, #839, #507, .T. ) ;
#1534 = CARTESIAN_POINT ( 'NONE',  ( 1.338300807568884254, 0.7726683315065822066, -9.179166666666663588 ) ) ;
#1535 = ORIENTED_EDGE ( 'NONE', *, *, #3153, .F. ) ;
#1536 = CARTESIAN_POINT ( 'NONE',  ( 1.892491597964133631E-16, -1.545336663013173073, -0.3499999999999997558 ) ) ;
#1537 = ORIENTED_EDGE ( 'NONE', *, *, #6545, .F. ) ;
#1538 = CARTESIAN_POINT ( 'NONE',  ( 0.8922005383792491751, 1.545336663013155754, 15.39166666666666927 ) ) ;
#1539 = CARTESIAN_POINT ( 'NONE',  ( 0.000000000000000000, -3.614490210805188206E-16, -1.140000000000000346 ) ) ;
#1540 = CARTESIAN_POINT ( 'NONE',  ( -1.892491597964123277E-16, -1.545336663013171963, 17.81250000000000711 ) ) ;
#1541 = CARTESIAN_POINT ( 'NONE',  ( 1.338300807568873374, 0.7726683315065732138, 13.23333333333333606 ) ) ;
#1542 = ORIENTED_EDGE ( 'NONE', *, *, #3696, .T. ) ;
#1543 = CARTESIAN_POINT ( 'NONE',  ( 4.898587196589425648E-16, 1.999999999999997335, 12.30000000000000249 ) ) ;
#1544 = CARTESIAN_POINT ( 'NONE',  ( -1.892491597964123277E-16, -1.545336663013171963, 15.01250000000006679 ) ) ;
#1545 = CARTESIAN_POINT ( 'NONE',  ( 0.000000000000000000, 1.999999999999998224, -8.712499999999998579 ) ) ;
#1546 = DIRECTION ( 'NONE',  ( -0.8660254037844397068, 0.000000000000000000, 0.4999999999999979461 ) ) ;
#1547 = CARTESIAN_POINT ( 'NONE',  ( -2.939999999999999503, -4.423980136024971440E-15, 20.00000000000000000 ) ) ;
#1548 = CARTESIAN_POINT ( 'NONE',  ( 0.8922005383792682709, 1.545336663013189282, 13.99166666666669023 ) ) ;
#1549 = AXIS2_PLACEMENT_3D ( 'NONE', #1017, #4024, #4558 ) ;
#1550 = CARTESIAN_POINT ( 'NONE',  ( -1.176575538379256214, -2.037888611415580975, -7.086458333333330195 ) ) ;
#1551 = CARTESIAN_POINT ( 'NONE',  ( 0.000000000000000000, 5.246303815928974609E-16, -9.500000000000000000 ) ) ;
#1552 = CARTESIAN_POINT ( 'NONE',  ( 3.784983195928246554E-16, 1.545336663013156420, 18.16250000000000497 ) ) ;
#1553 = ORIENTED_EDGE ( 'NONE', *, *, #5236, .T. ) ;
#1554 = AXIS2_PLACEMENT_3D ( 'NONE', #4606, #3028, #42 ) ;
#1555 = CARTESIAN_POINT ( 'NONE',  ( -1.892491597964139794E-16, -1.545336663013182399, -4.512499999999996625 ) ) ;
#1556 = CARTESIAN_POINT ( 'NONE',  ( -1.338300807568884032, -0.7726683315065934199, -4.016666666666663943 ) ) ;
#1557 = CARTESIAN_POINT ( 'NONE',  ( -1.154700538378662822, 2.000000000001021849, -6.641666666666725227 ) ) ;
#1558 = CARTESIAN_POINT ( 'NONE',  ( -1.338300807568884032, -0.7726683315065931978, -2.529166666666664121 ) ) ;
#1559 = CARTESIAN_POINT ( 'NONE',  ( -1.892491597964140040E-16, -1.545336663013183065, -9.499999999999998224 ) ) ;
#1560 = PERSON_AND_ORGANIZATION ( #3859, #6112 ) ;
#1561 = CARTESIAN_POINT ( 'NONE',  ( -2.309401076758685445, -7.724668665772402501E-15, 13.78750000000009734 ) ) ;
#1562 = CARTESIAN_POINT ( 'NONE',  ( -1.176575538379253105, 2.037888611415564544, 10.23645833333333499 ) ) ;
#1563 = VERTEX_POINT ( 'NONE', #2526 ) ;
#1564 = EDGE_CURVE ( 'NONE', #2791, #148, #281, .T. ) ;
#1565 = EDGE_CURVE ( 'NONE', #2873, #3977, #2463, .T. ) ;
#1566 = CARTESIAN_POINT ( 'NONE',  ( 0.8922005383792566136, 1.545336663013171519, -8.420833333333330728 ) ) ;
#1567 = VERTEX_POINT ( 'NONE', #1658 ) ;
#1568 = CARTESIAN_POINT ( 'NONE',  ( 1.764863307568882655, -1.018944305707793818, -4.067708333333334814 ) ) ;
#1569 = CC_DESIGN_DATE_AND_TIME_ASSIGNMENT ( #6573, #6143, ( #1734 ) ) ;
#1570 = VERTEX_POINT ( 'NONE', #1098 ) ;
#1571 = CARTESIAN_POINT ( 'NONE',  ( 3.784983195928246554E-16, 1.545336663013156420, 14.75000000000000355 ) ) ;
#1572 = CARTESIAN_POINT ( 'NONE',  ( 0.1443728643658361288, 1.758007083345821231, 19.43014220455129504 ) ) ;
#1573 = CARTESIAN_POINT ( 'NONE',  ( -1.338300807568872708, -0.7726683315065896451, 17.69583333333333997 ) ) ;
#1574 = CARTESIAN_POINT ( 'NONE',  ( 1.732050807568897621, -1.000000000000017764, -1.945833333333345072 ) ) ;
#1575 = CARTESIAN_POINT ( 'NONE',  ( -1.892491597964123277E-16, -1.545336663013171963, 9.412500000000006750 ) ) ;
#1576 = CARTESIAN_POINT ( 'NONE',  ( -1.892491597964123770E-16, -1.545336663013172185, 10.90000000000000391 ) ) ;
#1577 = VERTEX_POINT ( 'NONE', #1230 ) ;
#1578 = CARTESIAN_POINT ( 'NONE',  ( 2.309401076758508697, -8.290308793092364557E-15, 12.82499999999999929 ) ) ;
#1579 = CARTESIAN_POINT ( 'NONE',  ( -0.8922005383792480648, 1.545336663013156642, 16.12083333333340462 ) ) ;
#1580 = DIRECTION ( 'NONE',  ( 1.000000000000000000, 0.000000000000000000, 0.000000000000000000 ) ) ;
#1581 = AXIS2_PLACEMENT_3D ( 'NONE', #2189, #4236, #1684 ) ;
#1582 = CARTESIAN_POINT ( 'NONE',  ( -1.154700538379249464, -2.000000000000002665, 9.004166666666666430 ) ) ;
#1583 = CARTESIAN_POINT ( 'NONE',  ( 1.338300807568900908, -0.7726683315066071867, 15.91666666666668739 ) ) ;
#1584 = CARTESIAN_POINT ( 'NONE',  ( -1.764863307568883322, -1.018944305707792708, -7.844791666666663055 ) ) ;
#1585 = CARTESIAN_POINT ( 'NONE',  ( -1.338300807568872486, 0.7726683315065743241, 16.87916666666667354 ) ) ;
#1586 = EDGE_LOOP ( 'NONE', ( #5496, #4711, #5937, #4044 ) ) ;
#1587 = CARTESIAN_POINT ( 'NONE',  ( -1.892491597964139794E-16, -1.545336663013182177, -3.812499999999997335 ) ) ;
#1588 = CARTESIAN_POINT ( 'NONE',  ( -1.338300807568884032, -0.7726683315065934199, -5.416666666666664298 ) ) ;
#1589 = CARTESIAN_POINT ( 'NONE',  ( -1.732050807568880968, -1.000000000000006439, -6.466666666666665897 ) ) ;
#1590 = CARTESIAN_POINT ( 'NONE',  ( -0.8922005383792563915, -1.545336663013181955, -5.270833333333331261 ) ) ;
#1591 = LINE ( 'NONE', #6271, #4116 ) ;
#1592 = PERSON_AND_ORGANIZATION ( #3859, #6112 ) ;
#1593 = CARTESIAN_POINT ( 'NONE',  ( 2.353151076758506655, -8.298345537711768183E-15, 20.45937500000000497 ) ) ;
#1594 = CARTESIAN_POINT ( 'NONE',  ( 1.764863307568879547, -1.018944305707794928, 11.34479166666666927 ) ) ;
#1595 = ORIENTED_EDGE ( 'NONE', *, *, #2516, .T. ) ;
#1596 = CARTESIAN_POINT ( 'NONE',  ( 0.000000000000000000, 1.545336663013172185, -7.662499999999997868 ) ) ;
#1597 = ORIENTED_EDGE ( 'NONE', *, *, #840, .T. ) ;
#1598 = CARTESIAN_POINT ( 'NONE',  ( 1.176575538379256658, 2.037888611415570317, -7.392708333333334991 ) ) ;
#1599 = ORIENTED_EDGE ( 'NONE', *, *, #68, .T. ) ;
#1600 = EDGE_CURVE ( 'NONE', #2097, #1663, #777, .T. ) ;
#1601 = CARTESIAN_POINT ( 'NONE',  ( 1.784401076758496574, -8.193867857659506841E-15, 16.67500000000000071 ) ) ;
#1602 = CARTESIAN_POINT ( 'NONE',  ( -1.818103003243923599, -0.5641869607125865604, 19.56837187380468279 ) ) ;
#1603 = CARTESIAN_POINT ( 'NONE',  ( -0.8922005383792481759, 1.545336663013156420, 15.42083333333333783 ) ) ;
#1604 = CARTESIAN_POINT ( 'NONE',  ( 2.309401076758502036, -5.594730775035711689E-15, -7.487499999999996270 ) ) ;
#1605 = CARTESIAN_POINT ( 'NONE',  ( -1.280384696966916147, 0.8729819776459402103, 8.471593392184564308 ) ) ;
#1606 = CARTESIAN_POINT ( 'NONE',  ( -0.8922005383792482869, 1.545336663013156420, 13.40833333333333677 ) ) ;
#1607 = DIRECTION ( 'NONE',  ( 0.000000000000000000, 1.000000000000000000, 0.000000000000000000 ) ) ;
#1608 = CYLINDRICAL_SURFACE ( 'NONE', #1754, 2.000000000000000000 ) ;
#1609 = CARTESIAN_POINT ( 'NONE',  ( 1.784401076758496352, -8.193867857659506841E-15, 17.98750000000007176 ) ) ;
#1610 = CARTESIAN_POINT ( 'NONE',  ( -1.732050807568877859, 0.9999999999999956701, -4.395833333333330373 ) ) ;
#1611 = CARTESIAN_POINT ( 'NONE',  ( -2.086282122000723683E-11, 1.999999999999998224, 16.41250000000106724 ) ) ;
#1612 =( BOUNDED_CURVE ( )  B_SPLINE_CURVE ( 2, ( #843, #3312, #224, #783, #1279, #4355, #2245 ),
 .UNSPECIFIED., .F., .T. ) 
 B_SPLINE_CURVE_WITH_KNOTS ( ( 3, 2, 2, 3 ),
 ( 0.4444444444444446418, 0.4537037037037039422, 0.4629629629629632426, 0.4722222222222224874 ),
 .UNSPECIFIED. ) 
 CURVE ( )  GEOMETRIC_REPRESENTATION_ITEM ( )  RATIONAL_B_SPLINE_CURVE ( ( 0.9999999999999967804, 0.8660254037844419273, 1.000000000000000000, 0.8660254037844387076, 1.000000000000000000, 0.8660254037844347108, 1.000000000000003997 ) ) 
 REPRESENTATION_ITEM ( '' )  );
#1613 = EDGE_CURVE ( 'NONE', #2720, #5741, #6027, .T. ) ;
#1614 = CARTESIAN_POINT ( 'NONE',  ( -1.732050807568873196, -1.000000000000005107, 8.945833333333334636 ) ) ;
#1615 = CARTESIAN_POINT ( 'NONE',  ( -1.784401076758534765, -7.756815644250028050E-15, 16.32500000000002061 ) ) ;
#1616 = ADVANCED_FACE ( 'NONE', ( #1722 ), #5164, .F. ) ;
#1617 = CARTESIAN_POINT ( 'NONE',  ( 1.764863307568882655, -1.018944305707793596, -3.411458333333330373 ) ) ;
#1618 = DIRECTION ( 'NONE',  ( 0.000000000000000000, 1.000000000000000000, 0.000000000000000000 ) ) ;
#1619 = CARTESIAN_POINT ( 'NONE',  ( -1.338300807568872486, 0.7726683315065743241, 17.57916666666667282 ) ) ;
#1620 = ORIENTED_EDGE ( 'NONE', *, *, #4352, .T. ) ;
#1621 = AXIS2_PLACEMENT_3D ( 'NONE', #5183, #4693, #5855 ) ;
#1622 = CARTESIAN_POINT ( 'NONE',  ( 0.8922005383792568356, 1.545336663013172185, -2.908333333333330994 ) ) ;
#1623 = CARTESIAN_POINT ( 'NONE',  ( -1.338300807568884032, -0.7726683315065936419, -8.216666666666663232 ) ) ;
#1624 = DIRECTION ( 'NONE',  ( -1.000000000000000000, 0.000000000000000000, 0.000000000000000000 ) ) ;
#1625 = CARTESIAN_POINT ( 'NONE',  ( -1.892491597964140040E-16, -1.545336663013183065, -8.099999999999997868 ) ) ;
#1626 = CARTESIAN_POINT ( 'NONE',  ( -2.495693764988925127E-16, -2.037888611415580531, 20.28437500000000782 ) ) ;
#1627 = CARTESIAN_POINT ( 'NONE',  ( 1.338300807568873152, 0.7726683315065731028, 20.93333333333333712 ) ) ;
#1628 = ORIENTED_EDGE ( 'NONE', *, *, #2662, .T. ) ;
#1629 = CARTESIAN_POINT ( 'NONE',  ( -1.338300807568884032, 0.7726683315065840940, -2.733333333333330728 ) ) ;
#1630 = PRODUCT_DEFINITION_FORMATION_WITH_SPECIFIED_SOURCE ( 'ANY', '', #4194, .NOT_KNOWN. ) ;
#1631 = ORIENTED_EDGE ( 'NONE', *, *, #6505, .T. ) ;
#1632 = CARTESIAN_POINT ( 'NONE',  ( -2.353151076758510651, -4.963457233323958610E-15, -6.459375000000001421 ) ) ;
#1633 = ORIENTED_EDGE ( 'NONE', *, *, #5286, .F. ) ;
#1634 = CYLINDRICAL_SURFACE ( 'NONE', #1649, 2.000000000000000000 ) ;
#1635 = CARTESIAN_POINT ( 'NONE',  ( 4.898587196589425648E-16, 1.999999999999997335, 11.60000000000000142 ) ) ;
#1636 = CARTESIAN_POINT ( 'NONE',  ( -2.330000000000000071, 2.255196484945655850E-16, 20.00000000000000000 ) ) ;
#1637 = CARTESIAN_POINT ( 'NONE',  ( 3.784983195928246554E-16, 1.545336663013156420, 11.86250000000000604 ) ) ;
#1638 = CARTESIAN_POINT ( 'NONE',  ( -1.593674493284809479, 0.02482169378416496791, -1.164688198211276671 ) ) ;
#1639 = CARTESIAN_POINT ( 'NONE',  ( 1.338300807568873152, 0.7726683315065731028, 8.945833333333339965 ) ) ;
#1640 = CARTESIAN_POINT ( 'NONE',  ( 0.8922005383792478428, -1.545336663013172851, 11.65833333333333677 ) ) ;
#1641 = CARTESIAN_POINT ( 'NONE',  ( 1.154700538379399788, -1.999999999999745759, -3.404166666666648577 ) ) ;
#1642 = DIRECTION ( 'NONE',  ( -0.000000000000000000, 1.059903591714612962E-16, -1.000000000000000000 ) ) ;
#1643 = CARTESIAN_POINT ( 'NONE',  ( -1.338300807568872486, 0.7726683315065743241, 12.67916666666673464 ) ) ;
#1644 = EDGE_CURVE ( 'NONE', #5114, #6080, #3578, .T. ) ;
#1645 = CARTESIAN_POINT ( 'NONE',  ( -2.999999999999999556, 1.392170721059214353E-13, 0.03464101614959282788 ) ) ;
#1646 =( BOUNDED_CURVE ( )  B_SPLINE_CURVE ( 2, ( #4571, #6540, #4105, #4007, #6140, #968, #5603 ),
 .UNSPECIFIED., .F., .F. ) 
 B_SPLINE_CURVE_WITH_KNOTS ( ( 3, 2, 2, 3 ),
 ( 0.4402983736696797212, 0.4522031355744416392, 0.4641078974792035572, 0.4760126593839654197 ),
 .UNSPECIFIED. ) 
 CURVE ( )  GEOMETRIC_REPRESENTATION_ITEM ( )  RATIONAL_B_SPLINE_CURVE ( ( 0.9999999999998813172, 0.8660254037845573905, 1.000000000000000000, 0.8660254037844387076, 1.000000000000000000, 0.8660254037843200248, 1.000000000000118794 ) ) 
 REPRESENTATION_ITEM ( '' )  );
#1647 = DIRECTION ( 'NONE',  ( -0.000000000000000000, -0.000000000000000000, 1.000000000000000000 ) ) ;
#1648 = CARTESIAN_POINT ( 'NONE',  ( -0.2549999999999996714, 3.316877296494397331, 19.77675886009239647 ) ) ;
#1649 = AXIS2_PLACEMENT_3D ( 'NONE', #1668, #3236, #5270 ) ;
#1650 = CARTESIAN_POINT ( 'NONE',  ( -2.495693764988925127E-16, -2.037888611415580531, 11.18437500000000639 ) ) ;
#1651 = CARTESIAN_POINT ( 'NONE',  ( 1.338300807568901796, 0.7726683315065896451, 17.43333333333335133 ) ) ;
#1652 = EDGE_CURVE ( 'NONE', #134, #1563, #4944, .T. ) ;
#1653 = CARTESIAN_POINT ( 'NONE',  ( -1.764863307568883322, -1.018944305707792264, -3.644791666666663321 ) ) ;
#1654 = CARTESIAN_POINT ( 'NONE',  ( 4.898587196589426634E-16, 1.999999999999997780, 15.01250000000000639 ) ) ;
#1655 = CARTESIAN_POINT ( 'NONE',  ( 3.784983195928246554E-16, 1.545336663013156420, 16.06250000000000711 ) ) ;
#1656 = VERTEX_POINT ( 'NONE', #733 ) ;
#1657 = CARTESIAN_POINT ( 'NONE',  ( -1.784401076758511895, -4.895144904059019109E-15, -4.774999999999998579 ) ) ;
#1658 = CARTESIAN_POINT ( 'NONE',  ( 1.636797296185822814, -1.149301792921153087, 19.67000000000325244 ) ) ;
#1659 = LINE ( 'NONE', #3762, #2164 ) ;
#1660 = CARTESIAN_POINT ( 'NONE',  ( -1.338300807568884032, 0.7726683315065836499, -9.033333333333331439 ) ) ;
#1661 = CARTESIAN_POINT ( 'NONE',  ( 1.764863307568879547, -1.018944305707794928, 19.70104166666667211 ) ) ;
#1662 = CARTESIAN_POINT ( 'NONE',  ( 3.784983195928246554E-16, 1.545336663013156420, 19.65000000000000568 ) ) ;
#1663 = VERTEX_POINT ( 'NONE', #1166 ) ;
#1664 = CARTESIAN_POINT ( 'NONE',  ( -1.892491597964140040E-16, -1.545336663013182843, -5.299999999999997158 ) ) ;
#1665 = VERTEX_POINT ( 'NONE', #1135 ) ;
#1666 = CARTESIAN_POINT ( 'NONE',  ( 1.764863307568883988, 1.018944305707781384, -5.351041666666668029 ) ) ;
#1667 = ORIENTED_EDGE ( 'NONE', *, *, #3084, .T. ) ;
#1668 = CARTESIAN_POINT ( 'NONE',  ( 0.000000000000000000, 5.246303815928974609E-16, -9.500000000000000000 ) ) ;
#1669 = CARTESIAN_POINT ( 'NONE',  ( 4.898587196589425648E-16, 1.999999999999997335, 18.60000000000000142 ) ) ;
#1670 = CARTESIAN_POINT ( 'NONE',  ( -1.871128097569043192, -0.2862247455802040541, 19.55760569947879901 ) ) ;
#1671 = CARTESIAN_POINT ( 'NONE',  ( -0.8922005383792481759, 1.545336663013156420, 13.32083333333334352 ) ) ;
#1672 = CARTESIAN_POINT ( 'NONE',  ( -1.154700538379263453, -1.999999999999999334, 13.99166666666666892 ) ) ;
#1673 = CARTESIAN_POINT ( 'NONE',  ( -1.176575538379253105, 2.037888611415564544, 17.23645833333333854 ) ) ;
#1674 = CARTESIAN_POINT ( 'NONE',  ( 3.784983195928247540E-16, 1.545336663013156642, 11.25000000000000355 ) ) ;
#1675 = DIRECTION ( 'NONE',  ( 0.000000000000000000, 1.000000000000000000, 0.000000000000000000 ) ) ;
#1676 = CARTESIAN_POINT ( 'NONE',  ( -1.338300807568872486, 0.7726683315065743241, 13.37916666666673571 ) ) ;
#1677 = CARTESIAN_POINT ( 'NONE',  ( -0.8922005383792672717, 1.545336663013189504, 19.00833333333335773 ) ) ;
#1678 = DIRECTION ( 'NONE',  ( -0.000000000000000000, 1.059903591714612962E-16, -1.000000000000000000 ) ) ;
#1679 = CARTESIAN_POINT ( 'NONE',  ( -1.892491597964123277E-16, -1.545336663013171963, 11.60000000000000497 ) ) ;
#1680 = CYLINDRICAL_SURFACE ( 'NONE', #3432, 2.000000000000000000 ) ;
#1681 = CARTESIAN_POINT ( 'NONE',  ( 1.764863307568879547, -1.018944305707794928, 9.201041666666673891 ) ) ;
#1682 = CARTESIAN_POINT ( 'NONE',  ( 1.784401076758534765, -8.193867857659513152E-15, 11.07500000000002238 ) ) ;
#1683 = CARTESIAN_POINT ( 'NONE',  ( -1.764863307568883322, -1.018944305707792486, -6.444791666666663588 ) ) ;
#1684 = DIRECTION ( 'NONE',  ( 0.000000000000000000, 1.000000000000000000, 0.000000000000000000 ) ) ;
#1685 = EDGE_CURVE ( 'NONE', #5609, #4811, #1280, .T. ) ;
#1686 = CARTESIAN_POINT ( 'NONE',  ( 1.338300807568873152, 0.7726683315065731028, 15.24583333333334068 ) ) ;
#1687 = VERTEX_POINT ( 'NONE', #6461 ) ;
#1688 = CARTESIAN_POINT ( 'NONE',  ( 0.8922005383792568356, 1.545336663013172185, -1.508333333333330417 ) ) ;
#1689 = CARTESIAN_POINT ( 'NONE',  ( 0.000000000000000000, 1.545336663013172185, -8.449999999999997513 ) ) ;
#1690 = DIRECTION ( 'NONE',  ( -0.000000000000000000, 1.059903591714612962E-16, -1.000000000000000000 ) ) ;
#1691 = CARTESIAN_POINT ( 'NONE',  ( 0.8922005383792568356, 1.545336663013171741, -9.208333333333330373 ) ) ;
#1692 = CARTESIAN_POINT ( 'NONE',  ( -2.495693764988925127E-16, -2.037888611415580531, 19.58437500000000853 ) ) ;
#1693 = CARTESIAN_POINT ( 'NONE',  ( 1.338300807568872042, -0.7726683315065906443, 20.81666666666666998 ) ) ;
#1694 = VERTEX_POINT ( 'NONE', #1321 ) ;
#1695 = CARTESIAN_POINT ( 'NONE',  ( -1.338300807568884032, -0.7726683315065934199, -5.416666666666664298 ) ) ;
#1696 = CARTESIAN_POINT ( 'NONE',  ( 1.764863307568882655, -1.018944305707793818, -4.767708333333334991 ) ) ;
#1697 = ORIENTED_EDGE ( 'NONE', *, *, #840, .F. ) ;
#1698 = CARTESIAN_POINT ( 'NONE',  ( 0.2550000000000003375, 3.316877296494397775, 0.2232411399076073555 ) ) ;
#1699 = CARTESIAN_POINT ( 'NONE',  ( -1.082708096908984619, -1.102637102105873623, -9.500000000000001776 ) ) ;
#1700 = CARTESIAN_POINT ( 'NONE',  ( 2.976610138295764152, -1.614620497850782321, 0.2570025121015134251 ) ) ;
#1701 = CARTESIAN_POINT ( 'NONE',  ( -1.892491597964123277E-16, -1.545336663013171963, 14.31250000000000533 ) ) ;
#1702 =( BOUNDED_CURVE ( )  B_SPLINE_CURVE ( 2, ( #3579, #1080, #6584, #2001, #6084, #1048, #521 ),
 .UNSPECIFIED., .F., .T. ) 
 B_SPLINE_CURVE_WITH_KNOTS ( ( 3, 2, 2, 3 ),
 ( 0.5831555165268226260, 0.5950602784315844884, 0.6069650403363463509, 0.6188698022411082134 ),
 .UNSPECIFIED. ) 
 CURVE ( )  GEOMETRIC_REPRESENTATION_ITEM ( )  RATIONAL_B_SPLINE_CURVE ( ( 0.9999999999998813172, 0.8660254037845573905, 1.000000000000000000, 0.8660254037844387076, 1.000000000000000000, 0.8660254037843200248, 1.000000000000118794 ) ) 
 REPRESENTATION_ITEM ( '' )  );
#1703 = CARTESIAN_POINT ( 'NONE',  ( 4.898587196589425648E-16, 1.999999999999997335, 17.89999999999999858 ) ) ;
#1704 = CARTESIAN_POINT ( 'NONE',  ( 1.764863307568880879, 1.018944305707776943, 15.66145833333333570 ) ) ;
#1705 = CARTESIAN_POINT ( 'NONE',  ( 1.338300807568872264, -0.7726683315065907554, 9.616666666666670693 ) ) ;
#1706 = CARTESIAN_POINT ( 'NONE',  ( -1.732050807568880746, 0.9999999999999970024, -7.983333333333331616 ) ) ;
#1707 = CARTESIAN_POINT ( 'NONE',  ( -0.8922005383792488420, -1.545336663013171519, 12.15416666666673251 ) ) ;
#1708 = CARTESIAN_POINT ( 'NONE',  ( 1.338300807568900908, -0.7726683315066071867, 18.71666666666668633 ) ) ;
#1709 = CARTESIAN_POINT ( 'NONE',  ( 1.154700538379237695, -2.000000000000041300, 9.208333333333333925 ) ) ;
#1710 = CARTESIAN_POINT ( 'NONE',  ( -1.338300807568872708, -0.7726683315065896451, 12.18333333333333712 ) ) ;
#1711 = FACE_OUTER_BOUND ( 'NONE', #417, .T. ) ;
#1712 = CARTESIAN_POINT ( 'NONE',  ( 1.784401076758496796, -8.193867857659506841E-15, 20.17500000000000071 ) ) ;
#1713 = CARTESIAN_POINT ( 'NONE',  ( 0.8922005383792670496, -1.545336663013205492, 11.65833333333335808 ) ) ;
#1714 = CARTESIAN_POINT ( 'NONE',  ( -1.338300807568883810, 0.7726683315065839830, -3.345833333333330106 ) ) ;
#1715 = B_SPLINE_CURVE_WITH_KNOTS ( 'NONE', 3,
 ( #6379, #254, #5749, #3308, #778, #1178 ),
 .UNSPECIFIED., .F., .F.,
 ( 4, 2, 4 ),
 ( 0.000000000000000000, 0.0004334651319064753913, 0.0008669302638129505658 ),
 .UNSPECIFIED. ) ;
#1716 = CARTESIAN_POINT ( 'NONE',  ( 1.176575538379254882, -2.037888611415580975, -5.569791666666664476 ) ) ;
#1717 = CARTESIAN_POINT ( 'NONE',  ( -2.449293598294712824E-16, -2.000000000000012879, 11.25000000000000178 ) ) ;
#1718 = CARTESIAN_POINT ( 'NONE',  ( 1.338300807568872042, -0.7726683315065906443, 17.22916666666667496 ) ) ;
#1719 = ORIENTED_EDGE ( 'NONE', *, *, #1644, .T. ) ;
#1720 = CARTESIAN_POINT ( 'NONE',  ( -0.8922005383792555033, 1.545336663013172185, -7.604166666666663410 ) ) ;
#1721 = EDGE_CURVE ( 'NONE', #3333, #2447, #4440, .T. ) ;
#1722 = FACE_OUTER_BOUND ( 'NONE', #5675, .T. ) ;
#1723 = CARTESIAN_POINT ( 'NONE',  ( 4.898587196589425648E-16, 1.999999999999997335, 15.80000000000000071 ) ) ;
#1724 = CARTESIAN_POINT ( 'NONE',  ( 0.8922005383792555033, -1.545336663013183287, -7.341666666666665009 ) ) ;
#1725 = VECTOR ( 'NONE', #2978, 1000.000000000000000 ) ;
#1726 = CARTESIAN_POINT ( 'NONE',  ( -1.176575538379253105, 2.037888611415564544, 16.49270833333334352 ) ) ;
#1727 = CARTESIAN_POINT ( 'NONE',  ( 0.8922005383792477318, -1.545336663013172407, 20.75833333333333641 ) ) ;
#1728 = ORIENTED_EDGE ( 'NONE', *, *, #1564, .T. ) ;
#1729 = CARTESIAN_POINT ( 'NONE',  ( -0.8922005383792558364, 1.545336663013172851, -3.491666666666664920 ) ) ;
#1730 = ADVANCED_FACE ( 'NONE', ( #5829 ), #2065, .T. ) ;
#1731 = CARTESIAN_POINT ( 'NONE',  ( 0.8922005383792568356, 1.545336663013171741, -9.208333333333330373 ) ) ;
#1732 = AXIS2_PLACEMENT_3D ( 'NONE', #3273, #5879, #1772 ) ;
#1733 = ORIENTED_EDGE ( 'NONE', *, *, #4719, .F. ) ;
#1734 = PRODUCT_DEFINITION ( 'UNKNOWN', '', #1630, #6475 ) ;
#1735 = FACE_OUTER_BOUND ( 'NONE', #5872, .T. ) ;
#1736 = DIRECTION ( 'NONE',  ( -0.000000000000000000, 1.059903591714612962E-16, -1.000000000000000000 ) ) ;
#1737 = DIRECTION ( 'NONE',  ( -0.000000000000000000, 1.059903591714612962E-16, -1.000000000000000000 ) ) ;
#1738 = CARTESIAN_POINT ( 'NONE',  ( -1.338300807568872486, 0.7726683315065743241, 13.37916666666667354 ) ) ;
#1739 = CARTESIAN_POINT ( 'NONE',  ( -2.449293598294699512E-16, -2.000000000000002220, 16.76250000000000284 ) ) ;
#1740 = CARTESIAN_POINT ( 'NONE',  ( -2.495693764988925127E-16, -2.037888611415580531, 17.52812500000000284 ) ) ;
#1741 = AXIS2_PLACEMENT_3D ( 'NONE', #4306, #1690, #1264 ) ;
#1742 = CARTESIAN_POINT ( 'NONE',  ( 0.000000000000000000, 1.999999999999998668, -8.099999999999997868 ) ) ;
#1743 = CARTESIAN_POINT ( 'NONE',  ( -1.892491597964123277E-16, -1.545336663013171963, 12.21250000000006963 ) ) ;
#1744 = DIRECTION ( 'NONE',  ( -0.000000000000000000, 1.059903591714612962E-16, -1.000000000000000000 ) ) ;
#1745 = CARTESIAN_POINT ( 'NONE',  ( -1.604961049626681069, -0.3828838324886763012, -9.500000000000001776 ) ) ;
#1746 =( BOUNDED_CURVE ( )  B_SPLINE_CURVE ( 2, ( #6031, #6428, #1980, #1425, #2353, #4962, #1856 ),
 .UNSPECIFIED., .F., .T. ) 
 B_SPLINE_CURVE_WITH_KNOTS ( ( 3, 2, 2, 3 ),
 ( 0.02663284049671155868, 0.02872330462659774403, 0.03081376875648392244, 0.03290423288637010779 ),
 .UNSPECIFIED. ) 
 CURVE ( )  GEOMETRIC_REPRESENTATION_ITEM ( )  RATIONAL_B_SPLINE_CURVE ( ( 1.000000000000000000, 0.8660254037844387076, 1.000000000000000000, 0.8660254037844387076, 1.000000000000000000, 0.8660254037844387076, 1.000000000000000000 ) ) 
 REPRESENTATION_ITEM ( '' )  );
#1747 = CARTESIAN_POINT ( 'NONE',  ( -0.8922005383792488420, -1.545336663013171519, 12.24166666666666892 ) ) ;
#1748 = CARTESIAN_POINT ( 'NONE',  ( -2.449293598294698526E-16, -1.999999999999998224, -4.862499999999992717 ) ) ;
#1749 = CARTESIAN_POINT ( 'NONE',  ( 3.784983195928247540E-16, 1.545336663013156642, 17.55000000000000426 ) ) ;
#1750 = DIRECTION ( 'NONE',  ( 0.000000000000000000, -1.000000000000000000, 0.000000000000000000 ) ) ;
#1751 = CARTESIAN_POINT ( 'NONE',  ( -1.338300807568901352, 0.7726683315065909774, 10.66666666666668917 ) ) ;
#1752 = CARTESIAN_POINT ( 'NONE',  ( -1.338300807568883810, 0.7726683315065839830, -1.945833333333330639 ) ) ;
#1753 = CARTESIAN_POINT ( 'NONE',  ( 1.764863307568882655, -1.018944305707793596, -4.111458333333330550 ) ) ;
#1754 = AXIS2_PLACEMENT_3D ( 'NONE', #620, #3210, #1675 ) ;
#1755 = CARTESIAN_POINT ( 'NONE',  ( -1.784401076758511895, -4.766556990148546887E-15, -2.674999999999997602 ) ) ;
#1756 = CARTESIAN_POINT ( 'NONE',  ( 1.784401076758496574, -8.193867857659506841E-15, 13.08750000000000391 ) ) ;
#1757 = ORIENTED_EDGE ( 'NONE', *, *, #2087, .T. ) ;
#1758 = CARTESIAN_POINT ( 'NONE',  ( -1.892491597964139547E-16, -1.545336663013182399, -8.712499999999996803 ) ) ;
#1759 = CARTESIAN_POINT ( 'NONE',  ( 1.732050807568893180, -1.000000000000018208, 9.179166666666683128 ) ) ;
#1760 = CARTESIAN_POINT ( 'NONE',  ( -1.338300807568883810, 0.7726683315065839830, -1.945833333333330639 ) ) ;
#1761 = CARTESIAN_POINT ( 'NONE',  ( -1.892491597964140040E-16, -1.545336663013182843, -7.399999999999997691 ) ) ;
#1762 = CARTESIAN_POINT ( 'NONE',  ( 1.764863307568879547, -1.018944305707794928, 18.30104166666667354 ) ) ;
#1763 = CARTESIAN_POINT ( 'NONE',  ( -0.8922005383792488420, -1.545336663013171519, 17.84166666666666856 ) ) ;
#1764 = EDGE_LOOP ( 'NONE', ( #5474, #5159, #182, #2632 ) ) ;
#1765 = CARTESIAN_POINT ( 'NONE',  ( -1.338300807568884032, -0.7726683315065933089, -3.316666666666663765 ) ) ;
#1766 = CARTESIAN_POINT ( 'NONE',  ( 1.764863307568883988, 1.018944305707781606, -3.251041666666667496 ) ) ;
#1767 = ORIENTED_EDGE ( 'NONE', *, *, #4233, .T. ) ;
#1768 = DIRECTION ( 'NONE',  ( -0.000000000000000000, 1.059903591714612962E-16, -1.000000000000000000 ) ) ;
#1769 = CARTESIAN_POINT ( 'NONE',  ( -1.154700538379263453, -1.999999999999999334, 11.89166666666666927 ) ) ;
#1770 = CARTESIAN_POINT ( 'NONE',  ( -1.154700538379844987, -1.999999999998985700, -8.508333333333389703 ) ) ;
#1771 = CARTESIAN_POINT ( 'NONE',  ( 1.338300807568872042, -0.7726683315065906443, 13.02916666666667389 ) ) ;
#1772 = DIRECTION ( 'NONE',  ( 0.000000000000000000, 1.000000000000000000, 0.000000000000000000 ) ) ;
#1773 = CARTESIAN_POINT ( 'NONE',  ( -2.353151076758506655, -7.721989750899276899E-15, 17.35312500000000213 ) ) ;
#1774 = EDGE_CURVE ( 'NONE', #2119, #6549, #4744, .T. ) ;
#1775 = DIRECTION ( 'NONE',  ( -0.000000000000000000, 1.059903591714612962E-16, -1.000000000000000000 ) ) ;
#1776 = CARTESIAN_POINT ( 'NONE',  ( -0.8922005383792480648, 1.545336663013156642, 11.92083333333340178 ) ) ;
#1777 = CARTESIAN_POINT ( 'NONE',  ( -1.338300807568901352, -0.7726683315066062985, 18.48333333333335915 ) ) ;
#1778 = CARTESIAN_POINT ( 'NONE',  ( -1.154700538379253905, 1.999999999999997335, 10.25833333333333464 ) ) ;
#1779 = CARTESIAN_POINT ( 'NONE',  ( -1.892491597964123277E-16, -1.545336663013171963, 13.00000000000000533 ) ) ;
#1780 = CARTESIAN_POINT ( 'NONE',  ( 0.000000000000000000, 1.999999999999998224, -2.412499999999997868 ) ) ;
#1781 = CARTESIAN_POINT ( 'NONE',  ( 1.338300807568872264, -0.7726683315065907554, 19.41666666666666785 ) ) ;
#1782 = CARTESIAN_POINT ( 'NONE',  ( -2.449293598294698033E-16, -1.999999999999998224, -6.262499999999993072 ) ) ;
#1783 = CARTESIAN_POINT ( 'NONE',  ( 0.8922005383792682709, 1.545336663013189282, 12.59166666666668988 ) ) ;
#1784 = CARTESIAN_POINT ( 'NONE',  ( 0.8922005383792567246, 1.545336663013172185, -3.520833333333330817 ) ) ;
#1785 = CARTESIAN_POINT ( 'NONE',  ( 1.154700538379845653, 1.999999999998975264, -3.958333333333390769 ) ) ;
#1786 = CARTESIAN_POINT ( 'NONE',  ( -0.8922005383792565025, -1.545336663013182177, -3.258333333333331083 ) ) ;
#1787 = DIRECTION ( 'NONE',  ( 1.060575238724909010E-16, -0.8660254037844404840, -0.4999999999999968914 ) ) ;
#1788 = CARTESIAN_POINT ( 'NONE',  ( 1.784401076758496574, -8.193867857659506841E-15, 11.68750000000000711 ) ) ;
#1790 = B_SPLINE_CURVE_WITH_KNOTS ( 'NONE', 3,
 ( #5571, #1991, #4040, #2058 ),
 .UNSPECIFIED., .F., .F.,
 ( 4, 4 ),
 ( 0.01387719004878820717, 0.01532569088673593240 ),
 .UNSPECIFIED. ) ;
#1789 =( BOUNDED_CURVE ( )  B_SPLINE_CURVE ( 2, ( #1699, #5403, #1434, #3434, #3906, #867, #4408, #315, #6439, #6478, #6007, #2893, #5941, #4347, #5371, #1399, #834, #1866, #1370, #936, #1833, #3399, #5432, #2333, #805, #2830, #4938, #3971, #3467, #4376, #2860, #6376, #4905, #1802, #1302, #1927, #343, #3337, #6405, #4476, #5504, #2364, #380, #3841, #2399, #1337, #4443, #2961, #1897, #4874, #6509, #5876, #3940, #3873, #413, #5908, #5972, #5470, #3368, #901, #2929, #4974, #2434, #5007, #2303, #446, #4, #1527, #1001, #4138, #4106, #5037, #3128, #1590, #5604, #76, #6541, #2055, #6178, #3632, #6141, #2022, #4070, #3060, #2559, #5670, #2527, #6106, #1099, #4572, #3565, #479, #3499, #5535, #1034, #2090, #2464, #2493, #3027, #4509, #5569, #508, #1988, #4540, #5100, #1958, #4008, #6040, #1463, #3529, #5067, #969, #538, #6072, #4605, #2993, #41, #6572, #2595, #4038, #1558, #1492, #3597, #5636, #1067, #3092, #5130, #571, #4638, #6333, #1760, #241, #6270, #2755, #4205, #5295, #5705, #3228, #6237, #4170, #207, #107, #3799, #2261, #5196 ),
 .UNSPECIFIED., .F., .T. ) 
 B_SPLINE_CURVE_WITH_KNOTS ( ( 3, 2, 2, 2, 2, 2, 2, 2, 2, 2, 2, 2, 2, 2, 2, 2, 2, 2, 2, 2, 2, 2, 2, 2, 2, 2, 2, 2, 2, 2, 2, 2, 2, 2, 2, 2, 2, 2, 2, 2, 2, 2, 2, 2, 2, 2, 2, 2, 2, 2, 2, 2, 2, 2, 2, 2, 2, 2, 2, 2, 2, 2, 2, 2, 2, 2, 2, 2, 2, 2, 2, 2, 3 ),
 ( 0.02694028211094418382, 0.03571428571428571230, 0.04761904761904761640, 0.05952380952380952051, 0.07142857142857142461, 0.08333333333333332871, 0.09523809523809523281, 0.1071428571428571369, 0.1190476190476190410, 0.1309523809523809590, 0.1428571428571428492, 0.1547619047619047672, 0.1666666666666666574, 0.1785714285714285754, 0.1904761904761904656, 0.2023809523809523558, 0.2142857142857142738, 0.2261904761904761918, 0.2380952380952380820, 0.2500000000000000000, 0.2619047619047619180, 0.2738095238095238360, 0.2857142857142856984, 0.2976190476190476164, 0.3095238095238095344, 0.3214285714285714524, 0.3333333333333333148, 0.3452380952380952883, 0.3571428571428571508, 0.3690476190476190688, 0.3809523809523809312, 0.3928571428571428492, 0.4047619047619047117, 0.4166666666666666852, 0.4285714285714285476, 0.4404761904761904656, 0.4523809523809523836, 0.4642857142857143016, 0.4761904761904761640, 0.4880952380952380820, 0.5000000000000000000, 0.5119047619047618625, 0.5238095238095238360, 0.5357142857142856984, 0.5476190476190476719, 0.5595238095238095344, 0.5714285714285713969, 0.5833333333333333703, 0.5952380952380952328, 0.6071428571428570953, 0.6190476190476190688, 0.6309523809523809312, 0.6428571428571429047, 0.6547619047619047672, 0.6666666666666665186, 0.6785714285714286031, 0.6904761904761904656, 0.7023809523809523281, 0.7142857142857143016, 0.7261904761904761640, 0.7380952380952381375, 0.7500000000000000000, 0.7619047619047618625, 0.7738095238095238360, 0.7857142857142856984, 0.7976190476190476719, 0.8095238095238096454, 0.8214285714285713969, 0.8333333333333333703, 0.8452380952380952328, 0.8571428571428570953, 0.8690476190476191798, 0.8797270193039787856 ),
 .UNSPECIFIED. ) 
 CURVE ( )  GEOMETRIC_REPRESENTATION_ITEM ( )  RATIONAL_B_SPLINE_CURVE ( ( 0.9480652107226170688, 0.9012585384440688907, 1.000000000000000000, 0.8660254037844387076, 1.000000000000000000, 0.8660254037844387076, 1.000000000000000000, 0.8660254037844387076, 1.000000000000000000, 0.8660254037844387076, 1.000000000000000000, 0.8660254037844387076, 1.000000000000000000, 0.8660254037844387076, 1.000000000000000000, 0.8660254037844387076, 1.000000000000000000, 0.8660254037844387076, 1.000000000000000000, 0.8660254037844387076, 1.000000000000000000, 0.8660254037844387076, 1.000000000000000000, 0.8660254037844387076, 1.000000000000000000, 0.8660254037844387076, 1.000000000000000000, 0.8660254037844387076, 1.000000000000000000, 0.8660254037844387076, 1.000000000000000000, 0.8660254037844387076, 1.000000000000000000, 0.8660254037844387076, 1.000000000000000000, 0.8660254037844387076, 1.000000000000000000, 0.8660254037844387076, 1.000000000000000000, 0.8660254037844387076, 1.000000000000000000, 0.8660254037844387076, 1.000000000000000000, 0.8660254037844387076, 1.000000000000000000, 0.8660254037844387076, 1.000000000000000000, 0.8660254037844387076, 1.000000000000000000, 0.8660254037844387076, 1.000000000000000000, 0.8660254037844387076, 1.000000000000000000, 0.8660254037844387076, 1.000000000000000000, 0.8660254037844387076, 1.000000000000000000, 0.8660254037844387076, 1.000000000000000000, 0.8660254037844387076, 1.000000000000000000, 0.8660254037844387076, 1.000000000000000000, 0.8660254037844387076, 1.000000000000000000, 0.8660254037844387076, 1.000000000000000000, 0.8660254037844387076, 1.000000000000000000, 0.8660254037844387076, 1.000000000000000000, 0.8660254037844387076, 1.000000000000000000, 0.8660254037844387076, 1.000000000000000000, 0.8660254037844387076, 1.000000000000000000, 0.8660254037844387076, 1.000000000000000000, 0.8660254037844387076, 1.000000000000000000, 0.8660254037844387076, 1.000000000000000000, 0.8660254037844387076, 1.000000000000000000, 0.8660254037844387076, 1.000000000000000000, 0.8660254037844387076, 1.000000000000000000, 0.8660254037844387076, 1.000000000000000000, 0.8660254037844387076, 1.000000000000000000, 0.8660254037844387076, 1.000000000000000000, 0.8660254037844387076, 1.000000000000000000, 0.8660254037844387076, 1.000000000000000000, 0.8660254037844387076, 1.000000000000000000, 0.8660254037844387076, 1.000000000000000000, 0.8660254037844387076, 1.000000000000000000, 0.8660254037844387076, 1.000000000000000000, 0.8660254037844387076, 1.000000000000000000, 0.8660254037844387076, 1.000000000000000000, 0.8660254037844387076, 1.000000000000000000, 0.8660254037844387076, 1.000000000000000000, 0.8660254037844387076, 1.000000000000000000, 0.8660254037844387076, 1.000000000000000000, 0.8660254037844387076, 1.000000000000000000, 0.8660254037844387076, 1.000000000000000000, 0.8660254037844387076, 1.000000000000000000, 0.8660254037844387076, 1.000000000000000000, 0.8660254037844387076, 1.000000000000000000, 0.8660254037844387076, 1.000000000000000000, 0.8660254037844387076, 1.000000000000000000, 0.8660254037844387076, 1.000000000000000000, 0.8660254037844387076, 1.000000000000000000, 0.8660254037844387076, 1.000000000000000000, 0.8660254037844387076, 1.000000000000000000, 0.8660254037844387076, 1.000000000000000000, 0.8798154596777078007, 0.9752587195577788748 ) ) 
 REPRESENTATION_ITEM ( '' )  );
#1791 = CARTESIAN_POINT ( 'NONE',  ( -0.8922005383792563915, -1.545336663013181511, -2.470833333333330550 ) ) ;
#1792 = ORIENTED_EDGE ( 'NONE', *, *, #3986, .F. ) ;
#1793 = AXIS2_PLACEMENT_3D ( 'NONE', #2238, #1737, #152 ) ;
#1794 = CARTESIAN_POINT ( 'NONE',  ( 0.8922005383792555033, -1.545336663013183287, -7.341666666666665009 ) ) ;
#1795 = CARTESIAN_POINT ( 'NONE',  ( 0.5524582843770610152, -1.471467467509162130, 19.23840136653791788 ) ) ;
#1796 = CARTESIAN_POINT ( 'NONE',  ( 1.764863307568879547, -1.018944305707794928, 14.80104166666667354 ) ) ;
#1797 = CARTESIAN_POINT ( 'NONE',  ( -1.338300807568872708, -0.7726683315065896451, 17.08333333333333570 ) ) ;
#1798 = ORIENTED_EDGE ( 'NONE', *, *, #6097, .F. ) ;
#1799 = CARTESIAN_POINT ( 'NONE',  ( -1.338300807568884032, -0.7726683315065931978, -1.216666666666664565 ) ) ;
#1800 = CARTESIAN_POINT ( 'NONE',  ( -1.338300807568884032, -0.7726683315065937530, -9.616666666666663588 ) ) ;
#1801 = CARTESIAN_POINT ( 'NONE',  ( -1.154700538379252128, 1.999999999999993561, 18.57083333333333997 ) ) ;
#1802 = CARTESIAN_POINT ( 'NONE',  ( -0.8922005383792557254, 1.545336663013172407, -7.604166666666663410 ) ) ;
#1803 = CARTESIAN_POINT ( 'NONE',  ( 1.550004502361012060, -1.244989289182519610, 19.65395580037950651 ) ) ;
#1804 = CARTESIAN_POINT ( 'NONE',  ( -1.338300807568872708, -0.7726683315065896451, 9.995833333333338899 ) ) ;
#1805 = CARTESIAN_POINT ( 'NONE',  ( 2.449293598294706414E-16, -1.999999999999999556, -9.500000000000000000 ) ) ;
#1806 = CARTESIAN_POINT ( 'NONE',  ( -1.176575538379253105, 2.037888611415564544, 18.63645833333333357 ) ) ;
#1807 = CARTESIAN_POINT ( 'NONE',  ( 0.000000000000000000, 1.999999999999998668, -8.799999999999998934 ) ) ;
#1808 = CARTESIAN_POINT ( 'NONE',  ( 0.000000000000000000, 4.875337558828862919E-16, -9.150000000000002132 ) ) ;
#1809 = CARTESIAN_POINT ( 'NONE',  ( -2.309401076758508697, -7.724668665772411967E-15, 10.37500000000000000 ) ) ;
#1810 = ADVANCED_FACE ( 'NONE', ( #2586 ), #2082, .F. ) ;
#1811 = CARTESIAN_POINT ( 'NONE',  ( -1.338300807568872708, -0.7726683315065896451, 12.88333333333333641 ) ) ;
#1812 = CARTESIAN_POINT ( 'NONE',  ( -0.1844995877050011335, 3.037096543828593287, 8.714920563673604903 ) ) ;
#1813 = CARTESIAN_POINT ( 'NONE',  ( -4.820656402363605614E-14, -2.000000000000001776, 12.56250000000000000 ) ) ;
#1814 = CARTESIAN_POINT ( 'NONE',  ( -1.892491597964164199E-16, -1.545336663013205047, 12.30000000000002203 ) ) ;
#1815 = CARTESIAN_POINT ( 'NONE',  ( -1.338300807568884032, -0.7726683315065930868, -1.129166666666663765 ) ) ;
#1816 = FACE_OUTER_BOUND ( 'NONE', #906, .T. ) ;
#1817 = ADVANCED_FACE ( 'NONE', ( #4731 ), #5156, .F. ) ;
#1818 = CARTESIAN_POINT ( 'NONE',  ( 1.784401076758511895, -5.225040522543107011E-15, -3.024999999999997247 ) ) ;
#1819 =( BOUNDED_CURVE ( )  B_SPLINE_CURVE ( 2, ( #6477, #900, #1336, #2398, #5503, #4845, #3872 ),
 .UNSPECIFIED., .F., .F. ) 
 B_SPLINE_CURVE_WITH_KNOTS ( ( 3, 2, 2, 3 ),
 ( 0.05171699747088095295, 0.05380707767394905805, 0.05589715787701716315, 0.05798723808008525438 ),
 .UNSPECIFIED. ) 
 CURVE ( )  GEOMETRIC_REPRESENTATION_ITEM ( )  RATIONAL_B_SPLINE_CURVE ( ( 0.9999999999999912292, 0.8660254037844474784, 1.000000000000000000, 0.8660254037844387076, 1.000000000000000000, 0.8660254037844418162, 0.9999999999999968914 ) ) 
 REPRESENTATION_ITEM ( '' )  );
#1820 = CARTESIAN_POINT ( 'NONE',  ( -0.9388984326324099072, -1.243847558047034729, -9.500000000000000000 ) ) ;
#1821 = CARTESIAN_POINT ( 'NONE',  ( -1.338300807568872708, -0.7726683315065896451, 11.39583333333333925 ) ) ;
#1822 = EDGE_CURVE ( 'NONE', #4842, #2599, #2849, .T. ) ;
#1823 = CARTESIAN_POINT ( 'NONE',  ( 0.000000000000000000, 1.545336663013172407, -2.762499999999996625 ) ) ;
#1824 = EDGE_LOOP ( 'NONE', ( #1083, #6234, #3929, #1235 ) ) ;
#1825 = CARTESIAN_POINT ( 'NONE',  ( 0.8922005383792555033, -1.545336663013183287, -6.641666666666664831 ) ) ;
#1826 = FACE_OUTER_BOUND ( 'NONE', #926, .T. ) ;
#1827 = CARTESIAN_POINT ( 'NONE',  ( 1.764863307568880879, 1.018944305707776943, 15.61770833333334174 ) ) ;
#1828 = EDGE_LOOP ( 'NONE', ( #2629, #1438, #3491, #5913, #3423, #1888, #2162, #3735 ) ) ;
#1829 = CARTESIAN_POINT ( 'NONE',  ( 0.8922005383792567246, 1.545336663013171741, -9.120833333333330017 ) ) ;
#1830 = CARTESIAN_POINT ( 'NONE',  ( 1.176575538379254882, -2.037888611415580975, -3.426041666666667318 ) ) ;
#1831 = CIRCLE ( 'NONE', #1512, 1.999999999999998668 ) ;
#1832 = CARTESIAN_POINT ( 'NONE',  ( 2.309401076758508697, -8.290308793092364557E-15, 16.32499999999999929 ) ) ;
#1833 = CARTESIAN_POINT ( 'NONE',  ( 0.000000000000000000, 1.545336663013172185, -8.362499999999997158 ) ) ;
#1834 = CARTESIAN_POINT ( 'NONE',  ( 4.898587196589425648E-16, 1.999999999999997335, 18.60000000000000142 ) ) ;
#1835 = CARTESIAN_POINT ( 'NONE',  ( -0.8922005383792488420, -1.545336663013171519, 9.354166666666673180 ) ) ;
#1836 = CARTESIAN_POINT ( 'NONE',  ( 0.7277732245646392206, 1.625889843648153255, -1.274435563163645257 ) ) ;
#1837 = CARTESIAN_POINT ( 'NONE',  ( 2.353151076758506655, -8.298345537711768183E-15, 13.50312500000000249 ) ) ;
#1838 = EDGE_LOOP ( 'NONE', ( #4276, #3196, #5771, #393, #3570, #4053 ) ) ;
#1839 = AXIS2_PLACEMENT_3D ( 'NONE', #6450, #3278, #4077 ) ;
#1840 = CARTESIAN_POINT ( 'NONE',  ( 0.8922005383792491751, 1.545336663013156198, 9.004166666666735708 ) ) ;
#1841 = ORIENTED_EDGE ( 'NONE', *, *, #4594, .F. ) ;
#1842 = DIRECTION ( 'NONE',  ( 0.000000000000000000, 1.000000000000000000, 0.000000000000000000 ) ) ;
#1843 = CARTESIAN_POINT ( 'NONE',  ( -1.338300807568872708, -0.7726683315065896451, 8.683333333333337123 ) ) ;
#1844 = AXIS2_PLACEMENT_3D ( 'NONE', #4907, #2895, #5606 ) ;
#1845 = CARTESIAN_POINT ( 'NONE',  ( 0.8922005383792478428, -1.545336663013172851, 20.05833333333333712 ) ) ;
#1846 = DIRECTION ( 'NONE',  ( 0.000000000000000000, 1.000000000000000000, 0.000000000000000000 ) ) ;
#1847 = CARTESIAN_POINT ( 'NONE',  ( -2.744999999999999662, 1.879275126212228031, 0.2232411399076060510 ) ) ;
#1848 = CARTESIAN_POINT ( 'NONE',  ( -1.732050807568881634, 0.9999999999999950040, 17.31666666666666643 ) ) ;
#1849 = CARTESIAN_POINT ( 'NONE',  ( 4.898587196589425648E-16, 1.999999999999997335, 15.80000000000000071 ) ) ;
#1850 = B_SPLINE_CURVE_WITH_KNOTS ( 'NONE', 3,
 ( #5078, #518, #3609, #4081, #2972, #1356, #5017, #4617, #457, #4582, #6118, #2474, #3103, #1969, #1572, #6551, #3576, #6425, #1046, #2570, #4049, #1852, #1473, #3891, #4521, #5048, #3072, #4019, #5110, #6082 ),
 .UNSPECIFIED., .F., .F.,
 ( 4, 2, 2, 2, 2, 2, 2, 2, 2, 2, 2, 2, 2, 2, 4 ),
 ( 0.003401739443100855898, 0.003747304753924209000, 0.004092870064747562535, 0.004438435375570915636, 0.004784000686394268738, 0.005475131308040974074, 0.006166261929687679409, 0.006511827240511032511, 0.006857392551334384745, 0.007202957862157736979, 0.007548523172981089213, 0.007894088483804443182, 0.008239653794627795416, 0.008585219105451147650, 0.008930784416274499884 ),
 .UNSPECIFIED. ) ;
#1851 = CARTESIAN_POINT ( 'NONE',  ( 1.732050807568882522, 0.9999999999999933387, 10.78333333333333499 ) ) ;
#1852 = CARTESIAN_POINT ( 'NONE',  ( 1.245278031080630621, 1.173574558514572708, 19.37716044537509319 ) ) ;
#1853 = CARTESIAN_POINT ( 'NONE',  ( -0.8922005383792488420, -1.545336663013171519, 12.15416666666667211 ) ) ;
#1854 = EDGE_CURVE ( 'NONE', #4238, #2454, #1951, .T. ) ;
#1855 = EDGE_CURVE ( 'NONE', #5903, #6410, #1486, .T. ) ;
#1856 = CARTESIAN_POINT ( 'NONE',  ( -2.449293598294700498E-16, -2.000000000000002665, 18.16250000000000142 ) ) ;
#1857 = CARTESIAN_POINT ( 'NONE',  ( 1.338300807568883144, -0.7726683315065940860, -2.295833333333330284 ) ) ;
#1858 = ORIENTED_EDGE ( 'NONE', *, *, #2426, .T. ) ;
#1859 = CC_DESIGN_PERSON_AND_ORGANIZATION_ASSIGNMENT ( #3634, #540, ( #1630 ) ) ;
#1860 = CARTESIAN_POINT ( 'NONE',  ( 1.338300807568884698, 0.7726683315065826507, -5.766666666666664831 ) ) ;
#1861 = CARTESIAN_POINT ( 'NONE',  ( -3.000000000000000000, -1.732050807568880080, -9.165151389911683211 ) ) ;
#1862 = CARTESIAN_POINT ( 'NONE',  ( 2.353151076758506655, -8.298345537711768183E-15, 14.15937500000000782 ) ) ;
#1863 = VERTEX_POINT ( 'NONE', #3626 ) ;
#1864 = CARTESIAN_POINT ( 'NONE',  ( -0.8768479510714520808, 1.545336663013172407, -0.6926704405430877953 ) ) ;
#1865 = CARTESIAN_POINT ( 'NONE',  ( 0.000000000000000000, 1.545336663013172185, -9.849999999999997868 ) ) ;
#1866 = CARTESIAN_POINT ( 'NONE',  ( 1.784401076758511895, -5.562583796558095606E-15, -8.537499999999996092 ) ) ;
#1867 = CARTESIAN_POINT ( 'NONE',  ( -2.449293598294712824E-16, -2.000000000000012879, 10.55000000000000249 ) ) ;
#1868 = CARTESIAN_POINT ( 'NONE',  ( -3.000000000000000000, -1.437602170282236802, 19.77675886009237871 ) ) ;
#1869 = CARTESIAN_POINT ( 'NONE',  ( -1.764863307568880213, -1.018944305707793596, 13.21145833333333464 ) ) ;
#1870 = ORIENTED_EDGE ( 'NONE', *, *, #2589, .T. ) ;
#1871 = AXIS2_PLACEMENT_3D ( 'NONE', #4188, #5115, #3683 ) ;
#1872 = CARTESIAN_POINT ( 'NONE',  ( 1.154700538379586749, -1.999999999999483080, 12.62083333333339041 ) ) ;
#1873 = ORIENTED_EDGE ( 'NONE', *, *, #6385, .F. ) ;
#1874 = CARTESIAN_POINT ( 'NONE',  ( 4.898587196589426634E-16, 1.999999999999997780, 15.71250000000001101 ) ) ;
#1875 = CARTESIAN_POINT ( 'NONE',  ( 0.8922005383792477318, -1.545336663013172407, 19.27083333333333925 ) ) ;
#1876 = CARTESIAN_POINT ( 'NONE',  ( 1.154700538379271668, 1.999999999999969136, 11.54166666666667140 ) ) ;
#1877 = CARTESIAN_POINT ( 'NONE',  ( -1.892491597964123770E-16, -1.545336663013172185, 14.40000000000000391 ) ) ;
#1878 = ORIENTED_EDGE ( 'NONE', *, *, #5088, .T. ) ;
#1879 = CARTESIAN_POINT ( 'NONE',  ( 1.732050807569995854, -1.000000000000654810, 16.17916666666741676 ) ) ;
#1880 = CARTESIAN_POINT ( 'NONE',  ( 1.338300807568873152, 0.7726683315065731028, 18.74583333333340107 ) ) ;
#1881 = DIRECTION ( 'NONE',  ( 0.000000000000000000, 1.000000000000000000, 0.000000000000000000 ) ) ;
#1882 = CARTESIAN_POINT ( 'NONE',  ( 1.176575538379254882, -2.037888611415580975, -1.369791666666663188 ) ) ;
#1883 = DIRECTION ( 'NONE',  ( -0.000000000000000000, 1.059903591714612962E-16, -1.000000000000000000 ) ) ;
#1884 = CARTESIAN_POINT ( 'NONE',  ( -2.449293598294699512E-16, -2.000000000000002220, 13.96250000000000036 ) ) ;
#1885 = CARTESIAN_POINT ( 'NONE',  ( -1.784401076758496574, -7.756815644250031206E-15, 10.63750000000000639 ) ) ;
#1886 = CARTESIAN_POINT ( 'NONE',  ( -2.999999999999999112, 0.4872137958564113358, 0.05214839990361725547 ) ) ;
#1887 = CARTESIAN_POINT ( 'NONE',  ( 1.338300807568883144, -0.7726683315065941970, -3.695833333333330639 ) ) ;
#1888 = ORIENTED_EDGE ( 'NONE', *, *, #3903, .T. ) ;
#1889 = EDGE_CURVE ( 'NONE', #6053, #5114, #3121, .T. ) ;
#1890 = CARTESIAN_POINT ( 'NONE',  ( -1.338300807568884032, -0.7726683315065934199, -5.416666666666664298 ) ) ;
#1891 = CARTESIAN_POINT ( 'NONE',  ( 1.199675254255598622, -0.9740865908015787777, 8.900000000000003908 ) ) ;
#1892 = CARTESIAN_POINT ( 'NONE',  ( -2.353151076758506655, -7.721989750899276899E-15, 13.80937500000000462 ) ) ;
#1893 = CARTESIAN_POINT ( 'NONE',  ( 1.338300807568883366, -0.7726683315065945301, -7.895833333333331261 ) ) ;
#1894 = CARTESIAN_POINT ( 'NONE',  ( -0.8922005383792565025, -1.545336663013182621, -8.858333333333330728 ) ) ;
#1895 = EDGE_CURVE ( 'NONE', #6243, #6410, #4098, .T. ) ;
#1896 = CYLINDRICAL_SURFACE ( 'NONE', #6129, 2.000000000000000000 ) ;
#1897 = CARTESIAN_POINT ( 'NONE',  ( -1.338300807568884032, -0.7726683315065934199, -6.729166666666663410 ) ) ;
#1898 = CARTESIAN_POINT ( 'NONE',  ( 0.1484920928138669660, -1.764378979406752368, 19.43607403808987044 ) ) ;
#1899 = CARTESIAN_POINT ( 'NONE',  ( -1.338300807568872486, 0.7726683315065743241, 9.179166666666672469 ) ) ;
#1900 = CARTESIAN_POINT ( 'NONE',  ( -1.732050807568880968, -1.000000000000006217, -2.966666666666665009 ) ) ;
#1901 = CARTESIAN_POINT ( 'NONE',  ( 4.991387529977850254E-16, 2.037888611415564544, 12.97812500000000391 ) ) ;
#1902 = ORIENTED_EDGE ( 'NONE', *, *, #2226, .T. ) ;
#1903 = EDGE_CURVE ( 'NONE', #941, #420, #6445, .T. ) ;
#1904 = CARTESIAN_POINT ( 'NONE',  ( 1.536441142686956196, 0.1655717883924040790, 8.900000000231749198 ) ) ;
#1905 = LINE ( 'NONE', #3442, #999 ) ;
#1906 = ORIENTED_EDGE ( 'NONE', *, *, #1420, .F. ) ;
#1907 = CARTESIAN_POINT ( 'NONE',  ( 0.000000000000000000, 2.037888611415570761, -8.734375000000000000 ) ) ;
#1908 = CARTESIAN_POINT ( 'NONE',  ( 3.784983195928246554E-16, 1.545336663013156420, 18.86250000000000782 ) ) ;
#1909 = CARTESIAN_POINT ( 'NONE',  ( -1.338300807568872708, 0.7726683315065744351, 15.56666666666666998 ) ) ;
#1910 = VERTEX_POINT ( 'NONE', #564 ) ;
#1911 = CARTESIAN_POINT ( 'NONE',  ( 1.154700538379340946, 2.000000000000146549, -2.470833333333418480 ) ) ;
#1912 = CARTESIAN_POINT ( 'NONE',  ( 1.199675254255598622, -0.9740865908015786667, 8.900000000000003908 ) ) ;
#1913 = CARTESIAN_POINT ( 'NONE',  ( 2.309401076758505589, -5.380417585184924391E-15, -3.987499999999998046 ) ) ;
#1914 = CARTESIAN_POINT ( 'NONE',  ( 1.154700538379263897, 1.999999999999983125, 12.24166666666666892 ) ) ;
#1915 = CARTESIAN_POINT ( 'NONE',  ( 1.732050807568882522, 0.9999999999999933387, 13.58333333333333215 ) ) ;
#1916 = CARTESIAN_POINT ( 'NONE',  ( 0.000000000000000000, 1.999999999999997335, -6.612499999999998934 ) ) ;
#1917 = CARTESIAN_POINT ( 'NONE',  ( 3.784983195928246554E-16, 1.545336663013156420, 9.062500000000007105 ) ) ;
#1918 =( BOUNDED_CURVE ( )  B_SPLINE_CURVE ( 2, ( #6074, #44, #5102, #4640, #6574, #541, #5538 ),
 .UNSPECIFIED., .F., .T. ) 
 B_SPLINE_CURVE_WITH_KNOTS ( ( 3, 2, 2, 3 ),
 ( 0.08333333333333350912, 0.09259259259259275399, 0.1018518518518519989, 0.1111111111111112576 ),
 .UNSPECIFIED. ) 
 CURVE ( )  GEOMETRIC_REPRESENTATION_ITEM ( )  RATIONAL_B_SPLINE_CURVE ( ( 0.9999999999999973355, 0.8660254037844412611, 1.000000000000000000, 0.8660254037844387076, 1.000000000000000000, 0.8660254037844364872, 1.000000000000002220 ) ) 
 REPRESENTATION_ITEM ( '' )  );
#1919 = CARTESIAN_POINT ( 'NONE',  ( 1.784401076758511451, -5.348270606707309096E-15, -5.037499999999996980 ) ) ;
#1920 = VERTEX_POINT ( 'NONE', #1717 ) ;
#1921 = CARTESIAN_POINT ( 'NONE',  ( 0.8922005383792555033, -1.545336663013183287, -4.541666666666664298 ) ) ;
#1922 = CARTESIAN_POINT ( 'NONE',  ( 0.1469841347605856663, -1.546215401853136662, 19.21970933151039773 ) ) ;
#1923 = CARTESIAN_POINT ( 'NONE',  ( -2.353151076758506655, -7.721989750899276899E-15, 15.20937500000000675 ) ) ;
#1924 = EDGE_CURVE ( 'NONE', #3639, #5609, #4300, .T. ) ;
#1925 = CARTESIAN_POINT ( 'NONE',  ( -0.8922005383792565025, -1.545336663013182177, -1.858333333333331838 ) ) ;
#1926 = CARTESIAN_POINT ( 'NONE',  ( -1.892491597964140040E-16, -1.545336663013182843, -6.699999999999997513 ) ) ;
#1927 = CARTESIAN_POINT ( 'NONE',  ( -1.784401076758511895, -5.061237626193379127E-15, -7.487499999999996270 ) ) ;
#1928 = CARTESIAN_POINT ( 'NONE',  ( 1.080496166152404625, 2.840276862751302200, 0.05189620521843228002 ) ) ;
#1929 = DIRECTION ( 'NONE',  ( -0.000000000000000000, 1.059903591714612962E-16, -1.000000000000000000 ) ) ;
#1930 = CARTESIAN_POINT ( 'NONE',  ( -1.764863307568879991, 1.018944305707778719, 15.19479166666666892 ) ) ;
#1931 = ORIENTED_EDGE ( 'NONE', *, *, #5446, .T. ) ;
#1932 = EDGE_CURVE ( 'NONE', #5763, #5653, #1979, .T. ) ;
#1933 = CARTESIAN_POINT ( 'NONE',  ( -0.8922005383792480648, 1.545336663013156642, 9.120833333333402848 ) ) ;
#1934 = CARTESIAN_POINT ( 'NONE',  ( 1.338300807568883588, -0.7726683315065941970, -0.9833333333333308390 ) ) ;
#1935 = VERTEX_POINT ( 'NONE', #5390 ) ;
#1936 = CARTESIAN_POINT ( 'NONE',  ( -1.764863307568883322, -1.018944305707792708, -7.801041666666668206 ) ) ;
#1937 = CARTESIAN_POINT ( 'NONE',  ( -1.892491597964123277E-16, -1.545336663013171963, 8.800000000000004263 ) ) ;
#1938 = DIRECTION ( 'NONE',  ( -0.000000000000000000, 1.059903591714612962E-16, -1.000000000000000000 ) ) ;
#1939 = CARTESIAN_POINT ( 'NONE',  ( 3.784983195928247540E-16, 1.545336663013156642, 16.15000000000000568 ) ) ;
#1940 = EDGE_LOOP ( 'NONE', ( #4117, #117 ) ) ;
#1941 = CARTESIAN_POINT ( 'NONE',  ( 0.8922005383792670496, -1.545336663013205492, 9.558333333333358439 ) ) ;
#1942 = FACE_OUTER_BOUND ( 'NONE', #5428, .T. ) ;
#1943 = VECTOR ( 'NONE', #3041, 1000.000000000000000 ) ;
#1944 = CARTESIAN_POINT ( 'NONE',  ( -1.732050807568910278, 1.000000000000014211, -5.795833333333352044 ) ) ;
#1945 = CARTESIAN_POINT ( 'NONE',  ( 0.000000000000000000, 5.246303815928974609E-16, -9.500000000000000000 ) ) ;
#1946 = CARTESIAN_POINT ( 'NONE',  ( -1.338300807568872708, -0.7726683315065896451, 9.295833333333339610 ) ) ;
#1947 = ORIENTED_EDGE ( 'NONE', *, *, #561, .T. ) ;
#1948 = CARTESIAN_POINT ( 'NONE',  ( 0.2550000000103331277, 3.316877296488431881, 19.77675886009537010 ) ) ;
#1949 = CARTESIAN_POINT ( 'NONE',  ( 1.784401076758511451, -5.133957416856522587E-15, -1.537499999999997202 ) ) ;
#1950 = ORIENTED_EDGE ( 'NONE', *, *, #4504, .F. ) ;
#1951 =( BOUNDED_CURVE ( )  B_SPLINE_CURVE ( 2, ( #5222, #5595, #1518, #4165, #2684, #132, #3659 ),
 .UNSPECIFIED., .F., .F. ) 
 B_SPLINE_CURVE_WITH_KNOTS ( ( 3, 2, 2, 3 ),
 ( 0.09561352243111169436, 0.09770348055933499032, 0.09979343868755824465, 0.1018833968157815406 ),
 .UNSPECIFIED. ) 
 CURVE ( )  GEOMETRIC_REPRESENTATION_ITEM ( )  RATIONAL_B_SPLINE_CURVE ( ( 1.000000000000000000, 0.8660254037844387076, 1.000000000000000000, 0.8660254037844387076, 1.000000000000000000, 0.8660254037844081765, 1.000000000000030420 ) ) 
 REPRESENTATION_ITEM ( '' )  );
#1952 = CARTESIAN_POINT ( 'NONE',  ( -1.338300807568872486, 0.7726683315065743241, 20.37916666666667354 ) ) ;
#1953 = CARTESIAN_POINT ( 'NONE',  ( -1.764863307568880213, -1.018944305707793596, 11.76770833333334032 ) ) ;
#1954 = CARTESIAN_POINT ( 'NONE',  ( 1.338300807568884476, 0.7726683315065825397, -6.379166666666662877 ) ) ;
#1955 = CARTESIAN_POINT ( 'NONE',  ( -1.892491597964140040E-16, -1.545336663013183065, -8.799999999999997158 ) ) ;
#1956 = VECTOR ( 'NONE', #6091, 1000.000000000000000 ) ;
#1957 = CARTESIAN_POINT ( 'NONE',  ( 0.000000000000000000, 1.999999999999998668, -7.399999999999998579 ) ) ;
#1958 = CARTESIAN_POINT ( 'NONE',  ( -0.8922005383792557254, 1.545336663013172851, -3.404166666666663676 ) ) ;
#1959 = CARTESIAN_POINT ( 'NONE',  ( 0.6647898579267996766, 3.080285011709180676, 0.1169469445462798379 ) ) ;
#1960 = COORDINATED_UNIVERSAL_TIME_OFFSET ( 6, 0, .BEHIND. ) ;
#1961 = CARTESIAN_POINT ( 'NONE',  ( -2.449293598294711345E-16, -2.000000000000009326, -7.749999999999998224 ) ) ;
#1962 = CARTESIAN_POINT ( 'NONE',  ( -2.495693764988925127E-16, -2.037888611415580531, 15.42812500000000320 ) ) ;
#1963 = EDGE_LOOP ( 'NONE', ( #2073, #5108, #451, #1470, #4673 ) ) ;
#1964 = CARTESIAN_POINT ( 'NONE',  ( -1.732050807570006290, -1.000000000000659250, 15.94583333333409314 ) ) ;
#1965 = CARTESIAN_POINT ( 'NONE',  ( 1.784401076758511895, -5.096452608632635579E-15, -0.9249999999999970468 ) ) ;
#1966 = ORIENTED_EDGE ( 'NONE', *, *, #6297, .F. ) ;
#1967 = CARTESIAN_POINT ( 'NONE',  ( 0.000000000000000000, 2.037888611415570761, -10.13437500000000036 ) ) ;
#1968 = EDGE_CURVE ( 'NONE', #1381, #1332, #2884, .T. ) ;
#1969 = CARTESIAN_POINT ( 'NONE',  ( 0.02708401791256645832, 1.767931272878719096, 19.43438216184851086 ) ) ;
#1970 = CARTESIAN_POINT ( 'NONE',  ( -1.892491597964123277E-16, -1.545336663013171963, 20.61250000000000426 ) ) ;
#1971 = CARTESIAN_POINT ( 'NONE',  ( -1.521338816892491730, -0.3792608713385900998, -1.149613895525960716 ) ) ;
#1972 = CARTESIAN_POINT ( 'NONE',  ( -1.892491597964123770E-16, -1.545336663013172185, 16.50000000000000355 ) ) ;
#1973 = ORIENTED_EDGE ( 'NONE', *, *, #3483, .T. ) ;
#1974 = CARTESIAN_POINT ( 'NONE',  ( 0.8922005383792491751, 1.545336663013156198, 18.80416666666673464 ) ) ;
#1975 = LINE ( 'NONE', #3888, #60 ) ;
#1976 = FACE_OUTER_BOUND ( 'NONE', #2697, .T. ) ;
#1977 = FACE_OUTER_BOUND ( 'NONE', #4928, .T. ) ;
#1978 = CYLINDRICAL_SURFACE ( 'NONE', #5356, 2.000000000000000000 ) ;
#1979 = B_SPLINE_CURVE_WITH_KNOTS ( 'NONE', 3,
 ( #3322, #1190, #2779, #6262, #5797, #2321 ),
 .UNSPECIFIED., .F., .F.,
 ( 4, 2, 4 ),
 ( 1.160551444761191639E-14, 0.0002683679863540057832, 0.0005367359726964060496 ),
 .UNSPECIFIED. ) ;
#1980 = CARTESIAN_POINT ( 'NONE',  ( 1.732050807568878081, 0.9999999999999906741, 18.39583333333333925 ) ) ;
#1981 = CARTESIAN_POINT ( 'NONE',  ( 1.176575538379256658, 2.037888611415570317, -8.136458333333330017 ) ) ;
#1982 = CARTESIAN_POINT ( 'NONE',  ( 2.449293598294704442E-16, -1.999999999999997780, -9.500000000000000000 ) ) ;
#1983 = CARTESIAN_POINT ( 'NONE',  ( -2.353151076758506655, -7.721989750899276899E-15, 8.909375000000007816 ) ) ;
#1984 =( BOUNDED_CURVE ( )  B_SPLINE_CURVE ( 2, ( #6087, #496, #952, #2977, #2909, #3044, #2448 ),
 .UNSPECIFIED., .F., .F. ) 
 B_SPLINE_CURVE_WITH_KNOTS ( ( 3, 2, 2, 3 ),
 ( 0.7500000000000001110, 0.7592592592592594114, 0.7685185185185184897, 0.7777777777777777901 ),
 .UNSPECIFIED. ) 
 CURVE ( )  GEOMETRIC_REPRESENTATION_ITEM ( )  RATIONAL_B_SPLINE_CURVE ( ( 0.9999999999999984457, 0.8660254037844402619, 1.000000000000000000, 0.8660254037844387076, 1.000000000000000000, 0.8660254037844387076, 1.000000000000000000 ) ) 
 REPRESENTATION_ITEM ( '' )  );
#1985 = CARTESIAN_POINT ( 'NONE',  ( 1.338300807568884476, 0.7726683315065826507, -4.979166666666664298 ) ) ;
#1986 = CARTESIAN_POINT ( 'NONE',  ( 1.784401076758511895, -5.525078988334207809E-15, -7.924999999999998046 ) ) ;
#1987 = DIRECTION ( 'NONE',  ( -0.000000000000000000, 1.059903591714612962E-16, -1.000000000000000000 ) ) ;
#1988 = CARTESIAN_POINT ( 'NONE',  ( 1.338300807568884476, 0.7726683315065826507, -3.579166666666663499 ) ) ;
#1989 = CARTESIAN_POINT ( 'NONE',  ( 4.898587196589425648E-16, 1.999999999999997335, 14.40000000000000036 ) ) ;
#1990 = CALENDAR_DATE ( 2026, 8, 1 ) ;
#1991 = CARTESIAN_POINT ( 'NONE',  ( 3.000000000000000000, -0.4849643977005771989, 19.96535898384863827 ) ) ;
#1992 = CARTESIAN_POINT ( 'NONE',  ( 4.991387529977850254E-16, 2.037888611415564544, 11.57812500000000355 ) ) ;
#1993 = ORIENTED_EDGE ( 'NONE', *, *, #5454, .F. ) ;
#1994 = CARTESIAN_POINT ( 'NONE',  ( -1.326589509536751921, 0.7926068856878146773, -0.6348516746571954972 ) ) ;
#1995 = VERTEX_POINT ( 'NONE', #234 ) ;
#1996 = CARTESIAN_POINT ( 'NONE',  ( -2.449293598294699019E-16, -2.000000000000002665, 11.16250000000000142 ) ) ;
#1997 = EDGE_LOOP ( 'NONE', ( #4576, #2902, #455, #771, #2686, #5744, #670, #46, #3443, #2970 ) ) ;
#1998 = CARTESIAN_POINT ( 'NONE',  ( 0.8922005383792491751, 1.545336663013155754, 13.99166666666666892 ) ) ;
#1999 = CARTESIAN_POINT ( 'NONE',  ( -1.732050807568881634, 0.9999999999999950040, 8.916666666666666075 ) ) ;
#2000 = CARTESIAN_POINT ( 'NONE',  ( -1.338300807568872486, 0.7726683315065743241, 15.47916666666667318 ) ) ;
#2001 = CARTESIAN_POINT ( 'NONE',  ( 2.309401076758507365, -5.514363328841669114E-15, -6.174999999999998934 ) ) ;
#2002 = CARTESIAN_POINT ( 'NONE',  ( -1.338300807568872708, 0.7726683315065744351, 16.26666666666667282 ) ) ;
#2003 = ORIENTED_EDGE ( 'NONE', *, *, #6056, .T. ) ;
#2004 = CARTESIAN_POINT ( 'NONE',  ( 1.732050807569009088, -1.000000000000081934, -2.645833333333418302 ) ) ;
#2005 = CARTESIAN_POINT ( 'NONE',  ( -1.338300807568872486, 0.7726683315065743241, 15.47916666666673535 ) ) ;
#2006 = EDGE_CURVE ( 'NONE', #4456, #3506, #3978, .T. ) ;
#2007 = CARTESIAN_POINT ( 'NONE',  ( 0.000000000000000000, 1.999999999999997335, -7.312499999999998224 ) ) ;
#2008 = DIRECTION ( 'NONE',  ( -0.000000000000000000, 1.059903591714612962E-16, -1.000000000000000000 ) ) ;
#2009 = CARTESIAN_POINT ( 'NONE',  ( -8.104311360326167691E-14, 1.738027315355204383, -1.251249999999995977 ) ) ;
#2010 = CYLINDRICAL_SURFACE ( 'NONE', #3758, 1.999999999999998224 ) ;
#2011 = CARTESIAN_POINT ( 'NONE',  ( -0.8922005383792672717, 1.545336663013189504, 16.90833333333335986 ) ) ;
#2012 = EDGE_CURVE ( 'NONE', #6448, #3415, #1259, .T. ) ;
#2013 = CARTESIAN_POINT ( 'NONE',  ( -1.892491597964139547E-16, -1.545336663013181955, -1.012499999999997735 ) ) ;
#2014 = ADVANCED_BREP_SHAPE_REPRESENTATION ( '93655A430_Male-Female Threaded Hex Standoff', ( #6169, #1844 ), #3342 ) ;
#2015 = EDGE_CURVE ( 'NONE', #5981, #1238, #5255, .T. ) ;
#2016 = CARTESIAN_POINT ( 'NONE',  ( -0.8922005383792488420, -1.545336663013171519, 19.15416666666667211 ) ) ;
#2017 = CARTESIAN_POINT ( 'NONE',  ( -1.764863307568879991, 1.018944305707778719, 12.35104166666667425 ) ) ;
#2018 = EDGE_LOOP ( 'NONE', ( #2511, #2066, #5573, #1349 ) ) ;
#2019 = CARTESIAN_POINT ( 'NONE',  ( 1.338300807568884476, 0.7726683315065825397, -7.079166666666663943 ) ) ;
#2020 = CARTESIAN_POINT ( 'NONE',  ( -0.8922005383792565025, -1.545336663013182177, -5.358333333333331616 ) ) ;
#2021 = CARTESIAN_POINT ( 'NONE',  ( -2.309401076758507365, -4.970154520506796280E-15, -6.524999999999998579 ) ) ;
#2022 = CARTESIAN_POINT ( 'NONE',  ( -0.8922005383792557254, 1.545336663013172407, -4.804166666666663588 ) ) ;
#2023 = CARTESIAN_POINT ( 'NONE',  ( 2.887156314016932956, 1.769854750744538352, 19.74292499065325757 ) ) ;
#2024 = PERSON_AND_ORGANIZATION_ROLE ( 'creator' ) ;
#2025 = CARTESIAN_POINT ( 'NONE',  ( 4.991387529977850254E-16, 2.037888611415564544, 19.93437500000000639 ) ) ;
#2026 = CARTESIAN_POINT ( 'NONE',  ( -2.495693764988925127E-16, -2.037888611415580531, 9.828125000000003553 ) ) ;
#2027 = ORIENTED_EDGE ( 'NONE', *, *, #2593, .F. ) ;
#2028 = CARTESIAN_POINT ( 'NONE',  ( 1.338300807568883144, -0.7726683315065943081, -6.495833333333330017 ) ) ;
#2029 = EDGE_LOOP ( 'NONE', ( #4314, #3901, #5167, #1441 ) ) ;
#2030 = CARTESIAN_POINT ( 'NONE',  ( -1.732050807568879636, -1.000000000000008660, 11.04583333333333961 ) ) ;
#2031 = ORIENTED_EDGE ( 'NONE', *, *, #1895, .T. ) ;
#2032 = CARTESIAN_POINT ( 'NONE',  ( 3.784983195928246554E-16, 1.545336663013156420, 13.35000000000000497 ) ) ;
#2033 = CARTESIAN_POINT ( 'NONE',  ( -2.309401076758508697, -7.724668665772411967E-15, 8.975000000000001421 ) ) ;
#2034 = CARTESIAN_POINT ( 'NONE',  ( 0.8922005383792491751, 1.545336663013155754, 14.60416666666667318 ) ) ;
#2035 = CARTESIAN_POINT ( 'NONE',  ( 0.000000000000000000, -4.336808689942017736E-15, 0.000000000000000000 ) ) ;
#2036 = CARTESIAN_POINT ( 'NONE',  ( -1.338300807568872930, -0.7726683315065897562, 12.18333333333333712 ) ) ;
#2037 = ORIENTED_EDGE ( 'NONE', *, *, #3818, .F. ) ;
#2038 = CARTESIAN_POINT ( 'NONE',  ( -1.338300807568872486, 0.7726683315065743241, 16.17916666666673819 ) ) ;
#2039 = CARTESIAN_POINT ( 'NONE',  ( 1.154700538379408448, 2.000000000000039524, 13.55416666666675773 ) ) ;
#2040 = CARTESIAN_POINT ( 'NONE',  ( 2.309401076758614835, -8.290308793092383490E-15, 16.93750000000006040 ) ) ;
#2041 = CARTESIAN_POINT ( 'NONE',  ( -2.335210142073200767, -2.115867410997450904, 19.88305305545372548 ) ) ;
#2042 = CARTESIAN_POINT ( 'NONE',  ( -1.401258538444156709, -1.427050983124758199, -9.150000000000002132 ) ) ;
#2043 = ADVANCED_FACE ( 'NONE', ( #5353 ), #4831, .T. ) ;
#2044 = CARTESIAN_POINT ( 'NONE',  ( 1.338300807568900908, -0.7726683315066071867, 14.51666666666669059 ) ) ;
#2045 = CARTESIAN_POINT ( 'NONE',  ( -2.353151076758510651, -5.008998786167250822E-15, -7.203124999999997335 ) ) ;
#2046 = CARTESIAN_POINT ( 'NONE',  ( 2.309401076758501592, -8.290308793092361401E-15, 12.03750000000000320 ) ) ;
#2047 = ADVANCED_FACE ( 'NONE', ( #2816 ), #3857, .F. ) ;
#2048 = CARTESIAN_POINT ( 'NONE',  ( -1.784401076758496574, -7.756815644250031206E-15, 18.33750000000000568 ) ) ;
#2049 = LOCAL_TIME ( 18, 9, 43.00000000000000000, #1960 ) ;
#2050 = CARTESIAN_POINT ( 'NONE',  ( 1.176575538379254660, 2.037888611415564100, 12.17604166666667354 ) ) ;
#2051 = EDGE_LOOP ( 'NONE', ( #6430, #3480, #3533, #5015 ) ) ;
#2052 = CARTESIAN_POINT ( 'NONE',  ( 1.784401076758511673, -5.348270606707309096E-15, -5.037499999999996980 ) ) ;
#2053 = CARTESIAN_POINT ( 'NONE',  ( 1.338300807568884698, 0.7726683315065828728, -2.266666666666664387 ) ) ;
#2054 = CARTESIAN_POINT ( 'NONE',  ( -2.999999999999999556, -0.4849643976934054912, 19.96535898384863827 ) ) ;
#2055 = CARTESIAN_POINT ( 'NONE',  ( 1.784401076758511895, -5.348270606707309096E-15, -5.037499999999996980 ) ) ;
#2056 = CARTESIAN_POINT ( 'NONE',  ( 0.4590845683326081894, 3.199049016030118153, 0.1644450345687396287 ) ) ;
#2057 = DATE_AND_TIME ( #43, #5359 ) ;
#2058 = CARTESIAN_POINT ( 'NONE',  ( 3.000000000000000000, -1.437602170282233915, 19.77675886009237871 ) ) ;
#2059 = CARTESIAN_POINT ( 'NONE',  ( -2.495693764988925127E-16, -2.037888611415580531, 10.52812500000000284 ) ) ;
#2060 = ORIENTED_EDGE ( 'NONE', *, *, #1130, .T. ) ;
#2061 = CARTESIAN_POINT ( 'NONE',  ( 1.338300807568883144, -0.7726683315065943081, -5.795833333333329840 ) ) ;
#2062 = ORIENTED_EDGE ( 'NONE', *, *, #2499, .F. ) ;
#2063 = CARTESIAN_POINT ( 'NONE',  ( -1.176575538379256214, -2.037888611415580531, -4.242708333333334636 ) ) ;
#2064 = AXIS2_PLACEMENT_3D ( 'NONE', #988, #3994, #6028 ) ;
#2065 = CONICAL_SURFACE ( 'NONE', #5594, 1.999999999999998668, 1.047197551196601406 ) ;
#2066 = ORIENTED_EDGE ( 'NONE', *, *, #2182, .T. ) ;
#2067 = CARTESIAN_POINT ( 'NONE',  ( -0.8922005383792488420, -1.545336663013171519, 14.34166666666666679 ) ) ;
#2068 = CARTESIAN_POINT ( 'NONE',  ( -1.732050807568881856, -1.000000000000009992, 13.23333333333333250 ) ) ;
#2069 = CARTESIAN_POINT ( 'NONE',  ( 0.8922005383792477318, -1.545336663013172407, 17.17083333333334139 ) ) ;
#2070 = CARTESIAN_POINT ( 'NONE',  ( -1.001762161646343463, 1.350516511987605250, -1.215412990959092276 ) ) ;
#2071 = CARTESIAN_POINT ( 'NONE',  ( 0.8922005383792491751, 1.545336663013155754, 9.004166666666671759 ) ) ;
#2072 = CARTESIAN_POINT ( 'NONE',  ( 1.338300807568872264, -0.7726683315065907554, 13.11666666666667069 ) ) ;
#2073 = ORIENTED_EDGE ( 'NONE', *, *, #2820, .T. ) ;
#2074 = CARTESIAN_POINT ( 'NONE',  ( 0.000000000000000000, 5.246303815928974609E-16, -9.500000000000000000 ) ) ;
#2075 = CARTESIAN_POINT ( 'NONE',  ( -1.338300807568872486, 0.7726683315065743241, 14.77916666666673606 ) ) ;
#2076 = CARTESIAN_POINT ( 'NONE',  ( -2.309401076758503812, -4.836208776850053923E-15, -4.337499999999997691 ) ) ;
#2077 = PLANE ( 'NONE',  #3865 ) ;
#2078 = CARTESIAN_POINT ( 'NONE',  ( -2.309401076760011939, -4.879071414820164524E-15, -5.037500000000750155 ) ) ;
#2079 = B_SPLINE_CURVE_WITH_KNOTS ( 'NONE', 3,
 ( #5954, #2512, #883, #984, #6493, #2543, #3010, #4988 ),
 .UNSPECIFIED., .F., .F.,
 ( 4, 2, 2, 4 ),
 ( 0.0003029783875858192590, 0.001749763421509611169, 0.002473155938471506988, 0.003196548455433402373 ),
 .UNSPECIFIED. ) ;
#2080 = CARTESIAN_POINT ( 'NONE',  ( -0.8922005383792679378, -1.545336663013204603, 14.34166666666668810 ) ) ;
#2081 = CARTESIAN_POINT ( 'NONE',  ( -2.353151076758510651, -5.094724062107565899E-15, -8.603124999999996803 ) ) ;
#2082 = CYLINDRICAL_SURFACE ( 'NONE', #4001, 2.000000000000000000 ) ;
#2083 = CARTESIAN_POINT ( 'NONE',  ( 0.8922005383792491751, 1.545336663013155754, 20.20416666666667282 ) ) ;
#2084 = ORIENTED_EDGE ( 'NONE', *, *, #1855, .F. ) ;
#2085 = APPLICATION_CONTEXT ( 'configuration controlled 3d designs of mechanical parts and assemblies' ) ;
#2086 = CARTESIAN_POINT ( 'NONE',  ( 0.000000000000000000, 1.545336663013172629, -3.462499999999996803 ) ) ;
#2087 = EDGE_CURVE ( 'NONE', #2447, #2167, #2290, .T. ) ;
#2088 = CARTESIAN_POINT ( 'NONE',  ( 0.8922005383792555033, -1.545336663013183065, -1.741666666666663810 ) ) ;
#2089 = FACE_OUTER_BOUND ( 'NONE', #143, .T. ) ;
#2090 = CARTESIAN_POINT ( 'NONE',  ( -1.784401076758511895, -4.846924436342592617E-15, -3.987499999999997158 ) ) ;
#2091 = CARTESIAN_POINT ( 'NONE',  ( 1.732050807568880302, -1.000000000000007994, -9.033333333333333215 ) ) ;
#2092 = APPROVAL_DATE_TIME ( #1465, #3245 ) ;
#2093 = FACE_OUTER_BOUND ( 'NONE', #3694, .T. ) ;
#2094 = CARTESIAN_POINT ( 'NONE',  ( -1.176575538379253105, 2.037888611415564544, 10.93645833333333783 ) ) ;
#2095 = VERTEX_POINT ( 'NONE', #3355 ) ;
#2096 = CARTESIAN_POINT ( 'NONE',  ( 0.8922005383792566136, 1.545336663013171741, -5.620833333333330017 ) ) ;
#2097 = VERTEX_POINT ( 'NONE', #5863 ) ;
#2098 = EDGE_CURVE ( 'NONE', #4776, #6033, #4365, .T. ) ;
#2099 = CARTESIAN_POINT ( 'NONE',  ( 1.764863307568883988, 1.018944305707781606, -3.951041666666667673 ) ) ;
#2100 = ORIENTED_EDGE ( 'NONE', *, *, #4678, .T. ) ;
#2101 = CARTESIAN_POINT ( 'NONE',  ( 0.8922005383792477318, -1.545336663013172407, 15.15833333333333677 ) ) ;
#2102 = CARTESIAN_POINT ( 'NONE',  ( 2.745000000000000107, -1.879275126212233804, 0.2232411399076054404 ) ) ;
#2103 = CARTESIAN_POINT ( 'NONE',  ( 1.338300807568872042, -0.7726683315065906443, 17.22916666666667496 ) ) ;
#2104 = CARTESIAN_POINT ( 'NONE',  ( 1.154700538371206786, 2.000000000013926194, 17.75416666666748000 ) ) ;
#2105 = CARTESIAN_POINT ( 'NONE',  ( -2.495693764988925127E-16, -2.037888611415580531, 20.32812500000000355 ) ) ;
#2106 = ADVANCED_FACE ( 'NONE', ( #2847 ), #4893, .F. ) ;
#2107 = CARTESIAN_POINT ( 'NONE',  ( 3.784983195928247540E-16, 1.545336663013156642, 11.95000000000000462 ) ) ;
#2108 = CARTESIAN_POINT ( 'NONE',  ( -2.449293598294711345E-16, -2.000000000000008882, -1.449999999999998845 ) ) ;
#2109 = CYLINDRICAL_SURFACE ( 'NONE', #5602, 2.000000000000000000 ) ;
#2110 = CARTESIAN_POINT ( 'NONE',  ( -1.338300807568872708, -0.7726683315065896451, 16.99583333333340107 ) ) ;
#2111 =( BOUNDED_CURVE ( )  B_SPLINE_CURVE ( 2, ( #5907, #5402, #4973, #3367, #342, #412, #4937 ),
 .UNSPECIFIED., .F., .F. ) 
 B_SPLINE_CURVE_WITH_KNOTS ( ( 3, 2, 2, 3 ),
 ( 0.2260126593839654474, 0.2379174212887274209, 0.2498221831934892556, 0.2617269450982511181 ),
 .UNSPECIFIED. ) 
 CURVE ( )  GEOMETRIC_REPRESENTATION_ITEM ( )  RATIONAL_B_SPLINE_CURVE ( ( 0.9999999999998809841, 0.8660254037845577235, 1.000000000000000000, 0.8660254037844387076, 1.000000000000000000, 0.8660254037843200248, 1.000000000000118794 ) ) 
 REPRESENTATION_ITEM ( '' )  );
#2112 = CARTESIAN_POINT ( 'NONE',  ( 0.000000000000000000, 1.895336663013171608, -5.902623590093553974E-17 ) ) ;
#2113 = AXIS2_PLACEMENT_3D ( 'NONE', #3238, #5717, #1147 ) ;
#2114 = CARTESIAN_POINT ( 'NONE',  ( -2.449293598294698526E-16, -1.999999999999998224, -4.862499999999992717 ) ) ;
#2115 = CARTESIAN_POINT ( 'NONE',  ( -1.338300807568901352, -0.7726683315066062985, 16.38333333333335418 ) ) ;
#2116 = CARTESIAN_POINT ( 'NONE',  ( -2.353151076758510651, -4.794685596316463524E-15, -3.703124999999997335 ) ) ;
#2117 = CARTESIAN_POINT ( 'NONE',  ( 2.954412202348664670E-11, -2.000000000000002220, 15.36250000000149107 ) ) ;
#2118 = CARTESIAN_POINT ( 'NONE',  ( 0.8922005383792477318, -1.545336663013172407, 17.17083333333334139 ) ) ;
#2119 = VERTEX_POINT ( 'NONE', #2222 ) ;
#2120 = CARTESIAN_POINT ( 'NONE',  ( -0.8922005383792565025, -1.545336663013182177, -3.958333333333330817 ) ) ;
#2121 = CARTESIAN_POINT ( 'NONE',  ( -1.784401076758511895, -5.109458093909805618E-15, -8.274999999999996803 ) ) ;
#2122 = CARTESIAN_POINT ( 'NONE',  ( -1.732050807568880746, 0.9999999999999974465, -2.383333333333331971 ) ) ;
#2123 = CARTESIAN_POINT ( 'NONE',  ( -1.784401076758511895, -5.152320731879963551E-15, -8.974999999999997868 ) ) ;
#2124 = DIRECTION ( 'NONE',  ( -0.000000000000000000, 1.059903591714612962E-16, -1.000000000000000000 ) ) ;
#2125 = CARTESIAN_POINT ( 'NONE',  ( -1.764863307568879991, 1.018944305707778719, 10.99479166666666963 ) ) ;
#2126 = EDGE_CURVE ( 'NONE', #2167, #2504, #5367, .T. ) ;
#2127 = ORIENTED_EDGE ( 'NONE', *, *, #3693, .F. ) ;
#2128 =( BOUNDED_CURVE ( )  B_SPLINE_CURVE ( 2, ( #1780, #3820, #4261, #5757, #1282, #5789, #2712 ),
 .UNSPECIFIED., .F., .T. ) 
 B_SPLINE_CURVE_WITH_KNOTS ( ( 3, 2, 2, 3 ),
 ( 0.1206966022489540102, 0.1227867614316632411, 0.1248769206143724442, 0.1269670797970816611 ),
 .UNSPECIFIED. ) 
 CURVE ( )  GEOMETRIC_REPRESENTATION_ITEM ( )  RATIONAL_B_SPLINE_CURVE ( ( 1.000000000000000000, 0.8660254037844385966, 1.000000000000000000, 0.8660254037844385966, 1.000000000000000000, 0.8660254037863177601, 0.9999999999981208365 ) ) 
 REPRESENTATION_ITEM ( '' )  );
#2129 = CARTESIAN_POINT ( 'NONE',  ( -1.892491597964140040E-16, -1.545336663013182843, -5.999999999999997335 ) ) ;
#2130 = CARTESIAN_POINT ( 'NONE',  ( -1.784401076758511451, -5.018374988223222771E-15, -6.787499999999996092 ) ) ;
#2131 = ORIENTED_EDGE ( 'NONE', *, *, #877, .F. ) ;
#2132 = CARTESIAN_POINT ( 'NONE',  ( 1.176575538379256658, 2.037888611415570317, -6.692708333333334814 ) ) ;
#2133 = ORIENTED_EDGE ( 'NONE', *, *, #3395, .T. ) ;
#2134 = CARTESIAN_POINT ( 'NONE',  ( -0.8922005383792481759, 1.545336663013156420, 15.50833333333333641 ) ) ;
#2135 = CARTESIAN_POINT ( 'NONE',  ( -1.054769024808354327, -1.129392627192826071, 19.21533666301202103 ) ) ;
#2136 = CARTESIAN_POINT ( 'NONE',  ( -1.338300807568872708, -0.7726683315065896451, 14.89583333333334103 ) ) ;
#2137 = CARTESIAN_POINT ( 'NONE',  ( 1.732050807568876749, -1.000000000000008660, 17.57916666666667282 ) ) ;
#2138 = CARTESIAN_POINT ( 'NONE',  ( 2.353151076758506655, -8.298345537711768183E-15, 19.80312500000000497 ) ) ;
#2139 = EDGE_CURVE ( 'NONE', #2266, #2154, #3967, .T. ) ;
#2140 = CARTESIAN_POINT ( 'NONE',  ( -1.338300807568872930, -0.7726683315065897562, 10.78333333333333677 ) ) ;
#2141 = ORIENTED_EDGE ( 'NONE', *, *, #2624, .F. ) ;
#2142 = DIRECTION ( 'NONE',  ( -0.000000000000000000, 1.059903591714612962E-16, -1.000000000000000000 ) ) ;
#2143 = CARTESIAN_POINT ( 'NONE',  ( -0.8922005383792480648, 1.545336663013156642, 17.52083333333340320 ) ) ;
#2144 = CC_DESIGN_PERSON_AND_ORGANIZATION_ASSIGNMENT ( #5039, #971, ( #1630 ) ) ;
#2145 = CARTESIAN_POINT ( 'NONE',  ( -2.999999999999999556, -0.4846353166988449646, 0.03464101615135010970 ) ) ;
#2146 = CARTESIAN_POINT ( 'NONE',  ( -2.449293598294698526E-16, -1.999999999999998224, -4.862499999999992717 ) ) ;
#2147 = CARTESIAN_POINT ( 'NONE',  ( -1.641765022987041522, -1.134945487335757175, -9.163202160838064714 ) ) ;
#2148 = B_SPLINE_CURVE_WITH_KNOTS ( 'NONE', 3,
 ( #4449, #4353, #6381, #809, #3407, #907, #5979, #1343 ),
 .UNSPECIFIED., .F., .F.,
 ( 4, 2, 2, 4 ),
 ( 0.0003029783875858187169, 0.001749763421509610735, 0.002473155938471506554, 0.003196548455433402807 ),
 .UNSPECIFIED. ) ;
#2149 = CARTESIAN_POINT ( 'NONE',  ( -1.784401076758534765, -7.756815644250028050E-15, 14.22500000000002451 ) ) ;
#2150 = CARTESIAN_POINT ( 'NONE',  ( 1.764863307568882655, -1.018944305707793818, -6.211458333333330195 ) ) ;
#2151 = VECTOR ( 'NONE', #3373, 1000.000000000000000 ) ;
#2152 = CARTESIAN_POINT ( 'NONE',  ( -1.732050807568878303, -1.000000000000007772, 15.24583333333334068 ) ) ;
#2153 = CARTESIAN_POINT ( 'NONE',  ( 0.8922005383792477318, -1.545336663013172407, 14.37083333333333890 ) ) ;
#2154 = VERTEX_POINT ( 'NONE', #3039 ) ;
#2155 = CARTESIAN_POINT ( 'NONE',  ( -1.784401076758511895, -4.723694352178388954E-15, -1.974999999999997646 ) ) ;
#2156 = VECTOR ( 'NONE', #6058, 1000.000000000000000 ) ;
#2157 = CARTESIAN_POINT ( 'NONE',  ( 1.154700538379254571, 1.999999999999995337, 11.45416666666667282 ) ) ;
#2158 = CARTESIAN_POINT ( 'NONE',  ( 1.154700538379249908, -2.000000000000020428, 15.50833333333333641 ) ) ;
#2159 = CARTESIAN_POINT ( 'NONE',  ( -0.8922005383792558364, 1.545336663013172185, -9.791666666666664298 ) ) ;
#2160 = CARTESIAN_POINT ( 'NONE',  ( -2.353151076758506655, -7.721989750899276899E-15, 16.60937500000000711 ) ) ;
#2161 = CARTESIAN_POINT ( 'NONE',  ( -0.8922005383792481759, 1.545336663013156420, 20.40833333333333854 ) ) ;
#2162 = ORIENTED_EDGE ( 'NONE', *, *, #2420, .T. ) ;
#2163 = CARTESIAN_POINT ( 'NONE',  ( 0.000000000000000000, 1.545336663013172407, -5.649999999999997691 ) ) ;
#2164 = VECTOR ( 'NONE', #5737, 1000.000000000000000 ) ;
#2165 = VERTEX_POINT ( 'NONE', #5648 ) ;
#2166 = CARTESIAN_POINT ( 'NONE',  ( 1.176575538379254882, -2.037888611415580975, -6.226041666666668917 ) ) ;
#2167 = VERTEX_POINT ( 'NONE', #15 ) ;
#2168 = CARTESIAN_POINT ( 'NONE',  ( 1.154700538379251018, -2.000000000000008882, 10.52083333333334103 ) ) ;
#2169 = CARTESIAN_POINT ( 'NONE',  ( 1.154700538379250130, -2.000000000000007105, 14.72083333333333677 ) ) ;
#2170 = CARTESIAN_POINT ( 'NONE',  ( 0.000000000000000000, 1.999999999999998668, -5.999999999999999112 ) ) ;
#2171 = CARTESIAN_POINT ( 'NONE',  ( -0.8922005383792488420, -1.545336663013171519, 14.25416666666667354 ) ) ;
#2172 =( BOUNDED_CURVE ( )  B_SPLINE_CURVE ( 2, ( #614, #4283, #6310 ),
 .UNSPECIFIED., .F., .T. ) 
 B_SPLINE_CURVE_WITH_KNOTS ( ( 3, 3 ),
 ( 0.000000000000000000, 0.001548592037295652138 ),
 .UNSPECIFIED. ) 
 CURVE ( )  GEOMETRIC_REPRESENTATION_ITEM ( )  RATIONAL_B_SPLINE_CURVE ( ( 0.9480652107226195113, 0.9012585384449947057, 0.9999999999980413445 ) ) 
 REPRESENTATION_ITEM ( '' )  );
#2173 = CARTESIAN_POINT ( 'NONE',  ( 4.898587196589426634E-16, 1.999999999999998224, 17.11250000000001137 ) ) ;
#2174 = CARTESIAN_POINT ( 'NONE',  ( 4.991387529977850254E-16, 2.037888611415564544, 16.47812500000000213 ) ) ;
#2175 = CARTESIAN_POINT ( 'NONE',  ( -0.8922005383792489530, -1.545336663013171741, 13.64166666666666927 ) ) ;
#2176 = CARTESIAN_POINT ( 'NONE',  ( 3.000000000000000000, 1.437602170282164860, 0.2232411399076062730 ) ) ;
#2177 = DIRECTION ( 'NONE',  ( -0.000000000000000000, 1.059903591714612962E-16, -1.000000000000000000 ) ) ;
#2178 = CARTESIAN_POINT ( 'NONE',  ( 1.338300807568873152, 0.7726683315065731028, 13.84583333333340072 ) ) ;
#2179 = AXIS2_PLACEMENT_3D ( 'NONE', #5621, #2611, #93 ) ;
#2180 = FACE_OUTER_BOUND ( 'NONE', #2469, .T. ) ;
#2181 = FACE_BOUND ( 'NONE', #6434, .T. ) ;
#2182 = EDGE_CURVE ( 'NONE', #6448, #4811, #5307, .T. ) ;
#2183 = CARTESIAN_POINT ( 'NONE',  ( -0.8922005383792488420, -1.545336663013171519, 10.84166666666667034 ) ) ;
#2184 = CARTESIAN_POINT ( 'NONE',  ( 0.04304026672369493101, -1.544737174244490863, 19.21533666301299448 ) ) ;
#2185 = AXIS2_PLACEMENT_3D ( 'NONE', #3251, #5888, #4791 ) ;
#2186 = CARTESIAN_POINT ( 'NONE',  ( 1.176575538379252661, -2.037888611415580975, 11.94270833333334103 ) ) ;
#2187 = CARTESIAN_POINT ( 'NONE',  ( 1.338300807568900908, -0.7726683315066071867, 13.81666666666668952 ) ) ;
#2188 = CARTESIAN_POINT ( 'NONE',  ( 1.176575538379256658, 2.037888611415570317, -4.636458333333330017 ) ) ;
#2189 = CARTESIAN_POINT ( 'NONE',  ( 0.000000000000000000, 5.246303815928974609E-16, -9.500000000000000000 ) ) ;
#2190 = EDGE_CURVE ( 'NONE', #983, #2095, #353, .T. ) ;
#2191 = CARTESIAN_POINT ( 'NONE',  ( -1.784401076758496574, -7.756815644250031206E-15, 14.83750000000000746 ) ) ;
#2192 = ORIENTED_EDGE ( 'NONE', *, *, #4798, .T. ) ;
#2193 = CARTESIAN_POINT ( 'NONE',  ( -0.8922005383792558364, 1.545336663013172851, -1.391666666666664387 ) ) ;
#2194 = CARTESIAN_POINT ( 'NONE',  ( 1.154700538379261676, -2.000000000000027534, 9.120833333333349557 ) ) ;
#2195 = CARTESIAN_POINT ( 'NONE',  ( 0.000000000000000000, -4.336808689942017736E-15, 0.000000000000000000 ) ) ;
#2196 = CARTESIAN_POINT ( 'NONE',  ( 1.338300807568883588, -0.7726683315065947522, -9.383333333333331083 ) ) ;
#2197 = CARTESIAN_POINT ( 'NONE',  ( 2.353151076758506655, -8.298345537711768183E-15, 17.65937500000000782 ) ) ;
#2198 = CARTESIAN_POINT ( 'NONE',  ( 3.784983195928246554E-16, 1.545336663013156420, 17.55000000000000426 ) ) ;
#2199 = ORIENTED_EDGE ( 'NONE', *, *, #2420, .F. ) ;
#2200 = CARTESIAN_POINT ( 'NONE',  ( 1.338300807568883588, -0.7726683315065944191, -4.483333333333331616 ) ) ;
#2201 = CARTESIAN_POINT ( 'NONE',  ( 1.176575538379254882, -2.037888611415581863, -6.926041666666666430 ) ) ;
#2202 = ORIENTED_EDGE ( 'NONE', *, *, #5817, .F. ) ;
#2203 = CARTESIAN_POINT ( 'NONE',  ( 0.08916101814857627095, 3.385278088006621555, 0.2570750093462765840 ) ) ;
#2204 = DIRECTION ( 'NONE',  ( 0.000000000000000000, 1.000000000000000000, 0.000000000000000000 ) ) ;
#2205 = LINE ( 'NONE', #1636, #4997 ) ;
#2206 = CARTESIAN_POINT ( 'NONE',  ( -1.338300807568872486, 0.7726683315065743241, 12.67916666666667247 ) ) ;
#2207 = CARTESIAN_POINT ( 'NONE',  ( 4.898587196589425648E-16, 1.999999999999997335, 13.70000000000000284 ) ) ;
#2208 = CARTESIAN_POINT ( 'NONE',  ( 1.176575538379254660, 2.037888611415564100, 17.11979166666666785 ) ) ;
#2209 = CARTESIAN_POINT ( 'NONE',  ( 1.338300807568873374, 0.7726683315065732138, 9.733333333333336057 ) ) ;
#2210 = CARTESIAN_POINT ( 'NONE',  ( 0.8922005383792491751, 1.545336663013156198, 11.80416666666673464 ) ) ;
#2211 = CARTESIAN_POINT ( 'NONE',  ( -2.490000000000000213, -1.437602170282171077, -9.165151389911683211 ) ) ;
#2212 = CARTESIAN_POINT ( 'NONE',  ( 3.000000000000000444, 0.2422082694354313337, 19.96535898384861696 ) ) ;
#2213 =( BOUNDED_CURVE ( )  B_SPLINE_CURVE ( 2, ( #5475, #4980, #1964, #2471, #4014, #453, #4517 ),
 .UNSPECIFIED., .F., .T. ) 
 B_SPLINE_CURVE_WITH_KNOTS ( ( 3, 2, 2, 3 ),
 ( 0.07052958110363523325, 0.07261990202204461620, 0.07471022294045398526, 0.07680054385886336821 ),
 .UNSPECIFIED. ) 
 CURVE ( )  GEOMETRIC_REPRESENTATION_ITEM ( )  RATIONAL_B_SPLINE_CURVE ( ( 1.000000000000159872, 0.8660254037842788355, 1.000000000000000000, 0.8660254037844387076, 1.000000000000000000, 0.8660254037842033403, 1.000000000000235367 ) ) 
 REPRESENTATION_ITEM ( '' )  );
#2214 = CARTESIAN_POINT ( 'NONE',  ( -1.892491597964123277E-16, -1.545336663013171963, 10.20000000000000462 ) ) ;
#2215 = CARTESIAN_POINT ( 'NONE',  ( 0.3777884677383680501, 1.820383984801662525, -9.329616015195453471 ) ) ;
#2216 = CARTESIAN_POINT ( 'NONE',  ( -1.784401076758496796, -7.756815644250031206E-15, 18.42500000000000426 ) ) ;
#2217 = EDGE_CURVE ( 'NONE', #5096, #1016, #1850, .T. ) ;
#2218 = CARTESIAN_POINT ( 'NONE',  ( 1.784401076758534765, -8.193867857659513152E-15, 12.47500000000002274 ) ) ;
#2219 = AXIS2_PLACEMENT_3D ( 'NONE', #1539, #1078, #1012 ) ;
#2220 = CARTESIAN_POINT ( 'NONE',  ( 1.338300807568883366, -0.7726683315065943081, -3.695833333333330639 ) ) ;
#2221 = CARTESIAN_POINT ( 'NONE',  ( 1.764863307568883988, 1.018944305707781606, -6.094791666666663055 ) ) ;
#2222 = CARTESIAN_POINT ( 'NONE',  ( -1.604961049626681069, -0.3828838324886763012, -9.500000000000001776 ) ) ;
#2223 = CARTESIAN_POINT ( 'NONE',  ( -1.892491597964123277E-16, -1.545336663013171963, 15.71250000000000391 ) ) ;
#2224 = EDGE_CURVE ( 'NONE', #3175, #5096, #4333, .T. ) ;
#2225 = ORIENTED_EDGE ( 'NONE', *, *, #474, .F. ) ;
#2226 = EDGE_CURVE ( 'NONE', #1010, #2819, #2639, .T. ) ;
#2227 = CARTESIAN_POINT ( 'NONE',  ( -0.8922005383792559474, 1.545336663013172185, -9.091666666666666785 ) ) ;
#2228 = CYLINDRICAL_SURFACE ( 'NONE', #5468, 1.999999999999998224 ) ;
#2229 = CARTESIAN_POINT ( 'NONE',  ( 1.732050807568881190, -1.000000000000011324, 14.16666666666666785 ) ) ;
#2230 = CARTESIAN_POINT ( 'NONE',  ( 1.764863307568879547, -1.018944305707794928, 19.00104166666667282 ) ) ;
#2231 = CARTESIAN_POINT ( 'NONE',  ( 1.338300807568873152, 0.7726683315065731028, 18.83333333333333570 ) ) ;
#2232 = ORIENTED_EDGE ( 'NONE', *, *, #4111, .T. ) ;
#2233 = CARTESIAN_POINT ( 'NONE',  ( 1.338300807568883588, -0.7726683315065944191, -3.783333333333331439 ) ) ;
#2234 = CARTESIAN_POINT ( 'NONE',  ( -2.578268251663741406, -0.3420101868482249841, -0.8384241002493828532 ) ) ;
#2235 = VERTEX_POINT ( 'NONE', #5779 ) ;
#2236 = CARTESIAN_POINT ( 'NONE',  ( -0.1788089586445385792, 3.360866214730811041, 0.2451915329696877643 ) ) ;
#2237 = CARTESIAN_POINT ( 'NONE',  ( -2.337662109255468579, -2.114451767084725375, 0.1058884084970960759 ) ) ;
#2238 = CARTESIAN_POINT ( 'NONE',  ( 0.000000000000000000, 5.246303815928974609E-16, -9.500000000000000000 ) ) ;
#2239 = CARTESIAN_POINT ( 'NONE',  ( -1.784401076758496574, -7.756815644250031206E-15, 11.33750000000000391 ) ) ;
#2240 = CARTESIAN_POINT ( 'NONE',  ( 1.154700538378662600, -2.000000000001032952, -7.691666666666725938 ) ) ;
#2241 = CARTESIAN_POINT ( 'NONE',  ( 1.764863307568880879, 1.018944305707776943, 18.46145833333333641 ) ) ;
#2242 = CARTESIAN_POINT ( 'NONE',  ( -2.449293598294712824E-16, -2.000000000000012879, 16.85000000000000497 ) ) ;
#2243 = CARTESIAN_POINT ( 'NONE',  ( 3.784983195928246554E-16, 1.545336663013156420, 13.26250000000006857 ) ) ;
#2244 = DIRECTION ( 'NONE',  ( 0.8660254037844397068, 0.000000000000000000, -0.4999999999999979461 ) ) ;
#2245 = CARTESIAN_POINT ( 'NONE',  ( -2.449293598294712824E-16, -2.000000000000012879, 14.75000000000000000 ) ) ;
#2246 = CARTESIAN_POINT ( 'NONE',  ( 0.8922005383792477318, -1.545336663013172407, 13.05833333333333712 ) ) ;
#2247 = CARTESIAN_POINT ( 'NONE',  ( 1.665726743503807006, -0.4100352126800132502, -9.445117153512242680 ) ) ;
#2248 = CARTESIAN_POINT ( 'NONE',  ( -1.784401076758496796, -7.756815644250031206E-15, 19.82500000000000284 ) ) ;
#2249 = DIRECTION ( 'NONE',  ( 0.000000000000000000, 1.000000000000000000, 0.000000000000000000 ) ) ;
#2250 = CARTESIAN_POINT ( 'NONE',  ( -1.892491597964164199E-16, -1.545336663013205047, 13.00000000000002309 ) ) ;
#2251 = CARTESIAN_POINT ( 'NONE',  ( 0.8922005383792567246, 1.545336663013172407, -0.7208333333333302173 ) ) ;
#2252 = CARTESIAN_POINT ( 'NONE',  ( 0.000000000000000000, 2.037888611415571205, -4.578124999999997335 ) ) ;
#2253 = CARTESIAN_POINT ( 'NONE',  ( -1.338300807568884032, 0.7726683315065840940, -3.433333333333330906 ) ) ;
#2254 = CARTESIAN_POINT ( 'NONE',  ( 1.732050807568882522, 0.9999999999999933387, 17.78333333333333854 ) ) ;
#2255 = CARTESIAN_POINT ( 'NONE',  ( 0.8922005383792491751, 1.545336663013155754, 16.00416666666667354 ) ) ;
#2256 =( BOUNDED_CURVE ( )  B_SPLINE_CURVE ( 2, ( #1916, #4924, #1482, #4497, #5524, #921, #2383 ),
 .UNSPECIFIED., .F., .T. ) 
 B_SPLINE_CURVE_WITH_KNOTS ( ( 3, 2, 2, 3 ),
 ( 0.04544531575841004312, 0.04753587632923368667, 0.04962643690005731634, 0.05171699747088095295 ),
 .UNSPECIFIED. ) 
 CURVE ( )  GEOMETRIC_REPRESENTATION_ITEM ( )  RATIONAL_B_SPLINE_CURVE ( ( 1.000000000000000000, 0.8660254037844387076, 1.000000000000000000, 0.8660254037844387076, 1.000000000000000000, 0.8660254037844299368, 1.000000000000008660 ) ) 
 REPRESENTATION_ITEM ( '' )  );
#2257 = ORIENTED_EDGE ( 'NONE', *, *, #4790, .F. ) ;
#2258 = CARTESIAN_POINT ( 'NONE',  ( -0.8922005383792555033, 1.545336663013172185, -6.204166666666663055 ) ) ;
#2259 = EDGE_CURVE ( 'NONE', #5096, #1694, #2205, .T. ) ;
#2260 = CARTESIAN_POINT ( 'NONE',  ( -0.8922005383792565025, -1.545336663013182621, -8.858333333333330728 ) ) ;
#2261 = CARTESIAN_POINT ( 'NONE',  ( -1.732211416942578186, 0.09039514243092880430, -1.194324467575698767 ) ) ;
#2262 = CARTESIAN_POINT ( 'NONE',  ( 0.8922005383792568356, 1.545336663013171963, -6.408333333333330550 ) ) ;
#2263 = VECTOR ( 'NONE', #1023, 1000.000000000000000 ) ;
#2264 = CARTESIAN_POINT ( 'NONE',  ( 1.176575538379254660, 2.037888611415564100, 17.77604166666667140 ) ) ;
#2265 = CARTESIAN_POINT ( 'NONE',  ( -1.338300807568872486, 0.7726683315065743241, 19.76666666666666927 ) ) ;
#2266 = VERTEX_POINT ( 'NONE', #6279 ) ;
#2267 = CARTESIAN_POINT ( 'NONE',  ( 1.784401076758511895, -5.225040522543107011E-15, -3.024999999999997691 ) ) ;
#2268 = CARTESIAN_POINT ( 'NONE',  ( 1.176575538379256658, 2.037888611415570317, -1.092708333333334281 ) ) ;
#2269 = ORIENTED_EDGE ( 'NONE', *, *, #755, .F. ) ;
#2270 = CARTESIAN_POINT ( 'NONE',  ( 2.330000000000000071, -5.982305570676772137E-17, 20.00000000000000000 ) ) ;
#2271 = CARTESIAN_POINT ( 'NONE',  ( -2.449293598294712824E-16, -2.000000000000012879, 18.25000000000000355 ) ) ;
#2272 = CARTESIAN_POINT ( 'NONE',  ( 4.473969941690471269E-13, -1.999999999999999112, -3.462499999999970601 ) ) ;
#2273 = CARTESIAN_POINT ( 'NONE',  ( 3.784983195928246554E-16, 1.545336663013156420, 11.16250000000000497 ) ) ;
#2274 = CARTESIAN_POINT ( 'NONE',  ( -2.309401076758508697, -7.724668665772411967E-15, 13.87500000000000178 ) ) ;
#2275 = CARTESIAN_POINT ( 'NONE',  ( -1.176575538379254215, -2.037888611415580087, 18.16979166666667211 ) ) ;
#2276 = VECTOR ( 'NONE', #1736, 1000.000000000000000 ) ;
#2277 = DIRECTION ( 'NONE',  ( 0.000000000000000000, 1.000000000000000000, 0.000000000000000000 ) ) ;
#2278 = CARTESIAN_POINT ( 'NONE',  ( -1.338300807568872486, 0.7726683315065743241, 14.07916666666673855 ) ) ;
#2279 = DIRECTION ( 'NONE',  ( -0.000000000000000000, 1.059903591714612962E-16, -1.000000000000000000 ) ) ;
#2280 = CARTESIAN_POINT ( 'NONE',  ( 1.154700538376405072, -2.000000000005435208, 9.820833333333176540 ) ) ;
#2281 = CARTESIAN_POINT ( 'NONE',  ( -1.338300807568872486, 0.7726683315065743241, 12.06666666666666998 ) ) ;
#2282 = CARTESIAN_POINT ( 'NONE',  ( 2.821191041355451734, -1.835286207975825423, 19.75480846703031546 ) ) ;
#2283 = CARTESIAN_POINT ( 'NONE',  ( -1.784401076758496796, -7.756815644250031206E-15, 20.52500000000000213 ) ) ;
#2284 = CARTESIAN_POINT ( 'NONE',  ( -2.309401076758507365, -4.841566606596323270E-15, -4.424999999999998934 ) ) ;
#2285 = CARTESIAN_POINT ( 'NONE',  ( 1.338300807568900908, -0.7726683315066071867, 10.31666666666668952 ) ) ;
#2286 = CARTESIAN_POINT ( 'NONE',  ( -1.892491597964139794E-16, -1.545336663013182177, -2.412499999999996980 ) ) ;
#2287 = DIRECTION ( 'NONE',  ( -0.000000000000000000, 1.059903591714612962E-16, -1.000000000000000000 ) ) ;
#2288 = VECTOR ( 'NONE', #3528, 1000.000000000000000 ) ;
#2289 = CARTESIAN_POINT ( 'NONE',  ( 0.8922005383792555033, -1.545336663013183065, -1.741666666666664032 ) ) ;
#2290 = LINE ( 'NONE', #4334, #6167 ) ;
#2291 = CARTESIAN_POINT ( 'NONE',  ( 1.338300807568873152, 0.7726683315065731028, 11.74583333333333890 ) ) ;
#2292 = CARTESIAN_POINT ( 'NONE',  ( 0.8922005383792551703, -1.545336663013182177, -3.054166666666663588 ) ) ;
#2293 = ORIENTED_EDGE ( 'NONE', *, *, #6264, .F. ) ;
#2294 = CARTESIAN_POINT ( 'NONE',  ( 1.784401076758511895, -5.482216350364050665E-15, -7.224999999999996980 ) ) ;
#2295 = DIRECTION ( 'NONE',  ( -0.000000000000000000, 0.000000000000000000, 1.000000000000000000 ) ) ;
#2296 = CARTESIAN_POINT ( 'NONE',  ( -2.495693764988925127E-16, -2.037888611415580531, 18.18437500000000639 ) ) ;
#2297 = CARTESIAN_POINT ( 'NONE',  ( -0.8922005383792488420, -1.545336663013171519, 18.54166666666667140 ) ) ;
#2298 = VERTEX_POINT ( 'NONE', #4649 ) ;
#2299 = EDGE_CURVE ( 'NONE', #5397, #3258, #2721, .T. ) ;
#2300 = CARTESIAN_POINT ( 'NONE',  ( -1.338300807568884032, -0.7726683315065935309, -8.829166666666663943 ) ) ;
#2301 = CARTESIAN_POINT ( 'NONE',  ( 2.353151076758510651, -5.261205873330426485E-15, -1.909375000000001599 ) ) ;
#2302 = VECTOR ( 'NONE', #6073, 1000.000000000000000 ) ;
#2303 = CARTESIAN_POINT ( 'NONE',  ( 1.338300807568883366, -0.7726683315065944191, -5.795833333333329840 ) ) ;
#2304 = CARTESIAN_POINT ( 'NONE',  ( -1.154700538382802399, 1.999999999993875566, 9.470833333333706250 ) ) ;
#2305 = CARTESIAN_POINT ( 'NONE',  ( -2.309401076758554883, -7.724668665772408812E-15, 16.58750000000002700 ) ) ;
#2306 = CARTESIAN_POINT ( 'NONE',  ( -1.176575538379253105, 2.037888611415564544, 16.53645833333333570 ) ) ;
#2307 = ADVANCED_FACE ( 'NONE', ( #6189 ), #4144, .T. ) ;
#2308 = CARTESIAN_POINT ( 'NONE',  ( -3.000000000000000000, -1.437602170282580527, 0.2232411399077076919 ) ) ;
#2309 = CARTESIAN_POINT ( 'NONE',  ( 3.000000000000000000, 1.437602170282165082, -9.165151389911683211 ) ) ;
#2310 = CYLINDRICAL_SURFACE ( 'NONE', #1839, 1.999999999999998224 ) ;
#2311 = EDGE_CURVE ( 'NONE', #2819, #1446, #3324, .T. ) ;
#2312 = CARTESIAN_POINT ( 'NONE',  ( -1.892491597964123277E-16, -1.545336663013171963, 12.30000000000000426 ) ) ;
#2313 = DIRECTION ( 'NONE',  ( -0.000000000000000000, 1.059903591714612962E-16, -1.000000000000000000 ) ) ;
#2314 = VECTOR ( 'NONE', #2495, 1000.000000000000000 ) ;
#2315 = CARTESIAN_POINT ( 'NONE',  ( -1.892491597964123770E-16, -1.545336663013172185, 19.30000000000000426 ) ) ;
#2316 = DIRECTION ( 'NONE',  ( 0.000000000000000000, 1.000000000000000000, 0.000000000000000000 ) ) ;
#2317 = CARTESIAN_POINT ( 'NONE',  ( -1.892491597964164199E-16, -1.545336663013205047, 13.70000000000002238 ) ) ;
#2318 = CARTESIAN_POINT ( 'NONE',  ( -1.326587386856960427, 0.7926104384151877458, -0.5473519475492747421 ) ) ;
#2319 = CARTESIAN_POINT ( 'NONE',  ( -2.353151076758510651, -4.708960320376148447E-15, -2.303124999999997424 ) ) ;
#2320 = CARTESIAN_POINT ( 'NONE',  ( 0.8922005383792555033, -1.545336663013183065, -3.141666666666663499 ) ) ;
#2321 = CARTESIAN_POINT ( 'NONE',  ( -2.999999999999999112, 1.437602170282162417, 19.77675886009239647 ) ) ;
#2322 = CARTESIAN_POINT ( 'NONE',  ( -1.784401076758496574, -7.756815644250031206E-15, 13.43750000000000533 ) ) ;
#2323 = CARTESIAN_POINT ( 'NONE',  ( 1.784401076758511451, -5.219682692796836875E-15, -2.937499999999996447 ) ) ;
#2324 = VERTEX_POINT ( 'NONE', #3774 ) ;
#2325 = CARTESIAN_POINT ( 'NONE',  ( -1.784401076758511895, -5.023732817969491330E-15, -6.874999999999997335 ) ) ;
#2326 = CARTESIAN_POINT ( 'NONE',  ( 1.645326562045762442, -0.2048379979173243770, 19.31532656204394627 ) ) ;
#2327 = CARTESIAN_POINT ( 'NONE',  ( -2.353151076758506655, -7.721989750899276899E-15, 12.40937500000000782 ) ) ;
#2328 = CARTESIAN_POINT ( 'NONE',  ( 0.8922005383792491751, 1.545336663013155754, 17.49166666666666714 ) ) ;
#2329 = ORIENTED_EDGE ( 'NONE', *, *, #5526, .T. ) ;
#2330 = CARTESIAN_POINT ( 'NONE',  ( 1.338300807568884698, 0.7726683315065829838, -0.8666666666666649199 ) ) ;
#2331 = CARTESIAN_POINT ( 'NONE',  ( 1.176575538379254882, -2.037888611415580975, -2.026041666666667407 ) ) ;
#2332 = CARTESIAN_POINT ( 'NONE',  ( 0.000000000000000000, 1.999999999999999112, -1.799999999999998268 ) ) ;
#2333 = CARTESIAN_POINT ( 'NONE',  ( -1.784401076758511895, -5.104100264163537059E-15, -8.187499999999996447 ) ) ;
#2334 = CARTESIAN_POINT ( 'NONE',  ( -0.3524691772825840896, -1.661154879595515999, 19.36349999195143567 ) ) ;
#2335 = CARTESIAN_POINT ( 'NONE',  ( -0.8922005383792481759, 1.545336663013156420, 10.52083333333333925 ) ) ;
#2336 = CARTESIAN_POINT ( 'NONE',  ( 1.711108574032383922, 0.7128999219027659651, -1.316288544768416502 ) ) ;
#2337 = CARTESIAN_POINT ( 'NONE',  ( -2.353151076758506655, -7.721989750899276899E-15, 14.55312500000000497 ) ) ;
#2338 = LINE ( 'NONE', #4381, #2151 ) ;
#2339 = ORIENTED_EDGE ( 'NONE', *, *, #5188, .T. ) ;
#2340 = CARTESIAN_POINT ( 'NONE',  ( 2.309401076758790250, -8.290308793092413466E-15, 9.937500000000145661 ) ) ;
#2341 = ADVANCED_FACE ( 'NONE', ( #3170 ), #217, .T. ) ;
#2342 = CARTESIAN_POINT ( 'NONE',  ( -0.1399536396733414567, 2.303031255923377874, 8.430548928623057492 ) ) ;
#2343 = CARTESIAN_POINT ( 'NONE',  ( 2.886607437761977923, -1.770509747995544947, 19.74299748789804099 ) ) ;
#2344 = CARTESIAN_POINT ( 'NONE',  ( -1.784401076758496796, -7.756815644250031206E-15, 19.12500000000000355 ) ) ;
#2345 = DIRECTION ( 'NONE',  ( 0.000000000000000000, 0.000000000000000000, -1.000000000000000000 ) ) ;
#2346 = FACE_OUTER_BOUND ( 'NONE', #4870, .T. ) ;
#2347 = CARTESIAN_POINT ( 'NONE',  ( -1.732050807568881856, -1.000000000000009992, 17.43333333333333712 ) ) ;
#2348 = CARTESIAN_POINT ( 'NONE',  ( -1.764863307568883322, -1.018944305707792264, -2.944791666666663144 ) ) ;
#2349 = B_SPLINE_CURVE_WITH_KNOTS ( 'NONE', 3,
 ( #3314, #2282, #2343, #198, #4788, #4357 ),
 .UNSPECIFIED., .F., .F.,
 ( 4, 2, 4 ),
 ( 1.160584722517610802E-14, 0.0002683679863539723898, 0.0005367359726963389375 ),
 .UNSPECIFIED. ) ;
#2350 = CARTESIAN_POINT ( 'NONE',  ( -1.784401076758511895, -4.680831714208231810E-15, -1.274999999999998135 ) ) ;
#2351 = CARTESIAN_POINT ( 'NONE',  ( 0.09185631286161202724, -1.993269211846402600, 19.66034188525371462 ) ) ;
#2352 = CARTESIAN_POINT ( 'NONE',  ( 1.784401076758496574, -8.193867857659506841E-15, 10.98750000000000604 ) ) ;
#2353 = CARTESIAN_POINT ( 'NONE',  ( 1.732050807568876749, -1.000000000000008660, 18.27916666666666856 ) ) ;
#2354 = CARTESIAN_POINT ( 'NONE',  ( -1.338300807568883588, 0.7726683315065837609, -4.045833333333329840 ) ) ;
#2355 = VERTEX_POINT ( 'NONE', #3140 ) ;
#2356 = CARTESIAN_POINT ( 'NONE',  ( -0.8922005383792565025, -1.545336663013182177, -6.758333333333331083 ) ) ;
#2357 = CARTESIAN_POINT ( 'NONE',  ( 3.000000000000000444, 0.4872137958588999007, 0.05214839990389168178 ) ) ;
#2358 = CARTESIAN_POINT ( 'NONE',  ( 1.764863307568880879, 1.018944305707776943, 14.91770833333334068 ) ) ;
#2359 = ORIENTED_EDGE ( 'NONE', *, *, #3561, .T. ) ;
#2360 = CARTESIAN_POINT ( 'NONE',  ( -1.338300807568883810, 0.7726683315065836499, -8.245833333333330017 ) ) ;
#2361 = CARTESIAN_POINT ( 'NONE',  ( -1.176575538379255104, 2.037888611415571205, -3.076041666666668117 ) ) ;
#2362 = CONICAL_SURFACE ( 'NONE', #257, 2.939999999999999503, 1.047197551196600074 ) ;
#2363 = FACE_OUTER_BOUND ( 'NONE', #1764, .T. ) ;
#2364 = CARTESIAN_POINT ( 'NONE',  ( 1.784401076758511895, -5.476858520617780529E-15, -7.137499999999996625 ) ) ;
#2365 = CARTESIAN_POINT ( 'NONE',  ( 1.137139588617979147, -1.545334184758565765, 19.58443378438878923 ) ) ;
#2366 = CARTESIAN_POINT ( 'NONE',  ( -1.338300807568872486, 0.7726683315065743241, 9.879166666666673535 ) ) ;
#2367 = CARTESIAN_POINT ( 'NONE',  ( 2.309401076758508697, -8.290308793092364557E-15, 10.02500000000000213 ) ) ;
#2368 = CARTESIAN_POINT ( 'NONE',  ( 1.176575538379252661, -2.037888611415580975, 13.38645833333333535 ) ) ;
#2369 = ORIENTED_EDGE ( 'NONE', *, *, #1721, .T. ) ;
#2370 = AXIS2_PLACEMENT_3D ( 'NONE', #1480, #5025, #3013 ) ;
#2371 = FACE_OUTER_BOUND ( 'NONE', #3628, .T. ) ;
#2372 = ORIENTED_EDGE ( 'NONE', *, *, #1134, .T. ) ;
#2373 = FACE_OUTER_BOUND ( 'NONE', #6483, .T. ) ;
#2374 = CARTESIAN_POINT ( 'NONE',  ( 1.784401076758496574, -8.193867857659506841E-15, 18.68750000000000355 ) ) ;
#2375 = FACE_OUTER_BOUND ( 'NONE', #2883, .T. ) ;
#2376 = CARTESIAN_POINT ( 'NONE',  ( -1.784401076758496796, -7.756815644250031206E-15, 14.92500000000000604 ) ) ;
#2377 = ORIENTED_EDGE ( 'NONE', *, *, #4018, .F. ) ;
#2378 = CARTESIAN_POINT ( 'NONE',  ( -1.784401076758534765, -7.756815644250028050E-15, 9.325000000000024158 ) ) ;
#2379 = EDGE_CURVE ( 'NONE', #5811, #2235, #2172, .T. ) ;
#2380 = DIRECTION ( 'NONE',  ( -1.000000000000000000, 0.000000000000000000, 0.000000000000000000 ) ) ;
#2381 = CARTESIAN_POINT ( 'NONE',  ( -1.764863307568883322, -1.018944305707792264, -0.8447916666666638319 ) ) ;
#2382 = CARTESIAN_POINT ( 'NONE',  ( -1.784401076758511895, -4.723694352178390532E-15, -1.974999999999997646 ) ) ;
#2383 = CARTESIAN_POINT ( 'NONE',  ( -2.449293598294698033E-16, -1.999999999999998224, -6.262499999999993072 ) ) ;
#2384 = CARTESIAN_POINT ( 'NONE',  ( -1.892491597964123277E-16, -1.545336663013171963, 10.81250000000000533 ) ) ;
#2385 =( BOUNDED_CURVE ( )  B_SPLINE_CURVE ( 2, ( #2766, #3812, #219, #4350, #3710, #154, #1703 ),
 .UNSPECIFIED., .F., .T. ) 
 B_SPLINE_CURVE_WITH_KNOTS ( ( 3, 2, 2, 3 ),
 ( 0.1944444444444445030, 0.2037037037037038312, 0.2129629629629631871, 0.2222222222222225152 ),
 .UNSPECIFIED. ) 
 CURVE ( )  GEOMETRIC_REPRESENTATION_ITEM ( )  RATIONAL_B_SPLINE_CURVE ( ( 0.9999999999999992228, 0.8660254037844394848, 1.000000000000000000, 0.8660254037844387076, 1.000000000000000000, 0.8660254037844342667, 1.000000000000004441 ) ) 
 REPRESENTATION_ITEM ( '' )  );
#2386 = DIRECTION ( 'NONE',  ( 0.000000000000000000, 1.000000000000000000, 0.000000000000000000 ) ) ;
#2387 = EDGE_CURVE ( 'NONE', #3977, #2408, #601, .T. ) ;
#2388 = CARTESIAN_POINT ( 'NONE',  ( -1.784401076758511451, -4.761199160402276751E-15, -2.587499999999996803 ) ) ;
#2389 = ORIENTED_EDGE ( 'NONE', *, *, #4967, .T. ) ;
#2390 = CARTESIAN_POINT ( 'NONE',  ( 0.8922005383792555033, -1.545336663013183287, -8.041666666666664298 ) ) ;
#2391 = CARTESIAN_POINT ( 'NONE',  ( 2.999999999999999556, 0.2420432065281880596, 0.03464101615139154877 ) ) ;
#2392 = CARTESIAN_POINT ( 'NONE',  ( 4.991387529977850254E-16, 2.037888611415564544, 13.63437500000000746 ) ) ;
#2393 = EDGE_LOOP ( 'NONE', ( #4677, #3795, #512, #5393, #5191, #1117 ) ) ;
#2394 = CARTESIAN_POINT ( 'NONE',  ( -0.8922005383792563915, -1.545336663013182177, -8.070833333333331083 ) ) ;
#2395 = CARTESIAN_POINT ( 'NONE',  ( 0.000000000000000000, 1.545336663013172185, -9.149999999999998579 ) ) ;
#2396 = AXIS2_PLACEMENT_3D ( 'NONE', #124, #619, #1607 ) ;
#2397 = VECTOR ( 'NONE', #761, 1000.000000000000000 ) ;
#2398 = CARTESIAN_POINT ( 'NONE',  ( 2.309401076758607285, -5.509005499095419489E-15, -6.087500000000050981 ) ) ;
#2399 = CARTESIAN_POINT ( 'NONE',  ( 0.000000000000000000, 1.545336663013172407, -6.962499999999996803 ) ) ;
#2400 = DIRECTION ( 'NONE',  ( -0.000000000000000000, 1.059903591714612962E-16, -1.000000000000000000 ) ) ;
#2401 = CARTESIAN_POINT ( 'NONE',  ( -1.338300807568872708, -0.7726683315065896451, 9.295833333333339610 ) ) ;
#2402 = CARTESIAN_POINT ( 'NONE',  ( 1.486941742716785475, 1.072009449830107375, -1.304387249990253794 ) ) ;
#2403 = CARTESIAN_POINT ( 'NONE',  ( 1.764863307568879547, -1.018944305707794928, 12.74479166666666963 ) ) ;
#2404 = ORIENTED_EDGE ( 'NONE', *, *, #3032, .T. ) ;
#2405 = VECTOR ( 'NONE', #2177, 1000.000000000000000 ) ;
#2406 = CARTESIAN_POINT ( 'NONE',  ( 1.338300807568873152, 0.7726683315065731028, 8.945833333333402138 ) ) ;
#2407 = DIRECTION ( 'NONE',  ( 0.000000000000000000, 1.000000000000000000, 0.000000000000000000 ) ) ;
#2408 = VERTEX_POINT ( 'NONE', #2170 ) ;
#2409 = CARTESIAN_POINT ( 'NONE',  ( 1.764863307568882655, -1.018944305707794262, -8.967708333333334281 ) ) ;
#2410 = CARTESIAN_POINT ( 'NONE',  ( -1.784401076758496574, -7.756815644250031206E-15, 8.625000000000003553 ) ) ;
#2411 = CARTESIAN_POINT ( 'NONE',  ( 4.898587196589425648E-16, 1.999999999999997335, 18.60000000000000142 ) ) ;
#2412 = CARTESIAN_POINT ( 'NONE',  ( 0.8922005383792478428, -1.545336663013172851, 16.55833333333333712 ) ) ;
#2413 = ORIENTED_EDGE ( 'NONE', *, *, #2918, .T. ) ;
#2414 = CYLINDRICAL_SURFACE ( 'NONE', #1549, 1.999999999999998224 ) ;
#2415 = CARTESIAN_POINT ( 'NONE',  ( -1.338300807568872708, -0.7726683315065896451, 18.39583333333340320 ) ) ;
#2416 = CARTESIAN_POINT ( 'NONE',  ( -1.154700538379238139, 2.000000000000025313, 17.25833333333333286 ) ) ;
#2417 = CARTESIAN_POINT ( 'NONE',  ( -2.495693764988929564E-16, -2.037888611415580975, -2.128124999999997158 ) ) ;
#2418 = DIRECTION ( 'NONE',  ( -0.000000000000000000, 1.059903591714612962E-16, -1.000000000000000000 ) ) ;
#2419 = CARTESIAN_POINT ( 'NONE',  ( -1.784401076758511451, -5.189825540103851348E-15, -9.587499999999996803 ) ) ;
#2420 = EDGE_CURVE ( 'NONE', #3536, #1567, #5992, .T. ) ;
#2421 = CARTESIAN_POINT ( 'NONE',  ( 0.8922005383792491751, 1.545336663013155754, 10.40416666666667211 ) ) ;
#2422 = ORIENTED_EDGE ( 'NONE', *, *, #2698, .T. ) ;
#2423 = FACE_OUTER_BOUND ( 'NONE', #1828, .T. ) ;
#2424 = CARTESIAN_POINT ( 'NONE',  ( -1.338300807568883810, -0.7726683315065931978, -4.629166666666663765 ) ) ;
#2425 = ORIENTED_EDGE ( 'NONE', *, *, #5983, .T. ) ;
#2426 = EDGE_CURVE ( 'NONE', #2851, #3582, #6488, .T. ) ;
#2427 = CARTESIAN_POINT ( 'NONE',  ( -1.892491597964140040E-16, -1.545336663013182843, -4.599999999999996980 ) ) ;
#2428 = CARTESIAN_POINT ( 'NONE',  ( 1.654483845063176473, 1.470369623188217045E-11, 19.32448384506318106 ) ) ;
#2429 = CARTESIAN_POINT ( 'NONE',  ( 4.991387529977850254E-16, 2.037888611415564544, 12.93437500000000639 ) ) ;
#2430 = CC_DESIGN_PERSON_AND_ORGANIZATION_ASSIGNMENT ( #1560, #2024, ( #1734 ) ) ;
#2431 = CARTESIAN_POINT ( 'NONE',  ( 0.8922005383792555033, -1.545336663013183065, -1.041666666666664742 ) ) ;
#2432 = CARTESIAN_POINT ( 'NONE',  ( -1.784401076758511895, -5.066595455939648474E-15, -7.574999999999997513 ) ) ;
#2433 = DIRECTION ( 'NONE',  ( -0.000000000000000000, 1.059903591714612962E-16, -1.000000000000000000 ) ) ;
#2434 = CARTESIAN_POINT ( 'NONE',  ( -1.892491597964139794E-16, -1.545336663013182399, -5.912499999999996980 ) ) ;
#2435 = CARTESIAN_POINT ( 'NONE',  ( 1.154700538379845653, 1.999999999998975042, -8.158333333333391835 ) ) ;
#2436 = CARTESIAN_POINT ( 'NONE',  ( -1.280397320951526252, 0.8729601122632025811, 8.471595042932511532 ) ) ;
#2437 = CARTESIAN_POINT ( 'NONE',  ( -2.449293598294711345E-16, -2.000000000000008882, -2.849999999999999201 ) ) ;
#2438 = CARTESIAN_POINT ( 'NONE',  ( -1.176575538379254215, -2.037888611415580087, 11.86979166666666785 ) ) ;
#2439 = VERTEX_POINT ( 'NONE', #4875 ) ;
#2440 = CARTESIAN_POINT ( 'NONE',  ( 0.8922005383792491751, 1.545336663013156198, 9.704166666666734997 ) ) ;
#2441 = DIRECTION ( 'NONE',  ( 0.000000000000000000, 0.000000000000000000, 1.000000000000000000 ) ) ;
#2442 = ORIENTED_EDGE ( 'NONE', *, *, #3190, .F. ) ;
#2443 = CARTESIAN_POINT ( 'NONE',  ( -1.176575538379255104, 2.037888611415570761, -7.976041666666667140 ) ) ;
#2444 = CARTESIAN_POINT ( 'NONE',  ( -1.208192854155546225, 0.9635016498274002750, 8.550956452842722655 ) ) ;
#2445 = CARTESIAN_POINT ( 'NONE',  ( -1.154700538379245911, 2.000000000000011102, 18.65833333333332078 ) ) ;
#2446 = CARTESIAN_POINT ( 'NONE',  ( 1.338300807568873374, 0.7726683315065732138, 16.03333333333333854 ) ) ;
#2447 = VERTEX_POINT ( 'NONE', #1867 ) ;
#2448 = CARTESIAN_POINT ( 'NONE',  ( 4.898587196589425648E-16, 1.999999999999997335, 10.90000000000000213 ) ) ;
#2449 = CARTESIAN_POINT ( 'NONE',  ( -1.305622276959201005E-13, 1.999999999999997335, -5.212499999999991473 ) ) ;
#2450 = DIRECTION ( 'NONE',  ( 0.000000000000000000, 1.000000000000000000, 1.059903591714612962E-16 ) ) ;
#2451 = DIRECTION ( 'NONE',  ( 0.7071067811865487940, 0.000000000000000000, 0.7071067811865463515 ) ) ;
#2452 = CYLINDRICAL_SURFACE ( 'NONE', #263, 1.999999999999998224 ) ;
#2453 = CARTESIAN_POINT ( 'NONE',  ( 1.338300807568873152, 0.7726683315065731028, 10.34583333333333854 ) ) ;
#2454 = VERTEX_POINT ( 'NONE', #835 ) ;
#2455 = DIRECTION ( 'NONE',  ( 1.000000000000000000, 0.000000000000000000, 0.000000000000000000 ) ) ;
#2456 = CARTESIAN_POINT ( 'NONE',  ( 0.8922005383792566136, 1.545336663013171963, -1.420833333333329396 ) ) ;
#2457 = EDGE_LOOP ( 'NONE', ( #1697, #2377, #3513, #1344 ) ) ;
#2458 = CARTESIAN_POINT ( 'NONE',  ( 1.784401076758496574, -8.193867857659506841E-15, 20.78750000000000497 ) ) ;
#2459 = CARTESIAN_POINT ( 'NONE',  ( -1.764863307568879991, 1.018944305707778719, 13.75104166666667282 ) ) ;
#2460 = CARTESIAN_POINT ( 'NONE',  ( 1.338300807568884476, 0.7726683315065824287, -7.779166666666663232 ) ) ;
#2461 = EDGE_CURVE ( 'NONE', #4578, #2097, #5119, .T. ) ;
#2462 = CARTESIAN_POINT ( 'NONE',  ( 0.8922005383792568356, 1.545336663013171963, -6.408333333333330550 ) ) ;
#2463 = LINE ( 'NONE', #4508, #5919 ) ;
#2464 = CARTESIAN_POINT ( 'NONE',  ( -1.338300807568884032, -0.7726683315065933089, -3.929166666666663144 ) ) ;
#2465 = CARTESIAN_POINT ( 'NONE',  ( -1.353436074369836817, -1.158916089821851791, -9.379961904655857552 ) ) ;
#2466 = PERSON_AND_ORGANIZATION ( #3859, #6112 ) ;
#2467 = CARTESIAN_POINT ( 'NONE',  ( 4.898587196589425648E-16, 1.999999999999997335, 10.20000000000000284 ) ) ;
#2468 = CARTESIAN_POINT ( 'NONE',  ( -2.353151076758506655, -7.721989750899276899E-15, 12.45312500000000355 ) ) ;
#2469 = EDGE_LOOP ( 'NONE', ( #2653, #848, #4012, #5549 ) ) ;
#2470 =( BOUNDED_CURVE ( )  B_SPLINE_CURVE ( 2, ( #4736, #700, #177, #2724, #2625, #3192, #4272 ),
 .UNSPECIFIED., .F., .T. ) 
 B_SPLINE_CURVE_WITH_KNOTS ( ( 3, 2, 2, 3 ),
 ( 0.5117269450982512291, 0.5236317070030130916, 0.5355364689077749540, 0.5474412308125368165 ),
 .UNSPECIFIED. ) 
 CURVE ( )  GEOMETRIC_REPRESENTATION_ITEM ( )  RATIONAL_B_SPLINE_CURVE ( ( 0.9999999999998813172, 0.8660254037845573905, 1.000000000000000000, 0.8660254037844387076, 1.000000000000000000, 0.8660254037843200248, 1.000000000000118794 ) ) 
 REPRESENTATION_ITEM ( '' )  );
#2471 = CARTESIAN_POINT ( 'NONE',  ( -2.309401076760007943, -7.724668665772320459E-15, 15.88750000000075779 ) ) ;
#2472 = CARTESIAN_POINT ( 'NONE',  ( 0.000000000000000000, 5.246303815928974609E-16, -9.500000000000000000 ) ) ;
#2473 = VERTEX_POINT ( 'NONE', #3338 ) ;
#2474 = CARTESIAN_POINT ( 'NONE',  ( -0.5507832239339940372, 1.715186277548895744, 19.45670548715173354 ) ) ;
#2475 = CARTESIAN_POINT ( 'NONE',  ( 3.784983195928246554E-16, 1.545336663013156420, 20.26250000000000639 ) ) ;
#2476 = CARTESIAN_POINT ( 'NONE',  ( 1.154700538379845653, 1.999999999998975264, -3.258333333333392368 ) ) ;
#2477 = CARTESIAN_POINT ( 'NONE',  ( 0.8922005383792478428, -1.545336663013172851, 14.45833333333333570 ) ) ;
#2478 = ORIENTED_EDGE ( 'NONE', *, *, #1533, .F. ) ;
#2479 = CARTESIAN_POINT ( 'NONE',  ( 1.732050807569010198, 1.000000000000069944, -2.529166666666751606 ) ) ;
#2480 = DIRECTION ( 'NONE',  ( -0.000000000000000000, 1.059903591714612962E-16, -1.000000000000000000 ) ) ;
#2481 = CARTESIAN_POINT ( 'NONE',  ( -1.154700538379959118, -1.999999999998975042, 17.40416666666666146 ) ) ;
#2482 = CARTESIAN_POINT ( 'NONE',  ( 0.000000000000000000, -4.063933977075649852E-15, 20.00000000000000000 ) ) ;
#2483 = VECTOR ( 'NONE', #6564, 1000.000000000000000 ) ;
#2484 = CARTESIAN_POINT ( 'NONE',  ( 0.000000000000000000, 5.246303815928974609E-16, -9.500000000000000000 ) ) ;
#2485 = CARTESIAN_POINT ( 'NONE',  ( -1.338300807568872930, -0.7726683315065897562, 8.683333333333337123 ) ) ;
#2486 = CIRCLE ( 'NONE', #477, 1.649999999999997913 ) ;
#2487 = CARTESIAN_POINT ( 'NONE',  ( 1.764863307568883988, 1.018944305707781384, -8.194791666666663588 ) ) ;
#2488 = CARTESIAN_POINT ( 'NONE',  ( 1.784401076758496574, -8.193867857659506841E-15, 18.68750000000000355 ) ) ;
#2489 = CARTESIAN_POINT ( 'NONE',  ( 2.353151076758506655, -8.298345537711768183E-15, 9.259375000000007461 ) ) ;
#2490 = CARTESIAN_POINT ( 'NONE',  ( -0.8922005383792563915, -1.545336663013181955, -5.970833333333330550 ) ) ;
#2491 = CARTESIAN_POINT ( 'NONE',  ( -0.8922005383792558364, 1.545336663013172407, -7.691666666666664653 ) ) ;
#2492 = CARTESIAN_POINT ( 'NONE',  ( 0.000000000000000000, 1.999999999999998668, -6.699999999999998401 ) ) ;
#2493 = CARTESIAN_POINT ( 'NONE',  ( -0.8922005383792563915, -1.545336663013181733, -3.870833333333330462 ) ) ;
#2494 =( BOUNDED_CURVE ( )  B_SPLINE_CURVE ( 2, ( #4457, #6523, #5084 ),
 .UNSPECIFIED., .F., .T. ) 
 B_SPLINE_CURVE_WITH_KNOTS ( ( 3, 3 ),
 ( 0.08162328321600562098, 0.08333333333333350912 ),
 .UNSPECIFIED. ) 
 CURVE ( )  GEOMETRIC_REPRESENTATION_ITEM ( )  RATIONAL_B_SPLINE_CURVE ( ( 0.9596530918838486190, 0.9752568464104474089, 1.000000000000002665 ) ) 
 REPRESENTATION_ITEM ( '' )  );
#2495 = DIRECTION ( 'NONE',  ( -0.000000000000000000, 1.059903591714612962E-16, -1.000000000000000000 ) ) ;
#2496 = COORDINATED_UNIVERSAL_TIME_OFFSET ( 6, 0, .BEHIND. ) ;
#2497 = CARTESIAN_POINT ( 'NONE',  ( 1.176575538379254660, 2.037888611415564100, 21.27604166666667140 ) ) ;
#2498 = CARTESIAN_POINT ( 'NONE',  ( 1.176575538379254660, 2.037888611415564100, 9.419791666666670338 ) ) ;
#2499 = EDGE_CURVE ( 'NONE', #4429, #1408, #4939, .T. ) ;
#2500 = ORIENTED_EDGE ( 'NONE', *, *, #1968, .F. ) ;
#2501 = CARTESIAN_POINT ( 'NONE',  ( 4.898587196589426634E-16, 1.999999999999997780, 15.01250000000000639 ) ) ;
#2502 = ORIENTED_EDGE ( 'NONE', *, *, #2311, .T. ) ;
#2503 = CARTESIAN_POINT ( 'NONE',  ( -1.176575538379255104, 2.037888611415570761, -10.07604166666666856 ) ) ;
#2504 = VERTEX_POINT ( 'NONE', #6479 ) ;
#2505 = CARTESIAN_POINT ( 'NONE',  ( -1.338300807568872486, 0.7726683315065743241, 14.16666666666667140 ) ) ;
#2506 = CARTESIAN_POINT ( 'NONE',  ( 0.2335699368379909602, -1.986454365931314303, 19.66499070698297658 ) ) ;
#2507 = CARTESIAN_POINT ( 'NONE',  ( 0.8922005383792477318, -1.545336663013172407, 16.47083333333334210 ) ) ;
#2508 = CARTESIAN_POINT ( 'NONE',  ( 1.732050807568881190, 0.9999999999999956701, -3.316666666666665098 ) ) ;
#2509 = EDGE_CURVE ( 'NONE', #983, #1663, #3874, .T. ) ;
#2510 = CARTESIAN_POINT ( 'NONE',  ( 0.8922005383792492861, 1.545336663013156198, 15.39166666666666927 ) ) ;
#2511 = ORIENTED_EDGE ( 'NONE', *, *, #2012, .F. ) ;
#2512 = CARTESIAN_POINT ( 'NONE',  ( 2.337662109255468579, -2.114451767084724043, 19.89411159150290231 ) ) ;
#2513 = CARTESIAN_POINT ( 'NONE',  ( -0.8922005383792480648, 1.545336663013156642, 16.82083333333340391 ) ) ;
#2514 = CARTESIAN_POINT ( 'NONE',  ( -1.154700538379252572, -2.000000000000004885, -4.220833333333329662 ) ) ;
#2515 = DIRECTION ( 'NONE',  ( 0.000000000000000000, 0.000000000000000000, -1.000000000000000000 ) ) ;
#2516 = EDGE_CURVE ( 'NONE', #3258, #5212, #806, .T. ) ;
#2517 = DIRECTION ( 'NONE',  ( -0.000000000000000000, 1.059903591714612962E-16, -1.000000000000000000 ) ) ;
#2518 = CARTESIAN_POINT ( 'NONE',  ( -0.8922005383792489530, -1.545336663013171741, 8.741666666666668917 ) ) ;
#2519 = CARTESIAN_POINT ( 'NONE',  ( -1.338300807568901352, -0.7726683315066062985, 15.68333333333335844 ) ) ;
#2520 = CARTESIAN_POINT ( 'NONE',  ( -2.495693764988929564E-16, -2.037888611415581419, -7.728124999999996803 ) ) ;
#2521 = DIRECTION ( 'NONE',  ( -0.000000000000000000, -0.000000000000000000, 1.000000000000000000 ) ) ;
#2522 = AXIS2_PLACEMENT_3D ( 'NONE', #4814, #6406, #3271 ) ;
#2523 = CARTESIAN_POINT ( 'NONE',  ( -1.593261684775821641, 1.270632596922722790, 8.835329419513938021 ) ) ;
#2524 = CARTESIAN_POINT ( 'NONE',  ( -1.784401076758511673, -4.889787074312749761E-15, -4.687499999999996447 ) ) ;
#2525 = CARTESIAN_POINT ( 'NONE',  ( 1.338300807568884698, 0.7726683315065826507, -7.166666666666665186 ) ) ;
#2526 = CARTESIAN_POINT ( 'NONE',  ( 0.000000000000000000, 1.999999999999999112, -5.299999999999998934 ) ) ;
#2527 = CARTESIAN_POINT ( 'NONE',  ( -1.892491597964139794E-16, -1.545336663013182399, -4.512499999999996625 ) ) ;
#2528 = LINE ( 'NONE', #539, #2843 ) ;
#2529 = CARTESIAN_POINT ( 'NONE',  ( -1.176575538379254215, -2.037888611415580087, 20.22604166666667425 ) ) ;
#2530 = CARTESIAN_POINT ( 'NONE',  ( 4.991387529977850254E-16, 2.037888611415564544, 9.478125000000002132 ) ) ;
#2531 = ORIENTED_EDGE ( 'NONE', *, *, #6109, .T. ) ;
#2532 = CARTESIAN_POINT ( 'NONE',  ( 4.321445706939323243E-13, 1.999999999999999556, 12.91249999999998899 ) ) ;
#2533 = ORIENTED_EDGE ( 'NONE', *, *, #963, .F. ) ;
#2534 = DIRECTION ( 'NONE',  ( 0.000000000000000000, 1.000000000000000000, 0.000000000000000000 ) ) ;
#2535 = B_SPLINE_CURVE_WITH_KNOTS ( 'NONE', 3,
 ( #624, #25, #5090, #5727, #5660, #4094 ),
 .UNSPECIFIED., .F., .F.,
 ( 4, 2, 4 ),
 ( 1.160616197898916673E-14, 0.0002683679863540055122, 0.0005367359726964048569 ),
 .UNSPECIFIED. ) ;
#2536 = ORIENTED_EDGE ( 'NONE', *, *, #1774, .F. ) ;
#2537 = CARTESIAN_POINT ( 'NONE',  ( -1.338300807568872486, 0.7726683315065743241, 13.46666666666667034 ) ) ;
#2538 = CARTESIAN_POINT ( 'NONE',  ( -1.652689042765559391, 1.137458608817680128, 8.908648247818966581 ) ) ;
#2539 = CARTESIAN_POINT ( 'NONE',  ( 1.338300807568873152, 0.7726683315065731028, 17.34583333333333854 ) ) ;
#2540 = CARTESIAN_POINT ( 'NONE',  ( 1.154700538379249020, -2.000000000000007994, -7.604166666666665186 ) ) ;
#2541 = CARTESIAN_POINT ( 'NONE',  ( 1.338300807568872264, -0.7726683315065907554, 10.31666666666666998 ) ) ;
#2542 = ORIENTED_EDGE ( 'NONE', *, *, #2217, .F. ) ;
#2543 = CARTESIAN_POINT ( 'NONE',  ( 0.6647898579268006758, -3.080285011709185561, 19.88305305545372192 ) ) ;
#2544 = CARTESIAN_POINT ( 'NONE',  ( 1.784401076758496352, -8.193867857659506841E-15, 15.18750000000007105 ) ) ;
#2545 = CARTESIAN_POINT ( 'NONE',  ( -2.449293598294711345E-16, -2.000000000000008882, -3.549999999999998934 ) ) ;
#2546 = CARTESIAN_POINT ( 'NONE',  ( 1.154700538379245467, -2.000000000000027534, 12.00833333333333464 ) ) ;
#2547 = ADVANCED_FACE ( 'NONE', ( #5973, #316 ), #1338, .F. ) ;
#2548 = LINE ( 'NONE', #1386, #3559 ) ;
#2549 = CARTESIAN_POINT ( 'NONE',  ( -1.816353219439972744, -0.7970334573274121537, -9.175595443268949936 ) ) ;
#2550 = CARTESIAN_POINT ( 'NONE',  ( 1.338300807568900908, -0.7726683315066071867, 16.61666666666668846 ) ) ;
#2551 = CARTESIAN_POINT ( 'NONE',  ( 0.000000000000000000, 1.545336663013172407, -1.362499999999997380 ) ) ;
#2552 = CARTESIAN_POINT ( 'NONE',  ( -4.747177594414760738E-14, 1.999999999999997113, 12.21250000000001279 ) ) ;
#2553 = CARTESIAN_POINT ( 'NONE',  ( -1.338300807568872486, 0.7726683315065743241, 19.67916666666667069 ) ) ;
#2554 = CARTESIAN_POINT ( 'NONE',  ( -1.764863307568880213, -1.018944305707793596, 9.667708333333340676 ) ) ;
#2555 = VERTEX_POINT ( 'NONE', #1834 ) ;
#2556 = CARTESIAN_POINT ( 'NONE',  ( 1.784401076758511673, -5.433995882647623385E-15, -6.437499999999997335 ) ) ;
#2557 = CARTESIAN_POINT ( 'NONE',  ( -1.338300807568884032, -0.7726683315065933089, -2.616666666666664920 ) ) ;
#2558 = CARTESIAN_POINT ( 'NONE',  ( -1.732050807568880746, 0.9999999999999972244, -6.583333333333331261 ) ) ;
#2559 = CARTESIAN_POINT ( 'NONE',  ( -1.338300807568884032, -0.7726683315065933089, -4.629166666666663765 ) ) ;
#2560 = CARTESIAN_POINT ( 'NONE',  ( 4.898587196589425648E-16, 1.999999999999997335, 15.10000000000000142 ) ) ;
#2561 = APPROVAL_STATUS ( 'not_yet_approved' ) ;
#2562 = CARTESIAN_POINT ( 'NONE',  ( -1.732050807569013751, -1.000000000000086153, 13.84583333333342914 ) ) ;
#2563 = CARTESIAN_POINT ( 'NONE',  ( -1.176575538379253105, 2.037888611415564544, 9.536458333333335702 ) ) ;
#2564 = EDGE_LOOP ( 'NONE', ( #2898, #4865, #3232, #4114 ) ) ;
#2565 = CARTESIAN_POINT ( 'NONE',  ( -0.8922005383792555033, 1.545336663013171963, -9.004166666666664653 ) ) ;
#2566 = ORIENTED_EDGE ( 'NONE', *, *, #3118, .T. ) ;
#2567 = CARTESIAN_POINT ( 'NONE',  ( 1.764863307568882655, -1.018944305707794040, -5.467708333333335169 ) ) ;
#2568 = VERTEX_POINT ( 'NONE', #5304 ) ;
#2569 = CARTESIAN_POINT ( 'NONE',  ( -1.784401076758496574, -7.756815644250031206E-15, 14.22500000000000320 ) ) ;
#2570 = CARTESIAN_POINT ( 'NONE',  ( 0.9916278579610373622, 1.412406613254835408, 19.39190802165535388 ) ) ;
#2571 = CARTESIAN_POINT ( 'NONE',  ( -0.8922005383792488420, -1.545336663013171519, 16.35416666666667496 ) ) ;
#2572 = LINE ( 'NONE', #6155, #3654 ) ;
#2573 = CARTESIAN_POINT ( 'NONE',  ( 1.784401076758496574, -8.193867857659506841E-15, 10.28750000000000853 ) ) ;
#2574 = CARTESIAN_POINT ( 'NONE',  ( -1.338300807568872930, -0.7726683315065897562, 12.88333333333333641 ) ) ;
#2575 = ORIENTED_EDGE ( 'NONE', *, *, #5646, .T. ) ;
#2576 = PLANE ( 'NONE',  #4434 ) ;
#2577 = CARTESIAN_POINT ( 'NONE',  ( 1.338300807568872042, -0.7726683315065906443, 16.52916666666673251 ) ) ;
#2578 = CARTESIAN_POINT ( 'NONE',  ( -1.154700538379238139, 2.000000000000025313, 9.558333333333331794 ) ) ;
#2579 = CARTESIAN_POINT ( 'NONE',  ( 0.000000000000000000, 1.895336663013171830, 3.443891956410410507E-16 ) ) ;
#2580 = VECTOR ( 'NONE', #2244, 1000.000000000000114 ) ;
#2581 = CARTESIAN_POINT ( 'NONE',  ( -1.154700538380391217, 2.000000000000634159, -5.154166666667378216 ) ) ;
#2582 = EDGE_CURVE ( 'NONE', #283, #4467, #4659, .T. ) ;
#2583 = ADVANCED_FACE ( 'NONE', ( #4317 ), #3810, .T. ) ;
#2584 = CARTESIAN_POINT ( 'NONE',  ( 1.784401076758534765, -8.193867857659513152E-15, 13.87500000000002487 ) ) ;
#2585 = CARTESIAN_POINT ( 'NONE',  ( 0.000000000000000000, 2.037888611415570761, -8.078124999999996447 ) ) ;
#2586 = FACE_OUTER_BOUND ( 'NONE', #103, .T. ) ;
#2587 = CARTESIAN_POINT ( 'NONE',  ( 1.536441142686956418, 0.1655717883924041067, 8.900000000231749198 ) ) ;
#2588 = CIRCLE ( 'NONE', #6427, 0.3499999999999994227 ) ;
#2589 = EDGE_CURVE ( 'NONE', #1415, #5000, #509, .T. ) ;
#2590 = EDGE_LOOP ( 'NONE', ( #3724, #4280, #3069, #3404, #1200 ) ) ;
#2591 = CARTESIAN_POINT ( 'NONE',  ( 1.784401076758511673, -5.391133244677466240E-15, -5.737499999999996270 ) ) ;
#2592 = CARTESIAN_POINT ( 'NONE',  ( 1.338300807568883588, -0.7726683315065944191, -5.183333333333331794 ) ) ;
#2593 = EDGE_CURVE ( 'NONE', #1910, #2119, #6164, .T. ) ;
#2594 = CARTESIAN_POINT ( 'NONE',  ( 2.020667218593130043E-16, 1.649999999999998357, -9.500000000000000000 ) ) ;
#2595 = CARTESIAN_POINT ( 'NONE',  ( -1.338300807568883810, 0.7726683315065839830, -2.645833333333329929 ) ) ;
#2596 = CARTESIAN_POINT ( 'NONE',  ( 1.338300807568883588, -0.7726683315065946411, -8.683333333333331794 ) ) ;
#2597 = CARTESIAN_POINT ( 'NONE',  ( -2.495693764988925127E-16, -2.037888611415580531, 20.98437500000000711 ) ) ;
#2598 = CARTESIAN_POINT ( 'NONE',  ( 1.176575538379254660, 2.037888611415564100, 11.51979166666666998 ) ) ;
#2599 = VERTEX_POINT ( 'NONE', #1528 ) ;
#2600 =( BOUNDED_CURVE ( )  B_SPLINE_CURVE ( 2, ( #3382, #4459, #6495, #5487, #918, #2578, #498 ),
 .UNSPECIFIED., .F., .T. ) 
 B_SPLINE_CURVE_WITH_KNOTS ( ( 3, 2, 2, 3 ),
 ( 0.8611111111111112715, 0.8703703703703704608, 0.8796296296296298722, 0.8888888888888890616 ),
 .UNSPECIFIED. ) 
 CURVE ( )  GEOMETRIC_REPRESENTATION_ITEM ( )  RATIONAL_B_SPLINE_CURVE ( ( 0.9999999999999984457, 0.8660254037844402619, 1.000000000000000000, 0.8660254037844387076, 1.000000000000000000, 0.8660254037844354880, 1.000000000000003109 ) ) 
 REPRESENTATION_ITEM ( '' )  );
#2601 = CARTESIAN_POINT ( 'NONE',  ( -1.338300807568883588, 0.7726683315065835389, -8.245833333333330017 ) ) ;
#2602 = ORIENTED_EDGE ( 'NONE', *, *, #4515, .T. ) ;
#2603 = CARTESIAN_POINT ( 'NONE',  ( 2.353151076758510651, -5.432656425211056639E-15, -4.709375000000000533 ) ) ;
#2604 = ORIENTED_EDGE ( 'NONE', *, *, #3653, .T. ) ;
#2605 = CARTESIAN_POINT ( 'NONE',  ( -1.338300807568872486, 0.7726683315065743241, 16.26666666666667282 ) ) ;
#2606 = CARTESIAN_POINT ( 'NONE',  ( 3.784983195928246554E-16, 1.545336663013156420, 17.46250000000000568 ) ) ;
#2607 = DIRECTION ( 'NONE',  ( 0.000000000000000000, 0.000000000000000000, -1.000000000000000000 ) ) ;
#2608 = CARTESIAN_POINT ( 'NONE',  ( 1.784401076758496574, -8.193867857659506841E-15, 9.587500000000005684 ) ) ;
#2609 = CARTESIAN_POINT ( 'NONE',  ( -0.8922005383792482869, 1.545336663013156420, 12.70833333333333748 ) ) ;
#2610 = VERTEX_POINT ( 'NONE', #447 ) ;
#2611 = DIRECTION ( 'NONE',  ( -0.000000000000000000, 1.059903591714612962E-16, -1.000000000000000000 ) ) ;
#2612 = AXIS2_PLACEMENT_3D ( 'NONE', #4631, #5664, #1618 ) ;
#2613 = CARTESIAN_POINT ( 'NONE',  ( -1.784401076758496352, -7.756815644250031206E-15, 16.93750000000007461 ) ) ;
#2614 = CARTESIAN_POINT ( 'NONE',  ( 0.000000000000000000, -4.822780305359848161E-16, 0.000000000000000000 ) ) ;
#2615 = CARTESIAN_POINT ( 'NONE',  ( 1.394698401907470243E-11, 1.833581668492929362, -9.316418331507074768 ) ) ;
#2616 = CARTESIAN_POINT ( 'NONE',  ( -1.784401076758534765, -7.756815644250028050E-15, 15.62500000000002487 ) ) ;
#2617 = CARTESIAN_POINT ( 'NONE',  ( 1.176575538379254882, -2.037888611415580975, -4.869791666666664298 ) ) ;
#2618 = EDGE_CURVE ( 'NONE', #1577, #4842, #2528, .T. ) ;
#2619 = DIRECTION ( 'NONE',  ( -0.000000000000000000, 1.059903591714612962E-16, -1.000000000000000000 ) ) ;
#2620 = CARTESIAN_POINT ( 'NONE',  ( 3.784983195928246554E-16, 1.545336663013156420, 17.46250000000000568 ) ) ;
#2621 = ORIENTED_EDGE ( 'NONE', *, *, #5526, .F. ) ;
#2622 = CARTESIAN_POINT ( 'NONE',  ( -0.8922005383792556144, 1.545336663013172851, -3.404166666666663676 ) ) ;
#2623 = CARTESIAN_POINT ( 'NONE',  ( 0.8922005383792555033, -1.545336663013183287, -4.541666666666664298 ) ) ;
#2624 = EDGE_CURVE ( 'NONE', #34, #1163, #5627, .T. ) ;
#2625 = CARTESIAN_POINT ( 'NONE',  ( 1.732050807568880302, -1.000000000000007772, -5.533333333333332327 ) ) ;
#2626 = DIRECTION ( 'NONE',  ( 0.000000000000000000, 0.000000000000000000, 1.000000000000000000 ) ) ;
#2627 = CARTESIAN_POINT ( 'NONE',  ( 4.898587196589426634E-16, 1.999999999999997780, 13.61250000000000782 ) ) ;
#2628 = CARTESIAN_POINT ( 'NONE',  ( 1.764863307568880879, 1.018944305707776943, 8.661458333333337478 ) ) ;
#2629 = ORIENTED_EDGE ( 'NONE', *, *, #2224, .T. ) ;
#2630 = CARTESIAN_POINT ( 'NONE',  ( -1.784401076758511895, -4.766556990148547676E-15, -2.674999999999997602 ) ) ;
#2631 = CARTESIAN_POINT ( 'NONE',  ( -1.784401076758511451, -5.104100264163537059E-15, -8.187499999999996447 ) ) ;
#2632 = ORIENTED_EDGE ( 'NONE', *, *, #2710, .F. ) ;
#2633 = CARTESIAN_POINT ( 'NONE',  ( -1.176575538379256214, -2.037888611415580531, -5.642708333333334103 ) ) ;
#2634 = B_SPLINE_CURVE_WITH_KNOTS ( 'NONE', 3,
 ( #3514, #3416, #5550, #2944, #1416, #5449 ),
 .UNSPECIFIED., .F., .F.,
 ( 4, 2, 4 ),
 ( 0.01913565814006509477, 0.01984651757315686327, 0.02055737700624863523 ),
 .UNSPECIFIED. ) ;
#2635 = ORIENTED_EDGE ( 'NONE', *, *, #4180, .T. ) ;
#2636 = CARTESIAN_POINT ( 'NONE',  ( 1.338300807568872042, -0.7726683315065906443, 15.91666666666666963 ) ) ;
#2637 = CARTESIAN_POINT ( 'NONE',  ( -2.309401076758507365, -4.927291882536637558E-15, -5.824999999999999289 ) ) ;
#2638 = CARTESIAN_POINT ( 'NONE',  ( 0.8922005383792491751, 1.545336663013155754, 15.30416666666667069 ) ) ;
#2639 =( BOUNDED_CURVE ( )  B_SPLINE_CURVE ( 2, ( #188, #5239, #1111, #2701, #4682, #3204, #3677 ),
 .UNSPECIFIED., .F., .F. ) 
 B_SPLINE_CURVE_WITH_KNOTS ( ( 3, 2, 2, 3 ),
 ( 0.6545840879553940228, 0.6664888498601558853, 0.6783936117649177477, 0.6902983736696797212 ),
 .UNSPECIFIED. ) 
 CURVE ( )  GEOMETRIC_REPRESENTATION_ITEM ( )  RATIONAL_B_SPLINE_CURVE ( ( 0.9999999999998813172, 0.8660254037845573905, 1.000000000000000000, 0.8660254037844387076, 1.000000000000000000, 0.8660254037843200248, 1.000000000000118794 ) ) 
 REPRESENTATION_ITEM ( '' )  );
#2640 = CARTESIAN_POINT ( 'NONE',  ( -0.5318816338037438696, 1.629255094373677659, -1.234190159944872134 ) ) ;
#2641 = CARTESIAN_POINT ( 'NONE',  ( -1.892491597964123277E-16, -1.545336663013171963, 8.712500000000007461 ) ) ;
#2642 = CARTESIAN_POINT ( 'NONE',  ( -1.892491597964123770E-16, -1.545336663013172185, 13.00000000000000533 ) ) ;
#2643 = ORIENTED_EDGE ( 'NONE', *, *, #2784, .T. ) ;
#2644 = CARTESIAN_POINT ( 'NONE',  ( -2.449293598294712824E-16, -2.000000000000012879, 12.65000000000000391 ) ) ;
#2645 = CARTESIAN_POINT ( 'NONE',  ( 1.338300807568873152, 0.7726683315065731028, 15.94583333333340214 ) ) ;
#2646 = FACE_OUTER_BOUND ( 'NONE', #6303, .T. ) ;
#2647 = CARTESIAN_POINT ( 'NONE',  ( 3.000000000000000000, 6.099181215560807940E-14, 19.96535898384949093 ) ) ;
#2648 = CARTESIAN_POINT ( 'NONE',  ( -1.732050807570009177, 1.000000000000648592, -5.095833333334085502 ) ) ;
#2649 = CARTESIAN_POINT ( 'NONE',  ( 1.338300807568901796, 0.7726683315065896451, 14.63333333333335595 ) ) ;
#2650 = CARTESIAN_POINT ( 'NONE',  ( -2.495693764988929564E-16, -2.037888611415580975, -4.228124999999996803 ) ) ;
#2651 = DIRECTION ( 'NONE',  ( -0.000000000000000000, 1.059903591714612962E-16, -1.000000000000000000 ) ) ;
#2652 = CARTESIAN_POINT ( 'NONE',  ( 1.784401076758496574, -8.193867857659506841E-15, 14.48750000000000782 ) ) ;
#2653 = ORIENTED_EDGE ( 'NONE', *, *, #2139, .F. ) ;
#2654 = B_SPLINE_CURVE_WITH_KNOTS ( 'NONE', 3,
 ( #2428, #2326, #1329, #5328, #3362, #4339, #6368, #4969, #827, #1795, #4370, #5463, #1922, #6399 ),
 .UNSPECIFIED., .F., .F.,
 ( 4, 2, 2, 2, 2, 2, 4 ),
 ( 0.008930784416274499884, 0.009545589078316069065, 0.01016039374035763998, 0.01046779607137842370, 0.01077519840239920916, 0.01108260073341999288, 0.01139000306444077834 ),
 .UNSPECIFIED. ) ;
#2655 = CARTESIAN_POINT ( 'NONE',  ( -1.784401076758511895, -4.809419628118704031E-15, -3.374999999999997780 ) ) ;
#2656 = CARTESIAN_POINT ( 'NONE',  ( -1.338300807568884032, 0.7726683315065836499, -9.033333333333331439 ) ) ;
#2657 = CARTESIAN_POINT ( 'NONE',  ( 2.309401076758508697, -8.290308793092364557E-15, 15.62500000000000000 ) ) ;
#2658 = CARTESIAN_POINT ( 'NONE',  ( 0.8922005383792568356, 1.545336663013171741, -8.508333333333331083 ) ) ;
#2659 = CARTESIAN_POINT ( 'NONE',  ( 4.991387529977850254E-16, 2.037888611415564544, 19.23437500000000711 ) ) ;
#2660 = CARTESIAN_POINT ( 'NONE',  ( -1.892491597964123277E-16, -1.545336663013171963, 19.30000000000000426 ) ) ;
#2661 = VERTEX_POINT ( 'NONE', #2560 ) ;
#2662 = EDGE_CURVE ( 'NONE', #976, #1694, #4767, .T. ) ;
#2663 = CARTESIAN_POINT ( 'NONE',  ( 0.000000000000000000, 1.545336663013172629, -3.549999999999997602 ) ) ;
#2664 = ORIENTED_EDGE ( 'NONE', *, *, #5558, .F. ) ;
#2665 = CARTESIAN_POINT ( 'NONE',  ( 2.353151076758510651, -5.518381701151370139E-15, -6.109375000000001776 ) ) ;
#2666 = EDGE_LOOP ( 'NONE', ( #3409, #960, #577, #1993, #357, #5701, #1062, #6173, #3390, #3379 ) ) ;
#2667 = CARTESIAN_POINT ( 'NONE',  ( 4.321445706939323243E-13, 1.999999999999999556, 12.91249999999998899 ) ) ;
#2668 = CARTESIAN_POINT ( 'NONE',  ( -2.449293598294699512E-16, -2.000000000000002220, 16.06250000000000000 ) ) ;
#2669 = CARTESIAN_POINT ( 'NONE',  ( -1.321137565622379606, -1.419129614081110269, 19.60373125750727041 ) ) ;
#2670 = CARTESIAN_POINT ( 'NONE',  ( -1.784401076758496574, -7.756815644250031206E-15, 14.13750000000000639 ) ) ;
#2671 = CARTESIAN_POINT ( 'NONE',  ( -1.154700538379253905, 1.999999999999997335, 13.75833333333333464 ) ) ;
#2672 = CARTESIAN_POINT ( 'NONE',  ( -1.764863307568879991, 1.018944305707778719, 17.29479166666666856 ) ) ;
#2673 = CARTESIAN_POINT ( 'NONE',  ( 3.784983195928247540E-16, 1.545336663013156642, 10.55000000000000426 ) ) ;
#2674 = CYLINDRICAL_SURFACE ( 'NONE', #1871, 1.999999999999998224 ) ;
#2675 = CARTESIAN_POINT ( 'NONE',  ( 0.8922005383792491751, 1.545336663013156198, 12.50416666666673571 ) ) ;
#2676 = FACE_OUTER_BOUND ( 'NONE', #6455, .T. ) ;
#2677 = DIRECTION ( 'NONE',  ( 0.000000000000000000, 1.000000000000000000, 0.000000000000000000 ) ) ;
#2678 = CARTESIAN_POINT ( 'NONE',  ( 1.338300807568872042, -0.7726683315065906443, 11.01666666666667105 ) ) ;
#2679 = CARTESIAN_POINT ( 'NONE',  ( -0.3782718406934709732, 1.846796238363299647, -9.303203761639569080 ) ) ;
#2680 = CARTESIAN_POINT ( 'NONE',  ( 1.764863307568879547, -1.018944305707794928, 12.00104166666667460 ) ) ;
#2681 = CARTESIAN_POINT ( 'NONE',  ( -1.338300807568901352, -0.7726683315066062985, 11.48333333333335560 ) ) ;
#2682 = CARTESIAN_POINT ( 'NONE',  ( -1.176575538379256214, -2.037888611415580531, -5.686458333333330728 ) ) ;
#2683 = AXIS2_PLACEMENT_3D ( 'NONE', #5587, #3651, #5623 ) ;
#2684 = CARTESIAN_POINT ( 'NONE',  ( -1.732050807568876971, 0.9999999999999922284, 14.42916666666667247 ) ) ;
#2685 = CARTESIAN_POINT ( 'NONE',  ( 1.338300807568873152, 0.7726683315065731028, 16.64583333333333925 ) ) ;
#2686 = ORIENTED_EDGE ( 'NONE', *, *, #1124, .F. ) ;
#2687 = CARTESIAN_POINT ( 'NONE',  ( 1.784401076758511895, -5.267903160513264944E-15, -3.724999999999997424 ) ) ;
#2688 = APPROVAL_PERSON_ORGANIZATION ( #4108, #3618, #5132 ) ;
#2689 = CARTESIAN_POINT ( 'NONE',  ( -1.338300807568884032, -0.7726683315065936419, -8.916666666666664298 ) ) ;
#2690 = CARTESIAN_POINT ( 'NONE',  ( -3.000000000000000000, -1.437602170282170855, -9.165151389911683211 ) ) ;
#2691 = CARTESIAN_POINT ( 'NONE',  ( 0.000000000000000000, 1.999999999999998668, -8.799999999999998934 ) ) ;
#2692 = CARTESIAN_POINT ( 'NONE',  ( -1.176575538379254215, -2.037888611415580087, 18.12604166666667282 ) ) ;
#2693 = CARTESIAN_POINT ( 'NONE',  ( -1.338300807568872708, -0.7726683315065896451, 19.88333333333333641 ) ) ;
#2694 = ORIENTED_EDGE ( 'NONE', *, *, #2217, .T. ) ;
#2695 = CARTESIAN_POINT ( 'NONE',  ( 1.338300807568883588, -0.7726683315065944191, -5.183333333333331794 ) ) ;
#2696 = CARTESIAN_POINT ( 'NONE',  ( 1.764863307568883988, 1.018944305707781606, -4.651041666666667851 ) ) ;
#2697 = EDGE_LOOP ( 'NONE', ( #2664, #1757, #1477, #5135 ) ) ;
#2698 = EDGE_CURVE ( 'NONE', #4023, #3861, #4006, .T. ) ;
#2699 = CARTESIAN_POINT ( 'NONE',  ( -1.708303692459372636, -2.477812018438707575, 19.96550142914380999 ) ) ;
#2700 = CARTESIAN_POINT ( 'NONE',  ( 0.000000000000000000, 1.999999999999998224, -2.412499999999997868 ) ) ;
#2701 = CARTESIAN_POINT ( 'NONE',  ( 2.309401076758507365, -5.557225966811825470E-15, -6.874999999999998224 ) ) ;
#2702 = CARTESIAN_POINT ( 'NONE',  ( 0.8922005383792477318, -1.545336663013172407, 12.27083333333334103 ) ) ;
#2703 = CARTESIAN_POINT ( 'NONE',  ( -1.154700538386359332, 1.999999999987770227, 16.47083333333408461 ) ) ;
#2704 = CARTESIAN_POINT ( 'NONE',  ( -1.176575538379253105, 2.037888611415564544, 15.83645833333333641 ) ) ;
#2705 = CARTESIAN_POINT ( 'NONE',  ( -1.784401076758496796, -7.756815644250031206E-15, 9.325000000000004619 ) ) ;
#2706 = CARTESIAN_POINT ( 'NONE',  ( 1.154700538379253683, -2.000000000000013323, 12.70833333333333215 ) ) ;
#2707 = CARTESIAN_POINT ( 'NONE',  ( 0.8922005383792491751, 1.545336663013156198, 13.20416666666673500 ) ) ;
#2708 = AXIS2_PLACEMENT_3D ( 'NONE', #2744, #1284, #1846 ) ;
#2709 = CARTESIAN_POINT ( 'NONE',  ( 3.784983195928328398E-16, 1.545336663013189504, 18.95000000000002416 ) ) ;
#2710 = EDGE_CURVE ( 'NONE', #3504, #1563, #1400, .T. ) ;
#2711 = CARTESIAN_POINT ( 'NONE',  ( -0.8922005383792481759, 1.545336663013156420, 12.70833333333333748 ) ) ;
#2712 = CARTESIAN_POINT ( 'NONE',  ( -2.777269593491112569E-11, -1.999999999999999112, -2.062500000001396661 ) ) ;
#2713 = CARTESIAN_POINT ( 'NONE',  ( -1.764863307568880213, -1.018944305707793596, 10.36770833333333997 ) ) ;
#2714 = CARTESIAN_POINT ( 'NONE',  ( -0.8922005383792679378, -1.545336663013204603, 12.24166666666668668 ) ) ;
#2715 = EDGE_CURVE ( 'NONE', #6100, #2439, #29, .T. ) ;
#2716 = CARTESIAN_POINT ( 'NONE',  ( 1.176575538379254882, -2.037888611415581863, -6.969791666666663943 ) ) ;
#2717 = DIRECTION ( 'NONE',  ( -0.000000000000000000, 1.059903591714612962E-16, -1.000000000000000000 ) ) ;
#2718 = CARTESIAN_POINT ( 'NONE',  ( 1.784401076758496574, -8.193867857659506841E-15, 17.28750000000000853 ) ) ;
#2719 =( BOUNDED_CURVE ( )  B_SPLINE_CURVE ( 2, ( #6361, #1785, #5417, #3825, #790, #3453, #6090 ),
 .UNSPECIFIED., .F., .T. ) 
 B_SPLINE_CURVE_WITH_KNOTS ( ( 3, 2, 2, 3 ),
 ( 0.3688698022411083244, 0.3807745641458701868, 0.3926793260506320493, 0.4045840879553940228 ),
 .UNSPECIFIED. ) 
 CURVE ( )  GEOMETRIC_REPRESENTATION_ITEM ( )  RATIONAL_B_SPLINE_CURVE ( ( 0.9999999999998813172, 0.8660254037845573905, 1.000000000000000000, 0.8660254037844387076, 1.000000000000000000, 0.8660254037843200248, 1.000000000000118794 ) ) 
 REPRESENTATION_ITEM ( '' )  );
#2720 = VERTEX_POINT ( 'NONE', #3468 ) ;
#2721 = B_SPLINE_CURVE_WITH_KNOTS ( 'NONE', 3,
 ( #4251, #4713, #1700, #87, #6217, #2102 ),
 .UNSPECIFIED., .F., .F.,
 ( 4, 2, 4 ),
 ( 3.981221084499421741E-16, 0.0002683679863483692872, 0.0005367359726963404553 ),
 .UNSPECIFIED. ) ;
#2722 = CARTESIAN_POINT ( 'NONE',  ( 1.784401076758511895, -5.139315246602791934E-15, -1.624999999999998002 ) ) ;
#2723 = CARTESIAN_POINT ( 'NONE',  ( 0.000000000000000000, 1.545336663013172185, -9.149999999999998579 ) ) ;
#2724 = CARTESIAN_POINT ( 'NONE',  ( 2.309401076758507365, -5.471500690871509604E-15, -5.474999999999998757 ) ) ;
#2725 = CARTESIAN_POINT ( 'NONE',  ( -1.784401076758511895, -5.109458093909806407E-15, -8.274999999999996803 ) ) ;
#2726 = CARTESIAN_POINT ( 'NONE',  ( 4.991387529977850254E-16, 2.037888611415564544, 18.53437500000000426 ) ) ;
#2727 = CARTESIAN_POINT ( 'NONE',  ( 0.8922005383792491751, 1.545336663013155754, 19.59166666666667211 ) ) ;
#2728 = ORIENTED_EDGE ( 'NONE', *, *, #5517, .T. ) ;
#2729 = CARTESIAN_POINT ( 'NONE',  ( 0.8922005383792568356, 1.545336663013172185, -4.308333333333330906 ) ) ;
#2730 = CARTESIAN_POINT ( 'NONE',  ( -1.176575538379256214, -2.037888611415580531, -3.542708333333334458 ) ) ;
#2731 = EDGE_LOOP ( 'NONE', ( #6116, #388, #3914, #4215 ) ) ;
#2732 = CARTESIAN_POINT ( 'NONE',  ( 1.154700538379348718, 1.999999999999826139, 10.75416666666666288 ) ) ;
#2733 = CARTESIAN_POINT ( 'NONE',  ( -2.449293598294712824E-16, -2.000000000000012879, 18.95000000000000284 ) ) ;
#2734 = CARTESIAN_POINT ( 'NONE',  ( -1.775462199895176951, -0.7013755230131779594, 19.57363909614773689 ) ) ;
#2735 = CARTESIAN_POINT ( 'NONE',  ( 0.8922005383792477318, -1.545336663013172407, 13.67083333333333961 ) ) ;
#2736 = DIRECTION ( 'NONE',  ( -1.000000000000000000, 0.000000000000000000, 0.000000000000000000 ) ) ;
#2737 = CARTESIAN_POINT ( 'NONE',  ( -2.495693764988925127E-16, -2.037888611415580531, 18.22812500000000213 ) ) ;
#2738 = CARTESIAN_POINT ( 'NONE',  ( 1.784401076758496352, -8.193867857659506841E-15, 10.98750000000006999 ) ) ;
#2739 = LINE ( 'NONE', #6382, #2580 ) ;
#2740 = CARTESIAN_POINT ( 'NONE',  ( -1.732050807569654571, 1.000000000000441203, 19.32916666666718797 ) ) ;
#2741 = CARTESIAN_POINT ( 'NONE',  ( 3.784983195928246554E-16, 1.545336663013156420, 11.95000000000000462 ) ) ;
#2742 = CARTESIAN_POINT ( 'NONE',  ( 1.018214006925886705, -1.322993824994244561, -9.491459083369639060 ) ) ;
#2743 = CARTESIAN_POINT ( 'NONE',  ( -0.8922005383792482869, 1.545336663013156420, 17.60833333333333783 ) ) ;
#2744 = CARTESIAN_POINT ( 'NONE',  ( 0.000000000000000000, 5.246303815928974609E-16, -9.500000000000000000 ) ) ;
#2745 = CARTESIAN_POINT ( 'NONE',  ( -1.784401076758534765, -7.756815644250028050E-15, 10.72500000000002451 ) ) ;
#2746 = EDGE_CURVE ( 'NONE', #6014, #2851, #3105, .T. ) ;
#2747 = CARTESIAN_POINT ( 'NONE',  ( 1.338300807568883366, -0.7726683315065940860, -1.595833333333330994 ) ) ;
#2748 = CARTESIAN_POINT ( 'NONE',  ( 2.353151076758510651, -5.435335340084190919E-15, -4.753124999999997158 ) ) ;
#2749 = CARTESIAN_POINT ( 'NONE',  ( 0.000000000000000000, 1.545336663013172629, -2.149999999999997247 ) ) ;
#2750 = CARTESIAN_POINT ( 'NONE',  ( -2.449293598294712824E-16, -2.000000000000012879, 17.55000000000000071 ) ) ;
#2751 = CARTESIAN_POINT ( 'NONE',  ( -1.892491597964123277E-16, -1.545336663013171963, 16.41250000000000853 ) ) ;
#2752 = EDGE_LOOP ( 'NONE', ( #1174, #2202, #875, #484 ) ) ;
#2753 = CARTESIAN_POINT ( 'NONE',  ( -1.892491597964139547E-16, -1.545336663013182177, -6.612499999999997158 ) ) ;
#2754 = CARTESIAN_POINT ( 'NONE',  ( -1.154700538378662822, 2.000000000001022293, -5.241666666666725760 ) ) ;
#2755 = CARTESIAN_POINT ( 'NONE',  ( -0.8922005383792563915, -1.545336663013181733, -1.770833333333330817 ) ) ;
#2756 = CARTESIAN_POINT ( 'NONE',  ( -1.338300807568884032, -0.7726683315065936419, -7.516666666666664831 ) ) ;
#2757 = CARTESIAN_POINT ( 'NONE',  ( 1.764863307568879547, -1.018944305707794928, 16.20104166666667211 ) ) ;
#2758 = CARTESIAN_POINT ( 'NONE',  ( 1.338300807568872042, -0.7726683315065906443, 19.41666666666666785 ) ) ;
#2759 = ORIENTED_EDGE ( 'NONE', *, *, #4111, .F. ) ;
#2760 = CARTESIAN_POINT ( 'NONE',  ( -1.338300807568884032, -0.7726683315065934199, -4.716666666666664121 ) ) ;
#2761 = CARTESIAN_POINT ( 'NONE',  ( 1.176575538379254882, -2.037888611415580975, -1.326041666666668117 ) ) ;
#2762 = ORIENTED_EDGE ( 'NONE', *, *, #2509, .T. ) ;
#2763 = CARTESIAN_POINT ( 'NONE',  ( -1.154700538379268782, -2.000000000000036415, 13.20416666666668881 ) ) ;
#2764 = DIRECTION ( 'NONE',  ( -0.000000000000000000, 1.059903591714612962E-16, -1.000000000000000000 ) ) ;
#2765 = CARTESIAN_POINT ( 'NONE',  ( 3.784983195928246554E-16, 1.545336663013156420, 13.26250000000000639 ) ) ;
#2766 = CARTESIAN_POINT ( 'NONE',  ( -2.449293598294712824E-16, -2.000000000000012879, 18.25000000000000355 ) ) ;
#2767 = CARTESIAN_POINT ( 'NONE',  ( -1.764863307568879991, 1.018944305707778719, 17.99479166666666785 ) ) ;
#2768 = CYLINDRICAL_SURFACE ( 'NONE', #3246, 1.999999999999998224 ) ;
#2769 = CARTESIAN_POINT ( 'NONE',  ( 0.8922005383792477318, -1.545336663013172407, 10.87083333333340285 ) ) ;
#2770 = CARTESIAN_POINT ( 'NONE',  ( -1.784401076758534765, -7.756815644250028050E-15, 19.12500000000002487 ) ) ;
#2771 = CARTESIAN_POINT ( 'NONE',  ( 1.784401076758496574, -8.193867857659506841E-15, 11.07500000000000462 ) ) ;
#2772 = CARTESIAN_POINT ( 'NONE',  ( -2.449293598294712824E-16, -2.000000000000012879, 16.85000000000000497 ) ) ;
#2773 = CARTESIAN_POINT ( 'NONE',  ( 1.784401076758496796, -8.193867857659506841E-15, 18.07500000000000284 ) ) ;
#2774 = CARTESIAN_POINT ( 'NONE',  ( 2.744999999999999662, 1.879275126212228919, 19.77675886009239647 ) ) ;
#2775 = CARTESIAN_POINT ( 'NONE',  ( 1.338300807568901796, 0.7726683315065896451, 12.53333333333335631 ) ) ;
#2776 = CARTESIAN_POINT ( 'NONE',  ( 1.784401076758511673, -5.091094778886364654E-15, -0.8374999999999962474 ) ) ;
#2777 = CARTESIAN_POINT ( 'NONE',  ( 1.764863307568882655, -1.018944305707793596, -1.311458333333331172 ) ) ;
#2778 = CARTESIAN_POINT ( 'NONE',  ( -0.8922005383792559474, 1.545336663013172851, -1.391666666666664387 ) ) ;
#2779 = CARTESIAN_POINT ( 'NONE',  ( -2.886607437761993467, 1.770509747995523409, 19.74299748789804099 ) ) ;
#2780 = EDGE_CURVE ( 'NONE', #3999, #2324, #480, .T. ) ;
#2781 = CARTESIAN_POINT ( 'NONE',  ( 3.784983195928246554E-16, 1.545336663013156420, 11.86250000000000604 ) ) ;
#2782 = CARTESIAN_POINT ( 'NONE',  ( -0.8922005383792563915, -1.545336663013181511, -3.170833333333330284 ) ) ;
#2783 = ORIENTED_EDGE ( 'NONE', *, *, #2582, .T. ) ;
#2784 = EDGE_CURVE ( 'NONE', #1863, #185, #4694, .T. ) ;
#2785 = CARTESIAN_POINT ( 'NONE',  ( 1.784401076758511895, -5.310765798483421299E-15, -4.424999999999997158 ) ) ;
#2786 = DIRECTION ( 'NONE',  ( 0.8660254037844387076, -0.4999999999999998890, 0.000000000000000000 ) ) ;
#2787 = CARTESIAN_POINT ( 'NONE',  ( -1.338300807568884032, -0.7726683315065935309, -6.816666666666664653 ) ) ;
#2788 = CONICAL_SURFACE ( 'NONE', #6534, 1.649999999999997913, 0.7853981633974513876 ) ;
#2789 = CARTESIAN_POINT ( 'NONE',  ( 1.176575538379254660, 2.037888611415564100, 19.17604166666667354 ) ) ;
#2790 = CARTESIAN_POINT ( 'NONE',  ( -1.892491597964123277E-16, -1.545336663013171963, 20.70000000000000284 ) ) ;
#2791 = VERTEX_POINT ( 'NONE', #3193 ) ;
#2792 = CARTESIAN_POINT ( 'NONE',  ( 0.000000000000000000, 1.545336663013172629, -2.149999999999997247 ) ) ;
#2793 = EDGE_CURVE ( 'NONE', #3582, #1910, #6305, .T. ) ;
#2794 = CARTESIAN_POINT ( 'NONE',  ( 1.764863307568882655, -1.018944305707793818, -1.967708333333335169 ) ) ;
#2795 = AXIS2_PLACEMENT_3D ( 'NONE', #4626, #3080, #499 ) ;
#2796 = CARTESIAN_POINT ( 'NONE',  ( -2.449293598294700005E-16, -2.000000000000002665, 13.26250000000000284 ) ) ;
#2797 = CARTESIAN_POINT ( 'NONE',  ( 4.898587196589427620E-16, 1.999999999999998224, 11.51250000000000817 ) ) ;
#2798 = DIRECTION ( 'NONE',  ( -0.000000000000000000, 1.059903591714612962E-16, -1.000000000000000000 ) ) ;
#2799 = CARTESIAN_POINT ( 'NONE',  ( -1.338300807568872708, -0.7726683315065896451, 12.09583333333334032 ) ) ;
#2800 = CARTESIAN_POINT ( 'NONE',  ( -2.449293598294712824E-16, -2.000000000000012879, 14.05000000000000249 ) ) ;
#2801 = CARTESIAN_POINT ( 'NONE',  ( 1.176575538379254660, 2.037888611415564100, 15.71979166666666927 ) ) ;
#2802 = AXIS2_PLACEMENT_3D ( 'NONE', #2195, #603, #1624 ) ;
#2803 = CARTESIAN_POINT ( 'NONE',  ( -0.8922005383792488420, -1.545336663013171519, 13.55416666666673287 ) ) ;
#2804 = CARTESIAN_POINT ( 'NONE',  ( 0.8922005383792682709, 1.545336663013189282, 18.19166666666668419 ) ) ;
#2805 = CARTESIAN_POINT ( 'NONE',  ( 0.08916101814857660401, -3.385278088006626440, 19.74292499065373008 ) ) ;
#2806 = CARTESIAN_POINT ( 'NONE',  ( -1.784401076758496574, -7.756815644250031206E-15, 10.02500000000000391 ) ) ;
#2807 = CARTESIAN_POINT ( 'NONE',  ( -2.449293598294697047E-16, -1.999999999999997780, -8.362499999999993605 ) ) ;
#2808 = CARTESIAN_POINT ( 'NONE',  ( -1.892491597964123770E-16, -1.545336663013172185, 17.90000000000000213 ) ) ;
#2809 = DIRECTION ( 'NONE',  ( -0.000000000000000000, 1.059903591714612962E-16, -1.000000000000000000 ) ) ;
#2810 =( BOUNDED_CURVE ( )  B_SPLINE_CURVE ( 2, ( #492, #2476, #2508, #1475, #912, #846, #423 ),
 .UNSPECIFIED., .F., .T. ) 
 B_SPLINE_CURVE_WITH_KNOTS ( ( 3, 2, 2, 3 ),
 ( 0.2974412308125368165, 0.3093459927172987900, 0.3212507546220606525, 0.3331555165268226260 ),
 .UNSPECIFIED. ) 
 CURVE ( )  GEOMETRIC_REPRESENTATION_ITEM ( )  RATIONAL_B_SPLINE_CURVE ( ( 0.9999999999998813172, 0.8660254037845573905, 1.000000000000000000, 0.8660254037844387076, 1.000000000000000000, 0.8660254037843200248, 1.000000000000118794 ) ) 
 REPRESENTATION_ITEM ( '' )  );
#2811 = CARTESIAN_POINT ( 'NONE',  ( -1.338300807568901352, 0.7726683315065909774, 12.76666666666668881 ) ) ;
#2812 = CARTESIAN_POINT ( 'NONE',  ( -1.784401076758511673, -4.761199160402276751E-15, -2.587499999999996803 ) ) ;
#2813 = CARTESIAN_POINT ( 'NONE',  ( 1.764863307568883988, 1.018944305707781606, -2.594791666666663499 ) ) ;
#2814 = VECTOR ( 'NONE', #4475, 1000.000000000000000 ) ;
#2815 = CARTESIAN_POINT ( 'NONE',  ( 0.000000000000000000, 1.545336663013172629, -1.449999999999998179 ) ) ;
#2816 = FACE_OUTER_BOUND ( 'NONE', #4210, .T. ) ;
#2817 = CARTESIAN_POINT ( 'NONE',  ( 1.338300807568872042, -0.7726683315065906443, 12.32916666666667282 ) ) ;
#2818 = CARTESIAN_POINT ( 'NONE',  ( -1.338300807568883810, -0.7726683315065930868, -3.229166666666662966 ) ) ;
#2819 = VERTEX_POINT ( 'NONE', #108 ) ;
#2820 = EDGE_CURVE ( 'NONE', #148, #6448, #6036, .T. ) ;
#2821 = CARTESIAN_POINT ( 'NONE',  ( -1.338300807568884032, -0.7726683315065934199, -4.716666666666664121 ) ) ;
#2822 = CARTESIAN_POINT ( 'NONE',  ( 1.154700538379252128, 1.999999999999992673, -6.670833333333328952 ) ) ;
#2823 = CARTESIAN_POINT ( 'NONE',  ( -2.495693764988925127E-16, -2.037888611415580531, 12.58437500000000675 ) ) ;
#2824 = CARTESIAN_POINT ( 'NONE',  ( -1.784401076758496574, -7.756815644250031206E-15, 17.02500000000000568 ) ) ;
#2825 = ORIENTED_EDGE ( 'NONE', *, *, #149, .T. ) ;
#2826 = CARTESIAN_POINT ( 'NONE',  ( 0.8922005383792568356, 1.545336663013172185, -2.208333333333331261 ) ) ;
#2827 = EDGE_CURVE ( 'NONE', #3506, #5763, #1591, .T. ) ;
#2828 = CARTESIAN_POINT ( 'NONE',  ( -2.163843733846026574, 0.3516138880356554086, -0.8788253874532908627 ) ) ;
#2829 = CARTESIAN_POINT ( 'NONE',  ( -1.154700538379238139, 2.000000000000025313, 16.55833333333333002 ) ) ;
#2830 = CARTESIAN_POINT ( 'NONE',  ( -0.8922005383792563915, -1.545336663013182177, -8.070833333333331083 ) ) ;
#2831 = CARTESIAN_POINT ( 'NONE',  ( 0.7866431436366025931, -1.703455490306361675, 19.52909067981612878 ) ) ;
#2832 = CARTESIAN_POINT ( 'NONE',  ( -0.8922005383792481759, 1.545336663013156420, 9.120833333333340676 ) ) ;
#2833 = CARTESIAN_POINT ( 'NONE',  ( -2.745000000000000551, -1.879275126212234470, 19.77675886009239647 ) ) ;
#2834 = CARTESIAN_POINT ( 'NONE',  ( -1.176575538379253105, 2.037888611415564544, 14.43645833333333606 ) ) ;
#2835 = CARTESIAN_POINT ( 'NONE',  ( -1.784401076758496352, -7.756815644250031206E-15, 10.63750000000007034 ) ) ;
#2836 = VERTEX_POINT ( 'NONE', #5131 ) ;
#2837 = CARTESIAN_POINT ( 'NONE',  ( -1.338300807568901352, 0.7726683315065909774, 17.66666666666669272 ) ) ;
#2838 = CARTESIAN_POINT ( 'NONE',  ( -0.8922005383792481759, 1.545336663013156420, 19.62083333333334068 ) ) ;
#2839 = CARTESIAN_POINT ( 'NONE',  ( 2.449293598294704442E-16, -1.999999999999997780, -9.500000000000000000 ) ) ;
#2840 = CARTESIAN_POINT ( 'NONE',  ( -0.8922005383792482869, 1.545336663013156420, 19.70833333333333925 ) ) ;
#2841 = CARTESIAN_POINT ( 'NONE',  ( 2.309401076758507365, -5.257187501020723883E-15, -1.974999999999999423 ) ) ;
#2842 = CARTESIAN_POINT ( 'NONE',  ( 1.784401076758534765, -8.193867857659513152E-15, 9.675000000000020250 ) ) ;
#2843 = VECTOR ( 'NONE', #6510, 1000.000000000000000 ) ;
#2844 = CARTESIAN_POINT ( 'NONE',  ( 2.449293598294704442E-16, -1.999999999999997780, -9.500000000000000000 ) ) ;
#2845 = CARTESIAN_POINT ( 'NONE',  ( 2.353151076758510651, -5.263884788203561553E-15, -1.953124999999997335 ) ) ;
#2846 = CARTESIAN_POINT ( 'NONE',  ( 1.338300807568883588, -0.7726683315065941970, -1.683333333333331794 ) ) ;
#2847 = FACE_OUTER_BOUND ( 'NONE', #3831, .T. ) ;
#2848 = CARTESIAN_POINT ( 'NONE',  ( 1.784401076758496574, -8.193867857659506841E-15, 12.38750000000000639 ) ) ;
#2849 =( BOUNDED_CURVE ( )  B_SPLINE_CURVE ( 2, ( #2117, #532, #2152, #661, #4596, #6171, #1654 ),
 .UNSPECIFIED., .F., .F. ) 
 B_SPLINE_CURVE_WITH_KNOTS ( ( 3, 2, 2, 3 ),
 ( 0.08307050892322538627, 0.08516102870544758896, 0.08725154848766981941, 0.08934206826989202210 ),
 .UNSPECIFIED. ) 
 CURVE ( )  GEOMETRIC_REPRESENTATION_ITEM ( )  RATIONAL_B_SPLINE_CURVE ( ( 1.000000000001981526, 0.8660254037824571816, 1.000000000000000000, 0.8660254037844387076, 1.000000000000000000, 0.8660254037844387076, 1.000000000000000000 ) ) 
 REPRESENTATION_ITEM ( '' )  );
#2850 = CARTESIAN_POINT ( 'NONE',  ( -1.892491597964139547E-16, -1.545336663013181955, -3.112499999999997158 ) ) ;
#2851 = VERTEX_POINT ( 'NONE', #1136 ) ;
#2852 = B_SPLINE_CURVE_WITH_KNOTS ( 'NONE', 3,
 ( #2184, #4193, #4229, #3181, #4129, #4592, #3082, #6200 ),
 .UNSPECIFIED., .F., .F.,
 ( 4, 2, 2, 4 ),
 ( 0.000000000000000000, 0.0006059070512359524766, 0.0009088605768539287149, 0.001211814102471904953 ),
 .UNSPECIFIED. ) ;
#2853 = CARTESIAN_POINT ( 'NONE',  ( 0.000000000000000000, 1.545336663013172407, -5.649999999999997691 ) ) ;
#2854 = CARTESIAN_POINT ( 'NONE',  ( 3.000000000000000000, 1.388496781824947829E-13, 0.03464101614959307074 ) ) ;
#2855 = CARTESIAN_POINT ( 'NONE',  ( -1.764863307568880213, -1.018944305707793596, 14.56770833333334103 ) ) ;
#2856 = VERTEX_POINT ( 'NONE', #635 ) ;
#2857 = CARTESIAN_POINT ( 'NONE',  ( -0.8922005383792558364, 1.545336663013172851, -1.391666666666664387 ) ) ;
#2858 = CARTESIAN_POINT ( 'NONE',  ( -2.353151076758510651, -4.792006681443329245E-15, -3.659375000000001155 ) ) ;
#2859 = CARTESIAN_POINT ( 'NONE',  ( 0.000000000000000000, 5.246303815928974609E-16, -9.500000000000000000 ) ) ;
#2860 = CARTESIAN_POINT ( 'NONE',  ( 1.338300807568884476, 0.7726683315065824287, -7.779166666666663232 ) ) ;
#2861 = CARTESIAN_POINT ( 'NONE',  ( 0.02127830404798166861, -1.753587330386465970, 19.41910240308986957 ) ) ;
#2862 = CARTESIAN_POINT ( 'NONE',  ( 1.895213627192364969, -0.1055974190926136369, -1.342009853560425015 ) ) ;
#2863 = CARTESIAN_POINT ( 'NONE',  ( 1.764863307568879547, -1.018944305707794928, 13.44479166666666892 ) ) ;
#2864 = ADVANCED_FACE ( 'NONE', ( #4671 ), #4013, .F. ) ;
#2865 = ORIENTED_EDGE ( 'NONE', *, *, #4801, .T. ) ;
#2866 = EDGE_CURVE ( 'NONE', #3574, #4745, #6390, .T. ) ;
#2867 = CARTESIAN_POINT ( 'NONE',  ( -1.338300807568872708, -0.7726683315065896451, 9.995833333333402848 ) ) ;
#2868 = ORIENTED_EDGE ( 'NONE', *, *, #2139, .T. ) ;
#2869 = CARTESIAN_POINT ( 'NONE',  ( 4.898587196589425648E-16, 1.999999999999997335, 10.20000000000000284 ) ) ;
#2870 = CARTESIAN_POINT ( 'NONE',  ( 0.8922005383792491751, 1.545336663013155754, 18.80416666666667425 ) ) ;
#2871 = CARTESIAN_POINT ( 'NONE',  ( -1.154700538379259234, -2.000000000000005773, 15.39166666666666927 ) ) ;
#2872 = CARTESIAN_POINT ( 'NONE',  ( 3.784983195928247540E-16, 1.545336663013156642, 15.45000000000000284 ) ) ;
#2873 = VERTEX_POINT ( 'NONE', #4990 ) ;
#2874 = CARTESIAN_POINT ( 'NONE',  ( -0.2549999999999996714, 3.316877296494397331, 19.77675886009239647 ) ) ;
#2875 = CARTESIAN_POINT ( 'NONE',  ( 0.04304026672369493101, -1.544737174244490863, 19.21533666301299448 ) ) ;
#2876 = CARTESIAN_POINT ( 'NONE',  ( 0.000000000000000000, 1.999999999999998224, 8.900000000000002132 ) ) ;
#2877 = CARTESIAN_POINT ( 'NONE',  ( 1.176575538379256658, 2.037888611415570317, -3.236458333333330994 ) ) ;
#2878 = CARTESIAN_POINT ( 'NONE',  ( 1.338300807568883588, -0.7726683315065943081, -2.383333333333331083 ) ) ;
#2879 = FACE_OUTER_BOUND ( 'NONE', #2731, .T. ) ;
#2880 = CARTESIAN_POINT ( 'NONE',  ( 1.338300807568873152, 0.7726683315065731028, 13.14583333333333925 ) ) ;
#2881 = CARTESIAN_POINT ( 'NONE',  ( 1.540311871857674486, 0.3419987794940575476, 8.899999999999995026 ) ) ;
#2882 = CARTESIAN_POINT ( 'NONE',  ( -1.784401076758511451, -4.846924436342592617E-15, -3.987499999999997602 ) ) ;
#2883 = EDGE_LOOP ( 'NONE', ( #4148, #5083, #3806, #245 ) ) ;
#2884 =( BOUNDED_CURVE ( )  B_SPLINE_CURVE ( 2, ( #3220, #728, #2254, #5290, #203, #303, #2750 ),
 .UNSPECIFIED., .F., .F. ) 
 B_SPLINE_CURVE_WITH_KNOTS ( ( 3, 2, 2, 3 ),
 ( 0.2222222222222225152, 0.2314814814814817878, 0.2407407407407410049, 0.2500000000000002776 ),
 .UNSPECIFIED. ) 
 CURVE ( )  GEOMETRIC_REPRESENTATION_ITEM ( )  RATIONAL_B_SPLINE_CURVE ( ( 0.9999999999999955591, 0.8660254037844431485, 1.000000000000000000, 0.8660254037844387076, 1.000000000000000000, 0.8660254037844347108, 1.000000000000003997 ) ) 
 REPRESENTATION_ITEM ( '' )  );
#2885 = CARTESIAN_POINT ( 'NONE',  ( -1.892491597964140040E-16, -1.545336663013182843, -7.399999999999997691 ) ) ;
#2886 = CARTESIAN_POINT ( 'NONE',  ( 1.732050807568876083, -1.000000000000008438, 14.07916666666667105 ) ) ;
#2887 = CARTESIAN_POINT ( 'NONE',  ( 1.764863307568880879, 1.018944305707776943, 14.21770833333333961 ) ) ;
#2888 = ORIENTED_EDGE ( 'NONE', *, *, #928, .F. ) ;
#2889 = CARTESIAN_POINT ( 'NONE',  ( 1.784401076758511895, -5.139315246602791934E-15, -1.624999999999998002 ) ) ;
#2890 = CARTESIAN_POINT ( 'NONE',  ( -0.8922005383792558364, 1.545336663013172185, -8.391666666666663943 ) ) ;
#2891 = CONICAL_SURFACE ( 'NONE', #4400, 2.330000000000000071, 0.7853981633974500554 ) ;
#2892 = DIRECTION ( 'NONE',  ( 0.000000000000000000, 1.000000000000000000, 0.000000000000000000 ) ) ;
#2893 = CARTESIAN_POINT ( 'NONE',  ( -1.784401076758511895, -5.146962902133694204E-15, -8.887499999999995737 ) ) ;
#2894 = CARTESIAN_POINT ( 'NONE',  ( -2.309401076758507365, -5.098742434417267712E-15, -8.624999999999996447 ) ) ;
#2895 = DIRECTION ( 'NONE',  ( 0.000000000000000000, 0.000000000000000000, 1.000000000000000000 ) ) ;
#2896 = CARTESIAN_POINT ( 'NONE',  ( 1.846856096422306415, -0.5255751791094275260, -1.354748792681229608 ) ) ;
#2897 = CARTESIAN_POINT ( 'NONE',  ( 4.991387529977850254E-16, 2.037888611415564544, 13.67812500000000320 ) ) ;
#2898 = ORIENTED_EDGE ( 'NONE', *, *, #924, .F. ) ;
#2899 = VECTOR ( 'NONE', #2451, 1000.000000000000000 ) ;
#2900 = CARTESIAN_POINT ( 'NONE',  ( 0.8922005383792477318, -1.545336663013172407, 9.470833333333402493 ) ) ;
#2901 = CARTESIAN_POINT ( 'NONE',  ( 0.000000000000000000, 5.246303815928974609E-16, -9.500000000000000000 ) ) ;
#2902 = ORIENTED_EDGE ( 'NONE', *, *, #3897, .T. ) ;
#2903 = CARTESIAN_POINT ( 'NONE',  ( 0.000000000000000000, 5.246303815928974609E-16, -9.500000000000000000 ) ) ;
#2904 = ADVANCED_FACE ( 'NONE', ( #428 ), #4422, .F. ) ;
#2905 = CARTESIAN_POINT ( 'NONE',  ( -1.338300807568872486, 0.7726683315065743241, 18.97916666666667140 ) ) ;
#2906 = CARTESIAN_POINT ( 'NONE',  ( 2.309401076758508697, -8.290308793092364557E-15, 11.42500000000000249 ) ) ;
#2907 = CARTESIAN_POINT ( 'NONE',  ( -1.784401076758496796, -7.756815644250031206E-15, 17.02500000000000568 ) ) ;
#2908 = ORIENTED_EDGE ( 'NONE', *, *, #3188, .T. ) ;
#2909 = CARTESIAN_POINT ( 'NONE',  ( -1.732050807568881634, 0.9999999999999950040, 11.01666666666666750 ) ) ;
#2910 = CARTESIAN_POINT ( 'NONE',  ( -1.892491597964123277E-16, -1.545336663013171963, 18.51250000000006679 ) ) ;
#2911 = CARTESIAN_POINT ( 'NONE',  ( -2.449293598294712824E-16, -2.000000000000012879, 17.55000000000000071 ) ) ;
#2912 = CARTESIAN_POINT ( 'NONE',  ( -1.176575538379255104, 2.037888611415571205, -3.119791666666663410 ) ) ;
#2913 = EDGE_CURVE ( 'NONE', #2555, #2610, #1975, .T. ) ;
#2914 = DIRECTION ( 'NONE',  ( -0.000000000000000000, 1.059903591714612962E-16, -1.000000000000000000 ) ) ;
#2915 = CARTESIAN_POINT ( 'NONE',  ( 4.898587196589425648E-16, 1.999999999999997335, 19.21250000000000568 ) ) ;
#2916 = CC_DESIGN_PERSON_AND_ORGANIZATION_ASSIGNMENT ( #1592, #3501, ( #4194 ) ) ;
#2917 = CARTESIAN_POINT ( 'NONE',  ( 1.338300807568872042, -0.7726683315065906443, 13.02916666666667389 ) ) ;
#2918 = EDGE_CURVE ( 'NONE', #1665, #2568, #2946, .T. ) ;
#2919 = ORIENTED_EDGE ( 'NONE', *, *, #1685, .F. ) ;
#2920 = CARTESIAN_POINT ( 'NONE',  ( -0.3179481607330258974, 1.862241449183554831, 8.900000000000005684 ) ) ;
#2921 = CARTESIAN_POINT ( 'NONE',  ( -0.8922005383792555033, 1.545336663013172407, -2.704166666666663499 ) ) ;
#2922 = EDGE_LOOP ( 'NONE', ( #1051, #1392, #825, #707 ) ) ;
#2923 = AXIS2_PLACEMENT_3D ( 'NONE', #5812, #4249, #6278 ) ;
#2924 = CARTESIAN_POINT ( 'NONE',  ( -0.8922005383792559474, 1.545336663013172407, -4.891666666666663943 ) ) ;
#2925 = DIRECTION ( 'NONE',  ( -0.4999999999999998890, -0.8660254037844387076, 0.000000000000000000 ) ) ;
#2926 = CARTESIAN_POINT ( 'NONE',  ( -2.353151076758506655, -7.721989750899276899E-15, 13.10937500000000533 ) ) ;
#2927 = CARTESIAN_POINT ( 'NONE',  ( -0.8922005383792556144, 1.545336663013172185, -8.304166666666663588 ) ) ;
#2928 = CARTESIAN_POINT ( 'NONE',  ( 1.338300807568883588, -0.7726683315065946411, -8.683333333333331794 ) ) ;
#2929 = CARTESIAN_POINT ( 'NONE',  ( -1.338300807568884032, -0.7726683315065934199, -6.029166666666663232 ) ) ;
#2930 = CARTESIAN_POINT ( 'NONE',  ( -1.604961049626681069, -0.3828838324886763012, -9.500000000000001776 ) ) ;
#2931 = CARTESIAN_POINT ( 'NONE',  ( 1.338300807568872042, -0.7726683315065906443, 9.529166666666673891 ) ) ;
#2932 = CARTESIAN_POINT ( 'NONE',  ( 1.023811873187703059, -1.718839022867848954, -1.396318194270603552 ) ) ;
#2933 = CARTESIAN_POINT ( 'NONE',  ( 1.764863307568880879, 1.018944305707776943, 12.16145833333333748 ) ) ;
#2934 = ORIENTED_EDGE ( 'NONE', *, *, #2006, .T. ) ;
#2935 =( BOUNDED_CURVE ( )  B_SPLINE_CURVE ( 2, ( #5182, #128, #1311, #2340, #4325, #2280, #5949 ),
 .UNSPECIFIED., .F., .T. ) 
 B_SPLINE_CURVE_WITH_KNOTS ( ( 3, 2, 2, 3 ),
 ( 0.1771354717567180104, 0.1792256337788064591, 0.1813157958008948800, 0.1834059578229833010 ),
 .UNSPECIFIED. ) 
 CURVE ( )  GEOMETRIC_REPRESENTATION_ITEM ( )  RATIONAL_B_SPLINE_CURVE ( ( 0.9999999999999823475, 0.8660254037844564712, 1.000000000000000000, 0.8660254037844388186, 1.000000000000000000, 0.8660254037838379659, 1.000000000000600853 ) ) 
 REPRESENTATION_ITEM ( '' )  );
#2936 = CARTESIAN_POINT ( 'NONE',  ( -0.8922005383792480648, 1.545336663013156642, 9.820833333333400361 ) ) ;
#2937 = CARTESIAN_POINT ( 'NONE',  ( -0.2549999999999995604, -3.316877296494402216, -9.165151389911683211 ) ) ;
#2938 = ORIENTED_EDGE ( 'NONE', *, *, #1613, .T. ) ;
#2939 = CARTESIAN_POINT ( 'NONE',  ( 1.764863307568883988, 1.018944305707781384, -8.151041666666667851 ) ) ;
#2940 = CARTESIAN_POINT ( 'NONE',  ( -1.784401076758496574, -7.756815644250031206E-15, 18.33750000000000568 ) ) ;
#2941 = CARTESIAN_POINT ( 'NONE',  ( 0.000000000000000000, 1.999999999999998668, -9.500000000000000000 ) ) ;
#2942 = CARTESIAN_POINT ( 'NONE',  ( -0.8922005383792489530, -1.545336663013171741, 14.34166666666666679 ) ) ;
#2943 = ORIENTED_EDGE ( 'NONE', *, *, #4191, .F. ) ;
#2944 = CARTESIAN_POINT ( 'NONE',  ( -2.999999999999999556, 0.9677611852302058226, 19.88246237372911551 ) ) ;
#2945 = CARTESIAN_POINT ( 'NONE',  ( 1.338300807568901796, 0.7726683315065896451, 9.733333333333355597 ) ) ;
#2946 = LINE ( 'NONE', #6560, #6135 ) ;
#2947 = CARTESIAN_POINT ( 'NONE',  ( 0.000000000000000000, 2.000000000000000444, -9.500000000000000000 ) ) ;
#2948 = CARTESIAN_POINT ( 'NONE',  ( 1.154700538379245467, -2.000000000000027534, 13.40833333333333321 ) ) ;
#2949 = CARTESIAN_POINT ( 'NONE',  ( 0.000000000000000000, 1.545336663013171963, -9.762499999999997513 ) ) ;
#2950 = CARTESIAN_POINT ( 'NONE',  ( -1.176575538379254215, -2.037888611415580087, 20.26979166666666998 ) ) ;
#2951 = ADVANCED_FACE ( 'NONE', ( #464 ), #5552, .F. ) ;
#2952 = FACE_OUTER_BOUND ( 'NONE', #4448, .T. ) ;
#2953 = CARTESIAN_POINT ( 'NONE',  ( -0.8922005383792555033, 1.545336663013172407, -1.304166666666663588 ) ) ;
#2954 = ORIENTED_EDGE ( 'NONE', *, *, #718, .F. ) ;
#2955 = AXIS2_PLACEMENT_3D ( 'NONE', #792, #6363, #695 ) ;
#2956 = CARTESIAN_POINT ( 'NONE',  ( 1.338300807568872042, -0.7726683315065906443, 19.32916666666667282 ) ) ;
#2957 = CARTESIAN_POINT ( 'NONE',  ( -1.764863307568880213, -1.018944305707793596, 15.96770833333334139 ) ) ;
#2958 = CARTESIAN_POINT ( 'NONE',  ( 0.8922005383792567246, 1.545336663013171963, -7.020833333333330373 ) ) ;
#2959 = CARTESIAN_POINT ( 'NONE',  ( -1.892491597964140040E-16, -1.545336663013183065, -8.099999999999997868 ) ) ;
#2960 = CARTESIAN_POINT ( 'NONE',  ( -2.309401076759543425, -5.093384604670967599E-15, -8.537500000000518341 ) ) ;
#2961 = CARTESIAN_POINT ( 'NONE',  ( -1.784401076758511895, -5.018374988223222771E-15, -6.787499999999997868 ) ) ;
#2962 =( BOUNDED_CURVE ( )  B_SPLINE_CURVE ( 2, ( #4359, #3284, #756, #2284, #4388, #4329, #6358 ),
 .UNSPECIFIED., .F., .F. ) 
 B_SPLINE_CURVE_WITH_KNOTS ( ( 3, 2, 2, 3 ),
 ( 0.4045840879553940228, 0.4164888498601558853, 0.4283936117649178588, 0.4402983736696797212 ),
 .UNSPECIFIED. ) 
 CURVE ( )  GEOMETRIC_REPRESENTATION_ITEM ( )  RATIONAL_B_SPLINE_CURVE ( ( 0.9999999999998813172, 0.8660254037845573905, 1.000000000000000000, 0.8660254037844387076, 1.000000000000000000, 0.8660254037843200248, 1.000000000000118794 ) ) 
 REPRESENTATION_ITEM ( '' )  );
#2963 = CARTESIAN_POINT ( 'NONE',  ( -0.2064250795617886824, -1.975326583517277301, -9.174673416482729493 ) ) ;
#2964 = CARTESIAN_POINT ( 'NONE',  ( 1.784401076758496574, -8.193867857659506841E-15, 9.587500000000005684 ) ) ;
#2965 = CARTESIAN_POINT ( 'NONE',  ( -2.976610138295854746, -1.614620497850565162, 19.74299748789850639 ) ) ;
#2966 = CARTESIAN_POINT ( 'NONE',  ( -1.764863307568879991, 1.018944305707778719, 12.39479166666666821 ) ) ;
#2967 = ORIENTED_EDGE ( 'NONE', *, *, #1088, .F. ) ;
#2968 = CARTESIAN_POINT ( 'NONE',  ( -1.338300807568872486, 0.7726683315065743241, 9.179166666666734642 ) ) ;
#2969 = CYLINDRICAL_SURFACE ( 'NONE', #5150, 1.999999999999998224 ) ;
#2970 = ORIENTED_EDGE ( 'NONE', *, *, #3293, .F. ) ;
#2971 = CARTESIAN_POINT ( 'NONE',  ( 1.764863307568882655, -1.018944305707794040, -7.567708333333333925 ) ) ;
#2972 = CARTESIAN_POINT ( 'NONE',  ( -1.768842907070095727, 0.5665508933253853296, 19.52378016888576440 ) ) ;
#2973 = CARTESIAN_POINT ( 'NONE',  ( 0.8922005383792477318, -1.545336663013172407, 20.67083333333333783 ) ) ;
#2974 = CARTESIAN_POINT ( 'NONE',  ( 1.732050807568881190, -1.000000000000011324, 11.36666666666666892 ) ) ;
#2975 = CARTESIAN_POINT ( 'NONE',  ( 1.784401076758496796, -8.193867857659506841E-15, 14.57500000000000462 ) ) ;
#2976 = ORIENTED_EDGE ( 'NONE', *, *, #1854, .F. ) ;
#2977 = CARTESIAN_POINT ( 'NONE',  ( -2.309401076758508697, -7.724668665772411967E-15, 11.07500000000000107 ) ) ;
#2978 = DIRECTION ( 'NONE',  ( -0.000000000000000000, 1.059903591714612962E-16, -1.000000000000000000 ) ) ;
#2979 = DIRECTION ( 'NONE',  ( 0.000000000000000000, 0.000000000000000000, 1.000000000000000000 ) ) ;
#2980 = CARTESIAN_POINT ( 'NONE',  ( 4.898587196589426634E-16, 1.999999999999998224, 17.11250000000001137 ) ) ;
#2981 = CARTESIAN_POINT ( 'NONE',  ( -2.309401076758547333, -4.921934052790367422E-15, -5.737500000000019362 ) ) ;
#2982 = FACE_OUTER_BOUND ( 'NONE', #4699, .T. ) ;
#2983 = CARTESIAN_POINT ( 'NONE',  ( 1.338300807568872042, -0.7726683315065906443, 10.22916666666667318 ) ) ;
#2984 = CARTESIAN_POINT ( 'NONE',  ( 0.04496639112981454245, 1.857503276897030320, 8.899999999999996803 ) ) ;
#2985 = CARTESIAN_POINT ( 'NONE',  ( -1.176575538379256214, -2.037888611415580975, -9.186458333333330728 ) ) ;
#2986 = EDGE_CURVE ( 'NONE', #3962, #283, #3285, .T. ) ;
#2987 = CARTESIAN_POINT ( 'NONE',  ( -1.784401076758496574, -7.756815644250031206E-15, 19.73750000000000426 ) ) ;
#2988 = CARTESIAN_POINT ( 'NONE',  ( 1.764863307568879547, -1.018944305707794928, 11.30104166666667531 ) ) ;
#2989 = CARTESIAN_POINT ( 'NONE',  ( -0.8922005383792556144, 1.545336663013172851, -4.104166666666664298 ) ) ;
#2990 = CARTESIAN_POINT ( 'NONE',  ( -1.784401076758511895, -4.980870179999334186E-15, -6.174999999999998934 ) ) ;
#2991 = EDGE_CURVE ( 'NONE', #1665, #4429, #3794, .T. ) ;
#2992 = CARTESIAN_POINT ( 'NONE',  ( -2.449293598294711345E-16, -2.000000000000009326, -6.349999999999998757 ) ) ;
#2993 = CARTESIAN_POINT ( 'NONE',  ( 0.8922005383792567246, 1.545336663013172185, -2.820833333333330639 ) ) ;
#2994 = CARTESIAN_POINT ( 'NONE',  ( -2.449293598294711345E-16, -2.000000000000009326, -8.449999999999997513 ) ) ;
#2995 = APPROVAL_STATUS ( 'not_yet_approved' ) ;
#2996 = CARTESIAN_POINT ( 'NONE',  ( 2.353151076758506655, -8.298345537711768183E-15, 21.15937500000000782 ) ) ;
#2997 = CARTESIAN_POINT ( 'NONE',  ( 1.176575538379252661, -2.037888611415580975, 10.58645833333333641 ) ) ;
#2998 = ORIENTED_EDGE ( 'NONE', *, *, #6474, .F. ) ;
#2999 = ADVANCED_FACE ( 'NONE', ( #1448 ), #5990, .F. ) ;
#3000 = DIRECTION ( 'NONE',  ( 0.000000000000000000, 1.000000000000000000, 0.000000000000000000 ) ) ;
#3001 = ORIENTED_EDGE ( 'NONE', *, *, #4427, .T. ) ;
#3002 = CARTESIAN_POINT ( 'NONE',  ( 0.000000000000000000, 2.037888611415570761, -9.434375000000001066 ) ) ;
#3003 = AXIS2_PLACEMENT_3D ( 'NONE', #2211, #4820, #4723 ) ;
#3004 = CARTESIAN_POINT ( 'NONE',  ( -1.892491597964123277E-16, -1.545336663013171963, 14.40000000000000391 ) ) ;
#3005 = CARTESIAN_POINT ( 'NONE',  ( -0.8922005383792488420, -1.545336663013171519, 14.95416666666667282 ) ) ;
#3006 = CARTESIAN_POINT ( 'NONE',  ( 0.000000000000000000, -4.063933977075649852E-15, 20.00000000000000000 ) ) ;
#3007 = CARTESIAN_POINT ( 'NONE',  ( 0.8922005383792478428, -1.545336663013172851, 13.75833333333333819 ) ) ;
#3008 = VECTOR ( 'NONE', #5726, 1000.000000000000114 ) ;
#3009 = ORIENTED_EDGE ( 'NONE', *, *, #2190, .F. ) ;
#3010 = CARTESIAN_POINT ( 'NONE',  ( 0.4590845683326090776, -3.199049016030122594, 19.83555496543126040 ) ) ;
#3011 = CARTESIAN_POINT ( 'NONE',  ( -1.892491597964123277E-16, -1.545336663013171963, 17.11250000000006821 ) ) ;
#3012 = CARTESIAN_POINT ( 'NONE',  ( -1.154700538379262120, 2.000000000000164313, 17.17083333333339112 ) ) ;
#3013 = DIRECTION ( 'NONE',  ( 1.000000000000000000, 0.000000000000000000, 0.000000000000000000 ) ) ;
#3014 = AXIS2_PLACEMENT_3D ( 'NONE', #2482, #2515, #429 ) ;
#3015 = DIRECTION ( 'NONE',  ( 0.000000000000000000, 0.000000000000000000, 1.000000000000000000 ) ) ;
#3016 = CARTESIAN_POINT ( 'NONE',  ( -1.338300807568883810, -0.7726683315065935309, -9.529166666666663232 ) ) ;
#3017 = CONICAL_SURFACE ( 'NONE', #3447, 2.330000000000000071, 0.7853981633974500554 ) ;
#3018 = CARTESIAN_POINT ( 'NONE',  ( -1.075448163429696180, 2.843191328482127300, 0.03492860593104651912 ) ) ;
#3019 = CARTESIAN_POINT ( 'NONE',  ( 1.764863307568883988, 1.018944305707781384, -8.894791666666662877 ) ) ;
#3020 = AXIS2_PLACEMENT_3D ( 'NONE', #2876, #396, #2450 ) ;
#3021 = CARTESIAN_POINT ( 'NONE',  ( 3.784983195928246554E-16, 1.545336663013156420, 20.26250000000000639 ) ) ;
#3022 = CARTESIAN_POINT ( 'NONE',  ( 1.176575538379254660, 2.037888611415564100, 9.376041666666672825 ) ) ;
#3023 = CIRCLE ( 'NONE', #4851, 1.999999999999999556 ) ;
#3024 = CARTESIAN_POINT ( 'NONE',  ( -0.8922005383792556144, 1.545336663013172407, -5.504166666666662877 ) ) ;
#3025 = CARTESIAN_POINT ( 'NONE',  ( -1.892491597964140040E-16, -1.545336663013182843, -7.399999999999997691 ) ) ;
#3026 = CARTESIAN_POINT ( 'NONE',  ( 0.000000000000000000, 1.999999999999999112, -3.899999999999998579 ) ) ;
#3027 = CARTESIAN_POINT ( 'NONE',  ( -1.892491597964139794E-16, -1.545336663013182177, -3.812499999999997335 ) ) ;
#3028 = DIRECTION ( 'NONE',  ( 0.000000000000000000, 0.000000000000000000, 1.000000000000000000 ) ) ;
#3029 = CARTESIAN_POINT ( 'NONE',  ( -1.764863307568880213, -1.018944305707793596, 20.16770833333334068 ) ) ;
#3030 = CARTESIAN_POINT ( 'NONE',  ( 1.764863307568879547, -1.018944305707794928, 9.944791666666668917 ) ) ;
#3031 = ORIENTED_EDGE ( 'NONE', *, *, #6420, .F. ) ;
#3032 = EDGE_CURVE ( 'NONE', #2720, #5265, #3969, .T. ) ;
#3033 = DIRECTION ( 'NONE',  ( -0.000000000000000000, 1.059903591714612962E-16, -1.000000000000000000 ) ) ;
#3034 = ORIENTED_EDGE ( 'NONE', *, *, #730, .T. ) ;
#3035 = CARTESIAN_POINT ( 'NONE',  ( -1.176575538379256214, -2.037888611415580975, -9.842708333333336057 ) ) ;
#3036 = CC_DESIGN_PERSON_AND_ORGANIZATION_ASSIGNMENT ( #1100, #1036, ( #163 ) ) ;
#3037 = ORIENTED_EDGE ( 'NONE', *, *, #4686, .T. ) ;
#3038 = CARTESIAN_POINT ( 'NONE',  ( -0.8922005383792488420, -1.545336663013171519, 15.74166666666667247 ) ) ;
#3039 = CARTESIAN_POINT ( 'NONE',  ( 4.898587196589425648E-16, 1.999999999999997335, 13.00000000000000178 ) ) ;
#3040 = CARTESIAN_POINT ( 'NONE',  ( -0.8922005383792481759, 1.545336663013156420, 17.52083333333333925 ) ) ;
#3041 = DIRECTION ( 'NONE',  ( -0.000000000000000000, 1.059903591714612962E-16, -1.000000000000000000 ) ) ;
#3042 = CARTESIAN_POINT ( 'NONE',  ( -1.784401076758496796, -7.756815644250031206E-15, 12.82500000000000284 ) ) ;
#3043 = ORIENTED_EDGE ( 'NONE', *, *, #3696, .F. ) ;
#3044 = CARTESIAN_POINT ( 'NONE',  ( -1.154700538379253905, 1.999999999999997335, 10.95833333333333570 ) ) ;
#3045 = CARTESIAN_POINT ( 'NONE',  ( -1.338300807568872708, -0.7726683315065896451, 16.29583333333340178 ) ) ;
#3046 = CARTESIAN_POINT ( 'NONE',  ( -3.000000000000000000, -1.437602170282580527, 0.2232411399077076919 ) ) ;
#3047 = CARTESIAN_POINT ( 'NONE',  ( 4.898587196589425648E-16, 1.999999999999997335, 12.30000000000000249 ) ) ;
#3048 = CARTESIAN_POINT ( 'NONE',  ( -1.732050807568877415, -1.000000000000007327, 18.04583333333334139 ) ) ;
#3049 = DIRECTION ( 'NONE',  ( 0.8660254037844385966, 0.5000000000000001110, 0.000000000000000000 ) ) ;
#3050 = CARTESIAN_POINT ( 'NONE',  ( 1.338300807568901796, 0.7726683315065896451, 15.33333333333335702 ) ) ;
#3051 = CARTESIAN_POINT ( 'NONE',  ( 1.176575538379256658, 2.037888611415570317, -8.836458333333331083 ) ) ;
#3052 = CARTESIAN_POINT ( 'NONE',  ( -0.9674861182207039612, -1.558598669064675590, 8.900000000000002132 ) ) ;
#3053 = CARTESIAN_POINT ( 'NONE',  ( -1.338300807568872486, 0.7726683315065743241, 18.97916666666667140 ) ) ;
#3054 = CARTESIAN_POINT ( 'NONE',  ( 2.353151076758506655, -8.298345537711768183E-15, 10.65937500000000782 ) ) ;
#3055 = ORIENTED_EDGE ( 'NONE', *, *, #2866, .T. ) ;
#3056 = CARTESIAN_POINT ( 'NONE',  ( -1.338300807568883810, 0.7726683315065836499, -7.545833333333329840 ) ) ;
#3057 = UNCERTAINTY_MEASURE_WITH_UNIT (LENGTH_MEASURE( 1.000000000000000082E-05 ), #6480, 'distance_accuracy_value', 'NONE');
#3058 = CARTESIAN_POINT ( 'NONE',  ( 1.338300807568884698, 0.7726683315065828728, -2.966666666666664121 ) ) ;
#3059 = CARTESIAN_POINT ( 'NONE',  ( 4.898587196589425648E-16, 1.999999999999997335, 17.89999999999999858 ) ) ;
#3060 = CARTESIAN_POINT ( 'NONE',  ( -1.784401076758511895, -4.889787074312749761E-15, -4.687499999999997335 ) ) ;
#3061 = CARTESIAN_POINT ( 'NONE',  ( -0.7755377745881710805, -1.736971476381519386, -9.258846047634415655 ) ) ;
#3062 = CARTESIAN_POINT ( 'NONE',  ( 1.764863307568880879, 1.018944305707776943, 20.51770833333333854 ) ) ;
#3063 = CARTESIAN_POINT ( 'NONE',  ( -1.688487340416791715, 1.151231361292406330, 8.187218392184561822 ) ) ;
#3064 = ORIENTED_EDGE ( 'NONE', *, *, #2299, .T. ) ;
#3065 =( BOUNDED_CURVE ( )  B_SPLINE_CURVE ( 2, ( #1209, #5306, #3240, #5273, #712, #2240, #6312 ),
 .UNSPECIFIED., .F., .T. ) 
 B_SPLINE_CURVE_WITH_KNOTS ( ( 3, 2, 2, 3 ),
 ( 0.7260126593839654197, 0.7379174212887272821, 0.7498221831934892556, 0.7617269450982511181 ),
 .UNSPECIFIED. ) 
 CURVE ( )  GEOMETRIC_REPRESENTATION_ITEM ( )  RATIONAL_B_SPLINE_CURVE ( ( 0.9999999999998813172, 0.8660254037845573905, 1.000000000000000000, 0.8660254037844387076, 1.000000000000000000, 0.8660254037843200248, 1.000000000000118794 ) ) 
 REPRESENTATION_ITEM ( '' )  );
#3066 = CARTESIAN_POINT ( 'NONE',  ( -1.892491597964139547E-16, -1.545336663013182177, -5.912499999999996980 ) ) ;
#3067 = VERTEX_POINT ( 'NONE', #6057 ) ;
#3068 = CARTESIAN_POINT ( 'NONE',  ( -1.764863307568883100, 1.018944305707782938, -5.117708333333334636 ) ) ;
#3069 = ORIENTED_EDGE ( 'NONE', *, *, #5646, .F. ) ;
#3070 = EDGE_CURVE ( 'NONE', #3067, #4612, #6059, .T. ) ;
#3071 = CARTESIAN_POINT ( 'NONE',  ( -1.338300807568872708, -0.7726683315065896451, 13.58333333333333570 ) ) ;
#3072 = CARTESIAN_POINT ( 'NONE',  ( 1.614390597057310250, 0.4606133100387220791, 19.34484023172893785 ) ) ;
#3073 = CARTESIAN_POINT ( 'NONE',  ( 1.338300807568873152, 0.7726683315065731028, 15.94583333333333997 ) ) ;
#3074 = CARTESIAN_POINT ( 'NONE',  ( 0.000000000000000000, 1.999999999999997335, -7.312499999999998224 ) ) ;
#3075 = CARTESIAN_POINT ( 'NONE',  ( 1.784401076758496796, -8.193867857659506841E-15, 10.37500000000000178 ) ) ;
#3076 = ORIENTED_EDGE ( 'NONE', *, *, #4060, .F. ) ;
#3077 = FACE_OUTER_BOUND ( 'NONE', #5377, .T. ) ;
#3078 = CARTESIAN_POINT ( 'NONE',  ( 1.784401076758496352, -8.193867857659506841E-15, 17.28750000000007248 ) ) ;
#3079 = CARTESIAN_POINT ( 'NONE',  ( -2.449293598294700005E-16, -2.000000000000002665, 13.26250000000000284 ) ) ;
#3080 = DIRECTION ( 'NONE',  ( -0.000000000000000000, 1.059903591714612962E-16, -1.000000000000000000 ) ) ;
#3081 = EDGE_CURVE ( 'NONE', #1332, #4615, #136, .T. ) ;
#3082 = CARTESIAN_POINT ( 'NONE',  ( -0.9808466087856195781, -1.198430686040432791, 19.21533666301317211 ) ) ;
#3083 = CARTESIAN_POINT ( 'NONE',  ( -1.338300807568901352, 0.7726683315065909774, 16.96666666666668988 ) ) ;
#3084 = EDGE_CURVE ( 'NONE', #1326, #6151, #2600, .T. ) ;
#3085 = CARTESIAN_POINT ( 'NONE',  ( 1.338300807568884254, 0.7726683315065827617, -1.479166666666663410 ) ) ;
#3086 = CARTESIAN_POINT ( 'NONE',  ( 1.199675254255598622, -0.9740865908015787777, 8.900000000000003908 ) ) ;
#3087 = LINE ( 'NONE', #1982, #5575 ) ;
#3088 = ORIENTED_EDGE ( 'NONE', *, *, #3280, .F. ) ;
#3089 = CARTESIAN_POINT ( 'NONE',  ( 1.338300807568883366, -0.7726683315065943081, -4.395833333333330373 ) ) ;
#3090 = CARTESIAN_POINT ( 'NONE',  ( -1.338300807568884032, 0.7726683315065840940, -2.033333333333331439 ) ) ;
#3091 = CARTESIAN_POINT ( 'NONE',  ( 0.000000000000000000, -3.614490210805188206E-16, -1.140000000000000346 ) ) ;
#3092 = CARTESIAN_POINT ( 'NONE',  ( 1.784401076758511895, -5.176820054826679731E-15, -2.237499999999997158 ) ) ;
#3093 = CARTESIAN_POINT ( 'NONE',  ( -1.338300807568884032, -0.7726683315065936419, -8.916666666666664298 ) ) ;
#3094 = DATE_AND_TIME ( #1069, #2049 ) ;
#3095 = CARTESIAN_POINT ( 'NONE',  ( 1.154700538379245467, -2.000000000000027534, 19.00833333333333286 ) ) ;
#3096 = CARTESIAN_POINT ( 'NONE',  ( -1.176575538379254215, -2.037888611415580087, 9.769791666666668206 ) ) ;
#3097 = ORIENTED_EDGE ( 'NONE', *, *, #3563, .F. ) ;
#3098 = CARTESIAN_POINT ( 'NONE',  ( 1.338300807568884254, 0.7726683315065823177, -7.779166666666663232 ) ) ;
#3099 = ORIENTED_EDGE ( 'NONE', *, *, #5566, .T. ) ;
#3100 = CARTESIAN_POINT ( 'NONE',  ( 1.764863307568883988, 1.018944305707781384, -7.451041666666668561 ) ) ;
#3101 = ORIENTED_EDGE ( 'NONE', *, *, #3602, .F. ) ;
#3102 = CARTESIAN_POINT ( 'NONE',  ( 1.784401076758496574, -8.193867857659506841E-15, 15.97500000000000142 ) ) ;
#3103 = CARTESIAN_POINT ( 'NONE',  ( -0.3187153593004468100, 1.763545514679326187, 19.44724275106121070 ) ) ;
#3104 = CARTESIAN_POINT ( 'NONE',  ( -1.338300807568872708, -0.7726683315065896451, 15.59583333333334032 ) ) ;
#3105 =( BOUNDED_CURVE ( )  B_SPLINE_CURVE ( 2, ( #937, #2435, #4477, #4009, #3500, #970, #2994 ),
 .UNSPECIFIED., .F., .F. ) 
 B_SPLINE_CURVE_WITH_KNOTS ( ( 3, 2, 2, 3 ),
 ( 0.7974412308125368165, 0.8093459927172987900, 0.8212507546220606525, 0.8331555165268226260 ),
 .UNSPECIFIED. ) 
 CURVE ( )  GEOMETRIC_REPRESENTATION_ITEM ( )  RATIONAL_B_SPLINE_CURVE ( ( 0.9999999999998813172, 0.8660254037845573905, 1.000000000000000000, 0.8660254037844387076, 1.000000000000000000, 0.8660254037843200248, 1.000000000000118794 ) ) 
 REPRESENTATION_ITEM ( '' )  );
#3106 = CARTESIAN_POINT ( 'NONE',  ( -1.836881621749582185E-11, 1.999999999999997335, 17.81250000000093792 ) ) ;
#3107 = CARTESIAN_POINT ( 'NONE',  ( -1.764863307568879991, 1.018944305707778719, 20.09479166666666927 ) ) ;
#3108 = CARTESIAN_POINT ( 'NONE',  ( -1.892491597964123770E-16, -1.545336663013172185, 11.60000000000000497 ) ) ;
#3109 = ORIENTED_EDGE ( 'NONE', *, *, #3489, .F. ) ;
#3110 = CARTESIAN_POINT ( 'NONE',  ( -1.732050807568881856, -1.000000000000009992, 12.53333333333333499 ) ) ;
#3111 = CARTESIAN_POINT ( 'NONE',  ( 0.8922005383792491751, 1.545336663013156198, 14.60416666666673535 ) ) ;
#3112 = EDGE_CURVE ( 'NONE', #5641, #598, #5344, .T. ) ;
#3113 = CARTESIAN_POINT ( 'NONE',  ( 1.732050807569652795, 1.000000000000440314, -8.829166666667179086 ) ) ;
#3114 = CARTESIAN_POINT ( 'NONE',  ( 1.732050807568881190, -1.000000000000011324, 9.266666666666667496 ) ) ;
#3115 = APPLICATION_CONTEXT ( 'configuration controlled 3d designs of mechanical parts and assemblies' ) ;
#3116 = CARTESIAN_POINT ( 'NONE',  ( -1.732050807570009399, -1.000000000000658362, -4.979166666667418362 ) ) ;
#3117 = CARTESIAN_POINT ( 'NONE',  ( -1.784401076758534765, -7.756815644250028050E-15, 17.02500000000002345 ) ) ;
#3118 = EDGE_CURVE ( 'NONE', #4023, #13, #4966, .T. ) ;
#3119 = CARTESIAN_POINT ( 'NONE',  ( 0.000000000000000000, 2.037888611415571205, -3.878124999999997158 ) ) ;
#3120 = VECTOR ( 'NONE', #5374, 1000.000000000000000 ) ;
#3121 = LINE ( 'NONE', #5699, #5383 ) ;
#3122 = CARTESIAN_POINT ( 'NONE',  ( 1.338300807568873152, 0.7726683315065731028, 14.54583333333333961 ) ) ;
#3123 = VECTOR ( 'NONE', #1146, 1000.000000000000000 ) ;
#3124 = ORIENTED_EDGE ( 'NONE', *, *, #149, .F. ) ;
#3125 = CARTESIAN_POINT ( 'NONE',  ( 1.784401076758511673, -5.133957416856522587E-15, -1.537499999999997202 ) ) ;
#3126 = CARTESIAN_POINT ( 'NONE',  ( 0.8922005383792555033, -1.545336663013183287, -5.241666666666664476 ) ) ;
#3127 = DIRECTION ( 'NONE',  ( -0.000000000000000000, 1.059903591714612962E-16, -1.000000000000000000 ) ) ;
#3128 = CARTESIAN_POINT ( 'NONE',  ( -1.338300807568884032, -0.7726683315065933089, -5.329166666666663055 ) ) ;
#3129 = DIRECTION ( 'NONE',  ( -0.000000000000000000, 1.059903591714612962E-16, -1.000000000000000000 ) ) ;
#3130 = CARTESIAN_POINT ( 'NONE',  ( 1.764863307568879547, -1.018944305707794928, 20.40104166666667496 ) ) ;
#3131 = CARTESIAN_POINT ( 'NONE',  ( -2.353151076758506655, -7.721989750899276899E-15, 11.75312500000000426 ) ) ;
#3132 = ORIENTED_EDGE ( 'NONE', *, *, #1250, .T. ) ;
#3133 = CARTESIAN_POINT ( 'NONE',  ( 0.8922005383792555033, -1.545336663013183065, -3.141666666666664387 ) ) ;
#3134 = CARTESIAN_POINT ( 'NONE',  ( 0.8922005383792551703, -1.545336663013182843, -8.654166666666663232 ) ) ;
#3135 = ORIENTED_EDGE ( 'NONE', *, *, #5817, .T. ) ;
#3136 = CARTESIAN_POINT ( 'NONE',  ( 0.000000000000000000, 2.037888611415570761, -6.634375000000001243 ) ) ;
#3137 = VECTOR ( 'NONE', #445, 1000.000000000000000 ) ;
#3138 = ORIENTED_EDGE ( 'NONE', *, *, #2986, .F. ) ;
#3139 = CARTESIAN_POINT ( 'NONE',  ( 0.8922005383792477318, -1.545336663013172407, 13.75833333333333819 ) ) ;
#3140 = CARTESIAN_POINT ( 'NONE',  ( -2.777269593491112569E-11, -1.999999999999999112, -2.062500000001396661 ) ) ;
#3141 = CARTESIAN_POINT ( 'NONE',  ( 1.784401076758496574, -8.193867857659506841E-15, 16.58750000000000568 ) ) ;
#3142 = CARTESIAN_POINT ( 'NONE',  ( 1.732050807568877193, 0.9999999999999928946, -7.429166666666663588 ) ) ;
#3143 = CARTESIAN_POINT ( 'NONE',  ( -1.784401076758496574, -7.756815644250031206E-15, 9.237500000000006040 ) ) ;
#3144 = CARTESIAN_POINT ( 'NONE',  ( -0.8922005383792482869, 1.545336663013156420, 11.30833333333333712 ) ) ;
#3145 = CARTESIAN_POINT ( 'NONE',  ( 2.309401076758501592, -5.337554947214768035E-15, -3.287499999999996536 ) ) ;
#3146 = FACE_OUTER_BOUND ( 'NONE', #1824, .T. ) ;
#3147 = CARTESIAN_POINT ( 'NONE',  ( 1.338300807568872042, -0.7726683315065906443, 17.22916666666673535 ) ) ;
#3148 = CARTESIAN_POINT ( 'NONE',  ( 2.976317332162836671, 1.615423337259356495, 0.2570750093462755848 ) ) ;
#3149 = FACE_OUTER_BOUND ( 'NONE', #339, .T. ) ;
#3150 = CARTESIAN_POINT ( 'NONE',  ( -1.892491597964164199E-16, -1.545336663013205047, 17.20000000000002416 ) ) ;
#3151 = CARTESIAN_POINT ( 'NONE',  ( -2.495693764988929564E-16, -2.037888611415581419, -6.328124999999997335 ) ) ;
#3152 = CARTESIAN_POINT ( 'NONE',  ( -0.8031275178307613061, -1.627456127253449791, 8.900000000000005684 ) ) ;
#3153 = EDGE_CURVE ( 'NONE', #3545, #6114, #5801, .T. ) ;
#3154 = CARTESIAN_POINT ( 'NONE',  ( -1.784401076758496574, -7.756815644250031206E-15, 16.23750000000000426 ) ) ;
#3155 = VERTEX_POINT ( 'NONE', #558 ) ;
#3156 = CARTESIAN_POINT ( 'NONE',  ( 0.8922005383792555033, -1.545336663013183065, -3.841666666666664121 ) ) ;
#3157 = VECTOR ( 'NONE', #4573, 1000.000000000000000 ) ;
#3158 = CARTESIAN_POINT ( 'NONE',  ( -1.892491597964140040E-16, -1.545336663013183065, -9.499999999999998224 ) ) ;
#3159 = CARTESIAN_POINT ( 'NONE',  ( 1.732050807568881190, -1.000000000000011324, 15.56666666666666643 ) ) ;
#3160 = CARTESIAN_POINT ( 'NONE',  ( -0.8922005383792558364, 1.545336663013172185, -9.091666666666665009 ) ) ;
#3161 = CARTESIAN_POINT ( 'NONE',  ( -2.495693764988925127E-16, -2.037888611415580531, 16.78437500000000782 ) ) ;
#3162 = CARTESIAN_POINT ( 'NONE',  ( -0.8922005383792481759, 1.545336663013156420, 17.60833333333333783 ) ) ;
#3163 = ORIENTED_EDGE ( 'NONE', *, *, #2780, .T. ) ;
#3164 = CARTESIAN_POINT ( 'NONE',  ( 0.8922005383792555033, -1.545336663013183065, -2.441666666666664653 ) ) ;
#3165 = ORIENTED_EDGE ( 'NONE', *, *, #4706, .T. ) ;
#3166 = CARTESIAN_POINT ( 'NONE',  ( -2.495693764988929564E-16, -2.037888611415580975, -6.284375000000000711 ) ) ;
#3167 = ORIENTED_EDGE ( 'NONE', *, *, #3726, .F. ) ;
#3168 = CARTESIAN_POINT ( 'NONE',  ( -1.919503833847595375, -2.355875559955329379, 19.94810379478157003 ) ) ;
#3169 = CARTESIAN_POINT ( 'NONE',  ( 1.732050807568875639, -1.000000000000007994, 14.77916666666667389 ) ) ;
#3170 = FACE_OUTER_BOUND ( 'NONE', #697, .T. ) ;
#3171 = CARTESIAN_POINT ( 'NONE',  ( 1.338300807568872042, -0.7726683315065906443, 10.92916666666667425 ) ) ;
#3172 = DIRECTION ( 'NONE',  ( -1.000000000000000000, 0.000000000000000000, 0.000000000000000000 ) ) ;
#3173 = CARTESIAN_POINT ( 'NONE',  ( -1.764863307568879991, 1.018944305707778719, 19.39479166666666643 ) ) ;
#3174 = CARTESIAN_POINT ( 'NONE',  ( -1.784401076758496796, -7.756815644250031206E-15, 10.72500000000000497 ) ) ;
#3175 = VERTEX_POINT ( 'NONE', #5691 ) ;
#3176 = CARTESIAN_POINT ( 'NONE',  ( 1.199675254255598622, -0.9740865908015787777, 8.900000000000003908 ) ) ;
#3177 = CARTESIAN_POINT ( 'NONE',  ( 1.784401076758496352, -8.193867857659506841E-15, 11.68750000000007283 ) ) ;
#3178 = DIRECTION ( 'NONE',  ( 0.000000000000000000, 1.000000000000000000, 0.000000000000000000 ) ) ;
#3179 = CARTESIAN_POINT ( 'NONE',  ( 0.000000000000000000, 5.246303815928974609E-16, -9.500000000000000000 ) ) ;
#3180 = CARTESIAN_POINT ( 'NONE',  ( 0.8922005383792477318, -1.545336663013172407, 11.65833333333333677 ) ) ;
#3181 = CARTESIAN_POINT ( 'NONE',  ( -0.6407629155984193581, -1.409803683772772098, 19.21533666301317922 ) ) ;
#3182 = CARTESIAN_POINT ( 'NONE',  ( 1.176575538379254660, 2.037888611415564100, 10.07604166666667567 ) ) ;
#3183 = CARTESIAN_POINT ( 'NONE',  ( 1.784401076758534765, -8.193867857659513152E-15, 11.77500000000002522 ) ) ;
#3184 = CARTESIAN_POINT ( 'NONE',  ( 0.000000000000000000, 2.037888611415571205, -5.278124999999997513 ) ) ;
#3185 = DIRECTION ( 'NONE',  ( -0.000000000000000000, 1.059903591714612962E-16, -1.000000000000000000 ) ) ;
#3186 = CARTESIAN_POINT ( 'NONE',  ( -1.892491597964123277E-16, -1.545336663013171963, 17.81250000000000711 ) ) ;
#3187 = ORIENTED_EDGE ( 'NONE', *, *, #5034, .T. ) ;
#3188 = EDGE_CURVE ( 'NONE', #1995, #3962, #398, .T. ) ;
#3189 = CARTESIAN_POINT ( 'NONE',  ( -0.8922005383792558364, 1.545336663013172407, -4.891666666666663943 ) ) ;
#3190 = EDGE_CURVE ( 'NONE', #2235, #58, #813, .T. ) ;
#3191 = CARTESIAN_POINT ( 'NONE',  ( 0.8922005383792535049, -1.545336663013187062, -9.441666666666666430 ) ) ;
#3192 = CARTESIAN_POINT ( 'NONE',  ( 1.154700538378662600, -2.000000000001032063, -5.591666666666726293 ) ) ;
#3193 = CARTESIAN_POINT ( 'NONE',  ( -1.411455635024021715, -0.6291727842267529347, -1.140000000000000346 ) ) ;
#3194 = CARTESIAN_POINT ( 'NONE',  ( -2.353151076758506655, -7.721989750899276899E-15, 18.70937500000000497 ) ) ;
#3195 = CARTESIAN_POINT ( 'NONE',  ( -1.338300807568872708, -0.7726683315065896451, 19.18333333333333712 ) ) ;
#3196 = ORIENTED_EDGE ( 'NONE', *, *, #4871, .T. ) ;
#3197 = CARTESIAN_POINT ( 'NONE',  ( -0.8922005383792558364, 1.545336663013172851, -4.191666666666664653 ) ) ;
#3198 = EDGE_CURVE ( 'NONE', #6307, #1365, #3534, .T. ) ;
#3199 = CARTESIAN_POINT ( 'NONE',  ( -1.764863307568883322, -1.018944305707792708, -5.001041666666667496 ) ) ;
#3200 = VECTOR ( 'NONE', #6175, 1000.000000000000000 ) ;
#3201 = ORIENTED_EDGE ( 'NONE', *, *, #5968, .F. ) ;
#3202 = CARTESIAN_POINT ( 'NONE',  ( 0.000000000000000000, 5.246303815928974609E-16, -9.500000000000000000 ) ) ;
#3203 = CARTESIAN_POINT ( 'NONE',  ( 1.732050807568882522, 0.9999999999999933387, 18.48333333333333428 ) ) ;
#3204 = CARTESIAN_POINT ( 'NONE',  ( 1.154700538378662600, -2.000000000001032952, -6.991666666666725760 ) ) ;
#3205 = CARTESIAN_POINT ( 'NONE',  ( -0.8922005383792488420, -1.545336663013171519, 12.15416666666667211 ) ) ;
#3206 = CARTESIAN_POINT ( 'NONE',  ( -1.732050807568916495, 1.000000000000014877, 16.52916666666670409 ) ) ;
#3207 = CARTESIAN_POINT ( 'NONE',  ( -1.764863307568880213, -1.018944305707793596, 18.81145833333333783 ) ) ;
#3208 = ADVANCED_FACE ( 'NONE', ( #2646 ), #3585, .F. ) ;
#3209 = CARTESIAN_POINT ( 'NONE',  ( 1.784401076758496796, -8.193867857659506841E-15, 9.675000000000002487 ) ) ;
#3210 = DIRECTION ( 'NONE',  ( -0.000000000000000000, 1.059903591714612962E-16, -1.000000000000000000 ) ) ;
#3211 = CARTESIAN_POINT ( 'NONE',  ( 1.784401076758496352, -8.193867857659506841E-15, 12.38750000000007034 ) ) ;
#3212 = CARTESIAN_POINT ( 'NONE',  ( 0.000000000000000000, 5.246303815928974609E-16, -9.500000000000000000 ) ) ;
#3213 = CARTESIAN_POINT ( 'NONE',  ( 2.999999999999999556, 1.204079592648001462, 19.83502253847028385 ) ) ;
#3214 = CARTESIAN_POINT ( 'NONE',  ( -1.784401076758496574, -7.756815644250031206E-15, 12.12500000000000355 ) ) ;
#3215 = CARTESIAN_POINT ( 'NONE',  ( 1.154700538388462316, 1.999999999984044097, -8.070833333334260118 ) ) ;
#3216 = CARTESIAN_POINT ( 'NONE',  ( 1.764863307568879547, -1.018944305707794928, 10.60104166666667425 ) ) ;
#3217 = CARTESIAN_POINT ( 'NONE',  ( 0.8922005383792682709, 1.545336663013189282, 13.29166666666668917 ) ) ;
#3218 = CARTESIAN_POINT ( 'NONE',  ( -2.353151076758510651, -4.923273510226935745E-15, -5.803124999999997868 ) ) ;
#3219 = AXIS2_PLACEMENT_3D ( 'NONE', #463, #5023, #4421 ) ;
#3220 = CARTESIAN_POINT ( 'NONE',  ( 4.898587196589425648E-16, 1.999999999999997335, 17.89999999999999858 ) ) ;
#3221 = CARTESIAN_POINT ( 'NONE',  ( 0.8922005383792477318, -1.545336663013172407, 16.47083333333334210 ) ) ;
#3222 = ORIENTED_EDGE ( 'NONE', *, *, #169, .F. ) ;
#3223 = VECTOR ( 'NONE', #1020, 1000.000000000000000 ) ;
#3224 = CARTESIAN_POINT ( 'NONE',  ( -1.784401076758511895, -4.680831714208231810E-15, -1.274999999999998357 ) ) ;
#3225 =( BOUNDED_CURVE ( )  B_SPLINE_CURVE ( 2, ( #3297, #767, #1363, #5426, #2886, #4930, #373 ),
 .UNSPECIFIED., .F., .T. ) 
 B_SPLINE_CURVE_WITH_KNOTS ( ( 3, 2, 2, 3 ),
 ( 0.1018833968157815406, 0.1039737781067164163, 0.1060641593976513058, 0.1081545406885862093 ),
 .UNSPECIFIED. ) 
 CURVE ( )  GEOMETRIC_REPRESENTATION_ITEM ( )  RATIONAL_B_SPLINE_CURVE ( ( 0.9999999999999694689, 0.8660254037844692387, 1.000000000000000000, 0.8660254037844387076, 1.000000000000000000, 0.8660254037844387076, 1.000000000000000000 ) ) 
 REPRESENTATION_ITEM ( '' )  );
#3226 = APPROVAL_PERSON_ORGANIZATION ( #2466, #3245, #5638 ) ;
#3227 = CARTESIAN_POINT ( 'NONE',  ( -2.449293598294711345E-16, -2.000000000000008882, -4.949999999999997513 ) ) ;
#3228 = CARTESIAN_POINT ( 'NONE',  ( 1.784401076758511895, -5.133957416856522587E-15, -1.537499999999996980 ) ) ;
#3229 = CARTESIAN_POINT ( 'NONE',  ( 1.732050807568881190, 0.9999999999999952260, -8.916666666666664298 ) ) ;
#3230 = CARTESIAN_POINT ( 'NONE',  ( -1.176575538379254215, -2.037888611415580087, 17.42604166666667354 ) ) ;
#3231 = CARTESIAN_POINT ( 'NONE',  ( -1.784401076758496574, -7.756815644250031206E-15, 20.52500000000000213 ) ) ;
#3232 = ORIENTED_EDGE ( 'NONE', *, *, #5286, .T. ) ;
#3233 = CARTESIAN_POINT ( 'NONE',  ( -1.892491597964140040E-16, -1.545336663013182843, -4.599999999999996980 ) ) ;
#3234 = CARTESIAN_POINT ( 'NONE',  ( 1.176575538379254882, -2.037888611415580975, -2.726041666666667140 ) ) ;
#3235 = EDGE_LOOP ( 'NONE', ( #4413, #1792, #1204, #494 ) ) ;
#3236 = DIRECTION ( 'NONE',  ( -0.000000000000000000, 1.059903591714612962E-16, -1.000000000000000000 ) ) ;
#3237 = CARTESIAN_POINT ( 'NONE',  ( -0.2550000000000001710, -3.316877296494402216, 0.2232411399076047742 ) ) ;
#3238 = CARTESIAN_POINT ( 'NONE',  ( 0.000000000000000000, -3.336265517980108137E-16, -1.402499999999995861 ) ) ;
#3239 = CARTESIAN_POINT ( 'NONE',  ( 1.784401076758496574, -8.193867857659506841E-15, 14.48750000000000782 ) ) ;
#3240 = CARTESIAN_POINT ( 'NONE',  ( 1.732050807568881190, 0.9999999999999954481, -7.516666666666665719 ) ) ;
#3241 = CARTESIAN_POINT ( 'NONE',  ( 1.764863307568880879, 1.018944305707776943, 17.76145833333333712 ) ) ;
#3242 = ADVANCED_FACE ( 'NONE', ( #5055 ), #1120, .F. ) ;
#3243 = CARTESIAN_POINT ( 'NONE',  ( 1.154700538379271668, 1.999999999999969136, 17.14166666666666572 ) ) ;
#3244 = CARTESIAN_POINT ( 'NONE',  ( -0.8922005383792480648, 1.545336663013156642, 11.22083333333340249 ) ) ;
#3245 = APPROVAL ( #6108, 'UNSPECIFIED' ) ;
#3246 = AXIS2_PLACEMENT_3D ( 'NONE', #193, #1775, #2277 ) ;
#3247 = CARTESIAN_POINT ( 'NONE',  ( 1.338300807568901796, 0.7726683315065896451, 18.13333333333335773 ) ) ;
#3248 = CARTESIAN_POINT ( 'NONE',  ( 3.784983195928246554E-16, 1.545336663013156420, 9.850000000000003197 ) ) ;
#3249 = CARTESIAN_POINT ( 'NONE',  ( 2.757194472730501516E-11, 1.999999999999999112, -8.012500000001393730 ) ) ;
#3250 = CARTESIAN_POINT ( 'NONE',  ( 1.338300807568872264, -0.7726683315065907554, 18.01666666666666927 ) ) ;
#3251 = CARTESIAN_POINT ( 'NONE',  ( 0.000000000000000000, 5.246303815928974609E-16, -9.500000000000000000 ) ) ;
#3252 = CARTESIAN_POINT ( 'NONE',  ( 3.784983195928328398E-16, 1.545336663013189504, 11.25000000000002132 ) ) ;
#3253 = CARTESIAN_POINT ( 'NONE',  ( 1.784401076758511673, -5.262545330766994808E-15, -3.637499999999997069 ) ) ;
#3254 = CARTESIAN_POINT ( 'NONE',  ( -1.764863307568883100, 1.018944305707783160, -4.461458333333330195 ) ) ;
#3255 = CARTESIAN_POINT ( 'NONE',  ( 1.784401076758511895, -5.267903160513264155E-15, -3.724999999999997424 ) ) ;
#3256 = CARTESIAN_POINT ( 'NONE',  ( -1.082708096908984619, -1.102637102105873623, -9.500000000000001776 ) ) ;
#3257 = CARTESIAN_POINT ( 'NONE',  ( -1.338300807568872486, 0.7726683315065743241, 14.77916666666667389 ) ) ;
#3258 = VERTEX_POINT ( 'NONE', #95 ) ;
#3259 = CARTESIAN_POINT ( 'NONE',  ( 1.784401076758511451, -5.562583796558095606E-15, -8.537499999999996092 ) ) ;
#3260 = CARTESIAN_POINT ( 'NONE',  ( -1.732050807568880746, 0.9999999999999972244, -5.183333333333332682 ) ) ;
#3261 = CARTESIAN_POINT ( 'NONE',  ( -1.732050807568880968, -1.000000000000006217, -2.266666666666666163 ) ) ;
#3262 = CARTESIAN_POINT ( 'NONE',  ( -1.892491597964140040E-16, -1.545336663013182843, -6.699999999999997513 ) ) ;
#3263 = CARTESIAN_POINT ( 'NONE',  ( 1.176575538379254660, 2.037888611415564100, 17.07604166666667211 ) ) ;
#3264 = CARTESIAN_POINT ( 'NONE',  ( 1.338300807568873152, 0.7726683315065731028, 20.23333333333333428 ) ) ;
#3265 = ORIENTED_EDGE ( 'NONE', *, *, #5498, .T. ) ;
#3266 = CARTESIAN_POINT ( 'NONE',  ( -1.892491597964140040E-16, -1.545336663013182621, -3.199999999999997957 ) ) ;
#3267 = CARTESIAN_POINT ( 'NONE',  ( 0.000000000000000000, 2.037888611415571205, -1.734375000000001554 ) ) ;
#3268 = ORIENTED_EDGE ( 'NONE', *, *, #4396, .F. ) ;
#3269 = CARTESIAN_POINT ( 'NONE',  ( -2.999999999999999112, 1.732050807568873418, -9.165151389911683211 ) ) ;
#3270 = CARTESIAN_POINT ( 'NONE',  ( -1.291696307540628474, -2.718340404267929777, 0.03449857085619055519 ) ) ;
#3271 = DIRECTION ( 'NONE',  ( 0.000000000000000000, 1.000000000000000000, 1.059903591714612962E-16 ) ) ;
#3272 = CARTESIAN_POINT ( 'NONE',  ( -0.8922005383792481759, 1.545336663013156420, 12.62083333333334068 ) ) ;
#3273 = CARTESIAN_POINT ( 'NONE',  ( 0.000000000000000000, 5.246303815928974609E-16, -9.500000000000000000 ) ) ;
#3274 = CARTESIAN_POINT ( 'NONE',  ( 1.764863307568879547, -1.018944305707794928, 16.94479166666667069 ) ) ;
#3275 = CARTESIAN_POINT ( 'NONE',  ( -1.154700538378662822, 2.000000000001021849, -8.041666666666724694 ) ) ;
#3276 = CARTESIAN_POINT ( 'NONE',  ( 3.784983195928246554E-16, 1.545336663013156420, 11.16250000000006892 ) ) ;
#3277 = CARTESIAN_POINT ( 'NONE',  ( 0.8922005383792670496, -1.545336663013205492, 17.95833333333335702 ) ) ;
#3278 = DIRECTION ( 'NONE',  ( -0.000000000000000000, 1.059903591714612962E-16, -1.000000000000000000 ) ) ;
#3279 = B_SPLINE_CURVE_WITH_KNOTS ( 'NONE', 3,
 ( #4029, #2236, #3675, #2203, #3808, #1698 ),
 .UNSPECIFIED., .F., .F.,
 ( 4, 2, 4 ),
 ( 1.160610745358204780E-14, 0.0002683679863540050243, 0.0005367359726964038812 ),
 .UNSPECIFIED. ) ;
#3280 = EDGE_CURVE ( 'NONE', #4501, #5843, #563, .T. ) ;
#3281 = CARTESIAN_POINT ( 'NONE',  ( 3.784983195928246554E-16, 1.545336663013156420, 12.65000000000000391 ) ) ;
#3282 = CARTESIAN_POINT ( 'NONE',  ( 4.321445706939323243E-13, 1.999999999999999556, 12.91249999999998899 ) ) ;
#3283 = CARTESIAN_POINT ( 'NONE',  ( -1.338300807568872708, 0.7726683315065744351, 19.06666666666666998 ) ) ;
#3284 = CARTESIAN_POINT ( 'NONE',  ( -1.154700538379844987, -1.999999999998985256, -4.308333333333391302 ) ) ;
#3285 =( BOUNDED_CURVE ( )  B_SPLINE_CURVE ( 2, ( #1418, #3516, #5451, #1913, #3991, #1384, #4528 ),
 .UNSPECIFIED., .F., .F. ) 
 B_SPLINE_CURVE_WITH_KNOTS ( ( 3, 2, 2, 3 ),
 ( 0.08934206826989209149, 0.09143255299029863503, 0.09352303771070516469, 0.09561352243111172211 ),
 .UNSPECIFIED. ) 
 CURVE ( )  GEOMETRIC_REPRESENTATION_ITEM ( )  RATIONAL_B_SPLINE_CURVE ( ( 1.000000000000000000, 0.8660254037844387076, 1.000000000000000000, 0.8660254037844387076, 1.000000000000000000, 0.8660254037844387076, 1.000000000000000000 ) ) 
 REPRESENTATION_ITEM ( '' )  );
#3286 = CARTESIAN_POINT ( 'NONE',  ( 0.8922005383792682709, 1.545336663013189282, 11.19166666666668775 ) ) ;
#3287 = CARTESIAN_POINT ( 'NONE',  ( -1.784401076758511673, -4.718336522432120396E-15, -1.887499999999996847 ) ) ;
#3288 = CARTESIAN_POINT ( 'NONE',  ( 0.000000000000000000, 5.246303815928974609E-16, -9.500000000000000000 ) ) ;
#3289 = ADVANCED_FACE ( 'NONE', ( #2676 ), #5311, .T. ) ;
#3290 = CARTESIAN_POINT ( 'NONE',  ( -1.784401076758511895, -4.809419628118704031E-15, -3.374999999999997780 ) ) ;
#3291 = CARTESIAN_POINT ( 'NONE',  ( -2.887156314016931180, 1.769854750744538796, 0.2570750093467424335 ) ) ;
#3292 = CARTESIAN_POINT ( 'NONE',  ( -0.8922005383792481759, 1.545336663013156420, 11.92083333333333961 ) ) ;
#3293 = EDGE_CURVE ( 'NONE', #3988, #4807, #2739, .T. ) ;
#3294 = CARTESIAN_POINT ( 'NONE',  ( -1.338300807568883810, -0.7726683315065934199, -8.129166666666662877 ) ) ;
#3295 = ORIENTED_EDGE ( 'NONE', *, *, #5152, .T. ) ;
#3296 = CARTESIAN_POINT ( 'NONE',  ( -1.784401076758511895, -4.895144904059019109E-15, -4.774999999999997691 ) ) ;
#3297 = CARTESIAN_POINT ( 'NONE',  ( 4.561253880258420670E-13, 1.999999999999998224, 14.31249999999998579 ) ) ;
#3298 = CARTESIAN_POINT ( 'NONE',  ( 1.338300807568884698, 0.7726683315065826507, -7.166666666666665186 ) ) ;
#3299 = CARTESIAN_POINT ( 'NONE',  ( 2.353151076758506655, -8.298345537711768183E-15, 16.95937500000000497 ) ) ;
#3300 = CARTESIAN_POINT ( 'NONE',  ( -1.892491597964123277E-16, -1.545336663013171963, 18.60000000000000142 ) ) ;
#3301 = ORIENTED_EDGE ( 'NONE', *, *, #1889, .T. ) ;
#3302 = CARTESIAN_POINT ( 'NONE',  ( -1.338300807568884032, 0.7726683315065840940, -2.033333333333331439 ) ) ;
#3303 = CARTESIAN_POINT ( 'NONE',  ( -2.495693764988929564E-16, -2.037888611415580975, -2.084375000000000977 ) ) ;
#3304 = DIRECTION ( 'NONE',  ( 0.000000000000000000, 0.000000000000000000, 1.000000000000000000 ) ) ;
#3305 = CARTESIAN_POINT ( 'NONE',  ( -2.449293598294698033E-16, -2.000000000000000888, 14.66250000000000142 ) ) ;
#3306 = CARTESIAN_POINT ( 'NONE',  ( 2.745000000000000107, -1.879275126212233804, -9.165151389911683211 ) ) ;
#3307 = CARTESIAN_POINT ( 'NONE',  ( 0.8922005383792491751, 1.545336663013155754, 12.50416666666667531 ) ) ;
#3308 = CARTESIAN_POINT ( 'NONE',  ( 0.5771333911537992467, -1.514521542063977266, -9.499999999999998224 ) ) ;
#3309 = CARTESIAN_POINT ( 'NONE',  ( -1.764863307568880213, -1.018944305707793596, 17.41145833333333925 ) ) ;
#3310 = CARTESIAN_POINT ( 'NONE',  ( 3.784983195928246554E-16, 1.545336663013156420, 13.96250000000006786 ) ) ;
#3311 = LINE ( 'NONE', #6254, #35 ) ;
#3312 = CARTESIAN_POINT ( 'NONE',  ( 1.154700538379271668, 1.999999999999969136, 15.04166666666666607 ) ) ;
#3313 = CARTESIAN_POINT ( 'NONE',  ( -0.8922005383792488420, -1.545336663013171519, 9.441666666666671759 ) ) ;
#3314 = CARTESIAN_POINT ( 'NONE',  ( 2.744999999989667483, -1.879275126218199254, 19.77675886009537010 ) ) ;
#3315 = CARTESIAN_POINT ( 'NONE',  ( 1.338300807568872264, -0.7726683315065907554, 18.71666666666666856 ) ) ;
#3316 = ADVANCED_FACE ( 'NONE', ( #5341 ), #5215, .T. ) ;
#3317 = CARTESIAN_POINT ( 'NONE',  ( 1.732050807568881190, 0.9999999999999956701, -1.916666666666665186 ) ) ;
#3318 = CARTESIAN_POINT ( 'NONE',  ( -1.338300807568901352, 0.7726683315065909774, 12.06666666666668952 ) ) ;
#3319 = CARTESIAN_POINT ( 'NONE',  ( 0.000000000000000000, 1.545336663013172629, -1.362499999999997380 ) ) ;
#3320 = CARTESIAN_POINT ( 'NONE',  ( 1.176575538379254882, -2.037888611415580975, -2.069791666666663588 ) ) ;
#3321 = CARTESIAN_POINT ( 'NONE',  ( -1.892491597964140040E-16, -1.545336663013182621, -1.799999999999997824 ) ) ;
#3322 = CARTESIAN_POINT ( 'NONE',  ( -2.744999999989667039, 1.879275126218193481, 19.77675886009537010 ) ) ;
#3323 = CARTESIAN_POINT ( 'NONE',  ( -0.8922005383792488420, -1.545336663013171519, 11.45416666666667282 ) ) ;
#3324 =( BOUNDED_CURVE ( )  B_SPLINE_CURVE ( 2, ( #3708, #4779, #3738, #1207, #5682, #5271, #710 ),
 .UNSPECIFIED., .F., .F. ) 
 B_SPLINE_CURVE_WITH_KNOTS ( ( 3, 2, 2, 3 ),
 ( 0.6902983736696797212, 0.7022031355744416947, 0.7141078974792035572, 0.7260126593839654197 ),
 .UNSPECIFIED. ) 
 CURVE ( )  GEOMETRIC_REPRESENTATION_ITEM ( )  RATIONAL_B_SPLINE_CURVE ( ( 0.9999999999998813172, 0.8660254037845573905, 1.000000000000000000, 0.8660254037844387076, 1.000000000000000000, 0.8660254037843200248, 1.000000000000118794 ) ) 
 REPRESENTATION_ITEM ( '' )  );
#3325 = ADVANCED_FACE ( 'NONE', ( #2180 ), #259, .F. ) ;
#3326 = CARTESIAN_POINT ( 'NONE',  ( 0.000000000000000000, 1.545336663013172407, -4.162499999999996980 ) ) ;
#3327 = ORIENTED_EDGE ( 'NONE', *, *, #5194, .F. ) ;
#3328 = CARTESIAN_POINT ( 'NONE',  ( 0.000000000000000000, 1.545336663013172407, -4.949999999999997513 ) ) ;
#3329 = CARTESIAN_POINT ( 'NONE',  ( 2.490000000000000213, 1.437602170282165082, -9.165151389911683211 ) ) ;
#3330 = AXIS2_PLACEMENT_3D ( 'NONE', #4288, #4785, #5820 ) ;
#3331 = CARTESIAN_POINT ( 'NONE',  ( -1.176575538379253105, 2.037888611415564544, 15.79270833333333890 ) ) ;
#3332 = CARTESIAN_POINT ( 'NONE',  ( -1.892491597964123277E-16, -1.545336663013171963, 17.20000000000000284 ) ) ;
#3333 = VERTEX_POINT ( 'NONE', #686 ) ;
#3334 = CARTESIAN_POINT ( 'NONE',  ( -1.784401076758511895, -4.680831714208231810E-15, -1.274999999999998357 ) ) ;
#3335 = CARTESIAN_POINT ( 'NONE',  ( -1.764863307568883322, -1.018944305707792486, -3.601041666666667140 ) ) ;
#3336 = CONICAL_SURFACE ( 'NONE', #3014, 2.939999999999999503, 1.047197551196600074 ) ;
#3337 = CARTESIAN_POINT ( 'NONE',  ( -0.8922005383792563915, -1.545336663013181955, -7.370833333333330017 ) ) ;
#3338 = CARTESIAN_POINT ( 'NONE',  ( -7.460698725481053214E-14, 1.999999999999997335, -1.712499999999995026 ) ) ;
#3339 = CARTESIAN_POINT ( 'NONE',  ( -1.338300807568872486, 0.7726683315065743241, 8.479166666666673180 ) ) ;
#3340 = CARTESIAN_POINT ( 'NONE',  ( 0.000000000000000000, -4.336808689942017736E-15, 0.000000000000000000 ) ) ;
#3341 = CARTESIAN_POINT ( 'NONE',  ( 2.353151076758506655, -8.298345537711768183E-15, 19.10312499999999858 ) ) ;
#3342 =( GEOMETRIC_REPRESENTATION_CONTEXT ( 3 ) GLOBAL_UNCERTAINTY_ASSIGNED_CONTEXT ( ( #3057 ) ) GLOBAL_UNIT_ASSIGNED_CONTEXT ( ( #6480, #3436, #317 ) ) REPRESENTATION_CONTEXT ( 'NONE', 'WORKASPACE' ) );
#3343 = CARTESIAN_POINT ( 'NONE',  ( 1.338300807568873152, 0.7726683315065731028, 9.645833333333401427 ) ) ;
#3344 = VERTEX_POINT ( 'NONE', #161 ) ;
#3345 = CARTESIAN_POINT ( 'NONE',  ( -0.8922005383792679378, -1.545336663013204603, 17.84166666666668988 ) ) ;
#3346 = CARTESIAN_POINT ( 'NONE',  ( -2.449293598294712824E-16, -2.000000000000012879, 10.55000000000000249 ) ) ;
#3347 = CARTESIAN_POINT ( 'NONE',  ( 1.784401076758496574, -8.193867857659506841E-15, 20.78750000000000497 ) ) ;
#3348 = CARTESIAN_POINT ( 'NONE',  ( 1.519874384125333266, -0.7615530236583734069, -9.460671076447681571 ) ) ;
#3349 = CARTESIAN_POINT ( 'NONE',  ( -1.338300807568872930, -0.7726683315065897562, 19.18333333333333712 ) ) ;
#3350 = DIRECTION ( 'NONE',  ( -0.000000000000000000, 1.059903591714612962E-16, -1.000000000000000000 ) ) ;
#3351 = CARTESIAN_POINT ( 'NONE',  ( -0.8922005383792672717, 1.545336663013189504, 9.208333333333358794 ) ) ;
#3352 = CARTESIAN_POINT ( 'NONE',  ( -1.784401076758511673, -4.804061798372434684E-15, -3.287499999999996536 ) ) ;
#3353 = CARTESIAN_POINT ( 'NONE',  ( -1.176575538379256214, -2.037888611415580531, -2.186458333333330284 ) ) ;
#3354 = CARTESIAN_POINT ( 'NONE',  ( 0.000000000000000000, 1.545336663013172629, -3.549999999999997602 ) ) ;
#3355 = CARTESIAN_POINT ( 'NONE',  ( -1.552639347747607923, 1.260678807558009318, 8.900000000000002132 ) ) ;
#3356 = CARTESIAN_POINT ( 'NONE',  ( 0.8922005383792491751, 1.545336663013155754, 13.20416666666667282 ) ) ;
#3357 =( BOUNDED_CURVE ( )  B_SPLINE_CURVE ( 2, ( #4654, #1641, #3682, #3145, #4223, #4720, #5722 ),
 .UNSPECIFIED., .F., .T. ) 
 B_SPLINE_CURVE_WITH_KNOTS ( ( 3, 2, 2, 3 ),
 ( 0.1018833968157815684, 0.1039737781067164440, 0.1060641593976513197, 0.1081545406885862232 ),
 .UNSPECIFIED. ) 
 CURVE ( )  GEOMETRIC_REPRESENTATION_ITEM ( )  RATIONAL_B_SPLINE_CURVE ( ( 0.9999999999999700240, 0.8660254037844685726, 1.000000000000000000, 0.8660254037844385966, 1.000000000000000000, 0.8660254037844385966, 1.000000000000000000 ) ) 
 REPRESENTATION_ITEM ( '' )  );
#3358 = CARTESIAN_POINT ( 'NONE',  ( 0.8922005383792566136, 1.545336663013171741, -4.920833333333330728 ) ) ;
#3359 = ORIENTED_EDGE ( 'NONE', *, *, #1165, .F. ) ;
#3360 = EDGE_CURVE ( 'NONE', #1910, #5811, #1414, .T. ) ;
#3361 = CARTESIAN_POINT ( 'NONE',  ( 0.8922005383792568356, 1.545336663013171963, -7.808333333333330906 ) ) ;
#3362 = CARTESIAN_POINT ( 'NONE',  ( 1.310526596263052568, -0.9584756967669658678, 19.28068181058127450 ) ) ;
#3363 = CARTESIAN_POINT ( 'NONE',  ( -2.353151076758506655, -7.721989750899276899E-15, 15.90937500000000604 ) ) ;
#3364 = EDGE_LOOP ( 'NONE', ( #547, #6134, #5224, #580 ) ) ;
#3365 = CARTESIAN_POINT ( 'NONE',  ( -0.8922005383792563915, -1.545336663013182177, -9.470833333333331439 ) ) ;
#3366 = CARTESIAN_POINT ( 'NONE',  ( 1.784401076758511895, -5.610804264274522886E-15, -9.324999999999997513 ) ) ;
#3367 = CARTESIAN_POINT ( 'NONE',  ( 2.309401076758507365, -5.300050138990880239E-15, -2.674999999999998490 ) ) ;
#3368 = CARTESIAN_POINT ( 'NONE',  ( -1.338300807568883810, 0.7726683315065837609, -6.145833333333330373 ) ) ;
#3369 = CARTESIAN_POINT ( 'NONE',  ( -1.732050807568880302, 0.9999999999999970024, -3.695833333333332416 ) ) ;
#3370 = CARTESIAN_POINT ( 'NONE',  ( 1.732050807568881190, -1.000000000000011324, 9.966666666666668561 ) ) ;
#3371 = CARTESIAN_POINT ( 'NONE',  ( -2.495693764988925127E-16, -2.037888611415580531, 12.62812500000000426 ) ) ;
#3372 = ORIENTED_EDGE ( 'NONE', *, *, #5782, .F. ) ;
#3373 = DIRECTION ( 'NONE',  ( -0.000000000000000000, 1.059903591714612962E-16, -1.000000000000000000 ) ) ;
#3374 = ORIENTED_EDGE ( 'NONE', *, *, #2698, .F. ) ;
#3375 = CARTESIAN_POINT ( 'NONE',  ( -2.999999999999999112, 1.437602170282162417, 19.77675886009239647 ) ) ;
#3376 = CARTESIAN_POINT ( 'NONE',  ( -0.8922005383792481759, 1.545336663013156420, 18.92083333333333783 ) ) ;
#3377 = CARTESIAN_POINT ( 'NONE',  ( 4.898587196589425648E-16, 1.999999999999997335, 11.60000000000000142 ) ) ;
#3378 = CARTESIAN_POINT ( 'NONE',  ( -1.338300807568872708, 0.7726683315065744351, 20.46666666666667211 ) ) ;
#3379 = ORIENTED_EDGE ( 'NONE', *, *, #239, .F. ) ;
#3380 = CARTESIAN_POINT ( 'NONE',  ( 1.732050807568880302, -1.000000000000007550, -2.033333333333332327 ) ) ;
#3381 = CARTESIAN_POINT ( 'NONE',  ( -1.054769024808354327, -1.129392627192826071, 19.21533666301202103 ) ) ;
#3382 = CARTESIAN_POINT ( 'NONE',  ( -2.449293598294712824E-16, -2.000000000000012879, 9.850000000000001421 ) ) ;
#3383 = CARTESIAN_POINT ( 'NONE',  ( -1.764863307568883100, 1.018944305707783382, -0.9614583333333297510 ) ) ;
#3384 = CARTESIAN_POINT ( 'NONE',  ( -1.338300807568884032, -0.7726683315065931978, -1.216666666666664565 ) ) ;
#3385 = CARTESIAN_POINT ( 'NONE',  ( -1.154700538379306529, 2.000000000000393019, 10.17083333333347284 ) ) ;
#3386 = CARTESIAN_POINT ( 'NONE',  ( -1.338300807568872486, 0.7726683315065743241, 12.67916666666667247 ) ) ;
#3387 = VECTOR ( 'NONE', #2764, 1000.000000000000000 ) ;
#3388 = CARTESIAN_POINT ( 'NONE',  ( 0.5441745475148297428, 1.691979551926450664, 8.900000000000000355 ) ) ;
#3389 = CARTESIAN_POINT ( 'NONE',  ( 0.8922005383792566136, 1.545336663013171963, -2.820833333333330639 ) ) ;
#3390 = ORIENTED_EDGE ( 'NONE', *, *, #1932, .T. ) ;
#3391 = CARTESIAN_POINT ( 'NONE',  ( -0.8922005383792559474, 1.545336663013172407, -6.991666666666665364 ) ) ;
#3392 = FACE_OUTER_BOUND ( 'NONE', #5677, .T. ) ;
#3393 = CARTESIAN_POINT ( 'NONE',  ( 2.353151076758506655, -8.298345537711768183E-15, 13.45937500000000675 ) ) ;
#3394 = ORIENTED_EDGE ( 'NONE', *, *, #5399, .T. ) ;
#3395 = EDGE_CURVE ( 'NONE', #4269, #6546, #223, .T. ) ;
#3396 = CARTESIAN_POINT ( 'NONE',  ( -1.338300807568884032, -0.7726683315065936419, -9.529166666666663232 ) ) ;
#3397 = CARTESIAN_POINT ( 'NONE',  ( -1.892491597964140040E-16, -1.545336663013182843, -5.999999999999997335 ) ) ;
#3398 = DIRECTION ( 'NONE',  ( 0.000000000000000000, 1.000000000000000000, 0.000000000000000000 ) ) ;
#3399 = CARTESIAN_POINT ( 'NONE',  ( -0.8922005383792557254, 1.545336663013172185, -8.304166666666663588 ) ) ;
#3400 = CARTESIAN_POINT ( 'NONE',  ( -0.6919618517593792983, -1.483341825275112713, 19.30200415277089121 ) ) ;
#3401 = CARTESIAN_POINT ( 'NONE',  ( 3.784983195928246554E-16, 1.545336663013156420, 10.46250000000000568 ) ) ;
#3402 = CARTESIAN_POINT ( 'NONE',  ( -8.104311360326167691E-14, 1.738027315355204383, -1.251249999999995977 ) ) ;
#3403 = CARTESIAN_POINT ( 'NONE',  ( 1.176575538379252661, -2.037888611415580975, 14.08645833333333641 ) ) ;
#3404 = ORIENTED_EDGE ( 'NONE', *, *, #1774, .T. ) ;
#3405 =( BOUNDED_CURVE ( )  B_SPLINE_CURVE ( 2, ( #623, #3745, #1184, #96, #2740, #717, #5216 ),
 .UNSPECIFIED., .F., .T. ) 
 B_SPLINE_CURVE_WITH_KNOTS ( ( 3, 2, 2, 3 ),
 ( 0.007820337460325088932, 0.009910624157754647709, 0.01200091085518421169, 0.01409119755261377047 ),
 .UNSPECIFIED. ) 
 CURVE ( )  GEOMETRIC_REPRESENTATION_ITEM ( )  RATIONAL_B_SPLINE_CURVE ( ( 0.9999999999999490408, 0.8660254037844895558, 1.000000000000000000, 0.8660254037844385966, 1.000000000000000000, 0.8660254037844370423, 1.000000000000001554 ) ) 
 REPRESENTATION_ITEM ( '' )  );
#3406 = EDGE_CURVE ( 'NONE', #13, #6100, #293, .T. ) ;
#3407 = CARTESIAN_POINT ( 'NONE',  ( 1.919503833847594931, -2.355875559955328491, 0.05189620521842998324 ) ) ;
#3408 = CARTESIAN_POINT ( 'NONE',  ( 0.000000000000000000, 5.246303815928974609E-16, -9.500000000000000000 ) ) ;
#3409 = ORIENTED_EDGE ( 'NONE', *, *, #3897, .F. ) ;
#3410 = CARTESIAN_POINT ( 'NONE',  ( 3.000000000000000000, -0.9651407729913883404, 0.1053624355158798293 ) ) ;
#3411 = ADVANCED_FACE ( 'NONE', ( #750 ), #6316, .F. ) ;
#3412 = CARTESIAN_POINT ( 'NONE',  ( -1.784401076758496574, -7.756815644250031206E-15, 20.43750000000000711 ) ) ;
#3413 = DIRECTION ( 'NONE',  ( 0.000000000000000000, -1.059903591714612962E-16, 1.000000000000000000 ) ) ;
#3414 = CARTESIAN_POINT ( 'NONE',  ( 3.784983195928247540E-16, 1.545336663013156642, 14.75000000000000355 ) ) ;
#3415 = VERTEX_POINT ( 'NONE', #5851 ) ;
#3416 = CARTESIAN_POINT ( 'NONE',  ( -2.999999999999999556, 0.2422082694229480693, 19.96535898384861696 ) ) ;
#3417 = CARTESIAN_POINT ( 'NONE',  ( 1.276980485172305446, -0.8788782454340140493, 8.908648247818913291 ) ) ;
#3418 = DIRECTION ( 'NONE',  ( -0.000000000000000000, 1.059903591714612962E-16, -1.000000000000000000 ) ) ;
#3419 = CARTESIAN_POINT ( 'NONE',  ( -1.749416416835424037, 1.045242647926308832, -0.2629769475436239401 ) ) ;
#3420 = CARTESIAN_POINT ( 'NONE',  ( -1.154700538379251462, 1.999999999999992673, 12.27083333333333925 ) ) ;
#3421 = CARTESIAN_POINT ( 'NONE',  ( -1.784401076758496796, -7.756815644250031206E-15, 8.625000000000003553 ) ) ;
#3422 = CARTESIAN_POINT ( 'NONE',  ( 1.338300807568873152, 0.7726683315065731028, 12.44583333333333997 ) ) ;
#3423 = ORIENTED_EDGE ( 'NONE', *, *, #6420, .T. ) ;
#3424 = CARTESIAN_POINT ( 'NONE',  ( -1.154700538379245911, 2.000000000000011102, 15.85833333333333606 ) ) ;
#3425 = CARTESIAN_POINT ( 'NONE',  ( -1.784401076758511451, -4.718336522432120396E-15, -1.887499999999996847 ) ) ;
#3426 = ORIENTED_EDGE ( 'NONE', *, *, #1903, .F. ) ;
#3427 = CARTESIAN_POINT ( 'NONE',  ( -1.338300807568884032, -0.7726683315065936419, -7.516666666666664831 ) ) ;
#3428 = CARTESIAN_POINT ( 'NONE',  ( 1.530090859334325426, -0.2389644588737744046, 8.899999999999998579 ) ) ;
#3429 = CARTESIAN_POINT ( 'NONE',  ( -1.176575538379254215, -2.037888611415580087, 13.22604166666667425 ) ) ;
#3430 = CARTESIAN_POINT ( 'NONE',  ( 0.000000000000000000, 1.545336663013172629, -1.449999999999998179 ) ) ;
#3431 = CARTESIAN_POINT ( 'NONE',  ( 0.000000000000000000, 1.545336663013172407, -6.349999999999997868 ) ) ;
#3432 = AXIS2_PLACEMENT_3D ( 'NONE', #815, #3850, #3718 ) ;
#3433 = FACE_OUTER_BOUND ( 'NONE', #6401, .T. ) ;
#3434 = CARTESIAN_POINT ( 'NONE',  ( 0.8922005383792552813, -1.545336663013183065, -9.354166666666662522 ) ) ;
#3435 = CARTESIAN_POINT ( 'NONE',  ( 0.000000000000000000, 1.999999999999998668, -9.500000000000000000 ) ) ;
#3436 =( NAMED_UNIT ( * ) PLANE_ANGLE_UNIT ( ) SI_UNIT ( $, .RADIAN. ) );
#3437 = CARTESIAN_POINT ( 'NONE',  ( 4.898587196589425648E-16, 1.999999999999997335, 14.40000000000000036 ) ) ;
#3438 = CARTESIAN_POINT ( 'NONE',  ( 1.176575538379254660, 2.037888611415564100, 12.21979166666666927 ) ) ;
#3439 = ORIENTED_EDGE ( 'NONE', *, *, #285, .T. ) ;
#3440 = AXIS2_PLACEMENT_3D ( 'NONE', #4057, #3517, #955 ) ;
#3441 = DIRECTION ( 'NONE',  ( 0.5000000000000003331, 0.8660254037844385966, -0.000000000000000000 ) ) ;
#3442 = CARTESIAN_POINT ( 'NONE',  ( 0.2550000000000003930, -3.316877296494402216, -9.165151389911683211 ) ) ;
#3443 = ORIENTED_EDGE ( 'NONE', *, *, #4871, .F. ) ;
#3444 = CARTESIAN_POINT ( 'NONE',  ( 1.764863307568882655, -1.018944305707794040, -8.267708333333334991 ) ) ;
#3445 = EDGE_CURVE ( 'NONE', #6111, #50, #3311, .T. ) ;
#3446 = CARTESIAN_POINT ( 'NONE',  ( -1.338300807568872708, -0.7726683315065896451, 20.49583333333333712 ) ) ;
#3447 = AXIS2_PLACEMENT_3D ( 'NONE', #566, #2521, #1061 ) ;
#3448 = DIRECTION ( 'NONE',  ( 0.000000000000000000, 0.000000000000000000, -1.000000000000000000 ) ) ;
#3449 = CARTESIAN_POINT ( 'NONE',  ( -0.8922005383792482869, 1.545336663013156420, 15.50833333333333641 ) ) ;
#3450 = ORIENTED_EDGE ( 'NONE', *, *, #596, .F. ) ;
#3451 = CARTESIAN_POINT ( 'NONE',  ( -7.460698725481053214E-14, 1.999999999999997335, -1.712499999999995026 ) ) ;
#3452 = CARTESIAN_POINT ( 'NONE',  ( 3.784983195928328398E-16, 1.545336663013189504, 9.850000000000022737 ) ) ;
#3453 = CARTESIAN_POINT ( 'NONE',  ( 1.154700538378662600, -2.000000000001032063, -4.191666666666725050 ) ) ;
#3454 = CYLINDRICAL_SURFACE ( 'NONE', #4323, 2.000000000000000000 ) ;
#3455 = DIRECTION ( 'NONE',  ( -0.000000000000000000, 1.059903591714612962E-16, -1.000000000000000000 ) ) ;
#3456 = CARTESIAN_POINT ( 'NONE',  ( -0.8922005383792481759, 1.545336663013156420, 9.120833333333340676 ) ) ;
#3457 = CARTESIAN_POINT ( 'NONE',  ( 4.898587196589425648E-16, 1.999999999999997335, 15.80000000000000071 ) ) ;
#3458 = CARTESIAN_POINT ( 'NONE',  ( 1.338300807568884254, 0.7726683315065825397, -3.579166666666663499 ) ) ;
#3459 = EDGE_LOOP ( 'NONE', ( #5042, #2389, #4337, #2478 ) ) ;
#3460 = AXIS2_PLACEMENT_3D ( 'NONE', #3202, #1768, #1175 ) ;
#3461 = CARTESIAN_POINT ( 'NONE',  ( 0.8922005383792568356, 1.545336663013172185, -4.308333333333330906 ) ) ;
#3462 = CARTESIAN_POINT ( 'NONE',  ( 0.8505154461493492635, -1.413903630330357597, -9.500000000000000000 ) ) ;
#3463 = CARTESIAN_POINT ( 'NONE',  ( -1.176575538379253105, 2.037888611415564544, 12.99270833333333997 ) ) ;
#3464 = CARTESIAN_POINT ( 'NONE',  ( -1.338300807568884032, -0.7726683315065934199, -6.729166666666663410 ) ) ;
#3465 = CARTESIAN_POINT ( 'NONE',  ( -0.8922005383792558364, 1.545336663013172407, -5.591666666666663232 ) ) ;
#3466 = CARTESIAN_POINT ( 'NONE',  ( 1.154700538379271668, 1.999999999999969136, 16.44166666666666643 ) ) ;
#3467 = CARTESIAN_POINT ( 'NONE',  ( 1.338300807568883366, -0.7726683315065945301, -7.895833333333331261 ) ) ;
#3468 = CARTESIAN_POINT ( 'NONE',  ( 0.000000000000000000, 1.545336663013172185, -0.3499999999999994782 ) ) ;
#3469 = B_SPLINE_CURVE_WITH_KNOTS ( 'NONE', 3,
 ( #227, #2742, #296, #4386, #3348, #2247, #4759, #1218, #4327, #5382, #5345, #785, #4855, #6387, #2215, #4291 ),
 .UNSPECIFIED., .F., .F.,
 ( 4, 2, 2, 2, 2, 2, 2, 4 ),
 ( 0.000000000000000000, 0.0005647071939290134856, 0.001129414387858026971, 0.001694121581787040457, 0.002258828775716053942, 0.002823535969645067645, 0.003388243163574080914, 0.004517657551432109619 ),
 .UNSPECIFIED. ) ;
#3470 = CARTESIAN_POINT ( 'NONE',  ( 0.4241117187680817913, 1.721539622378082335, -1.264110280386799845 ) ) ;
#3471 = CARTESIAN_POINT ( 'NONE',  ( 4.991387529977850254E-16, 2.037888611415564544, 14.37812500000000249 ) ) ;
#3472 = ORIENTED_EDGE ( 'NONE', *, *, #5120, .T. ) ;
#3473 = CARTESIAN_POINT ( 'NONE',  ( -2.976317332162728313, -1.615423337259624059, 0.2570750093462926822 ) ) ;
#3474 = DIRECTION ( 'NONE',  ( -0.000000000000000000, 1.059903591714612962E-16, -1.000000000000000000 ) ) ;
#3475 = ORIENTED_EDGE ( 'NONE', *, *, #3783, .F. ) ;
#3476 = CARTESIAN_POINT ( 'NONE',  ( -1.764863307568883322, -1.018944305707792930, -9.201041666666668561 ) ) ;
#3477 = CARTESIAN_POINT ( 'NONE',  ( -1.784401076758496574, -7.756815644250031206E-15, 9.325000000000004619 ) ) ;
#3478 = CARTESIAN_POINT ( 'NONE',  ( -2.449293598294712824E-16, -2.000000000000012879, 15.45000000000000107 ) ) ;
#3479 = CARTESIAN_POINT ( 'NONE',  ( -0.8922005383792482869, 1.545336663013156420, 14.10833333333333961 ) ) ;
#3480 = ORIENTED_EDGE ( 'NONE', *, *, #6545, .T. ) ;
#3481 = CARTESIAN_POINT ( 'NONE',  ( 0.000000000000000000, 1.545336663013172185, -1.140000000000000124 ) ) ;
#3482 = CARTESIAN_POINT ( 'NONE',  ( -0.8922005383792672717, 1.545336663013189504, 9.908333333333354531 ) ) ;
#3483 = EDGE_CURVE ( 'NONE', #3536, #420, #1524, .T. ) ;
#3484 = DIRECTION ( 'NONE',  ( -0.000000000000000000, 1.059903591714612962E-16, -1.000000000000000000 ) ) ;
#3485 = CARTESIAN_POINT ( 'NONE',  ( -2.939999999999999503, -4.336808689942017736E-15, 0.000000000000000000 ) ) ;
#3486 = CARTESIAN_POINT ( 'NONE',  ( 2.449293598294706414E-16, -1.999999999999999556, -9.500000000000000000 ) ) ;
#3487 = CARTESIAN_POINT ( 'NONE',  ( -2.353151076758506655, -7.721989750899276899E-15, 19.45312499999999645 ) ) ;
#3488 = CARTESIAN_POINT ( 'NONE',  ( -2.999999999999999556, 1.392170721059214353E-13, 0.03464101614959282788 ) ) ;
#3489 = EDGE_CURVE ( 'NONE', #2235, #1910, #427, .T. ) ;
#3490 = CARTESIAN_POINT ( 'NONE',  ( 1.764863307568883988, 1.018944305707781606, -7.494791666666663410 ) ) ;
#3491 = ORIENTED_EDGE ( 'NONE', *, *, #5774, .T. ) ;
#3492 = ADVANCED_FACE ( 'NONE', ( #1383 ), #4458, .T. ) ;
#3493 = CARTESIAN_POINT ( 'NONE',  ( -0.8922005383792481759, 1.545336663013156420, 20.32083333333333641 ) ) ;
#3494 = CARTESIAN_POINT ( 'NONE',  ( -1.176575538379254215, -2.037888611415580087, 11.82604166666667389 ) ) ;
#3495 = CARTESIAN_POINT ( 'NONE',  ( -0.8922005383792563915, -1.545336663013181955, -7.370833333333330017 ) ) ;
#3496 =( BOUNDED_CURVE ( )  B_SPLINE_CURVE ( 2, ( #3106, #2104, #4154, #5175, #2137, #4184, #4253 ),
 .UNSPECIFIED., .F., .T. ) 
 B_SPLINE_CURVE_WITH_KNOTS ( ( 3, 2, 2, 3 ),
 ( 0.03917408523227347561, 0.04126449540765223661, 0.04335490558303099762, 0.04544531575840977250 ),
 .UNSPECIFIED. ) 
 CURVE ( )  GEOMETRIC_REPRESENTATION_ITEM ( )  RATIONAL_B_SPLINE_CURVE ( ( 1.000000000001616929, 0.8660254037828220008, 1.000000000000000000, 0.8660254037844388186, 1.000000000000000000, 0.8660254037843079233, 1.000000000000131006 ) ) 
 REPRESENTATION_ITEM ( '' )  );
#3497 = CARTESIAN_POINT ( 'NONE',  ( -1.338300807568884032, 0.7726683315065837609, -7.633333333333330195 ) ) ;
#3498 = CYLINDRICAL_SURFACE ( 'NONE', #5160, 2.000000000000000000 ) ;
#3499 = CARTESIAN_POINT ( 'NONE',  ( 0.000000000000000000, 1.545336663013172629, -4.162499999999996980 ) ) ;
#3500 = CARTESIAN_POINT ( 'NONE',  ( 1.732050807568880302, -1.000000000000007994, -8.333333333333332149 ) ) ;
#3501 = PERSON_AND_ORGANIZATION_ROLE ( 'design_owner' ) ;
#3502 = CARTESIAN_POINT ( 'NONE',  ( 1.345859643267480310, 1.228474276258324283, -1.298104256055914174 ) ) ;
#3503 = CARTESIAN_POINT ( 'NONE',  ( 2.353151076758506655, -8.298345537711768183E-15, 8.603125000000002132 ) ) ;
#3504 = VERTEX_POINT ( 'NONE', #2449 ) ;
#3505 = CARTESIAN_POINT ( 'NONE',  ( 0.8922005383792568356, 1.545336663013172407, -0.8083333333333310167 ) ) ;
#3506 = VERTEX_POINT ( 'NONE', #1847 ) ;
#3507 = CARTESIAN_POINT ( 'NONE',  ( 2.353151076758510651, -5.732694891002157437E-15, -9.609375000000000000 ) ) ;
#3508 = CARTESIAN_POINT ( 'NONE',  ( 0.8922005383792491751, 1.545336663013155754, 14.69166666666666998 ) ) ;
#3509 = CARTESIAN_POINT ( 'NONE',  ( -1.154700538379263453, -1.999999999999999334, 13.29166666666666785 ) ) ;
#3510 = CARTESIAN_POINT ( 'NONE',  ( 3.784983195928246554E-16, 1.545336663013156420, 18.16250000000000497 ) ) ;
#3511 = CYLINDRICAL_SURFACE ( 'NONE', #668, 1.999999999999998224 ) ;
#3512 = CARTESIAN_POINT ( 'NONE',  ( 1.338300807568873374, 0.7726683315065732138, 13.93333333333333535 ) ) ;
#3513 = ORIENTED_EDGE ( 'NONE', *, *, #3445, .T. ) ;
#3514 = CARTESIAN_POINT ( 'NONE',  ( -2.999999999999999556, 6.062442030013295843E-14, 19.96535898384949448 ) ) ;
#3515 = CARTESIAN_POINT ( 'NONE',  ( 0.8922005383792477318, -1.545336663013172407, 16.47083333333340249 ) ) ;
#3516 = CARTESIAN_POINT ( 'NONE',  ( 1.154700538379252572, -2.000000000000007994, -4.104166666666665186 ) ) ;
#3517 = DIRECTION ( 'NONE',  ( -0.000000000000000000, 1.059903591714612962E-16, -1.000000000000000000 ) ) ;
#3518 = CARTESIAN_POINT ( 'NONE',  ( -2.449293598294712824E-16, -2.000000000000012879, 13.35000000000000142 ) ) ;
#3519 = CARTESIAN_POINT ( 'NONE',  ( 1.732050807568878081, 0.9999999999999906741, 19.09583333333333854 ) ) ;
#3520 = CARTESIAN_POINT ( 'NONE',  ( -1.154700538379263453, -1.999999999999999334, 16.09166666666667211 ) ) ;
#3521 = CARTESIAN_POINT ( 'NONE',  ( -1.764863307568883100, 1.018944305707783160, -7.261458333333330017 ) ) ;
#3522 = EDGE_CURVE ( 'NONE', #1326, #4578, #4989, .T. ) ;
#3523 = CARTESIAN_POINT ( 'NONE',  ( -0.8922005383792488420, -1.545336663013171519, 20.55416666666667069 ) ) ;
#3524 = ADVANCED_FACE ( 'NONE', ( #2346 ), #6524, .F. ) ;
#3525 = CARTESIAN_POINT ( 'NONE',  ( -1.176575538379254215, -2.037888611415580087, 10.42604166666667531 ) ) ;
#3526 = CARTESIAN_POINT ( 'NONE',  ( -1.892491597964139794E-16, -1.545336663013182399, -5.212499999999996803 ) ) ;
#3527 = CARTESIAN_POINT ( 'NONE',  ( 1.338300807568884698, 0.7726683315065825397, -7.866666666666664476 ) ) ;
#3528 = DIRECTION ( 'NONE',  ( 8.659560562354959975E-17, 0.7071067811865495711, 0.7071067811865454633 ) ) ;
#3529 = CARTESIAN_POINT ( 'NONE',  ( -0.8922005383792563915, -1.545336663013181733, -3.170833333333330284 ) ) ;
#3530 = CARTESIAN_POINT ( 'NONE',  ( 0.000000000000000000, 1.999999999999999112, -1.799999999999998268 ) ) ;
#3531 = DIRECTION ( 'NONE',  ( -0.000000000000000000, 1.059903591714612962E-16, -1.000000000000000000 ) ) ;
#3532 = CARTESIAN_POINT ( 'NONE',  ( -1.764863307568880213, -1.018944305707793596, 11.11145833333333677 ) ) ;
#3533 = ORIENTED_EDGE ( 'NONE', *, *, #2746, .F. ) ;
#3534 =( BOUNDED_CURVE ( )  B_SPLINE_CURVE ( 2, ( #2545, #3548, #6089, #3619, #4657, #5656, #6125 ),
 .UNSPECIFIED., .F., .T. ) 
 B_SPLINE_CURVE_WITH_KNOTS ( ( 3, 2, 2, 3 ),
 ( 0.3331555165268226260, 0.3450602784315844884, 0.3569650403363463509, 0.3688698022411083244 ),
 .UNSPECIFIED. ) 
 CURVE ( )  GEOMETRIC_REPRESENTATION_ITEM ( )  RATIONAL_B_SPLINE_CURVE ( ( 0.9999999999998813172, 0.8660254037845573905, 1.000000000000000000, 0.8660254037844387076, 1.000000000000000000, 0.8660254037843200248, 1.000000000000118794 ) ) 
 REPRESENTATION_ITEM ( '' )  );
#3535 = CARTESIAN_POINT ( 'NONE',  ( -0.8768506865766041436, 1.545336663013172629, -0.6926702616918910538 ) ) ;
#3536 = VERTEX_POINT ( 'NONE', #3381 ) ;
#3537 = CARTESIAN_POINT ( 'NONE',  ( -2.495693764988929564E-16, -2.037888611415581419, -9.784375000000000711 ) ) ;
#3538 = AXIS2_PLACEMENT_3D ( 'NONE', #5282, #2313, #720 ) ;
#3539 = ORIENTED_EDGE ( 'NONE', *, *, #519, .F. ) ;
#3540 = CARTESIAN_POINT ( 'NONE',  ( -0.8922005383792488420, -1.545336663013171519, 13.64166666666666927 ) ) ;
#3541 = CARTESIAN_POINT ( 'NONE',  ( -1.338300807568872486, 0.7726683315065743241, 17.57916666666667282 ) ) ;
#3542 = CARTESIAN_POINT ( 'NONE',  ( 0.000000000000000000, 1.999999999999998668, -9.500000000000000000 ) ) ;
#3543 = CARTESIAN_POINT ( 'NONE',  ( 0.8922005383792492861, 1.545336663013156198, 16.09166666666666856 ) ) ;
#3544 = AXIS2_PLACEMENT_3D ( 'NONE', #2901, #4946, #1440 ) ;
#3545 = VERTEX_POINT ( 'NONE', #884 ) ;
#3546 = CYLINDRICAL_SURFACE ( 'NONE', #3580, 0.5100000000000000089 ) ;
#3547 = CARTESIAN_POINT ( 'NONE',  ( -1.892491597964123277E-16, -1.545336663013171963, 17.81250000000006750 ) ) ;
#3548 = CARTESIAN_POINT ( 'NONE',  ( -1.154700538379844987, -1.999999999998985034, -3.608333333333391124 ) ) ;
#3549 = CARTESIAN_POINT ( 'NONE',  ( 1.732050807568961792, 1.000000000000039080, 16.99583333333339397 ) ) ;
#3550 = LOCAL_TIME ( 18, 9, 43.00000000000000000, #4607 ) ;
#3551 = CARTESIAN_POINT ( 'NONE',  ( -2.449293598294700498E-16, -2.000000000000002665, 18.16250000000000142 ) ) ;
#3552 = CARTESIAN_POINT ( 'NONE',  ( -1.235316191158079890, 1.435414565107350660, -9.265587196495317812 ) ) ;
#3553 = CARTESIAN_POINT ( 'NONE',  ( 1.338300807568901796, 0.7726683315065896451, 16.03333333333335275 ) ) ;
#3554 = CARTESIAN_POINT ( 'NONE',  ( 1.176575538379254882, -2.037888611415581863, -7.669791666666664121 ) ) ;
#3555 = DIRECTION ( 'NONE',  ( 0.000000000000000000, 1.000000000000000000, 0.000000000000000000 ) ) ;
#3556 = CARTESIAN_POINT ( 'NONE',  ( 0.8922005383792477318, -1.545336663013172407, 19.97083333333333854 ) ) ;
#3557 = CARTESIAN_POINT ( 'NONE',  ( 1.764863307568880879, 1.018944305707776943, 11.41770833333334068 ) ) ;
#3558 = ORIENTED_EDGE ( 'NONE', *, *, #917, .T. ) ;
#3559 = VECTOR ( 'NONE', #2914, 1000.000000000000000 ) ;
#3560 = CARTESIAN_POINT ( 'NONE',  ( -1.784401076758511673, -4.932649712282906905E-15, -5.387499999999996625 ) ) ;
#3561 = EDGE_CURVE ( 'NONE', #4765, #2298, #1065, .T. ) ;
#3562 = CARTESIAN_POINT ( 'NONE',  ( -0.8922005383792565025, -1.545336663013182177, -3.258333333333330639 ) ) ;
#3563 = EDGE_CURVE ( 'NONE', #2324, #598, #5563, .T. ) ;
#3564 = CARTESIAN_POINT ( 'NONE',  ( 4.898587196589425648E-16, 1.999999999999997335, 19.30000000000000071 ) ) ;
#3565 = CARTESIAN_POINT ( 'NONE',  ( 1.338300807568884476, 0.7726683315065826507, -4.279166666666664121 ) ) ;
#3566 = CARTESIAN_POINT ( 'NONE',  ( -2.449293598294711345E-16, -2.000000000000008882, -1.449999999999998845 ) ) ;
#3567 = SHAPE_DEFINITION_REPRESENTATION ( #3706, #2014 ) ;
#3568 = CARTESIAN_POINT ( 'NONE',  ( -2.353151076758506655, -7.721989750899276899E-15, 20.80937500000000995 ) ) ;
#3569 = CARTESIAN_POINT ( 'NONE',  ( -1.176575538379254215, -2.037888611415580087, 10.46979166666666927 ) ) ;
#3570 = ORIENTED_EDGE ( 'NONE', *, *, #6463, .T. ) ;
#3571 = CARTESIAN_POINT ( 'NONE',  ( 0.8922005383792551703, -1.545336663013182621, -7.254166666666663765 ) ) ;
#3572 = ORIENTED_EDGE ( 'NONE', *, *, #5574, .F. ) ;
#3573 = CARTESIAN_POINT ( 'NONE',  ( 2.353151076758510651, -5.689832253032000293E-15, -8.909375000000000711 ) ) ;
#3574 = VERTEX_POINT ( 'NONE', #1406 ) ;
#3575 = CARTESIAN_POINT ( 'NONE',  ( 0.8922005383792477318, -1.545336663013172407, 14.45833333333333570 ) ) ;
#3576 = CARTESIAN_POINT ( 'NONE',  ( 0.4818082159006534804, 1.682617204161383606, 19.41642012535174899 ) ) ;
#3577 = CARTESIAN_POINT ( 'NONE',  ( -0.8922005383792488420, -1.545336663013171519, 17.75416666666666998 ) ) ;
#3578 =( BOUNDED_CURVE ( )  B_SPLINE_CURVE ( 2, ( #206, #2157, #632, #3798, #4240, #1194, #5736 ),
 .UNSPECIFIED., .F., .F. ) 
 B_SPLINE_CURVE_WITH_KNOTS ( ( 3, 2, 2, 3 ),
 ( 0.1520512757896873568, 0.1541417790266421950, 0.1562322822635969777, 0.1583227855005518159 ),
 .UNSPECIFIED. ) 
 CURVE ( )  GEOMETRIC_REPRESENTATION_ITEM ( )  RATIONAL_B_SPLINE_CURVE ( ( 1.000000000000000000, 0.8660254037844387076, 1.000000000000000000, 0.8660254037844387076, 1.000000000000000000, 0.8660254037844387076, 1.000000000000000000 ) ) 
 REPRESENTATION_ITEM ( '' )  );
#3579 = CARTESIAN_POINT ( 'NONE',  ( 0.000000000000000000, 1.999999999999998668, -5.999999999999999112 ) ) ;
#3580 = AXIS2_PLACEMENT_3D ( 'NONE', #5485, #1478, #5988 ) ;
#3581 = CARTESIAN_POINT ( 'NONE',  ( -0.8922005383792482869, 1.545336663013156420, 12.00833333333333464 ) ) ;
#3582 = VERTEX_POINT ( 'NONE', #1807 ) ;
#3583 = DIRECTION ( 'NONE',  ( -0.000000000000000000, 1.059903591714612962E-16, -1.000000000000000000 ) ) ;
#3584 = CARTESIAN_POINT ( 'NONE',  ( -0.8922005383792488420, -1.545336663013171519, 14.95416666666673500 ) ) ;
#3585 = CYLINDRICAL_SURFACE ( 'NONE', #2683, 2.000000000000000000 ) ;
#3586 = CARTESIAN_POINT ( 'NONE',  ( 1.892491597964133631E-16, -1.545336663013172185, -9.500000000000000000 ) ) ;
#3587 = DIRECTION ( 'NONE',  ( 0.5000000000000001110, -0.8660254037844385966, 0.000000000000000000 ) ) ;
#3588 = B_SPLINE_CURVE_WITH_KNOTS ( 'NONE', 3,
 ( #5568, #1066, #2054, #4037 ),
 .UNSPECIFIED., .F., .F.,
 ( 4, 4 ),
 ( 0.01771233135755821350, 0.01913565814006509477 ),
 .UNSPECIFIED. ) ;
#3589 = CARTESIAN_POINT ( 'NONE',  ( 1.338300807568901796, 0.7726683315065896451, 13.93333333333335489 ) ) ;
#3590 = CARTESIAN_POINT ( 'NONE',  ( -2.495693764988929564E-16, -2.037888611415581419, -7.028124999999996625 ) ) ;
#3591 = CARTESIAN_POINT ( 'NONE',  ( 0.9885075611050172517, -1.255907154608382870, 8.900000000000003908 ) ) ;
#3592 = CARTESIAN_POINT ( 'NONE',  ( 0.8922005383792491751, 1.545336663013155754, 18.10416666666667140 ) ) ;
#3593 = ORIENTED_EDGE ( 'NONE', *, *, #6468, .F. ) ;
#3594 = CARTESIAN_POINT ( 'NONE',  ( -1.338300807568884032, -0.7726683315065935309, -7.429166666666663588 ) ) ;
#3595 = CARTESIAN_POINT ( 'NONE',  ( 0.8922005383792555033, -1.545336663013183065, -3.141666666666664387 ) ) ;
#3596 = DIRECTION ( 'NONE',  ( 0.000000000000000000, 1.000000000000000000, 0.000000000000000000 ) ) ;
#3597 = CARTESIAN_POINT ( 'NONE',  ( -1.892491597964139794E-16, -1.545336663013182177, -2.412499999999996980 ) ) ;
#3598 = CARTESIAN_POINT ( 'NONE',  ( -2.449293598294711345E-16, -2.000000000000009326, -9.149999999999998579 ) ) ;
#3599 = APPROVAL_ROLE ( '' ) ;
#3600 = CARTESIAN_POINT ( 'NONE',  ( 1.732050807568882522, 0.9999999999999933387, 19.18333333333333357 ) ) ;
#3601 = CARTESIAN_POINT ( 'NONE',  ( 1.176575538379252661, -2.037888611415580975, 9.886458333333335347 ) ) ;
#3602 = EDGE_CURVE ( 'NONE', #3155, #3258, #2148, .T. ) ;
#3603 = ORIENTED_EDGE ( 'NONE', *, *, #3188, .F. ) ;
#3604 = CARTESIAN_POINT ( 'NONE',  ( 1.784401076758511451, -5.391133244677466240E-15, -5.737499999999996270 ) ) ;
#3605 = ORIENTED_EDGE ( 'NONE', *, *, #3854, .T. ) ;
#3606 = CARTESIAN_POINT ( 'NONE',  ( -1.764863307568883322, -1.018944305707792708, -7.101041666666668029 ) ) ;
#3607 = ORIENTED_EDGE ( 'NONE', *, *, #4790, .T. ) ;
#3608 = CARTESIAN_POINT ( 'NONE',  ( 1.338300807568872042, -0.7726683315065906443, 13.11666666666667069 ) ) ;
#3609 = CARTESIAN_POINT ( 'NONE',  ( -1.856705167582441529, 0.2296289704878914095, 19.53729016770819271 ) ) ;
#3610 = CARTESIAN_POINT ( 'NONE',  ( 0.8922005383792491751, 1.545336663013155754, 16.00416666666667354 ) ) ;
#3611 = CARTESIAN_POINT ( 'NONE',  ( -1.424126378649263502, 0.8181058433967471899, -1.192725135530027236 ) ) ;
#3612 = CARTESIAN_POINT ( 'NONE',  ( -1.338300807568872486, 0.7726683315065743241, 10.57916666666667282 ) ) ;
#3613 = EDGE_CURVE ( 'NONE', #58, #3582, #4879, .T. ) ;
#3614 = CARTESIAN_POINT ( 'NONE',  ( 0.8922005383792492861, 1.545336663013156198, 10.49166666666666892 ) ) ;
#3615 = ORIENTED_EDGE ( 'NONE', *, *, #4352, .F. ) ;
#3616 = CARTESIAN_POINT ( 'NONE',  ( 1.154700538379263897, 1.999999999999983125, 12.94166666666666998 ) ) ;
#3617 = CARTESIAN_POINT ( 'NONE',  ( 0.8922005383792477318, -1.545336663013172407, 17.17083333333340178 ) ) ;
#3618 = APPROVAL ( #2561, 'UNSPECIFIED' ) ;
#3619 = CARTESIAN_POINT ( 'NONE',  ( -2.309401076758507365, -4.798703968626166126E-15, -3.724999999999998757 ) ) ;
#3620 = CARTESIAN_POINT ( 'NONE',  ( 0.000000000000000000, 1.545336663013173073, -9.500000000000000000 ) ) ;
#3621 = CARTESIAN_POINT ( 'NONE',  ( -2.891112801504838650E-17, -3.464101615137757051, -9.165151389911683211 ) ) ;
#3623 = B_SPLINE_CURVE_WITH_KNOTS ( 'NONE', 3,
 ( #196, #3213, #5658, #5786, #2212, #2647 ),
 .UNSPECIFIED., .F., .F.,
 ( 4, 2, 4 ),
 ( 0.01243032556595912060, 0.01315375780737366301, 0.01387719004878820717 ),
 .UNSPECIFIED. ) ;
#3622 =( BOUNDED_CURVE ( )  B_SPLINE_CURVE ( 2, ( #3346, #4786, #1345, #1809, #261, #1778, #2869 ),
 .UNSPECIFIED., .F., .T. ) 
 B_SPLINE_CURVE_WITH_KNOTS ( ( 3, 2, 2, 3 ),
 ( 0.8055555555555555802, 0.8148148148148147696, 0.8240740740740740700, 0.8333333333333333703 ),
 .UNSPECIFIED. ) 
 CURVE ( )  GEOMETRIC_REPRESENTATION_ITEM ( )  RATIONAL_B_SPLINE_CURVE ( ( 1.000000000000000000, 0.8660254037844387076, 1.000000000000000000, 0.8660254037844387076, 1.000000000000000000, 0.8660254037844387076, 1.000000000000000000 ) ) 
 REPRESENTATION_ITEM ( '' )  );
#3624 = CARTESIAN_POINT ( 'NONE',  ( -1.784401076758534765, -7.756815644250028050E-15, 14.92500000000002380 ) ) ;
#3625 = CARTESIAN_POINT ( 'NONE',  ( -1.176575538379255104, 2.037888611415570761, -7.319791666666662699 ) ) ;
#3626 = CARTESIAN_POINT ( 'NONE',  ( 4.898587196589425648E-16, 1.999999999999997335, 14.40000000000000036 ) ) ;
#3627 = CARTESIAN_POINT ( 'NONE',  ( 1.784401076758496574, -8.193867857659506841E-15, 15.18750000000000533 ) ) ;
#3628 = EDGE_LOOP ( 'NONE', ( #2422, #4086, #513, #435 ) ) ;
#3629 = CARTESIAN_POINT ( 'NONE',  ( -0.8922005383792556144, 1.545336663013172851, -2.704166666666663499 ) ) ;
#3630 = CARTESIAN_POINT ( 'NONE',  ( -1.892491597964140040E-16, -1.545336663013182843, -5.299999999999997158 ) ) ;
#3631 = CYLINDRICAL_SURFACE ( 'NONE', #4740, 0.5100000000000000089 ) ;
#3632 = CARTESIAN_POINT ( 'NONE',  ( 0.8922005383792567246, 1.545336663013171963, -4.920833333333330728 ) ) ;
#3633 = CARTESIAN_POINT ( 'NONE',  ( 0.8922005383792555033, -1.545336663013183509, -8.741666666666665364 ) ) ;
#3634 = PERSON_AND_ORGANIZATION ( #3859, #6112 ) ;
#3635 = CARTESIAN_POINT ( 'NONE',  ( -1.732050807569013529, 1.000000000000071054, 13.72916666666676200 ) ) ;
#3636 = CARTESIAN_POINT ( 'NONE',  ( -1.764863307568880213, -1.018944305707793596, 9.011458333333337123 ) ) ;
#3637 = ORIENTED_EDGE ( 'NONE', *, *, #1286, .F. ) ;
#3638 = CARTESIAN_POINT ( 'NONE',  ( 1.784401076758511451, -5.476858520617780529E-15, -7.137499999999996625 ) ) ;
#3639 = VERTEX_POINT ( 'NONE', #5408 ) ;
#3640 = CARTESIAN_POINT ( 'NONE',  ( 1.176575538379256658, 2.037888611415570317, -3.892708333333334991 ) ) ;
#3641 = ORIENTED_EDGE ( 'NONE', *, *, #1822, .T. ) ;
#3642 = CARTESIAN_POINT ( 'NONE',  ( -1.892491597964123277E-16, -1.545336663013171963, 15.80000000000000071 ) ) ;
#3643 = CARTESIAN_POINT ( 'NONE',  ( -1.876374953738465523, -1.263278788012864614E-11, 19.54637495373846079 ) ) ;
#3644 = CARTESIAN_POINT ( 'NONE',  ( 3.784983195928246554E-16, 1.545336663013156420, 15.36250000000000604 ) ) ;
#3645 = CARTESIAN_POINT ( 'NONE',  ( 1.154700538379241692, 2.000000000000061284, -1.770833333333340809 ) ) ;
#3646 = CARTESIAN_POINT ( 'NONE',  ( -1.208161545676660120, 0.9635409081096814043, 8.463452923929336791 ) ) ;
#3647 = CARTESIAN_POINT ( 'NONE',  ( 3.784983195928247540E-16, 1.545336663013156642, 12.65000000000000391 ) ) ;
#3648 = CARTESIAN_POINT ( 'NONE',  ( 4.898587196589425648E-16, 1.999999999999997335, 16.50000000000000000 ) ) ;
#3649 = LINE ( 'NONE', #588, #6557 ) ;
#3650 = CARTESIAN_POINT ( 'NONE',  ( 3.784983195928246554E-16, 1.545336663013156420, 16.06250000000007105 ) ) ;
#3651 = DIRECTION ( 'NONE',  ( -0.000000000000000000, 1.059903591714612962E-16, -1.000000000000000000 ) ) ;
#3652 = DIRECTION ( 'NONE',  ( 0.000000000000000000, 1.000000000000000000, 0.000000000000000000 ) ) ;
#3653 = EDGE_CURVE ( 'NONE', #1920, #6080, #2338, .T. ) ;
#3654 = VECTOR ( 'NONE', #4584, 1000.000000000000000 ) ;
#3655 =( BOUNDED_CURVE ( )  B_SPLINE_CURVE ( 2, ( #3551, #1022, #3048, #5089, #5490, #3926, #5957 ),
 .UNSPECIFIED., .F., .F. ) 
 B_SPLINE_CURVE_WITH_KNOTS ( ( 3, 2, 2, 3 ),
 ( 0.03290423288637010779, 0.03499418366833789013, 0.03708413445030569328, 0.03917408523227347561 ),
 .UNSPECIFIED. ) 
 CURVE ( )  GEOMETRIC_REPRESENTATION_ITEM ( )  RATIONAL_B_SPLINE_CURVE ( ( 1.000000000000000000, 0.8660254037844387076, 1.000000000000000000, 0.8660254037844387076, 1.000000000000000000, 0.8660254037860555254, 0.9999999999983831822 ) ) 
 REPRESENTATION_ITEM ( '' )  );
#3656 = CARTESIAN_POINT ( 'NONE',  ( -1.338300807568901352, 0.7726683315065909774, 14.86666666666669023 ) ) ;
#3657 = CARTESIAN_POINT ( 'NONE',  ( 2.353151076758510651, -5.349610064143875842E-15, -3.353124999999996803 ) ) ;
#3658 = CIRCLE ( 'NONE', #4516, 1.895336663013172274 ) ;
#3659 = CARTESIAN_POINT ( 'NONE',  ( 4.561253880258420670E-13, 1.999999999999998224, 14.31249999999998579 ) ) ;
#3660 = CARTESIAN_POINT ( 'NONE',  ( 0.8922005383792491751, 1.545336663013155754, 15.30416666666667069 ) ) ;
#3661 =( BOUNDED_CURVE ( )  B_SPLINE_CURVE ( 2, ( #4241, #1195, #3261, #4670, #2122, #4702, #6207 ),
 .UNSPECIFIED., .F., .T. ) 
 B_SPLINE_CURVE_WITH_KNOTS ( ( 3, 2, 2, 3 ),
 ( 0.1902983736696797490, 0.2022031355744416115, 0.2141078974792035849, 0.2260126593839654474 ),
 .UNSPECIFIED. ) 
 CURVE ( )  GEOMETRIC_REPRESENTATION_ITEM ( )  RATIONAL_B_SPLINE_CURVE ( ( 0.9999999999998809841, 0.8660254037845577235, 1.000000000000000000, 0.8660254037844387076, 1.000000000000000000, 0.8660254037843196917, 1.000000000000119016 ) ) 
 REPRESENTATION_ITEM ( '' )  );
#3662 = ORIENTED_EDGE ( 'NONE', *, *, #2379, .F. ) ;
#3663 = CARTESIAN_POINT ( 'NONE',  ( -0.8922005383792558364, 1.545336663013172851, -2.091666666666664565 ) ) ;
#3664 = CARTESIAN_POINT ( 'NONE',  ( 0.000000000000000000, -4.451814048259732527E-16, -0.3499999999999996447 ) ) ;
#3665 = CARTESIAN_POINT ( 'NONE',  ( 0.000000000000000000, 5.246303815928974609E-16, -9.500000000000000000 ) ) ;
#3666 = CARTESIAN_POINT ( 'NONE',  ( 1.338300807568884698, 0.7726683315065825397, -8.566666666666662877 ) ) ;
#3667 = CARTESIAN_POINT ( 'NONE',  ( 1.176575538379252661, -2.037888611415580975, 18.94270833333333570 ) ) ;
#3668 = CARTESIAN_POINT ( 'NONE',  ( 0.8922005383792477318, -1.545336663013172407, 19.35833333333333783 ) ) ;
#3669 = EDGE_LOOP ( 'NONE', ( #1728, #2635, #406 ) ) ;
#3670 = CARTESIAN_POINT ( 'NONE',  ( 1.338300807568884698, 0.7726683315065827617, -3.666666666666664298 ) ) ;
#3671 = ORIENTED_EDGE ( 'NONE', *, *, #112, .F. ) ;
#3672 = CARTESIAN_POINT ( 'NONE',  ( -1.176575538379256214, -2.037888611415580531, -6.342708333333335169 ) ) ;
#3673 = CIRCLE ( 'NONE', #1123, 2.939999999999999503 ) ;
#3674 = EDGE_LOOP ( 'NONE', ( #5407, #3359, #523, #5808 ) ) ;
#3675 = CARTESIAN_POINT ( 'NONE',  ( -0.09000270053111408819, 3.385130245852756126, 0.2570025121019687275 ) ) ;
#3676 = CARTESIAN_POINT ( 'NONE',  ( 3.000000000000000000, 1.437602170282163971, 19.77675886009239647 ) ) ;
#3677 = CARTESIAN_POINT ( 'NONE',  ( -2.449293598294711345E-16, -2.000000000000009326, -7.049999999999998046 ) ) ;
#3678 = CARTESIAN_POINT ( 'NONE',  ( -1.784401076758496574, -7.756815644250031206E-15, 13.43750000000000533 ) ) ;
#3679 = CARTESIAN_POINT ( 'NONE',  ( -8.104311360326167691E-14, 1.738027315355204383, -1.251249999999995977 ) ) ;
#3680 = CARTESIAN_POINT ( 'NONE',  ( 1.764863307568879547, -1.018944305707794928, 19.74479166666667140 ) ) ;
#3681 = CARTESIAN_POINT ( 'NONE',  ( 1.338300807568873374, 0.7726683315065732138, 11.13333333333333641 ) ) ;
#3682 = CARTESIAN_POINT ( 'NONE',  ( 1.732050807568875417, -1.000000000000005107, -3.345833333333329218 ) ) ;
#3683 = DIRECTION ( 'NONE',  ( 0.000000000000000000, 1.000000000000000000, 0.000000000000000000 ) ) ;
#3684 = CARTESIAN_POINT ( 'NONE',  ( 3.784983195928246554E-16, 1.545336663013156420, 12.56250000000006928 ) ) ;
#3685 = CARTESIAN_POINT ( 'NONE',  ( 1.732050807569014195, -1.000000000000088152, 13.37916666666676235 ) ) ;
#3686 = CYLINDRICAL_SURFACE ( 'NONE', #4931, 2.000000000000000000 ) ;
#3687 = CARTESIAN_POINT ( 'NONE',  ( -2.353151076758506655, -7.721989750899276899E-15, 10.30937500000000995 ) ) ;
#3688 = ADVANCED_FACE ( 'NONE', ( #2371 ), #4414, .T. ) ;
#3689 = CARTESIAN_POINT ( 'NONE',  ( 1.784401076758534765, -8.193867857659513152E-15, 15.97500000000002096 ) ) ;
#3690 = CARTESIAN_POINT ( 'NONE',  ( -1.176575538379256214, -2.037888611415580531, -3.586458333333330195 ) ) ;
#3691 = CARTESIAN_POINT ( 'NONE',  ( -1.894011007321621864, -0.5517649335269598776, 8.899999999999998579 ) ) ;
#3692 = CARTESIAN_POINT ( 'NONE',  ( 1.784401076758496574, -8.193867857659506841E-15, 15.88750000000000639 ) ) ;
#3693 = EDGE_CURVE ( 'NONE', #6033, #4896, #2213, .T. ) ;
#3694 = EDGE_LOOP ( 'NONE', ( #2199, #1973, #3426, #4880, #5612, #1298, #2621, #1377, #4245, #5200, #738, #6045, #2084, #237, #5302, #2967, #1535, #6341, #2998, #2976, #3201, #5643, #5645, #2127, #3222, #111, #5709, #1427, #643, #2131, #3475, #4382, #5776, #5714, #4514 ) ) ;
#3695 = CARTESIAN_POINT ( 'NONE',  ( 0.8922005383792568356, 1.545336663013172185, -3.608333333333331172 ) ) ;
#3696 = EDGE_CURVE ( 'NONE', #2298, #2095, #4546, .T. ) ;
#3697 = CARTESIAN_POINT ( 'NONE',  ( 0.000000000000000000, 1.999999999999999112, -5.299999999999998934 ) ) ;
#3698 = CARTESIAN_POINT ( 'NONE',  ( -2.449293598294712824E-16, -2.000000000000012879, 14.05000000000000249 ) ) ;
#3699 = CARTESIAN_POINT ( 'NONE',  ( 2.353151076758506655, -8.298345537711768183E-15, 19.75937500000000568 ) ) ;
#3700 = CARTESIAN_POINT ( 'NONE',  ( -1.892491597964123277E-16, -1.545336663013171963, 17.90000000000000213 ) ) ;
#3701 = ORIENTED_EDGE ( 'NONE', *, *, #6193, .T. ) ;
#3702 = CARTESIAN_POINT ( 'NONE',  ( 0.8922005383792568356, 1.545336663013171963, -5.708333333333330373 ) ) ;
#3703 = CARTESIAN_POINT ( 'NONE',  ( 0.000000000000000000, 2.037888611415571205, -5.234375000000000888 ) ) ;
#3704 = VERTEX_POINT ( 'NONE', #4465 ) ;
#3705 = CARTESIAN_POINT ( 'NONE',  ( 1.732050807568878303, 0.9999999999999906741, 10.69583333333333819 ) ) ;
#3706 = PRODUCT_DEFINITION_SHAPE ( 'NONE', 'NONE',  #1734 ) ;
#3707 = DIRECTION ( 'NONE',  ( -0.000000000000000000, 1.059903591714612962E-16, -1.000000000000000000 ) ) ;
#3708 = CARTESIAN_POINT ( 'NONE',  ( -2.449293598294711345E-16, -2.000000000000009326, -7.049999999999998046 ) ) ;
#3709 = CARTESIAN_POINT ( 'NONE',  ( 1.784401076758496574, -8.193867857659506841E-15, 13.08750000000000391 ) ) ;
#3710 = CARTESIAN_POINT ( 'NONE',  ( -1.732050807568881634, 0.9999999999999950040, 18.01666666666666572 ) ) ;
#3711 = CARTESIAN_POINT ( 'NONE',  ( 4.991387529977850254E-16, 2.037888611415564544, 18.57812500000000355 ) ) ;
#3712 = CARTESIAN_POINT ( 'NONE',  ( -1.338300807568872930, -0.7726683315065897562, 11.48333333333333606 ) ) ;
#3713 = CARTESIAN_POINT ( 'NONE',  ( 2.449293598294704442E-16, -1.999999999999997780, -9.500000000000000000 ) ) ;
#3714 = CARTESIAN_POINT ( 'NONE',  ( -0.8922005383792480648, 1.545336663013156642, 13.32083333333340391 ) ) ;
#3715 = CARTESIAN_POINT ( 'NONE',  ( 0.8922005383792682709, 1.545336663013189282, 18.89166666666669059 ) ) ;
#3716 = CARTESIAN_POINT ( 'NONE',  ( -9.698908343125953187E-13, 1.999999999999998224, -4.512499999999948663 ) ) ;
#3717 = CARTESIAN_POINT ( 'NONE',  ( -0.8922005383792488420, -1.545336663013171519, 11.54166666666667140 ) ) ;
#3718 = DIRECTION ( 'NONE',  ( 0.000000000000000000, 1.000000000000000000, 0.000000000000000000 ) ) ;
#3719 = CARTESIAN_POINT ( 'NONE',  ( 1.764863307568880879, 1.018944305707776943, 10.71770833333333961 ) ) ;
#3720 = CARTESIAN_POINT ( 'NONE',  ( -0.8922005383792679378, -1.545336663013204603, 13.64166666666668704 ) ) ;
#3721 = CARTESIAN_POINT ( 'NONE',  ( -1.176575538379256214, -2.037888611415580975, -6.386458333333330906 ) ) ;
#3722 = CARTESIAN_POINT ( 'NONE',  ( -0.7697173568994986059, -1.354815279638577952, -9.499999999999991118 ) ) ;
#3723 = CARTESIAN_POINT ( 'NONE',  ( -1.784401076758496574, -7.756815644250031206E-15, 17.63750000000000639 ) ) ;
#3724 = ORIENTED_EDGE ( 'NONE', *, *, #4632, .F. ) ;
#3725 = CARTESIAN_POINT ( 'NONE',  ( -1.338300807568884032, 0.7726683315065842050, -1.333333333333330373 ) ) ;
#3726 = EDGE_CURVE ( 'NONE', #4456, #5641, #1351, .T. ) ;
#3727 = CARTESIAN_POINT ( 'NONE',  ( -0.8922005383792559474, 1.545336663013172185, -8.391666666666663943 ) ) ;
#3728 = DIRECTION ( 'NONE',  ( 0.000000000000000000, 1.000000000000000000, 0.000000000000000000 ) ) ;
#3729 = CARTESIAN_POINT ( 'NONE',  ( 0.000000000000000000, 1.545336663013172185, -8.449999999999997513 ) ) ;
#3730 = CARTESIAN_POINT ( 'NONE',  ( 1.764863307568879547, -1.018944305707794928, 16.90104166666667140 ) ) ;
#3731 = CARTESIAN_POINT ( 'NONE',  ( 0.8922005383792491751, 1.545336663013155754, 20.29166666666666785 ) ) ;
#3732 = ORIENTED_EDGE ( 'NONE', *, *, #4145, .T. ) ;
#3733 = CARTESIAN_POINT ( 'NONE',  ( 1.784401076758511895, -5.353628436453578444E-15, -5.124999999999997335 ) ) ;
#3734 = CARTESIAN_POINT ( 'NONE',  ( 0.000000000000000000, 2.037888611415571205, -4.534375000000000711 ) ) ;
#3735 = ORIENTED_EDGE ( 'NONE', *, *, #5446, .F. ) ;
#3736 = DIRECTION ( 'NONE',  ( -2.503857664561933362E-16, -1.000000000000000000, 0.000000000000000000 ) ) ;
#3737 = CARTESIAN_POINT ( 'NONE',  ( -1.924551836570304264, -2.352961094224503391, 0.03492860593104520767 ) ) ;
#3738 = CARTESIAN_POINT ( 'NONE',  ( -1.732050807568880968, -1.000000000000006439, -7.166666666666666075 ) ) ;
#3739 = CARTESIAN_POINT ( 'NONE',  ( 1.338300807568872042, -0.7726683315065906443, 13.72916666666667318 ) ) ;
#3740 = CARTESIAN_POINT ( 'NONE',  ( -1.732050807568916717, -1.000000000000030198, 16.64583333333336768 ) ) ;
#3741 = CARTESIAN_POINT ( 'NONE',  ( 2.353151076758506655, -8.298345537711768183E-15, 15.60312500000000568 ) ) ;
#3742 = DIRECTION ( 'NONE',  ( -0.000000000000000000, 1.059903591714612962E-16, -1.000000000000000000 ) ) ;
#3743 = CARTESIAN_POINT ( 'NONE',  ( -1.784401076758496352, -7.756815644250031206E-15, 11.33750000000006963 ) ) ;
#3744 = CARTESIAN_POINT ( 'NONE',  ( 0.8922005383792670496, -1.545336663013205492, 18.65833333333335275 ) ) ;
#3745 = CARTESIAN_POINT ( 'NONE',  ( -1.154700538380024621, -2.000000000000466294, 19.50416666666717092 ) ) ;
#3746 = CARTESIAN_POINT ( 'NONE',  ( 3.784983195928246554E-16, 1.545336663013156420, 10.55000000000000426 ) ) ;
#3747 = CYLINDRICAL_SURFACE ( 'NONE', #3538, 1.999999999999998224 ) ;
#3748 = CARTESIAN_POINT ( 'NONE',  ( -0.8922005383792489530, -1.545336663013171741, 19.24166666666667425 ) ) ;
#3749 = CARTESIAN_POINT ( 'NONE',  ( -0.4590845683326083559, 3.199049016030116821, 19.83555496543125685 ) ) ;
#3750 =( BOUNDED_CURVE ( )  B_SPLINE_CURVE ( 2, ( #2467, #4010, #318, #2367, #3370, #870, #904 ),
 .UNSPECIFIED., .F., .T. ) 
 B_SPLINE_CURVE_WITH_KNOTS ( ( 3, 2, 2, 3 ),
 ( 0.8333333333333333703, 0.8425925925925925597, 0.8518518518518519711, 0.8611111111111112715 ),
 .UNSPECIFIED. ) 
 CURVE ( )  GEOMETRIC_REPRESENTATION_ITEM ( )  RATIONAL_B_SPLINE_CURVE ( ( 1.000000000000000000, 0.8660254037844387076, 1.000000000000000000, 0.8660254037844387076, 1.000000000000000000, 0.8660254037844371533, 1.000000000000001554 ) ) 
 REPRESENTATION_ITEM ( '' )  );
#3751 = CARTESIAN_POINT ( 'NONE',  ( -1.338300807568901352, 0.7726683315065909774, 11.36666666666669023 ) ) ;
#3752 = CARTESIAN_POINT ( 'NONE',  ( -0.8922005383792563915, -1.545336663013181733, -1.070833333333329973 ) ) ;
#3753 = CARTESIAN_POINT ( 'NONE',  ( -1.764863307568883100, 1.018944305707783160, -6.561458333333330728 ) ) ;
#3754 = CARTESIAN_POINT ( 'NONE',  ( -0.8922005383792559474, 1.545336663013172851, -3.491666666666664476 ) ) ;
#3755 = CARTESIAN_POINT ( 'NONE',  ( -2.449293598294699019E-16, -2.000000000000001776, 10.46250000000000391 ) ) ;
#3756 = CARTESIAN_POINT ( 'NONE',  ( 1.338300807568872042, -0.7726683315065906443, 17.92916666666667425 ) ) ;
#3757 = ORIENTED_EDGE ( 'NONE', *, *, #4757, .F. ) ;
#3758 = AXIS2_PLACEMENT_3D ( 'NONE', #1945, #3455, #6029 ) ;
#3759 = CARTESIAN_POINT ( 'NONE',  ( -1.784401076758511451, -5.061237626193379127E-15, -7.487499999999996270 ) ) ;
#3760 = CC_DESIGN_SECURITY_CLASSIFICATION ( #163, ( #1630 ) ) ;
#3761 = DIRECTION ( 'NONE',  ( 0.000000000000000000, 1.000000000000000000, 0.000000000000000000 ) ) ;
#3762 = CARTESIAN_POINT ( 'NONE',  ( 0.000000000000000000, 2.000000000000000444, -9.500000000000000000 ) ) ;
#3763 = CARTESIAN_POINT ( 'NONE',  ( 1.784401076758511895, -5.482216350364050665E-15, -7.224999999999996980 ) ) ;
#3764 = CARTESIAN_POINT ( 'NONE',  ( 1.764863307568880879, 1.018944305707776943, 16.31770833333333925 ) ) ;
#3765 = CARTESIAN_POINT ( 'NONE',  ( 0.8922005383792477318, -1.545336663013172407, 20.05833333333333712 ) ) ;
#3766 = VERTEX_POINT ( 'NONE', #890 ) ;
#3767 = ADVANCED_FACE ( 'NONE', ( #2952 ), #1484, .T. ) ;
#3768 = EDGE_CURVE ( 'NONE', #4776, #5072, #1026, .T. ) ;
#3769 = CARTESIAN_POINT ( 'NONE',  ( -1.338300807568884032, 0.7726683315065840940, -3.433333333333330906 ) ) ;
#3770 = CARTESIAN_POINT ( 'NONE',  ( 1.764863307568882655, -1.018944305707793596, -1.267708333333334325 ) ) ;
#3771 = ORIENTED_EDGE ( 'NONE', *, *, #3445, .F. ) ;
#3772 = CARTESIAN_POINT ( 'NONE',  ( -2.939999999999999503, -4.336808689942017736E-15, 0.000000000000000000 ) ) ;
#3773 = CARTESIAN_POINT ( 'NONE',  ( -1.732050807568881856, -1.000000000000009992, 11.83333333333333393 ) ) ;
#3774 = CARTESIAN_POINT ( 'NONE',  ( -2.744999999989667483, -1.879275126218200143, 0.2232411399046287104 ) ) ;
#3775 = B_SPLINE_CURVE_WITH_KNOTS ( 'NONE', 3,
 ( #1891, #3934, #5966, #1394, #3428, #895, #5002, #2587 ),
 .UNSPECIFIED., .F., .F.,
 ( 4, 2, 2, 4 ),
 ( 0.000000000000000000, 0.0006140286881691656108, 0.0009210430322537483620, 0.001228057376338331222 ),
 .UNSPECIFIED. ) ;
#3776 = CARTESIAN_POINT ( 'NONE',  ( -1.338300807568872708, -0.7726683315065896451, 12.79583333333333961 ) ) ;
#3777 = CARTESIAN_POINT ( 'NONE',  ( -2.449293598294712824E-16, -2.000000000000012879, 14.75000000000000000 ) ) ;
#3778 = CARTESIAN_POINT ( 'NONE',  ( 1.176575538379252661, -2.037888611415580975, 18.98645833333333854 ) ) ;
#3779 = EDGE_CURVE ( 'NONE', #765, #3506, #5325, .T. ) ;
#3780 = CARTESIAN_POINT ( 'NONE',  ( 0.6623378907445321984, 3.081700655621908425, 19.89411159150289876 ) ) ;
#3781 = CARTESIAN_POINT ( 'NONE',  ( 1.338300807568873152, 0.7726683315065731028, 13.14583333333340143 ) ) ;
#3782 = CARTESIAN_POINT ( 'NONE',  ( 0.1787884599640507943, -3.360878049649515198, 19.75480256142365931 ) ) ;
#3783 = EDGE_CURVE ( 'NONE', #2610, #6546, #1746, .T. ) ;
#3784 = CARTESIAN_POINT ( 'NONE',  ( -0.8922005383792481759, 1.545336663013156420, 9.908333333333336768 ) ) ;
#3785 = DIRECTION ( 'NONE',  ( -0.000000000000000000, 1.059903591714612962E-16, -1.000000000000000000 ) ) ;
#3786 = CARTESIAN_POINT ( 'NONE',  ( 1.338300807568873374, 0.7726683315065732138, 20.93333333333333712 ) ) ;
#3787 = CARTESIAN_POINT ( 'NONE',  ( 3.000000000000000000, -1.732050807568879192, -9.165151389911683211 ) ) ;
#3788 = CARTESIAN_POINT ( 'NONE',  ( -0.8922005383792672717, 1.545336663013189504, 10.60833333333335737 ) ) ;
#3789 = CARTESIAN_POINT ( 'NONE',  ( 0.8922005383792552813, -1.545336663013182621, -3.754166666666663321 ) ) ;
#3790 = CARTESIAN_POINT ( 'NONE',  ( 1.176575538379256658, 2.037888611415570317, -0.4364583333333303949 ) ) ;
#3791 = CARTESIAN_POINT ( 'NONE',  ( -2.449293598294712824E-16, -2.000000000000012879, 10.55000000000000249 ) ) ;
#3792 = CARTESIAN_POINT ( 'NONE',  ( -2.821211540037493304, 1.835274373056227315, 0.2451974385767868303 ) ) ;
#3793 = CARTESIAN_POINT ( 'NONE',  ( -1.892491597964123277E-16, -1.545336663013171963, 12.91250000000000675 ) ) ;
#3794 =( BOUNDED_CURVE ( )  B_SPLINE_CURVE ( 2, ( #4921, #954, #6421, #3955, #6025, #3923, #5924 ),
 .UNSPECIFIED., .F., .F. ) 
 B_SPLINE_CURVE_WITH_KNOTS ( ( 3, 2, 2, 3 ),
 ( 0.1081545406885862232, 0.1102451089172574866, 0.1123356771459287640, 0.1144262453746000274 ),
 .UNSPECIFIED. ) 
 CURVE ( )  GEOMETRIC_REPRESENTATION_ITEM ( )  RATIONAL_B_SPLINE_CURVE ( ( 1.000000000000000000, 0.8660254037844387076, 1.000000000000000000, 0.8660254037844387076, 1.000000000000000000, 0.8660254037846610853, 0.9999999999997776223 ) ) 
 REPRESENTATION_ITEM ( '' )  );
#3795 = ORIENTED_EDGE ( 'NONE', *, *, #164, .T. ) ;
#3796 = CARTESIAN_POINT ( 'NONE',  ( -1.338300807568883588, 0.7726683315065834279, -8.945833333333329307 ) ) ;
#3797 = ORIENTED_EDGE ( 'NONE', *, *, #5887, .T. ) ;
#3798 = CARTESIAN_POINT ( 'NONE',  ( 2.309401076758506921, -8.290308793092364557E-15, 11.33750000000000746 ) ) ;
#3799 = CARTESIAN_POINT ( 'NONE',  ( -1.338300807568883810, 0.7726683315065840940, -1.245833333333329795 ) ) ;
#3800 = CARTESIAN_POINT ( 'NONE',  ( 1.338300807568884698, 0.7726683315065826507, -6.466666666666664121 ) ) ;
#3801 = CARTESIAN_POINT ( 'NONE',  ( -1.764863307568879991, 1.018944305707778719, 19.35104166666667425 ) ) ;
#3802 = CARTESIAN_POINT ( 'NONE',  ( -1.338300807568872708, -0.7726683315065896451, 17.78333333333333854 ) ) ;
#3803 = ORIENTED_EDGE ( 'NONE', *, *, #4594, .T. ) ;
#3804 = CARTESIAN_POINT ( 'NONE',  ( -0.8922005383792558364, 1.545336663013172407, -5.591666666666663232 ) ) ;
#3805 = CARTESIAN_POINT ( 'NONE',  ( -1.176575538379255104, 2.037888611415571205, -2.376041666666667496 ) ) ;
#3806 = ORIENTED_EDGE ( 'NONE', *, *, #4468, .F. ) ;
#3807 = ADVANCED_FACE ( 'NONE', ( #2423 ), #2891, .F. ) ;
#3808 = CARTESIAN_POINT ( 'NONE',  ( 0.1787884599640505168, 3.360878049649511201, 0.2451974385763438791 ) ) ;
#3809 = CARTESIAN_POINT ( 'NONE',  ( 4.898587196589425648E-16, 1.999999999999997335, 11.60000000000000142 ) ) ;
#3810 = CYLINDRICAL_SURFACE ( 'NONE', #3916, 1.545336663013172629 ) ;
#3811 = CARTESIAN_POINT ( 'NONE',  ( 1.338300807568873152, 0.7726683315065731028, 11.74583333333333890 ) ) ;
#3812 = CARTESIAN_POINT ( 'NONE',  ( -1.154700538379259234, -2.000000000000005773, 18.19166666666666998 ) ) ;
#3813 = CARTESIAN_POINT ( 'NONE',  ( -2.353151076758506655, -7.721989750899276899E-15, 15.95312500000000178 ) ) ;
#3814 = CARTESIAN_POINT ( 'NONE',  ( 4.898587196589425648E-16, 1.999999999999997335, 17.19999999999999929 ) ) ;
#3815 = CARTESIAN_POINT ( 'NONE',  ( -0.8922005383792488420, -1.545336663013171519, 10.75416666666673393 ) ) ;
#3816 = CARTESIAN_POINT ( 'NONE',  ( -1.338300807568901352, 0.7726683315065909774, 18.36666666666668846 ) ) ;
#3817 = CYLINDRICAL_SURFACE ( 'NONE', #4725, 1.545336663013172629 ) ;
#3818 = EDGE_CURVE ( 'NONE', #5961, #3911, #4143, .T. ) ;
#3819 = CARTESIAN_POINT ( 'NONE',  ( -1.784401076758496574, -7.756815644250031206E-15, 11.42500000000000249 ) ) ;
#3820 = CARTESIAN_POINT ( 'NONE',  ( -1.154700538379264341, 2.000000000000018208, -2.354166666666675845 ) ) ;
#3821 = CARTESIAN_POINT ( 'NONE',  ( -0.8922005383792489530, -1.545336663013171741, 19.94166666666666998 ) ) ;
#3822 = CARTESIAN_POINT ( 'NONE',  ( 1.708303692459371526, 2.477812018438702690, 19.96550142914380643 ) ) ;
#3823 = CARTESIAN_POINT ( 'NONE',  ( -1.338300807568901352, 0.7726683315065909774, 13.46666666666668988 ) ) ;
#3824 = CARTESIAN_POINT ( 'NONE',  ( 1.338300807568884476, 0.7726683315065827617, -2.879166666666663765 ) ) ;
#3825 = CARTESIAN_POINT ( 'NONE',  ( 2.309401076758507365, -5.385775414931196104E-15, -4.074999999999998401 ) ) ;
#3826 = DIRECTION ( 'NONE',  ( -0.000000000000000000, 1.059903591714612962E-16, -1.000000000000000000 ) ) ;
#3827 = DIRECTION ( 'NONE',  ( -0.000000000000000000, 1.059903591714612962E-16, -1.000000000000000000 ) ) ;
#3828 = CARTESIAN_POINT ( 'NONE',  ( 1.338300807568873152, 0.7726683315065731028, 13.84583333333333854 ) ) ;
#3829 = EDGE_CURVE ( 'NONE', #2856, #5397, #6565, .T. ) ;
#3830 = CARTESIAN_POINT ( 'NONE',  ( -1.892491597964139547E-16, -1.545336663013182177, -4.512499999999996625 ) ) ;
#3831 = EDGE_LOOP ( 'NONE', ( #3757, #2500, #4943, #2602 ) ) ;
#3832 = CARTESIAN_POINT ( 'NONE',  ( 0.000000000000000000, 1.545336663013172407, -6.349999999999997868 ) ) ;
#3833 = CYLINDRICAL_SURFACE ( 'NONE', #6539, 0.5100000000000000089 ) ;
#3834 = CARTESIAN_POINT ( 'NONE',  ( -2.495693764988925127E-16, -2.037888611415580531, 13.98437500000000711 ) ) ;
#3835 = CARTESIAN_POINT ( 'NONE',  ( 1.784401076758496574, -8.193867857659506841E-15, 17.37500000000000355 ) ) ;
#3836 = EDGE_LOOP ( 'NONE', ( #1950, #3055, #1457, #882 ) ) ;
#3837 =( BOUNDED_CURVE ( )  B_SPLINE_CURVE ( 2, ( #1874, #3882, #4821, #876, #1378, #5380, #4416 ),
 .UNSPECIFIED., .F., .T. ) 
 B_SPLINE_CURVE_WITH_KNOTS ( ( 3, 2, 2, 3 ),
 ( 0.07680054385886336821, 0.07889053221365072144, 0.08098052056843804691, 0.08307050892322538627 ),
 .UNSPECIFIED. ) 
 CURVE ( )  GEOMETRIC_REPRESENTATION_ITEM ( )  RATIONAL_B_SPLINE_CURVE ( ( 0.9999999999997678524, 0.8660254037846709663, 1.000000000000000000, 0.8660254037844388186, 1.000000000000000000, 0.8660254037864203447, 0.9999999999980184739 ) ) 
 REPRESENTATION_ITEM ( '' )  );
#3838 = CARTESIAN_POINT ( 'NONE',  ( 1.338300807568884698, 0.7726683315065828728, -2.266666666666664387 ) ) ;
#3839 = CARTESIAN_POINT ( 'NONE',  ( -1.764863307568883322, -1.018944305707792486, -2.201041666666667229 ) ) ;
#3840 = CARTESIAN_POINT ( 'NONE',  ( -1.154700538379247021, -2.000000000000026645, 16.79166666666666785 ) ) ;
#3841 = CARTESIAN_POINT ( 'NONE',  ( 0.8922005383792567246, 1.545336663013171963, -7.020833333333330373 ) ) ;
#3842 = CARTESIAN_POINT ( 'NONE',  ( -1.732050807568880968, -1.000000000000006661, -8.566666666666664653 ) ) ;
#3843 = CARTESIAN_POINT ( 'NONE',  ( -1.892491597964123277E-16, -1.545336663013171963, 8.712500000000007461 ) ) ;
#3844 = CARTESIAN_POINT ( 'NONE',  ( 4.898587196589425648E-16, 1.999999999999997335, 12.30000000000000249 ) ) ;
#3845 = CARTESIAN_POINT ( 'NONE',  ( -2.495693764988925127E-16, -2.037888611415580531, 16.12812500000000426 ) ) ;
#3846 = CARTESIAN_POINT ( 'NONE',  ( -1.338300807568872486, 0.7726683315065743241, 9.879166666666735708 ) ) ;
#3847 = DIRECTION ( 'NONE',  ( -0.000000000000000000, 0.000000000000000000, 1.000000000000000000 ) ) ;
#3848 = CARTESIAN_POINT ( 'NONE',  ( -1.082708096908984619, -1.102637102105873623, -9.500000000000001776 ) ) ;
#3849 = CARTESIAN_POINT ( 'NONE',  ( -1.338300807568872486, 0.7726683315065743241, 12.76666666666666927 ) ) ;
#3850 = DIRECTION ( 'NONE',  ( -0.000000000000000000, 1.059903591714612962E-16, -1.000000000000000000 ) ) ;
#3851 = CARTESIAN_POINT ( 'NONE',  ( -1.892491597964123770E-16, -1.545336663013172185, 20.70000000000000284 ) ) ;
#3852 = CARTESIAN_POINT ( 'NONE',  ( -1.154700538378932828, -2.000000000000561773, 12.50416666666670373 ) ) ;
#3853 = CARTESIAN_POINT ( 'NONE',  ( -1.784401076758534765, -7.756815644250028050E-15, 12.12500000000002132 ) ) ;
#3854 = EDGE_CURVE ( 'NONE', #5540, #5811, #5657, .T. ) ;
#3855 = CARTESIAN_POINT ( 'NONE',  ( 1.338300807568883366, -0.7726683315065941970, -2.995833333333330462 ) ) ;
#3856 = CARTESIAN_POINT ( 'NONE',  ( 0.000000000000000000, -3.336265517980108137E-16, -1.402499999999995861 ) ) ;
#3857 = CYLINDRICAL_SURFACE ( 'NONE', #2955, 2.000000000000000000 ) ;
#3858 = CARTESIAN_POINT ( 'NONE',  ( 3.784983195928246554E-16, 1.545336663013156420, 13.26250000000000639 ) ) ;
#3859 = PERSON ( 'UNSPECIFIED', 'UNSPECIFIED', 'UNSPECIFIED', ('UNSPECIFIED'), ('UNSPECIFIED'), ('UNSPECIFIED') ) ;
#3860 = CARTESIAN_POINT ( 'NONE',  ( -1.338300807568883810, -0.7726683315065930868, -2.529166666666664121 ) ) ;
#3861 = VERTEX_POINT ( 'NONE', #4726 ) ;
#3862 = VECTOR ( 'NONE', #166, 1000.000000000000114 ) ;
#3863 = CARTESIAN_POINT ( 'NONE',  ( -1.338300807568884032, -0.7726683315065935309, -6.116666666666664476 ) ) ;
#3864 = CARTESIAN_POINT ( 'NONE',  ( 0.000000000000000000, 2.000000000000000444, -9.500000000000000000 ) ) ;
#3865 = AXIS2_PLACEMENT_3D ( 'NONE', #2112, #4692, #4128 ) ;
#3866 = CARTESIAN_POINT ( 'NONE',  ( 1.764863307568879547, -1.018944305707794928, 15.50104166666667282 ) ) ;
#3867 = ORIENTED_EDGE ( 'NONE', *, *, #2793, .F. ) ;
#3868 =( BOUNDED_CURVE ( )  B_SPLINE_CURVE ( 2, ( #684, #3616, #59, #1578, #6223, #2706, #1118 ),
 .UNSPECIFIED., .F., .F. ) 
 B_SPLINE_CURVE_WITH_KNOTS ( ( 3, 2, 2, 3 ),
 ( 0.6111111111111112715, 0.6203703703703704608, 0.6296296296296296502, 0.6388888888888888395 ),
 .UNSPECIFIED. ) 
 CURVE ( )  GEOMETRIC_REPRESENTATION_ITEM ( )  RATIONAL_B_SPLINE_CURVE ( ( 0.9999999999999984457, 0.8660254037844402619, 1.000000000000000000, 0.8660254037844387076, 1.000000000000000000, 0.8660254037844387076, 1.000000000000000000 ) ) 
 REPRESENTATION_ITEM ( '' )  );
#3869 = CARTESIAN_POINT ( 'NONE',  ( -1.338300807568884032, 0.7726683315065842050, -1.333333333333330373 ) ) ;
#3870 = CARTESIAN_POINT ( 'NONE',  ( 1.764863307568882655, -1.018944305707793818, -2.667708333333334458 ) ) ;
#3871 = AXIS2_PLACEMENT_3D ( 'NONE', #1006, #3033, #943 ) ;
#3872 = CARTESIAN_POINT ( 'NONE',  ( 0.000000000000000000, 1.999999999999998224, -5.912499999999999645 ) ) ;
#3873 = CARTESIAN_POINT ( 'NONE',  ( 1.784401076758511895, -5.433995882647623385E-15, -6.437499999999998224 ) ) ;
#3874 = LINE ( 'NONE', #5372, #3387 ) ;
#3875 = CARTESIAN_POINT ( 'NONE',  ( -1.892491597964123277E-16, -1.545336663013171963, 10.81250000000000533 ) ) ;
#3876 = LINE ( 'NONE', #5911, #6318 ) ;
#3877 = CARTESIAN_POINT ( 'NONE',  ( -1.764863307568880213, -1.018944305707793596, 15.31145833333333606 ) ) ;
#3878 = ORIENTED_EDGE ( 'NONE', *, *, #1525, .T. ) ;
#3879 = APPROVAL_PERSON_ORGANIZATION ( #6542, #5698, #3599 ) ;
#3880 = CARTESIAN_POINT ( 'NONE',  ( 0.000000000000000000, 1.999999999999998668, -9.500000000000000000 ) ) ;
#3881 = ORIENTED_EDGE ( 'NONE', *, *, #5932, .T. ) ;
#3882 = CARTESIAN_POINT ( 'NONE',  ( 1.154700538380406760, 1.999999999997988942, 15.65416666666655665 ) ) ;
#3883 = CARTESIAN_POINT ( 'NONE',  ( -0.8922005383792488420, -1.545336663013171519, 19.15416666666667211 ) ) ;
#3884 = FACE_OUTER_BOUND ( 'NONE', #543, .T. ) ;
#3885 = CARTESIAN_POINT ( 'NONE',  ( -1.338300807568872930, -0.7726683315065897562, 19.88333333333333641 ) ) ;
#3886 = CARTESIAN_POINT ( 'NONE',  ( -2.449293598294711345E-16, -2.000000000000008882, -2.149999999999998579 ) ) ;
#3887 = CARTESIAN_POINT ( 'NONE',  ( 0.8922005383792682709, 1.545336663013189282, 9.091666666666688101 ) ) ;
#3888 = CARTESIAN_POINT ( 'NONE',  ( 0.000000000000000000, 2.000000000000000444, -9.500000000000000000 ) ) ;
#3889 = CARTESIAN_POINT ( 'NONE',  ( 1.764863307568882655, -1.018944305707793596, -2.011458333333330462 ) ) ;
#3890 = CARTESIAN_POINT ( 'NONE',  ( -0.8922005383792565025, -1.545336663013182177, -3.958333333333331705 ) ) ;
#3891 = CARTESIAN_POINT ( 'NONE',  ( 1.444439832553160219, 0.8910901604697514244, 19.36328043228933993 ) ) ;
#3892 = ADVANCED_FACE ( 'NONE', ( #129 ), #6165, .T. ) ;
#3893 = CARTESIAN_POINT ( 'NONE',  ( 1.338300807568872042, -0.7726683315065906443, 10.92916666666667425 ) ) ;
#3894 = CARTESIAN_POINT ( 'NONE',  ( 0.000000000000000000, 5.246303815928974609E-16, -9.500000000000000000 ) ) ;
#3895 = CARTESIAN_POINT ( 'NONE',  ( 1.784401076758511451, -5.176820054826680520E-15, -2.237499999999997158 ) ) ;
#3896 = EDGE_LOOP ( 'NONE', ( #4645, #5126, #2192, #2329 ) ) ;
#3897 = EDGE_CURVE ( 'NONE', #3704, #612, #5591, .T. ) ;
#3898 = CARTESIAN_POINT ( 'NONE',  ( -1.784401076758511895, -4.980870179999334186E-15, -6.174999999999998934 ) ) ;
#3899 = CARTESIAN_POINT ( 'NONE',  ( 3.000000000000000000, 1.437602170282164860, 0.2232411399076062730 ) ) ;
#3900 = CARTESIAN_POINT ( 'NONE',  ( -1.176575538379254215, -2.037888611415580087, 15.32604166666667211 ) ) ;
#3901 = ORIENTED_EDGE ( 'NONE', *, *, #320, .T. ) ;
#3902 = CARTESIAN_POINT ( 'NONE',  ( 1.338300807568883588, -0.7726683315065941970, -0.9833333333333308390 ) ) ;
#3903 = EDGE_CURVE ( 'NONE', #4765, #3536, #2852, .T. ) ;
#3904 = CARTESIAN_POINT ( 'NONE',  ( 1.338300807568883588, -0.7726683315065945301, -6.583333333333330373 ) ) ;
#3905 = CARTESIAN_POINT ( 'NONE',  ( -2.449293598294712824E-16, -2.000000000000012879, 9.850000000000001421 ) ) ;
#3906 = CARTESIAN_POINT ( 'NONE',  ( 1.338300807568883366, -0.7726683315065946411, -9.295833333333328952 ) ) ;
#3907 = CARTESIAN_POINT ( 'NONE',  ( -8.969070611497017880E-12, -2.000000000000001776, 9.762499999999548095 ) ) ;
#3908 = CARTESIAN_POINT ( 'NONE',  ( -1.892491597964123277E-16, -1.545336663013171963, 9.412500000000006750 ) ) ;
#3909 = CARTESIAN_POINT ( 'NONE',  ( 1.663165863718943704, 0.8066355147486053978, -1.313260626816150189 ) ) ;
#3910 = CARTESIAN_POINT ( 'NONE',  ( -1.176575538379253105, 2.037888611415564544, 15.13645833333333535 ) ) ;
#3911 = VERTEX_POINT ( 'NONE', #1648 ) ;
#3912 = CARTESIAN_POINT ( 'NONE',  ( -2.821191041355402440, -1.835286207975855399, 0.2451915329696691681 ) ) ;
#3913 = CARTESIAN_POINT ( 'NONE',  ( -4.820656402363605614E-14, -2.000000000000001776, 12.56250000000000000 ) ) ;
#3914 = ORIENTED_EDGE ( 'NONE', *, *, #2461, .T. ) ;
#3915 = CARTESIAN_POINT ( 'NONE',  ( -0.1788089586445383572, -3.360866214730815482, 19.75480846703031901 ) ) ;
#3916 = AXIS2_PLACEMENT_3D ( 'NONE', #4348, #2798, #289 ) ;
#3917 = CARTESIAN_POINT ( 'NONE',  ( 0.8922005383792477318, -1.545336663013172407, 8.858333333333336057 ) ) ;
#3918 = CARTESIAN_POINT ( 'NONE',  ( 1.732050807568882522, 0.9999999999999933387, 11.48333333333333428 ) ) ;
#3919 = CARTESIAN_POINT ( 'NONE',  ( -1.892491597964123770E-16, -1.545336663013172185, 15.10000000000000142 ) ) ;
#3920 = ORIENTED_EDGE ( 'NONE', *, *, #2991, .T. ) ;
#3921 = CARTESIAN_POINT ( 'NONE',  ( -2.449293598294700005E-16, -1.999999999999999112, -2.762499999999993516 ) ) ;
#3922 = CARTESIAN_POINT ( 'NONE',  ( 1.784401076758496352, -8.193867857659506841E-15, 18.68750000000006750 ) ) ;
#3923 = CARTESIAN_POINT ( 'NONE',  ( -1.154700538380446728, -1.999999999998239186, -2.820833333333529591 ) ) ;
#3924 = CARTESIAN_POINT ( 'NONE',  ( -1.176575538379255104, 2.037888611415571205, -2.419791666666663676 ) ) ;
#3925 = AXIS2_PLACEMENT_3D ( 'NONE', #4763, #271, #6293 ) ;
#3926 = CARTESIAN_POINT ( 'NONE',  ( -1.154700538387297026, 1.999999999986056265, 17.87083333333415069 ) ) ;
#3927 = CARTESIAN_POINT ( 'NONE',  ( -1.338300807568883588, 0.7726683315065834279, -9.645833333333330373 ) ) ;
#3928 = CARTESIAN_POINT ( 'NONE',  ( -0.8922005383792488420, -1.545336663013171519, 14.25416666666667354 ) ) ;
#3929 = ORIENTED_EDGE ( 'NONE', *, *, #3693, .T. ) ;
#3930 = CARTESIAN_POINT ( 'NONE',  ( -1.732050807568881856, -1.000000000000009992, 16.03333333333333854 ) ) ;
#3931 = CARTESIAN_POINT ( 'NONE',  ( -1.892491597964139547E-16, -1.545336663013181955, -2.412499999999996980 ) ) ;
#3932 = ORIENTED_EDGE ( 'NONE', *, *, #2499, .T. ) ;
#3933 = CARTESIAN_POINT ( 'NONE',  ( 1.784401076758511895, -5.353628436453578444E-15, -5.124999999999997335 ) ) ;
#3934 = CARTESIAN_POINT ( 'NONE',  ( 1.328898730722867683, -0.8149362560668751421, 8.900000000000002132 ) ) ;
#3935 = CARTESIAN_POINT ( 'NONE',  ( -1.764863307568880213, -1.018944305707793596, 15.26770833333334210 ) ) ;
#3936 = CARTESIAN_POINT ( 'NONE',  ( 1.784401076758511673, -5.519721158587938462E-15, -7.837499999999997691 ) ) ;
#3937 = EDGE_CURVE ( 'NONE', #1663, #941, #1454, .T. ) ;
#3938 = CARTESIAN_POINT ( 'NONE',  ( -0.8922005383792565025, -1.545336663013182177, -7.458333333333330373 ) ) ;
#3939 = CARTESIAN_POINT ( 'NONE',  ( -1.732050807568878525, 0.9999999999999931166, 18.62916666666667354 ) ) ;
#3940 = CARTESIAN_POINT ( 'NONE',  ( 1.338300807568883366, -0.7726683315065944191, -6.495833333333330017 ) ) ;
#3941 = DIRECTION ( 'NONE',  ( -0.000000000000000000, 0.000000000000000000, 1.000000000000000000 ) ) ;
#3942 = CARTESIAN_POINT ( 'NONE',  ( -1.784401076758496574, -7.756815644250031206E-15, 10.63750000000000639 ) ) ;
#3943 = CARTESIAN_POINT ( 'NONE',  ( -2.309401076758507365, -4.755841330656008193E-15, -3.024999999999999023 ) ) ;
#3944 = CARTESIAN_POINT ( 'NONE',  ( -2.495693764988925127E-16, -2.037888611415580531, 14.72812500000000213 ) ) ;
#3945 = ORIENTED_EDGE ( 'NONE', *, *, #4018, .T. ) ;
#3946 = CARTESIAN_POINT ( 'NONE',  ( 0.8922005383792491751, 1.545336663013156198, 10.40416666666673429 ) ) ;
#3947 = VERTEX_POINT ( 'NONE', #1089 ) ;
#3948 = CARTESIAN_POINT ( 'NONE',  ( 1.176575538379256658, 2.037888611415570317, -9.492708333333332860 ) ) ;
#3949 = CARTESIAN_POINT ( 'NONE',  ( 1.784401076758496574, -8.193867857659506841E-15, 19.38750000000000639 ) ) ;
#3950 = CARTESIAN_POINT ( 'NONE',  ( -1.154700538370042828, 2.000000000015946799, -7.954166666667594754 ) ) ;
#3951 = CARTESIAN_POINT ( 'NONE',  ( -0.8922005383792489530, -1.545336663013171741, 15.04166666666666963 ) ) ;
#3952 = ORIENTED_EDGE ( 'NONE', *, *, #3726, .T. ) ;
#3953 = DIRECTION ( 'NONE',  ( -0.000000000000000000, 1.059903591714612962E-16, -1.000000000000000000 ) ) ;
#3954 = CARTESIAN_POINT ( 'NONE',  ( -1.338300807568872486, 0.7726683315065743241, 18.27916666666673606 ) ) ;
#3955 = CARTESIAN_POINT ( 'NONE',  ( -2.309401076758678339, -4.750483500909732535E-15, -2.937500000000083933 ) ) ;
#3956 = CARTESIAN_POINT ( 'NONE',  ( 0.000000000000000000, -3.336265517980108137E-16, -1.402499999999995861 ) ) ;
#3957 = CARTESIAN_POINT ( 'NONE',  ( 1.732050807568881190, -1.000000000000011324, 13.46666666666666856 ) ) ;
#3958 = CARTESIAN_POINT ( 'NONE',  ( 1.784401076758511451, -5.605446434528253539E-15, -9.237499999999998934 ) ) ;
#3959 = CARTESIAN_POINT ( 'NONE',  ( 0.8922005383792477318, -1.545336663013172407, 10.17083333333333961 ) ) ;
#3960 = DIRECTION ( 'NONE',  ( -0.000000000000000000, -0.000000000000000000, 1.000000000000000000 ) ) ;
#3961 = CARTESIAN_POINT ( 'NONE',  ( -0.8922005383792555033, 1.545336663013172407, -4.104166666666664298 ) ) ;
#3962 = VERTEX_POINT ( 'NONE', #5218 ) ;
#3963 = CARTESIAN_POINT ( 'NONE',  ( 0.000000000000000000, 1.545336663013172629, -4.249999999999997335 ) ) ;
#3964 = CARTESIAN_POINT ( 'NONE',  ( 3.000000000000000444, 0.9677187569347971419, 0.1175249093460911248 ) ) ;
#3965 = CARTESIAN_POINT ( 'NONE',  ( 1.176575538379254660, 2.037888611415564100, 14.97604166666667425 ) ) ;
#3966 = CARTESIAN_POINT ( 'NONE',  ( 0.8922005383792567246, 1.545336663013172185, -4.220833333333329662 ) ) ;
#3967 =( BOUNDED_CURVE ( )  B_SPLINE_CURVE ( 2, ( #947, #3509, #2068, #5581, #4552, #5545, #6049 ),
 .UNSPECIFIED., .F., .F. ) 
 B_SPLINE_CURVE_WITH_KNOTS ( ( 3, 2, 2, 3 ),
 ( 0.5833333333333334814, 0.5925925925925926707, 0.6018518518518519711, 0.6111111111111112715 ),
 .UNSPECIFIED. ) 
 CURVE ( )  GEOMETRIC_REPRESENTATION_ITEM ( )  RATIONAL_B_SPLINE_CURVE ( ( 0.9999999999999984457, 0.8660254037844402619, 1.000000000000000000, 0.8660254037844387076, 1.000000000000000000, 0.8660254037844371533, 1.000000000000001554 ) ) 
 REPRESENTATION_ITEM ( '' )  );
#3968 = CARTESIAN_POINT ( 'NONE',  ( -1.338300807568884032, 0.7726683315065838720, -5.533333333333331439 ) ) ;
#3969 = CIRCLE ( 'NONE', #5461, 0.3499999999999995337 ) ;
#3970 = CARTESIAN_POINT ( 'NONE',  ( -1.732050807568881856, -1.000000000000009992, 16.73333333333333428 ) ) ;
#3971 = CARTESIAN_POINT ( 'NONE',  ( 0.8922005383792552813, -1.545336663013182843, -7.954166666666663055 ) ) ;
#3972 = CARTESIAN_POINT ( 'NONE',  ( -1.732050807568880746, 0.9999999999999974465, -1.683333333333332460 ) ) ;
#3973 = CARTESIAN_POINT ( 'NONE',  ( -1.338300807568872708, -0.7726683315065896451, 8.595833333333338544 ) ) ;
#3974 = CARTESIAN_POINT ( 'NONE',  ( 1.101535893535399380, 1.429988869096786352, -1.288163206645869252 ) ) ;
#3975 = CARTESIAN_POINT ( 'NONE',  ( -2.495693764988925127E-16, -2.037888611415580531, 13.32812500000000355 ) ) ;
#3976 = EDGE_CURVE ( 'NONE', #3155, #1076, #2535, .T. ) ;
#3977 = VERTEX_POINT ( 'NONE', #6128 ) ;
#3978 = B_SPLINE_CURVE_WITH_KNOTS ( 'NONE', 3,
 ( #6394, #4298, #6327, #3291, #3792, #5830 ),
 .UNSPECIFIED., .F., .F.,
 ( 4, 2, 4 ),
 ( 5.796427113522436169E-18, 0.0002683679863481739140, 0.0005367359726963419732 ),
 .UNSPECIFIED. ) ;
#3979 = CARTESIAN_POINT ( 'NONE',  ( -1.338300807568872708, -0.7726683315065896451, 9.295833333333401782 ) ) ;
#3980 = LINE ( 'NONE', #4518, #6005 ) ;
#3981 = ORIENTED_EDGE ( 'NONE', *, *, #1165, .T. ) ;
#3982 = CARTESIAN_POINT ( 'NONE',  ( -1.176575538379256214, -2.037888611415580975, -7.742708333333333748 ) ) ;
#3983 = CARTESIAN_POINT ( 'NONE',  ( -1.280397320951526252, 0.8729601122632025811, 8.559095042932508335 ) ) ;
#3984 = CONICAL_SURFACE ( 'NONE', #2802, 2.939999999999999503, 1.047197551196600074 ) ;
#3985 = CARTESIAN_POINT ( 'NONE',  ( -2.449293598294698033E-16, -2.000000000000000888, 14.66250000000000142 ) ) ;
#3986 = EDGE_CURVE ( 'NONE', #3504, #4076, #853, .T. ) ;
#3987 = CARTESIAN_POINT ( 'NONE',  ( 1.338300807568873374, 0.7726683315065732138, 14.63333333333333641 ) ) ;
#3988 = VERTEX_POINT ( 'NONE', #4162 ) ;
#3989 = CARTESIAN_POINT ( 'NONE',  ( 1.154700538380792230, -1.999999999999922728, 16.12083333333416135 ) ) ;
#3990 = CARTESIAN_POINT ( 'NONE',  ( 2.449293598294706414E-16, -1.999999999999999556, -9.500000000000000000 ) ) ;
#3991 = CARTESIAN_POINT ( 'NONE',  ( 1.732050807568880524, 0.9999999999999947820, -3.929166666666664920 ) ) ;
#3992 = LINE ( 'NONE', #3485, #157 ) ;
#3993 = ADVANCED_FACE ( 'NONE', ( #3149 ), #5999, .F. ) ;
#3994 = DIRECTION ( 'NONE',  ( -0.5000000000000004441, 0.8660254037844384856, 0.000000000000000000 ) ) ;
#3995 = CARTESIAN_POINT ( 'NONE',  ( -1.208174814593002244, 0.9635242702889283972, 8.550954419513937310 ) ) ;
#3996 = CARTESIAN_POINT ( 'NONE',  ( 2.353151076758506655, -8.298345537711768183E-15, 20.50312500000000426 ) ) ;
#3997 = CARTESIAN_POINT ( 'NONE',  ( 0.1788089586445394397, 3.360866214730811041, 19.75480846703031546 ) ) ;
#3998 = CARTESIAN_POINT ( 'NONE',  ( -1.764863307568883100, 1.018944305707782938, -8.661458333333330373 ) ) ;
#3999 = VERTEX_POINT ( 'NONE', #5694 ) ;
#4000 = AXIS2_PLACEMENT_3D ( 'NONE', #3091, #5129, #570 ) ;
#4001 = AXIS2_PLACEMENT_3D ( 'NONE', #1551, #30, #4132 ) ;
#4002 = CARTESIAN_POINT ( 'NONE',  ( 1.338300807568872042, -0.7726683315065906443, 20.72916666666667496 ) ) ;
#4003 = CARTESIAN_POINT ( 'NONE',  ( -2.495693764988925127E-16, -2.037888611415580531, 9.084375000000006750 ) ) ;
#4004 = CARTESIAN_POINT ( 'NONE',  ( 0.8922005383792552813, -1.545336663013182843, -6.554166666666662699 ) ) ;
#4005 = CARTESIAN_POINT ( 'NONE',  ( 0.8922005383792568356, 1.545336663013171741, -8.508333333333331083 ) ) ;
#4006 = B_SPLINE_CURVE_WITH_KNOTS ( 'NONE', 3,
 ( #6008, #5008, #5605, #5068, #1928, #1959, #2056, #4107 ),
 .UNSPECIFIED., .F., .F.,
 ( 4, 2, 2, 4 ),
 ( 0.0003029783875858183375, 0.001749763421509610735, 0.002473155938471506554, 0.003196548455433402373 ),
 .UNSPECIFIED. ) ;
#4007 = CARTESIAN_POINT ( 'NONE',  ( 2.309401076758507365, -5.428638052901351671E-15, -4.774999999999998579 ) ) ;
#4008 = CARTESIAN_POINT ( 'NONE',  ( -1.338300807568883810, 0.7726683315065839830, -3.345833333333330106 ) ) ;
#4009 = CARTESIAN_POINT ( 'NONE',  ( 2.309401076758507365, -5.642951242752140547E-15, -8.274999999999996803 ) ) ;
#4010 = CARTESIAN_POINT ( 'NONE',  ( 1.154700538379255903, 1.999999999999997113, 10.14166666666667105 ) ) ;
#4011 = CARTESIAN_POINT ( 'NONE',  ( 1.176575538379252661, -2.037888611415580975, 14.78645833333333748 ) ) ;
#4012 = ORIENTED_EDGE ( 'NONE', *, *, #1088, .T. ) ;
#4013 =( BOUNDED_SURFACE ( )  B_SPLINE_SURFACE ( 1, 2, ( 
 ( #4242, #2159, #4770, #6238, #604, #179, #1559, #139, #2196, #5637, #4139, #1691, #1068, #3160, #1660, #2123, #3093, #572, #5738, #3633, #2596, #5261, #3666, #2658, #3729, #4171, #1196, #2725, #6208, #77, #1625, #5706, #1168, #5197, #5228, #4703, #5768, #4206, #667, #208, #2756, #6334, #1761, #1724, #5804, #3763, #3298, #4804, #6300, #242, #1265, #1232, #2787, #5329, #3262, #5296, #4273, #278, #3800, #2262, #4307, #5836, #768, #4839, #735, #6212, #2129, #1172, #4774, #4211, #6275, #3702, #2163, #3804, #639, #5266, #1695, #5809, #1664, #5742, #2695, #3733, #5168, #5773, #5300, #4742, #739, #113, #2760, #1202, #3233, #705, #2200, #6242, #183, #2729, #4175, #3197, #4808, #4246, #5233, #671, #144, #212, #2233, #4277, #3670, #6304, #2663, #1729, #3769, #1236, #1765, #5711, #3266, #3133, #246, #2267, #4311, #608, #6339, #1104, #1629, #2630, #4708, #1140, #4675, #3164, #5201, #5333, #3838, #2826, #2792, #4901, #3302, #5969, #1396, #1925, #802, #410, #5366, #2889, #772, #864, #3430, #2857, #3869, #3334, #1799, #5904, #5938, #2431, #3902, #1269, #2330, #312, #6435, #1864, #4843 ),
 ( #5840, #4344, #4872, #4472, #3396, #3365, #4373, #6402, #897, #5466, #1366, #1829, #4934, #284, #5873, #6473, #2300, #340, #5429, #1333, #6372, #1299, #376, #5398, #831, #2927, #2360, #4405, #4439, #2394, #4971, #6504, #1893, #3936, #2460, #475, #6103, #5501, #3056, #5564, #3594, #3495, #5064, #5633, #4537, #4569, #2019, #2958, #6537, #5004, #4602, #6069, #3464, #1489, #536, #4004, #1063, #2556, #1954, #4505, #1431, #1522, #1460, #442, #932, #2490, #4035, #5033, #6570, #2591, #36, #6037, #4102, #3024, #5532, #3560, #4636, #5600, #3526, #5097, #505, #2052, #1985, #6136, #966, #996, #1031, #2524, #6598, #4067, #1555, #568, #3089, #5127, #72, #3966, #6003, #2989, #5318, #4331, #599, #4827, #1587, #3789, #2220, #3253, #5349, #1784, #2086, #2622, #1714, #3352, #6360, #6323, #724, #6291, #3855, #4362, #3824, #1222, #5859, #3629, #104, #2812, #5667, #5827, #2286, #5793, #1095, #4135, #1287, #4666, #4890, #5890, #1752, #3287, #789, #5287, #1318, #5387, #2747, #3125, #4264, #4793, #3319, #5161, #4859, #1256, #1815, #3752, #758, #819, #231, #2776, #268, #2251, #4295, #300, #2318 ) ),
 .UNSPECIFIED., .F., .F., .F. ) 
 B_SPLINE_SURFACE_WITH_KNOTS ( ( 2, 2 ),
 ( 3, 2, 2, 2, 2, 2, 2, 2, 2, 2, 2, 2, 2, 2, 2, 2, 2, 2, 2, 2, 2, 2, 2, 2, 2, 2, 2, 2, 2, 2, 2, 2, 2, 2, 2, 2, 2, 2, 2, 2, 2, 2, 2, 2, 2, 2, 2, 2, 2, 2, 2, 2, 2, 2, 2, 2, 2, 2, 2, 2, 2, 2, 2, 2, 2, 2, 2, 2, 2, 2, 2, 2, 2, 2, 2, 2, 2, 2, 2, 3 ),
 ( 0.000000000000000000, 1.000000000000000000 ),
 ( 0.000000000000000000, 0.01190476190476190410, 0.02380952380952380820, 0.03571428571428571230, 0.04761904761904761640, 0.05952380952380952051, 0.07142857142857142461, 0.08333333333333332871, 0.09523809523809523281, 0.1071428571428571369, 0.1190476190476190410, 0.1309523809523809590, 0.1428571428571428492, 0.1547619047619047672, 0.1666666666666666574, 0.1785714285714285754, 0.1904761904761904656, 0.2023809523809523836, 0.2142857142857142738, 0.2261904761904761918, 0.2380952380952380820, 0.2500000000000000000, 0.2619047619047619180, 0.2738095238095238360, 0.2857142857142856984, 0.2976190476190476164, 0.3095238095238095344, 0.3214285714285714524, 0.3333333333333333148, 0.3452380952380952328, 0.3571428571428571508, 0.3690476190476190688, 0.3809523809523809312, 0.3928571428571428492, 0.4047619047619047672, 0.4166666666666666852, 0.4285714285714285476, 0.4404761904761904656, 0.4523809523809523836, 0.4642857142857143016, 0.4761904761904761640, 0.4880952380952380820, 0.5000000000000000000, 0.5119047619047618625, 0.5238095238095238360, 0.5357142857142856984, 0.5476190476190476719, 0.5595238095238095344, 0.5714285714285713969, 0.5833333333333333703, 0.5952380952380952328, 0.6071428571428570953, 0.6190476190476190688, 0.6309523809523809312, 0.6428571428571429047, 0.6547619047619047672, 0.6666666666666666297, 0.6785714285714286031, 0.6904761904761904656, 0.7023809523809523281, 0.7142857142857143016, 0.7261904761904761640, 0.7380952380952381375, 0.7500000000000000000, 0.7619047619047618625, 0.7738095238095238360, 0.7857142857142856984, 0.7976190476190476719, 0.8095238095238095344, 0.8214285714285713969, 0.8333333333333333703, 0.8452380952380952328, 0.8571428571428570953, 0.8690476190476190688, 0.8809523809523809312, 0.8928571428571429047, 0.9047619047619047672, 0.9166666666666666297, 0.9285714285714286031, 0.9402983736690115890 ),
 .UNSPECIFIED. ) 
 GEOMETRIC_REPRESENTATION_ITEM ( )  RATIONAL_B_SPLINE_SURFACE ( (
 ( 1.000000000000000000, 0.8660254037844387076, 1.000000000000000000, 0.8660254037844387076, 1.000000000000000000, 0.8660254037844387076, 1.000000000000000000, 0.8660254037844387076, 1.000000000000000000, 0.8660254037844387076, 1.000000000000000000, 0.8660254037844387076, 1.000000000000000000, 0.8660254037844387076, 1.000000000000000000, 0.8660254037844387076, 1.000000000000000000, 0.8660254037844387076, 1.000000000000000000, 0.8660254037844387076, 1.000000000000000000, 0.8660254037844387076, 1.000000000000000000, 0.8660254037844387076, 1.000000000000000000, 0.8660254037844387076, 1.000000000000000000, 0.8660254037844387076, 1.000000000000000000, 0.8660254037844387076, 1.000000000000000000, 0.8660254037844387076, 1.000000000000000000, 0.8660254037844387076, 1.000000000000000000, 0.8660254037844387076, 1.000000000000000000, 0.8660254037844387076, 1.000000000000000000, 0.8660254037844387076, 1.000000000000000000, 0.8660254037844387076, 1.000000000000000000, 0.8660254037844387076, 1.000000000000000000, 0.8660254037844387076, 1.000000000000000000, 0.8660254037844387076, 1.000000000000000000, 0.8660254037844387076, 1.000000000000000000, 0.8660254037844387076, 1.000000000000000000, 0.8660254037844387076, 1.000000000000000000, 0.8660254037844387076, 1.000000000000000000, 0.8660254037844387076, 1.000000000000000000, 0.8660254037844387076, 1.000000000000000000, 0.8660254037844387076, 1.000000000000000000, 0.8660254037844387076, 1.000000000000000000, 0.8660254037844387076, 1.000000000000000000, 0.8660254037844387076, 1.000000000000000000, 0.8660254037844387076, 1.000000000000000000, 0.8660254037844387076, 1.000000000000000000, 0.8660254037844387076, 1.000000000000000000, 0.8660254037844387076, 1.000000000000000000, 0.8660254037844387076, 1.000000000000000000, 0.8660254037844387076, 1.000000000000000000, 0.8660254037844387076, 1.000000000000000000, 0.8660254037844387076, 1.000000000000000000, 0.8660254037844387076, 1.000000000000000000, 0.8660254037844387076, 1.000000000000000000, 0.8660254037844387076, 1.000000000000000000, 0.8660254037844387076, 1.000000000000000000, 0.8660254037844387076, 1.000000000000000000, 0.8660254037844387076, 1.000000000000000000, 0.8660254037844387076, 1.000000000000000000, 0.8660254037844387076, 1.000000000000000000, 0.8660254037844387076, 1.000000000000000000, 0.8660254037844387076, 1.000000000000000000, 0.8660254037844387076, 1.000000000000000000, 0.8660254037844387076, 1.000000000000000000, 0.8660254037844387076, 1.000000000000000000, 0.8660254037844387076, 1.000000000000000000, 0.8660254037844387076, 1.000000000000000000, 0.8660254037844387076, 1.000000000000000000, 0.8660254037844387076, 1.000000000000000000, 0.8660254037844387076, 1.000000000000000000, 0.8660254037844387076, 1.000000000000000000, 0.8660254037844387076, 1.000000000000000000, 0.8660254037844387076, 1.000000000000000000, 0.8660254037844387076, 1.000000000000000000, 0.8660254037844387076, 1.000000000000000000, 0.8660254037844387076, 1.000000000000000000, 0.8660254037844387076, 1.000000000000000000, 0.8660254037844387076, 1.000000000000000000, 0.8660254037844387076, 1.000000000000000000, 0.8660254037844387076, 1.000000000000000000, 0.8660254037844387076, 1.000000000000000000, 0.8660254037844387076, 1.000000000000000000, 0.8660254037844387076, 1.000000000000000000, 0.8660254037844387076, 1.000000000000000000, 0.8660254037844387076, 1.000000000000000000, 0.8660254037844387076, 1.000000000000000000, 0.8660254037844387076, 1.000000000000000000, 0.8660254037844387076, 1.000000000000000000, 0.8680265303195776605, 0.9960575270301703643),
 ( 1.000000000000000000, 0.8660254037844387076, 1.000000000000000000, 0.8660254037844387076, 1.000000000000000000, 0.8660254037844387076, 1.000000000000000000, 0.8660254037844387076, 1.000000000000000000, 0.8660254037844387076, 1.000000000000000000, 0.8660254037844387076, 1.000000000000000000, 0.8660254037844387076, 1.000000000000000000, 0.8660254037844387076, 1.000000000000000000, 0.8660254037844387076, 1.000000000000000000, 0.8660254037844387076, 1.000000000000000000, 0.8660254037844387076, 1.000000000000000000, 0.8660254037844387076, 1.000000000000000000, 0.8660254037844387076, 1.000000000000000000, 0.8660254037844387076, 1.000000000000000000, 0.8660254037844387076, 1.000000000000000000, 0.8660254037844387076, 1.000000000000000000, 0.8660254037844387076, 1.000000000000000000, 0.8660254037844387076, 1.000000000000000000, 0.8660254037844387076, 1.000000000000000000, 0.8660254037844387076, 1.000000000000000000, 0.8660254037844387076, 1.000000000000000000, 0.8660254037844387076, 1.000000000000000000, 0.8660254037844387076, 1.000000000000000000, 0.8660254037844387076, 1.000000000000000000, 0.8660254037844387076, 1.000000000000000000, 0.8660254037844387076, 1.000000000000000000, 0.8660254037844387076, 1.000000000000000000, 0.8660254037844387076, 1.000000000000000000, 0.8660254037844387076, 1.000000000000000000, 0.8660254037844387076, 1.000000000000000000, 0.8660254037844387076, 1.000000000000000000, 0.8660254037844387076, 1.000000000000000000, 0.8660254037844387076, 1.000000000000000000, 0.8660254037844387076, 1.000000000000000000, 0.8660254037844387076, 1.000000000000000000, 0.8660254037844387076, 1.000000000000000000, 0.8660254037844387076, 1.000000000000000000, 0.8660254037844387076, 1.000000000000000000, 0.8660254037844387076, 1.000000000000000000, 0.8660254037844387076, 1.000000000000000000, 0.8660254037844387076, 1.000000000000000000, 0.8660254037844387076, 1.000000000000000000, 0.8660254037844387076, 1.000000000000000000, 0.8660254037844387076, 1.000000000000000000, 0.8660254037844387076, 1.000000000000000000, 0.8660254037844387076, 1.000000000000000000, 0.8660254037844387076, 1.000000000000000000, 0.8660254037844387076, 1.000000000000000000, 0.8660254037844387076, 1.000000000000000000, 0.8660254037844387076, 1.000000000000000000, 0.8660254037844387076, 1.000000000000000000, 0.8660254037844387076, 1.000000000000000000, 0.8660254037844387076, 1.000000000000000000, 0.8660254037844387076, 1.000000000000000000, 0.8660254037844387076, 1.000000000000000000, 0.8660254037844387076, 1.000000000000000000, 0.8660254037844387076, 1.000000000000000000, 0.8660254037844387076, 1.000000000000000000, 0.8660254037844387076, 1.000000000000000000, 0.8660254037844387076, 1.000000000000000000, 0.8660254037844387076, 1.000000000000000000, 0.8660254037844387076, 1.000000000000000000, 0.8660254037844387076, 1.000000000000000000, 0.8660254037844387076, 1.000000000000000000, 0.8660254037844387076, 1.000000000000000000, 0.8660254037844387076, 1.000000000000000000, 0.8660254037844387076, 1.000000000000000000, 0.8660254037844387076, 1.000000000000000000, 0.8660254037844387076, 1.000000000000000000, 0.8660254037844387076, 1.000000000000000000, 0.8660254037844387076, 1.000000000000000000, 0.8660254037844387076, 1.000000000000000000, 0.8660254037844387076, 1.000000000000000000, 0.8660254037844387076, 1.000000000000000000, 0.8660254037844387076, 1.000000000000000000, 0.8660254037844387076, 1.000000000000000000, 0.8660254037844387076, 1.000000000000000000, 0.8660254037844387076, 1.000000000000000000, 0.8680265303195776605, 0.9960575270301703643) ) ) 
 REPRESENTATION_ITEM ( '' )  SURFACE ( )  );
#4014 = CARTESIAN_POINT ( 'NONE',  ( -1.732050807570006068, 1.000000000000644151, 15.82916666666742067 ) ) ;
#4015 = DIRECTION ( 'NONE',  ( -0.000000000000000000, -0.000000000000000000, -1.000000000000000000 ) ) ;
#4016 = EDGE_LOOP ( 'NONE', ( #3009, #2762, #1042, #5438 ) ) ;
#4017 = CARTESIAN_POINT ( 'NONE',  ( 1.764863307568882655, -1.018944305707794262, -9.667708333333333570 ) ) ;
#4018 = EDGE_CURVE ( 'NONE', #6111, #2355, #2128, .T. ) ;
#4019 = CARTESIAN_POINT ( 'NONE',  ( 1.652538713554584593, 0.2326393721789292712, 19.33483436348798179 ) ) ;
#4020 = CARTESIAN_POINT ( 'NONE',  ( 3.784983195928246554E-16, 1.545336663013156420, 19.56250000000000711 ) ) ;
#4021 = CARTESIAN_POINT ( 'NONE',  ( -1.411455635024021715, -0.6291727842267529347, -1.140000000000000346 ) ) ;
#4022 = CARTESIAN_POINT ( 'NONE',  ( -1.338300807568872930, -0.7726683315065897562, 14.28333333333333677 ) ) ;
#4023 = VERTEX_POINT ( 'NONE', #1314 ) ;
#4024 = DIRECTION ( 'NONE',  ( -0.000000000000000000, 1.059903591714612962E-16, -1.000000000000000000 ) ) ;
#4025 = CARTESIAN_POINT ( 'NONE',  ( 2.449293598294704442E-16, -1.999999999999997780, -9.500000000000000000 ) ) ;
#4026 = CARTESIAN_POINT ( 'NONE',  ( 4.898587196589426634E-16, 1.999999999999998224, 17.11250000000001137 ) ) ;
#4027 = CARTESIAN_POINT ( 'NONE',  ( 1.154700538379352714, 2.000000000000011546, 17.05416666666672398 ) ) ;
#4028 = EDGE_CURVE ( 'NONE', #5212, #2856, #2349, .T. ) ;
#4029 = CARTESIAN_POINT ( 'NONE',  ( -0.2550000000103322950, 3.316877296488431437, 0.2232411399046302092 ) ) ;
#4030 = CARTESIAN_POINT ( 'NONE',  ( 0.000000000000000000, 5.246303815928974609E-16, -9.500000000000000000 ) ) ;
#4031 = CARTESIAN_POINT ( 'NONE',  ( 3.000000000000000000, -1.437602170282170189, -9.165151389911683211 ) ) ;
#4032 = CARTESIAN_POINT ( 'NONE',  ( -1.176575538379255104, 2.037888611415570761, -8.019791666666662877 ) ) ;
#4033 = CARTESIAN_POINT ( 'NONE',  ( -0.8922005383792488420, -1.545336663013171519, 18.45416666666667638 ) ) ;
#4034 = CARTESIAN_POINT ( 'NONE',  ( -1.764863307568879991, 1.018944305707778719, 8.851041666666674246 ) ) ;
#4035 = CARTESIAN_POINT ( 'NONE',  ( -1.892491597964139794E-16, -1.545336663013182399, -5.912499999999996980 ) ) ;
#4036 = CARTESIAN_POINT ( 'NONE',  ( 1.784401076758511895, -5.567941626304364953E-15, -8.624999999999996447 ) ) ;
#4037 = CARTESIAN_POINT ( 'NONE',  ( -2.999999999999999556, 6.062442030013295843E-14, 19.96535898384949448 ) ) ;
#4038 = CARTESIAN_POINT ( 'NONE',  ( -1.784401076758511895, -4.761199160402276751E-15, -2.587499999999996803 ) ) ;
#4039 = CARTESIAN_POINT ( 'NONE',  ( 1.154700538379271668, 1.999999999999969136, 14.34166666666666501 ) ) ;
#4040 = CARTESIAN_POINT ( 'NONE',  ( 3.000000000000000000, -0.9645432533071970349, 19.89478664512139972 ) ) ;
#4041 = CARTESIAN_POINT ( 'NONE',  ( -1.764863307568880213, -1.018944305707793596, 9.711458333333336412 ) ) ;
#4042 = ORIENTED_EDGE ( 'NONE', *, *, #4504, .T. ) ;
#4043 = CARTESIAN_POINT ( 'NONE',  ( 0.000000000000000000, -5.982305570676772137E-17, 20.00000000000000000 ) ) ;
#4044 = ORIENTED_EDGE ( 'NONE', *, *, #3032, .F. ) ;
#4045 =( BOUNDED_CURVE ( )  B_SPLINE_CURVE ( 2, ( #1181, #159, #1052 ),
 .UNSPECIFIED., .F., .F. ) 
 B_SPLINE_CURVE_WITH_KNOTS ( ( 3, 3 ),
 ( 0.005907021542589025939, 0.007820337460325088932 ),
 .UNSPECIFIED. ) 
 CURVE ( )  GEOMETRIC_REPRESENTATION_ITEM ( )  RATIONAL_B_SPLINE_CURVE ( ( 0.9785846047080353216, 0.8777611078947017420, 1.000000000000051070 ) ) 
 REPRESENTATION_ITEM ( '' )  );
#4046 = CARTESIAN_POINT ( 'NONE',  ( -2.309401076758505589, -7.724668665772413545E-15, 10.98750000000000604 ) ) ;
#4047 = ORIENTED_EDGE ( 'NONE', *, *, #4104, .T. ) ;
#4048 = CARTESIAN_POINT ( 'NONE',  ( 1.784401076758496574, -8.193867857659506841E-15, 13.87500000000000355 ) ) ;
#4049 = CARTESIAN_POINT ( 'NONE',  ( 1.080805829088099079, 1.339215024549186506, 19.38698581512418428 ) ) ;
#4050 = CARTESIAN_POINT ( 'NONE',  ( -1.784401076758496574, -7.756815644250031206E-15, 16.23750000000000426 ) ) ;
#4051 = CARTESIAN_POINT ( 'NONE',  ( -7.460698725481053214E-14, 1.999999999999997335, -1.712499999999995026 ) ) ;
#4052 = CARTESIAN_POINT ( 'NONE',  ( 1.784401076758496796, -8.193867857659506841E-15, 17.37500000000000355 ) ) ;
#4053 = ORIENTED_EDGE ( 'NONE', *, *, #3406, .T. ) ;
#4054 = CARTESIAN_POINT ( 'NONE',  ( 0.000000000000000000, 1.999999999999998224, -8.712499999999998579 ) ) ;
#4055 = CARTESIAN_POINT ( 'NONE',  ( 3.784983195928246554E-16, 1.545336663013156420, 15.36250000000006821 ) ) ;
#4056 = CARTESIAN_POINT ( 'NONE',  ( -1.154700538379251240, 1.999999999999994893, -7.254166666666663765 ) ) ;
#4057 = CARTESIAN_POINT ( 'NONE',  ( 0.000000000000000000, 5.246303815928974609E-16, -9.500000000000000000 ) ) ;
#4058 = LINE ( 'NONE', #500, #5378 ) ;
#4059 = CARTESIAN_POINT ( 'NONE',  ( 1.732050807568876749, -1.000000000000008660, 18.97916666666667140 ) ) ;
#4060 = EDGE_CURVE ( 'NONE', #6522, #5540, #3469, .T. ) ;
#4061 = CARTESIAN_POINT ( 'NONE',  ( 1.784401076758534765, -8.193867857659513152E-15, 14.57500000000002593 ) ) ;
#4062 = CARTESIAN_POINT ( 'NONE',  ( 2.353151076758510651, -5.649648529934977428E-15, -8.253124999999997158 ) ) ;
#4063 = CARTESIAN_POINT ( 'NONE',  ( 3.026354654344067853E-11, -2.000000000000002665, 11.86250000000153193 ) ) ;
#4064 = CARTESIAN_POINT ( 'NONE',  ( -1.784401076758496574, -7.756815644250031206E-15, 19.03750000000000853 ) ) ;
#4065 = CARTESIAN_POINT ( 'NONE',  ( -1.764863307568879991, 1.018944305707778719, 11.65104166666667496 ) ) ;
#4066 = ORIENTED_EDGE ( 'NONE', *, *, #1517, .T. ) ;
#4067 = CARTESIAN_POINT ( 'NONE',  ( -0.8922005383792563915, -1.545336663013181955, -4.570833333333330195 ) ) ;
#4068 = CARTESIAN_POINT ( 'NONE',  ( 1.784401076758511895, -5.310765798483420511E-15, -4.424999999999997158 ) ) ;
#4069 = CARTESIAN_POINT ( 'NONE',  ( -1.154700538379763053, -2.000000000000922373, -8.420833333333851201 ) ) ;
#4070 = CARTESIAN_POINT ( 'NONE',  ( -1.338300807568883810, 0.7726683315065838720, -4.745833333333330017 ) ) ;
#4071 = CARTESIAN_POINT ( 'NONE',  ( 1.732050807568882522, 0.9999999999999933387, 14.28333333333333499 ) ) ;
#4072 = SECURITY_CLASSIFICATION_LEVEL ( 'unclassified' ) ;
#4073 = CARTESIAN_POINT ( 'NONE',  ( -1.764863307568880213, -1.018944305707793596, 8.311458333333336057 ) ) ;
#4074 = EDGE_LOOP ( 'NONE', ( #2575, #909, #385, #6274, #4066, #4610, #6213, #4433, #1040, #3607, #4342, #115, #1878, #607, #4486, #5666, #3701, #554, #4415, #6187, #1902, #2502, #2100, #371, #4438, #1858, #5518, #5045 ) ) ;
#4075 = CARTESIAN_POINT ( 'NONE',  ( 1.784401076758511451, -5.433995882647623385E-15, -6.437499999999997335 ) ) ;
#4076 = VERTEX_POINT ( 'NONE', #1748 ) ;
#4077 = DIRECTION ( 'NONE',  ( 0.000000000000000000, 1.000000000000000000, 0.000000000000000000 ) ) ;
#4078 = AXIS2_PLACEMENT_3D ( 'NONE', #4389, #2480, #5520 ) ;
#4079 = ORIENTED_EDGE ( 'NONE', *, *, #2780, .F. ) ;
#4080 = CARTESIAN_POINT ( 'NONE',  ( 0.8922005383792477318, -1.545336663013172407, 15.85833333333333606 ) ) ;
#4081 = CARTESIAN_POINT ( 'NONE',  ( -1.805462119139228383, 0.4547936907346111224, 19.52828409878137705 ) ) ;
#4082 = CARTESIAN_POINT ( 'NONE',  ( -0.8922005383792481759, 1.545336663013156420, 18.22083333333334210 ) ) ;
#4083 = DIRECTION ( 'NONE',  ( -0.000000000000000000, 1.059903591714612962E-16, -1.000000000000000000 ) ) ;
#4084 = CARTESIAN_POINT ( 'NONE',  ( -1.892491597964123770E-16, -1.545336663013172185, 10.20000000000000462 ) ) ;
#4085 = AXIS2_PLACEMENT_3D ( 'NONE', #4853, #6413, #4289 ) ;
#4086 = ORIENTED_EDGE ( 'NONE', *, *, #6468, .T. ) ;
#4087 = CARTESIAN_POINT ( 'NONE',  ( -1.732050807568881634, 0.9999999999999950040, 12.41666666666666607 ) ) ;
#4088 =( BOUNDED_CURVE ( )  B_SPLINE_CURVE ( 2, ( #3921, #1507, #2004, #462, #2479, #1911, #524 ),
 .UNSPECIFIED., .F., .T. ) 
 B_SPLINE_CURVE_WITH_KNOTS ( ( 3, 2, 2, 3 ),
 ( 0.1144262453746000274, 0.1165163643327180171, 0.1186064832908360206, 0.1206966022489540102 ),
 .UNSPECIFIED. ) 
 CURVE ( )  GEOMETRIC_REPRESENTATION_ITEM ( )  RATIONAL_B_SPLINE_CURVE ( ( 1.000000000000222489, 0.8660254037842163299, 1.000000000000000000, 0.8660254037844387076, 1.000000000000000000, 0.8660254037844387076, 1.000000000000000000 ) ) 
 REPRESENTATION_ITEM ( '' )  );
#4089 = CARTESIAN_POINT ( 'NONE',  ( -0.8922005383792488420, -1.545336663013171519, 16.35416666666673535 ) ) ;
#4090 = CARTESIAN_POINT ( 'NONE',  ( -1.732050807568877859, -1.000000000000005107, -4.279166666666663232 ) ) ;
#4091 = CARTESIAN_POINT ( 'NONE',  ( 2.330000000000000071, -5.982305570676772137E-17, 20.00000000000000000 ) ) ;
#4092 = LOCAL_TIME ( 18, 9, 43.00000000000000000, #4511 ) ;
#4093 = CARTESIAN_POINT ( 'NONE',  ( -2.540915431667394753, -1.997103406676513648, 19.83555496543126040 ) ) ;
#4094 = CARTESIAN_POINT ( 'NONE',  ( -0.2550000000000001710, -3.316877296494402216, 0.2232411399076047742 ) ) ;
#4095 = CARTESIAN_POINT ( 'NONE',  ( -1.338300807568901352, 0.7726683315065909774, 14.16666666666669094 ) ) ;
#4096 = CARTESIAN_POINT ( 'NONE',  ( -0.8768479511280963257, 1.545336663013172629, -0.6051704405393832920 ) ) ;
#4097 = ADVANCED_FACE ( 'NONE', ( #5250 ), #1680, .F. ) ;
#4098 = LINE ( 'NONE', #1027, #178 ) ;
#4099 = CARTESIAN_POINT ( 'NONE',  ( -1.338300807568872486, 0.7726683315065743241, 18.27916666666667211 ) ) ;
#4100 = CARTESIAN_POINT ( 'NONE',  ( 4.991387529977850254E-16, 2.037888611415564544, 12.23437500000000711 ) ) ;
#4101 = ORIENTED_EDGE ( 'NONE', *, *, #4801, .F. ) ;
#4102 = CARTESIAN_POINT ( 'NONE',  ( 0.000000000000000000, 1.545336663013172407, -5.562499999999997335 ) ) ;
#4103 = CARTESIAN_POINT ( 'NONE',  ( 1.338300807568883588, -0.7726683315065943081, -3.083333333333331261 ) ) ;
#4104 = EDGE_CURVE ( 'NONE', #3911, #765, #6319, .T. ) ;
#4105 = CARTESIAN_POINT ( 'NONE',  ( 1.732050807568881190, 0.9999999999999954481, -4.716666666666665897 ) ) ;
#4106 = CARTESIAN_POINT ( 'NONE',  ( -1.338300807568883810, 0.7726683315065837609, -5.445833333333330195 ) ) ;
#4107 = CARTESIAN_POINT ( 'NONE',  ( 0.2550000000000003375, 3.316877296494397775, 0.2232411399076073555 ) ) ;
#4108 = PERSON_AND_ORGANIZATION ( #3859, #6112 ) ;
#4109 = CARTESIAN_POINT ( 'NONE',  ( -2.495693764988925127E-16, -2.037888611415580531, 9.128125000000002487 ) ) ;
#4110 = ORIENTED_EDGE ( 'NONE', *, *, #1443, .T. ) ;
#4111 = EDGE_CURVE ( 'NONE', #5843, #2819, #1186, .T. ) ;
#4112 = B_SPLINE_CURVE_WITH_KNOTS ( 'NONE', 3,
 ( #5410, #3915, #4913, #2805, #3782, #1249 ),
 .UNSPECIFIED., .F., .F.,
 ( 4, 2, 4 ),
 ( 1.160546083812993787E-14, 0.0002683679863540053495, 0.0005367359726964051822 ),
 .UNSPECIFIED. ) ;
#4113 = CARTESIAN_POINT ( 'NONE',  ( 1.338300807568883144, -0.7726683315065944191, -7.895833333333331261 ) ) ;
#4114 = ORIENTED_EDGE ( 'NONE', *, *, #1483, .F. ) ;
#4115 = CARTESIAN_POINT ( 'NONE',  ( -2.353151076758510651, -4.877731957383643533E-15, -5.059375000000001066 ) ) ;
#4116 = VECTOR ( 'NONE', #2626, 1000.000000000000000 ) ;
#4117 = ORIENTED_EDGE ( 'NONE', *, *, #2662, .F. ) ;
#4118 = CARTESIAN_POINT ( 'NONE',  ( 1.338300807568873152, 0.7726683315065731028, 15.33333333333333748 ) ) ;
#4119 = CARTESIAN_POINT ( 'NONE',  ( -2.449293598294712824E-16, -2.000000000000012879, 9.150000000000002132 ) ) ;
#4120 = CARTESIAN_POINT ( 'NONE',  ( -1.338300807568872486, 0.7726683315065743241, 16.17916666666667425 ) ) ;
#4121 = CARTESIAN_POINT ( 'NONE',  ( -0.6589489297636861309, 1.573353444266927470, -1.229515942112777260 ) ) ;
#4122 = CARTESIAN_POINT ( 'NONE',  ( -1.338300807568872486, 0.7726683315065743241, 9.179166666666672469 ) ) ;
#4123 = CARTESIAN_POINT ( 'NONE',  ( -0.8922005383792489530, -1.545336663013171741, 12.24166666666666892 ) ) ;
#4124 = ORIENTED_EDGE ( 'NONE', *, *, #5236, .F. ) ;
#4125 = CARTESIAN_POINT ( 'NONE',  ( -1.836881621749582185E-11, 1.999999999999997335, 17.81250000000093792 ) ) ;
#4126 = CARTESIAN_POINT ( 'NONE',  ( -1.338300807568872708, -0.7726683315065896451, 17.69583333333340391 ) ) ;
#4127 = CARTESIAN_POINT ( 'NONE',  ( 3.000000000000001332, 1.525603676592389935, 0.2451974385763430464 ) ) ;
#4128 = DIRECTION ( 'NONE',  ( 0.000000000000000000, 1.000000000000000000, 1.059903591714612962E-16 ) ) ;
#4129 = CARTESIAN_POINT ( 'NONE',  ( -0.7318917076024266111, -1.364685592706767148, 19.21533666301317567 ) ) ;
#4130 = CARTESIAN_POINT ( 'NONE',  ( -0.8922005383792679378, -1.545336663013204603, 17.14166666666668704 ) ) ;
#4131 = CARTESIAN_POINT ( 'NONE',  ( -2.353151076758510651, -5.137586700077723043E-15, -9.303124999999996092 ) ) ;
#4132 = DIRECTION ( 'NONE',  ( 0.000000000000000000, 1.000000000000000000, 0.000000000000000000 ) ) ;
#4133 = CARTESIAN_POINT ( 'NONE',  ( -1.892491597964123277E-16, -1.545336663013171963, 19.21250000000000568 ) ) ;
#4134 = ORIENTED_EDGE ( 'NONE', *, *, #5439, .T. ) ;
#4135 = CARTESIAN_POINT ( 'NONE',  ( 1.784401076758511673, -5.176820054826680520E-15, -2.237499999999997158 ) ) ;
#4136 = CARTESIAN_POINT ( 'NONE',  ( -0.8922005383792558364, 1.545336663013172851, -4.191666666666664653 ) ) ;
#4137 = FACE_OUTER_BOUND ( 'NONE', #3235, .T. ) ;
#4138 = CARTESIAN_POINT ( 'NONE',  ( -0.8922005383792557254, 1.545336663013172407, -5.504166666666662877 ) ) ;
#4139 = CARTESIAN_POINT ( 'NONE',  ( 1.338300807568884698, 0.7726683315065824287, -9.266666666666663943 ) ) ;
#4140 = CARTESIAN_POINT ( 'NONE',  ( -1.764863307568880213, -1.018944305707793596, 20.86770833333333997 ) ) ;
#4141 = CARTESIAN_POINT ( 'NONE',  ( 1.176575538379254660, 2.037888611415564100, 10.11979166666666963 ) ) ;
#4142 = ORIENTED_EDGE ( 'NONE', *, *, #6297, .T. ) ;
#4143 = B_SPLINE_CURVE_WITH_KNOTS ( 'NONE', 3,
 ( #1948, #3997, #1455, #5527, #961, #4533 ),
 .UNSPECIFIED., .F., .F.,
 ( 4, 2, 4 ),
 ( 1.160565980765777195E-14, 0.0002683679863540051327, 0.0005367359726964045317 ),
 .UNSPECIFIED. ) ;
#4144 = CONICAL_SURFACE ( 'NONE', #2113, 1.999999999999998668, 1.047197551196601406 ) ;
#4145 = EDGE_CURVE ( 'NONE', #863, #487, #4231, .T. ) ;
#4146 = ADVANCED_FACE ( 'NONE', ( #1711 ), #3747, .T. ) ;
#4147 = CARTESIAN_POINT ( 'NONE',  ( 0.000000000000000000, 1.545336663013171963, -9.062499999999998224 ) ) ;
#4148 = ORIENTED_EDGE ( 'NONE', *, *, #1212, .F. ) ;
#4149 = CARTESIAN_POINT ( 'NONE',  ( -1.764863307568883100, 1.018944305707782938, -5.817708333333334814 ) ) ;
#4150 = VERTEX_POINT ( 'NONE', #3282 ) ;
#4151 = CARTESIAN_POINT ( 'NONE',  ( -0.8922005383792488420, -1.545336663013171519, 16.44166666666666998 ) ) ;
#4152 = CARTESIAN_POINT ( 'NONE',  ( -1.660051413168257550, -0.9625014186856496456, 19.58359029997995293 ) ) ;
#4153 = CARTESIAN_POINT ( 'NONE',  ( 1.338300807568872042, -0.7726683315065906443, 16.52916666666667211 ) ) ;
#4154 = CARTESIAN_POINT ( 'NONE',  ( 1.732050807568878081, 0.9999999999999906741, 17.69583333333333641 ) ) ;
#4155 = CARTESIAN_POINT ( 'NONE',  ( -1.764863307568880213, -1.018944305707793596, 20.21145833333333641 ) ) ;
#4156 = CARTESIAN_POINT ( 'NONE',  ( 1.784401076758496796, -8.193867857659506841E-15, 11.77500000000000568 ) ) ;
#4157 = FACE_OUTER_BOUND ( 'NONE', #4647, .T. ) ;
#4158 = CARTESIAN_POINT ( 'NONE',  ( 0.000000000000000000, 5.246303815928974609E-16, -9.500000000000000000 ) ) ;
#4159 = CARTESIAN_POINT ( 'NONE',  ( -1.338300807568872486, 0.7726683315065743241, 16.87916666666673748 ) ) ;
#4160 = CARTESIAN_POINT ( 'NONE',  ( 2.744999999989667483, 1.879275126218194369, 0.2232411399046296818 ) ) ;
#4161 = DIRECTION ( 'NONE',  ( -0.000000000000000000, 1.059903591714612962E-16, -1.000000000000000000 ) ) ;
#4162 = CARTESIAN_POINT ( 'NONE',  ( 2.939999999999999503, -4.063933977075649852E-15, 20.00000000000000000 ) ) ;
#4163 = CARTESIAN_POINT ( 'NONE',  ( 1.784401076758534765, -8.193867857659513152E-15, 17.37500000000002132 ) ) ;
#4164 = CARTESIAN_POINT ( 'NONE',  ( -2.495693764988929564E-16, -2.037888611415580975, -3.528124999999997513 ) ) ;
#4165 = CARTESIAN_POINT ( 'NONE',  ( -2.309401076758502924, -7.724668665772413545E-15, 14.48750000000000604 ) ) ;
#4166 = CARTESIAN_POINT ( 'NONE',  ( -0.8922005383792488420, -1.545336663013171519, 17.05416666666667069 ) ) ;
#4167 = VERTEX_POINT ( 'NONE', #753 ) ;
#4168 = CARTESIAN_POINT ( 'NONE',  ( 1.784401076758511895, -5.182177884572949078E-15, -2.324999999999997957 ) ) ;
#4169 = CARTESIAN_POINT ( 'NONE',  ( 6.000102920172667975E-13, 1.999999999999997335, 9.412499999999980105 ) ) ;
#4170 = CARTESIAN_POINT ( 'NONE',  ( 0.8922005383792567246, 1.545336663013172185, -1.420833333333329396 ) ) ;
#4171 = CARTESIAN_POINT ( 'NONE',  ( -0.8922005383792558364, 1.545336663013172185, -8.391666666666663943 ) ) ;
#4172 = CARTESIAN_POINT ( 'NONE',  ( -1.176575538379254215, -2.037888611415580087, 20.92604166666667354 ) ) ;
#4173 = CARTESIAN_POINT ( 'NONE',  ( 4.991387529977850254E-16, 2.037888611415564544, 10.17812500000000320 ) ) ;
#4174 = VERTEX_POINT ( 'NONE', #2772 ) ;
#4175 = CARTESIAN_POINT ( 'NONE',  ( 0.000000000000000000, 1.545336663013172629, -4.249999999999997335 ) ) ;
#4176 = CARTESIAN_POINT ( 'NONE',  ( 0.8922005383792566136, 1.545336663013171741, -7.720833333333329662 ) ) ;
#4177 = EDGE_LOOP ( 'NONE', ( #9, #5292, #545, #214 ) ) ;
#4178 = CARTESIAN_POINT ( 'NONE',  ( -1.176575538379255104, 2.037888611415570761, -7.276041666666667851 ) ) ;
#4179 = ORIENTED_EDGE ( 'NONE', *, *, #4757, .T. ) ;
#4180 = EDGE_CURVE ( 'NONE', #148, #829, #4823, .T. ) ;
#4181 = CARTESIAN_POINT ( 'NONE',  ( -0.4590845683326081339, -3.199049016030122594, 0.1644450345687373527 ) ) ;
#4182 = DIRECTION ( 'NONE',  ( -0.7071067811865487940, 8.659560562354948882E-17, 0.7071067811865463515 ) ) ;
#4183 = CARTESIAN_POINT ( 'NONE',  ( -0.8922005383792481759, 1.545336663013156420, 11.92083333333333961 ) ) ;
#4184 = CARTESIAN_POINT ( 'NONE',  ( 1.154700538378599095, -2.000000000001136424, 17.52083333333327175 ) ) ;
#4185 = CARTESIAN_POINT ( 'NONE',  ( -0.8922005383792488420, -1.545336663013171519, 9.354166666666673180 ) ) ;
#4186 = CARTESIAN_POINT ( 'NONE',  ( 0.8922005383792492861, 1.545336663013156198, 11.19166666666666998 ) ) ;
#4187 = ORIENTED_EDGE ( 'NONE', *, *, #958, .F. ) ;
#4188 = CARTESIAN_POINT ( 'NONE',  ( 0.000000000000000000, 5.246303815928974609E-16, -9.500000000000000000 ) ) ;
#4189 = CARTESIAN_POINT ( 'NONE',  ( -1.784401076758496352, -7.756815644250031206E-15, 12.73750000000007176 ) ) ;
#4190 = CARTESIAN_POINT ( 'NONE',  ( 1.154700538379493047, -1.999999999999584999, -4.804166666666636054 ) ) ;
#4191 = EDGE_CURVE ( 'NONE', #5981, #2555, #5326, .T. ) ;
#4192 = AXIS2_PLACEMENT_3D ( 'NONE', #6484, #3441, #6446 ) ;
#4193 = CARTESIAN_POINT ( 'NONE',  ( -0.1591758648006059429, -1.550371424770568884, 19.21533666301299093 ) ) ;
#4194 = PRODUCT ( '93655A430_Male-Female Threaded Hex Standoff', '93655A430_Male-Female Threaded Hex Standoff', '', ( #448 ) ) ;
#4195 = CARTESIAN_POINT ( 'NONE',  ( 3.784983195928328398E-16, 1.545336663013189504, 15.45000000000002238 ) ) ;
#4196 = ADVANCED_FACE ( 'NONE', ( #2375 ), #3511, .T. ) ;
#4197 = CARTESIAN_POINT ( 'NONE',  ( 1.176575538379256658, 2.037888611415570317, -5.336458333333330195 ) ) ;
#4198 = AXIS2_PLACEMENT_3D ( 'NONE', #2035, #2607, #3172 ) ;
#4199 = CARTESIAN_POINT ( 'NONE',  ( 1.338300807568873152, 0.7726683315065731028, 17.34583333333333854 ) ) ;
#4200 = AXIS2_PLACEMENT_3D ( 'NONE', #288, #4846, #2204 ) ;
#4201 = ORIENTED_EDGE ( 'NONE', *, *, #6463, .F. ) ;
#4202 =( BOUNDED_CURVE ( )  B_SPLINE_CURVE ( 2, ( #5431, #866, #40, #2960, #1462, #4069, #1000 ),
 .UNSPECIFIED., .F., .T. ) 
 B_SPLINE_CURVE_WITH_KNOTS ( ( 3, 2, 2, 3 ),
 ( 0.007820337460325368223, 0.009910624157754930469, 0.01200091085518448751, 0.01409119755261404976 ),
 .UNSPECIFIED. ) 
 CURVE ( )  GEOMETRIC_REPRESENTATION_ITEM ( )  RATIONAL_B_SPLINE_CURVE ( ( 0.9999999999999488187, 0.8660254037844897779, 1.000000000000000000, 0.8660254037844385966, 1.000000000000000000, 0.8660254037844367092, 1.000000000000001776 ) ) 
 REPRESENTATION_ITEM ( '' )  );
#4203 = CARTESIAN_POINT ( 'NONE',  ( 0.8922005383792568356, 1.545336663013172185, -2.208333333333331261 ) ) ;
#4204 = CARTESIAN_POINT ( 'NONE',  ( 0.000000000000000000, 5.246303815928974609E-16, -9.500000000000000000 ) ) ;
#4205 = CARTESIAN_POINT ( 'NONE',  ( -1.892491597964139794E-16, -1.545336663013182177, -1.712499999999997025 ) ) ;
#4206 = CARTESIAN_POINT ( 'NONE',  ( -0.8922005383792558364, 1.545336663013172407, -7.691666666666664653 ) ) ;
#4207 = CARTESIAN_POINT ( 'NONE',  ( -1.764863307568879991, 1.018944305707778719, 16.55104166666667709 ) ) ;
#4208 = CARTESIAN_POINT ( 'NONE',  ( 1.784401076758496574, -8.193867857659506841E-15, 20.87500000000000355 ) ) ;
#4209 = AXIS2_PLACEMENT_3D ( 'NONE', #3664, #3127, #4802 ) ;
#4210 = EDGE_LOOP ( 'NONE', ( #1093, #629, #3472, #19 ) ) ;
#4211 = CARTESIAN_POINT ( 'NONE',  ( 1.784401076758511895, -5.396491074423735588E-15, -5.824999999999998401 ) ) ;
#4212 = ORIENTED_EDGE ( 'NONE', *, *, #4303, .T. ) ;
#4213 = CARTESIAN_POINT ( 'NONE',  ( -1.764863307568883322, -1.018944305707792708, -5.701041666666667673 ) ) ;
#4214 = AXIS2_PLACEMENT_3D ( 'NONE', #2074, #1642, #5213 ) ;
#4215 = ORIENTED_EDGE ( 'NONE', *, *, #6056, .F. ) ;
#4216 = CARTESIAN_POINT ( 'NONE',  ( 0.000000000000000000, -4.063933977075649852E-15, 20.00000000000000000 ) ) ;
#4217 = CARTESIAN_POINT ( 'NONE',  ( 2.309401076758501592, -8.290308793092364557E-15, 14.83750000000000568 ) ) ;
#4218 = CARTESIAN_POINT ( 'NONE',  ( -0.9772810653854606677, -1.231905048449461804, 19.23736737915735162 ) ) ;
#4219 = CARTESIAN_POINT ( 'NONE',  ( 1.338300807568873152, 0.7726683315065731028, 13.84583333333333854 ) ) ;
#4220 = CARTESIAN_POINT ( 'NONE',  ( -1.154700538379278330, -2.000000000000052403, 16.70416666666669414 ) ) ;
#4221 = CARTESIAN_POINT ( 'NONE',  ( 1.764863307568879547, -1.018944305707794928, 17.64479166666666998 ) ) ;
#4222 = CARTESIAN_POINT ( 'NONE',  ( 1.338300807568873374, 0.7726683315065732138, 11.83333333333333570 ) ) ;
#4223 = CARTESIAN_POINT ( 'NONE',  ( 1.732050807568876749, 0.9999999999999928946, -3.229166666666662522 ) ) ;
#4224 = DIRECTION ( 'NONE',  ( 0.000000000000000000, 1.000000000000000000, 1.059903591714612962E-16 ) ) ;
#4225 = CARTESIAN_POINT ( 'NONE',  ( 0.8922005383792491751, 1.545336663013156198, 13.90416666666673429 ) ) ;
#4226 = DIRECTION ( 'NONE',  ( 0.000000000000000000, 1.000000000000000000, 0.000000000000000000 ) ) ;
#4227 = FACE_OUTER_BOUND ( 'NONE', #1103, .T. ) ;
#4228 = CARTESIAN_POINT ( 'NONE',  ( -1.338300807568872708, -0.7726683315065896451, 10.78333333333333677 ) ) ;
#4229 = CARTESIAN_POINT ( 'NONE',  ( -0.3593686453598991526, -1.516295529808097342, 19.21533666301317567 ) ) ;
#4230 = CARTESIAN_POINT ( 'NONE',  ( 4.991387529977850254E-16, 2.037888611415564544, 9.434375000000006395 ) ) ;
#4231 =( BOUNDED_CURVE ( )  B_SPLINE_CURVE ( 2, ( #2807, #689, #4886, #5885, #1252, #3215, #3249 ),
 .UNSPECIFIED., .F., .T. ) 
 B_SPLINE_CURVE_WITH_KNOTS ( ( 3, 2, 2, 3 ),
 ( 0.01409119755261404976, 0.01618120974167176762, 0.01827122193072949069, 0.02036123411978720682 ),
 .UNSPECIFIED. ) 
 CURVE ( )  GEOMETRIC_REPRESENTATION_ITEM ( )  RATIONAL_B_SPLINE_CURVE ( ( 1.000000000000000000, 0.8660254037844387076, 1.000000000000000000, 0.8660254037844387076, 1.000000000000000000, 0.8660254037862894494, 0.9999999999981492582 ) ) 
 REPRESENTATION_ITEM ( '' )  );
#4232 = CARTESIAN_POINT ( 'NONE',  ( 1.338300807568900908, -0.7726683315066071867, 12.41666666666668917 ) ) ;
#4233 = EDGE_CURVE ( 'NONE', #1687, #3415, #1831, .T. ) ;
#4234 = CARTESIAN_POINT ( 'NONE',  ( 0.000000000000000000, 2.037888611415570761, -5.978124999999997691 ) ) ;
#4235 = EDGE_CURVE ( 'NONE', #6053, #1920, #4482, .T. ) ;
#4236 = DIRECTION ( 'NONE',  ( -0.000000000000000000, 1.059903591714612962E-16, -1.000000000000000000 ) ) ;
#4237 = CARTESIAN_POINT ( 'NONE',  ( 1.338300807568872042, -0.7726683315065906443, 15.82916666666667282 ) ) ;
#4238 = VERTEX_POINT ( 'NONE', #3985 ) ;
#4239 = CARTESIAN_POINT ( 'NONE',  ( 1.338300807568883588, -0.7726683315065941970, -1.683333333333331794 ) ) ;
#4240 = CARTESIAN_POINT ( 'NONE',  ( 1.732050807568879858, -1.000000000000010436, 11.27916666666667567 ) ) ;
#4241 = CARTESIAN_POINT ( 'NONE',  ( -2.449293598294711345E-16, -2.000000000000008882, -2.149999999999998579 ) ) ;
#4242 = CARTESIAN_POINT ( 'NONE',  ( 0.000000000000000000, 1.545336663013172185, -9.849999999999997868 ) ) ;
#4243 = CARTESIAN_POINT ( 'NONE',  ( 2.353151076758506655, -8.298345537711768183E-15, 19.05937500000000639 ) ) ;
#4244 = CARTESIAN_POINT ( 'NONE',  ( -1.784401076758496574, -7.756815644250031206E-15, 19.82500000000000284 ) ) ;
#4245 = ORIENTED_EDGE ( 'NONE', *, *, #1130, .F. ) ;
#4246 = CARTESIAN_POINT ( 'NONE',  ( -1.784401076758511895, -4.852282266088861964E-15, -4.074999999999998401 ) ) ;
#4247 = CARTESIAN_POINT ( 'NONE',  ( 0.000000000000000000, 2.037888611415570761, -7.334375000000000533 ) ) ;
#4248 = EDGE_LOOP ( 'NONE', ( #6265, #4134, #3572, #3064, #3101, #1374, #663, #6514, #5442, #1141 ) ) ;
#4249 = DIRECTION ( 'NONE',  ( -0.000000000000000000, 1.059903591714612962E-16, -1.000000000000000000 ) ) ;
#4250 = CARTESIAN_POINT ( 'NONE',  ( -2.449293598294712824E-16, -2.000000000000012879, 12.65000000000000391 ) ) ;
#4251 = CARTESIAN_POINT ( 'NONE',  ( 3.000000000000000000, -1.437602170282579417, 0.2232411399077076919 ) ) ;
#4252 = CARTESIAN_POINT ( 'NONE',  ( 3.784983195928246554E-16, 1.545336663013156420, 13.96250000000000568 ) ) ;
#4253 = CARTESIAN_POINT ( 'NONE',  ( -2.449293598294700005E-16, -2.000000000000002665, 17.46250000000000213 ) ) ;
#4254 = CARTESIAN_POINT ( 'NONE',  ( 1.176575538379254660, 2.037888611415564100, 17.81979166666666714 ) ) ;
#4255 = CARTESIAN_POINT ( 'NONE',  ( -1.338300807568872708, 0.7726683315065744351, 9.266666666666669272 ) ) ;
#4256 = CARTESIAN_POINT ( 'NONE',  ( -2.449293598294711345E-16, -2.000000000000009326, -7.749999999999998224 ) ) ;
#4257 = CARTESIAN_POINT ( 'NONE',  ( 0.8922005383792477318, -1.545336663013172407, 12.97083333333340249 ) ) ;
#4258 = CARTESIAN_POINT ( 'NONE',  ( -1.223122569714493402, -0.9721628913966936514, 19.19839436558449108 ) ) ;
#4259 = CARTESIAN_POINT ( 'NONE',  ( 1.732050807568882522, 0.9999999999999933387, 9.383333333333336412 ) ) ;
#4260 = CARTESIAN_POINT ( 'NONE',  ( -0.8922005383792488420, -1.545336663013171519, 10.14166666666667105 ) ) ;
#4261 = CARTESIAN_POINT ( 'NONE',  ( -1.732050807568896955, 1.000000000000006439, -2.295833333333343607 ) ) ;
#4262 = CARTESIAN_POINT ( 'NONE',  ( 0.8922005383792492861, 1.545336663013156198, 18.19166666666666998 ) ) ;
#4263 = CARTESIAN_POINT ( 'NONE',  ( 0.8922005383792682709, 1.545336663013189282, 11.89166666666669059 ) ) ;
#4264 = CARTESIAN_POINT ( 'NONE',  ( 1.338300807568884476, 0.7726683315065828728, -1.479166666666663410 ) ) ;
#4265 = CARTESIAN_POINT ( 'NONE',  ( 1.764863307568883988, 1.018944305707781606, -5.394791666666663765 ) ) ;
#4266 = EDGE_CURVE ( 'NONE', #2473, #1163, #5019, .T. ) ;
#4267 = CARTESIAN_POINT ( 'NONE',  ( -1.784401076758496574, -7.756815644250031206E-15, 16.93750000000000711 ) ) ;
#4268 =( BOUNDED_CURVE ( )  B_SPLINE_CURVE ( 2, ( #4604, #5669, #6177 ),
 .UNSPECIFIED., .F., .F. ) 
 B_SPLINE_CURVE_WITH_KNOTS ( ( 3, 3 ),
 ( 0.1139510457982927244, 0.1188698022411083383 ),
 .UNSPECIFIED. ) 
 CURVE ( )  GEOMETRIC_REPRESENTATION_ITEM ( )  RATIONAL_B_SPLINE_CURVE ( ( 0.9350326333013481150, 0.9446449737021910265, 1.000000000000118794 ) ) 
 REPRESENTATION_ITEM ( '' )  );
#4269 = VERTEX_POINT ( 'NONE', #981 ) ;
#4270 = ADVANCED_FACE ( 'NONE', ( #6490 ), #2362, .T. ) ;
#4271 = CARTESIAN_POINT ( 'NONE',  ( 1.338300807568883588, -0.7726683315065946411, -8.683333333333331794 ) ) ;
#4272 = CARTESIAN_POINT ( 'NONE',  ( -2.449293598294711345E-16, -2.000000000000008882, -5.649999999999998579 ) ) ;
#4273 = CARTESIAN_POINT ( 'NONE',  ( 1.338300807568883588, -0.7726683315065945301, -6.583333333333330373 ) ) ;
#4274 = CARTESIAN_POINT ( 'NONE',  ( -2.353151076758506655, -7.721989750899276899E-15, 17.30937500000000995 ) ) ;
#4275 = CARTESIAN_POINT ( 'NONE',  ( -0.8922005383792481759, 1.545336663013156420, 19.00833333333333641 ) ) ;
#4276 = ORIENTED_EDGE ( 'NONE', *, *, #5454, .T. ) ;
#4277 = CARTESIAN_POINT ( 'NONE',  ( 1.784401076758511895, -5.267903160513264944E-15, -3.724999999999997424 ) ) ;
#4278 = ADVANCED_FACE ( 'NONE', ( #3884 ), #2788, .T. ) ;
#4279 = CARTESIAN_POINT ( 'NONE',  ( -1.338300807568884032, 0.7726683315065836499, -9.733333333333332504 ) ) ;
#4280 = ORIENTED_EDGE ( 'NONE', *, *, #1924, .F. ) ;
#4281 = LINE ( 'NONE', #6308, #2814 ) ;
#4282 = CARTESIAN_POINT ( 'NONE',  ( 1.732050807568881190, -1.000000000000011324, 18.36666666666667069 ) ) ;
#4283 = CARTESIAN_POINT ( 'NONE',  ( -0.8177634621515925684, -1.999999999988111510, -9.103811896063465525 ) ) ;
#4284 = CARTESIAN_POINT ( 'NONE',  ( -1.892491597964123277E-16, -1.545336663013171963, 12.91250000000000675 ) ) ;
#4285 = CARTESIAN_POINT ( 'NONE',  ( -2.495693764988925127E-16, -2.037888611415580531, 18.92812500000000497 ) ) ;
#4286 = DIRECTION ( 'NONE',  ( 0.000000000000000000, 1.000000000000000000, 0.000000000000000000 ) ) ;
#4287 = CARTESIAN_POINT ( 'NONE',  ( -1.338300807568872708, -0.7726683315065896451, 11.39583333333340143 ) ) ;
#4288 = CARTESIAN_POINT ( 'NONE',  ( 4.336808689942017736E-16, -2.875204340564338601, -9.165151389911683211 ) ) ;
#4289 = DIRECTION ( 'NONE',  ( -1.000000000000000000, 0.000000000000000000, 0.000000000000000000 ) ) ;
#4290 = CARTESIAN_POINT ( 'NONE',  ( 1.338300807568873152, 0.7726683315065731028, 11.13333333333333641 ) ) ;
#4291 = CARTESIAN_POINT ( 'NONE',  ( 1.394698401907470243E-11, 1.833581668492929362, -9.316418331507074768 ) ) ;
#4292 = CARTESIAN_POINT ( 'NONE',  ( -0.8922005383792482869, 1.545336663013156420, 20.40833333333333854 ) ) ;
#4293 = DIRECTION ( 'NONE',  ( 0.000000000000000000, -1.059903591714612962E-16, 1.000000000000000000 ) ) ;
#4294 = CARTESIAN_POINT ( 'NONE',  ( 1.338300807568900908, -0.7726683315066071867, 11.71666666666668988 ) ) ;
#4295 = CARTESIAN_POINT ( 'NONE',  ( 0.000000000000000000, 1.545336663013172851, -0.6624999999999964251 ) ) ;
#4296 = CARTESIAN_POINT ( 'NONE',  ( -1.764863307568883100, 1.018944305707783160, -5.161458333333330373 ) ) ;
#4297 = CARTESIAN_POINT ( 'NONE',  ( -1.338300807568884032, 0.7726683315065842050, -1.333333333333330373 ) ) ;
#4298 = CARTESIAN_POINT ( 'NONE',  ( -2.999999999999998668, 1.525580006757000673, 0.2451915329731633453 ) ) ;
#4299 = CARTESIAN_POINT ( 'NONE',  ( 1.338300807568872042, -0.7726683315065906443, 13.72916666666667318 ) ) ;
#4300 = B_SPLINE_CURVE_WITH_KNOTS ( 'NONE', 3,
 ( #3256, #1820, #3722, #4862, #5761, #1290, #4796, #1322 ),
 .UNSPECIFIED., .F., .F.,
 ( 4, 2, 2, 4 ),
 ( 0.000000000000000000, 0.0006036709503674863664, 0.0009055064255512296038, 0.001207341900734972733 ),
 .UNSPECIFIED. ) ;
#4301 = EDGE_LOOP ( 'NONE', ( #5409, #4124, #4110, #4380 ) ) ;
#4302 = CARTESIAN_POINT ( 'NONE',  ( 0.8922005383792566136, 1.545336663013171741, -6.320833333333330195 ) ) ;
#4303 = EDGE_CURVE ( 'NONE', #487, #3574, #5153, .T. ) ;
#4304 = VECTOR ( 'NONE', #3707, 1000.000000000000000 ) ;
#4305 = CARTESIAN_POINT ( 'NONE',  ( -1.338300807568884032, 0.7726683315065837609, -8.333333333333332149 ) ) ;
#4306 = CARTESIAN_POINT ( 'NONE',  ( 0.000000000000000000, 5.246303815928974609E-16, -9.500000000000000000 ) ) ;
#4307 = CARTESIAN_POINT ( 'NONE',  ( 0.000000000000000000, 1.545336663013172407, -6.349999999999997868 ) ) ;
#4308 = CARTESIAN_POINT ( 'NONE',  ( 2.353151076758506655, -8.298345537711768183E-15, 18.35937500000000711 ) ) ;
#4309 = CARTESIAN_POINT ( 'NONE',  ( 1.784401076758496574, -8.193867857659506841E-15, 19.47500000000000142 ) ) ;
#4310 = EDGE_LOOP ( 'NONE', ( #6195, #2031, #6533, #6277 ) ) ;
#4311 = CARTESIAN_POINT ( 'NONE',  ( 1.338300807568884698, 0.7726683315065828728, -2.966666666666664121 ) ) ;
#4312 = EDGE_CURVE ( 'NONE', #2568, #6307, #2810, .T. ) ;
#4313 = CARTESIAN_POINT ( 'NONE',  ( 1.764863307568882655, -1.018944305707793818, -3.367708333333334636 ) ) ;
#4314 = ORIENTED_EDGE ( 'NONE', *, *, #26, .F. ) ;
#4315 = CARTESIAN_POINT ( 'NONE',  ( 0.000000000000000000, 1.999999999999998668, -6.699999999999998401 ) ) ;
#4316 = LINE ( 'NONE', #6247, #3123 ) ;
#4317 = FACE_OUTER_BOUND ( 'NONE', #2393, .T. ) ;
#4318 = CARTESIAN_POINT ( 'NONE',  ( 0.8922005383792491751, 1.545336663013155754, 11.10416666666667496 ) ) ;
#4319 = CARTESIAN_POINT ( 'NONE',  ( -1.732050807568881634, 0.9999999999999950040, 14.51666666666666750 ) ) ;
#4320 = CARTESIAN_POINT ( 'NONE',  ( 1.764863307568880879, 1.018944305707776943, 17.06145833333333428 ) ) ;
#4321 = FACE_OUTER_BOUND ( 'NONE', #5460, .T. ) ;
#4322 = CARTESIAN_POINT ( 'NONE',  ( -1.784401076758496352, -7.756815644250031206E-15, 13.43750000000006928 ) ) ;
#4323 = AXIS2_PLACEMENT_3D ( 'NONE', #2484, #1511, #5057 ) ;
#4324 = CARTESIAN_POINT ( 'NONE',  ( 1.338300807568901796, 0.7726683315065896451, 18.83333333333335702 ) ) ;
#4325 = CARTESIAN_POINT ( 'NONE',  ( 1.732050807569092798, -1.000000000000133449, 9.879166666666817420 ) ) ;
#4326 = CARTESIAN_POINT ( 'NONE',  ( -1.892491597964123277E-16, -1.545336663013171963, 10.90000000000000391 ) ) ;
#4327 = CARTESIAN_POINT ( 'NONE',  ( 1.714018071695479373, 0.3408862169648417262, -9.412815942820259352 ) ) ;
#4328 = CARTESIAN_POINT ( 'NONE',  ( 0.8922005383792492861, 1.545336663013156198, 20.29166666666666785 ) ) ;
#4329 = CARTESIAN_POINT ( 'NONE',  ( -1.154700538378662822, 2.000000000001022293, -4.541666666666726471 ) ) ;
#4330 = CARTESIAN_POINT ( 'NONE',  ( -1.892491597964164199E-16, -1.545336663013205047, 10.20000000000002416 ) ) ;
#4331 = CARTESIAN_POINT ( 'NONE',  ( -1.784401076758511673, -4.846924436342592617E-15, -3.987499999999997602 ) ) ;
#4332 = DIRECTION ( 'NONE',  ( 0.000000000000000000, 1.000000000000000000, 0.000000000000000000 ) ) ;
#4333 = B_SPLINE_CURVE_WITH_KNOTS ( 'NONE', 3,
 ( #490, #2506, #2351, #549, #52, #331, #6153, #2669, #6248, #4748, #4152, #2734, #1602, #1670, #678, #3643 ),
 .UNSPECIFIED., .F., .F.,
 ( 4, 2, 2, 2, 2, 2, 2, 4 ),
 ( 0.000000000000000000, 0.0004252174303876070957, 0.0008504348607752141914, 0.001700869721550427949, 0.002126087151938035099, 0.002551304582325642032, 0.002976522012713249399, 0.003401739443100855898 ),
 .UNSPECIFIED. ) ;
#4334 = CARTESIAN_POINT ( 'NONE',  ( 2.449293598294706414E-16, -1.999999999999999556, -9.500000000000000000 ) ) ;
#4335 = CARTESIAN_POINT ( 'NONE',  ( -1.892491597964123277E-16, -1.545336663013171963, 14.31250000000000533 ) ) ;
#4336 = CARTESIAN_POINT ( 'NONE',  ( 1.338300807568883144, -0.7726683315065940860, -2.995833333333330462 ) ) ;
#4337 = ORIENTED_EDGE ( 'NONE', *, *, #1450, .F. ) ;
#4338 = CARTESIAN_POINT ( 'NONE',  ( -1.338300807568884032, 0.7726683315065838720, -6.933333333333330906 ) ) ;
#4339 = CARTESIAN_POINT ( 'NONE',  ( 1.089720321061851793, -1.172048813614863239, 19.26709857809841964 ) ) ;
#4340 = CARTESIAN_POINT ( 'NONE',  ( -1.764863307568879991, 1.018944305707778719, 17.95104166666667567 ) ) ;
#4341 = CARTESIAN_POINT ( 'NONE',  ( -1.338300807568872486, 0.7726683315065743241, 17.66666666666667140 ) ) ;
#4342 = ORIENTED_EDGE ( 'NONE', *, *, #4312, .T. ) ;
#4343 =( BOUNDED_CURVE ( )  B_SPLINE_CURVE ( 2, ( #5523, #6060, #1915, #1422, #3957, #2948, #3518 ),
 .UNSPECIFIED., .F., .F. ) 
 B_SPLINE_CURVE_WITH_KNOTS ( ( 3, 2, 2, 3 ),
 ( 0.5555555555555555802, 0.5648148148148147696, 0.5740740740740741810, 0.5833333333333334814 ),
 .UNSPECIFIED. ) 
 CURVE ( )  GEOMETRIC_REPRESENTATION_ITEM ( )  RATIONAL_B_SPLINE_CURVE ( ( 1.000000000000000000, 0.8660254037844387076, 1.000000000000000000, 0.8660254037844387076, 1.000000000000000000, 0.8660254037844371533, 1.000000000000001554 ) ) 
 REPRESENTATION_ITEM ( '' )  );
#4344 = CARTESIAN_POINT ( 'NONE',  ( -0.8922005383792556144, 1.545336663013172185, -9.704166666666663943 ) ) ;
#4345 = CARTESIAN_POINT ( 'NONE',  ( -1.764863307568883100, 1.018944305707783160, -3.017708333333334103 ) ) ;
#4346 = DIRECTION ( 'NONE',  ( -0.000000000000000000, 1.059903591714612962E-16, -1.000000000000000000 ) ) ;
#4347 = CARTESIAN_POINT ( 'NONE',  ( -0.8922005383792563915, -1.545336663013182177, -8.770833333333330373 ) ) ;
#4348 = CARTESIAN_POINT ( 'NONE',  ( 0.000000000000000000, 5.246303815928974609E-16, -9.500000000000000000 ) ) ;
#4349 = CARTESIAN_POINT ( 'NONE',  ( -1.338300807568872708, -0.7726683315065896451, 10.69583333333333997 ) ) ;
#4350 = CARTESIAN_POINT ( 'NONE',  ( -2.309401076758508697, -7.724668665772411967E-15, 18.07500000000000284 ) ) ;
#4351 = CARTESIAN_POINT ( 'NONE',  ( -1.176575538379254215, -2.037888611415580087, 16.06979166666667069 ) ) ;
#4352 = EDGE_CURVE ( 'NONE', #1577, #2661, #4902, .T. ) ;
#4353 = CARTESIAN_POINT ( 'NONE',  ( 0.6623378907445320873, -3.081700655621911533, 0.1058884084970953543 ) ) ;
#4354 = DIRECTION ( 'NONE',  ( 0.000000000000000000, 1.000000000000000000, 0.000000000000000000 ) ) ;
#4355 = CARTESIAN_POINT ( 'NONE',  ( 1.154700538379233921, -2.000000000000047962, 14.80833333333333357 ) ) ;
#4356 = CARTESIAN_POINT ( 'NONE',  ( 1.338300807568872042, -0.7726683315065906443, 12.41666666666666963 ) ) ;
#4357 = CARTESIAN_POINT ( 'NONE',  ( 3.000000000000000000, -1.437602170282233915, 19.77675886009237871 ) ) ;
#4358 = CARTESIAN_POINT ( 'NONE',  ( -1.338300807568872930, -0.7726683315065897562, 18.48333333333333783 ) ) ;
#4359 = CARTESIAN_POINT ( 'NONE',  ( -2.449293598294711345E-16, -2.000000000000008882, -4.249999999999998224 ) ) ;
#4360 = CARTESIAN_POINT ( 'NONE',  ( 1.784401076758534765, -8.193867857659513152E-15, 13.17500000000002380 ) ) ;
#4361 = EDGE_CURVE ( 'NONE', #2791, #829, #6330, .T. ) ;
#4362 = CARTESIAN_POINT ( 'NONE',  ( 1.784401076758511673, -5.219682692796836875E-15, -2.937499999999996447 ) ) ;
#4363 = CARTESIAN_POINT ( 'NONE',  ( -2.495693764988929564E-16, -2.037888611415580975, -0.7281249999999979128 ) ) ;
#4364 = CARTESIAN_POINT ( 'NONE',  ( 1.338300807568884698, 0.7726683315065827617, -3.666666666666664298 ) ) ;
#4365 = LINE ( 'NONE', #5894, #946 ) ;
#4366 = CARTESIAN_POINT ( 'NONE',  ( -1.892491597964123277E-16, -1.545336663013171963, 11.51250000000000639 ) ) ;
#4367 = CARTESIAN_POINT ( 'NONE',  ( -1.338300807568883588, 0.7726683315065838720, -2.645833333333329929 ) ) ;
#4368 = ORIENTED_EDGE ( 'NONE', *, *, #1613, .F. ) ;
#4369 = CARTESIAN_POINT ( 'NONE',  ( 1.338300807568883588, -0.7726683315065946411, -7.983333333333331616 ) ) ;
#4370 = CARTESIAN_POINT ( 'NONE',  ( 0.4518049104711446828, -1.500377512588370488, 19.23355566937957306 ) ) ;
#4371 = CARTESIAN_POINT ( 'NONE',  ( -1.176575538379254215, -2.037888611415580087, 13.92604166666667176 ) ) ;
#4372 = ORIENTED_EDGE ( 'NONE', *, *, #4667, .T. ) ;
#4373 = CARTESIAN_POINT ( 'NONE',  ( -1.892491597964139794E-16, -1.545336663013182621, -9.412499999999997868 ) ) ;
#4374 = CARTESIAN_POINT ( 'NONE',  ( -2.495693764988929564E-16, -2.037888611415580975, -3.484375000000001332 ) ) ;
#4375 = CARTESIAN_POINT ( 'NONE',  ( 1.154700538379245467, -2.000000000000027534, 16.20833333333333570 ) ) ;
#4376 = CARTESIAN_POINT ( 'NONE',  ( 1.784401076758511895, -5.519721158587937673E-15, -7.837499999999996803 ) ) ;
#4377 = CARTESIAN_POINT ( 'NONE',  ( 1.247049539193262113, -1.481407389449707734, 19.60229295311140874 ) ) ;
#4378 = CARTESIAN_POINT ( 'NONE',  ( -2.821211540036907106, -1.835274373056717589, 19.75480256142335023 ) ) ;
#4379 = CARTESIAN_POINT ( 'NONE',  ( -1.176575538379254215, -2.037888611415580087, 14.66979166666667034 ) ) ;
#4380 = ORIENTED_EDGE ( 'NONE', *, *, #1855, .T. ) ;
#4381 = CARTESIAN_POINT ( 'NONE',  ( 2.449293598294706414E-16, -1.999999999999999556, -9.500000000000000000 ) ) ;
#4382 = ORIENTED_EDGE ( 'NONE', *, *, #1250, .F. ) ;
#4383 = CARTESIAN_POINT ( 'NONE',  ( -2.999999999999999556, 1.392170721059214353E-13, 0.03464101614959282788 ) ) ;
#4384 = EDGE_CURVE ( 'NONE', #1935, #4238, #616, .T. ) ;
#4385 = CARTESIAN_POINT ( 'NONE',  ( 1.338300807568872042, -0.7726683315065906443, 19.32916666666667282 ) ) ;
#4386 = CARTESIAN_POINT ( 'NONE',  ( 1.420189296852609306, -0.9220420393638388834, -9.467489679714804041 ) ) ;
#4387 = CARTESIAN_POINT ( 'NONE',  ( -1.892491597964123770E-16, -1.545336663013172185, 18.60000000000000142 ) ) ;
#4388 = CARTESIAN_POINT ( 'NONE',  ( -1.732050807568880746, 0.9999999999999972244, -4.483333333333332504 ) ) ;
#4389 = CARTESIAN_POINT ( 'NONE',  ( 0.000000000000000000, 5.246303815928974609E-16, -9.500000000000000000 ) ) ;
#4390 = CARTESIAN_POINT ( 'NONE',  ( -2.309401076758508697, -7.724668665772411967E-15, 17.37500000000000000 ) ) ;
#4391 = CARTESIAN_POINT ( 'NONE',  ( 1.764863307568883988, 1.018944305707781828, -0.4947916666666641872 ) ) ;
#4392 = EDGE_CURVE ( 'NONE', #4501, #1446, #2572, .T. ) ;
#4393 = CARTESIAN_POINT ( 'NONE',  ( -1.338300807568884032, -0.7726683315065933089, -2.616666666666664920 ) ) ;
#4394 = CARTESIAN_POINT ( 'NONE',  ( -1.552639347747607923, 1.260678807558009318, 8.900000000000002132 ) ) ;
#4395 = CARTESIAN_POINT ( 'NONE',  ( -1.338300807568872708, -0.7726683315065896451, 12.79583333333333961 ) ) ;
#4396 = EDGE_CURVE ( 'NONE', #2355, #2473, #5841, .T. ) ;
#4397 = CARTESIAN_POINT ( 'NONE',  ( 1.513938195545808219, 0.5144530143596285354, 8.899999999999996803 ) ) ;
#4398 = CARTESIAN_POINT ( 'NONE',  ( 0.8922005383792551703, -1.545336663013182621, -5.154166666666664121 ) ) ;
#4399 = ORIENTED_EDGE ( 'NONE', *, *, #2820, .F. ) ;
#4400 = AXIS2_PLACEMENT_3D ( 'NONE', #433, #3960, #2455 ) ;
#4401 = CARTESIAN_POINT ( 'NONE',  ( 1.784401076758511895, -5.439353712393893521E-15, -6.524999999999997691 ) ) ;
#4402 = CARTESIAN_POINT ( 'NONE',  ( 2.170892598129463903E-16, -1.545336663013173073, -1.140000000000000568 ) ) ;
#4403 = CARTESIAN_POINT ( 'NONE',  ( -1.176575538379253105, 2.037888611415564544, 13.69270833333334103 ) ) ;
#4404 = ORIENTED_EDGE ( 'NONE', *, *, #6149, .F. ) ;
#4405 = CARTESIAN_POINT ( 'NONE',  ( -1.784401076758511673, -5.104100264163537059E-15, -8.187499999999996447 ) ) ;
#4406 = CARTESIAN_POINT ( 'NONE',  ( -1.176575538379256214, -2.037888611415580531, -1.442708333333334147 ) ) ;
#4407 = DIRECTION ( 'NONE',  ( -0.000000000000000000, 1.059903591714612962E-16, -1.000000000000000000 ) ) ;
#4408 = CARTESIAN_POINT ( 'NONE',  ( 1.338300807568884476, 0.7726683315065823177, -9.179166666666663588 ) ) ;
#4409 = CARTESIAN_POINT ( 'NONE',  ( -1.154700538378662822, 2.000000000001021849, -8.741666666666725760 ) ) ;
#4410 = CARTESIAN_POINT ( 'NONE',  ( 0.8922005383792491751, 1.545336663013155754, 9.704166666666672825 ) ) ;
#4411 = CARTESIAN_POINT ( 'NONE',  ( 1.867627641947029682, -0.4225286468148962693, -1.351650605753985435 ) ) ;
#4412 = CARTESIAN_POINT ( 'NONE',  ( 2.353151076758506655, -8.298345537711768183E-15, 14.90312500000000284 ) ) ;
#4413 = ORIENTED_EDGE ( 'NONE', *, *, #4967, .F. ) ;
#4414 = PLANE ( 'NONE',  #4192 ) ;
#4415 = ORIENTED_EDGE ( 'NONE', *, *, #4468, .T. ) ;
#4416 = CARTESIAN_POINT ( 'NONE',  ( 2.954412202348664670E-11, -2.000000000000002220, 15.36250000000149107 ) ) ;
#4417 = CARTESIAN_POINT ( 'NONE',  ( 0.8922005383792477318, -1.545336663013172407, 18.57083333333333997 ) ) ;
#4418 = CARTESIAN_POINT ( 'NONE',  ( -1.732050807568881856, -1.000000000000009992, 18.83333333333333570 ) ) ;
#4419 = CARTESIAN_POINT ( 'NONE',  ( -1.892491597964123770E-16, -1.545336663013172185, 17.20000000000000284 ) ) ;
#4420 = ORIENTED_EDGE ( 'NONE', *, *, #5194, .T. ) ;
#4421 = DIRECTION ( 'NONE',  ( 0.000000000000000000, 1.000000000000000000, 0.000000000000000000 ) ) ;
#4422 = PLANE ( 'NONE',  #3020 ) ;
#4423 = CARTESIAN_POINT ( 'NONE',  ( -2.495693764988929564E-16, -2.037888611415580975, -1.428124999999997202 ) ) ;
#4424 = CARTESIAN_POINT ( 'NONE',  ( 0.8922005383792568356, 1.545336663013172185, -1.508333333333330195 ) ) ;
#4425 = CARTESIAN_POINT ( 'NONE',  ( 2.449293598294704442E-16, -1.999999999999997780, -9.500000000000000000 ) ) ;
#4426 = CARTESIAN_POINT ( 'NONE',  ( -1.338300807568872708, -0.7726683315065896451, 10.69583333333333997 ) ) ;
#4427 = EDGE_CURVE ( 'NONE', #4680, #1131, #780, .T. ) ;
#4428 = B_SPLINE_CURVE_WITH_KNOTS ( 'NONE', 3,
 ( #1745, #323, #6384, #5916, #5821, #3848 ),
 .UNSPECIFIED., .F., .F.,
 ( 4, 2, 4 ),
 ( 0.0002302152388334156950, 0.0006791104162433345267, 0.001128005593653253359 ),
 .UNSPECIFIED. ) ;
#4429 = VERTEX_POINT ( 'NONE', #5209 ) ;
#4430 = CARTESIAN_POINT ( 'NONE',  ( 1.318712786928005976, 1.002742740914473130, 8.900000000000003908 ) ) ;
#4431 = AXIS2_PLACEMENT_3D ( 'NONE', #587, #5688, #92 ) ;
#4432 = CARTESIAN_POINT ( 'NONE',  ( 1.338300807568884254, 0.7726683315065825397, -4.279166666666664121 ) ) ;
#4433 = ORIENTED_EDGE ( 'NONE', *, *, #6227, .T. ) ;
#4434 = AXIS2_PLACEMENT_3D ( 'NONE', #5752, #2142, #4224 ) ;
#4435 = CARTESIAN_POINT ( 'NONE',  ( -1.784401076758511895, -5.066595455939650051E-15, -7.574999999999997513 ) ) ;
#4436 = CARTESIAN_POINT ( 'NONE',  ( 3.000000000000000444, 1.204083504664254400, 0.1649784375743425791 ) ) ;
#4437 = CARTESIAN_POINT ( 'NONE',  ( 1.764863307568880879, 1.018944305707776943, 13.51770833333334032 ) ) ;
#4438 = ORIENTED_EDGE ( 'NONE', *, *, #2746, .T. ) ;
#4439 = CARTESIAN_POINT ( 'NONE',  ( -1.338300807568884032, -0.7726683315065935309, -8.129166666666662877 ) ) ;
#4440 =( BOUNDED_CURVE ( )  B_SPLINE_CURVE ( 2, ( #6424, #6393, #1851, #5418, #854, #233, #3791 ),
 .UNSPECIFIED., .F., .F. ) 
 B_SPLINE_CURVE_WITH_KNOTS ( ( 3, 2, 2, 3 ),
 ( 0.7777777777777777901, 0.7870370370370370905, 0.7962962962962962798, 0.8055555555555555802 ),
 .UNSPECIFIED. ) 
 CURVE ( )  GEOMETRIC_REPRESENTATION_ITEM ( )  RATIONAL_B_SPLINE_CURVE ( ( 1.000000000000000000, 0.8660254037844387076, 1.000000000000000000, 0.8660254037844387076, 1.000000000000000000, 0.8660254037844387076, 1.000000000000000000 ) ) 
 REPRESENTATION_ITEM ( '' )  );
#4441 = CARTESIAN_POINT ( 'NONE',  ( 1.338300807568884698, 0.7726683315065825397, -8.566666666666662877 ) ) ;
#4442 = CARTESIAN_POINT ( 'NONE',  ( -2.309401076758505145, -7.724668665772413545E-15, 18.68750000000000711 ) ) ;
#4443 = CARTESIAN_POINT ( 'NONE',  ( -1.338300807568883810, 0.7726683315065837609, -6.845833333333330550 ) ) ;
#4444 = CARTESIAN_POINT ( 'NONE',  ( -1.732050807568880746, 0.9999999999999970024, -8.683333333333333570 ) ) ;
#4445 = CARTESIAN_POINT ( 'NONE',  ( 3.784983195928246554E-16, 1.545336663013156420, 9.062500000000007105 ) ) ;
#4446 = CARTESIAN_POINT ( 'NONE',  ( -2.449293598294712824E-16, -2.000000000000012879, 16.15000000000000213 ) ) ;
#4447 = CARTESIAN_POINT ( 'NONE',  ( 1.764863307568880879, 1.018944305707776943, 14.26145833333333535 ) ) ;
#4448 = EDGE_LOOP ( 'NONE', ( #1532, #5585, #6366, #6486, #2141 ) ) ;
#4449 = CARTESIAN_POINT ( 'NONE',  ( 0.2550000000103330167, -3.316877296488436322, 0.2232411399046281275 ) ) ;
#4450 = CYLINDRICAL_SURFACE ( 'NONE', #3544, 1.999999999999998224 ) ;
#4451 = ORIENTED_EDGE ( 'NONE', *, *, #3829, .F. ) ;
#4452 = FACE_OUTER_BOUND ( 'NONE', #5365, .T. ) ;
#4453 = CARTESIAN_POINT ( 'NONE',  ( -1.338300807568872708, -0.7726683315065896451, 18.39583333333333925 ) ) ;
#4454 = DIRECTION ( 'NONE',  ( -0.000000000000000000, 1.059903591714612962E-16, -1.000000000000000000 ) ) ;
#4455 = CARTESIAN_POINT ( 'NONE',  ( 1.338300807568872264, -0.7726683315065907554, 15.91666666666666963 ) ) ;
#4456 = VERTEX_POINT ( 'NONE', #647 ) ;
#4457 = CARTESIAN_POINT ( 'NONE',  ( 0.3753767161555718879, -1.964457258626338465, 19.67000000000037119 ) ) ;
#4458 = CYLINDRICAL_SURFACE ( 'NONE', #3219, 1.999999999999998224 ) ;
#4459 = CARTESIAN_POINT ( 'NONE',  ( -1.154700538379263453, -1.999999999999999334, 9.791666666666666075 ) ) ;
#4460 = CARTESIAN_POINT ( 'NONE',  ( 2.353151076758510651, -5.221022150233404409E-15, -1.253124999999997380 ) ) ;
#4461 = CARTESIAN_POINT ( 'NONE',  ( 0.000000000000000000, -4.822780305359848161E-16, 0.000000000000000000 ) ) ;
#4462 = DIRECTION ( 'NONE',  ( 0.000000000000000000, 1.000000000000000000, 0.000000000000000000 ) ) ;
#4463 = CARTESIAN_POINT ( 'NONE',  ( -2.353151076758506655, -7.721989750899276899E-15, 20.15312500000000639 ) ) ;
#4464 = EDGE_LOOP ( 'NONE', ( #5257, #5483, #2339, #4404 ) ) ;
#4465 = CARTESIAN_POINT ( 'NONE',  ( -2.939999999999999503, -4.451546108814561596E-15, 20.00000000000000000 ) ) ;
#4466 = CARTESIAN_POINT ( 'NONE',  ( 1.338300807568883144, -0.7726683315065941970, -5.095833333333330550 ) ) ;
#4467 = VERTEX_POINT ( 'NONE', #4555 ) ;
#4468 = EDGE_CURVE ( 'NONE', #2408, #6580, #1702, .T. ) ;
#4469 = CARTESIAN_POINT ( 'NONE',  ( -0.8922005383792565025, -1.545336663013182177, -7.458333333333330373 ) ) ;
#4470 = PLANE ( 'NONE',  #4836 ) ;
#4471 = CARTESIAN_POINT ( 'NONE',  ( 1.176575538379254660, 2.037888611415564100, 12.87604166666667460 ) ) ;
#4472 = CARTESIAN_POINT ( 'NONE',  ( -1.784401076758511673, -5.189825540103851348E-15, -9.587499999999996803 ) ) ;
#4473 = CARTESIAN_POINT ( 'NONE',  ( -1.784401076758511895, -5.023732817969491330E-15, -6.874999999999998224 ) ) ;
#4474 = EDGE_CURVE ( 'NONE', #3333, #4545, #121, .T. ) ;
#4475 = DIRECTION ( 'NONE',  ( -0.000000000000000000, 1.059903591714612962E-16, -1.000000000000000000 ) ) ;
#4476 = CARTESIAN_POINT ( 'NONE',  ( 0.8922005383792552813, -1.545336663013182843, -7.254166666666663765 ) ) ;
#4477 = CARTESIAN_POINT ( 'NONE',  ( 1.732050807568881190, 0.9999999999999952260, -8.216666666666663232 ) ) ;
#4478 = CARTESIAN_POINT ( 'NONE',  ( -0.1399536396733414567, 2.303031255923377874, 8.343048928623060689 ) ) ;
#4479 = CARTESIAN_POINT ( 'NONE',  ( -1.154700538378662822, 2.000000000001022293, -3.141666666666724339 ) ) ;
#4480 = CARTESIAN_POINT ( 'NONE',  ( 1.176575538379252661, -2.037888611415580975, 11.98645833333333499 ) ) ;
#4481 = ORIENTED_EDGE ( 'NONE', *, *, #4303, .F. ) ;
#4482 =( BOUNDED_CURVE ( )  B_SPLINE_CURVE ( 2, ( #3377, #1876, #3918, #2906, #2974, #6019, #4950 ),
 .UNSPECIFIED., .F., .T. ) 
 B_SPLINE_CURVE_WITH_KNOTS ( ( 3, 2, 2, 3 ),
 ( 0.7222222222222224319, 0.7314814814814817323, 0.7407407407407408106, 0.7500000000000001110 ),
 .UNSPECIFIED. ) 
 CURVE ( )  GEOMETRIC_REPRESENTATION_ITEM ( )  RATIONAL_B_SPLINE_CURVE ( ( 0.9999999999999967804, 0.8660254037844419273, 1.000000000000000000, 0.8660254037844387076, 1.000000000000000000, 0.8660254037844371533, 1.000000000000001554 ) ) 
 REPRESENTATION_ITEM ( '' )  );
#4483 = EDGE_CURVE ( 'NONE', #487, #6014, #1114, .T. ) ;
#4484 = CARTESIAN_POINT ( 'NONE',  ( -0.8922005383792488420, -1.545336663013171519, 10.05416666666673464 ) ) ;
#4485 = CARTESIAN_POINT ( 'NONE',  ( 1.154700538379252128, 1.999999999999990008, 14.95416666666667105 ) ) ;
#4486 = ORIENTED_EDGE ( 'NONE', *, *, #1450, .T. ) ;
#4487 = CARTESIAN_POINT ( 'NONE',  ( -1.764863307568883100, 1.018944305707782938, -7.917708333333333570 ) ) ;
#4488 = CARTESIAN_POINT ( 'NONE',  ( -1.892491597964123277E-16, -1.545336663013171963, 19.91250000000000497 ) ) ;
#4489 = DIRECTION ( 'NONE',  ( 0.000000000000000000, 1.000000000000000000, 0.000000000000000000 ) ) ;
#4490 = CARTESIAN_POINT ( 'NONE',  ( 1.784401076758496796, -8.193867857659506841E-15, 15.97500000000000142 ) ) ;
#4491 = ORIENTED_EDGE ( 'NONE', *, *, #1334, .T. ) ;
#4492 = CARTESIAN_POINT ( 'NONE',  ( -1.732050807568875861, 0.9999999999999943379, -1.595833333333328552 ) ) ;
#4493 = DIRECTION ( 'NONE',  ( -0.000000000000000000, 1.059903591714612962E-16, -1.000000000000000000 ) ) ;
#4494 = DIRECTION ( 'NONE',  ( -0.000000000000000000, 1.059903591714612962E-16, -1.000000000000000000 ) ) ;
#4495 = DIRECTION ( 'NONE',  ( -0.000000000000000000, 1.059903591714612962E-16, -1.000000000000000000 ) ) ;
#4496 = CARTESIAN_POINT ( 'NONE',  ( 0.000000000000000000, 1.999999999999998224, -5.912499999999999645 ) ) ;
#4497 = CARTESIAN_POINT ( 'NONE',  ( -2.309401076758607285, -4.964796690760522989E-15, -6.437500000000049738 ) ) ;
#4498 = CARTESIAN_POINT ( 'NONE',  ( -1.764863307568880213, -1.018944305707793596, 19.51145833333333712 ) ) ;
#4499 = CARTESIAN_POINT ( 'NONE',  ( 1.401729231430364209, 0.8485461580220199362, 8.899999999999995026 ) ) ;
#4500 = CARTESIAN_POINT ( 'NONE',  ( -1.764863307568883100, 1.018944305707782938, -9.361458333333331439 ) ) ;
#4501 = VERTEX_POINT ( 'NONE', #17 ) ;
#4502 = FACE_OUTER_BOUND ( 'NONE', #1389, .T. ) ;
#4503 = CARTESIAN_POINT ( 'NONE',  ( 1.764863307568880879, 1.018944305707776943, 12.81770833333334103 ) ) ;
#4504 = EDGE_CURVE ( 'NONE', #3574, #4501, #6527, .T. ) ;
#4505 = CARTESIAN_POINT ( 'NONE',  ( 0.8922005383792567246, 1.545336663013171963, -6.320833333333330195 ) ) ;
#4506 = CARTESIAN_POINT ( 'NONE',  ( 0.8922005383792555033, -1.545336663013183509, -8.741666666666665364 ) ) ;
#4507 = VECTOR ( 'NONE', #321, 1000.000000000000000 ) ;
#4508 = CARTESIAN_POINT ( 'NONE',  ( 2.449293598294704442E-16, -1.999999999999997780, -9.500000000000000000 ) ) ;
#4509 = CARTESIAN_POINT ( 'NONE',  ( 0.8922005383792552813, -1.545336663013182621, -3.754166666666663321 ) ) ;
#4510 = CARTESIAN_POINT ( 'NONE',  ( -1.533750108698465509, -0.7870985514403088246, -9.438254494988257193 ) ) ;
#4511 = COORDINATED_UNIVERSAL_TIME_OFFSET ( 6, 0, .BEHIND. ) ;
#4512 = CARTESIAN_POINT ( 'NONE',  ( 1.823433512985929150, 0.4151824469294302378, -1.325788497914730302 ) ) ;
#4513 = CARTESIAN_POINT ( 'NONE',  ( 2.353151076758506655, -8.298345537711768183E-15, 14.20312500000000178 ) ) ;
#4514 = ORIENTED_EDGE ( 'NONE', *, *, #285, .F. ) ;
#4515 = EDGE_CURVE ( 'NONE', #375, #3067, #3496, .T. ) ;
#4516 = AXIS2_PLACEMENT_3D ( 'NONE', #2614, #4161, #1121 ) ;
#4517 = CARTESIAN_POINT ( 'NONE',  ( 4.898587196589426634E-16, 1.999999999999997780, 15.71250000000001101 ) ) ;
#4518 = CARTESIAN_POINT ( 'NONE',  ( 0.000000000000000000, 2.000000000000000444, -9.500000000000000000 ) ) ;
#4519 = ORIENTED_EDGE ( 'NONE', *, *, #4597, .F. ) ;
#4520 = CARTESIAN_POINT ( 'NONE',  ( -0.2550000000103320175, -3.316877296488437210, 19.77675886009537010 ) ) ;
#4521 = CARTESIAN_POINT ( 'NONE',  ( 1.498877908942836346, 0.7869802494341665566, 19.35896043015281975 ) ) ;
#4522 = CARTESIAN_POINT ( 'NONE',  ( -1.784401076758496574, -7.756815644250031206E-15, 19.73750000000000426 ) ) ;
#4523 = VECTOR ( 'NONE', #5813, 1000.000000000000000 ) ;
#4524 = CARTESIAN_POINT ( 'NONE',  ( -1.154700538379238139, 2.000000000000025313, 15.15833333333333144 ) ) ;
#4525 = CARTESIAN_POINT ( 'NONE',  ( -1.338300807568872708, 0.7726683315065744351, 14.86666666666667069 ) ) ;
#4526 = ORIENTED_EDGE ( 'NONE', *, *, #1968, .T. ) ;
#4527 = CARTESIAN_POINT ( 'NONE',  ( 3.784983195928246554E-16, 1.545336663013156420, 18.86250000000007176 ) ) ;
#4528 = CARTESIAN_POINT ( 'NONE',  ( 0.000000000000000000, 1.999999999999998224, -3.812499999999998668 ) ) ;
#4529 =( BOUNDED_CURVE ( )  B_SPLINE_CURVE ( 2, ( #2501, #4485, #6516, #4217, #3169, #2169, #3305 ),
 .UNSPECIFIED., .F., .T. ) 
 B_SPLINE_CURVE_WITH_KNOTS ( ( 3, 2, 2, 3 ),
 ( 0.08934206826989202210, 0.09143255299029859340, 0.09352303771070512306, 0.09561352243111169436 ),
 .UNSPECIFIED. ) 
 CURVE ( )  GEOMETRIC_REPRESENTATION_ITEM ( )  RATIONAL_B_SPLINE_CURVE ( ( 1.000000000000000000, 0.8660254037844387076, 1.000000000000000000, 0.8660254037844387076, 1.000000000000000000, 0.8660254037844387076, 1.000000000000000000 ) ) 
 REPRESENTATION_ITEM ( '' )  );
#4530 = LINE ( 'NONE', #5056, #673 ) ;
#4531 = CARTESIAN_POINT ( 'NONE',  ( -2.078761675320248061E-11, -1.999999999999999556, -5.562500000001043610 ) ) ;
#4532 = CARTESIAN_POINT ( 'NONE',  ( 3.784983195928247540E-16, 1.545336663013156642, 9.150000000000003908 ) ) ;
#4533 = CARTESIAN_POINT ( 'NONE',  ( -0.2549999999999996714, 3.316877296494397331, 19.77675886009239647 ) ) ;
#4534 = CARTESIAN_POINT ( 'NONE',  ( 2.353151076758510651, -5.692511167905135361E-15, -8.953124999999998224 ) ) ;
#4535 = CARTESIAN_POINT ( 'NONE',  ( 1.338300807568872042, -0.7726683315065906443, 18.62916666666667354 ) ) ;
#4536 = CARTESIAN_POINT ( 'NONE',  ( 2.353151076758506655, -8.298345537711768183E-15, 11.35937500000000533 ) ) ;
#4537 = CARTESIAN_POINT ( 'NONE',  ( 1.338300807568883366, -0.7726683315065945301, -7.195833333333330195 ) ) ;
#4538 = CARTESIAN_POINT ( 'NONE',  ( -0.8922005383792558364, 1.545336663013172407, -6.991666666666665364 ) ) ;
#4539 = CARTESIAN_POINT ( 'NONE',  ( -1.154700538379844987, -1.999999999998985700, -6.408333333333390947 ) ) ;
#4540 = CARTESIAN_POINT ( 'NONE',  ( 0.8922005383792567246, 1.545336663013172185, -3.520833333333330817 ) ) ;
#4541 = CARTESIAN_POINT ( 'NONE',  ( -2.745000000000000107, -1.879275126212234692, -9.165151389911683211 ) ) ;
#4542 = APPROVAL_DATE_TIME ( #3094, #5698 ) ;
#4543 = CARTESIAN_POINT ( 'NONE',  ( -1.176575538379253105, 2.037888611415564544, 20.69270833333334281 ) ) ;
#4544 = CARTESIAN_POINT ( 'NONE',  ( -1.176575538379254215, -2.037888611415580087, 9.069791666666670693 ) ) ;
#4545 = VERTEX_POINT ( 'NONE', #5338 ) ;
#4546 = B_SPLINE_CURVE_WITH_KNOTS ( 'NONE', 3,
 ( #6547, #2881, #4397, #4499, #4430, #1358, #6063, #4998, #3388, #2984, #2920, #5556, #5029, #5422, #6465, #5494 ),
 .UNSPECIFIED., .F., .F.,
 ( 4, 2, 2, 2, 2, 2, 2, 4 ),
 ( 0.000000000000000000, 0.0005218962849247932778, 0.001043792569849586556, 0.001565688854774379725, 0.002087585139699173111, 0.003131377709548760317, 0.003653273994473553703, 0.004175170279398347090 ),
 .UNSPECIFIED. ) ;
#4547 = ORIENTED_EDGE ( 'NONE', *, *, #4632, .T. ) ;
#4548 = CARTESIAN_POINT ( 'NONE',  ( 1.764863307568883988, 1.018944305707781162, -8.851041666666667140 ) ) ;
#4549 = ORIENTED_EDGE ( 'NONE', *, *, #1903, .T. ) ;
#4550 = ADVANCED_FACE ( 'NONE', ( #1306 ), #1097, .T. ) ;
#4551 = CARTESIAN_POINT ( 'NONE',  ( 3.784983195928246554E-16, 1.545336663013156420, 14.05000000000000426 ) ) ;
#4552 = CARTESIAN_POINT ( 'NONE',  ( -1.732050807568881634, 0.9999999999999950040, 13.11666666666666892 ) ) ;
#4553 = ADVANCED_FACE ( 'NONE', ( #6346 ), #4781, .F. ) ;
#4554 = CARTESIAN_POINT ( 'NONE',  ( 1.338300807568873152, 0.7726683315065731028, 15.24583333333334068 ) ) ;
#4555 = CARTESIAN_POINT ( 'NONE',  ( 4.473969941690471269E-13, -1.999999999999999112, -3.462499999999970601 ) ) ;
#4556 = CARTESIAN_POINT ( 'NONE',  ( -1.338300807568872930, -0.7726683315065897562, 15.68333333333333712 ) ) ;
#4557 = ORIENTED_EDGE ( 'NONE', *, *, #2827, .T. ) ;
#4558 = DIRECTION ( 'NONE',  ( 0.000000000000000000, 1.000000000000000000, 0.000000000000000000 ) ) ;
#4559 =( BOUNDED_CURVE ( )  B_SPLINE_CURVE ( 2, ( #2796, #2763, #5237, #5335, #676, #1205, #2667 ),
 .UNSPECIFIED., .F., .F. ) 
 B_SPLINE_CURVE_WITH_KNOTS ( ( 3, 2, 2, 3 ),
 ( 0.1206966022489540241, 0.1227867614316726641, 0.1248769206143913041, 0.1269670797971099163 ),
 .UNSPECIFIED. ) 
 CURVE ( )  GEOMETRIC_REPRESENTATION_ITEM ( )  RATIONAL_B_SPLINE_CURVE ( ( 1.000000000000000000, 0.8660254037844387076, 1.000000000000000000, 0.8660254037844387076, 1.000000000000000000, 0.8660254037844290487, 1.000000000000009548 ) ) 
 REPRESENTATION_ITEM ( '' )  );
#4560 = CARTESIAN_POINT ( 'NONE',  ( 1.338300807568873152, 0.7726683315065731028, 16.64583333333339965 ) ) ;
#4561 = CARTESIAN_POINT ( 'NONE',  ( 2.821191041355461504, 1.835286207975815431, 0.2451915329696871815 ) ) ;
#4562 = CARTESIAN_POINT ( 'NONE',  ( -2.449293598294697047E-16, -1.999999999999997780, -8.362499999999993605 ) ) ;
#4563 = CARTESIAN_POINT ( 'NONE',  ( -0.1399065560277623910, 2.303038847166806846, 8.430545563673627285 ) ) ;
#4564 =( BOUNDED_CURVE ( )  B_SPLINE_CURVE ( 2, ( #3047, #1914, #5087, #559, #6126, #2546, #5488 ),
 .UNSPECIFIED., .F., .T. ) 
 B_SPLINE_CURVE_WITH_KNOTS ( ( 3, 2, 2, 3 ),
 ( 0.6666666666666667407, 0.6759259259259260411, 0.6851851851851853414, 0.6944444444444445308 ),
 .UNSPECIFIED. ) 
 CURVE ( )  GEOMETRIC_REPRESENTATION_ITEM ( )  RATIONAL_B_SPLINE_CURVE ( ( 0.9999999999999984457, 0.8660254037844402619, 1.000000000000000000, 0.8660254037844387076, 1.000000000000000000, 0.8660254037844371533, 1.000000000000001554 ) ) 
 REPRESENTATION_ITEM ( '' )  );
#4565 = CARTESIAN_POINT ( 'NONE',  ( 1.338300807568900908, -0.7726683315066071867, 17.31666666666668775 ) ) ;
#4566 = CARTESIAN_POINT ( 'NONE',  ( -1.326587386900915488, 0.7926104383416208155, -0.5473519475436238180 ) ) ;
#4567 = CARTESIAN_POINT ( 'NONE',  ( 0.8922005383792491751, 1.545336663013155754, 19.50416666666666998 ) ) ;
#4568 = CARTESIAN_POINT ( 'NONE',  ( -1.764863307568879991, 1.018944305707778719, 10.25104166666667460 ) ) ;
#4569 = CARTESIAN_POINT ( 'NONE',  ( 1.784401076758511673, -5.476858520617780529E-15, -7.137499999999996625 ) ) ;
#4570 = CARTESIAN_POINT ( 'NONE',  ( 0.000000000000000000, 1.545336663013172407, -7.049999999999997158 ) ) ;
#4571 = CARTESIAN_POINT ( 'NONE',  ( 0.000000000000000000, 1.999999999999999112, -4.599999999999997868 ) ) ;
#4572 = CARTESIAN_POINT ( 'NONE',  ( 1.784401076758511895, -5.305407968737151163E-15, -4.337499999999996803 ) ) ;
#4573 = DIRECTION ( 'NONE',  ( -0.000000000000000000, 1.059903591714612962E-16, -1.000000000000000000 ) ) ;
#4574 = LINE ( 'NONE', #5639, #5464 ) ;
#4575 = CARTESIAN_POINT ( 'NONE',  ( -2.495693764988925127E-16, -2.037888611415580531, 8.428125000000003197 ) ) ;
#4576 = ORIENTED_EDGE ( 'NONE', *, *, #730, .F. ) ;
#4577 = CARTESIAN_POINT ( 'NONE',  ( -1.338300807568883588, 0.7726683315065835389, -7.545833333333329840 ) ) ;
#4578 = VERTEX_POINT ( 'NONE', #6250 ) ;
#4579 = CARTESIAN_POINT ( 'NONE',  ( 1.176575538379256658, 2.037888611415570317, -8.792708333333333570 ) ) ;
#4580 = ORIENTED_EDGE ( 'NONE', *, *, #692, .F. ) ;
#4581 = CARTESIAN_POINT ( 'NONE',  ( -1.784401076758496574, -7.756815644250031206E-15, 14.92500000000000604 ) ) ;
#4582 = CARTESIAN_POINT ( 'NONE',  ( -1.172312233845945961, 1.404828676726821657, 19.48520218338231302 ) ) ;
#4583 = CARTESIAN_POINT ( 'NONE',  ( 3.784983195928246554E-16, 1.545336663013156420, 14.66250000000000497 ) ) ;
#4584 = DIRECTION ( 'NONE',  ( -0.000000000000000000, 1.059903591714612962E-16, -1.000000000000000000 ) ) ;
#4585 = CARTESIAN_POINT ( 'NONE',  ( -0.8922005383792489530, -1.545336663013171741, 12.94166666666667176 ) ) ;
#4586 = ORIENTED_EDGE ( 'NONE', *, *, #3779, .T. ) ;
#4587 = CARTESIAN_POINT ( 'NONE',  ( -2.449293598294712824E-16, -2.000000000000012879, 14.05000000000000249 ) ) ;
#4588 = CARTESIAN_POINT ( 'NONE',  ( -1.784401076758496352, -7.756815644250031206E-15, 17.63750000000007034 ) ) ;
#4589 = EDGE_CURVE ( 'NONE', #2266, #6114, #1275, .T. ) ;
#4590 = CARTESIAN_POINT ( 'NONE',  ( -2.309401076758502480, -5.007659328730682499E-15, -7.137499999999995737 ) ) ;
#4591 = CARTESIAN_POINT ( 'NONE',  ( 4.898587196589427620E-16, 1.999999999999998224, 11.51250000000000817 ) ) ;
#4592 = CARTESIAN_POINT ( 'NONE',  ( -0.9014017229142854415, -1.259169239032534415, 19.21533666301317211 ) ) ;
#4593 = CARTESIAN_POINT ( 'NONE',  ( -1.338300807568901352, 0.7726683315065909774, 15.56666666666668952 ) ) ;
#4594 = EDGE_CURVE ( 'NONE', #185, #3766, #1243, .T. ) ;
#4595 = CARTESIAN_POINT ( 'NONE',  ( -1.176575538379255104, 2.037888611415570761, -8.719791666666663943 ) ) ;
#4596 = CARTESIAN_POINT ( 'NONE',  ( -1.732050807568878303, 0.9999999999999928946, 15.12916666666667354 ) ) ;
#4597 = EDGE_CURVE ( 'NONE', #4269, #1381, #2385, .T. ) ;
#4598 = CARTESIAN_POINT ( 'NONE',  ( 1.784401076758496574, -8.193867857659506841E-15, 19.38750000000000639 ) ) ;
#4599 =( BOUNDED_SURFACE ( )  B_SPLINE_SURFACE ( 1, 2, ( 
 ( #4772, #5263, #1627, #4208, #1693, #1727, #2790, #4705, #703, #3231, #142, #2161, #1138, #3731, #3264, #6240, #1170, #3765, #244, #5838, #2693, #4244, #2265, #5199, #1662, #2727, #5740, #4309, #2758, #3668, #2660, #5806, #3195, #5298, #5770, #4275, #1199, #210, #2231, #6336, #5708, #280, #3300, #2297, #4739, #1234, #6302, #737, #637, #4841, #5331, #770, #4806, #181, #3700, #1763, #3802, #1267, #4341, #3162, #2198, #2328, #6370, #3835, #5871, #4869, #3332, #5364, #1797, #2824, #800, #310, #1297, #4616, #5047, #1601, #978, #5647, #1011, #4151, #1472, #1077, #2605, #6081, #548, #4681, #4648, #3102, #2636, #4080, #3642, #3038, #5544, #51, #6117, #2134, #5140, #1538, #4118, #118, #86, #2101, #1045, #5580, #6152, #4581, #581, #6581, #1571, #3508, #5109, #5077, #489, #3575, #3004, #2067, #1110, #2569, #2505, #6188, #4551, #1998, #5681, #4048, #1501, #3139, #6048, #3540, #3071, #517, #2537, #14, #2032, #5173, #5615, #613, #3608, #2246, #1779, #5217, #1811, #4854, #3849, #2711, #3281, #5281, #262, #165, #4356, #295, #2312, #1747, #1710, #3214, #2281, #5313, #2741, #6386, #656, #4724, #5884, #3180, #1679, #3717, #4787, #3819, #5756, #784, #226, #752, #4290, #2771, #2678, #1217, #4326, #2183, #4228, #197, #4822, #6256, #3746, #1185, #5248, #688, #6287, #4758, #2214, #4260, #6317, #2806, #5787, #3784, #3248, #719, #6355, #5822, #1251, #5854, #1281, #3313, #5343, #3477, #6414, #422, #5917, #1410, #6519, #5514, #4915, #3917, #1937, #4885, #1843, #2410, #5411, #3983, #2444, #1312, #2342 ),
 ( #5984, #390, #6018, #3347, #6552, #2973, #1970, #845, #3446, #3412, #4984, #324, #2475, #5018, #458, #6489, #6451, #1346, #4488, #5480, #878, #4522, #5381, #2838, #4020, #814, #1444, #3949, #4385, #1875, #5950, #3883, #1379, #354, #2905, #3376, #1908, #2870, #948, #2374, #911, #4417, #5444, #4949, #4453, #2940, #550, #4082, #3510, #6050, #6083, #6119, #16, #980, #1540, #3577, #1573, #5049, #3541, #3040, #2606, #4650, #2539, #6154, #2103, #2069, #5111, #1113, #5582, #88, #1047, #491, #5546, #5617, #5174, #3141, #4153, #2507, #6190, #2571, #4618, #4050, #4120, #5142, #583, #3610, #3073, #5683, #615, #54, #5650, #1079, #3104, #1474, #2000, #1603, #3644, #2638, #4554, #4683, #120, #6583, #1503, #3005, #2136, #1013, #5079, #520, #4583, #2034, #153, #3239, #5337, #6280, #1701, #2171, #646, #2670, #5780, #4848, #4252, #4714, #4219, #6311, #3739, #2735, #5846, #6249, #5305, #3678, #1738, #1671, #2765, #1208, #4815, #3709, #1771, #5272, #4284, #711, #3776, #6218, #2206, #3272, #776, #3307, #1177, #5814, #1274, #2702, #5748, #3205, #2799, #679, #290, #4183, #1637, #4780, #3811, #4749, #218, #5240, #5718, #1242, #189, #2239, #745, #253, #2273, #4318, #6345, #1148, #3171, #5208, #3875, #414, #4349, #3942, #5472, #2335, #3401, #938, #903, #5974, #5506, #345, #6511, #5910, #1804, #869, #2366, #5009, #1401, #4410, #382, #2964, #2931, #4976, #3908, #1835, #2401, #836, #1899, #2832, #4445, #6378, #1372, #1339, #1305, #6441, #3843, #4940, #3973, #5434, #3339, #2436, #5878, #5373, #4478 ) ),
 .UNSPECIFIED., .F., .F., .T. ) 
 B_SPLINE_SURFACE_WITH_KNOTS ( ( 2, 2 ),
 ( 3, 2, 2, 2, 2, 2, 2, 2, 2, 2, 2, 2, 2, 2, 2, 2, 2, 2, 2, 2, 2, 2, 2, 2, 2, 2, 2, 2, 2, 2, 2, 2, 2, 2, 2, 2, 2, 2, 2, 2, 2, 2, 2, 2, 2, 2, 2, 2, 2, 2, 2, 2, 2, 2, 2, 2, 2, 2, 2, 2, 2, 2, 2, 2, 2, 2, 2, 2, 2, 2, 2, 2, 2, 2, 2, 2, 2, 2, 2, 2, 2, 2, 2, 2, 2, 2, 2, 2, 2, 2, 2, 2, 2, 2, 2, 2, 2, 2, 2, 2, 2, 2, 2, 2, 2, 2, 2, 2, 2, 3 ),
 ( 0.000000000000000000, 1.000000000000000000 ),
 ( 0.000000000000000000, 0.009259259259259258745, 0.01851851851851851749, 0.02777777777777777624, 0.03703703703703703498, 0.04629629629629629373, 0.05555555555555555247, 0.06481481481481481122, 0.07407407407407406996, 0.08333333333333332871, 0.09259259259259258745, 0.1018518518518518462, 0.1111111111111111049, 0.1203703703703703637, 0.1296296296296296224, 0.1388888888888888951, 0.1481481481481481399, 0.1574074074074074125, 0.1666666666666666574, 0.1759259259259259300, 0.1851851851851851749, 0.1944444444444444475, 0.2037037037037036924, 0.2129629629629629650, 0.2222222222222222099, 0.2314814814814814825, 0.2407407407407407274, 0.2500000000000000000, 0.2592592592592592449, 0.2685185185185185452, 0.2777777777777777901, 0.2870370370370370350, 0.2962962962962962798, 0.3055555555555555802, 0.3148148148148148251, 0.3240740740740740700, 0.3333333333333333148, 0.3425925925925926152, 0.3518518518518518601, 0.3611111111111111049, 0.3703703703703703498, 0.3796296296296296502, 0.3888888888888888951, 0.3981481481481481399, 0.4074074074074073848, 0.4166666666666666852, 0.4259259259259259300, 0.4351851851851851749, 0.4444444444444444198, 0.4537037037037037202, 0.4629629629629629650, 0.4722222222222222099, 0.4814814814814814548, 0.4907407407407407551, 0.5000000000000000000, 0.5092592592592593004, 0.5185185185185184897, 0.5277777777777777901, 0.5370370370370370905, 0.5462962962962962798, 0.5555555555555555802, 0.5648148148148147696, 0.5740740740740740700, 0.5833333333333333703, 0.5925925925925925597, 0.6018518518518518601, 0.6111111111111111605, 0.6203703703703703498, 0.6296296296296296502, 0.6388888888888888395, 0.6481481481481481399, 0.6574074074074074403, 0.6666666666666666297, 0.6759259259259259300, 0.6851851851851852304, 0.6944444444444444198, 0.7037037037037037202, 0.7129629629629629095, 0.7222222222222222099, 0.7314814814814815103, 0.7407407407407406996, 0.7500000000000000000, 0.7592592592592593004, 0.7685185185185184897, 0.7777777777777777901, 0.7870370370370370905, 0.7962962962962962798, 0.8055555555555555802, 0.8148148148148147696, 0.8240740740740740700, 0.8333333333333333703, 0.8425925925925925597, 0.8518518518518518601, 0.8611111111111111605, 0.8703703703703703498, 0.8796296296296296502, 0.8888888888888888395, 0.8981481481481481399, 0.9074074074074074403, 0.9166666666666666297, 0.9259259259259259300, 0.9351851851851852304, 0.9444444444444444198, 0.9537037037037037202, 0.9629629629629629095, 0.9722222222222222099, 0.9814814814814815103, 0.9907407407407406996, 0.9921011939303597815, 1.002022205869663285 ),
 .UNSPECIFIED. ) 
 GEOMETRIC_REPRESENTATION_ITEM ( )  RATIONAL_B_SPLINE_SURFACE ( (
 ( 1.000000000000000000, 0.8660254037844387076, 1.000000000000000000, 0.8660254037844387076, 1.000000000000000000, 0.8660254037844387076, 1.000000000000000000, 0.8660254037844387076, 1.000000000000000000, 0.8660254037844387076, 1.000000000000000000, 0.8660254037844387076, 1.000000000000000000, 0.8660254037844387076, 1.000000000000000000, 0.8660254037844387076, 1.000000000000000000, 0.8660254037844387076, 1.000000000000000000, 0.8660254037844387076, 1.000000000000000000, 0.8660254037844387076, 1.000000000000000000, 0.8660254037844387076, 1.000000000000000000, 0.8660254037844387076, 1.000000000000000000, 0.8660254037844387076, 1.000000000000000000, 0.8660254037844387076, 1.000000000000000000, 0.8660254037844387076, 1.000000000000000000, 0.8660254037844387076, 1.000000000000000000, 0.8660254037844387076, 1.000000000000000000, 0.8660254037844387076, 1.000000000000000000, 0.8660254037844387076, 1.000000000000000000, 0.8660254037844387076, 1.000000000000000000, 0.8660254037844387076, 1.000000000000000000, 0.8660254037844387076, 1.000000000000000000, 0.8660254037844387076, 1.000000000000000000, 0.8660254037844387076, 1.000000000000000000, 0.8660254037844387076, 1.000000000000000000, 0.8660254037844387076, 1.000000000000000000, 0.8660254037844387076, 1.000000000000000000, 0.8660254037844387076, 1.000000000000000000, 0.8660254037844387076, 1.000000000000000000, 0.8660254037844387076, 1.000000000000000000, 0.8660254037844387076, 1.000000000000000000, 0.8660254037844387076, 1.000000000000000000, 0.8660254037844387076, 1.000000000000000000, 0.8660254037844387076, 1.000000000000000000, 0.8660254037844387076, 1.000000000000000000, 0.8660254037844387076, 1.000000000000000000, 0.8660254037844387076, 1.000000000000000000, 0.8660254037844387076, 1.000000000000000000, 0.8660254037844387076, 1.000000000000000000, 0.8660254037844387076, 1.000000000000000000, 0.8660254037844387076, 1.000000000000000000, 0.8660254037844387076, 1.000000000000000000, 0.8660254037844387076, 1.000000000000000000, 0.8660254037844387076, 1.000000000000000000, 0.8660254037844387076, 1.000000000000000000, 0.8660254037844387076, 1.000000000000000000, 0.8660254037844387076, 1.000000000000000000, 0.8660254037844387076, 1.000000000000000000, 0.8660254037844387076, 1.000000000000000000, 0.8660254037844387076, 1.000000000000000000, 0.8660254037844387076, 1.000000000000000000, 0.8660254037844387076, 1.000000000000000000, 0.8660254037844387076, 1.000000000000000000, 0.8660254037844387076, 1.000000000000000000, 0.8660254037844387076, 1.000000000000000000, 0.8660254037844387076, 1.000000000000000000, 0.8660254037844387076, 1.000000000000000000, 0.8660254037844387076, 1.000000000000000000, 0.8660254037844387076, 1.000000000000000000, 0.8660254037844387076, 1.000000000000000000, 0.8660254037844387076, 1.000000000000000000, 0.8660254037844387076, 1.000000000000000000, 0.8660254037844387076, 1.000000000000000000, 0.8660254037844387076, 1.000000000000000000, 0.8660254037844387076, 1.000000000000000000, 0.8660254037844387076, 1.000000000000000000, 0.8660254037844387076, 1.000000000000000000, 0.8660254037844387076, 1.000000000000000000, 0.8660254037844387076, 1.000000000000000000, 0.8660254037844387076, 1.000000000000000000, 0.8660254037844387076, 1.000000000000000000, 0.8660254037844387076, 1.000000000000000000, 0.8660254037844387076, 1.000000000000000000, 0.8660254037844387076, 1.000000000000000000, 0.8660254037844387076, 1.000000000000000000, 0.8660254037844387076, 1.000000000000000000, 0.8660254037844387076, 1.000000000000000000, 0.8660254037844387076, 1.000000000000000000, 0.8660254037844387076, 1.000000000000000000, 0.8660254037844387076, 1.000000000000000000, 0.8660254037844387076, 1.000000000000000000, 0.8660254037844387076, 1.000000000000000000, 0.8660254037844387076, 1.000000000000000000, 0.8660254037844387076, 1.000000000000000000, 0.8660254037844387076, 1.000000000000000000, 0.8660254037844387076, 1.000000000000000000, 0.8660254037844387076, 1.000000000000000000, 0.8660254037844387076, 1.000000000000000000, 0.8660254037844387076, 1.000000000000000000, 0.8660254037844387076, 1.000000000000000000, 0.8660254037844387076, 1.000000000000000000, 0.8660254037844387076, 1.000000000000000000, 0.8660254037844387076, 1.000000000000000000, 0.8660254037844387076, 1.000000000000000000, 0.8660254037844387076, 1.000000000000000000, 0.8660254037844387076, 1.000000000000000000, 0.8660254037844387076, 1.000000000000000000, 0.8660254037844387076, 1.000000000000000000, 0.8660254037844387076, 1.000000000000000000, 0.8660254037844387076, 1.000000000000000000, 0.8660254037844387076, 1.000000000000000000, 0.8660254037844387076, 1.000000000000000000, 0.8660254037844387076, 1.000000000000000000, 0.8660254037844387076, 1.000000000000000000, 0.8660254037844387076, 1.000000000000000000, 0.8660254037844387076, 1.000000000000000000, 0.9803152539910661156, 0.9664150258889864231, 0.9664150258889864231, 0.9664150258889864231),
 ( 1.000000000000000000, 0.8660254037844387076, 1.000000000000000000, 0.8660254037844387076, 1.000000000000000000, 0.8660254037844387076, 1.000000000000000000, 0.8660254037844387076, 1.000000000000000000, 0.8660254037844387076, 1.000000000000000000, 0.8660254037844387076, 1.000000000000000000, 0.8660254037844387076, 1.000000000000000000, 0.8660254037844387076, 1.000000000000000000, 0.8660254037844387076, 1.000000000000000000, 0.8660254037844387076, 1.000000000000000000, 0.8660254037844387076, 1.000000000000000000, 0.8660254037844387076, 1.000000000000000000, 0.8660254037844387076, 1.000000000000000000, 0.8660254037844387076, 1.000000000000000000, 0.8660254037844387076, 1.000000000000000000, 0.8660254037844387076, 1.000000000000000000, 0.8660254037844387076, 1.000000000000000000, 0.8660254037844387076, 1.000000000000000000, 0.8660254037844387076, 1.000000000000000000, 0.8660254037844387076, 1.000000000000000000, 0.8660254037844387076, 1.000000000000000000, 0.8660254037844387076, 1.000000000000000000, 0.8660254037844387076, 1.000000000000000000, 0.8660254037844387076, 1.000000000000000000, 0.8660254037844387076, 1.000000000000000000, 0.8660254037844387076, 1.000000000000000000, 0.8660254037844387076, 1.000000000000000000, 0.8660254037844387076, 1.000000000000000000, 0.8660254037844387076, 1.000000000000000000, 0.8660254037844387076, 1.000000000000000000, 0.8660254037844387076, 1.000000000000000000, 0.8660254037844387076, 1.000000000000000000, 0.8660254037844387076, 1.000000000000000000, 0.8660254037844387076, 1.000000000000000000, 0.8660254037844387076, 1.000000000000000000, 0.8660254037844387076, 1.000000000000000000, 0.8660254037844387076, 1.000000000000000000, 0.8660254037844387076, 1.000000000000000000, 0.8660254037844387076, 1.000000000000000000, 0.8660254037844387076, 1.000000000000000000, 0.8660254037844387076, 1.000000000000000000, 0.8660254037844387076, 1.000000000000000000, 0.8660254037844387076, 1.000000000000000000, 0.8660254037844387076, 1.000000000000000000, 0.8660254037844387076, 1.000000000000000000, 0.8660254037844387076, 1.000000000000000000, 0.8660254037844387076, 1.000000000000000000, 0.8660254037844387076, 1.000000000000000000, 0.8660254037844387076, 1.000000000000000000, 0.8660254037844387076, 1.000000000000000000, 0.8660254037844387076, 1.000000000000000000, 0.8660254037844387076, 1.000000000000000000, 0.8660254037844387076, 1.000000000000000000, 0.8660254037844387076, 1.000000000000000000, 0.8660254037844387076, 1.000000000000000000, 0.8660254037844387076, 1.000000000000000000, 0.8660254037844387076, 1.000000000000000000, 0.8660254037844387076, 1.000000000000000000, 0.8660254037844387076, 1.000000000000000000, 0.8660254037844387076, 1.000000000000000000, 0.8660254037844387076, 1.000000000000000000, 0.8660254037844387076, 1.000000000000000000, 0.8660254037844387076, 1.000000000000000000, 0.8660254037844387076, 1.000000000000000000, 0.8660254037844387076, 1.000000000000000000, 0.8660254037844387076, 1.000000000000000000, 0.8660254037844387076, 1.000000000000000000, 0.8660254037844387076, 1.000000000000000000, 0.8660254037844387076, 1.000000000000000000, 0.8660254037844387076, 1.000000000000000000, 0.8660254037844387076, 1.000000000000000000, 0.8660254037844387076, 1.000000000000000000, 0.8660254037844387076, 1.000000000000000000, 0.8660254037844387076, 1.000000000000000000, 0.8660254037844387076, 1.000000000000000000, 0.8660254037844387076, 1.000000000000000000, 0.8660254037844387076, 1.000000000000000000, 0.8660254037844387076, 1.000000000000000000, 0.8660254037844387076, 1.000000000000000000, 0.8660254037844387076, 1.000000000000000000, 0.8660254037844387076, 1.000000000000000000, 0.8660254037844387076, 1.000000000000000000, 0.8660254037844387076, 1.000000000000000000, 0.8660254037844387076, 1.000000000000000000, 0.8660254037844387076, 1.000000000000000000, 0.8660254037844387076, 1.000000000000000000, 0.8660254037844387076, 1.000000000000000000, 0.8660254037844387076, 1.000000000000000000, 0.8660254037844387076, 1.000000000000000000, 0.8660254037844387076, 1.000000000000000000, 0.8660254037844387076, 1.000000000000000000, 0.8660254037844387076, 1.000000000000000000, 0.8660254037844387076, 1.000000000000000000, 0.8660254037844387076, 1.000000000000000000, 0.8660254037844387076, 1.000000000000000000, 0.8660254037844387076, 1.000000000000000000, 0.8660254037844387076, 1.000000000000000000, 0.8660254037844387076, 1.000000000000000000, 0.8660254037844387076, 1.000000000000000000, 0.8660254037844387076, 1.000000000000000000, 0.8660254037844387076, 1.000000000000000000, 0.8660254037844387076, 1.000000000000000000, 0.8660254037844387076, 1.000000000000000000, 0.8660254037844387076, 1.000000000000000000, 0.8660254037844387076, 1.000000000000000000, 0.8660254037844387076, 1.000000000000000000, 0.8660254037844387076, 1.000000000000000000, 0.9803152539910661156, 0.9664150258889864231, 0.9664150258889864231, 0.9664150258889864231) ) ) 
 REPRESENTATION_ITEM ( '' )  SURFACE ( )  );
#4600 = CARTESIAN_POINT ( 'NONE',  ( -1.176575538379253105, 2.037888611415564544, 10.19270833333334103 ) ) ;
#4601 = ORIENTED_EDGE ( 'NONE', *, *, #5978, .F. ) ;
#4602 = CARTESIAN_POINT ( 'NONE',  ( -1.338300807568883810, 0.7726683315065837609, -6.845833333333330550 ) ) ;
#4603 = CARTESIAN_POINT ( 'NONE',  ( 1.338300807568883588, -0.7726683315065943081, -2.383333333333331083 ) ) ;
#4604 = CARTESIAN_POINT ( 'NONE',  ( 0.8348461526235905206, -1.817424524278700160, -1.402500000000027836 ) ) ;
#4605 = CARTESIAN_POINT ( 'NONE',  ( 1.338300807568884476, 0.7726683315065827617, -2.879166666666663765 ) ) ;
#4606 = CARTESIAN_POINT ( 'NONE',  ( 0.000000000000000000, -5.982305570676772137E-17, 20.00000000000000000 ) ) ;
#4607 = COORDINATED_UNIVERSAL_TIME_OFFSET ( 6, 0, .BEHIND. ) ;
#4608 = CARTESIAN_POINT ( 'NONE',  ( -1.154700538379343389, -2.000000000000165201, 13.90416666666676804 ) ) ;
#4609 = CARTESIAN_POINT ( 'NONE',  ( -1.176575538379253105, 2.037888611415564544, 11.63645833333333535 ) ) ;
#4610 = ORIENTED_EDGE ( 'NONE', *, *, #2624, .T. ) ;
#4611 = CARTESIAN_POINT ( 'NONE',  ( 0.8922005383792551703, -1.545336663013182621, -6.554166666666662699 ) ) ;
#4612 = VERTEX_POINT ( 'NONE', #2173 ) ;
#4613 = CARTESIAN_POINT ( 'NONE',  ( -1.176575538379255104, 2.037888611415571205, -4.476041666666668029 ) ) ;
#4614 = VECTOR ( 'NONE', #6288, 1000.000000000000000 ) ;
#4615 = VERTEX_POINT ( 'NONE', #190 ) ;
#4616 = CARTESIAN_POINT ( 'NONE',  ( 0.8922005383792491751, 1.545336663013155754, 16.79166666666667140 ) ) ;
#4617 = CARTESIAN_POINT ( 'NONE',  ( -1.491967373793584128, 1.071046770433397244, 19.50294936068554108 ) ) ;
#4618 = CARTESIAN_POINT ( 'NONE',  ( -1.338300807568872708, -0.7726683315065896451, 16.29583333333333783 ) ) ;
#4619 = CARTESIAN_POINT ( 'NONE',  ( -1.892491597964123277E-16, -1.545336663013171963, 10.11250000000000604 ) ) ;
#4620 = CARTESIAN_POINT ( 'NONE',  ( 0.8922005383792492861, 1.545336663013156198, 11.89166666666667105 ) ) ;
#4621 = AXIS2_PLACEMENT_3D ( 'NONE', #3288, #2287, #4332 ) ;
#4622 = EDGE_LOOP ( 'NONE', ( #5202, #3603, #741, #4580 ) ) ;
#4623 = DIRECTION ( 'NONE',  ( 0.000000000000000000, 1.000000000000000000, 0.000000000000000000 ) ) ;
#4624 = CARTESIAN_POINT ( 'NONE',  ( -1.784401076758496352, -7.756815644250031206E-15, 15.53750000000007070 ) ) ;
#4625 = CARTESIAN_POINT ( 'NONE',  ( 2.886607437761993467, 1.770509747995524297, 0.2570025121019678949 ) ) ;
#4626 = CARTESIAN_POINT ( 'NONE',  ( 0.000000000000000000, -3.614490210805188206E-16, -1.140000000000000346 ) ) ;
#4627 = AXIS2_PLACEMENT_3D ( 'NONE', #4043, #1376, #6046 ) ;
#4628 = CARTESIAN_POINT ( 'NONE',  ( -2.449293598294699019E-16, -2.000000000000001776, 9.062500000000003553 ) ) ;
#4629 = CARTESIAN_POINT ( 'NONE',  ( 0.8922005383792670496, -1.545336663013205492, 17.25833333333335418 ) ) ;
#4630 = CARTESIAN_POINT ( 'NONE',  ( -1.764863307568883322, -1.018944305707792708, -9.244791666666662522 ) ) ;
#4631 = CARTESIAN_POINT ( 'NONE',  ( 0.000000000000000000, 5.246303815928974609E-16, -9.500000000000000000 ) ) ;
#4632 = EDGE_CURVE ( 'NONE', #5609, #6522, #1715, .T. ) ;
#4633 = CARTESIAN_POINT ( 'NONE',  ( -1.892491597964123277E-16, -1.545336663013171963, 20.61250000000000426 ) ) ;
#4634 = VERTEX_POINT ( 'NONE', #3844 ) ;
#4635 = VECTOR ( 'NONE', #920, 1000.000000000000000 ) ;
#4636 = CARTESIAN_POINT ( 'NONE',  ( -1.338300807568884032, -0.7726683315065933089, -5.329166666666663055 ) ) ;
#4637 = CARTESIAN_POINT ( 'NONE',  ( -0.8922005383792565025, -1.545336663013182177, -2.558333333333330906 ) ) ;
#4638 = CARTESIAN_POINT ( 'NONE',  ( 0.000000000000000000, 1.545336663013172629, -2.062499999999996447 ) ) ;
#4639 = CARTESIAN_POINT ( 'NONE',  ( 1.154700538378662600, -2.000000000001032952, -9.091666666666721852 ) ) ;
#4640 = CARTESIAN_POINT ( 'NONE',  ( -2.309401076758508697, -7.724668665772411967E-15, 19.47500000000000142 ) ) ;
#4641 = CARTESIAN_POINT ( 'NONE',  ( -2.353151076758506655, -7.721989750899276899E-15, 10.35312500000000391 ) ) ;
#4642 = ORIENTED_EDGE ( 'NONE', *, *, #3360, .F. ) ;
#4643 = AXIS2_PLACEMENT_3D ( 'NONE', #6142, #3129, #701 ) ;
#4644 = CARTESIAN_POINT ( 'NONE',  ( -0.8922005383792555033, 1.545336663013172185, -5.504166666666662877 ) ) ;
#4645 = ORIENTED_EDGE ( 'NONE', *, *, #3522, .F. ) ;
#4646 = CARTESIAN_POINT ( 'NONE',  ( 1.176575538379254882, -2.037888611415580975, -4.126041666666667496 ) ) ;
#4647 = EDGE_LOOP ( 'NONE', ( #2442, #4910, #3867, #5599 ) ) ;
#4648 = CARTESIAN_POINT ( 'NONE',  ( 1.338300807568873152, 0.7726683315065731028, 16.03333333333333854 ) ) ;
#4649 = CARTESIAN_POINT ( 'NONE',  ( 1.536441142686956418, 0.1655717883924041067, 8.900000000231749198 ) ) ;
#4650 = CARTESIAN_POINT ( 'NONE',  ( 0.8922005383792491751, 1.545336663013155754, 17.40416666666667211 ) ) ;
#4651 = CARTESIAN_POINT ( 'NONE',  ( 1.154700538369914042, -2.000000000016225243, -2.004166666667622110 ) ) ;
#4652 = CARTESIAN_POINT ( 'NONE',  ( -1.338300807568872708, -0.7726683315065896451, 9.995833333333338899 ) ) ;
#4653 = CARTESIAN_POINT ( 'NONE',  ( 1.338300807568872264, -0.7726683315065907554, 12.41666666666666963 ) ) ;
#4654 = CARTESIAN_POINT ( 'NONE',  ( 4.473969941690471269E-13, -1.999999999999999112, -3.462499999999970601 ) ) ;
#4655 = CARTESIAN_POINT ( 'NONE',  ( 0.000000000000000000, 1.999999999999998224, -3.812499999999998668 ) ) ;
#4656 = CARTESIAN_POINT ( 'NONE',  ( -0.8922005383792488420, -1.545336663013171519, 17.05416666666673464 ) ) ;
#4657 = CARTESIAN_POINT ( 'NONE',  ( -1.732050807568880746, 0.9999999999999974465, -3.783333333333332327 ) ) ;
#4658 = CYLINDRICAL_SURFACE ( 'NONE', #472, 2.000000000000000000 ) ;
#4659 =( BOUNDED_CURVE ( )  B_SPLINE_CURVE ( 2, ( #6377, #5909, #3369, #744, #252, #6344, #2272 ),
 .UNSPECIFIED., .F., .F. ) 
 B_SPLINE_CURVE_WITH_KNOTS ( ( 3, 2, 2, 3 ),
 ( 0.09561352243111172211, 0.09770348055933500420, 0.09979343868755827240, 0.1018833968157815684 ),
 .UNSPECIFIED. ) 
 CURVE ( )  GEOMETRIC_REPRESENTATION_ITEM ( )  RATIONAL_B_SPLINE_CURVE ( ( 1.000000000000000000, 0.8660254037844388186, 1.000000000000000000, 0.8660254037844388186, 1.000000000000000000, 0.8660254037844088426, 1.000000000000029976 ) ) 
 REPRESENTATION_ITEM ( '' )  );
#4660 = CARTESIAN_POINT ( 'NONE',  ( -1.943233778638575826, -0.6342203644139317031, 8.924496187924148671 ) ) ;
#4661 = CARTESIAN_POINT ( 'NONE',  ( -0.8922005383792672717, 1.545336663013189504, 14.80833333333335489 ) ) ;
#4662 = CARTESIAN_POINT ( 'NONE',  ( -1.764863307568883322, -1.018944305707792486, -4.344791666666663055 ) ) ;
#4663 = CARTESIAN_POINT ( 'NONE',  ( -1.639185426562643766, -1.007912902065334348, 8.900000000000003908 ) ) ;
#4664 = CARTESIAN_POINT ( 'NONE',  ( 0.8922005383792491751, 1.545336663013155754, 17.40416666666667211 ) ) ;
#4665 = ORIENTED_EDGE ( 'NONE', *, *, #5187, .T. ) ;
#4666 = CARTESIAN_POINT ( 'NONE',  ( 0.8922005383792567246, 1.545336663013172185, -2.120833333333330462 ) ) ;
#4667 = EDGE_CURVE ( 'NONE', #3947, #5414, #5589, .T. ) ;
#4668 = CARTESIAN_POINT ( 'NONE',  ( 1.784401076758511895, -5.225040522543107011E-15, -3.024999999999997691 ) ) ;
#4669 = CARTESIAN_POINT ( 'NONE',  ( 1.338300807568883588, -0.7726683315065947522, -9.383333333333331083 ) ) ;
#4670 = CARTESIAN_POINT ( 'NONE',  ( -2.309401076758507365, -4.712978692685851049E-15, -2.324999999999998401 ) ) ;
#4671 = FACE_OUTER_BOUND ( 'NONE', #4464, .T. ) ;
#4672 = CARTESIAN_POINT ( 'NONE',  ( -1.764863307568879991, 1.018944305707778719, 8.194791666666668917 ) ) ;
#4673 = ORIENTED_EDGE ( 'NONE', *, *, #4180, .F. ) ;
#4674 = VECTOR ( 'NONE', #2400, 1000.000000000000000 ) ;
#4675 = CARTESIAN_POINT ( 'NONE',  ( -1.892491597964140040E-16, -1.545336663013182621, -2.499999999999997780 ) ) ;
#4676 = CARTESIAN_POINT ( 'NONE',  ( 1.784401076758511451, -5.519721158587938462E-15, -7.837499999999997691 ) ) ;
#4677 = ORIENTED_EDGE ( 'NONE', *, *, #5232, .F. ) ;
#4678 = EDGE_CURVE ( 'NONE', #1446, #4745, #3065, .T. ) ;
#4679 = CARTESIAN_POINT ( 'NONE',  ( -1.764863307568883100, 1.018944305707782938, -7.217708333333334281 ) ) ;
#4680 = VERTEX_POINT ( 'NONE', #746 ) ;
#4681 = CARTESIAN_POINT ( 'NONE',  ( 0.8922005383792491751, 1.545336663013155754, 16.09166666666666856 ) ) ;
#4682 = CARTESIAN_POINT ( 'NONE',  ( 1.732050807568880302, -1.000000000000007772, -6.933333333333330906 ) ) ;
#4683 = CARTESIAN_POINT ( 'NONE',  ( 1.784401076758496574, -8.193867857659506841E-15, 15.18750000000000533 ) ) ;
#4684 = CARTESIAN_POINT ( 'NONE',  ( 1.154700538379252572, 1.999999999999993117, -7.370833333333330017 ) ) ;
#4685 = CARTESIAN_POINT ( 'NONE',  ( 4.991387529977850254E-16, 2.037888611415564544, 20.67812500000000142 ) ) ;
#4686 = EDGE_CURVE ( 'NONE', #1935, #1863, #6267, .T. ) ;
#4687 = CARTESIAN_POINT ( 'NONE',  ( -1.784401076758496796, -7.756815644250031206E-15, 11.42500000000000249 ) ) ;
#4688 = CARTESIAN_POINT ( 'NONE',  ( 0.000000000000000000, 1.999999999999999112, -2.499999999999998224 ) ) ;
#4689 = CARTESIAN_POINT ( 'NONE',  ( -2.078761675320248061E-11, -1.999999999999999556, -5.562500000001043610 ) ) ;
#4690 = CARTESIAN_POINT ( 'NONE',  ( 0.8922005383792491751, 1.545336663013156198, 18.10416666666673535 ) ) ;
#4691 = DIRECTION ( 'NONE',  ( -0.000000000000000000, 1.059903591714612962E-16, -1.000000000000000000 ) ) ;
#4692 = DIRECTION ( 'NONE',  ( -0.000000000000000000, 1.059903591714612962E-16, -1.000000000000000000 ) ) ;
#4693 = DIRECTION ( 'NONE',  ( -0.000000000000000000, 1.059903591714612962E-16, -1.000000000000000000 ) ) ;
#4694 =( BOUNDED_CURVE ( )  B_SPLINE_CURVE ( 2, ( #1989, #4039, #4071, #6107, #2229, #5671, #3698 ),
 .UNSPECIFIED., .F., .F. ) 
 B_SPLINE_CURVE_WITH_KNOTS ( ( 3, 2, 2, 3 ),
 ( 0.5000000000000002220, 0.5092592592592595224, 0.5185185185185186008, 0.5277777777777779011 ),
 .UNSPECIFIED. ) 
 CURVE ( )  GEOMETRIC_REPRESENTATION_ITEM ( )  RATIONAL_B_SPLINE_CURVE ( ( 0.9999999999999967804, 0.8660254037844419273, 1.000000000000000000, 0.8660254037844387076, 1.000000000000000000, 0.8660254037844371533, 1.000000000000001554 ) ) 
 REPRESENTATION_ITEM ( '' )  );
#4695 = CARTESIAN_POINT ( 'NONE',  ( 0.8922005383792682709, 1.545336663013189282, 16.79166666666668917 ) ) ;
#4696 = CARTESIAN_POINT ( 'NONE',  ( 1.764863307568883988, 1.018944305707781606, -6.794791666666664121 ) ) ;
#4697 = CARTESIAN_POINT ( 'NONE',  ( 0.2354429958847389925, -1.686483648082748532, 8.900000000000009237 ) ) ;
#4698 = CARTESIAN_POINT ( 'NONE',  ( 0.8922005383792477318, -1.545336663013172407, 17.87083333333334068 ) ) ;
#4699 = EDGE_LOOP ( 'NONE', ( #3138, #6211, #4933, #4799 ) ) ;
#4700 = CARTESIAN_POINT ( 'NONE',  ( -1.338300807568884032, 0.7726683315065840940, -2.733333333333330728 ) ) ;
#4701 = CARTESIAN_POINT ( 'NONE',  ( -0.8922005383792565025, -1.545336663013182621, -8.158333333333331439 ) ) ;
#4702 = CARTESIAN_POINT ( 'NONE',  ( -1.154700538378661268, 2.000000000001025402, -2.441666666666725494 ) ) ;
#4703 = CARTESIAN_POINT ( 'NONE',  ( 0.8922005383792568356, 1.545336663013171963, -7.808333333333330017 ) ) ;
#4704 = CARTESIAN_POINT ( 'NONE',  ( -1.764863307568879991, 1.018944305707778719, 17.25104166666667638 ) ) ;
#4705 = CARTESIAN_POINT ( 'NONE',  ( -0.8922005383792488420, -1.545336663013171519, 20.64166666666666927 ) ) ;
#4706 = EDGE_CURVE ( 'NONE', #4167, #1326, #3750, .T. ) ;
#4707 = ORIENTED_EDGE ( 'NONE', *, *, #5662, .T. ) ;
#4708 = CARTESIAN_POINT ( 'NONE',  ( -1.338300807568884032, -0.7726683315065933089, -2.616666666666664920 ) ) ;
#4709 = ORIENTED_EDGE ( 'NONE', *, *, #4809, .T. ) ;
#4710 = CARTESIAN_POINT ( 'NONE',  ( -1.176575538379255104, 2.037888611415571205, -6.576041666666667673 ) ) ;
#4711 = ORIENTED_EDGE ( 'NONE', *, *, #6354, .T. ) ;
#4712 = CARTESIAN_POINT ( 'NONE',  ( -2.744999999989667483, -1.879275126218200143, 0.2232411399046287104 ) ) ;
#4713 = CARTESIAN_POINT ( 'NONE',  ( 2.999999999999999556, -1.525580006756945828, 0.2451915329732514415 ) ) ;
#4714 = CARTESIAN_POINT ( 'NONE',  ( 0.8922005383792491751, 1.545336663013155754, 13.90416666666667389 ) ) ;
#4715 = CARTESIAN_POINT ( 'NONE',  ( -1.732050807568881856, -1.000000000000009992, 13.93333333333333357 ) ) ;
#4716 = CARTESIAN_POINT ( 'NONE',  ( -2.353151076758506655, -7.721989750899276899E-15, 16.65312500000000639 ) ) ;
#4717 = EDGE_CURVE ( 'NONE', #829, #1687, #53, .T. ) ;
#4718 = CARTESIAN_POINT ( 'NONE',  ( 1.784401076758496796, -8.193867857659506841E-15, 12.47500000000000320 ) ) ;
#4719 = EDGE_CURVE ( 'NONE', #5915, #3999, #5625, .T. ) ;
#4720 = CARTESIAN_POINT ( 'NONE',  ( 1.154700538379252128, 1.999999999999993561, -3.170833333333329396 ) ) ;
#4721 = VECTOR ( 'NONE', #3785, 1000.000000000000000 ) ;
#4722 = CARTESIAN_POINT ( 'NONE',  ( 1.338300807568872042, -0.7726683315065906443, 12.32916666666673500 ) ) ;
#4723 = DIRECTION ( 'NONE',  ( 1.000000000000000000, 0.000000000000000000, 0.000000000000000000 ) ) ;
#4724 = CARTESIAN_POINT ( 'NONE',  ( 1.784401076758496574, -8.193867857659506841E-15, 11.77500000000000568 ) ) ;
#4725 = AXIS2_PLACEMENT_3D ( 'NONE', #4882, #294, #1842 ) ;
#4726 = CARTESIAN_POINT ( 'NONE',  ( 0.2550000000000003375, 3.316877296494397775, 0.2232411399076073555 ) ) ;
#4727 = CARTESIAN_POINT ( 'NONE',  ( 1.764863307568880879, 1.018944305707776943, 10.01770833333334032 ) ) ;
#4728 = CARTESIAN_POINT ( 'NONE',  ( -1.784401076758534765, -7.756815644250028050E-15, 13.52500000000002167 ) ) ;
#4729 = CARTESIAN_POINT ( 'NONE',  ( -1.176575538379256214, -2.037888611415580531, -4.986458333333330550 ) ) ;
#4730 = AXIS2_PLACEMENT_3D ( 'NONE', #5576, #5511, #3000 ) ;
#4731 = FACE_OUTER_BOUND ( 'NONE', #3674, .T. ) ;
#4732 = CARTESIAN_POINT ( 'NONE',  ( -0.8922005383792481759, 1.545336663013156420, 16.12083333333334068 ) ) ;
#4733 = ORIENTED_EDGE ( 'NONE', *, *, #3081, .F. ) ;
#4734 = CARTESIAN_POINT ( 'NONE',  ( 0.000000000000000000, 1.545336663013172407, -4.949999999999997513 ) ) ;
#4735 = CARTESIAN_POINT ( 'NONE',  ( -1.892491597964140040E-16, -1.545336663013183065, -8.799999999999997158 ) ) ;
#4736 = CARTESIAN_POINT ( 'NONE',  ( 0.000000000000000000, 1.999999999999999112, -5.299999999999998934 ) ) ;
#4737 = CARTESIAN_POINT ( 'NONE',  ( 2.309401076758507365, -5.685813880722297691E-15, -8.974999999999997868 ) ) ;
#4738 = CARTESIAN_POINT ( 'NONE',  ( -1.764863307568880213, -1.018944305707793596, 18.06770833333334281 ) ) ;
#4739 = CARTESIAN_POINT ( 'NONE',  ( -1.338300807568872708, -0.7726683315065896451, 18.48333333333333783 ) ) ;
#4740 = AXIS2_PLACEMENT_3D ( 'NONE', #6105, #1033, #5066 ) ;
#4741 = ORIENTED_EDGE ( 'NONE', *, *, #5517, .F. ) ;
#4742 = CARTESIAN_POINT ( 'NONE',  ( -0.8922005383792558364, 1.545336663013172407, -4.891666666666663943 ) ) ;
#4743 = CARTESIAN_POINT ( 'NONE',  ( 1.176575538379256658, 2.037888611415570317, -4.592708333333334281 ) ) ;
#4744 = CIRCLE ( 'NONE', #6449, 1.649999999999997913 ) ;
#4745 = VERTEX_POINT ( 'NONE', #1961 ) ;
#4746 = DIRECTION ( 'NONE',  ( -1.000000000000000000, 2.503857664561933362E-16, 0.000000000000000000 ) ) ;
#4747 = CARTESIAN_POINT ( 'NONE',  ( -1.154700538379250796, 1.999999999999991340, 11.57083333333333997 ) ) ;
#4748 = CARTESIAN_POINT ( 'NONE',  ( -1.588491158071230869, -1.084629546521283849, 19.58821902981133434 ) ) ;
#4749 = CARTESIAN_POINT ( 'NONE',  ( 1.784401076758496574, -8.193867857659506841E-15, 11.68750000000000711 ) ) ;
#4750 = CARTESIAN_POINT ( 'NONE',  ( -2.086282122000723683E-11, 1.999999999999998224, 16.41250000000106724 ) ) ;
#4751 = CARTESIAN_POINT ( 'NONE',  ( -1.176575538379254215, -2.037888611415580087, 17.46979166666666927 ) ) ;
#4752 = CARTESIAN_POINT ( 'NONE',  ( -0.8922005383792482869, 1.545336663013156420, 9.908333333333336768 ) ) ;
#4753 = CARTESIAN_POINT ( 'NONE',  ( -1.154700538379844987, -1.999999999998985700, -7.808333333333391302 ) ) ;
#4754 = CARTESIAN_POINT ( 'NONE',  ( -1.892491597964123277E-16, -1.545336663013171963, 14.31250000000006750 ) ) ;
#4755 = DIRECTION ( 'NONE',  ( -0.000000000000000000, 1.059903591714612962E-16, -1.000000000000000000 ) ) ;
#4756 = CARTESIAN_POINT ( 'NONE',  ( 1.154700538379271668, 1.999999999999969136, 9.441666666666669983 ) ) ;
#4757 = EDGE_CURVE ( 'NONE', #1332, #3067, #807, .T. ) ;
#4758 = CARTESIAN_POINT ( 'NONE',  ( 0.8922005383792477318, -1.545336663013172407, 10.25833333333333641 ) ) ;
#4759 = CARTESIAN_POINT ( 'NONE',  ( 1.708527985712118724, -0.2261257517694304220, -9.437089077737253362 ) ) ;
#4760 = CARTESIAN_POINT ( 'NONE',  ( -1.338300807568872708, 0.7726683315065744351, 18.36666666666667069 ) ) ;
#4761 = CARTESIAN_POINT ( 'NONE',  ( 1.338300807568900908, -0.7726683315066071867, 13.11666666666669023 ) ) ;
#4762 = CARTESIAN_POINT ( 'NONE',  ( 1.176575538379254882, -2.037888611415581863, -6.269791666666662877 ) ) ;
#4763 = CARTESIAN_POINT ( 'NONE',  ( 0.000000000000000000, 5.246303815928974609E-16, -9.500000000000000000 ) ) ;
#4764 = CARTESIAN_POINT ( 'NONE',  ( 3.784983195928246554E-16, 1.545336663013156420, 16.76250000000000639 ) ) ;
#4765 = VERTEX_POINT ( 'NONE', #5943 ) ;
#4766 =( BOUNDED_CURVE ( )  B_SPLINE_CURVE ( 2, ( #1369, #5370, #6375, #4442, #3939, #1801, #314 ),
 .UNSPECIFIED., .F., .F. ) 
 B_SPLINE_CURVE_WITH_KNOTS ( ( 3, 2, 2, 3 ),
 ( 0.02036123411978695355, 0.02245176957876181961, 0.02454230503773669261, 0.02663284049671155868 ),
 .UNSPECIFIED. ) 
 CURVE ( )  GEOMETRIC_REPRESENTATION_ITEM ( )  RATIONAL_B_SPLINE_CURVE ( ( 1.000000000001848965, 0.8660254037825897422, 1.000000000000000000, 0.8660254037844387076, 1.000000000000000000, 0.8660254037844387076, 1.000000000000000000 ) ) 
 REPRESENTATION_ITEM ( '' )  );
#4767 = CIRCLE ( 'NONE', #1554, 2.330000000000000071 ) ;
#4768 = CARTESIAN_POINT ( 'NONE',  ( 1.154700538375722285, 2.000000000006143974, 9.354166666667039109 ) ) ;
#4769 = CARTESIAN_POINT ( 'NONE',  ( -2.449293598294712824E-16, -2.000000000000012879, 11.95000000000000284 ) ) ;
#4770 = CARTESIAN_POINT ( 'NONE',  ( -1.338300807568884032, 0.7726683315065836499, -9.733333333333332504 ) ) ;
#4771 = CARTESIAN_POINT ( 'NONE',  ( 1.176575538379252661, -2.037888611415580975, 16.84270833333334139 ) ) ;
#4772 = CARTESIAN_POINT ( 'NONE',  ( 3.784983195928246554E-16, 1.545336663013156420, 21.05000000000000426 ) ) ;
#4773 = ORIENTED_EDGE ( 'NONE', *, *, #2618, .F. ) ;
#4774 = CARTESIAN_POINT ( 'NONE',  ( 1.338300807568883588, -0.7726683315065945301, -5.883333333333331083 ) ) ;
#4775 = CARTESIAN_POINT ( 'NONE',  ( -2.353151076758510651, -4.749144043473170523E-15, -2.959375000000000977 ) ) ;
#4776 = VERTEX_POINT ( 'NONE', #4446 ) ;
#4777 = FACE_OUTER_BOUND ( 'NONE', #3896, .T. ) ;
#4778 = CARTESIAN_POINT ( 'NONE',  ( 1.154700538379263897, 1.999999999999983125, 18.54166666666667140 ) ) ;
#4779 = CARTESIAN_POINT ( 'NONE',  ( -1.154700538379844987, -1.999999999998985700, -7.108333333333391124 ) ) ;
#4780 = CARTESIAN_POINT ( 'NONE',  ( 0.8922005383792491751, 1.545336663013155754, 11.80416666666667425 ) ) ;
#4781 = CYLINDRICAL_SURFACE ( 'NONE', #1732, 2.000000000000000000 ) ;
#4782 = CARTESIAN_POINT ( 'NONE',  ( 2.353151076758506655, -8.298345537711768183E-15, 17.00312500000000426 ) ) ;
#4783 = CARTESIAN_POINT ( 'NONE',  ( 1.732050807568881190, -1.000000000000011324, 16.96666666666666856 ) ) ;
#4784 = CARTESIAN_POINT ( 'NONE',  ( -0.8922005383792480648, 1.545336663013156642, 12.62083333333340285 ) ) ;
#4785 = DIRECTION ( 'NONE',  ( 0.000000000000000000, 0.000000000000000000, 1.000000000000000000 ) ) ;
#4786 = CARTESIAN_POINT ( 'NONE',  ( -1.154700538379255237, -2.000000000000012434, 10.49166666666666714 ) ) ;
#4787 = CARTESIAN_POINT ( 'NONE',  ( -1.338300807568872708, -0.7726683315065896451, 11.48333333333333606 ) ) ;
#4788 = CARTESIAN_POINT ( 'NONE',  ( 3.000000000000001332, -1.525603676592387714, 19.75480256142365931 ) ) ;
#4789 = CARTESIAN_POINT ( 'NONE',  ( -0.8922005383792482869, 1.545336663013156420, 18.30833333333333357 ) ) ;
#4790 = EDGE_CURVE ( 'NONE', #1408, #2568, #6016, .T. ) ;
#4791 = DIRECTION ( 'NONE',  ( 0.000000000000000000, 1.000000000000000000, 0.000000000000000000 ) ) ;
#4792 = CARTESIAN_POINT ( 'NONE',  ( -0.8922005383792679378, -1.545336663013204603, 12.94166666666668952 ) ) ;
#4793 = CARTESIAN_POINT ( 'NONE',  ( 0.8922005383792567246, 1.545336663013172185, -1.420833333333329396 ) ) ;
#4794 = CARTESIAN_POINT ( 'NONE',  ( 2.353151076758510651, -5.521060616024505207E-15, -6.153124999999996625 ) ) ;
#4795 = CARTESIAN_POINT ( 'NONE',  ( -0.8922005383792565025, -1.545336663013182177, -1.858333333333331838 ) ) ;
#4796 = CARTESIAN_POINT ( 'NONE',  ( -0.1007740199734679654, -1.545336663013183065, -9.499999999999996447 ) ) ;
#4797 = CARTESIAN_POINT ( 'NONE',  ( 1.784401076758496574, -8.193867857659506841E-15, 16.58750000000000568 ) ) ;
#4798 = EDGE_CURVE ( 'NONE', #4167, #2504, #3876, .T. ) ;
#4799 = ORIENTED_EDGE ( 'NONE', *, *, #441, .F. ) ;
#4800 = CARTESIAN_POINT ( 'NONE',  ( -0.8922005383792563915, -1.545336663013181733, -7.370833333333330017 ) ) ;
#4801 = EDGE_CURVE ( 'NONE', #4174, #3947, #1436, .T. ) ;
#4802 = DIRECTION ( 'NONE',  ( 0.000000000000000000, 1.000000000000000000, 1.052394146630295762E-16 ) ) ;
#4803 = FACE_OUTER_BOUND ( 'NONE', #3364, .T. ) ;
#4804 = CARTESIAN_POINT ( 'NONE',  ( 0.8922005383792568356, 1.545336663013171963, -7.108333333333330728 ) ) ;
#4805 = CARTESIAN_POINT ( 'NONE',  ( 1.176575538379252661, -2.037888611415580975, 16.14270833333333854 ) ) ;
#4806 = CARTESIAN_POINT ( 'NONE',  ( 1.338300807568872042, -0.7726683315065906443, 18.01666666666666927 ) ) ;
#4807 = VERTEX_POINT ( 'NONE', #5069 ) ;
#4808 = CARTESIAN_POINT ( 'NONE',  ( -1.338300807568884032, 0.7726683315065839830, -4.133333333333331083 ) ) ;
#4809 = EDGE_CURVE ( 'NONE', #974, #1415, #1918, .T. ) ;
#4810 = CARTESIAN_POINT ( 'NONE',  ( 1.176575538379256658, 2.037888611415570317, -3.192708333333334370 ) ) ;
#4811 = VERTEX_POINT ( 'NONE', #510 ) ;
#4812 = CARTESIAN_POINT ( 'NONE',  ( -2.449293598294712824E-16, -2.000000000000012879, 19.65000000000000213 ) ) ;
#4813 = CARTESIAN_POINT ( 'NONE',  ( -1.732050807568881634, 0.9999999999999950040, 11.71666666666666856 ) ) ;
#4814 = CARTESIAN_POINT ( 'NONE',  ( 0.000000000000000000, 2.349999999999999645, 20.00000000000000000 ) ) ;
#4815 = CARTESIAN_POINT ( 'NONE',  ( 1.338300807568873152, 0.7726683315065731028, 13.14583333333333925 ) ) ;
#4816 = CARTESIAN_POINT ( 'NONE',  ( -2.309401076758508697, -7.724668665772411967E-15, 14.57500000000000462 ) ) ;
#4817 = CARTESIAN_POINT ( 'NONE',  ( 4.991387529977850254E-16, 2.037888611415564544, 17.17812500000000142 ) ) ;
#4818 = CARTESIAN_POINT ( 'NONE',  ( -2.309401076758507365, -5.055879796447110568E-15, -7.924999999999999822 ) ) ;
#4819 = CARTESIAN_POINT ( 'NONE',  ( 0.8922005383792477318, -1.545336663013172407, 11.57083333333340214 ) ) ;
#4820 = DIRECTION ( 'NONE',  ( 0.000000000000000000, 0.000000000000000000, 1.000000000000000000 ) ) ;
#4821 = CARTESIAN_POINT ( 'NONE',  ( 1.732050807568876749, 0.9999999999999897859, 15.59583333333333854 ) ) ;
#4822 = CARTESIAN_POINT ( 'NONE',  ( -1.338300807568872486, 0.7726683315065743241, 10.66666666666666963 ) ) ;
#4823 = LINE ( 'NONE', #264, #5351 ) ;
#4824 = CARTESIAN_POINT ( 'NONE',  ( 1.338300807568873374, 0.7726683315065732138, 17.43333333333333712 ) ) ;
#4825 = CARTESIAN_POINT ( 'NONE',  ( 1.154700538379846986, 1.999999999998972600, -1.858333333333392456 ) ) ;
#4826 = CARTESIAN_POINT ( 'NONE',  ( 1.784401076758534765, -8.193867857659513152E-15, 10.37500000000002309 ) ) ;
#4827 = CARTESIAN_POINT ( 'NONE',  ( -0.8922005383792563915, -1.545336663013181733, -3.870833333333330017 ) ) ;
#4828 = CARTESIAN_POINT ( 'NONE',  ( -2.353151076758510651, -4.623235044435833370E-15, -0.9031249999999976241 ) ) ;
#4829 = AXIS2_PLACEMENT_3D ( 'NONE', #1054, #4691, #127 ) ;
#4830 = CARTESIAN_POINT ( 'NONE',  ( -1.892491597964140040E-16, -1.545336663013182621, -3.899999999999998135 ) ) ;
#4831 = CYLINDRICAL_SURFACE ( 'NONE', #3925, 1.999999999999998224 ) ;
#4832 = CARTESIAN_POINT ( 'NONE',  ( 3.784983195928246554E-16, 1.545336663013156420, 13.96250000000000568 ) ) ;
#4833 = CARTESIAN_POINT ( 'NONE',  ( -1.338300807568883588, 0.7726683315065837609, -4.745833333333330017 ) ) ;
#4834 = ORIENTED_EDGE ( 'NONE', *, *, #6066, .T. ) ;
#4835 = EDGE_CURVE ( 'NONE', #4965, #3545, #100, .T. ) ;
#4836 = AXIS2_PLACEMENT_3D ( 'NONE', #1861, #2925, #2786 ) ;
#4837 = CARTESIAN_POINT ( 'NONE',  ( 1.338300807568883588, -0.7726683315065946411, -7.283333333333330550 ) ) ;
#4838 = DIRECTION ( 'NONE',  ( -0.000000000000000000, 1.059903591714612962E-16, -1.000000000000000000 ) ) ;
#4839 = CARTESIAN_POINT ( 'NONE',  ( -1.784401076758511895, -4.980870179999334186E-15, -6.174999999999998934 ) ) ;
#4840 = CARTESIAN_POINT ( 'NONE',  ( -1.764863307568879991, 1.018944305707778719, 18.65104166666667496 ) ) ;
#4841 = CARTESIAN_POINT ( 'NONE',  ( 0.8922005383792491751, 1.545336663013155754, 18.19166666666666998 ) ) ;
#4842 = VERTEX_POINT ( 'NONE', #109 ) ;
#4843 = CARTESIAN_POINT ( 'NONE',  ( -1.326587386856960649, 0.7926104384151878568, -0.6348519475492754305 ) ) ;
#4844 = CARTESIAN_POINT ( 'NONE',  ( 1.764863307568883988, 1.018944305707781606, -2.551041666666667762 ) ) ;
#4845 = CARTESIAN_POINT ( 'NONE',  ( 1.154700538379320074, 2.000000000000057732, -5.970833333333383841 ) ) ;
#4846 = DIRECTION ( 'NONE',  ( -0.000000000000000000, 1.059903591714612962E-16, -1.000000000000000000 ) ) ;
#4847 = CARTESIAN_POINT ( 'NONE',  ( 0.000000000000000000, 1.999999999999998668, -8.799999999999998934 ) ) ;
#4848 = CARTESIAN_POINT ( 'NONE',  ( -0.8922005383792481759, 1.545336663013156420, 14.02083333333334103 ) ) ;
#4849 = CARTESIAN_POINT ( 'NONE',  ( 4.991387529977850254E-16, 2.037888611415564544, 17.87812500000000071 ) ) ;
#4850 = CARTESIAN_POINT ( 'NONE',  ( -1.338300807568872708, -0.7726683315065896451, 13.49583333333340107 ) ) ;
#4851 = AXIS2_PLACEMENT_3D ( 'NONE', #298, #3350, #2316 ) ;
#4852 = CARTESIAN_POINT ( 'NONE',  ( 2.449293598294706414E-16, -1.999999999999999556, -9.500000000000000000 ) ) ;
#4853 = CARTESIAN_POINT ( 'NONE',  ( 0.000000000000000000, -4.336808689942017736E-15, 0.000000000000000000 ) ) ;
#4854 = CARTESIAN_POINT ( 'NONE',  ( -1.784401076758496574, -7.756815644250031206E-15, 12.82500000000000284 ) ) ;
#4855 = CARTESIAN_POINT ( 'NONE',  ( 1.195579725702729634, 1.334100670261640476, -9.368660425537115088 ) ) ;
#4856 = CARTESIAN_POINT ( 'NONE',  ( 3.784983195928247540E-16, 1.545336663013156642, 20.35000000000000497 ) ) ;
#4857 = FACE_OUTER_BOUND ( 'NONE', #205, .T. ) ;
#4858 = CARTESIAN_POINT ( 'NONE',  ( -1.338300807568901352, -0.7726683315066062985, 12.18333333333335666 ) ) ;
#4859 = CARTESIAN_POINT ( 'NONE',  ( -1.338300807568883810, 0.7726683315065840940, -1.245833333333329795 ) ) ;
#4860 = CARTESIAN_POINT ( 'NONE',  ( 2.353151076758510651, -5.178159512263246476E-15, -0.5531249999999964251 ) ) ;
#4861 = CARTESIAN_POINT ( 'NONE',  ( -0.5527641962617907412, -1.443092909477339703, -1.139999999999999902 ) ) ;
#4862 = CARTESIAN_POINT ( 'NONE',  ( -0.4922899835702404525, -1.468229183908145385, -9.499999999999994671 ) ) ;
#4863 = CARTESIAN_POINT ( 'NONE',  ( 0.8922005383792477318, -1.545336663013172407, 11.57083333333333819 ) ) ;
#4864 = CARTESIAN_POINT ( 'NONE',  ( 1.338300807568884254, 0.7726683315065825397, -4.979166666666664298 ) ) ;
#4865 = ORIENTED_EDGE ( 'NONE', *, *, #5034, .F. ) ;
#4866 = CARTESIAN_POINT ( 'NONE',  ( 1.338300807568883588, -0.7726683315065945301, -6.583333333333330373 ) ) ;
#4867 = CARTESIAN_POINT ( 'NONE',  ( 2.321117977665706550E-16, -1.895336663013172496, -0.3499999999999994782 ) ) ;
#4868 = CARTESIAN_POINT ( 'NONE',  ( -1.176575538379254215, -2.037888611415580087, 12.52604166666667318 ) ) ;
#4869 = CARTESIAN_POINT ( 'NONE',  ( 0.8922005383792477318, -1.545336663013172407, 17.25833333333333997 ) ) ;
#4870 = EDGE_LOOP ( 'NONE', ( #3615, #1171, #3641, #4601 ) ) ;
#4871 = EDGE_CURVE ( 'NONE', #4807, #2856, #1790, .T. ) ;
#4872 = CARTESIAN_POINT ( 'NONE',  ( -1.338300807568883810, 0.7726683315065835389, -9.645833333333330373 ) ) ;
#4873 = CARTESIAN_POINT ( 'NONE',  ( 0.8922005383792555033, -1.545336663013183509, -9.441666666666664653 ) ) ;
#4874 = CARTESIAN_POINT ( 'NONE',  ( -0.8922005383792563915, -1.545336663013181955, -6.670833333333330728 ) ) ;
#4875 = CARTESIAN_POINT ( 'NONE',  ( 2.744999999999999662, 1.879275126212228919, 19.77675886009239647 ) ) ;
#4876 = CARTESIAN_POINT ( 'NONE',  ( -1.732050807568880746, 0.9999999999999974465, -3.083333333333331705 ) ) ;
#4877 = CARTESIAN_POINT ( 'NONE',  ( -2.495693764988925127E-16, -2.037888611415580531, 14.02812500000000284 ) ) ;
#4878 = EDGE_CURVE ( 'NONE', #1415, #5981, #6138, .T. ) ;
#4879 = LINE ( 'NONE', #3880, #4507 ) ;
#4880 = ORIENTED_EDGE ( 'NONE', *, *, #3937, .F. ) ;
#4881 = CARTESIAN_POINT ( 'NONE',  ( -1.892491597964164199E-16, -1.545336663013205047, 17.90000000000001990 ) ) ;
#4882 = CARTESIAN_POINT ( 'NONE',  ( 0.000000000000000000, 5.246303815928974609E-16, -9.500000000000000000 ) ) ;
#4883 =( BOUNDED_CURVE ( )  B_SPLINE_CURVE ( 2, ( #2992, #4539, #1589, #2021, #2558, #1557, #2492 ),
 .UNSPECIFIED., .F., .F. ) 
 B_SPLINE_CURVE_WITH_KNOTS ( ( 3, 2, 2, 3 ),
 ( 0.6188698022411082134, 0.6307745641458701868, 0.6426793260506321603, 0.6545840879553940228 ),
 .UNSPECIFIED. ) 
 CURVE ( )  GEOMETRIC_REPRESENTATION_ITEM ( )  RATIONAL_B_SPLINE_CURVE ( ( 0.9999999999998813172, 0.8660254037845573905, 1.000000000000000000, 0.8660254037844387076, 1.000000000000000000, 0.8660254037843200248, 1.000000000000118794 ) ) 
 REPRESENTATION_ITEM ( '' )  );
#4884 = EDGE_CURVE ( 'NONE', #48, #5414, #4574, .T. ) ;
#4885 = CARTESIAN_POINT ( 'NONE',  ( -0.8922005383792488420, -1.545336663013171519, 8.741666666666668917 ) ) ;
#4886 = CARTESIAN_POINT ( 'NONE',  ( 1.732050807568877415, -1.000000000000006439, -8.245833333333330017 ) ) ;
#4887 = CARTESIAN_POINT ( 'NONE',  ( 0.8922005383792478428, -1.545336663013172851, 20.75833333333333641 ) ) ;
#4888 = CARTESIAN_POINT ( 'NONE',  ( -1.080496166152405735, 2.840276862751301756, 19.94810379478157003 ) ) ;
#4889 = CARTESIAN_POINT ( 'NONE',  ( -1.892491597964164199E-16, -1.545336663013205047, 9.500000000000023093 ) ) ;
#4890 = CARTESIAN_POINT ( 'NONE',  ( 0.000000000000000000, 1.545336663013172629, -2.062499999999996447 ) ) ;
#4891 = CARTESIAN_POINT ( 'NONE',  ( -2.353151076758510651, -4.666097682405991303E-15, -1.603124999999997025 ) ) ;
#4892 = CARTESIAN_POINT ( 'NONE',  ( 1.338300807568884698, 0.7726683315065829838, -1.566666666666664209 ) ) ;
#4893 = CYLINDRICAL_SURFACE ( 'NONE', #1581, 2.000000000000000000 ) ;
#4894 = CARTESIAN_POINT ( 'NONE',  ( 3.784983195928246554E-16, 1.545336663013156420, 11.16250000000000497 ) ) ;
#4895 = CARTESIAN_POINT ( 'NONE',  ( -1.338300807568883588, 0.7726683315065836499, -5.445833333333330195 ) ) ;
#4896 = VERTEX_POINT ( 'NONE', #5133 ) ;
#4897 = CARTESIAN_POINT ( 'NONE',  ( -0.8922005383792559474, 1.545336663013172407, -7.691666666666664653 ) ) ;
#4898 = DIRECTION ( 'NONE',  ( -1.224646799147353454E-16, 1.000000000000000000, 0.000000000000000000 ) ) ;
#4899 = CARTESIAN_POINT ( 'NONE',  ( -1.764863307568879991, 1.018944305707778719, 14.45104166666667389 ) ) ;
#4900 = ORIENTED_EDGE ( 'NONE', *, *, #6017, .T. ) ;
#4901 = CARTESIAN_POINT ( 'NONE',  ( -0.8922005383792558364, 1.545336663013172851, -2.091666666666664565 ) ) ;
#4902 =( BOUNDED_CURVE ( )  B_SPLINE_CURVE ( 2, ( #3478, #2871, #6415, #5515, #4916, #4524, #949 ),
 .UNSPECIFIED., .F., .T. ) 
 B_SPLINE_CURVE_WITH_KNOTS ( ( 3, 2, 2, 3 ),
 ( 0.4166666666666667407, 0.4259259259259260411, 0.4351851851851853414, 0.4444444444444446418 ),
 .UNSPECIFIED. ) 
 CURVE ( )  GEOMETRIC_REPRESENTATION_ITEM ( )  RATIONAL_B_SPLINE_CURVE ( ( 0.9999999999999992228, 0.8660254037844394848, 1.000000000000000000, 0.8660254037844387076, 1.000000000000000000, 0.8660254037844354880, 1.000000000000003109 ) ) 
 REPRESENTATION_ITEM ( '' )  );
#4903 = CARTESIAN_POINT ( 'NONE',  ( 1.176575538379256658, 2.037888611415570317, -2.492708333333334636 ) ) ;
#4904 = CARTESIAN_POINT ( 'NONE',  ( -1.732050807568881634, 0.9999999999999950040, 16.61666666666666714 ) ) ;
#4905 = CARTESIAN_POINT ( 'NONE',  ( 0.000000000000000000, 1.545336663013172407, -7.662499999999997868 ) ) ;
#4906 = CARTESIAN_POINT ( 'NONE',  ( 0.5326540592787645245, -1.759669098423803701, 19.49095946590562889 ) ) ;
#4907 = CARTESIAN_POINT ( 'NONE',  ( 0.000000000000000000, 0.000000000000000000, 0.000000000000000000 ) ) ;
#4908 = CARTESIAN_POINT ( 'NONE',  ( 1.483047267951659309, -1.281860800433772596, -1.377916012256073852 ) ) ;
#4909 = CARTESIAN_POINT ( 'NONE',  ( 1.764863307568880879, 1.018944305707776943, 12.86145833333333499 ) ) ;
#4910 = ORIENTED_EDGE ( 'NONE', *, *, #3489, .T. ) ;
#4911 = CARTESIAN_POINT ( 'NONE',  ( 1.784401076758496352, -8.193867857659506841E-15, 10.28750000000007070 ) ) ;
#4912 = ORIENTED_EDGE ( 'NONE', *, *, #1854, .T. ) ;
#4913 = CARTESIAN_POINT ( 'NONE',  ( -0.09000270053111404656, -3.385130245852761011, 19.74299748789804099 ) ) ;
#4914 = ADVANCED_FACE ( 'NONE', ( #2093 ), #933, .T. ) ;
#4915 = CARTESIAN_POINT ( 'NONE',  ( 1.338300807568872042, -0.7726683315065906443, 8.916666666666669627 ) ) ;
#4916 = CARTESIAN_POINT ( 'NONE',  ( -1.732050807568881634, 0.9999999999999950040, 15.21666666666666856 ) ) ;
#4917 = CARTESIAN_POINT ( 'NONE',  ( 1.338300807568873374, 0.7726683315065732138, 15.33333333333333748 ) ) ;
#4918 = ORIENTED_EDGE ( 'NONE', *, *, #5558, .T. ) ;
#4919 = CARTESIAN_POINT ( 'NONE',  ( 1.154700538378661268, -2.000000000001035172, -2.091666666666724961 ) ) ;
#4920 = CARTESIAN_POINT ( 'NONE',  ( -1.338300807568901352, 0.7726683315065909774, 9.966666666666689878 ) ) ;
#4921 = CARTESIAN_POINT ( 'NONE',  ( 0.000000000000000000, 1.999999999999997335, -3.112499999999997602 ) ) ;
#4922 = CARTESIAN_POINT ( 'NONE',  ( -1.764863307568883100, 1.018944305707783382, -3.061458333333330284 ) ) ;
#4923 = CARTESIAN_POINT ( 'NONE',  ( 0.8922005383792555033, -1.545336663013183065, -3.841666666666664121 ) ) ;
#4924 = CARTESIAN_POINT ( 'NONE',  ( -1.154700538379303199, 2.000000000000085265, -6.554166666666715990 ) ) ;
#4925 = CARTESIAN_POINT ( 'NONE',  ( 1.338300807568872042, -0.7726683315065906443, 11.62916666666667354 ) ) ;
#4926 = CARTESIAN_POINT ( 'NONE',  ( -0.6623378907445316433, 3.081700655621907536, 0.1058884084970974915 ) ) ;
#4927 = CARTESIAN_POINT ( 'NONE',  ( -0.8922005383792563915, -1.545336663013181511, -3.870833333333330017 ) ) ;
#4928 = EDGE_LOOP ( 'NONE', ( #1947, #4047, #4586, #4557 ) ) ;
#4929 = CARTESIAN_POINT ( 'NONE',  ( -1.338300807568884032, 0.7726683315065837609, -7.633333333333330195 ) ) ;
#4930 = CARTESIAN_POINT ( 'NONE',  ( 1.154700538379250574, -2.000000000000007994, 14.02083333333333748 ) ) ;
#4931 = AXIS2_PLACEMENT_3D ( 'NONE', #3179, #1678, #3652 ) ;
#4932 = CARTESIAN_POINT ( 'NONE',  ( 1.764863307568879547, -1.018944305707794928, 14.10104166666667247 ) ) ;
#4933 = ORIENTED_EDGE ( 'NONE', *, *, #5088, .F. ) ;
#4934 = CARTESIAN_POINT ( 'NONE',  ( 0.000000000000000000, 1.545336663013172185, -9.062499999999998224 ) ) ;
#4935 = CARTESIAN_POINT ( 'NONE',  ( -1.338300807568884032, -0.7726683315065936419, -7.516666666666664831 ) ) ;
#4936 = CC_DESIGN_APPROVAL ( #3245, ( #1630 ) ) ;
#4937 = CARTESIAN_POINT ( 'NONE',  ( -2.449293598294711345E-16, -2.000000000000008882, -2.849999999999999201 ) ) ;
#4938 = CARTESIAN_POINT ( 'NONE',  ( -1.892491597964139794E-16, -1.545336663013182621, -8.012499999999997513 ) ) ;
#4939 = LINE ( 'NONE', #381, #4674 ) ;
#4940 = CARTESIAN_POINT ( 'NONE',  ( -0.8922005383792488420, -1.545336663013171519, 8.654166666666672114 ) ) ;
#4941 = CARTESIAN_POINT ( 'NONE',  ( 0.8348461526235905206, -1.817424524278700160, -1.402500000000027836 ) ) ;
#4942 = CARTESIAN_POINT ( 'NONE',  ( 1.764863307568879547, -1.018944305707794928, 14.84479166666666927 ) ) ;
#4943 = ORIENTED_EDGE ( 'NONE', *, *, #6097, .T. ) ;
#4944 =( BOUNDED_CURVE ( )  B_SPLINE_CURVE ( 2, ( #3227, #602, #240, #5259, #3260, #2754, #3697 ),
 .UNSPECIFIED., .F., .F. ) 
 B_SPLINE_CURVE_WITH_KNOTS ( ( 3, 2, 2, 3 ),
 ( 0.4760126593839654197, 0.4879174212887273376, 0.4998221831934892556, 0.5117269450982512291 ),
 .UNSPECIFIED. ) 
 CURVE ( )  GEOMETRIC_REPRESENTATION_ITEM ( )  RATIONAL_B_SPLINE_CURVE ( ( 0.9999999999998813172, 0.8660254037845573905, 1.000000000000000000, 0.8660254037844387076, 1.000000000000000000, 0.8660254037843200248, 1.000000000000118794 ) ) 
 REPRESENTATION_ITEM ( '' )  );
#4945 = CARTESIAN_POINT ( 'NONE',  ( -2.886607437761893991, -1.770509747995629990, 0.2570025121019490211 ) ) ;
#4946 = DIRECTION ( 'NONE',  ( -0.000000000000000000, 1.059903591714612962E-16, -1.000000000000000000 ) ) ;
#4947 = ORIENTED_EDGE ( 'NONE', *, *, #2190, .T. ) ;
#4948 = CARTESIAN_POINT ( 'NONE',  ( -1.176575538379255104, 2.037888611415570761, -9.376041666666665719 ) ) ;
#4949 = CARTESIAN_POINT ( 'NONE',  ( -0.8922005383792488420, -1.545336663013171519, 18.45416666666667638 ) ) ;
#4950 = CARTESIAN_POINT ( 'NONE',  ( -2.449293598294712824E-16, -2.000000000000012879, 11.25000000000000178 ) ) ;
#4951 = CARTESIAN_POINT ( 'NONE',  ( -0.8922005383792482869, 1.545336663013156420, 16.90833333333333854 ) ) ;
#4952 = ORIENTED_EDGE ( 'NONE', *, *, #3779, .F. ) ;
#4953 = CARTESIAN_POINT ( 'NONE',  ( -2.086282122000723683E-11, 1.999999999999998224, 16.41250000000106724 ) ) ;
#4954 = CARTESIAN_POINT ( 'NONE',  ( -0.8922005383792679378, -1.545336663013204603, 9.441666666666691299 ) ) ;
#4955 = ADVANCED_FACE ( 'NONE', ( #2982 ), #2452, .T. ) ;
#4956 = CARTESIAN_POINT ( 'NONE',  ( -1.154700538379275443, -1.999999999999978462, 17.49166666666666714 ) ) ;
#4957 = CARTESIAN_POINT ( 'NONE',  ( 0.000000000000000000, 2.037888611415571205, -1.778124999999996625 ) ) ;
#4958 = LINE ( 'NONE', #528, #4635 ) ;
#4959 = FACE_OUTER_BOUND ( 'NONE', #2029, .T. ) ;
#4960 = CARTESIAN_POINT ( 'NONE',  ( -1.338300807568872708, -0.7726683315065896451, 14.19583333333333997 ) ) ;
#4961 = ORIENTED_EDGE ( 'NONE', *, *, #3653, .F. ) ;
#4962 = CARTESIAN_POINT ( 'NONE',  ( 1.154700538379250796, -2.000000000000008438, 18.22083333333333854 ) ) ;
#4963 = EDGE_CURVE ( 'NONE', #5000, #1238, #225, .T. ) ;
#4964 = CARTESIAN_POINT ( 'NONE',  ( -0.8922005383792563915, -1.545336663013181511, -1.770833333333331039 ) ) ;
#4965 = VERTEX_POINT ( 'NONE', #1884 ) ;
#4966 = B_SPLINE_CURVE_WITH_KNOTS ( 'NONE', 3,
 ( #4160, #4561, #4625, #3148, #4127, #5725 ),
 .UNSPECIFIED., .F., .F.,
 ( 4, 2, 4 ),
 ( 1.160622958317515029E-14, 0.0002683679863540051869, 0.0005367359726964042064 ),
 .UNSPECIFIED. ) ;
#4967 = EDGE_CURVE ( 'NONE', #4076, #134, #855, .T. ) ;
#4968 = CARTESIAN_POINT ( 'NONE',  ( -0.8922005383792565025, -1.545336663013182177, -4.658333333333332327 ) ) ;
#4969 = CARTESIAN_POINT ( 'NONE',  ( 0.8346783759921658774, -1.348769162749547057, 19.25279946074161685 ) ) ;
#4970 = CARTESIAN_POINT ( 'NONE',  ( 1.176575538379252661, -2.037888611415580975, 14.74270833333333997 ) ) ;
#4971 = CARTESIAN_POINT ( 'NONE',  ( -1.892491597964139794E-16, -1.545336663013182621, -8.012499999999997513 ) ) ;
#4972 = CARTESIAN_POINT ( 'NONE',  ( 0.000000000000000000, 1.545336663013172185, -8.449999999999997513 ) ) ;
#4973 = CARTESIAN_POINT ( 'NONE',  ( 1.732050807568881190, 0.9999999999999956701, -2.616666666666665364 ) ) ;
#4974 = CARTESIAN_POINT ( 'NONE',  ( -0.8922005383792563915, -1.545336663013181955, -5.970833333333330550 ) ) ;
#4975 = CARTESIAN_POINT ( 'NONE',  ( 3.000000000000000000, 1.437602170282163971, 19.77675886009239647 ) ) ;
#4976 = CARTESIAN_POINT ( 'NONE',  ( 0.8922005383792477318, -1.545336663013172407, 9.470833333333340320 ) ) ;
#4977 = DIRECTION ( 'NONE',  ( -0.000000000000000000, 1.059903591714612962E-16, -1.000000000000000000 ) ) ;
#4978 = CARTESIAN_POINT ( 'NONE',  ( -1.764863307568879991, 1.018944305707778719, 14.49479166666666963 ) ) ;
#4979 = ORIENTED_EDGE ( 'NONE', *, *, #3602, .T. ) ;
#4980 = CARTESIAN_POINT ( 'NONE',  ( -1.154700538379209496, -2.000000000002688960, 16.00416666666750132 ) ) ;
#4981 = FACE_OUTER_BOUND ( 'NONE', #1586, .T. ) ;
#4982 = EDGE_LOOP ( 'NONE', ( #1542, #2954, #4549, #1631 ) ) ;
#4983 = CARTESIAN_POINT ( 'NONE',  ( 0.000000000000000000, 2.037888611415570761, -8.034375000000000711 ) ) ;
#4984 = CARTESIAN_POINT ( 'NONE',  ( -1.338300807568872486, 0.7726683315065743241, 20.37916666666667354 ) ) ;
#4985 = CARTESIAN_POINT ( 'NONE',  ( 2.757194472730501516E-11, 1.999999999999999112, -8.012500000001393730 ) ) ;
#4986 = CARTESIAN_POINT ( 'NONE',  ( 1.338300807568873374, 0.7726683315065732138, 16.73333333333333783 ) ) ;
#4987 = EDGE_LOOP ( 'NONE', ( #6492, #2359, #5998, #6205 ) ) ;
#4988 = CARTESIAN_POINT ( 'NONE',  ( 0.2550000000000008926, -3.316877296494401772, 19.77675886009239647 ) ) ;
#4989 = LINE ( 'NONE', #3990, #6417 ) ;
#4990 = CARTESIAN_POINT ( 'NONE',  ( -2.078761675320248061E-11, -1.999999999999999556, -5.562500000001043610 ) ) ;
#4991 =( BOUNDED_CURVE ( )  B_SPLINE_CURVE ( 2, ( #1996, #6015, #2030, #4046, #6550, #1471, #5016 ),
 .UNSPECIFIED., .F., .T. ) 
 B_SPLINE_CURVE_WITH_KNOTS ( ( 3, 2, 2, 3 ),
 ( 0.1583227855005518159, 0.1604127562367041182, 0.1625027269728564761, 0.1645926977090088061 ),
 .UNSPECIFIED. ) 
 CURVE ( )  GEOMETRIC_REPRESENTATION_ITEM ( )  RATIONAL_B_SPLINE_CURVE ( ( 1.000000000000000000, 0.8660254037844387076, 1.000000000000000000, 0.8660254037844387076, 1.000000000000000000, 0.8660254037844193897, 1.000000000000019318 ) ) 
 REPRESENTATION_ITEM ( '' )  );
#4992 = DIRECTION ( 'NONE',  ( -0.000000000000000000, 1.059903591714612962E-16, -1.000000000000000000 ) ) ;
#4993 = CARTESIAN_POINT ( 'NONE',  ( -1.988487272439301679, -0.2142857142856407493, 8.900000000000000355 ) ) ;
#4994 = CARTESIAN_POINT ( 'NONE',  ( 1.338300807568873374, 0.7726683315065732138, 9.033333333333338544 ) ) ;
#4995 = ADVANCED_FACE ( 'NONE', ( #4959 ), #2010, .T. ) ;
#4996 = CARTESIAN_POINT ( 'NONE',  ( -2.495693764988925127E-16, -2.037888611415580531, 19.62812500000000426 ) ) ;
#4997 = VECTOR ( 'NONE', #4182, 1000.000000000000000 ) ;
#4998 = CARTESIAN_POINT ( 'NONE',  ( 0.6991093389150330184, 1.612959412337520382, 8.900000000000002132 ) ) ;
#4999 = CARTESIAN_POINT ( 'NONE',  ( 1.338300807568883144, -0.7726683315065939750, -0.8958333333333300397 ) ) ;
#5000 = VERTEX_POINT ( 'NONE', #466 ) ;
#5001 = ADVANCED_FACE ( 'NONE', ( #2879 ), #1978, .F. ) ;
#5002 = CARTESIAN_POINT ( 'NONE',  ( 1.547423617217860370, 0.06365873787759404601, 8.900000000000009237 ) ) ;
#5003 = CARTESIAN_POINT ( 'NONE',  ( 4.991387529977850254E-16, 2.037888611415564544, 15.73437500000000888 ) ) ;
#5004 = CARTESIAN_POINT ( 'NONE',  ( -0.8922005383792556144, 1.545336663013172407, -6.904166666666663232 ) ) ;
#5005 = CARTESIAN_POINT ( 'NONE',  ( 1.338300807568883588, -0.7726683315065946411, -7.283333333333330550 ) ) ;
#5006 = CARTESIAN_POINT ( 'NONE',  ( 0.000000000000000000, 1.999999999999998668, -9.500000000000000000 ) ) ;
#5007 = CARTESIAN_POINT ( 'NONE',  ( 0.8922005383792552813, -1.545336663013182843, -5.854166666666663410 ) ) ;
#5008 = CARTESIAN_POINT ( 'NONE',  ( 2.337662109255469023, 2.114451767084718714, 0.1058884084970972278 ) ) ;
#5009 = CARTESIAN_POINT ( 'NONE',  ( -0.8922005383792481759, 1.545336663013156420, 9.820833333333339965 ) ) ;
#5010 = CARTESIAN_POINT ( 'NONE',  ( 1.551409817422034543, 0.9862168119110872322, -1.307412120632590158 ) ) ;
#5011 = CARTESIAN_POINT ( 'NONE',  ( 4.991387529977850254E-16, 2.037888611415564544, 12.27812500000000284 ) ) ;
#5012 = ORIENTED_EDGE ( 'NONE', *, *, #4191, .T. ) ;
#5013 = CARTESIAN_POINT ( 'NONE',  ( -2.999999999999998224, -1.525603676592346192, 0.2451974385763287523 ) ) ;
#5014 = CARTESIAN_POINT ( 'NONE',  ( -1.955108063345652569, -0.2593472861568347776, -0.5540491002493794781 ) ) ;
#5015 = ORIENTED_EDGE ( 'NONE', *, *, #4483, .F. ) ;
#5016 = CARTESIAN_POINT ( 'NONE',  ( 3.122404840344129946E-13, 1.999999999999999112, 10.81249999999999467 ) ) ;
#5017 = CARTESIAN_POINT ( 'NONE',  ( -1.621856521639803317, 0.8791756596466840934, 19.51118547333448561 ) ) ;
#5018 = CARTESIAN_POINT ( 'NONE',  ( 0.8922005383792491751, 1.545336663013155754, 20.20416666666667282 ) ) ;
#5019 = LINE ( 'NONE', #2941, #6101 ) ;
#5020 = CARTESIAN_POINT ( 'NONE',  ( 1.784401076758496796, -8.193867857659506841E-15, 16.67500000000000071 ) ) ;
#5021 = EDGE_LOOP ( 'NONE', ( #5299, #3034 ) ) ;
#5022 = CARTESIAN_POINT ( 'NONE',  ( 2.309401076759995064, -8.290308793092637503E-15, 16.23750000000075033 ) ) ;
#5023 = DIRECTION ( 'NONE',  ( -0.000000000000000000, 1.059903591714612962E-16, -1.000000000000000000 ) ) ;
#5024 = CARTESIAN_POINT ( 'NONE',  ( -2.449293598294700005E-16, -2.000000000000002665, 17.46250000000000213 ) ) ;
#5025 = DIRECTION ( 'NONE',  ( 0.000000000000000000, 0.000000000000000000, 1.000000000000000000 ) ) ;
#5026 = CARTESIAN_POINT ( 'NONE',  ( -1.732050807568910500, -1.000000000000023981, -5.679166666666684904 ) ) ;
#5027 = DIRECTION ( 'NONE',  ( -0.000000000000000000, 1.059903591714612962E-16, -1.000000000000000000 ) ) ;
#5028 = ORIENTED_EDGE ( 'NONE', *, *, #5807, .F. ) ;
#5029 = CARTESIAN_POINT ( 'NONE',  ( -0.9886535731094099333, 1.666941593949076372, 8.899999999999973710 ) ) ;
#5030 = CARTESIAN_POINT ( 'NONE',  ( 0.000000000000000000, 2.037888611415570761, -9.478124999999996803 ) ) ;
#5031 = CARTESIAN_POINT ( 'NONE',  ( 1.338300807568873152, 0.7726683315065731028, 19.44583333333333997 ) ) ;
#5032 = CARTESIAN_POINT ( 'NONE',  ( 1.176575538379252661, -2.037888611415580975, 11.24270833333334174 ) ) ;
#5033 = CARTESIAN_POINT ( 'NONE',  ( 0.8922005383792552813, -1.545336663013182843, -5.854166666666664298 ) ) ;
#5034 = EDGE_CURVE ( 'NONE', #81, #640, #2256, .T. ) ;
#5035 = CARTESIAN_POINT ( 'NONE',  ( -1.338300807568884032, -0.7726683315065935309, -6.116666666666664476 ) ) ;
#5036 = FACE_OUTER_BOUND ( 'NONE', #4177, .T. ) ;
#5037 = CARTESIAN_POINT ( 'NONE',  ( -1.784401076758511895, -4.932649712282906905E-15, -5.387499999999998401 ) ) ;
#5038 = CARTESIAN_POINT ( 'NONE',  ( -1.154700538379845653, -1.999999999998983480, -1.508333333333392368 ) ) ;
#5039 = PERSON_AND_ORGANIZATION ( #3859, #6112 ) ;
#5040 = CARTESIAN_POINT ( 'NONE',  ( -1.764863307568879991, 1.018944305707778719, 20.75104166666667282 ) ) ;
#5041 = CARTESIAN_POINT ( 'NONE',  ( 2.353151076758506655, -8.298345537711768183E-15, 9.303125000000003197 ) ) ;
#5042 = ORIENTED_EDGE ( 'NONE', *, *, #5368, .F. ) ;
#5043 = VECTOR ( 'NONE', #1504, 1000.000000000000000 ) ;
#5044 = CARTESIAN_POINT ( 'NONE',  ( -4.747177594414760738E-14, 1.999999999999997113, 12.21250000000001279 ) ) ;
#5045 = ORIENTED_EDGE ( 'NONE', *, *, #2593, .T. ) ;
#5046 = CARTESIAN_POINT ( 'NONE',  ( -1.764863307568883100, 1.018944305707782716, -9.317708333333333925 ) ) ;
#5047 = CARTESIAN_POINT ( 'NONE',  ( 1.338300807568873152, 0.7726683315065731028, 16.73333333333333783 ) ) ;
#5048 = CARTESIAN_POINT ( 'NONE',  ( 1.583682936904338145, 0.5714882009881518954, 19.34966212204011526 ) ) ;
#5049 = CARTESIAN_POINT ( 'NONE',  ( -1.784401076758496574, -7.756815644250031206E-15, 17.63750000000000639 ) ) ;
#5050 = CARTESIAN_POINT ( 'NONE',  ( -1.732050807568878525, -1.000000000000005551, -7.779166666666663232 ) ) ;
#5051 = CARTESIAN_POINT ( 'NONE',  ( -1.892491597964123770E-16, -1.545336663013172185, 13.70000000000000462 ) ) ;
#5052 = ORIENTED_EDGE ( 'NONE', *, *, #1932, .F. ) ;
#5053 = FACE_OUTER_BOUND ( 'NONE', #3459, .T. ) ;
#5054 = CARTESIAN_POINT ( 'NONE',  ( 0.8922005383792477318, -1.545336663013172407, 15.77083333333339965 ) ) ;
#5055 = FACE_OUTER_BOUND ( 'NONE', #1074, .T. ) ;
#5056 = CARTESIAN_POINT ( 'NONE',  ( 2.449293598294704442E-16, -1.999999999999997780, -9.500000000000000000 ) ) ;
#5057 = DIRECTION ( 'NONE',  ( 0.000000000000000000, 1.000000000000000000, 0.000000000000000000 ) ) ;
#5058 = CARTESIAN_POINT ( 'NONE',  ( -0.6740406853103825258, 1.633281558727867511, 8.490749991593782298 ) ) ;
#5059 = AXIS2_PLACEMENT_3D ( 'NONE', #6283, #3742, #4286 ) ;
#5060 = CARTESIAN_POINT ( 'NONE',  ( 0.8922005383792670496, -1.545336663013205492, 15.85833333333335382 ) ) ;
#5061 = CARTESIAN_POINT ( 'NONE',  ( 0.000000000000000000, 1.545336663013172629, -0.6624999999999964251 ) ) ;
#5062 = CARTESIAN_POINT ( 'NONE',  ( -1.892491597964123277E-16, -1.545336663013171963, 19.91250000000000497 ) ) ;
#5063 = CARTESIAN_POINT ( 'NONE',  ( -2.495693764988925127E-16, -2.037888611415580531, 9.784375000000006040 ) ) ;
#5064 = CARTESIAN_POINT ( 'NONE',  ( -1.892491597964139794E-16, -1.545336663013182399, -7.312499999999997335 ) ) ;
#5065 = CARTESIAN_POINT ( 'NONE',  ( -1.784401076758511895, -5.152320731879963551E-15, -8.974999999999997868 ) ) ;
#5066 = DIRECTION ( 'NONE',  ( 1.000000000000000000, 0.000000000000000000, 0.000000000000000000 ) ) ;
#5067 = CARTESIAN_POINT ( 'NONE',  ( -1.892491597964139794E-16, -1.545336663013182177, -3.112499999999997158 ) ) ;
#5068 = CARTESIAN_POINT ( 'NONE',  ( 1.291696307540628252, 2.718340404267924004, 0.03449857085619265074 ) ) ;
#5069 = CARTESIAN_POINT ( 'NONE',  ( 3.000000000000000000, 6.099181215560807940E-14, 19.96535898384949093 ) ) ;
#5070 = CARTESIAN_POINT ( 'NONE',  ( 2.353151076758506655, -8.298345537711768183E-15, 11.40312500000000284 ) ) ;
#5071 = ADVANCED_FACE ( 'NONE', ( #5555 ), #1, .F. ) ;
#5072 = VERTEX_POINT ( 'NONE', #1849 ) ;
#5073 = DIRECTION ( 'NONE',  ( -0.000000000000000000, 1.059903591714612962E-16, -1.000000000000000000 ) ) ;
#5074 = ORIENTED_EDGE ( 'NONE', *, *, #958, .T. ) ;
#5075 = CARTESIAN_POINT ( 'NONE',  ( -1.764863307568883322, -1.018944305707792930, -8.501041666666667496 ) ) ;
#5076 = ORIENTED_EDGE ( 'NONE', *, *, #4878, .F. ) ;
#5077 = CARTESIAN_POINT ( 'NONE',  ( 1.784401076758496574, -8.193867857659506841E-15, 14.57500000000000462 ) ) ;
#5078 = CARTESIAN_POINT ( 'NONE',  ( -1.876374953738465523, -1.263278788012864614E-11, 19.54637495373846079 ) ) ;
#5079 = CARTESIAN_POINT ( 'NONE',  ( -1.338300807568872486, 0.7726683315065743241, 14.77916666666667389 ) ) ;
#5080 = CARTESIAN_POINT ( 'NONE',  ( -0.2712056037367960859, 1.707773450741306931, -1.243050222795345272 ) ) ;
#5081 = ADVANCED_FACE ( 'NONE', ( #1816 ), #1257, .F. ) ;
#5082 = CARTESIAN_POINT ( 'NONE',  ( -1.338300807568872930, -0.7726683315065897562, 13.58333333333333570 ) ) ;
#5083 = ORIENTED_EDGE ( 'NONE', *, *, #924, .T. ) ;
#5084 = CARTESIAN_POINT ( 'NONE',  ( -2.449293598294712824E-16, -2.000000000000012879, 19.65000000000000213 ) ) ;
#5085 = CARTESIAN_POINT ( 'NONE',  ( -1.338300807568872708, -0.7726683315065896451, 15.59583333333340249 ) ) ;
#5086 = CARTESIAN_POINT ( 'NONE',  ( -3.000000000000000000, -0.9651407729892075293, 0.1053624355153345293 ) ) ;
#5087 = CARTESIAN_POINT ( 'NONE',  ( 1.732050807568882522, 0.9999999999999933387, 12.18333333333333357 ) ) ;
#5088 = EDGE_CURVE ( 'NONE', #1365, #6501, #2719, .T. ) ;
#5089 = CARTESIAN_POINT ( 'NONE',  ( -2.309401076758502924, -7.724668665772413545E-15, 17.98750000000000782 ) ) ;
#5090 = CARTESIAN_POINT ( 'NONE',  ( 0.09000270053111446289, -3.385130245852761011, 0.2570025121019665071 ) ) ;
#5091 = CARTESIAN_POINT ( 'NONE',  ( -0.8922005383792679378, -1.545336663013204603, 15.04166666666668917 ) ) ;
#5092 = CARTESIAN_POINT ( 'NONE',  ( 1.176575538379256658, 2.037888611415570317, -7.436458333333329840 ) ) ;
#5093 = CARTESIAN_POINT ( 'NONE',  ( 0.7167393946856599474, -1.476856428912350916, 8.900000000000003908 ) ) ;
#5094 = CARTESIAN_POINT ( 'NONE',  ( -2.449293598294700498E-16, -2.000000000000002665, 18.16250000000000142 ) ) ;
#5095 = CARTESIAN_POINT ( 'NONE',  ( -2.495693764988925127E-16, -2.037888611415580531, 10.48437500000000711 ) ) ;
#5096 = VERTEX_POINT ( 'NONE', #5118 ) ;
#5097 = CARTESIAN_POINT ( 'NONE',  ( 0.8922005383792552813, -1.545336663013182843, -5.154166666666664121 ) ) ;
#5098 = CARTESIAN_POINT ( 'NONE',  ( 1.338300807568884698, 0.7726683315065827617, -4.366666666666664476 ) ) ;
#5099 = LINE ( 'NONE', #2594, #2288 ) ;
#5100 = CARTESIAN_POINT ( 'NONE',  ( 0.000000000000000000, 1.545336663013172629, -3.462499999999996803 ) ) ;
#5101 = CARTESIAN_POINT ( 'NONE',  ( -1.589893229286459375, -0.5892907581653729077, -9.466759630299113937 ) ) ;
#5102 = CARTESIAN_POINT ( 'NONE',  ( -1.732050807568881856, -1.000000000000009992, 19.53333333333333144 ) ) ;
#5103 = CARTESIAN_POINT ( 'NONE',  ( 2.353151076758506655, -8.298345537711768183E-15, 10.00312500000000249 ) ) ;
#5104 = ORIENTED_EDGE ( 'NONE', *, *, #6268, .T. ) ;
#5105 = CARTESIAN_POINT ( 'NONE',  ( -1.784401076758511451, -5.146962902133694204E-15, -8.887499999999995737 ) ) ;
#5106 = ORIENTED_EDGE ( 'NONE', *, *, #3406, .F. ) ;
#5107 = CARTESIAN_POINT ( 'NONE',  ( -1.764863307568883100, 1.018944305707783160, -4.417708333333334458 ) ) ;
#5108 = ORIENTED_EDGE ( 'NONE', *, *, #2012, .T. ) ;
#5109 = CARTESIAN_POINT ( 'NONE',  ( 1.338300807568873152, 0.7726683315065731028, 14.63333333333333641 ) ) ;
#5110 = CARTESIAN_POINT ( 'NONE',  ( 1.659630909728725179, 0.1151339779984758699, 19.32963090972975806 ) ) ;
#5111 = CARTESIAN_POINT ( 'NONE',  ( -1.892491597964123277E-16, -1.545336663013171963, 17.11250000000000782 ) ) ;
#5112 = CARTESIAN_POINT ( 'NONE',  ( -1.176575538379253105, 2.037888611415564544, 19.33645833333333641 ) ) ;
#5113 = CARTESIAN_POINT ( 'NONE',  ( -1.338300807568872930, -0.7726683315065897562, 10.08333333333333570 ) ) ;
#5114 = VERTEX_POINT ( 'NONE', #4591 ) ;
#5115 = DIRECTION ( 'NONE',  ( -0.000000000000000000, 1.059903591714612962E-16, -1.000000000000000000 ) ) ;
#5116 = CARTESIAN_POINT ( 'NONE',  ( 0.8922005383792491751, 1.545336663013156198, 15.30416666666673464 ) ) ;
#5117 = CARTESIAN_POINT ( 'NONE',  ( 1.154700538370029728, -2.000000000017766677, -9.004166666668162122 ) ) ;
#5118 = CARTESIAN_POINT ( 'NONE',  ( -1.876374953738465523, -1.263278788012864614E-11, 19.54637495373846079 ) ) ;
#5119 =( BOUNDED_CURVE ( )  B_SPLINE_CURVE ( 2, ( #3907, #5877, #5404, #5942, #1303, #2304, #1371 ),
 .UNSPECIFIED., .F., .F. ) 
 B_SPLINE_CURVE_WITH_KNOTS ( ( 3, 2, 2, 3 ),
 ( 0.1834059578229833010, 0.1854960734671562694, 0.1875861891113292379, 0.1896763047555021786 ),
 .UNSPECIFIED. ) 
 CURVE ( )  GEOMETRIC_REPRESENTATION_ITEM ( )  RATIONAL_B_SPLINE_CURVE ( ( 0.9999999999993991473, 0.8660254037850394493, 1.000000000000000000, 0.8660254037844385966, 1.000000000000000000, 0.8660254037851502495, 0.9999999999992883470 ) ) 
 REPRESENTATION_ITEM ( '' )  );
#5120 = EDGE_CURVE ( 'NONE', #1863, #2454, #5522, .T. ) ;
#5121 = CARTESIAN_POINT ( 'NONE',  ( -1.866778654940756343, 0.5064799202749239448, -9.224908271270154003 ) ) ;
#5122 = CARTESIAN_POINT ( 'NONE',  ( 1.338300807568900908, -0.7726683315066071867, 15.21666666666668988 ) ) ;
#5123 = CARTESIAN_POINT ( 'NONE',  ( -1.764863307568883322, -1.018944305707792708, -8.544791666666663232 ) ) ;
#5124 = CARTESIAN_POINT ( 'NONE',  ( -1.952608364586288170, -0.3847346106819352629, 8.900000000000000355 ) ) ;
#5125 = CARTESIAN_POINT ( 'NONE',  ( 2.234980408443924638E-16, 1.649999999999998357, -9.500000000000000000 ) ) ;
#5126 = ORIENTED_EDGE ( 'NONE', *, *, #4706, .F. ) ;
#5127 = CARTESIAN_POINT ( 'NONE',  ( 1.784401076758511673, -5.305407968737151163E-15, -4.337499999999996803 ) ) ;
#5128 = CARTESIAN_POINT ( 'NONE',  ( 0.000000000000000000, 1.545336663013172629, -4.249999999999997335 ) ) ;
#5129 = DIRECTION ( 'NONE',  ( -0.000000000000000000, 1.059903591714612962E-16, -1.000000000000000000 ) ) ;
#5130 = CARTESIAN_POINT ( 'NONE',  ( 1.338300807568884476, 0.7726683315065827617, -2.179166666666663588 ) ) ;
#5131 = CARTESIAN_POINT ( 'NONE',  ( 2.321117977665706550E-16, -1.895336663013172718, -7.333865251966489286E-17 ) ) ;
#5132 = APPROVAL_ROLE ( '' ) ;
#5133 = CARTESIAN_POINT ( 'NONE',  ( 4.898587196589426634E-16, 1.999999999999997780, 15.71250000000001101 ) ) ;
#5134 = CARTESIAN_POINT ( 'NONE',  ( -2.495693764988925127E-16, -2.037888611415580531, 11.22812500000000391 ) ) ;
#5135 = ORIENTED_EDGE ( 'NONE', *, *, #4798, .F. ) ;
#5136 = CARTESIAN_POINT ( 'NONE',  ( -1.338300807568883810, -0.7726683315065933089, -6.729166666666663410 ) ) ;
#5137 = ORIENTED_EDGE ( 'NONE', *, *, #3112, .T. ) ;
#5138 = CARTESIAN_POINT ( 'NONE',  ( 0.000000000000000000, 2.037888611415571205, -5.934375000000001066 ) ) ;
#5139 = ORIENTED_EDGE ( 'NONE', *, *, #438, .T. ) ;
#5140 = CARTESIAN_POINT ( 'NONE',  ( 3.784983195928246554E-16, 1.545336663013156420, 15.45000000000000284 ) ) ;
#5141 = CARTESIAN_POINT ( 'NONE',  ( -1.154700538379844987, -1.999999999998985256, -5.708333333333389881 ) ) ;
#5142 = CARTESIAN_POINT ( 'NONE',  ( -0.8922005383792481759, 1.545336663013156420, 16.12083333333334068 ) ) ;
#5143 = CARTESIAN_POINT ( 'NONE',  ( 2.309401076758530902, -5.251829671274460058E-15, -1.887500000000011058 ) ) ;
#5144 = CARTESIAN_POINT ( 'NONE',  ( 0.8922005383792477318, -1.545336663013172407, 9.470833333333340320 ) ) ;
#5145 = CARTESIAN_POINT ( 'NONE',  ( -1.338300807568872708, 0.7726683315065744351, 9.966666666666670338 ) ) ;
#5146 = CYLINDRICAL_SURFACE ( 'NONE', #4431, 2.000000000000000000 ) ;
#5147 = CARTESIAN_POINT ( 'NONE',  ( -2.309401076758508697, -7.724668665772411967E-15, 12.47500000000000142 ) ) ;
#5148 = CARTESIAN_POINT ( 'NONE',  ( 1.338300807568873152, 0.7726683315065731028, 14.54583333333340178 ) ) ;
#5149 = CARTESIAN_POINT ( 'NONE',  ( -2.449293598294712824E-16, -2.000000000000012879, 9.150000000000002132 ) ) ;
#5150 = AXIS2_PLACEMENT_3D ( 'NONE', #2472, #5541, #2407 ) ;
#5151 = CARTESIAN_POINT ( 'NONE',  ( -1.954942540552462082, -0.05473193089805005601, -9.203366863058331404 ) ) ;
#5152 = EDGE_CURVE ( 'NONE', #1131, #5641, #3992, .T. ) ;
#5153 =( BOUNDED_CURVE ( )  B_SPLINE_CURVE ( 2, ( #4985, #3950, #5985, #1411, #5050, #5481, #391 ),
 .UNSPECIFIED., .F., .T. ) 
 B_SPLINE_CURVE_WITH_KNOTS ( ( 3, 2, 2, 3 ),
 ( 0.02036123411978720682, 0.02245176957876208329, 0.02454230503773695976, 0.02663284049671183623 ),
 .UNSPECIFIED. ) 
 CURVE ( )  GEOMETRIC_REPRESENTATION_ITEM ( )  RATIONAL_B_SPLINE_CURVE ( ( 1.000000000001850520, 0.8660254037825878548, 1.000000000000000000, 0.8660254037844387076, 1.000000000000000000, 0.8660254037844390407, 0.9999999999999996669 ) ) 
 REPRESENTATION_ITEM ( '' )  );
#5154 = CARTESIAN_POINT ( 'NONE',  ( 3.784983195928328398E-16, 1.545336663013189504, 16.85000000000002274 ) ) ;
#5155 = CARTESIAN_POINT ( 'NONE',  ( -1.176575538379255104, 2.037888611415571205, -3.819791666666664476 ) ) ;
#5156 = CYLINDRICAL_SURFACE ( 'NONE', #2612, 2.000000000000000000 ) ;
#5157 = CARTESIAN_POINT ( 'NONE',  ( -1.892491597964123277E-16, -1.545336663013171963, 15.01250000000000462 ) ) ;
#5158 = EDGE_CURVE ( 'NONE', #1016, #976, #6526, .T. ) ;
#5159 = ORIENTED_EDGE ( 'NONE', *, *, #1565, .T. ) ;
#5160 = AXIS2_PLACEMENT_3D ( 'NONE', #5534, #478, #3596 ) ;
#5161 = CARTESIAN_POINT ( 'NONE',  ( -0.8922005383792556144, 1.545336663013172851, -1.304166666666663588 ) ) ;
#5162 = CARTESIAN_POINT ( 'NONE',  ( 0.000000000000000000, 1.545336663013172629, -3.549999999999997602 ) ) ;
#5163 = ADVANCED_FACE ( 'NONE', ( #1976 ), #1510, .F. ) ;
#5164 = CYLINDRICAL_SURFACE ( 'NONE', #282, 2.000000000000000000 ) ;
#5165 = CARTESIAN_POINT ( 'NONE',  ( -1.154700538379278330, 2.000000000000260680, 13.67083333333342665 ) ) ;
#5166 = CARTESIAN_POINT ( 'NONE',  ( 1.176575538379252661, -2.037888611415580975, 9.186458333333336057 ) ) ;
#5167 = ORIENTED_EDGE ( 'NONE', *, *, #4312, .F. ) ;
#5168 = CARTESIAN_POINT ( 'NONE',  ( 1.338300807568884698, 0.7726683315065827617, -5.066666666666664653 ) ) ;
#5169 = CARTESIAN_POINT ( 'NONE',  ( 1.338300807568883144, -0.7726683315065944191, -7.195833333333330195 ) ) ;
#5170 = ORIENTED_EDGE ( 'NONE', *, *, #1286, .T. ) ;
#5171 = CARTESIAN_POINT ( 'NONE',  ( 1.176575538379254882, -2.037888611415580975, -5.526041666666667851 ) ) ;
#5172 = ORIENTED_EDGE ( 'NONE', *, *, #1600, .T. ) ;
#5173 = CARTESIAN_POINT ( 'NONE',  ( 0.8922005383792491751, 1.545336663013155754, 13.29166666666667140 ) ) ;
#5174 = CARTESIAN_POINT ( 'NONE',  ( 1.338300807568873152, 0.7726683315065731028, 16.64583333333333925 ) ) ;
#5175 = CARTESIAN_POINT ( 'NONE',  ( 2.309401076758502480, -8.290308793092362979E-15, 17.63750000000000284 ) ) ;
#5176 = CARTESIAN_POINT ( 'NONE',  ( 1.338300807568872042, -0.7726683315065906443, 9.529166666666673891 ) ) ;
#5177 = CARTESIAN_POINT ( 'NONE',  ( 0.8922005383792478428, -1.545336663013172851, 10.95833333333333925 ) ) ;
#5178 = CYLINDRICAL_SURFACE ( 'NONE', #2396, 1.999999999999998224 ) ;
#5179 = FACE_OUTER_BOUND ( 'NONE', #1072, .T. ) ;
#5180 = CARTESIAN_POINT ( 'NONE',  ( -1.892491597964123277E-16, -1.545336663013171963, 15.71250000000006608 ) ) ;
#5181 = CARTESIAN_POINT ( 'NONE',  ( 4.898587196589426634E-16, 1.999999999999997780, 13.61250000000000782 ) ) ;
#5182 = CARTESIAN_POINT ( 'NONE',  ( 4.898587196589428606E-16, 1.999999999999999112, 10.11250000000000604 ) ) ;
#5183 = CARTESIAN_POINT ( 'NONE',  ( 0.000000000000000000, -4.336808689942017736E-16, -0.3499999999999992562 ) ) ;
#5184 = CARTESIAN_POINT ( 'NONE',  ( 1.784401076758534765, -8.193867857659513152E-15, 15.27500000000002167 ) ) ;
#5185 = CARTESIAN_POINT ( 'NONE',  ( -2.353151076758510651, -4.880410872256777812E-15, -5.103124999999997691 ) ) ;
#5186 =( BOUNDED_CURVE ( )  B_SPLINE_CURVE ( 2, ( #4953, #394, #5519, #5022, #1879, #3989, #915 ),
 .UNSPECIFIED., .F., .F. ) 
 B_SPLINE_CURVE_WITH_KNOTS ( ( 3, 2, 2, 3 ),
 ( 0.06425784429447645163, 0.06634842323086270754, 0.06843900216724896346, 0.07052958110363523325 ),
 .UNSPECIFIED. ) 
 CURVE ( )  GEOMETRIC_REPRESENTATION_ITEM ( )  RATIONAL_B_SPLINE_CURVE ( ( 1.000000000001420863, 0.8660254037830178442, 1.000000000000000000, 0.8660254037844387076, 1.000000000000000000, 0.8660254037845985797, 0.9999999999998401279 ) ) 
 REPRESENTATION_ITEM ( '' )  );
#5187 = EDGE_CURVE ( 'NONE', #4612, #3947, #5960, .T. ) ;
#5188 = EDGE_CURVE ( 'NONE', #4811, #2791, #1516, .T. ) ;
#5189 = CARTESIAN_POINT ( 'NONE',  ( -0.2881112547758504228, -1.733211810065512060, 8.900000000000003908 ) ) ;
#5190 = CARTESIAN_POINT ( 'NONE',  ( -1.784401076758496574, -7.756815644250031206E-15, 15.53750000000000497 ) ) ;
#5191 = ORIENTED_EDGE ( 'NONE', *, *, #5188, .F. ) ;
#5192 =( BOUNDED_CURVE ( )  B_SPLINE_CURVE ( 2, ( #1723, #5767, #633, #2657, #3159, #2158, #6299 ),
 .UNSPECIFIED., .F., .T. ) 
 B_SPLINE_CURVE_WITH_KNOTS ( ( 3, 2, 2, 3 ),
 ( 0.3888888888888890061, 0.3981481481481482509, 0.4074074074074074403, 0.4166666666666667407 ),
 .UNSPECIFIED. ) 
 CURVE ( )  GEOMETRIC_REPRESENTATION_ITEM ( )  RATIONAL_B_SPLINE_CURVE ( ( 0.9999999999999984457, 0.8660254037844402619, 1.000000000000000000, 0.8660254037844387076, 1.000000000000000000, 0.8660254037844379305, 1.000000000000000888 ) ) 
 REPRESENTATION_ITEM ( '' )  );
#5193 = CARTESIAN_POINT ( 'NONE',  ( -0.8922005383792565025, -1.545336663013182177, -1.858333333333331838 ) ) ;
#5194 = EDGE_CURVE ( 'NONE', #3766, #3545, #5553, .T. ) ;
#5195 = CARTESIAN_POINT ( 'NONE',  ( 2.309401076758524241, -8.290308793092367712E-15, 9.237500000000016698 ) ) ;
#5196 = CARTESIAN_POINT ( 'NONE',  ( -1.411455635024021715, -0.6291727842267529347, -1.140000000000000346 ) ) ;
#5197 = CARTESIAN_POINT ( 'NONE',  ( 1.784401076758511895, -5.525078988334207809E-15, -7.924999999999998046 ) ) ;
#5198 = CARTESIAN_POINT ( 'NONE',  ( 1.176575538379252661, -2.037888611415580975, 18.24270833333333997 ) ) ;
#5199 = CARTESIAN_POINT ( 'NONE',  ( -0.8922005383792481759, 1.545336663013156420, 19.70833333333333925 ) ) ;
#5200 = ORIENTED_EDGE ( 'NONE', *, *, #5732, .F. ) ;
#5201 = CARTESIAN_POINT ( 'NONE',  ( 1.338300807568883588, -0.7726683315065943081, -2.383333333333331083 ) ) ;
#5202 = ORIENTED_EDGE ( 'NONE', *, *, #5354, .F. ) ;
#5203 = CARTESIAN_POINT ( 'NONE',  ( 1.176575538379256658, 2.037888611415570317, -5.992708333333333748 ) ) ;
#5204 = ORIENTED_EDGE ( 'NONE', *, *, #5439, .F. ) ;
#5205 = CARTESIAN_POINT ( 'NONE',  ( -0.7153964692508865131, -1.867674460869281683, -1.402499999999996305 ) ) ;
#5206 = CARTESIAN_POINT ( 'NONE',  ( 2.449293598294704442E-16, -1.999999999999997780, -9.500000000000000000 ) ) ;
#5207 = CARTESIAN_POINT ( 'NONE',  ( -1.732050807568880968, -1.000000000000006439, -5.766666666666664831 ) ) ;
#5208 = CARTESIAN_POINT ( 'NONE',  ( 0.8922005383792477318, -1.545336663013172407, 10.87083333333334068 ) ) ;
#5209 = CARTESIAN_POINT ( 'NONE',  ( -2.449293598294700005E-16, -1.999999999999999112, -2.762499999999993516 ) ) ;
#5210 = CARTESIAN_POINT ( 'NONE',  ( 4.991387529977850254E-16, 2.037888611415564544, 19.27812500000000284 ) ) ;
#5211 = CARTESIAN_POINT ( 'NONE',  ( -0.8922005383792482869, 1.545336663013156420, 10.60833333333333783 ) ) ;
#5212 = VERTEX_POINT ( 'NONE', #6590 ) ;
#5213 = DIRECTION ( 'NONE',  ( 0.000000000000000000, 1.000000000000000000, 0.000000000000000000 ) ) ;
#5214 = CARTESIAN_POINT ( 'NONE',  ( -1.892491597964123277E-16, -1.545336663013171963, 11.51250000000007034 ) ) ;
#5215 = CYLINDRICAL_SURFACE ( 'NONE', #3330, 0.5100000000000000089 ) ;
#5216 = CARTESIAN_POINT ( 'NONE',  ( 4.898587196589425648E-16, 1.999999999999997335, 19.21250000000000568 ) ) ;
#5217 = CARTESIAN_POINT ( 'NONE',  ( -0.8922005383792488420, -1.545336663013171519, 12.94166666666667176 ) ) ;
#5218 = CARTESIAN_POINT ( 'NONE',  ( -2.449293598294699019E-16, -1.999999999999999112, -4.162499999999994316 ) ) ;
#5219 = CARTESIAN_POINT ( 'NONE',  ( 1.176575538379252661, -2.037888611415580975, 10.54270833333333890 ) ) ;
#5220 = CARTESIAN_POINT ( 'NONE',  ( 0.8922005383792670496, -1.545336663013205492, 13.05833333333335489 ) ) ;
#5221 = CARTESIAN_POINT ( 'NONE',  ( -1.176575538379255104, 2.037888611415571205, -5.219791666666663055 ) ) ;
#5222 = CARTESIAN_POINT ( 'NONE',  ( -2.449293598294698033E-16, -2.000000000000000888, 14.66250000000000142 ) ) ;
#5223 = CARTESIAN_POINT ( 'NONE',  ( 1.338300807568872042, -0.7726683315065906443, 15.12916666666667354 ) ) ;
#5224 = ORIENTED_EDGE ( 'NONE', *, *, #441, .T. ) ;
#5225 =( BOUNDED_CURVE ( )  B_SPLINE_CURVE ( 2, ( #1813, #3852, #817, #6222, #887, #3420, #399 ),
 .UNSPECIFIED., .F., .T. ) 
 B_SPLINE_CURVE_WITH_KNOTS ( ( 3, 2, 2, 3 ),
 ( 0.1332388017546348447, 0.1353291545061958423, 0.1374195072577568122, 0.1395098600093178098 ),
 .UNSPECIFIED. ) 
 CURVE ( )  GEOMETRIC_REPRESENTATION_ITEM ( )  RATIONAL_B_SPLINE_CURVE ( ( 1.000000000000064171, 0.8660254037843744257, 1.000000000000000000, 0.8660254037844387076, 1.000000000000000000, 0.8660254037844387076, 1.000000000000000000 ) ) 
 REPRESENTATION_ITEM ( '' )  );
#5226 = CARTESIAN_POINT ( 'NONE',  ( -1.892491597964140040E-16, -1.545336663013182843, -4.599999999999996980 ) ) ;
#5227 = CARTESIAN_POINT ( 'NONE',  ( 4.898587196589425648E-16, 1.999999999999997335, 9.500000000000000000 ) ) ;
#5228 = CARTESIAN_POINT ( 'NONE',  ( 1.338300807568884698, 0.7726683315065825397, -7.866666666666664476 ) ) ;
#5229 = CARTESIAN_POINT ( 'NONE',  ( 1.764863307568880879, 1.018944305707776943, 18.41770833333334068 ) ) ;
#5230 = FACE_OUTER_BOUND ( 'NONE', #4987, .T. ) ;
#5231 = ORIENTED_EDGE ( 'NONE', *, *, #2379, .T. ) ;
#5232 = EDGE_CURVE ( 'NONE', #5741, #6448, #6561, .T. ) ;
#5233 = CARTESIAN_POINT ( 'NONE',  ( -1.338300807568884032, -0.7726683315065934199, -4.016666666666663943 ) ) ;
#5234 = CARTESIAN_POINT ( 'NONE',  ( 1.764863307568883988, 1.018944305707781384, -6.751041666666667496 ) ) ;
#5235 = EDGE_LOOP ( 'NONE', ( #5204, #5977, #3295, #3167, #2934, #4952, #5953, #3374, #2566, #4201 ) ) ;
#5236 = EDGE_CURVE ( 'NONE', #4634, #6243, #4564, .T. ) ;
#5237 = CARTESIAN_POINT ( 'NONE',  ( -1.732050807568902284, -1.000000000000021982, 13.14583333333335524 ) ) ;
#5238 = CARTESIAN_POINT ( 'NONE',  ( 0.000000000000000000, 2.000000000000000444, -9.500000000000000000 ) ) ;
#5239 = CARTESIAN_POINT ( 'NONE',  ( 1.154700538379845653, 1.999999999998975042, -6.758333333333391479 ) ) ;
#5240 = CARTESIAN_POINT ( 'NONE',  ( 0.8922005383792477318, -1.545336663013172407, 11.57083333333333819 ) ) ;
#5241 = DIRECTION ( 'NONE',  ( 0.000000000000000000, 0.000000000000000000, 1.000000000000000000 ) ) ;
#5242 = CARTESIAN_POINT ( 'NONE',  ( -1.764863307568880213, -1.018944305707793596, 18.11145833333333854 ) ) ;
#5243 = CARTESIAN_POINT ( 'NONE',  ( -1.338300807568872930, -0.7726683315065897562, 9.383333333333336412 ) ) ;
#5244 = CARTESIAN_POINT ( 'NONE',  ( -1.732050807568875861, -1.000000000000003775, -1.479166666666662744 ) ) ;
#5245 = CARTESIAN_POINT ( 'NONE',  ( -1.784401076758496352, -7.756815644250031206E-15, 12.03750000000007070 ) ) ;
#5246 = CARTESIAN_POINT ( 'NONE',  ( -1.054769024808354327, -1.129392627192826071, 19.21533666301202103 ) ) ;
#5247 = FACE_OUTER_BOUND ( 'NONE', #1496, .T. ) ;
#5248 = CARTESIAN_POINT ( 'NONE',  ( 1.338300807568873152, 0.7726683315065731028, 10.43333333333333535 ) ) ;
#5249 = VECTOR ( 'NONE', #5624, 1000.000000000000000 ) ;
#5250 = FACE_OUTER_BOUND ( 'NONE', #2922, .T. ) ;
#5251 = CARTESIAN_POINT ( 'NONE',  ( 4.991387529977850254E-16, 2.037888611415564544, 10.13437500000000568 ) ) ;
#5252 = CARTESIAN_POINT ( 'NONE',  ( 1.338300807568901796, 0.7726683315065896451, 13.23333333333335560 ) ) ;
#5253 = CARTESIAN_POINT ( 'NONE',  ( -1.764863307568883322, -1.018944305707792486, -5.044791666666663232 ) ) ;
#5254 = LOCAL_TIME ( 18, 9, 43.00000000000000000, #6042 ) ;
#5255 = LINE ( 'NONE', #5321, #2397 ) ;
#5256 = CARTESIAN_POINT ( 'NONE',  ( -1.892491597964123277E-16, -1.545336663013171963, 17.11250000000000782 ) ) ;
#5257 = ORIENTED_EDGE ( 'NONE', *, *, #1924, .T. ) ;
#5258 = CARTESIAN_POINT ( 'NONE',  ( -1.338300807568884032, -0.7726683315065931978, -1.216666666666664565 ) ) ;
#5259 = CARTESIAN_POINT ( 'NONE',  ( -2.309401076758507365, -4.884429244566480414E-15, -5.124999999999999112 ) ) ;
#5260 = FACE_OUTER_BOUND ( 'NONE', #5235, .T. ) ;
#5261 = CARTESIAN_POINT ( 'NONE',  ( 1.784401076758511895, -5.567941626304364953E-15, -8.624999999999996447 ) ) ;
#5262 = CARTESIAN_POINT ( 'NONE',  ( -2.353151076758506655, -7.721989750899276899E-15, 18.00937500000000924 ) ) ;
#5263 = CARTESIAN_POINT ( 'NONE',  ( 0.8922005383792491751, 1.545336663013155754, 20.99166666666666714 ) ) ;
#5264 = AXIS2_PLACEMENT_3D ( 'NONE', #787, #2809, #2249 ) ;
#5265 = VERTEX_POINT ( 'NONE', #2579 ) ;
#5266 = CARTESIAN_POINT ( 'NONE',  ( -1.784401076758511895, -4.938007542029177041E-15, -5.474999999999997868 ) ) ;
#5267 = CARTESIAN_POINT ( 'NONE',  ( -1.764863307568883100, 1.018944305707783160, -2.317708333333334814 ) ) ;
#5268 = ORIENTED_EDGE ( 'NONE', *, *, #5610, .T. ) ;
#5269 = ADVANCED_FACE ( 'NONE', ( #527 ), #5567, .T. ) ;
#5270 = DIRECTION ( 'NONE',  ( 0.000000000000000000, 1.000000000000000000, 0.000000000000000000 ) ) ;
#5271 = CARTESIAN_POINT ( 'NONE',  ( -1.154700538378662822, 2.000000000001021849, -7.341666666666725405 ) ) ;
#5272 = CARTESIAN_POINT ( 'NONE',  ( 0.8922005383792477318, -1.545336663013172407, 12.97083333333333854 ) ) ;
#5273 = CARTESIAN_POINT ( 'NONE',  ( 2.309401076758507365, -5.600088604781982614E-15, -7.574999999999999289 ) ) ;
#5274 = CARTESIAN_POINT ( 'NONE',  ( 1.764863307568879547, -1.018944305707794928, 19.04479166666666856 ) ) ;
#5275 = CARTESIAN_POINT ( 'NONE',  ( 2.309401076758508697, -8.290308793092364557E-15, 17.02500000000000568 ) ) ;
#5276 = CARTESIAN_POINT ( 'NONE',  ( 1.338300807568873152, 0.7726683315065731028, 11.04583333333340356 ) ) ;
#5277 = CARTESIAN_POINT ( 'NONE',  ( 1.784401076758534765, -8.193867857659513152E-15, 18.07500000000001705 ) ) ;
#5278 = CARTESIAN_POINT ( 'NONE',  ( 1.732050807568876305, -1.000000000000005551, -4.745833333333330017 ) ) ;
#5279 = ADVANCED_FACE ( 'NONE', ( #1419 ), #3336, .T. ) ;
#5280 = AXIS2_PLACEMENT_3D ( 'NONE', #6587, #3953, #6023 ) ;
#5281 = CARTESIAN_POINT ( 'NONE',  ( 0.8922005383792491751, 1.545336663013155754, 12.59166666666667034 ) ) ;
#5282 = CARTESIAN_POINT ( 'NONE',  ( 0.000000000000000000, 5.246303815928974609E-16, -9.500000000000000000 ) ) ;
#5283 = CARTESIAN_POINT ( 'NONE',  ( 0.8922005383792478428, -1.545336663013172851, 17.95833333333333570 ) ) ;
#5284 = CARTESIAN_POINT ( 'NONE',  ( 1.075448163429696624, 2.843191328482127300, 19.96507139406895348 ) ) ;
#5285 = CARTESIAN_POINT ( 'NONE',  ( 0.8922005383792670496, -1.545336663013205492, 10.95833333333335702 ) ) ;
#5286 = EDGE_CURVE ( 'NONE', #81, #1010, #1449, .T. ) ;
#5287 = CARTESIAN_POINT ( 'NONE',  ( -0.8922005383792563915, -1.545336663013181733, -1.770833333333331039 ) ) ;
#5288 = CARTESIAN_POINT ( 'NONE',  ( -2.353151076758510651, -4.837548234286620668E-15, -4.403124999999997513 ) ) ;
#5289 = CARTESIAN_POINT ( 'NONE',  ( -1.338300807568884032, 0.7726683315065840940, -2.733333333333330728 ) ) ;
#5290 = CARTESIAN_POINT ( 'NONE',  ( 2.309401076758508697, -8.290308793092364557E-15, 17.72500000000000497 ) ) ;
#5291 = CARTESIAN_POINT ( 'NONE',  ( 0.8922005383792491751, 1.545336663013155754, 14.60416666666667318 ) ) ;
#5292 = ORIENTED_EDGE ( 'NONE', *, *, #5983, .F. ) ;
#5293 = CARTESIAN_POINT ( 'NONE',  ( -1.892491597964139547E-16, -1.545336663013182177, -7.312499999999997335 ) ) ;
#5294 = DIRECTION ( 'NONE',  ( -0.000000000000000000, 1.059903591714612962E-16, -1.000000000000000000 ) ) ;
#5295 = CARTESIAN_POINT ( 'NONE',  ( 0.8922005383792552813, -1.545336663013182621, -1.654166666666663232 ) ) ;
#5296 = CARTESIAN_POINT ( 'NONE',  ( 0.8922005383792555033, -1.545336663013183287, -6.641666666666663943 ) ) ;
#5297 = CARTESIAN_POINT ( 'NONE',  ( 2.353151076758506655, -8.298345537711768183E-15, 16.25937500000000568 ) ) ;
#5298 = CARTESIAN_POINT ( 'NONE',  ( -1.784401076758496574, -7.756815644250031206E-15, 19.12500000000000355 ) ) ;
#5299 = ORIENTED_EDGE ( 'NONE', *, *, #1056, .T. ) ;
#5300 = CARTESIAN_POINT ( 'NONE',  ( 0.000000000000000000, 1.545336663013172407, -4.949999999999997513 ) ) ;
#5301 = CARTESIAN_POINT ( 'NONE',  ( 1.176575538379256658, 2.037888611415570317, -1.792708333333333348 ) ) ;
#5302 = ORIENTED_EDGE ( 'NONE', *, *, #5887, .F. ) ;
#5303 = CARTESIAN_POINT ( 'NONE',  ( 1.154700538379249908, -2.000000000000020428, 18.30833333333333002 ) ) ;
#5304 = CARTESIAN_POINT ( 'NONE',  ( 0.000000000000000000, 1.999999999999999112, -3.199999999999998845 ) ) ;
#5305 = CARTESIAN_POINT ( 'NONE',  ( -1.338300807568872708, -0.7726683315065896451, 13.49583333333333890 ) ) ;
#5306 = CARTESIAN_POINT ( 'NONE',  ( 1.154700538379845653, 1.999999999998975042, -7.458333333333390769 ) ) ;
#5307 = CIRCLE ( 'NONE', #2219, 1.545336663013172629 ) ;
#5308 = CARTESIAN_POINT ( 'NONE',  ( 2.353151076758506655, -8.298345537711768183E-15, 16.30312500000000142 ) ) ;
#5309 = FACE_OUTER_BOUND ( 'NONE', #3836, .T. ) ;
#5310 = CARTESIAN_POINT ( 'NONE',  ( 1.338300807568872042, -0.7726683315065906443, 10.92916666666673642 ) ) ;
#5311 = CYLINDRICAL_SURFACE ( 'NONE', #3003, 0.5100000000000000089 ) ;
#5312 = CARTESIAN_POINT ( 'NONE',  ( 3.000000000000000000, -0.4846353166998352280, 0.03464101615134998480 ) ) ;
#5313 = CARTESIAN_POINT ( 'NONE',  ( -0.8922005383792481759, 1.545336663013156420, 12.00833333333333464 ) ) ;
#5314 = CARTESIAN_POINT ( 'NONE',  ( 0.8922005383792492861, 1.545336663013156198, 17.49166666666666714 ) ) ;
#5315 = CARTESIAN_POINT ( 'NONE',  ( 0.000000000000000000, 1.999999999999999112, -1.799999999999998268 ) ) ;
#5316 = CARTESIAN_POINT ( 'NONE',  ( 0.8922005383792682709, 1.545336663013189282, 10.49166666666668846 ) ) ;
#5317 = ADVANCED_FACE ( 'NONE', ( #1942 ), #6026, .T. ) ;
#5318 = CARTESIAN_POINT ( 'NONE',  ( -1.338300807568883810, 0.7726683315065838720, -4.045833333333329840 ) ) ;
#5319 = CARTESIAN_POINT ( 'NONE',  ( -2.495693764988929564E-16, -2.037888611415580975, -2.828124999999997335 ) ) ;
#5320 = CARTESIAN_POINT ( 'NONE',  ( 0.000000000000000000, 1.545336663013172629, -2.849999999999997424 ) ) ;
#5321 = CARTESIAN_POINT ( 'NONE',  ( 2.449293598294706414E-16, -1.999999999999999556, -9.500000000000000000 ) ) ;
#5322 = CARTESIAN_POINT ( 'NONE',  ( 0.8922005383792477318, -1.545336663013172407, 13.67083333333333961 ) ) ;
#5323 = CARTESIAN_POINT ( 'NONE',  ( -0.8922005383792563915, -1.545336663013181733, -6.670833333333330728 ) ) ;
#5324 = EDGE_LOOP ( 'NONE', ( #2938, #1030, #4399, #335 ) ) ;
#5325 = B_SPLINE_CURVE_WITH_KNOTS ( 'NONE', 3,
 ( #404, #4926, #3018, #6531, #6499, #5458, #5962, #1390 ),
 .UNSPECIFIED., .F., .F.,
 ( 4, 2, 2, 4 ),
 ( 0.0003029783875858186085, 0.001749763421509610518, 0.002473155938471506120, 0.003196548455433402807 ),
 .UNSPECIFIED. ) ;
#5326 =( BOUNDED_CURVE ( )  B_SPLINE_CURVE ( 2, ( #5445, #5412, #4418, #5547, #355, #2445, #2411 ),
 .UNSPECIFIED., .F., .T. ) 
 B_SPLINE_CURVE_WITH_KNOTS ( ( 3, 2, 2, 3 ),
 ( 0.1388888888888890061, 0.1481481481481482509, 0.1574074074074075236, 0.1666666666666667684 ),
 .UNSPECIFIED. ) 
 CURVE ( )  GEOMETRIC_REPRESENTATION_ITEM ( )  RATIONAL_B_SPLINE_CURVE ( ( 0.9999999999999984457, 0.8660254037844402619, 1.000000000000000000, 0.8660254037844387076, 1.000000000000000000, 0.8660254037844371533, 1.000000000000001554 ) ) 
 REPRESENTATION_ITEM ( '' )  );
#5327 = CARTESIAN_POINT ( 'NONE',  ( 0.8922005383792568356, 1.545336663013171963, -5.708333333333331261 ) ) ;
#5328 = CARTESIAN_POINT ( 'NONE',  ( 1.430489798509169352, -0.7846805396354721296, 19.28867495167871837 ) ) ;
#5329 = CARTESIAN_POINT ( 'NONE',  ( -0.8922005383792565025, -1.545336663013182177, -6.758333333333331083 ) ) ;
#5330 = CARTESIAN_POINT ( 'NONE',  ( -1.176575538379253105, 2.037888611415564544, 18.59270833333333783 ) ) ;
#5331 = CARTESIAN_POINT ( 'NONE',  ( 1.338300807568873152, 0.7726683315065731028, 18.13333333333333641 ) ) ;
#5332 = ORIENTED_EDGE ( 'NONE', *, *, #402, .T. ) ;
#5333 = CARTESIAN_POINT ( 'NONE',  ( 1.784401076758511895, -5.182177884572949078E-15, -2.324999999999997957 ) ) ;
#5334 = CARTESIAN_POINT ( 'NONE',  ( 0.000000000000000000, 2.037888611415571205, -3.134375000000000799 ) ) ;
#5335 = CARTESIAN_POINT ( 'NONE',  ( -2.309401076758536231, -7.724668665772410389E-15, 13.08750000000002167 ) ) ;
#5336 = CARTESIAN_POINT ( 'NONE',  ( -2.309401076758502036, -7.724668665772413545E-15, 11.68750000000000533 ) ) ;
#5337 = CARTESIAN_POINT ( 'NONE',  ( 1.338300807568872042, -0.7726683315065906443, 14.42916666666667425 ) ) ;
#5338 = CARTESIAN_POINT ( 'NONE',  ( 3.122404840344129946E-13, 1.999999999999999112, 10.81249999999999467 ) ) ;
#5339 = CARTESIAN_POINT ( 'NONE',  ( -1.764863307568880213, -1.018944305707793596, 16.71145833333333641 ) ) ;
#5340 = CARTESIAN_POINT ( 'NONE',  ( -1.784401076758496352, -7.756815644250031206E-15, 14.13750000000007034 ) ) ;
#5341 = FACE_OUTER_BOUND ( 'NONE', #2752, .T. ) ;
#5342 = LINE ( 'NONE', #351, #39 ) ;
#5343 = CARTESIAN_POINT ( 'NONE',  ( -1.338300807568872708, -0.7726683315065896451, 9.383333333333336412 ) ) ;
#5344 = B_SPLINE_CURVE_WITH_KNOTS ( 'NONE', 3,
 ( #1645, #2145, #5086, #3046 ),
 .UNSPECIFIED., .F., .F.,
 ( 4, 4 ),
 ( 0.01411768252575802338, 0.01556612567638116992 ),
 .UNSPECIFIED. ) ;
#5345 = CARTESIAN_POINT ( 'NONE',  ( 1.535449809926779707, 0.8794505752618166916, -9.390789514677631900 ) ) ;
#5346 = CARTESIAN_POINT ( 'NONE',  ( 1.338300807568873374, 0.7726683315065732138, 18.13333333333333641 ) ) ;
#5347 = CARTESIAN_POINT ( 'NONE',  ( -1.291696307540628919, 2.718340404267924004, 19.96550142914380643 ) ) ;
#5348 = CARTESIAN_POINT ( 'NONE',  ( 0.8922005383792670496, -1.545336663013205492, 10.25833333333335595 ) ) ;
#5349 = CARTESIAN_POINT ( 'NONE',  ( 1.338300807568884476, 0.7726683315065826507, -3.579166666666663499 ) ) ;
#5350 = CARTESIAN_POINT ( 'NONE',  ( 1.764863307568883988, 1.018944305707781606, -1.194791666666663366 ) ) ;
#5351 = VECTOR ( 'NONE', #6356, 1000.000000000000000 ) ;
#5352 = CARTESIAN_POINT ( 'NONE',  ( 0.8922005383792568356, 1.545336663013172185, -2.208333333333331261 ) ) ;
#5353 = FACE_OUTER_BOUND ( 'NONE', #6047, .T. ) ;
#5354 = EDGE_CURVE ( 'NONE', #3962, #6501, #4530, .T. ) ;
#5355 = CARTESIAN_POINT ( 'NONE',  ( -1.784401076758496574, -7.756815644250031206E-15, 11.33750000000000391 ) ) ;
#5356 = AXIS2_PLACEMENT_3D ( 'NONE', #6093, #1452, #957 ) ;
#5357 = CARTESIAN_POINT ( 'NONE',  ( -1.784401076758511451, -4.804061798372434684E-15, -3.287499999999996536 ) ) ;
#5358 = ORIENTED_EDGE ( 'NONE', *, *, #4235, .T. ) ;
#5359 = LOCAL_TIME ( 18, 9, 43.00000000000000000, #2496 ) ;
#5360 = ADVANCED_FACE ( 'NONE', ( #6255 ), #4658, .F. ) ;
#5361 = CARTESIAN_POINT ( 'NONE',  ( -1.338300807568884032, 0.7726683315065838720, -6.233333333333331616 ) ) ;
#5362 = DIRECTION ( 'NONE',  ( 1.000000000000000000, 1.224646799147353207E-16, 1.298007540998083957E-32 ) ) ;
#5363 = CARTESIAN_POINT ( 'NONE',  ( 1.176575538379252661, -2.037888611415580975, 12.64270833333334210 ) ) ;
#5364 = CARTESIAN_POINT ( 'NONE',  ( -0.8922005383792488420, -1.545336663013171519, 17.14166666666666927 ) ) ;
#5365 = EDGE_LOOP ( 'NONE', ( #1109, #859, #5104, #3797 ) ) ;
#5366 = CARTESIAN_POINT ( 'NONE',  ( 1.338300807568883588, -0.7726683315065941970, -1.683333333333331794 ) ) ;
#5367 =( BOUNDED_CURVE ( )  B_SPLINE_CURVE ( 2, ( #3755, #1226, #5419, #5616, #979, #3385, #5927 ),
 .UNSPECIFIED., .F., .F. ) 
 B_SPLINE_CURVE_WITH_KNOTS ( ( 3, 2, 2, 3 ),
 ( 0.1708637494600894202, 0.1729543235589656169, 0.1750448976578418137, 0.1771354717567180104 ),
 .UNSPECIFIED. ) 
 CURVE ( )  GEOMETRIC_REPRESENTATION_ITEM ( )  RATIONAL_B_SPLINE_CURVE ( ( 1.000000000000000000, 0.8660254037844388186, 1.000000000000000000, 0.8660254037844388186, 1.000000000000000000, 0.8660254037844211661, 1.000000000000017764 ) ) 
 REPRESENTATION_ITEM ( '' )  );
#5368 = EDGE_CURVE ( 'NONE', #4076, #1995, #1361, .T. ) ;
#5369 = CARTESIAN_POINT ( 'NONE',  ( -2.495693764988929564E-16, -2.037888611415580975, -2.784375000000001155 ) ) ;
#5370 = CARTESIAN_POINT ( 'NONE',  ( -1.154700538370052376, -2.000000000015944579, 18.80416666666760506 ) ) ;
#5371 = CARTESIAN_POINT ( 'NONE',  ( -1.892491597964139794E-16, -1.545336663013182621, -8.712499999999996803 ) ) ;
#5372 = CARTESIAN_POINT ( 'NONE',  ( 2.449293598294706414E-16, -1.999999999999999556, -9.500000000000000000 ) ) ;
#5373 = CARTESIAN_POINT ( 'NONE',  ( -0.6740732469144437022, 1.633266452875388852, 8.403252690732891494 ) ) ;
#5374 = DIRECTION ( 'NONE',  ( -0.000000000000000000, 1.059903591714612962E-16, -1.000000000000000000 ) ) ;
#5375 = CARTESIAN_POINT ( 'NONE',  ( -1.176575538379254215, -2.037888611415580087, 13.96979166666666750 ) ) ;
#5376 = CARTESIAN_POINT ( 'NONE',  ( 1.338300807568872042, -0.7726683315065906443, 9.529166666666736063 ) ) ;
#5377 = EDGE_LOOP ( 'NONE', ( #1498, #4187, #2372, #1468 ) ) ;
#5378 = VECTOR ( 'NONE', #2517, 1000.000000000000000 ) ;
#5379 = CARTESIAN_POINT ( 'NONE',  ( -1.338300807568901352, -0.7726683315066062985, 17.78333333333335631 ) ) ;
#5380 = CARTESIAN_POINT ( 'NONE',  ( 1.154700538389109576, -1.999999999982928545, 15.42083333333433437 ) ) ;
#5381 = CARTESIAN_POINT ( 'NONE',  ( -1.338300807568872486, 0.7726683315065743241, 19.67916666666667069 ) ) ;
#5382 = CARTESIAN_POINT ( 'NONE',  ( 1.614169849819996783, 0.7086891286310261773, -9.397421422414421244 ) ) ;
#5383 = VECTOR ( 'NONE', #2619, 1000.000000000000000 ) ;
#5384 = CARTESIAN_POINT ( 'NONE',  ( -1.338300807568872708, 0.7726683315065744351, 19.76666666666666927 ) ) ;
#5385 = FACE_OUTER_BOUND ( 'NONE', #810, .T. ) ;
#5386 = CARTESIAN_POINT ( 'NONE',  ( 0.8922005383792477318, -1.545336663013172407, 18.57083333333340036 ) ) ;
#5387 = CARTESIAN_POINT ( 'NONE',  ( 0.8922005383792552813, -1.545336663013182621, -1.654166666666663232 ) ) ;
#5388 = CARTESIAN_POINT ( 'NONE',  ( -2.353151076758510651, -4.751822958346306380E-15, -3.003124999999997158 ) ) ;
#5389 = CARTESIAN_POINT ( 'NONE',  ( -0.8922005383792559474, 1.545336663013172851, -2.791666666666664298 ) ) ;
#5390 = CARTESIAN_POINT ( 'NONE',  ( -2.449293598294712824E-16, -2.000000000000012879, 14.75000000000000000 ) ) ;
#5391 = CARTESIAN_POINT ( 'NONE',  ( -1.338300807568872486, 0.7726683315065743241, 11.27916666666667389 ) ) ;
#5392 = CARTESIAN_POINT ( 'NONE',  ( -0.8922005383792563915, -1.545336663013181733, -4.570833333333330195 ) ) ;
#5393 = ORIENTED_EDGE ( 'NONE', *, *, #1564, .F. ) ;
#5394 = CARTESIAN_POINT ( 'NONE',  ( -1.892491597964140040E-16, -1.545336663013182843, -6.699999999999997513 ) ) ;
#5395 = CARTESIAN_POINT ( 'NONE',  ( 3.026354654344067853E-11, -2.000000000000002665, 11.86250000000153193 ) ) ;
#5396 = CARTESIAN_POINT ( 'NONE',  ( -2.495693764988925127E-16, -2.037888611415580531, 15.38437500000000568 ) ) ;
#5397 = VERTEX_POINT ( 'NONE', #1156 ) ;
#5398 = CARTESIAN_POINT ( 'NONE',  ( 0.8922005383792567246, 1.545336663013171741, -8.420833333333330728 ) ) ;
#5399 = EDGE_CURVE ( 'NONE', #6241, #5000, #3405, .T. ) ;
#5400 = CARTESIAN_POINT ( 'NONE',  ( -1.176575538379256214, -2.037888611415580531, -2.142708333333334991 ) ) ;
#5401 =( BOUNDED_CURVE ( )  B_SPLINE_CURVE ( 2, ( #4256, #4753, #1246, #4818, #1706, #3275, #1742 ),
 .UNSPECIFIED., .F., .F. ) 
 B_SPLINE_CURVE_WITH_KNOTS ( ( 3, 2, 2, 3 ),
 ( 0.7617269450982511181, 0.7736317070030130916, 0.7855364689077749540, 0.7974412308125368165 ),
 .UNSPECIFIED. ) 
 CURVE ( )  GEOMETRIC_REPRESENTATION_ITEM ( )  RATIONAL_B_SPLINE_CURVE ( ( 0.9999999999998813172, 0.8660254037845573905, 1.000000000000000000, 0.8660254037844387076, 1.000000000000000000, 0.8660254037843200248, 1.000000000000118794 ) ) 
 REPRESENTATION_ITEM ( '' )  );
#5402 = CARTESIAN_POINT ( 'NONE',  ( 1.154700538379846986, 1.999999999998972600, -2.558333333333392634 ) ) ;
#5403 = CARTESIAN_POINT ( 'NONE',  ( -0.6318599298582773249, -1.545336663013182177, -9.453811896062459752 ) ) ;
#5404 = CARTESIAN_POINT ( 'NONE',  ( -1.732050807568891848, -1.000000000000015765, 9.645833333333348136 ) ) ;
#5405 = CARTESIAN_POINT ( 'NONE',  ( 1.883977384042295977, 0.1050826564250797457, -1.335506037577070870 ) ) ;
#5406 = CARTESIAN_POINT ( 'NONE',  ( 1.176575538379254660, 2.037888611415564100, 14.31979166666666892 ) ) ;
#5407 = ORIENTED_EDGE ( 'NONE', *, *, #2098, .F. ) ;
#5408 = CARTESIAN_POINT ( 'NONE',  ( -1.082708096908984619, -1.102637102105873623, -9.500000000000001776 ) ) ;
#5409 = ORIENTED_EDGE ( 'NONE', *, *, #1895, .F. ) ;
#5410 = CARTESIAN_POINT ( 'NONE',  ( -0.2550000000103320175, -3.316877296488437210, 19.77675886009537010 ) ) ;
#5411 = CARTESIAN_POINT ( 'NONE',  ( -1.338300807568872486, 0.7726683315065743241, 8.566666666666669983 ) ) ;
#5412 = CARTESIAN_POINT ( 'NONE',  ( -1.154700538379263453, -1.999999999999999334, 18.89166666666667282 ) ) ;
#5413 = CARTESIAN_POINT ( 'NONE',  ( 0.8922005383792492861, 1.545336663013156198, 19.59166666666667211 ) ) ;
#5414 = VERTEX_POINT ( 'NONE', #1611 ) ;
#5415 = CARTESIAN_POINT ( 'NONE',  ( 0.000000000000000000, 5.246303815928974609E-16, -9.500000000000000000 ) ) ;
#5416 = CARTESIAN_POINT ( 'NONE',  ( 0.000000000000000000, 5.246303815928974609E-16, -9.500000000000000000 ) ) ;
#5417 = CARTESIAN_POINT ( 'NONE',  ( 1.732050807568881190, 0.9999999999999956701, -4.016666666666665719 ) ) ;
#5418 = CARTESIAN_POINT ( 'NONE',  ( 2.309401076758508697, -8.290308793092364557E-15, 10.72500000000000320 ) ) ;
#5419 = CARTESIAN_POINT ( 'NONE',  ( -1.732050807569092798, -1.000000000000131672, 10.34583333333348065 ) ) ;
#5420 = CARTESIAN_POINT ( 'NONE',  ( 1.784401076758496796, -8.193867857659506841E-15, 8.975000000000003197 ) ) ;
#5421 = CARTESIAN_POINT ( 'NONE',  ( -1.892491597964123277E-16, -1.545336663013171963, 12.21250000000000568 ) ) ;
#5422 = CARTESIAN_POINT ( 'NONE',  ( -1.289492721375928408, 1.494029227517202907, 8.899999999999975486 ) ) ;
#5423 = CARTESIAN_POINT ( 'NONE',  ( 1.338300807568883144, -0.7726683315065941970, -4.395833333333330373 ) ) ;
#5424 = ORIENTED_EDGE ( 'NONE', *, *, #1323, .F. ) ;
#5425 = CARTESIAN_POINT ( 'NONE',  ( -0.8922005383792565025, -1.545336663013182177, -6.058333333333330906 ) ) ;
#5426 = CARTESIAN_POINT ( 'NONE',  ( 2.309401076758502480, -8.290308793092361401E-15, 14.13750000000000462 ) ) ;
#5427 = CARTESIAN_POINT ( 'NONE',  ( -2.495693764988925127E-16, -2.037888611415580531, 14.68437500000000639 ) ) ;
#5428 = EDGE_LOOP ( 'NONE', ( #842, #274, #5052, #704 ) ) ;
#5429 = CARTESIAN_POINT ( 'NONE',  ( -1.892491597964139794E-16, -1.545336663013182621, -8.712499999999996803 ) ) ;
#5430 = CARTESIAN_POINT ( 'NONE',  ( 1.338300807568883588, -0.7726683315065945301, -5.883333333333331083 ) ) ;
#5431 = CARTESIAN_POINT ( 'NONE',  ( 0.000000000000000000, 1.999999999999998224, -8.712499999999998579 ) ) ;
#5432 = CARTESIAN_POINT ( 'NONE',  ( -1.338300807568883810, 0.7726683315065836499, -8.245833333333330017 ) ) ;
#5433 = CARTESIAN_POINT ( 'NONE',  ( -0.5820927458091295081, -1.552531828935648228, 19.32331763807900415 ) ) ;
#5434 = CARTESIAN_POINT ( 'NONE',  ( -1.784401076758496574, -7.756815644250031206E-15, 8.537500000000006750 ) ) ;
#5435 = CARTESIAN_POINT ( 'NONE',  ( 1.891889156679780859, -0.2129139409842379371, -1.345292894599869671 ) ) ;
#5436 = CARTESIAN_POINT ( 'NONE',  ( -2.353151076758506655, -7.721989750899276899E-15, 13.85312500000000213 ) ) ;
#5437 = ADVANCED_FACE ( 'NONE', ( #4227 ), #3686, .F. ) ;
#5438 = ORIENTED_EDGE ( 'NONE', *, *, #718, .T. ) ;
#5439 = EDGE_CURVE ( 'NONE', #4680, #5509, #63, .T. ) ;
#5440 = CARTESIAN_POINT ( 'NONE',  ( 3.784983195928246554E-16, 1.545336663013156420, 10.46250000000006963 ) ) ;
#5441 = CARTESIAN_POINT ( 'NONE',  ( 0.000000000000000000, 1.545336663013172851, -0.7499999999999972244 ) ) ;
#5442 = ORIENTED_EDGE ( 'NONE', *, *, #3112, .F. ) ;
#5443 = CARTESIAN_POINT ( 'NONE',  ( -1.892491597964140040E-16, -1.545336663013183065, -9.499999999999998224 ) ) ;
#5444 = CARTESIAN_POINT ( 'NONE',  ( -1.892491597964123277E-16, -1.545336663013171963, 18.51250000000000639 ) ) ;
#5445 = CARTESIAN_POINT ( 'NONE',  ( -2.449293598294712824E-16, -2.000000000000012879, 18.95000000000000284 ) ) ;
#5446 = EDGE_CURVE ( 'NONE', #3175, #1567, #1421, .T. ) ;
#5447 = CARTESIAN_POINT ( 'NONE',  ( -1.784401076758496796, -7.756815644250031206E-15, 14.22500000000000320 ) ) ;
#5448 = ORIENTED_EDGE ( 'NONE', *, *, #2589, .F. ) ;
#5449 = CARTESIAN_POINT ( 'NONE',  ( -2.999999999999999112, 1.437602170282162417, 19.77675886009239647 ) ) ;
#5450 = CARTESIAN_POINT ( 'NONE',  ( -0.8922005383792488420, -1.545336663013171519, 19.15416666666673606 ) ) ;
#5451 = CARTESIAN_POINT ( 'NONE',  ( 1.732050807568879192, -1.000000000000007105, -4.045833333333331616 ) ) ;
#5452 = B_SPLINE_CURVE_WITH_KNOTS ( 'NONE', 3,
 ( #5852, #3410, #5312, #812 ),
 .UNSPECIFIED., .F., .F.,
 ( 4, 4 ),
 ( 0.01759405760281346556, 0.01901584863032852041 ),
 .UNSPECIFIED. ) ;
#5453 = CARTESIAN_POINT ( 'NONE',  ( -1.764863307568883100, 1.018944305707783382, -1.661458333333330817 ) ) ;
#5454 = EDGE_CURVE ( 'NONE', #6100, #4807, #3623, .T. ) ;
#5455 = CARTESIAN_POINT ( 'NONE',  ( 0.000000000000000000, 1.999999999999999112, -4.599999999999997868 ) ) ;
#5456 = CARTESIAN_POINT ( 'NONE',  ( 0.8922005383792551703, -1.545336663013182843, -9.354166666666662522 ) ) ;
#5457 = CARTESIAN_POINT ( 'NONE',  ( 3.784983195928246554E-16, 1.545336663013156420, 12.56250000000000533 ) ) ;
#5458 = CARTESIAN_POINT ( 'NONE',  ( -2.335210142073200323, 2.115867410997444242, 0.1169469445462787832 ) ) ;
#5459 = CARTESIAN_POINT ( 'NONE',  ( -1.338300807568883810, -0.7726683315065930868, -1.829166666666663055 ) ) ;
#5460 = EDGE_LOOP ( 'NONE', ( #914, #348, #4912, #1268 ) ) ;
#5461 = AXIS2_PLACEMENT_3D ( 'NONE', #5521, #2380, #2979 ) ;
#5462 = CARTESIAN_POINT ( 'NONE',  ( 1.338300807568884698, 0.7726683315065826507, -7.166666666666665186 ) ) ;
#5463 = CARTESIAN_POINT ( 'NONE',  ( 0.2495078235721373550, -1.537511103890237596, 19.22423309784980106 ) ) ;
#5464 = VECTOR ( 'NONE', #2124, 1000.000000000000000 ) ;
#5465 = CARTESIAN_POINT ( 'NONE',  ( -1.764863307568879991, 1.018944305707778719, 15.15104166666667318 ) ) ;
#5466 = CARTESIAN_POINT ( 'NONE',  ( 1.784401076758511673, -5.605446434528253539E-15, -9.237499999999998934 ) ) ;
#5467 = CARTESIAN_POINT ( 'NONE',  ( -1.338300807568884032, -0.7726683315065936419, -8.216666666666663232 ) ) ;
#5468 = AXIS2_PLACEMENT_3D ( 'NONE', #3665, #666, #3728 ) ;
#5469 = CYLINDRICAL_SURFACE ( 'NONE', #495, 2.000000000000000000 ) ;
#5470 = CARTESIAN_POINT ( 'NONE',  ( -0.8922005383792557254, 1.545336663013172407, -6.204166666666663055 ) ) ;
#5471 = CARTESIAN_POINT ( 'NONE',  ( 2.744999999999999662, 1.879275126212228919, 19.77675886009239647 ) ) ;
#5472 = CARTESIAN_POINT ( 'NONE',  ( -1.338300807568872486, 0.7726683315065743241, 10.57916666666667282 ) ) ;
#5473 = CARTESIAN_POINT ( 'NONE',  ( -2.353151076758506655, -7.721989750899276899E-15, 13.15312500000000284 ) ) ;
#5474 = ORIENTED_EDGE ( 'NONE', *, *, #452, .F. ) ;
#5475 = CARTESIAN_POINT ( 'NONE',  ( -2.449293598294699512E-16, -2.000000000000002220, 16.06250000000000000 ) ) ;
#5476 = FACE_OUTER_BOUND ( 'NONE', #2564, .T. ) ;
#5477 = ORIENTED_EDGE ( 'NONE', *, *, #4474, .T. ) ;
#5478 = CARTESIAN_POINT ( 'NONE',  ( 2.353151076758510651, -5.646969615061843149E-15, -8.209375000000001421 ) ) ;
#5479 = ADVANCED_FACE ( 'NONE', ( #2181, #5247 ), #2077, .T. ) ;
#5480 = CARTESIAN_POINT ( 'NONE',  ( -0.8922005383792488420, -1.545336663013171519, 19.85416666666667140 ) ) ;
#5481 = CARTESIAN_POINT ( 'NONE',  ( -1.154700538379254571, -2.000000000000003109, -7.720833333333330550 ) ) ;
#5482 = CARTESIAN_POINT ( 'NONE',  ( 0.8922005383792478428, -1.545336663013172851, 15.15833333333333677 ) ) ;
#5483 = ORIENTED_EDGE ( 'NONE', *, *, #1685, .T. ) ;
#5484 = AXIS2_PLACEMENT_3D ( 'NONE', #6071, #1491, #5635 ) ;
#5485 = CARTESIAN_POINT ( 'NONE',  ( 2.490000000000000213, -1.437602170282170189, -9.165151389911683211 ) ) ;
#5486 = CARTESIAN_POINT ( 'NONE',  ( 1.338300807568900908, -0.7726683315066071867, 8.916666666666689167 ) ) ;
#5487 = CARTESIAN_POINT ( 'NONE',  ( -2.309401076758508697, -7.724668665772411967E-15, 9.675000000000002487 ) ) ;
#5488 = CARTESIAN_POINT ( 'NONE',  ( -2.449293598294712824E-16, -2.000000000000012879, 11.95000000000000284 ) ) ;
#5489 = EDGE_CURVE ( 'NONE', #2720, #148, #6163, .T. ) ;
#5490 = CARTESIAN_POINT ( 'NONE',  ( -1.732050807568877193, 0.9999999999999922284, 17.92916666666667425 ) ) ;
#5491 = CARTESIAN_POINT ( 'NONE',  ( 0.8922005383792477318, -1.545336663013172407, 8.770833333333337478 ) ) ;
#5492 =( BOUNDED_SURFACE ( )  B_SPLINE_SURFACE ( 1, 2, ( 
 ( #1028, #5499, #1458, #2458, #4002, #503, #4633, #3523, #5560, #6034, #1952, #3493, #3021, #2083, #1487, #5530, #964, #3556, #5062, #6596, #70, #2987, #2553, #930, #5596, #4567, #5031, #4598, #2956, #471, #4133, #2016, #1519, #4064, #3053, #439, #6067, #533, #1429, #2488, #4535, #31, #6568, #4033, #6098, #2048, #4099, #6133, #1552, #3592, #1227, #662, #3756, #4698, #3186, #5700, #6172, #3723, #1619, #102, #2620, #4664, #4199, #2718, #1718, #2118, #5256, #4166, #1129, #4267, #1585, #1191, #4764, #6204, #2685, #4797, #204, #3221, #2751, #6233, #5798, #3154, #5665, #4732, #1655, #2255, #696, #3692, #4237, #236, #2223, #6294, #1162, #5190, #6263, #133, #5762, #3660, #1686, #3627, #5223, #628, #5157, #5733, #1092, #2191, #3257, #173, #597, #5291, #3122, #2652, #729, #2153, #4335, #3928, #4960, #401, #5895, #762, #4832, #6328, #3828, #856, #4299, #5322, #6426, #5864, #1357, #2322, #332, #304, #3858, #3356, #2880, #1756, #2917, #5959, #3793, #1291, #4395, #6395, #3386, #1260, #5457, #1388, #3422, #2848, #2817, #6364, #5421, #1853, #1324, #889, #5831, #3292, #2781, #272, #2291, #1788, #4925, #4863, #4366, #3323, #1821, #5355, #5391, #793, #4894, #823, #6464, #2352, #3893, #5928, #2384, #366, #4426, #1885, #3612, #552, #6498, #2421, #2453, #2573, #2983, #3959, #4619, #56, #4652, #1424, #6530, #6030, #5685, #1115, #5525, #2608, #5176, #5144, #1575, #4185, #1946, #3143, #4122, #3456, #1917, #2071, #1639, #6220, #617, #5491, #2641, #5651, #1081, #432, #585, #1605, #3646 ),
 ( #4685, #122, #6156, #3996, #90, #959, #2105, #2950, #4155, #4463, #3107, #1453, #922, #6192, #5995, #2138, #3680, #5720, #4996, #1150, #4498, #3487, #3173, #5112, #5210, #291, #1307, #3341, #5274, #3778, #4285, #648, #3207, #713, #747, #1806, #3711, #6313, #2241, #5750, #1179, #155, #2737, #2275, #5242, #191, #2767, #5848, #4849, #4254, #3241, #1276, #4221, #681, #1740, #4751, #3309, #1773, #2672, #1673, #4817, #2208, #4320, #4782, #3274, #220, #5816, #1245, #5339, #4716, #5880, #2306, #2174, #6281, #255, #5308, #6347, #6251, #3845, #4351, #6380, #3813, #5781, #2704, #779, #2801, #1704, #3741, #1210, #319, #1962, #6044, #3877, #5912, #1930, #3910, #5944, #808, #1373, #4412, #4942, #4011, #3944, #4379, #940, #2337, #4978, #2834, #3471, #5406, #4447, #4513, #6482, #3403, #4877, #5375, #838, #5436, #871, #6409, #2897, #384, #905, #1837, #2863, #2368, #3975, #6010, #1869, #5473, #1437, #1403, #1901, #450, #4909, #5508, #2403, #1341, #3371, #5976, #6544, #2468, #2966, #347, #5011, #3438, #2933, #6443, #416, #4480, #6513, #2438, #1467, #3131, #606, #4609, #1992, #2598, #1495, #5070, #1594, #5539, #5134, #80, #3532, #45, #2125, #2094, #574, #110, #1531, #1102, #511, #2997, #2059, #3569, #6210, #4641, #5608, #1562, #4173, #4141, #6181, #5103, #3030, #3601, #2026, #3096, #4041, #5640, #973, #2563, #2530, #2498, #1038, #5041, #6145, #5166, #4109, #4544, #3636, #483, #6575, #5674, #6075, #5572, #2628, #3503, #1004, #542, #4575, #8, #4073, #6110, #4672, #3063, #1071 ) ),
 .UNSPECIFIED., .F., .F., .T. ) 
 B_SPLINE_SURFACE_WITH_KNOTS ( ( 2, 2 ),
 ( 3, 2, 2, 2, 2, 2, 2, 2, 2, 2, 2, 2, 2, 2, 2, 2, 2, 2, 2, 2, 2, 2, 2, 2, 2, 2, 2, 2, 2, 2, 2, 2, 2, 2, 2, 2, 2, 2, 2, 2, 2, 2, 2, 2, 2, 2, 2, 2, 2, 2, 2, 2, 2, 2, 2, 2, 2, 2, 2, 2, 2, 2, 2, 2, 2, 2, 2, 2, 2, 2, 2, 2, 2, 2, 2, 2, 2, 2, 2, 2, 2, 2, 2, 2, 2, 2, 2, 2, 2, 2, 2, 2, 2, 2, 2, 2, 2, 2, 2, 2, 2, 2, 2, 2, 2, 2, 2, 2, 3 ),
 ( 0.000000000000000000, 1.000000000000000000 ),
 ( 0.000000000000000000, 0.009259259259259258745, 0.01851851851851851749, 0.02777777777777777624, 0.03703703703703703498, 0.04629629629629629373, 0.05555555555555555247, 0.06481481481481481122, 0.07407407407407406996, 0.08333333333333332871, 0.09259259259259258745, 0.1018518518518518462, 0.1111111111111111049, 0.1203703703703703637, 0.1296296296296296224, 0.1388888888888888951, 0.1481481481481481399, 0.1574074074074074125, 0.1666666666666666574, 0.1759259259259259300, 0.1851851851851851749, 0.1944444444444444475, 0.2037037037037036924, 0.2129629629629629650, 0.2222222222222222099, 0.2314814814814814825, 0.2407407407407407274, 0.2500000000000000000, 0.2592592592592592449, 0.2685185185185185452, 0.2777777777777777901, 0.2870370370370370350, 0.2962962962962962798, 0.3055555555555555802, 0.3148148148148148251, 0.3240740740740740700, 0.3333333333333333148, 0.3425925925925926152, 0.3518518518518518601, 0.3611111111111111049, 0.3703703703703703498, 0.3796296296296296502, 0.3888888888888888951, 0.3981481481481481399, 0.4074074074074073848, 0.4166666666666666852, 0.4259259259259259300, 0.4351851851851851749, 0.4444444444444444198, 0.4537037037037037202, 0.4629629629629629650, 0.4722222222222222099, 0.4814814814814814548, 0.4907407407407407551, 0.5000000000000000000, 0.5092592592592593004, 0.5185185185185184897, 0.5277777777777777901, 0.5370370370370370905, 0.5462962962962962798, 0.5555555555555555802, 0.5648148148148147696, 0.5740740740740740700, 0.5833333333333333703, 0.5925925925925925597, 0.6018518518518518601, 0.6111111111111111605, 0.6203703703703703498, 0.6296296296296296502, 0.6388888888888888395, 0.6481481481481481399, 0.6574074074074074403, 0.6666666666666666297, 0.6759259259259259300, 0.6851851851851852304, 0.6944444444444444198, 0.7037037037037037202, 0.7129629629629629095, 0.7222222222222222099, 0.7314814814814815103, 0.7407407407407406996, 0.7500000000000000000, 0.7592592592592593004, 0.7685185185185184897, 0.7777777777777777901, 0.7870370370370370905, 0.7962962962962962798, 0.8055555555555555802, 0.8148148148148147696, 0.8240740740740740700, 0.8333333333333333703, 0.8425925925925925597, 0.8518518518518518601, 0.8611111111111111605, 0.8703703703703703498, 0.8796296296296296502, 0.8888888888888888395, 0.8981481481481481399, 0.9074074074074074403, 0.9166666666666666297, 0.9259259259259259300, 0.9351851851851852304, 0.9444444444444444198, 0.9537037037037037202, 0.9629629629629629095, 0.9722222222222222099, 0.9814814814814815103, 0.9907407407407406996, 0.9921014846934266274 ),
 .UNSPECIFIED. ) 
 GEOMETRIC_REPRESENTATION_ITEM ( )  RATIONAL_B_SPLINE_SURFACE ( (
 ( 1.000000000000000000, 0.8660254037844387076, 1.000000000000000000, 0.8660254037844387076, 1.000000000000000000, 0.8660254037844387076, 1.000000000000000000, 0.8660254037844387076, 1.000000000000000000, 0.8660254037844387076, 1.000000000000000000, 0.8660254037844387076, 1.000000000000000000, 0.8660254037844387076, 1.000000000000000000, 0.8660254037844387076, 1.000000000000000000, 0.8660254037844387076, 1.000000000000000000, 0.8660254037844387076, 1.000000000000000000, 0.8660254037844387076, 1.000000000000000000, 0.8660254037844387076, 1.000000000000000000, 0.8660254037844387076, 1.000000000000000000, 0.8660254037844387076, 1.000000000000000000, 0.8660254037844387076, 1.000000000000000000, 0.8660254037844387076, 1.000000000000000000, 0.8660254037844387076, 1.000000000000000000, 0.8660254037844387076, 1.000000000000000000, 0.8660254037844387076, 1.000000000000000000, 0.8660254037844387076, 1.000000000000000000, 0.8660254037844387076, 1.000000000000000000, 0.8660254037844387076, 1.000000000000000000, 0.8660254037844387076, 1.000000000000000000, 0.8660254037844387076, 1.000000000000000000, 0.8660254037844387076, 1.000000000000000000, 0.8660254037844387076, 1.000000000000000000, 0.8660254037844387076, 1.000000000000000000, 0.8660254037844387076, 1.000000000000000000, 0.8660254037844387076, 1.000000000000000000, 0.8660254037844387076, 1.000000000000000000, 0.8660254037844387076, 1.000000000000000000, 0.8660254037844387076, 1.000000000000000000, 0.8660254037844387076, 1.000000000000000000, 0.8660254037844387076, 1.000000000000000000, 0.8660254037844387076, 1.000000000000000000, 0.8660254037844387076, 1.000000000000000000, 0.8660254037844387076, 1.000000000000000000, 0.8660254037844387076, 1.000000000000000000, 0.8660254037844387076, 1.000000000000000000, 0.8660254037844387076, 1.000000000000000000, 0.8660254037844387076, 1.000000000000000000, 0.8660254037844387076, 1.000000000000000000, 0.8660254037844387076, 1.000000000000000000, 0.8660254037844387076, 1.000000000000000000, 0.8660254037844387076, 1.000000000000000000, 0.8660254037844387076, 1.000000000000000000, 0.8660254037844387076, 1.000000000000000000, 0.8660254037844387076, 1.000000000000000000, 0.8660254037844387076, 1.000000000000000000, 0.8660254037844387076, 1.000000000000000000, 0.8660254037844387076, 1.000000000000000000, 0.8660254037844387076, 1.000000000000000000, 0.8660254037844387076, 1.000000000000000000, 0.8660254037844387076, 1.000000000000000000, 0.8660254037844387076, 1.000000000000000000, 0.8660254037844387076, 1.000000000000000000, 0.8660254037844387076, 1.000000000000000000, 0.8660254037844387076, 1.000000000000000000, 0.8660254037844387076, 1.000000000000000000, 0.8660254037844387076, 1.000000000000000000, 0.8660254037844387076, 1.000000000000000000, 0.8660254037844387076, 1.000000000000000000, 0.8660254037844387076, 1.000000000000000000, 0.8660254037844387076, 1.000000000000000000, 0.8660254037844387076, 1.000000000000000000, 0.8660254037844387076, 1.000000000000000000, 0.8660254037844387076, 1.000000000000000000, 0.8660254037844387076, 1.000000000000000000, 0.8660254037844387076, 1.000000000000000000, 0.8660254037844387076, 1.000000000000000000, 0.8660254037844387076, 1.000000000000000000, 0.8660254037844387076, 1.000000000000000000, 0.8660254037844387076, 1.000000000000000000, 0.8660254037844387076, 1.000000000000000000, 0.8660254037844387076, 1.000000000000000000, 0.8660254037844387076, 1.000000000000000000, 0.8660254037844387076, 1.000000000000000000, 0.8660254037844387076, 1.000000000000000000, 0.8660254037844387076, 1.000000000000000000, 0.8660254037844387076, 1.000000000000000000, 0.8660254037844387076, 1.000000000000000000, 0.8660254037844387076, 1.000000000000000000, 0.8660254037844387076, 1.000000000000000000, 0.8660254037844387076, 1.000000000000000000, 0.8660254037844387076, 1.000000000000000000, 0.8660254037844387076, 1.000000000000000000, 0.8660254037844387076, 1.000000000000000000, 0.8660254037844387076, 1.000000000000000000, 0.8660254037844387076, 1.000000000000000000, 0.8660254037844387076, 1.000000000000000000, 0.8660254037844387076, 1.000000000000000000, 0.8660254037844387076, 1.000000000000000000, 0.8660254037844387076, 1.000000000000000000, 0.8660254037844387076, 1.000000000000000000, 0.8660254037844387076, 1.000000000000000000, 0.8660254037844387076, 1.000000000000000000, 0.8660254037844387076, 1.000000000000000000, 0.8660254037844387076, 1.000000000000000000, 0.8660254037844387076, 1.000000000000000000, 0.8660254037844387076, 1.000000000000000000, 0.8660254037844387076, 1.000000000000000000, 0.8660254037844387076, 1.000000000000000000, 0.8660254037844387076, 1.000000000000000000, 0.8660254037844387076, 1.000000000000000000, 0.8660254037844387076, 1.000000000000000000, 0.8660254037844387076, 1.000000000000000000, 0.8660254037844387076, 1.000000000000000000, 0.9803110468657028065, 0.9664090844964432492),
 ( 1.000000000000000000, 0.8660254037844387076, 1.000000000000000000, 0.8660254037844387076, 1.000000000000000000, 0.8660254037844387076, 1.000000000000000000, 0.8660254037844387076, 1.000000000000000000, 0.8660254037844387076, 1.000000000000000000, 0.8660254037844387076, 1.000000000000000000, 0.8660254037844387076, 1.000000000000000000, 0.8660254037844387076, 1.000000000000000000, 0.8660254037844387076, 1.000000000000000000, 0.8660254037844387076, 1.000000000000000000, 0.8660254037844387076, 1.000000000000000000, 0.8660254037844387076, 1.000000000000000000, 0.8660254037844387076, 1.000000000000000000, 0.8660254037844387076, 1.000000000000000000, 0.8660254037844387076, 1.000000000000000000, 0.8660254037844387076, 1.000000000000000000, 0.8660254037844387076, 1.000000000000000000, 0.8660254037844387076, 1.000000000000000000, 0.8660254037844387076, 1.000000000000000000, 0.8660254037844387076, 1.000000000000000000, 0.8660254037844387076, 1.000000000000000000, 0.8660254037844387076, 1.000000000000000000, 0.8660254037844387076, 1.000000000000000000, 0.8660254037844387076, 1.000000000000000000, 0.8660254037844387076, 1.000000000000000000, 0.8660254037844387076, 1.000000000000000000, 0.8660254037844387076, 1.000000000000000000, 0.8660254037844387076, 1.000000000000000000, 0.8660254037844387076, 1.000000000000000000, 0.8660254037844387076, 1.000000000000000000, 0.8660254037844387076, 1.000000000000000000, 0.8660254037844387076, 1.000000000000000000, 0.8660254037844387076, 1.000000000000000000, 0.8660254037844387076, 1.000000000000000000, 0.8660254037844387076, 1.000000000000000000, 0.8660254037844387076, 1.000000000000000000, 0.8660254037844387076, 1.000000000000000000, 0.8660254037844387076, 1.000000000000000000, 0.8660254037844387076, 1.000000000000000000, 0.8660254037844387076, 1.000000000000000000, 0.8660254037844387076, 1.000000000000000000, 0.8660254037844387076, 1.000000000000000000, 0.8660254037844387076, 1.000000000000000000, 0.8660254037844387076, 1.000000000000000000, 0.8660254037844387076, 1.000000000000000000, 0.8660254037844387076, 1.000000000000000000, 0.8660254037844387076, 1.000000000000000000, 0.8660254037844387076, 1.000000000000000000, 0.8660254037844387076, 1.000000000000000000, 0.8660254037844387076, 1.000000000000000000, 0.8660254037844387076, 1.000000000000000000, 0.8660254037844387076, 1.000000000000000000, 0.8660254037844387076, 1.000000000000000000, 0.8660254037844387076, 1.000000000000000000, 0.8660254037844387076, 1.000000000000000000, 0.8660254037844387076, 1.000000000000000000, 0.8660254037844387076, 1.000000000000000000, 0.8660254037844387076, 1.000000000000000000, 0.8660254037844387076, 1.000000000000000000, 0.8660254037844387076, 1.000000000000000000, 0.8660254037844387076, 1.000000000000000000, 0.8660254037844387076, 1.000000000000000000, 0.8660254037844387076, 1.000000000000000000, 0.8660254037844387076, 1.000000000000000000, 0.8660254037844387076, 1.000000000000000000, 0.8660254037844387076, 1.000000000000000000, 0.8660254037844387076, 1.000000000000000000, 0.8660254037844387076, 1.000000000000000000, 0.8660254037844387076, 1.000000000000000000, 0.8660254037844387076, 1.000000000000000000, 0.8660254037844387076, 1.000000000000000000, 0.8660254037844387076, 1.000000000000000000, 0.8660254037844387076, 1.000000000000000000, 0.8660254037844387076, 1.000000000000000000, 0.8660254037844387076, 1.000000000000000000, 0.8660254037844387076, 1.000000000000000000, 0.8660254037844387076, 1.000000000000000000, 0.8660254037844387076, 1.000000000000000000, 0.8660254037844387076, 1.000000000000000000, 0.8660254037844387076, 1.000000000000000000, 0.8660254037844387076, 1.000000000000000000, 0.8660254037844387076, 1.000000000000000000, 0.8660254037844387076, 1.000000000000000000, 0.8660254037844387076, 1.000000000000000000, 0.8660254037844387076, 1.000000000000000000, 0.8660254037844387076, 1.000000000000000000, 0.8660254037844387076, 1.000000000000000000, 0.8660254037844387076, 1.000000000000000000, 0.8660254037844387076, 1.000000000000000000, 0.8660254037844387076, 1.000000000000000000, 0.8660254037844387076, 1.000000000000000000, 0.8660254037844387076, 1.000000000000000000, 0.8660254037844387076, 1.000000000000000000, 0.8660254037844387076, 1.000000000000000000, 0.8660254037844387076, 1.000000000000000000, 0.8660254037844387076, 1.000000000000000000, 0.8660254037844387076, 1.000000000000000000, 0.8660254037844387076, 1.000000000000000000, 0.8660254037844387076, 1.000000000000000000, 0.8660254037844387076, 1.000000000000000000, 0.8660254037844387076, 1.000000000000000000, 0.8660254037844387076, 1.000000000000000000, 0.8660254037844387076, 1.000000000000000000, 0.8660254037844387076, 1.000000000000000000, 0.8660254037844387076, 1.000000000000000000, 0.8660254037844387076, 1.000000000000000000, 0.8660254037844387076, 1.000000000000000000, 0.9803110468657028065, 0.9664090844964432492) ) ) 
 REPRESENTATION_ITEM ( '' )  SURFACE ( )  );
#5493 = ORIENTED_EDGE ( 'NONE', *, *, #6354, .F. ) ;
#5494 = CARTESIAN_POINT ( 'NONE',  ( -1.552639347747607923, 1.260678807558009318, 8.900000000000002132 ) ) ;
#5495 = CARTESIAN_POINT ( 'NONE',  ( -0.8922005383792555033, 1.545336663013172407, -3.404166666666663676 ) ) ;
#5496 = ORIENTED_EDGE ( 'NONE', *, *, #164, .F. ) ;
#5497 = CARTESIAN_POINT ( 'NONE',  ( -0.8922005383792559474, 1.545336663013172851, -4.191666666666664653 ) ) ;
#5498 = EDGE_CURVE ( 'NONE', #6151, #983, #893, .T. ) ;
#5499 = CARTESIAN_POINT ( 'NONE',  ( 0.8922005383792491751, 1.545336663013155754, 20.90416666666667211 ) ) ;
#5500 = CARTESIAN_POINT ( 'NONE',  ( 1.176575538379254660, 2.037888611415564100, 15.67604166666667531 ) ) ;
#5501 = CARTESIAN_POINT ( 'NONE',  ( -0.8922005383792556144, 1.545336663013172407, -7.604166666666663410 ) ) ;
#5502 = CARTESIAN_POINT ( 'NONE',  ( 0.8922005383792555033, -1.545336663013183287, -8.041666666666664298 ) ) ;
#5503 = CARTESIAN_POINT ( 'NONE',  ( 1.732050807568956241, 1.000000000000038636, -6.029166666666716523 ) ) ;
#5504 = CARTESIAN_POINT ( 'NONE',  ( 1.338300807568883366, -0.7726683315065945301, -7.195833333333330195 ) ) ;
#5505 = CARTESIAN_POINT ( 'NONE',  ( -2.309401076758507365, -4.670116054715694694E-15, -1.624999999999998668 ) ) ;
#5506 = CARTESIAN_POINT ( 'NONE',  ( 1.338300807568872042, -0.7726683315065906443, 10.22916666666667318 ) ) ;
#5507 = CARTESIAN_POINT ( 'NONE',  ( -2.999999999999999556, -1.525580006756998230, 19.75480846702681603 ) ) ;
#5508 = CARTESIAN_POINT ( 'NONE',  ( 2.353151076758506655, -8.298345537711768183E-15, 12.80312500000000142 ) ) ;
#5509 = VERTEX_POINT ( 'NONE', #591 ) ;
#5510 = CARTESIAN_POINT ( 'NONE',  ( -1.338300807568872486, 0.7726683315065743241, 10.57916666666673500 ) ) ;
#5511 = DIRECTION ( 'NONE',  ( -0.000000000000000000, 1.059903591714612962E-16, -1.000000000000000000 ) ) ;
#5512 = ORIENTED_EDGE ( 'NONE', *, *, #2509, .F. ) ;
#5513 = CARTESIAN_POINT ( 'NONE',  ( -2.353151076758510651, -5.092045147234430042E-15, -8.559375000000001066 ) ) ;
#5514 = CARTESIAN_POINT ( 'NONE',  ( 1.784401076758496574, -8.193867857659506841E-15, 8.975000000000003197 ) ) ;
#5515 = CARTESIAN_POINT ( 'NONE',  ( -2.309401076758508697, -7.724668665772411967E-15, 15.27500000000000213 ) ) ;
#5516 = CARTESIAN_POINT ( 'NONE',  ( -1.338300807568872930, -0.7726683315065897562, 16.38333333333333641 ) ) ;
#5518 = ORIENTED_EDGE ( 'NONE', *, *, #2793, .T. ) ;
#5517 = EDGE_CURVE ( 'NONE', #5265, #2836, #3658, .T. ) ;
#5519 = CARTESIAN_POINT ( 'NONE',  ( 1.732050807569997186, 1.000000000000636824, 16.29583333333408390 ) ) ;
#5520 = DIRECTION ( 'NONE',  ( 0.000000000000000000, 1.000000000000000000, 0.000000000000000000 ) ) ;
#5521 = CARTESIAN_POINT ( 'NONE',  ( 0.000000000000000000, 1.895336663013171608, -0.3499999999999990341 ) ) ;
#5522 = LINE ( 'NONE', #23, #5249 ) ;
#5523 = CARTESIAN_POINT ( 'NONE',  ( 4.898587196589425648E-16, 1.999999999999997335, 13.70000000000000284 ) ) ;
#5524 = CARTESIAN_POINT ( 'NONE',  ( -1.732050807568955353, -1.000000000000049960, -6.379166666666716168 ) ) ;
#5525 = CARTESIAN_POINT ( 'NONE',  ( 1.338300807568873152, 0.7726683315065731028, 9.645833333333339255 ) ) ;
#5526 = EDGE_CURVE ( 'NONE', #2504, #4578, #2935, .T. ) ;
#5527 = CARTESIAN_POINT ( 'NONE',  ( -0.08916101814857556318, 3.385278088006621111, 19.74292499065372297 ) ) ;
#5528 = CARTESIAN_POINT ( 'NONE',  ( -2.495693764988929564E-16, -2.037888611415581419, -9.128124999999997158 ) ) ;
#5529 = ORIENTED_EDGE ( 'NONE', *, *, #3070, .T. ) ;
#5530 = CARTESIAN_POINT ( 'NONE',  ( 1.784401076758496574, -8.193867857659506841E-15, 20.08750000000000568 ) ) ;
#5531 = CARTESIAN_POINT ( 'NONE',  ( -1.764863307568880213, -1.018944305707793596, 11.06770833333334103 ) ) ;
#5532 = CARTESIAN_POINT ( 'NONE',  ( -1.338300807568883810, 0.7726683315065837609, -5.445833333333330195 ) ) ;
#5533 = CARTESIAN_POINT ( 'NONE',  ( -1.338300807568884032, 0.7726683315065837609, -8.333333333333332149 ) ) ;
#5534 = CARTESIAN_POINT ( 'NONE',  ( 0.000000000000000000, 5.246303815928974609E-16, -9.500000000000000000 ) ) ;
#5535 = CARTESIAN_POINT ( 'NONE',  ( -0.8922005383792557254, 1.545336663013172851, -4.104166666666664298 ) ) ;
#5536 = CARTESIAN_POINT ( 'NONE',  ( 2.976610138295871621, 1.614620497850517644, 19.74299748789850639 ) ) ;
#5537 = APPLICATION_PROTOCOL_DEFINITION ( 'international standard', 'config_control_design', 1994, #3115 ) ;
#5538 = CARTESIAN_POINT ( 'NONE',  ( 4.898587196589425648E-16, 1.999999999999997335, 19.30000000000000071 ) ) ;
#5539 = CARTESIAN_POINT ( 'NONE',  ( 1.176575538379252661, -2.037888611415580975, 11.28645833333333570 ) ) ;
#5540 = VERTEX_POINT ( 'NONE', #6352 ) ;
#5541 = DIRECTION ( 'NONE',  ( -0.000000000000000000, 1.059903591714612962E-16, -1.000000000000000000 ) ) ;
#5542 = ORIENTED_EDGE ( 'NONE', *, *, #6348, .T. ) ;
#5543 = FACE_OUTER_BOUND ( 'NONE', #1293, .T. ) ;
#5544 = CARTESIAN_POINT ( 'NONE',  ( -1.338300807568872708, -0.7726683315065896451, 15.68333333333333712 ) ) ;
#5545 = CARTESIAN_POINT ( 'NONE',  ( -1.154700538379245911, 2.000000000000011102, 13.05833333333333357 ) ) ;
#5546 = CARTESIAN_POINT ( 'NONE',  ( 3.784983195928246554E-16, 1.545336663013156420, 16.76250000000000639 ) ) ;
#5547 = CARTESIAN_POINT ( 'NONE',  ( -2.309401076758508697, -7.724668665772411967E-15, 18.77500000000000213 ) ) ;
#5548 = CARTESIAN_POINT ( 'NONE',  ( 1.784401076758496796, -8.193867857659506841E-15, 13.87500000000000355 ) ) ;
#5549 = ORIENTED_EDGE ( 'NONE', *, *, #6268, .F. ) ;
#5550 = CARTESIAN_POINT ( 'NONE',  ( -3.000000000000000000, 0.4874986842491851879, 19.94781977825939379 ) ) ;
#5551 = CARTESIAN_POINT ( 'NONE',  ( 1.338300807568872042, -0.7726683315065906443, 15.82916666666673500 ) ) ;
#5552 = CYLINDRICAL_SURFACE ( 'NONE', #5679, 2.000000000000000000 ) ;
#5553 = LINE ( 'NONE', #2947, #3223 ) ;
#5554 = LINE ( 'NONE', #3486, #1956 ) ;
#5555 = FACE_OUTER_BOUND ( 'NONE', #4074, .T. ) ;
#5556 = CARTESIAN_POINT ( 'NONE',  ( -0.8240797335585936523, 1.733748324209208658, 8.900000000000007461 ) ) ;
#5557 = CARTESIAN_POINT ( 'NONE',  ( 0.8922005383792551703, -1.545336663013182177, -0.9541666666666639429 ) ) ;
#5558 = EDGE_CURVE ( 'NONE', #2447, #4167, #3622, .T. ) ;
#5559 = ADVANCED_FACE ( 'NONE', ( #5883 ), #3817, .T. ) ;
#5560 = CARTESIAN_POINT ( 'NONE',  ( -1.338300807568872708, -0.7726683315065896451, 20.49583333333333712 ) ) ;
#5561 = CARTESIAN_POINT ( 'NONE',  ( 2.353151076758506655, -8.298345537711768183E-15, 12.05937500000000817 ) ) ;
#5562 = AXIS2_PLACEMENT_3D ( 'NONE', #1808, #2279, #4226 ) ;
#5563 = B_SPLINE_CURVE_WITH_KNOTS ( 'NONE', 3,
 ( #1375, #3912, #4945, #3473, #5013, #2308 ),
 .UNSPECIFIED., .F., .F.,
 ( 4, 2, 4 ),
 ( 1.160609111738502295E-14, 0.0002683679863537968575, 0.0005367359726959875475 ),
 .UNSPECIFIED. ) ;
#5564 = CARTESIAN_POINT ( 'NONE',  ( -1.784401076758511673, -5.061237626193379127E-15, -7.487499999999996270 ) ) ;
#5565 = CARTESIAN_POINT ( 'NONE',  ( 1.784401076758511895, -5.396491074423735588E-15, -5.824999999999998401 ) ) ;
#5566 = EDGE_CURVE ( 'NONE', #4896, #4842, #3837, .T. ) ;
#5567 = CONICAL_SURFACE ( 'NONE', #886, 1.999999999999998668, 1.047197551196601406 ) ;
#5568 = CARTESIAN_POINT ( 'NONE',  ( -3.000000000000000000, -1.437602170282236802, 19.77675886009237871 ) ) ;
#5569 = CARTESIAN_POINT ( 'NONE',  ( 1.338300807568883366, -0.7726683315065943081, -3.695833333333330639 ) ) ;
#5570 = CARTESIAN_POINT ( 'NONE',  ( 0.000000000000000000, 2.000000000000000444, -9.500000000000000000 ) ) ;
#5571 = CARTESIAN_POINT ( 'NONE',  ( 3.000000000000000000, 6.099181215560807940E-14, 19.96535898384949093 ) ) ;
#5572 = CARTESIAN_POINT ( 'NONE',  ( 1.176575538379254660, 2.037888611415564100, 8.719791666666669272 ) ) ;
#5573 = ORIENTED_EDGE ( 'NONE', *, *, #1049, .F. ) ;
#5574 = EDGE_CURVE ( 'NONE', #5397, #5509, #5452, .T. ) ;
#5575 = VECTOR ( 'NONE', #5631, 1000.000000000000000 ) ;
#5576 = CARTESIAN_POINT ( 'NONE',  ( 0.000000000000000000, 5.246303815928974609E-16, -9.500000000000000000 ) ) ;
#5577 = EDGE_LOOP ( 'NONE', ( #2062, #1228, #2413, #2257 ) ) ;
#5578 = CARTESIAN_POINT ( 'NONE',  ( -1.176575538379255104, 2.037888611415570761, -8.676041666666666430 ) ) ;
#5579 = EDGE_LOOP ( 'NONE', ( #3952, #5137, #4142, #3878, #6397, #3558 ) ) ;
#5580 = CARTESIAN_POINT ( 'NONE',  ( -0.8922005383792488420, -1.545336663013171519, 15.04166666666666963 ) ) ;
#5581 = CARTESIAN_POINT ( 'NONE',  ( -2.309401076758508697, -7.724668665772411967E-15, 13.17500000000000071 ) ) ;
#5582 = CARTESIAN_POINT ( 'NONE',  ( -1.338300807568872708, -0.7726683315065896451, 16.99583333333333712 ) ) ;
#5583 = CARTESIAN_POINT ( 'NONE',  ( 2.449293598294706414E-16, -1.999999999999999556, -9.500000000000000000 ) ) ;
#5584 = CARTESIAN_POINT ( 'NONE',  ( -1.784401076758496796, -7.756815644250031206E-15, 15.62500000000000355 ) ) ;
#5585 = ORIENTED_EDGE ( 'NONE', *, *, #444, .T. ) ;
#5586 = CARTESIAN_POINT ( 'NONE',  ( -0.8922005383792488420, -1.545336663013171519, 17.75416666666673393 ) ) ;
#5587 = CARTESIAN_POINT ( 'NONE',  ( 0.000000000000000000, 5.246303815928974609E-16, -9.500000000000000000 ) ) ;
#5588 = CARTESIAN_POINT ( 'NONE',  ( 1.732050807568960460, -1.000000000000057065, 16.87916666666672683 ) ) ;
#5589 =( BOUNDED_CURVE ( )  B_SPLINE_CURVE ( 2, ( #1739, #4220, #3740, #2305, #3206, #2703, #4750 ),
 .UNSPECIFIED., .F., .T. ) 
 B_SPLINE_CURVE_WITH_KNOTS ( ( 3, 2, 2, 3 ),
 ( 0.05798723808008503927, 0.06007744015154883876, 0.06216764222301265214, 0.06425784429447645163 ),
 .UNSPECIFIED. ) 
 CURVE ( )  GEOMETRIC_REPRESENTATION_ITEM ( )  RATIONAL_B_SPLINE_CURVE ( ( 1.000000000000000000, 0.8660254037844388186, 1.000000000000000000, 0.8660254037844388186, 1.000000000000000000, 0.8660254037858621246, 0.9999999999985766941 ) ) 
 REPRESENTATION_ITEM ( '' )  );
#5590 = DIRECTION ( 'NONE',  ( 0.000000000000000000, 1.000000000000000000, 1.059903591714612839E-16 ) ) ;
#5591 = LINE ( 'NONE', #1547, #3862 ) ;
#5592 = CARTESIAN_POINT ( 'NONE',  ( -0.8922005383792672717, 1.545336663013189504, 15.50833333333335595 ) ) ;
#5593 = CARTESIAN_POINT ( 'NONE',  ( 1.338300807568884254, 0.7726683315065827617, -0.7791666666666641206 ) ) ;
#5594 = AXIS2_PLACEMENT_3D ( 'NONE', #3856, #3826, #6096 ) ;
#5595 = CARTESIAN_POINT ( 'NONE',  ( -1.154700538379252572, -2.000000000000007550, 14.60416666666666963 ) ) ;
#5596 = CARTESIAN_POINT ( 'NONE',  ( 3.784983195928246554E-16, 1.545336663013156420, 19.56250000000000711 ) ) ;
#5597 = CARTESIAN_POINT ( 'NONE',  ( -1.176575538379253105, 2.037888611415564544, 11.59270833333333961 ) ) ;
#5598 = CLOSED_SHELL ( 'NONE', ( #1616, #5360, #3411, #436, #3242, #367, #3524, #516, #1810, #3325, #3208, #630, #1239, #5163, #5001, #4553, #5437, #1404, #2106, #2951, #1817, #33, #4097, #2047, #2999, #5696, #796, #5081, #1201, #1039, #362, #3807, #5865, #5559, #5269, #1730, #38, #2043, #6259, #6137, #4995, #4955, #74, #1327, #4196, #641, #485, #3492, #3767, #5896, #997, #6182, #565, #1412, #275, #5861, #4146, #2341, #5690, #649, #4550, #5279, #830, #3688, #682, #3892, #6338, #1021, #4270, #2547, #6157, #352, #4278, #5772, #2307, #2583, #3993, #5479, #1367, #3289, #3316, #235, #6374, #5317, #5764, #5071, #2864, #6554, #2904, #4914, #6591, #6562, #1125 ) ) ;
#5599 = ORIENTED_EDGE ( 'NONE', *, *, #3613, .F. ) ;
#5600 = CARTESIAN_POINT ( 'NONE',  ( -0.8922005383792563915, -1.545336663013181955, -5.270833333333331261 ) ) ;
#5601 = CARTESIAN_POINT ( 'NONE',  ( 1.338300807568883588, -0.7726683315065944191, -3.783333333333331439 ) ) ;
#5602 = AXIS2_PLACEMENT_3D ( 'NONE', #4158, #6196, #4623 ) ;
#5603 = CARTESIAN_POINT ( 'NONE',  ( -2.449293598294711345E-16, -2.000000000000008882, -4.949999999999997513 ) ) ;
#5604 = CARTESIAN_POINT ( 'NONE',  ( -1.892491597964139794E-16, -1.545336663013182399, -5.212499999999996803 ) ) ;
#5605 = CARTESIAN_POINT ( 'NONE',  ( 1.924551836570303598, 2.352961094224498506, 0.03492860593104682443 ) ) ;
#5606 = DIRECTION ( 'NONE',  ( 1.000000000000000000, 0.000000000000000000, 0.000000000000000000 ) ) ;
#5607 = CARTESIAN_POINT ( 'NONE',  ( 1.176575538379254660, 2.037888611415564100, 19.87604166666667638 ) ) ;
#5608 = CARTESIAN_POINT ( 'NONE',  ( -1.764863307568879991, 1.018944305707778719, 10.29479166666666856 ) ) ;
#5609 = VERTEX_POINT ( 'NONE', #5443 ) ;
#5610 = EDGE_CURVE ( 'NONE', #2661, #1935, #1612, .T. ) ;
#5611 = CARTESIAN_POINT ( 'NONE',  ( 0.8922005383792566136, 1.545336663013171741, -7.020833333333330373 ) ) ;
#5612 = ORIENTED_EDGE ( 'NONE', *, *, #1600, .F. ) ;
#5613 = CARTESIAN_POINT ( 'NONE',  ( -1.764863307568883100, 1.018944305707782716, -10.01770833333333499 ) ) ;
#5614 = ORIENTED_EDGE ( 'NONE', *, *, #3854, .F. ) ;
#5615 = CARTESIAN_POINT ( 'NONE',  ( 1.338300807568873152, 0.7726683315065731028, 13.23333333333333606 ) ) ;
#5616 = CARTESIAN_POINT ( 'NONE',  ( -2.309401076758789362, -7.724668665772394612E-15, 10.28750000000014531 ) ) ;
#5617 = CARTESIAN_POINT ( 'NONE',  ( 0.8922005383792491751, 1.545336663013155754, 16.70416666666667282 ) ) ;
#5618 = CARTESIAN_POINT ( 'NONE',  ( -1.583410037439608731, 0.2961597080441166763, -1.174538957229608549 ) ) ;
#5619 = CARTESIAN_POINT ( 'NONE',  ( -1.784401076758496796, -7.756815644250031206E-15, 13.52500000000000391 ) ) ;
#5620 = EDGE_LOOP ( 'NONE', ( #1599, #3135, #4979, #1595 ) ) ;
#5621 = CARTESIAN_POINT ( 'NONE',  ( 0.000000000000000000, -3.336265517980108137E-16, -1.402499999999995861 ) ) ;
#5622 = CARTESIAN_POINT ( 'NONE',  ( -1.338300807568872708, -0.7726683315065896451, 14.89583333333340320 ) ) ;
#5623 = DIRECTION ( 'NONE',  ( 0.000000000000000000, 1.000000000000000000, 0.000000000000000000 ) ) ;
#5624 = DIRECTION ( 'NONE',  ( -0.000000000000000000, 1.059903591714612962E-16, -1.000000000000000000 ) ) ;
#5625 = B_SPLINE_CURVE_WITH_KNOTS ( 'NONE', 3,
 ( #1868, #5507, #2965, #939, #4378, #2833 ),
 .UNSPECIFIED., .F., .F.,
 ( 4, 2, 4 ),
 ( 6.402633816862879865E-17, 0.0002683679863482049763, 0.0005367359726963459848 ),
 .UNSPECIFIED. ) ;
#5626 = CARTESIAN_POINT ( 'NONE',  ( -1.914937112406180253, 0.3197891426205178300, -9.217686907117196071 ) ) ;
#5627 =( BOUNDED_CURVE ( )  B_SPLINE_CURVE ( 2, ( #3566, #5038, #6041, #5505, #3972, #1464, #3530 ),
 .UNSPECIFIED., .F., .F. ) 
 B_SPLINE_CURVE_WITH_KNOTS ( ( 3, 2, 2, 3 ),
 ( 0.1188698022411083383, 0.1307745641458702146, 0.1426793260506320771, 0.1545840879553940506 ),
 .UNSPECIFIED. ) 
 CURVE ( )  GEOMETRIC_REPRESENTATION_ITEM ( )  RATIONAL_B_SPLINE_CURVE ( ( 0.9999999999998810951, 0.8660254037845576125, 1.000000000000000000, 0.8660254037844387076, 1.000000000000000000, 0.8660254037843196917, 1.000000000000119016 ) ) 
 REPRESENTATION_ITEM ( '' )  );
#5628 = CARTESIAN_POINT ( 'NONE',  ( 1.338300807568901796, 0.7726683315065896451, 16.73333333333335560 ) ) ;
#5629 = CARTESIAN_POINT ( 'NONE',  ( -1.338300807568883588, 0.7726683315065839830, -1.245833333333329795 ) ) ;
#5630 = CARTESIAN_POINT ( 'NONE',  ( 1.154700538389346054, -1.999999999982520205, 11.92083333333436101 ) ) ;
#5631 = DIRECTION ( 'NONE',  ( -0.000000000000000000, 1.059903591714612962E-16, -1.000000000000000000 ) ) ;
#5632 = ORIENTED_EDGE ( 'NONE', *, *, #4835, .T. ) ;
#5633 = CARTESIAN_POINT ( 'NONE',  ( 0.8922005383792552813, -1.545336663013182843, -7.254166666666663765 ) ) ;
#5634 = CARTESIAN_POINT ( 'NONE',  ( 0.000000000000000000, 1.545336663013172629, -2.149999999999997247 ) ) ;
#5635 = DIRECTION ( 'NONE',  ( 0.000000000000000000, 1.000000000000000000, 0.000000000000000000 ) ) ;
#5636 = CARTESIAN_POINT ( 'NONE',  ( 0.8922005383792552813, -1.545336663013182621, -2.354166666666663410 ) ) ;
#5637 = CARTESIAN_POINT ( 'NONE',  ( 1.784401076758511895, -5.610804264274522886E-15, -9.324999999999997513 ) ) ;
#5638 = APPROVAL_ROLE ( '' ) ;
#5639 = CARTESIAN_POINT ( 'NONE',  ( 0.000000000000000000, 2.000000000000000444, -9.500000000000000000 ) ) ;
#5640 = CARTESIAN_POINT ( 'NONE',  ( -2.353151076758506655, -7.721989750899276899E-15, 9.653125000000002842 ) ) ;
#5641 = VERTEX_POINT ( 'NONE', #4383 ) ;
#5642 = CARTESIAN_POINT ( 'NONE',  ( 1.338300807568884254, 0.7726683315065824287, -5.679166666666663588 ) ) ;
#5643 = ORIENTED_EDGE ( 'NONE', *, *, #1822, .F. ) ;
#5644 = CARTESIAN_POINT ( 'NONE',  ( 2.353151076758510651, -5.389793787240897918E-15, -4.009375000000000355 ) ) ;
#5645 = ORIENTED_EDGE ( 'NONE', *, *, #5566, .F. ) ;
#5646 = EDGE_CURVE ( 'NONE', #2119, #3639, #4428, .T. ) ;
#5647 = CARTESIAN_POINT ( 'NONE',  ( 0.8922005383792477318, -1.545336663013172407, 16.55833333333333712 ) ) ;
#5648 = CARTESIAN_POINT ( 'NONE',  ( -4.820656402363605614E-14, -2.000000000000001776, 12.56250000000000000 ) ) ;
#5649 = EDGE_CURVE ( 'NONE', #1131, #4680, #363, .T. ) ;
#5650 = CARTESIAN_POINT ( 'NONE',  ( -1.892491597964123277E-16, -1.545336663013171963, 15.71250000000000391 ) ) ;
#5651 = CARTESIAN_POINT ( 'NONE',  ( -0.8922005383792488420, -1.545336663013171519, 8.654166666666672114 ) ) ;
#5652 = CARTESIAN_POINT ( 'NONE',  ( -1.338300807568872708, 0.7726683315065744351, 11.36666666666667069 ) ) ;
#5653 = VERTEX_POINT ( 'NONE', #3375 ) ;
#5654 = CARTESIAN_POINT ( 'NONE',  ( -1.154700538379255237, -2.000000000000012434, 12.59166666666666856 ) ) ;
#5655 = CARTESIAN_POINT ( 'NONE',  ( -1.338300807568872486, 0.7726683315065743241, 17.57916666666673677 ) ) ;
#5656 = CARTESIAN_POINT ( 'NONE',  ( -1.154700538378662822, 2.000000000001022293, -3.841666666666726293 ) ) ;
#5657 = B_SPLINE_CURVE_WITH_KNOTS ( 'NONE', 3,
 ( #2615, #2679, #1057, #3552, #529, #64, #97, #5121, #5626, #5151, #657, #1122, #2549, #2147, #6228, #2042 ),
 .UNSPECIFIED., .F., .F.,
 ( 4, 2, 2, 2, 2, 2, 2, 4 ),
 ( 0.004517657551432109619, 0.005648517002992096622, 0.006213946728772090124, 0.006779376454552083625, 0.007344806180332077127, 0.007910235906112070628, 0.008475665631892063262, 0.009041095357672057631 ),
 .UNSPECIFIED. ) ;
#5658 = CARTESIAN_POINT ( 'NONE',  ( 3.000000000000000444, 0.9677611852331908793, 19.88246237372830194 ) ) ;
#5659 = EDGE_CURVE ( 'NONE', #5712, #1570, #4112, .T. ) ;
#5660 = CARTESIAN_POINT ( 'NONE',  ( -0.1787884599640495176, -3.360878049649516530, 0.2451974385763413256 ) ) ;
#5661 = CARTESIAN_POINT ( 'NONE',  ( 0.8922005383792682709, 1.545336663013189282, 17.49166666666668490 ) ) ;
#5662 = EDGE_CURVE ( 'NONE', #185, #4965, #5342, .T. ) ;
#5663 = CARTESIAN_POINT ( 'NONE',  ( 2.353151076758510651, -5.392472702114033774E-15, -4.053124999999996980 ) ) ;
#5664 = DIRECTION ( 'NONE',  ( -0.000000000000000000, 1.059903591714612962E-16, -1.000000000000000000 ) ) ;
#5665 = CARTESIAN_POINT ( 'NONE',  ( -1.338300807568872486, 0.7726683315065743241, 16.17916666666667425 ) ) ;
#5666 = ORIENTED_EDGE ( 'NONE', *, *, #1652, .T. ) ;
#5667 = CARTESIAN_POINT ( 'NONE',  ( -1.338300807568884032, -0.7726683315065931978, -2.529166666666664121 ) ) ;
#5668 = CARTESIAN_POINT ( 'NONE',  ( 1.338300807568883588, -0.7726683315065944191, -4.483333333333331616 ) ) ;
#5669 = CARTESIAN_POINT ( 'NONE',  ( 0.4373871165328312993, -2.000000000000397460, -1.427904012671358913 ) ) ;
#5670 = CARTESIAN_POINT ( 'NONE',  ( -0.8922005383792563915, -1.545336663013181955, -4.570833333333330195 ) ) ;
#5671 = CARTESIAN_POINT ( 'NONE',  ( 1.154700538379245467, -2.000000000000027534, 14.10833333333333250 ) ) ;
#5672 = CALENDAR_DATE ( 2026, 8, 1 ) ;
#5673 = CARTESIAN_POINT ( 'NONE',  ( 1.764863307568879547, -1.018944305707794928, 21.10104166666667425 ) ) ;
#5674 = CARTESIAN_POINT ( 'NONE',  ( -1.176575538379253105, 2.037888611415564544, 8.836458333333338189 ) ) ;
#5675 = EDGE_LOOP ( 'NONE', ( #5964, #675, #3394, #5448 ) ) ;
#5676 = CARTESIAN_POINT ( 'NONE',  ( 0.8922005383792566136, 1.545336663013171519, -9.120833333333330017 ) ) ;
#5677 = EDGE_LOOP ( 'NONE', ( #11, #3163, #4834, #3881 ) ) ;
#5678 = CARTESIAN_POINT ( 'NONE',  ( 0.000000000000000000, 2.037888611415571205, -3.834375000000000977 ) ) ;
#5679 = AXIS2_PLACEMENT_3D ( 'NONE', #5416, #3418, #1881 ) ;
#5680 = EDGE_LOOP ( 'NONE', ( #1521, #2694, #535, #1628 ) ) ;
#5681 = CARTESIAN_POINT ( 'NONE',  ( 1.338300807568873152, 0.7726683315065731028, 13.93333333333333535 ) ) ;
#5682 = CARTESIAN_POINT ( 'NONE',  ( -1.732050807568880746, 0.9999999999999972244, -7.283333333333331439 ) ) ;
#5683 = CARTESIAN_POINT ( 'NONE',  ( 1.784401076758496574, -8.193867857659506841E-15, 15.88750000000000639 ) ) ;
#5684 = CARTESIAN_POINT ( 'NONE',  ( 0.000000000000000000, 2.000000000000000444, -9.500000000000000000 ) ) ;
#5685 = CARTESIAN_POINT ( 'NONE',  ( 3.784983195928246554E-16, 1.545336663013156420, 9.762500000000006395 ) ) ;
#5686 = CARTESIAN_POINT ( 'NONE',  ( -1.338300807568872708, 0.7726683315065744351, 13.46666666666667034 ) ) ;
#5687 = VECTOR ( 'NONE', #4495, 1000.000000000000000 ) ;
#5688 = DIRECTION ( 'NONE',  ( -0.000000000000000000, 1.059903591714612962E-16, -1.000000000000000000 ) ) ;
#5689 = CARTESIAN_POINT ( 'NONE',  ( 3.784983195928246554E-16, 1.545336663013156420, 17.46250000000006963 ) ) ;
#5690 = ADVANCED_FACE ( 'NONE', ( #2373 ), #2310, .T. ) ;
#5691 = CARTESIAN_POINT ( 'NONE',  ( 0.3753767161555718879, -1.964457258626338465, 19.67000000000036763 ) ) ;
#5692 = CARTESIAN_POINT ( 'NONE',  ( 2.939999999999999503, -4.696854848891340113E-15, 0.000000000000000000 ) ) ;
#5693 = VECTOR ( 'NONE', #4015, 1000.000000000000000 ) ;
#5694 = CARTESIAN_POINT ( 'NONE',  ( -2.745000000000000551, -1.879275126212234470, 19.77675886009239647 ) ) ;
#5695 = CARTESIAN_POINT ( 'NONE',  ( 3.784983195928328398E-16, 1.545336663013189504, 14.05000000000002203 ) ) ;
#5696 = ADVANCED_FACE ( 'NONE', ( #4452 ), #389, .F. ) ;
#5697 = CARTESIAN_POINT ( 'NONE',  ( 1.764863307568882655, -1.018944305707793818, -6.911458333333330373 ) ) ;
#5698 = APPROVAL ( #2995, 'UNSPECIFIED' ) ;
#5699 = CARTESIAN_POINT ( 'NONE',  ( 0.000000000000000000, 2.000000000000000444, -9.500000000000000000 ) ) ;
#5700 = CARTESIAN_POINT ( 'NONE',  ( -0.8922005383792488420, -1.545336663013171519, 17.75416666666666998 ) ) ;
#5701 = ORIENTED_EDGE ( 'NONE', *, *, #557, .F. ) ;
#5702 = CIRCLE ( 'NONE', #694, 1.895336663013172274 ) ;
#5703 =( BOUNDED_CURVE ( )  B_SPLINE_CURVE ( 2, ( #4496, #6528, #1944, #2981, #5026, #465, #4531 ),
 .UNSPECIFIED., .F., .F. ) 
 B_SPLINE_CURVE_WITH_KNOTS ( ( 3, 2, 2, 3 ),
 ( 0.05798723808008525438, 0.06007744015154906775, 0.06216764222301288806, 0.06425784429447670143 ),
 .UNSPECIFIED. ) 
 CURVE ( )  GEOMETRIC_REPRESENTATION_ITEM ( )  RATIONAL_B_SPLINE_CURVE ( ( 1.000000000000003109, 0.8660254037844354880, 1.000000000000000000, 0.8660254037844385966, 1.000000000000000000, 0.8660254037858566845, 0.9999999999985819121 ) ) 
 REPRESENTATION_ITEM ( '' )  );
#5704 = CARTESIAN_POINT ( 'NONE',  ( 1.338300807568884698, 0.7726683315065827617, -5.066666666666664653 ) ) ;
#5705 = CARTESIAN_POINT ( 'NONE',  ( 1.338300807568883366, -0.7726683315065940860, -1.595833333333330994 ) ) ;
#5706 = CARTESIAN_POINT ( 'NONE',  ( 0.8922005383792555033, -1.545336663013183287, -8.041666666666664298 ) ) ;
#5707 = CARTESIAN_POINT ( 'NONE',  ( 1.764863307568879547, -1.018944305707794928, 17.60104166666667425 ) ) ;
#5708 = CARTESIAN_POINT ( 'NONE',  ( 1.338300807568872042, -0.7726683315065906443, 18.71666666666666856 ) ) ;
#5709 = ORIENTED_EDGE ( 'NONE', *, *, #5187, .F. ) ;
#5710 =( BOUNDED_CURVE ( )  B_SPLINE_CURVE ( 2, ( #1669, #4778, #3203, #709, #4282, #5303, #2271 ),
 .UNSPECIFIED., .F., .T. ) 
 B_SPLINE_CURVE_WITH_KNOTS ( ( 3, 2, 2, 3 ),
 ( 0.1666666666666667684, 0.1759259259259260133, 0.1851851851851852582, 0.1944444444444445030 ),
 .UNSPECIFIED. ) 
 CURVE ( )  GEOMETRIC_REPRESENTATION_ITEM ( )  RATIONAL_B_SPLINE_CURVE ( ( 0.9999999999999984457, 0.8660254037844402619, 1.000000000000000000, 0.8660254037844387076, 1.000000000000000000, 0.8660254037844379305, 1.000000000000000888 ) ) 
 REPRESENTATION_ITEM ( '' )  );
#5711 = CARTESIAN_POINT ( 'NONE',  ( -0.8922005383792565025, -1.545336663013182177, -3.258333333333330639 ) ) ;
#5712 = VERTEX_POINT ( 'NONE', #4520 ) ;
#5713 = CARTESIAN_POINT ( 'NONE',  ( 1.764863307568883988, 1.018944305707781384, -6.051041666666668206 ) ) ;
#5714 = ORIENTED_EDGE ( 'NONE', *, *, #5399, .F. ) ;
#5715 = CARTESIAN_POINT ( 'NONE',  ( 1.654483845063176473, 1.470369623188217045E-11, 19.32448384506318106 ) ) ;
#5716 = FACE_OUTER_BOUND ( 'NONE', #6295, .T. ) ;
#5717 = DIRECTION ( 'NONE',  ( -0.000000000000000000, 1.059903591714612962E-16, -1.000000000000000000 ) ) ;
#5718 = CARTESIAN_POINT ( 'NONE',  ( -1.892491597964123277E-16, -1.545336663013171963, 11.51250000000000639 ) ) ;
#5719 = CARTESIAN_POINT ( 'NONE',  ( -1.280769466665098166, 1.052196814964708294, -1.201513087128536217 ) ) ;
#5720 = CARTESIAN_POINT ( 'NONE',  ( 1.176575538379252661, -2.037888611415580975, 19.68645833333333783 ) ) ;
#5721 = CARTESIAN_POINT ( 'NONE',  ( 0.8922005383792492861, 1.545336663013156198, 12.59166666666667034 ) ) ;
#5722 = CARTESIAN_POINT ( 'NONE',  ( 0.000000000000000000, 1.999999999999997335, -3.112499999999997602 ) ) ;
#5723 = FACE_OUTER_BOUND ( 'NONE', #2590, .T. ) ;
#5724 = CARTESIAN_POINT ( 'NONE',  ( 0.8922005383792477318, -1.545336663013172407, 12.27083333333340498 ) ) ;
#5725 = CARTESIAN_POINT ( 'NONE',  ( 3.000000000000000000, 1.437602170282164860, 0.2232411399076062730 ) ) ;
#5726 = DIRECTION ( 'NONE',  ( 0.8660254037844397068, -1.060575238724908147E-16, 0.4999999999999979461 ) ) ;
#5727 = CARTESIAN_POINT ( 'NONE',  ( -0.08916101814857622931, -3.385278088006625996, 0.2570750093462742525 ) ) ;
#5728 = CARTESIAN_POINT ( 'NONE',  ( -1.176575538379254215, -2.037888611415580087, 9.726041666666672469 ) ) ;
#5729 = CARTESIAN_POINT ( 'NONE',  ( -1.338300807568901352, -0.7726683315066062985, 17.08333333333335702 ) ) ;
#5730 = CARTESIAN_POINT ( 'NONE',  ( 1.764863307568883988, 1.018944305707781606, -3.294791666666663676 ) ) ;
#5731 = CARTESIAN_POINT ( 'NONE',  ( -1.736239340150871557, -0.8637997003366915116, 8.899999999999995026 ) ) ;
#5732 = EDGE_CURVE ( 'NONE', #6080, #4545, #4991, .T. ) ;
#5733 = CARTESIAN_POINT ( 'NONE',  ( -0.8922005383792488420, -1.545336663013171519, 14.95416666666667282 ) ) ;
#5734 = ORIENTED_EDGE ( 'NONE', *, *, #201, .F. ) ;
#5735 = CARTESIAN_POINT ( 'NONE',  ( 1.784401076758511895, -5.353628436453578444E-15, -5.124999999999997335 ) ) ;
#5736 = CARTESIAN_POINT ( 'NONE',  ( -2.449293598294699019E-16, -2.000000000000002665, 11.16250000000000142 ) ) ;
#5737 = DIRECTION ( 'NONE',  ( -0.000000000000000000, 1.059903591714612962E-16, -1.000000000000000000 ) ) ;
#5738 = CARTESIAN_POINT ( 'NONE',  ( -1.892491597964140040E-16, -1.545336663013183065, -8.799999999999997158 ) ) ;
#5739 = CARTESIAN_POINT ( 'NONE',  ( 1.176575538379252661, -2.037888611415580975, 19.64270833333334565 ) ) ;
#5740 = CARTESIAN_POINT ( 'NONE',  ( 1.338300807568873152, 0.7726683315065731028, 19.53333333333333499 ) ) ;
#5741 = VERTEX_POINT ( 'NONE', #1536 ) ;
#5742 = CARTESIAN_POINT ( 'NONE',  ( 0.8922005383792555033, -1.545336663013183287, -5.241666666666664476 ) ) ;
#5743 = CARTESIAN_POINT ( 'NONE',  ( 1.764863307568882655, -1.018944305707794040, -6.167708333333334458 ) ) ;
#5744 = ORIENTED_EDGE ( 'NONE', *, *, #5659, .T. ) ;
#5745 = FACE_OUTER_BOUND ( 'NONE', #5577, .T. ) ;
#5746 = CARTESIAN_POINT ( 'NONE',  ( -1.732050807568876083, 0.9999999999999917843, 11.62916666666667354 ) ) ;
#5747 = CARTESIAN_POINT ( 'NONE',  ( -0.8890691560657845161, -1.323038909686961917, 19.25908756856689763 ) ) ;
#5748 = CARTESIAN_POINT ( 'NONE',  ( -1.892491597964123277E-16, -1.545336663013171963, 12.21250000000000568 ) ) ;
#5749 = CARTESIAN_POINT ( 'NONE',  ( 0.2901819214843546768, -1.558770024176035829, -9.500000000000000000 ) ) ;
#5750 = CARTESIAN_POINT ( 'NONE',  ( 2.353151076758506655, -8.298345537711768183E-15, 18.40312500000000284 ) ) ;
#5751 = CARTESIAN_POINT ( 'NONE',  ( 0.8922005383792478428, -1.545336663013172851, 9.558333333333338899 ) ) ;
#5752 = CARTESIAN_POINT ( 'NONE',  ( 0.000000000000000000, 5.246303815928974609E-16, -9.500000000000000000 ) ) ;
#5753 = CARTESIAN_POINT ( 'NONE',  ( -1.338300807568872708, -0.7726683315065896451, 12.79583333333340178 ) ) ;
#5754 = CARTESIAN_POINT ( 'NONE',  ( -1.892491597964164199E-16, -1.545336663013205047, 18.60000000000001918 ) ) ;
#5755 = CARTESIAN_POINT ( 'NONE',  ( 0.000000000000000000, 5.246303815928974609E-16, -9.500000000000000000 ) ) ;
#5756 = CARTESIAN_POINT ( 'NONE',  ( -1.338300807568872486, 0.7726683315065743241, 11.36666666666667069 ) ) ;
#5757 = CARTESIAN_POINT ( 'NONE',  ( -2.309401076758529125, -4.707620862939581702E-15, -2.237500000000010036 ) ) ;
#5758 = CARTESIAN_POINT ( 'NONE',  ( -1.764863307568879991, 1.018944305707778719, 10.95104166666667389 ) ) ;
#5759 = CARTESIAN_POINT ( 'NONE',  ( -0.8922005383792672717, 1.545336663013189504, 11.30833333333335489 ) ) ;
#5760 = CARTESIAN_POINT ( 'NONE',  ( 0.000000000000000000, 2.037888611415570761, -6.678124999999996980 ) ) ;
#5761 = CARTESIAN_POINT ( 'NONE',  ( -0.3952031848534990344, -1.497256923681155261, -9.500000000000026645 ) ) ;
#5762 = CARTESIAN_POINT ( 'NONE',  ( 3.784983195928246554E-16, 1.545336663013156420, 15.36250000000000604 ) ) ;
#5763 = VERTEX_POINT ( 'NONE', #421 ) ;
#5764 = ADVANCED_FACE ( 'NONE', ( #5543 ), #6353, .F. ) ;
#5765 = CARTESIAN_POINT ( 'NONE',  ( -1.892491597964140040E-16, -1.545336663013182621, -1.099999999999998535 ) ) ;
#5766 = CARTESIAN_POINT ( 'NONE',  ( -2.449293598294699019E-16, -2.000000000000001776, 9.062500000000003553 ) ) ;
#5767 = CARTESIAN_POINT ( 'NONE',  ( 1.154700538379263897, 1.999999999999983125, 15.74166666666666714 ) ) ;
#5768 = CARTESIAN_POINT ( 'NONE',  ( 0.000000000000000000, 1.545336663013172407, -7.749999999999998224 ) ) ;
#5769 = CARTESIAN_POINT ( 'NONE',  ( -1.764863307568880213, -1.018944305707793596, 19.46770833333334139 ) ) ;
#5770 = CARTESIAN_POINT ( 'NONE',  ( -1.338300807568872486, 0.7726683315065743241, 19.06666666666666998 ) ) ;
#5771 = ORIENTED_EDGE ( 'NONE', *, *, #3829, .T. ) ;
#5772 = ADVANCED_FACE ( 'NONE', ( #6013 ), #4450, .T. ) ;
#5773 = CARTESIAN_POINT ( 'NONE',  ( 0.8922005383792568356, 1.545336663013171963, -5.008333333333331083 ) ) ;
#5774 = EDGE_CURVE ( 'NONE', #1694, #976, #6423, .T. ) ;
#5775 = CARTESIAN_POINT ( 'NONE',  ( -2.353151076758510651, -4.706281405503013379E-15, -2.259375000000000799 ) ) ;
#5776 = ORIENTED_EDGE ( 'NONE', *, *, #4963, .F. ) ;
#5777 = CYLINDRICAL_SURFACE ( 'NONE', #2923, 2.000000000000000000 ) ;
#5778 = CARTESIAN_POINT ( 'NONE',  ( -1.154700538369155982, -2.000000000017493118, 11.80416666666769387 ) ) ;
#5779 = CARTESIAN_POINT ( 'NONE',  ( -2.872626649075819913E-11, -1.999999999999997780, -9.062500000001442402 ) ) ;
#5780 = CARTESIAN_POINT ( 'NONE',  ( -1.338300807568872486, 0.7726683315065743241, 14.07916666666667460 ) ) ;
#5781 = CARTESIAN_POINT ( 'NONE',  ( -1.764863307568879991, 1.018944305707778719, 15.89479166666667176 ) ) ;
#5782 = EDGE_CURVE ( 'NONE', #6549, #6522, #2486, .T. ) ;
#5783 = CARTESIAN_POINT ( 'NONE',  ( 1.732050807568882522, 0.9999999999999933387, 17.08333333333333570 ) ) ;
#5784 = CARTESIAN_POINT ( 'NONE',  ( 1.338300807568872042, -0.7726683315065906443, 13.72916666666673535 ) ) ;
#5785 = CARTESIAN_POINT ( 'NONE',  ( -1.784401076758534765, -7.756815644250028050E-15, 18.42500000000002558 ) ) ;
#5786 = CARTESIAN_POINT ( 'NONE',  ( 3.000000000000000444, 0.4874986842656728325, 19.94781977825756059 ) ) ;
#5787 = CARTESIAN_POINT ( 'NONE',  ( -1.338300807568872486, 0.7726683315065743241, 9.966666666666670338 ) ) ;
#5788 = AXIS2_PLACEMENT_3D ( 'NONE', #2903, #977, #2534 ) ;
#5789 = CARTESIAN_POINT ( 'NONE',  ( -1.154700538388616193, -1.999999999983831156, -2.120833333334288806 ) ) ;
#5790 = CARTESIAN_POINT ( 'NONE',  ( 0.8922005383792478428, -1.545336663013172851, 18.65833333333333499 ) ) ;
#5791 = CARTESIAN_POINT ( 'NONE',  ( -3.000000000000000000, -1.437602170282580527, 0.2232411399077076919 ) ) ;
#5792 = CARTESIAN_POINT ( 'NONE',  ( 1.338300807568900908, -0.7726683315066071867, 11.01666666666669059 ) ) ;
#5793 = CARTESIAN_POINT ( 'NONE',  ( 0.8922005383792552813, -1.545336663013182621, -2.354166666666662966 ) ) ;
#5794 = CARTESIAN_POINT ( 'NONE',  ( 2.353151076758510651, -5.478197978054348063E-15, -5.453124999999996447 ) ) ;
#5795 = CC_DESIGN_APPROVAL ( #5698, ( #163 ) ) ;
#5796 = CARTESIAN_POINT ( 'NONE',  ( 1.338300807568884698, 0.7726683315065828728, -2.966666666666664121 ) ) ;
#5797 = CARTESIAN_POINT ( 'NONE',  ( -3.000000000000001332, 1.525603676592389490, 19.75480256142365931 ) ) ;
#5798 = CARTESIAN_POINT ( 'NONE',  ( -1.338300807568872708, -0.7726683315065896451, 16.29583333333333783 ) ) ;
#5799 = ORIENTED_EDGE ( 'NONE', *, *, #5853, .F. ) ;
#5800 = CARTESIAN_POINT ( 'NONE',  ( 1.338300807568884254, 0.7726683315065824287, -7.079166666666663943 ) ) ;
#5801 =( BOUNDED_CURVE ( )  B_SPLINE_CURVE ( 2, ( #5181, #2039, #622, #22, #3685, #6225, #3079 ),
 .UNSPECIFIED., .F., .T. ) 
 B_SPLINE_CURVE_WITH_KNOTS ( ( 3, 2, 2, 3 ),
 ( 0.1144262453746000274, 0.1165163643327180171, 0.1186064832908360345, 0.1206966022489540241 ),
 .UNSPECIFIED. ) 
 CURVE ( )  GEOMETRIC_REPRESENTATION_ITEM ( )  RATIONAL_B_SPLINE_CURVE ( ( 0.9999999999999871214, 0.8660254037844515862, 1.000000000000000000, 0.8660254037844387076, 1.000000000000000000, 0.8660254037844387076, 1.000000000000000000 ) ) 
 REPRESENTATION_ITEM ( '' )  );
#5802 = CARTESIAN_POINT ( 'NONE',  ( 0.8922005383792568356, 1.545336663013171741, -9.208333333333328596 ) ) ;
#5803 = DIRECTION ( 'NONE',  ( 0.000000000000000000, 0.000000000000000000, 1.000000000000000000 ) ) ;
#5804 = CARTESIAN_POINT ( 'NONE',  ( 1.338300807568883588, -0.7726683315065946411, -7.283333333333330550 ) ) ;
#5805 = CARTESIAN_POINT ( 'NONE',  ( -2.353151076758506655, -7.721989750899276899E-15, 19.40937500000000782 ) ) ;
#5806 = CARTESIAN_POINT ( 'NONE',  ( -0.8922005383792488420, -1.545336663013171519, 19.24166666666667425 ) ) ;
#5807 = EDGE_CURVE ( 'NONE', #4615, #4612, #3980, .T. ) ;
#5808 = ORIENTED_EDGE ( 'NONE', *, *, #169, .T. ) ;
#5809 = CARTESIAN_POINT ( 'NONE',  ( -0.8922005383792565025, -1.545336663013182177, -5.358333333333331616 ) ) ;
#5810 = CARTESIAN_POINT ( 'NONE',  ( 2.353151076758510651, -5.304068511300585207E-15, -2.609375000000001332 ) ) ;
#5811 = VERTEX_POINT ( 'NONE', #6077 ) ;
#5812 = CARTESIAN_POINT ( 'NONE',  ( 0.000000000000000000, 5.246303815928974609E-16, -9.500000000000000000 ) ) ;
#5813 = DIRECTION ( 'NONE',  ( -0.000000000000000000, 1.059903591714612962E-16, -1.000000000000000000 ) ) ;
#5814 = CARTESIAN_POINT ( 'NONE',  ( 1.784401076758496574, -8.193867857659506841E-15, 12.38750000000000639 ) ) ;
#5815 = CARTESIAN_POINT ( 'NONE',  ( -1.154700538379275443, -1.999999999999978462, 14.69166666666666643 ) ) ;
#5816 = CARTESIAN_POINT ( 'NONE',  ( -2.495693764988925127E-16, -2.037888611415580531, 16.82812500000000355 ) ) ;
#5817 = EDGE_CURVE ( 'NONE', #1570, #3155, #1905, .T. ) ;
#5818 = CARTESIAN_POINT ( 'NONE',  ( 1.732050807570000961, 1.000000000000641709, -5.329166666667411789 ) ) ;
#5819 = CARTESIAN_POINT ( 'NONE',  ( 1.338300807568873152, 0.7726683315065731028, 11.74583333333340107 ) ) ;
#5820 = DIRECTION ( 'NONE',  ( 1.000000000000000000, 0.000000000000000000, 0.000000000000000000 ) ) ;
#5821 = CARTESIAN_POINT ( 'NONE',  ( -1.203696759198359167, -1.010596336990134070, -9.500000000000005329 ) ) ;
#5822 = CARTESIAN_POINT ( 'NONE',  ( 1.784401076758496574, -8.193867857659506841E-15, 9.675000000000002487 ) ) ;
#5823 = CARTESIAN_POINT ( 'NONE',  ( -0.2549999999999997824, 3.316877296494397331, -9.165151389911683211 ) ) ;
#5824 = CARTESIAN_POINT ( 'NONE',  ( 0.8922005383792492861, 1.545336663013156198, 18.89166666666667282 ) ) ;
#5825 = DIRECTION ( 'NONE',  ( 1.000000000000000000, 0.000000000000000000, 0.000000000000000000 ) ) ;
#5826 = CARTESIAN_POINT ( 'NONE',  ( -1.338300807568901352, -0.7726683315066062985, 12.88333333333335595 ) ) ;
#5827 = CARTESIAN_POINT ( 'NONE',  ( -0.8922005383792563915, -1.545336663013181733, -2.470833333333330550 ) ) ;
#5828 = CARTESIAN_POINT ( 'NONE',  ( 1.176575538379254882, -2.037888611415580975, -0.6697916666666641206 ) ) ;
#5829 = FACE_OUTER_BOUND ( 'NONE', #3669, .T. ) ;
#5830 = CARTESIAN_POINT ( 'NONE',  ( -2.744999999999999662, 1.879275126212228031, 0.2232411399076060510 ) ) ;
#5831 = CARTESIAN_POINT ( 'NONE',  ( -1.338300807568872486, 0.7726683315065743241, 11.97916666666667318 ) ) ;
#5832 = CARTESIAN_POINT ( 'NONE',  ( 1.338300807568883144, -0.7726683315065944191, -8.595833333333329662 ) ) ;
#5833 = ORIENTED_EDGE ( 'NONE', *, *, #4104, .F. ) ;
#5834 = CARTESIAN_POINT ( 'NONE',  ( -0.8922005383792565025, -1.545336663013182177, -5.358333333333331616 ) ) ;
#5835 = CYLINDRICAL_SURFACE ( 'NONE', #1741, 1.999999999999998224 ) ;
#5836 = CARTESIAN_POINT ( 'NONE',  ( -0.8922005383792558364, 1.545336663013172407, -6.291666666666663410 ) ) ;
#5837 = CARTESIAN_POINT ( 'NONE',  ( 1.764863307568880879, 1.018944305707776943, 19.11770833333333997 ) ) ;
#5838 = CARTESIAN_POINT ( 'NONE',  ( -0.8922005383792488420, -1.545336663013171519, 19.94166666666666998 ) ) ;
#5839 = ORIENTED_EDGE ( 'NONE', *, *, #2426, .F. ) ;
#5840 = CARTESIAN_POINT ( 'NONE',  ( 0.000000000000000000, 1.545336663013172185, -9.762499999999997513 ) ) ;
#5841 =( BOUNDED_CURVE ( )  B_SPLINE_CURVE ( 2, ( #6120, #4651, #1574, #5143, #1149, #3645, #4051 ),
 .UNSPECIFIED., .F., .T. ) 
 B_SPLINE_CURVE_WITH_KNOTS ( ( 3, 2, 2, 3 ),
 ( 0.1269670797970816611, 0.1290576537829327131, 0.1311482277687837650, 0.1332388017546348169 ),
 .UNSPECIFIED. ) 
 CURVE ( )  GEOMETRIC_REPRESENTATION_ITEM ( )  RATIONAL_B_SPLINE_CURVE ( ( 1.000000000001879163, 0.8660254037825595441, 1.000000000000000000, 0.8660254037844387076, 1.000000000000000000, 0.8660254037844337116, 1.000000000000005107 ) ) 
 REPRESENTATION_ITEM ( '' )  );
#5842 = CARTESIAN_POINT ( 'NONE',  ( 1.764863307568883988, 1.018944305707781606, -1.151041666666668295 ) ) ;
#5843 = VERTEX_POINT ( 'NONE', #975 ) ;
#5844 = PLANE ( 'NONE',  #65 ) ;
#5845 = CARTESIAN_POINT ( 'NONE',  ( 0.000000000000000000, 1.999999999999998668, -8.099999999999997868 ) ) ;
#5846 = CARTESIAN_POINT ( 'NONE',  ( -1.892491597964123277E-16, -1.545336663013171963, 13.61250000000000604 ) ) ;
#5847 = CARTESIAN_POINT ( 'NONE',  ( -1.154700538379238139, 2.000000000000025313, 14.45833333333333215 ) ) ;
#5848 = CARTESIAN_POINT ( 'NONE',  ( -1.176575538379253105, 2.037888611415564544, 17.93645833333333428 ) ) ;
#5849 = CARTESIAN_POINT ( 'NONE',  ( 1.732050807569999851, -1.000000000000654365, -5.445833333334079818 ) ) ;
#5850 = CARTESIAN_POINT ( 'NONE',  ( -1.338300807568872708, -0.7726683315065896451, 14.19583333333340214 ) ) ;
#5851 = CARTESIAN_POINT ( 'NONE',  ( 2.449293598294704935E-16, -1.999999999999999112, -1.402499999999996083 ) ) ;
#5852 = CARTESIAN_POINT ( 'NONE',  ( 3.000000000000000000, -1.437602170282579417, 0.2232411399077076919 ) ) ;
#5853 = EDGE_CURVE ( 'NONE', #2439, #4023, #6485, .T. ) ;
#5854 = CARTESIAN_POINT ( 'NONE',  ( 0.8922005383792477318, -1.545336663013172407, 9.558333333333338899 ) ) ;
#5855 = DIRECTION ( 'NONE',  ( 0.000000000000000000, 1.000000000000000000, 1.059903591714612839E-16 ) ) ;
#5856 = CARTESIAN_POINT ( 'NONE',  ( 1.338300807568873374, 0.7726683315065732138, 18.83333333333333570 ) ) ;
#5857 = CARTESIAN_POINT ( 'NONE',  ( -2.337662109255467691, 2.114451767084718270, 19.89411159150290231 ) ) ;
#5858 = CARTESIAN_POINT ( 'NONE',  ( -0.8922005383792672717, 1.545336663013189504, 12.00833333333335595 ) ) ;
#5859 = CARTESIAN_POINT ( 'NONE',  ( 0.000000000000000000, 1.545336663013172629, -2.762499999999996625 ) ) ;
#5860 = CARTESIAN_POINT ( 'NONE',  ( 1.176575538379256658, 2.037888611415570317, -1.136458333333329573 ) ) ;
#5861 = ADVANCED_FACE ( 'NONE', ( #5476 ), #6548, .T. ) ;
#5862 = CARTESIAN_POINT ( 'NONE',  ( -1.338300807568884032, -0.7726683315065933089, -1.916666666666663854 ) ) ;
#5863 = CARTESIAN_POINT ( 'NONE',  ( 6.000102920172667975E-13, 1.999999999999997335, 9.412499999999980105 ) ) ;
#5864 = CARTESIAN_POINT ( 'NONE',  ( -0.8922005383792488420, -1.545336663013171519, 13.55416666666667069 ) ) ;
#5865 = ADVANCED_FACE ( 'NONE', ( #4981 ), #6325, .F. ) ;
#5866 = CARTESIAN_POINT ( 'NONE',  ( -0.8922005383792563915, -1.545336663013181733, -5.270833333333331261 ) ) ;
#5867 = EDGE_LOOP ( 'NONE', ( #4101, #3539, #5948, #4665 ) ) ;
#5868 = CARTESIAN_POINT ( 'NONE',  ( -0.8922005383792559474, 1.545336663013172407, -5.591666666666664121 ) ) ;
#5869 = LINE ( 'NONE', #5934, #1211 ) ;
#5870 = CARTESIAN_POINT ( 'NONE',  ( 2.353151076758506655, -8.298345537711768183E-15, 12.75937500000000746 ) ) ;
#5871 = CARTESIAN_POINT ( 'NONE',  ( 1.338300807568872042, -0.7726683315065906443, 17.31666666666666998 ) ) ;
#5872 = EDGE_LOOP ( 'NONE', ( #2269, #3124, #1931, #3439 ) ) ;
#5873 = CARTESIAN_POINT ( 'NONE',  ( -1.338300807568883810, 0.7726683315065835389, -8.945833333333329307 ) ) ;
#5874 = CARTESIAN_POINT ( 'NONE',  ( -0.8922005383792565025, -1.545336663013182621, -9.558333333333331794 ) ) ;
#5875 = CARTESIAN_POINT ( 'NONE',  ( 1.732050807568881190, -1.000000000000011324, 16.26666666666666927 ) ) ;
#5876 = CARTESIAN_POINT ( 'NONE',  ( 0.8922005383792552813, -1.545336663013182843, -6.554166666666662699 ) ) ;
#5877 = CARTESIAN_POINT ( 'NONE',  ( -1.154700538382251507, -1.999999999994846567, 9.704166666666381502 ) ) ;
#5878 = CARTESIAN_POINT ( 'NONE',  ( -1.208192854155546225, 0.9635016498274002750, 8.463456452842725852 ) ) ;
#5879 = DIRECTION ( 'NONE',  ( -0.000000000000000000, 1.059903591714612962E-16, -1.000000000000000000 ) ) ;
#5880 = CARTESIAN_POINT ( 'NONE',  ( -1.764863307568879991, 1.018944305707778719, 16.59479166666666927 ) ) ;
#5881 = CARTESIAN_POINT ( 'NONE',  ( 1.338300807568872042, -0.7726683315065906443, 10.22916666666673535 ) ) ;
#5882 = DIRECTION ( 'NONE',  ( -0.000000000000000000, 1.059903591714612962E-16, -1.000000000000000000 ) ) ;
#5883 = FACE_OUTER_BOUND ( 'NONE', #5324, .T. ) ;
#5884 = CARTESIAN_POINT ( 'NONE',  ( 1.338300807568872042, -0.7726683315065906443, 11.71666666666667034 ) ) ;
#5885 = CARTESIAN_POINT ( 'NONE',  ( 2.309401076758504257, -5.637593413005870411E-15, -8.187499999999998224 ) ) ;
#5886 = CARTESIAN_POINT ( 'NONE',  ( 1.338300807568873374, 0.7726683315065732138, 20.23333333333333428 ) ) ;
#5887 = EDGE_CURVE ( 'NONE', #4150, #2165, #437, .T. ) ;
#5888 = DIRECTION ( 'NONE',  ( -0.000000000000000000, 1.059903591714612962E-16, -1.000000000000000000 ) ) ;
#5889 = CARTESIAN_POINT ( 'NONE',  ( 3.784983195928328398E-16, 1.545336663013189504, 11.95000000000002238 ) ) ;
#5890 = CARTESIAN_POINT ( 'NONE',  ( -0.8922005383792556144, 1.545336663013172851, -2.004166666666663765 ) ) ;
#5891 = CARTESIAN_POINT ( 'NONE',  ( -1.176575538379256214, -2.037888611415580531, -2.886458333333330462 ) ) ;
#5892 = AXIS2_PLACEMENT_3D ( 'NONE', #1278, #1744, #3178 ) ;
#5893 = CARTESIAN_POINT ( 'NONE',  ( 0.8922005383792568356, 1.545336663013172185, -2.908333333333331439 ) ) ;
#5894 = CARTESIAN_POINT ( 'NONE',  ( 2.449293598294706414E-16, -1.999999999999999556, -9.500000000000000000 ) ) ;
#5895 = CARTESIAN_POINT ( 'NONE',  ( -1.338300807568872486, 0.7726683315065743241, 14.07916666666667460 ) ) ;
#5896 = ADVANCED_FACE ( 'NONE', ( #387 ), #2969, .T. ) ;
#5897 = VECTOR ( 'NONE', #4977, 1000.000000000000000 ) ;
#5898 = CARTESIAN_POINT ( 'NONE',  ( -1.784401076758511451, -4.889787074312749761E-15, -4.687499999999996447 ) ) ;
#5899 = EDGE_LOOP ( 'NONE', ( #3109, #3662, #4642 ) ) ;
#5900 = CARTESIAN_POINT ( 'NONE',  ( 0.8922005383792555033, -1.545336663013183287, -5.941666666666664653 ) ) ;
#5901 = CARTESIAN_POINT ( 'NONE',  ( -1.818569807269773628E-11, -1.999999999999998224, -6.962500000000911626 ) ) ;
#5902 = CARTESIAN_POINT ( 'NONE',  ( -1.176575538379254215, -2.037888611415580087, 16.02604166666667140 ) ) ;
#5903 = VERTEX_POINT ( 'NONE', #5044 ) ;
#5904 = CARTESIAN_POINT ( 'NONE',  ( -0.8922005383792565025, -1.545336663013182177, -1.158333333333330550 ) ) ;
#5905 = CARTESIAN_POINT ( 'NONE',  ( -1.749419216028311963, 1.045237962919535635, -0.9192266746571988723 ) ) ;
#5906 = AXIS2_PLACEMENT_3D ( 'NONE', #5415, #4293, #1750 ) ;
#5907 = CARTESIAN_POINT ( 'NONE',  ( 0.000000000000000000, 1.999999999999999112, -2.499999999999998224 ) ) ;
#5908 = CARTESIAN_POINT ( 'NONE',  ( 0.8922005383792567246, 1.545336663013171963, -6.320833333333330195 ) ) ;
#5909 = CARTESIAN_POINT ( 'NONE',  ( -1.154700538379253016, 1.999999999999998224, -3.754166666666665098 ) ) ;
#5910 = CARTESIAN_POINT ( 'NONE',  ( -0.8922005383792488420, -1.545336663013171519, 10.05416666666667425 ) ) ;
#5911 = CARTESIAN_POINT ( 'NONE',  ( 0.000000000000000000, 2.000000000000000444, -9.500000000000000000 ) ) ;
#5912 = CARTESIAN_POINT ( 'NONE',  ( -2.353151076758506655, -7.721989750899276899E-15, 15.25312500000000249 ) ) ;
#5913 = ORIENTED_EDGE ( 'NONE', *, *, #5158, .F. ) ;
#5914 = CARTESIAN_POINT ( 'NONE',  ( -1.784401076758496352, -7.756815644250031206E-15, 9.937500000000071054 ) ) ;
#5915 = VERTEX_POINT ( 'NONE', #5980 ) ;
#5916 = CARTESIAN_POINT ( 'NONE',  ( -1.307258619792537324, -0.9028877886210513459, -9.500000000000015987 ) ) ;
#5917 = CARTESIAN_POINT ( 'NONE',  ( 3.784983195928246554E-16, 1.545336663013156420, 9.150000000000003908 ) ) ;
#5918 = CARTESIAN_POINT ( 'NONE',  ( -1.581066304732624772, -0.1132862377472020343, -1.159592867846591213 ) ) ;
#5919 = VECTOR ( 'NONE', #6236, 1000.000000000000000 ) ;
#5920 = CARTESIAN_POINT ( 'NONE',  ( 1.338300807568872264, -0.7726683315065907554, 20.11666666666667069 ) ) ;
#5921 = ORIENTED_EDGE ( 'NONE', *, *, #1420, .T. ) ;
#5922 = FACE_OUTER_BOUND ( 'NONE', #4622, .T. ) ;
#5923 = CARTESIAN_POINT ( 'NONE',  ( -1.784401076758534765, -7.756815644250028050E-15, 10.02500000000002345 ) ) ;
#5924 = CARTESIAN_POINT ( 'NONE',  ( -2.449293598294700005E-16, -1.999999999999999112, -2.762499999999993516 ) ) ;
#5925 = CARTESIAN_POINT ( 'NONE',  ( 1.764863307568882655, -1.018944305707793596, -2.711458333333330639 ) ) ;
#5926 = CARTESIAN_POINT ( 'NONE',  ( 1.338300807568884698, 0.7726683315065828728, -2.266666666666664387 ) ) ;
#5927 = CARTESIAN_POINT ( 'NONE',  ( 4.898587196589428606E-16, 1.999999999999999112, 10.11250000000000604 ) ) ;
#5928 = CARTESIAN_POINT ( 'NONE',  ( 0.8922005383792477318, -1.545336663013172407, 10.87083333333334068 ) ) ;
#5929 = CARTESIAN_POINT ( 'NONE',  ( -1.732050807568881634, 0.9999999999999950040, 15.91666666666666963 ) ) ;
#5930 = CARTESIAN_POINT ( 'NONE',  ( 1.338300807568884254, 0.7726683315065826507, -2.179166666666663588 ) ) ;
#5931 = ORIENTED_EDGE ( 'NONE', *, *, #1049, .T. ) ;
#5932 = EDGE_CURVE ( 'NONE', #1076, #5712, #908, .T. ) ;
#5933 = CARTESIAN_POINT ( 'NONE',  ( 0.8922005383792568356, 1.545336663013171963, -6.408333333333330550 ) ) ;
#5934 = CARTESIAN_POINT ( 'NONE',  ( 0.2550000000000004485, 3.316877296494397331, -9.165151389911683211 ) ) ;
#5935 = VECTOR ( 'NONE', #3941, 1000.000000000000000 ) ;
#5936 = CARTESIAN_POINT ( 'NONE',  ( -1.764863307568880213, -1.018944305707793596, 13.86770833333333997 ) ) ;
#5937 = ORIENTED_EDGE ( 'NONE', *, *, #844, .T. ) ;
#5938 = CARTESIAN_POINT ( 'NONE',  ( -1.892491597964140040E-16, -1.545336663013182621, -1.099999999999998535 ) ) ;
#5939 = CARTESIAN_POINT ( 'NONE',  ( -0.8922005383792565025, -1.545336663013182621, -8.158333333333331439 ) ) ;
#5940 = CARTESIAN_POINT ( 'NONE',  ( 0.000000000000000000, 5.246303815928974609E-16, -9.500000000000000000 ) ) ;
#5941 = CARTESIAN_POINT ( 'NONE',  ( -1.338300807568884032, -0.7726683315065935309, -8.829166666666663943 ) ) ;
#5942 = CARTESIAN_POINT ( 'NONE',  ( -2.309401076758522464, -7.724668665772413545E-15, 9.587500000000016342 ) ) ;
#5943 = CARTESIAN_POINT ( 'NONE',  ( 0.04304026672369493101, -1.544737174244490863, 19.21533666301299448 ) ) ;
#5944 = CARTESIAN_POINT ( 'NONE',  ( 4.991387529977850254E-16, 2.037888611415564544, 15.07812500000000355 ) ) ;
#5945 = ORIENTED_EDGE ( 'NONE', *, *, #3360, .T. ) ;
#5946 = CARTESIAN_POINT ( 'NONE',  ( -0.8922005383792480648, 1.545336663013156642, 10.52083333333340143 ) ) ;
#5947 = CARTESIAN_POINT ( 'NONE',  ( 2.745000000000000107, 1.879275126212228697, -9.165151389911683211 ) ) ;
#5948 = ORIENTED_EDGE ( 'NONE', *, *, #5807, .T. ) ;
#5949 = CARTESIAN_POINT ( 'NONE',  ( -8.969070611497017880E-12, -2.000000000000001776, 9.762499999999548095 ) ) ;
#5950 = CARTESIAN_POINT ( 'NONE',  ( -1.892491597964123277E-16, -1.545336663013171963, 19.21250000000000568 ) ) ;
#5951 = CARTESIAN_POINT ( 'NONE',  ( 0.000000000000000000, 5.246303815928974609E-16, -9.500000000000000000 ) ) ;
#5952 = CARTESIAN_POINT ( 'NONE',  ( 0.8922005383792478428, -1.545336663013172851, 15.85833333333333606 ) ) ;
#5953 = ORIENTED_EDGE ( 'NONE', *, *, #963, .T. ) ;
#5954 = CARTESIAN_POINT ( 'NONE',  ( 2.744999999989667483, -1.879275126218199254, 19.77675886009537010 ) ) ;
#5955 = CARTESIAN_POINT ( 'NONE',  ( 0.02152430836964856070, -1.545336663013172185, 19.21390728973022632 ) ) ;
#5956 = CARTESIAN_POINT ( 'NONE',  ( 0.000000000000000000, 2.037888611415571205, -2.478124999999996803 ) ) ;
#5957 = CARTESIAN_POINT ( 'NONE',  ( -1.836881621749582185E-11, 1.999999999999997335, 17.81250000000093792 ) ) ;
#5958 = CARTESIAN_POINT ( 'NONE',  ( -0.8922005383792563915, -1.545336663013181955, -9.470833333333331439 ) ) ;
#5959 = CARTESIAN_POINT ( 'NONE',  ( 0.8922005383792477318, -1.545336663013172407, 12.97083333333333854 ) ) ;
#5960 =( BOUNDED_CURVE ( )  B_SPLINE_CURVE ( 2, ( #2980, #4027, #3549, #2040, #5588, #919, #1055 ),
 .UNSPECIFIED., .F., .T. ) 
 B_SPLINE_CURVE_WITH_KNOTS ( ( 3, 2, 2, 3 ),
 ( 0.05171699747088071702, 0.05380707767394883601, 0.05589715787701693417, 0.05798723808008503927 ),
 .UNSPECIFIED. ) 
 CURVE ( )  GEOMETRIC_REPRESENTATION_ITEM ( )  RATIONAL_B_SPLINE_CURVE ( ( 0.9999999999999911182, 0.8660254037844475894, 1.000000000000000000, 0.8660254037844387076, 1.000000000000000000, 0.8660254037844387076, 1.000000000000000000 ) ) 
 REPRESENTATION_ITEM ( '' )  );
#5961 = VERTEX_POINT ( 'NONE', #486 ) ;
#5962 = CARTESIAN_POINT ( 'NONE',  ( -2.540915431667391644, 1.997103406676506765, 0.1644450345687385462 ) ) ;
#5963 = CARTESIAN_POINT ( 'NONE',  ( 0.000000000000000000, 1.545336663013172407, -2.062499999999996447 ) ) ;
#5964 = ORIENTED_EDGE ( 'NONE', *, *, #4809, .F. ) ;
#5965 = CARTESIAN_POINT ( 'NONE',  ( 0.8922005383792568356, 1.545336663013171963, -5.008333333333331083 ) ) ;
#5966 = CARTESIAN_POINT ( 'NONE',  ( 1.424473665551214241, -0.6326975876173454028, 8.900000000000000355 ) ) ;
#5967 = CARTESIAN_POINT ( 'NONE',  ( 1.176575538379252661, -2.037888611415580975, 13.34270833333333961 ) ) ;
#5968 = EDGE_CURVE ( 'NONE', #2599, #4238, #4529, .T. ) ;
#5969 = CARTESIAN_POINT ( 'NONE',  ( -1.784401076758511895, -4.723694352178388954E-15, -1.974999999999997646 ) ) ;
#5970 = CARTESIAN_POINT ( 'NONE',  ( 0.8922005383792568356, 1.545336663013171963, -5.708333333333330373 ) ) ;
#5971 = CARTESIAN_POINT ( 'NONE',  ( 4.898587196589425648E-16, 1.999999999999997335, 16.50000000000000000 ) ) ;
#5972 = CARTESIAN_POINT ( 'NONE',  ( 0.000000000000000000, 1.545336663013172407, -6.262499999999997513 ) ) ;
#5973 = FACE_BOUND ( 'NONE', #1940, .T. ) ;
#5974 = CARTESIAN_POINT ( 'NONE',  ( 1.784401076758496574, -8.193867857659506841E-15, 10.28750000000000853 ) ) ;
#5975 = CARTESIAN_POINT ( 'NONE',  ( 1.011425358683847087, 1.487831556368392594, -1.284715435422519647 ) ) ;
#5976 = CARTESIAN_POINT ( 'NONE',  ( -1.176575538379254215, -2.037888611415580087, 12.56979166666667069 ) ) ;
#5977 = ORIENTED_EDGE ( 'NONE', *, *, #5649, .F. ) ;
#5978 = EDGE_CURVE ( 'NONE', #2661, #2599, #4316, .T. ) ;
#5979 = CARTESIAN_POINT ( 'NONE',  ( 2.540915431667393865, -1.997103406676513648, 0.1644450345687377413 ) ) ;
#5980 = CARTESIAN_POINT ( 'NONE',  ( -3.000000000000000000, -1.437602170282236802, 19.77675886009237871 ) ) ;
#5981 = VERTEX_POINT ( 'NONE', #2733 ) ;
#5982 = CARTESIAN_POINT ( 'NONE',  ( -2.495693764988929564E-16, -2.037888611415581419, -8.384375000000000355 ) ) ;
#5983 = EDGE_CURVE ( 'NONE', #2555, #4269, #5710, .T. ) ;
#5984 = CARTESIAN_POINT ( 'NONE',  ( 3.784983195928246554E-16, 1.545336663013156420, 20.96250000000000568 ) ) ;
#5985 = CARTESIAN_POINT ( 'NONE',  ( -1.732050807568878303, 0.9999999999999956701, -7.895833333333329485 ) ) ;
#5986 = CARTESIAN_POINT ( 'NONE',  ( 1.784401076758496796, -8.193867857659506841E-15, 15.27500000000000391 ) ) ;
#5987 = ORIENTED_EDGE ( 'NONE', *, *, #247, .T. ) ;
#5988 = DIRECTION ( 'NONE',  ( 1.000000000000000000, 0.000000000000000000, 0.000000000000000000 ) ) ;
#5989 = CARTESIAN_POINT ( 'NONE',  ( -0.8922005383792480648, 1.545336663013156642, 18.22083333333340605 ) ) ;
#5990 = CYLINDRICAL_SURFACE ( 'NONE', #1197, 2.000000000000000000 ) ;
#5991 = DIRECTION ( 'NONE',  ( 0.000000000000000000, 1.000000000000000000, 1.084202172485505174E-16 ) ) ;
#5992 = B_SPLINE_CURVE_WITH_KNOTS ( 'NONE', 3,
 ( #2135, #4218, #5747, #3400, #5433, #2334, #1273, #2861, #1898, #4906, #2831, #2365, #4377, #6440, #1803, #868 ),
 .UNSPECIFIED., .F., .F.,
 ( 4, 2, 2, 2, 2, 2, 2, 4 ),
 ( 0.000000000000000000, 0.0003855837972251854959, 0.0007711675944503709919, 0.001156751391675556271, 0.001542335188900741767, 0.002313502783351112542, 0.002699086580576296954, 0.003084670377801481365 ),
 .UNSPECIFIED. ) ;
#5993 = LINE ( 'NONE', #6592, #378 ) ;
#5994 = CARTESIAN_POINT ( 'NONE',  ( -0.8922005383792482869, 1.545336663013156420, 9.208333333333337478 ) ) ;
#5995 = CARTESIAN_POINT ( 'NONE',  ( 1.764863307568880879, 1.018944305707776943, 19.86145833333333499 ) ) ;
#5996 = CARTESIAN_POINT ( 'NONE',  ( -2.449293598294712824E-16, -2.000000000000012879, 16.15000000000000213 ) ) ;
#5997 = CARTESIAN_POINT ( 'NONE',  ( 0.000000000000000000, 1.545336663013172185, -4.862499999999997158 ) ) ;
#5998 = ORIENTED_EDGE ( 'NONE', *, *, #6505, .F. ) ;
#5999 = TOROIDAL_SURFACE ( 'NONE', #1621, 1.895336663013172052, 0.3499999999999995337 ) ;
#6000 = CARTESIAN_POINT ( 'NONE',  ( -1.338300807568884032, 0.7726683315065839830, -4.133333333333331083 ) ) ;
#6001 = AXIS2_PLACEMENT_3D ( 'NONE', #3340, #5241, #2736 ) ;
#6002 = CARTESIAN_POINT ( 'NONE',  ( 1.176575538379254660, 2.037888611415564100, 13.57604166666667389 ) ) ;
#6003 = CARTESIAN_POINT ( 'NONE',  ( 0.000000000000000000, 1.545336663013172629, -4.162499999999996980 ) ) ;
#6004 = CARTESIAN_POINT ( 'NONE',  ( -1.338300807568884032, 0.7726683315065838720, -6.933333333333330906 ) ) ;
#6005 = VECTOR ( 'NONE', #3474, 1000.000000000000000 ) ;
#6006 = CARTESIAN_POINT ( 'NONE',  ( 1.732050807568882522, 0.9999999999999933387, 16.38333333333333286 ) ) ;
#6007 = CARTESIAN_POINT ( 'NONE',  ( -1.338300807568883810, 0.7726683315065835389, -8.945833333333329307 ) ) ;
#6008 = CARTESIAN_POINT ( 'NONE',  ( 2.744999999989667483, 1.879275126218194369, 0.2232411399046296818 ) ) ;
#6009 = CARTESIAN_POINT ( 'NONE',  ( 1.788056908289336944, -0.7281515614516349544, -1.360791818369477824 ) ) ;
#6010 = CARTESIAN_POINT ( 'NONE',  ( -1.176575538379254215, -2.037888611415580087, 13.26979166666666998 ) ) ;
#6011 = ORIENTED_EDGE ( 'NONE', *, *, #844, .F. ) ;
#6012 = CARTESIAN_POINT ( 'NONE',  ( -1.892491597964123277E-16, -1.545336663013171963, 10.11250000000006999 ) ) ;
#6013 = FACE_OUTER_BOUND ( 'NONE', #5899, .T. ) ;
#6014 = VERTEX_POINT ( 'NONE', #5845 ) ;
#6015 = CARTESIAN_POINT ( 'NONE',  ( -1.154700538379253683, -2.000000000000010658, 11.10416666666667496 ) ) ;
#6016 =( BOUNDED_CURVE ( )  B_SPLINE_CURVE ( 2, ( #2437, #6481, #1900, #3943, #4876, #4479, #6512 ),
 .UNSPECIFIED., .F., .T. ) 
 B_SPLINE_CURVE_WITH_KNOTS ( ( 3, 2, 2, 3 ),
 ( 0.2617269450982511181, 0.2736317070030130916, 0.2855364689077749540, 0.2974412308125368165 ),
 .UNSPECIFIED. ) 
 CURVE ( )  GEOMETRIC_REPRESENTATION_ITEM ( )  RATIONAL_B_SPLINE_CURVE ( ( 0.9999999999998813172, 0.8660254037845573905, 1.000000000000000000, 0.8660254037844387076, 1.000000000000000000, 0.8660254037843200248, 1.000000000000118794 ) ) 
 REPRESENTATION_ITEM ( '' )  );
#6017 = EDGE_CURVE ( 'NONE', #3415, #34, #216, .T. ) ;
#6018 = CARTESIAN_POINT ( 'NONE',  ( 1.338300807568873152, 0.7726683315065731028, 20.84583333333334210 ) ) ;
#6019 = CARTESIAN_POINT ( 'NONE',  ( 1.154700538379245467, -2.000000000000027534, 11.30833333333333357 ) ) ;
#6020 = CARTESIAN_POINT ( 'NONE',  ( 1.338300807568872264, -0.7726683315065907554, 14.51666666666667105 ) ) ;
#6021 = ORIENTED_EDGE ( 'NONE', *, *, #3768, .T. ) ;
#6022 = VECTOR ( 'NONE', #1987, 1000.000000000000000 ) ;
#6023 = DIRECTION ( 'NONE',  ( 0.000000000000000000, 1.000000000000000000, 1.052394146630295762E-16 ) ) ;
#6024 = CARTESIAN_POINT ( 'NONE',  ( -1.338300807568872708, -0.7726683315065896451, 19.09583333333340249 ) ) ;
#6025 = CARTESIAN_POINT ( 'NONE',  ( -1.732050807569009088, -1.000000000000080380, -2.879166666666751695 ) ) ;
#6026 = CYLINDRICAL_SURFACE ( 'NONE', #2370, 0.5100000000000000089 ) ;
#6027 = CIRCLE ( 'NONE', #4209, 1.545336663013172629 ) ;
#6028 = DIRECTION ( 'NONE',  ( -0.8660254037844383745, -0.5000000000000003331, 0.000000000000000000 ) ) ;
#6029 = DIRECTION ( 'NONE',  ( 0.000000000000000000, 1.000000000000000000, 0.000000000000000000 ) ) ;
#6030 = CARTESIAN_POINT ( 'NONE',  ( -0.8922005383792481759, 1.545336663013156420, 9.820833333333339965 ) ) ;
#6031 = CARTESIAN_POINT ( 'NONE',  ( 4.898587196589425648E-16, 1.999999999999997335, 18.51250000000000639 ) ) ;
#6032 = CARTESIAN_POINT ( 'NONE',  ( 2.353151076758510651, -5.606785891964820284E-15, -7.553124999999996980 ) ) ;
#6033 = VERTEX_POINT ( 'NONE', #2668 ) ;
#6034 = CARTESIAN_POINT ( 'NONE',  ( -1.784401076758496574, -7.756815644250031206E-15, 20.43750000000000711 ) ) ;
#6035 = CARTESIAN_POINT ( 'NONE',  ( -1.764863307568880213, -1.018944305707793596, 8.967708333333339610 ) ) ;
#6036 = CIRCLE ( 'NONE', #4643, 1.545336663013172629 ) ;
#6037 = CARTESIAN_POINT ( 'NONE',  ( 0.8922005383792567246, 1.545336663013171963, -5.620833333333330017 ) ) ;
#6038 = CARTESIAN_POINT ( 'NONE',  ( 0.8922005383792555033, -1.545336663013183287, -6.641666666666663943 ) ) ;
#6039 = LINE ( 'NONE', #75, #6022 ) ;
#6040 = CARTESIAN_POINT ( 'NONE',  ( -1.784401076758511895, -4.804061798372434684E-15, -3.287499999999996536 ) ) ;
#6041 = CARTESIAN_POINT ( 'NONE',  ( -1.732050807568880968, -1.000000000000006217, -1.566666666666664876 ) ) ;
#6042 = COORDINATED_UNIVERSAL_TIME_OFFSET ( 6, 0, .BEHIND. ) ;
#6043 = CARTESIAN_POINT ( 'NONE',  ( 0.2129238628964878477, 1.748746846537980293, -1.257438924213953646 ) ) ;
#6044 = CARTESIAN_POINT ( 'NONE',  ( -1.176575538379254215, -2.037888611415580087, 15.36979166666667140 ) ) ;
#6045 = ORIENTED_EDGE ( 'NONE', *, *, #6064, .F. ) ;
#6046 = DIRECTION ( 'NONE',  ( 1.000000000000000000, 0.000000000000000000, 0.000000000000000000 ) ) ;
#6047 = EDGE_LOOP ( 'NONE', ( #1767, #4900, #892 ) ) ;
#6048 = CARTESIAN_POINT ( 'NONE',  ( -1.892491597964123277E-16, -1.545336663013171963, 13.70000000000000462 ) ) ;
#6049 = CARTESIAN_POINT ( 'NONE',  ( 4.898587196589425648E-16, 1.999999999999997335, 13.00000000000000178 ) ) ;
#6050 = CARTESIAN_POINT ( 'NONE',  ( 0.8922005383792491751, 1.545336663013155754, 18.10416666666667140 ) ) ;
#6051 = DIRECTION ( 'NONE',  ( -0.000000000000000000, 1.059903591714612962E-16, -1.000000000000000000 ) ) ;
#6052 = CARTESIAN_POINT ( 'NONE',  ( 3.784983195928247540E-16, 1.545336663013156642, 14.05000000000000426 ) ) ;
#6053 = VERTEX_POINT ( 'NONE', #3809 ) ;
#6054 = CARTESIAN_POINT ( 'NONE',  ( 0.000000000000000000, 1.999999999999997335, -6.612499999999998934 ) ) ;
#6055 = CARTESIAN_POINT ( 'NONE',  ( 0.8922005383792491751, 1.545336663013156198, 16.70416666666673677 ) ) ;
#6056 = EDGE_CURVE ( 'NONE', #6151, #2097, #775, .T. ) ;
#6057 = CARTESIAN_POINT ( 'NONE',  ( -2.449293598294700005E-16, -2.000000000000002665, 17.46250000000000213 ) ) ;
#6058 = DIRECTION ( 'NONE',  ( -0.000000000000000000, 1.059903591714612962E-16, -1.000000000000000000 ) ) ;
#6059 =( BOUNDED_CURVE ( )  B_SPLINE_CURVE ( 2, ( #5024, #2481, #328, #851, #6458, #3012, #4026 ),
 .UNSPECIFIED., .F., .T. ) 
 B_SPLINE_CURVE_WITH_KNOTS ( ( 3, 2, 2, 3 ),
 ( 0.04544531575840977250, 0.04753587632923342299, 0.04962643690005706654, 0.05171699747088071702 ),
 .UNSPECIFIED. ) 
 CURVE ( )  GEOMETRIC_REPRESENTATION_ITEM ( )  RATIONAL_B_SPLINE_CURVE ( ( 0.9999999999998691047, 0.8660254037845696029, 1.000000000000000000, 0.8660254037844387076, 1.000000000000000000, 0.8660254037844298258, 1.000000000000008882 ) ) 
 REPRESENTATION_ITEM ( '' )  );
#6060 = CARTESIAN_POINT ( 'NONE',  ( 1.154700538379255903, 1.999999999999997113, 13.64166666666666394 ) ) ;
#6061 = CARTESIAN_POINT ( 'NONE',  ( 1.154700538379252572, 1.999999999999990674, 19.15416666666667211 ) ) ;
#6062 = B_SPLINE_CURVE_WITH_KNOTS ( 'NONE', 3,
 ( #774, #24, #250, #2699, #3168, #2041, #4093, #6127 ),
 .UNSPECIFIED., .F., .F.,
 ( 4, 2, 2, 4 ),
 ( 0.0003029783875858168738, 0.001749763421509609868, 0.002473155938471506554, 0.003196548455433403241 ),
 .UNSPECIFIED. ) ;
#6063 = CARTESIAN_POINT ( 'NONE',  ( 0.9848312624310632257, 1.406799103342645907, 8.899999999999996803 ) ) ;
#6064 = EDGE_CURVE ( 'NONE', #6410, #5114, #1112, .T. ) ;
#6065 = CARTESIAN_POINT ( 'NONE',  ( -1.176575538379255104, 2.037888611415570761, -9.419791666666663232 ) ) ;
#6066 = EDGE_CURVE ( 'NONE', #2324, #1076, #6170, .T. ) ;
#6067 = CARTESIAN_POINT ( 'NONE',  ( 3.784983195928246554E-16, 1.545336663013156420, 18.86250000000000782 ) ) ;
#6068 = CARTESIAN_POINT ( 'NONE',  ( 1.764863307568879547, -1.018944305707794928, 9.901041666666674956 ) ) ;
#6069 = CARTESIAN_POINT ( 'NONE',  ( -1.784401076758511673, -5.018374988223222771E-15, -6.787499999999996092 ) ) ;
#6070 = CARTESIAN_POINT ( 'NONE',  ( -0.8922005383792565025, -1.545336663013182177, -6.058333333333330906 ) ) ;
#6071 = CARTESIAN_POINT ( 'NONE',  ( 0.000000000000000000, 5.246303815928974609E-16, -9.500000000000000000 ) ) ;
#6072 = CARTESIAN_POINT ( 'NONE',  ( 1.784401076758511895, -5.219682692796837664E-15, -2.937499999999996447 ) ) ;
#6073 = DIRECTION ( 'NONE',  ( -0.000000000000000000, -0.000000000000000000, -1.000000000000000000 ) ) ;
#6074 = CARTESIAN_POINT ( 'NONE',  ( -2.449293598294712824E-16, -2.000000000000012879, 19.65000000000000213 ) ) ;
#6075 = CARTESIAN_POINT ( 'NONE',  ( 4.991387529977850254E-16, 2.037888611415564544, 8.778125000000002842 ) ) ;
#6076 = ORIENTED_EDGE ( 'NONE', *, *, #201, .T. ) ;
#6077 = CARTESIAN_POINT ( 'NONE',  ( -1.401258538444156709, -1.427050983124758199, -9.150000000000002132 ) ) ;
#6078 = ORIENTED_EDGE ( 'NONE', *, *, #3081, .T. ) ;
#6079 = CARTESIAN_POINT ( 'NONE',  ( 1.764863307568883988, 1.018944305707781162, -9.551041666666668206 ) ) ;
#6080 = VERTEX_POINT ( 'NONE', #6309 ) ;
#6081 = CARTESIAN_POINT ( 'NONE',  ( -0.8922005383792481759, 1.545336663013156420, 16.20833333333333925 ) ) ;
#6082 = CARTESIAN_POINT ( 'NONE',  ( 1.654483845063176473, 1.470369623188217045E-11, 19.32448384506318106 ) ) ;
#6083 = CARTESIAN_POINT ( 'NONE',  ( 1.338300807568873152, 0.7726683315065731028, 18.04583333333334139 ) ) ;
#6084 = CARTESIAN_POINT ( 'NONE',  ( 1.732050807568880302, -1.000000000000007772, -6.233333333333331616 ) ) ;
#6085 = CARTESIAN_POINT ( 'NONE',  ( -0.8922005383792489530, -1.545336663013171741, 17.14166666666666927 ) ) ;
#6086 = EDGE_LOOP ( 'NONE', ( #6576, #2888, #4420, #6159 ) ) ;
#6087 = CARTESIAN_POINT ( 'NONE',  ( -2.449293598294712824E-16, -2.000000000000012879, 11.25000000000000178 ) ) ;
#6088 = CARTESIAN_POINT ( 'NONE',  ( 1.338300807568873152, 0.7726683315065731028, 15.24583333333340285 ) ) ;
#6089 = CARTESIAN_POINT ( 'NONE',  ( -1.732050807568880968, -1.000000000000006217, -3.666666666666664742 ) ) ;
#6090 = CARTESIAN_POINT ( 'NONE',  ( -2.449293598294711345E-16, -2.000000000000008882, -4.249999999999998224 ) ) ;
#6091 = DIRECTION ( 'NONE',  ( -0.000000000000000000, 1.059903591714612962E-16, -1.000000000000000000 ) ) ;
#6092 =( BOUNDED_CURVE ( )  B_SPLINE_CURVE ( 2, ( #3814, #3243, #5783, #5275, #4783, #221, #2242 ),
 .UNSPECIFIED., .F., .F. ) 
 B_SPLINE_CURVE_WITH_KNOTS ( ( 3, 2, 2, 3 ),
 ( 0.2777777777777780122, 0.2870370370370371460, 0.2962962962962962798, 0.3055555555555554692 ),
 .UNSPECIFIED. ) 
 CURVE ( )  GEOMETRIC_REPRESENTATION_ITEM ( )  RATIONAL_B_SPLINE_CURVE ( ( 0.9999999999999967804, 0.8660254037844419273, 1.000000000000000000, 0.8660254037844387076, 1.000000000000000000, 0.8660254037844402619, 0.9999999999999984457 ) ) 
 REPRESENTATION_ITEM ( '' )  );
#6093 = CARTESIAN_POINT ( 'NONE',  ( 0.000000000000000000, 5.246303815928974609E-16, -9.500000000000000000 ) ) ;
#6094 = CARTESIAN_POINT ( 'NONE',  ( 1.784401076758534765, -8.193867857659513152E-15, 16.67500000000002203 ) ) ;
#6095 = CARTESIAN_POINT ( 'NONE',  ( -2.495693764988929564E-16, -2.037888611415581419, -8.428124999999996092 ) ) ;
#6096 = DIRECTION ( 'NONE',  ( 0.000000000000000000, 1.000000000000000000, 1.084202172485505174E-16 ) ) ;
#6097 = EDGE_CURVE ( 'NONE', #1381, #375, #1176, .T. ) ;
#6098 = CARTESIAN_POINT ( 'NONE',  ( -1.338300807568872708, -0.7726683315065896451, 18.39583333333333925 ) ) ;
#6099 = CARTESIAN_POINT ( 'NONE',  ( 1.176575538379254660, 2.037888611415564100, 11.47604166666667425 ) ) ;
#6100 = VERTEX_POINT ( 'NONE', #3676 ) ;
#6101 = VECTOR ( 'NONE', #6051, 1000.000000000000000 ) ;
#6102 = CC_DESIGN_DATE_AND_TIME_ASSIGNMENT ( #2057, #6, ( #163 ) ) ;
#6103 = CARTESIAN_POINT ( 'NONE',  ( 0.000000000000000000, 1.545336663013172407, -7.662499999999997868 ) ) ;
#6104 = CARTESIAN_POINT ( 'NONE',  ( 1.338300807568884698, 0.7726683315065827617, -3.666666666666664298 ) ) ;
#6105 = CARTESIAN_POINT ( 'NONE',  ( 4.336808689942017736E-16, 2.875204340564333716, -9.165151389911683211 ) ) ;
#6106 = CARTESIAN_POINT ( 'NONE',  ( 0.8922005383792552813, -1.545336663013182843, -4.454166666666663943 ) ) ;
#6107 = CARTESIAN_POINT ( 'NONE',  ( 2.309401076758508697, -8.290308793092364557E-15, 14.22500000000000142 ) ) ;
#6109 = EDGE_CURVE ( 'NONE', #6243, #6053, #6391, .T. ) ;
#6108 = APPROVAL_STATUS ( 'not_yet_approved' ) ;
#6110 = CARTESIAN_POINT ( 'NONE',  ( -2.353151076758506655, -7.721989750899276899E-15, 8.253125000000004263 ) ) ;
#6111 = VERTEX_POINT ( 'NONE', #2700 ) ;
#6112 = ORGANIZATION ( 'UNSPECIFIED', 'UNSPECIFIED', '' ) ;
#6113 = CARTESIAN_POINT ( 'NONE',  ( 0.000000000000000000, 1.545336663013172185, -6.262499999999997513 ) ) ;
#6114 = VERTEX_POINT ( 'NONE', #187 ) ;
#6115 = CARTESIAN_POINT ( 'NONE',  ( -1.764863307568883322, -1.018944305707792930, -9.901041666666667851 ) ) ;
#6116 = ORIENTED_EDGE ( 'NONE', *, *, #3084, .F. ) ;
#6117 = CARTESIAN_POINT ( 'NONE',  ( -1.338300807568872486, 0.7726683315065743241, 15.56666666666666998 ) ) ;
#6118 = CARTESIAN_POINT ( 'NONE',  ( -0.9752690930585369289, 1.536842326421542504, 19.47558148847260640 ) ) ;
#6119 = CARTESIAN_POINT ( 'NONE',  ( 1.784401076758496574, -8.193867857659506841E-15, 17.98750000000000782 ) ) ;
#6120 = CARTESIAN_POINT ( 'NONE',  ( -2.777269593491112569E-11, -1.999999999999999112, -2.062500000001396661 ) ) ;
#6121 = CARTESIAN_POINT ( 'NONE',  ( -0.8922005383792489530, -1.545336663013171741, 10.14166666666667105 ) ) ;
#6122 = ORIENTED_EDGE ( 'NONE', *, *, #877, .T. ) ;
#6123 = CARTESIAN_POINT ( 'NONE',  ( -1.154700538379245911, 2.000000000000011102, 12.35833333333333428 ) ) ;
#6124 = CARTESIAN_POINT ( 'NONE',  ( 0.8922005383792477318, -1.545336663013172407, 15.07083333333340391 ) ) ;
#6125 = CARTESIAN_POINT ( 'NONE',  ( 0.000000000000000000, 1.999999999999999112, -3.899999999999998579 ) ) ;
#6126 = CARTESIAN_POINT ( 'NONE',  ( 1.732050807568881190, -1.000000000000011324, 12.06666666666666821 ) ) ;
#6127 = CARTESIAN_POINT ( 'NONE',  ( -2.745000000000000551, -1.879275126212234470, 19.77675886009239647 ) ) ;
#6128 = CARTESIAN_POINT ( 'NONE',  ( -2.449293598294711345E-16, -2.000000000000008882, -5.649999999999998579 ) ) ;
#6129 = AXIS2_PLACEMENT_3D ( 'NONE', #833, #4346, #2892 ) ;
#6130 = CARTESIAN_POINT ( 'NONE',  ( -0.8922005383792672717, 1.545336663013189504, 14.10833333333335737 ) ) ;
#6131 = CARTESIAN_POINT ( 'NONE',  ( 1.764863307568882655, -1.018944305707794040, -8.311458333333330728 ) ) ;
#6132 = CARTESIAN_POINT ( 'NONE',  ( -1.401883792403855411, -1.267837639880414535, 8.900000000000003908 ) ) ;
#6133 = CARTESIAN_POINT ( 'NONE',  ( -0.8922005383792481759, 1.545336663013156420, 18.22083333333334210 ) ) ;
#6134 = ORIENTED_EDGE ( 'NONE', *, *, #2582, .F. ) ;
#6135 = VECTOR ( 'NONE', #6525, 1000.000000000000000 ) ;
#6136 = CARTESIAN_POINT ( 'NONE',  ( 0.8922005383792567246, 1.545336663013171963, -4.920833333333330728 ) ) ;
#6137 = ADVANCED_FACE ( 'NONE', ( #5716 ), #6343, .T. ) ;
#6138 =( BOUNDED_CURVE ( )  B_SPLINE_CURVE ( 2, ( #79, #6144, #3600, #1037, #482, #3095, #1070 ),
 .UNSPECIFIED., .F., .T. ) 
 B_SPLINE_CURVE_WITH_KNOTS ( ( 3, 2, 2, 3 ),
 ( 0.1111111111111112576, 0.1203703703703705025, 0.1296296296296297612, 0.1388888888888890061 ),
 .UNSPECIFIED. ) 
 CURVE ( )  GEOMETRIC_REPRESENTATION_ITEM ( )  RATIONAL_B_SPLINE_CURVE ( ( 0.9999999999999978906, 0.8660254037844410391, 1.000000000000000000, 0.8660254037844387076, 1.000000000000000000, 0.8660254037844371533, 1.000000000000001554 ) ) 
 REPRESENTATION_ITEM ( '' )  );
#6139 = CARTESIAN_POINT ( 'NONE',  ( -1.338300807568884032, 0.7726683315065840940, -3.433333333333330906 ) ) ;
#6140 = CARTESIAN_POINT ( 'NONE',  ( 1.732050807568880302, -1.000000000000007772, -4.833333333333333037 ) ) ;
#6141 = CARTESIAN_POINT ( 'NONE',  ( 0.000000000000000000, 1.545336663013172407, -4.862499999999997158 ) ) ;
#6142 = CARTESIAN_POINT ( 'NONE',  ( 0.000000000000000000, -3.614490210805188206E-16, -1.140000000000000346 ) ) ;
#6143 = DATE_TIME_ROLE ( 'creation_date' ) ;
#6144 = CARTESIAN_POINT ( 'NONE',  ( 1.154700538379266561, 1.999999999999978018, 19.24166666666666003 ) ) ;
#6145 = CARTESIAN_POINT ( 'NONE',  ( 1.764863307568879547, -1.018944305707794928, 9.244791666666669627 ) ) ;
#6146 = VERTEX_POINT ( 'NONE', #4250 ) ;
#6147 = CARTESIAN_POINT ( 'NONE',  ( -0.8922005383792563915, -1.545336663013181955, -8.770833333333330373 ) ) ;
#6148 = ORIENTED_EDGE ( 'NONE', *, *, #4474, .F. ) ;
#6149 = EDGE_CURVE ( 'NONE', #3639, #2791, #1789, .T. ) ;
#6150 = CARTESIAN_POINT ( 'NONE',  ( -2.495693764988929564E-16, -2.037888611415580975, -4.184375000000001066 ) ) ;
#6151 = VERTEX_POINT ( 'NONE', #5227 ) ;
#6152 = CARTESIAN_POINT ( 'NONE',  ( -1.338300807568872708, -0.7726683315065896451, 14.98333333333333783 ) ) ;
#6153 = CARTESIAN_POINT ( 'NONE',  ( -1.000221821435042457, -1.697373898806800563, 19.61973199030676085 ) ) ;
#6154 = CARTESIAN_POINT ( 'NONE',  ( 1.784401076758496574, -8.193867857659506841E-15, 17.28750000000000853 ) ) ;
#6155 = CARTESIAN_POINT ( 'NONE',  ( 0.000000000000000000, 1.999999999999998668, -9.500000000000000000 ) ) ;
#6156 = CARTESIAN_POINT ( 'NONE',  ( 1.764863307568880879, 1.018944305707776943, 20.56145833333333783 ) ) ;
#6157 = ADVANCED_FACE ( 'NONE', ( #5260 ), #3984, .T. ) ;
#6158 = CARTESIAN_POINT ( 'NONE',  ( -0.8922005383792489530, -1.545336663013171741, 11.54166666666667140 ) ) ;
#6159 = ORIENTED_EDGE ( 'NONE', *, *, #3153, .T. ) ;
#6160 = CARTESIAN_POINT ( 'NONE',  ( -2.309401076758501148, -4.664758224969423769E-15, -1.537499999999996314 ) ) ;
#6161 = CARTESIAN_POINT ( 'NONE',  ( -0.8922005383792480648, 1.545336663013156642, 14.72083333333340249 ) ) ;
#6162 = CARTESIAN_POINT ( 'NONE',  ( -2.449293598294699019E-16, -1.999999999999999112, -4.162499999999994316 ) ) ;
#6163 = LINE ( 'NONE', #3620, #993 ) ;
#6164 = B_SPLINE_CURVE_WITH_KNOTS ( 'NONE', 3,
 ( #1493, #2963, #5, #3061, #1002, #1035, #2465, #4510, #5101, #2930 ),
 .UNSPECIFIED., .F., .F.,
 ( 4, 2, 2, 2, 4 ),
 ( 8.062175927300538325E-17, 0.0006191458661694164466, 0.001238291732338752012, 0.001857437598508087685, 0.002476583464677423359 ),
 .UNSPECIFIED. ) ;
#6165 = PLANE ( 'NONE',  #881 ) ;
#6166 = CARTESIAN_POINT ( 'NONE',  ( -1.892491597964164199E-16, -1.545336663013205047, 14.40000000000002167 ) ) ;
#6167 = VECTOR ( 'NONE', #3827, 1000.000000000000000 ) ;
#6168 = CARTESIAN_POINT ( 'NONE',  ( -2.353151076758510651, -5.051861424137407177E-15, -7.903124999999997513 ) ) ;
#6169 = MANIFOLD_SOLID_BREP ( 'Cut-Extrude3', #5598 ) ;
#6170 = B_SPLINE_CURVE_WITH_KNOTS ( 'NONE', 3,
 ( #4712, #2237, #3737, #3270, #151, #1206, #4181, #3237 ),
 .UNSPECIFIED., .F., .F.,
 ( 4, 2, 2, 4 ),
 ( 0.0003029783875858183375, 0.001749763421509609868, 0.002473155938471505253, 0.003196548455433401506 ),
 .UNSPECIFIED. ) ;
#6171 = CARTESIAN_POINT ( 'NONE',  ( -1.154700538379251906, 1.999999999999993117, 15.07083333333333997 ) ) ;
#6172 = CARTESIAN_POINT ( 'NONE',  ( -1.338300807568872708, -0.7726683315065896451, 17.69583333333333997 ) ) ;
#6173 = ORIENTED_EDGE ( 'NONE', *, *, #561, .F. ) ;
#6174 =( BOUNDED_CURVE ( )  B_SPLINE_CURVE ( 2, ( #2644, #5654, #3110, #5147, #4087, #6123, #1543 ),
 .UNSPECIFIED., .F., .F. ) 
 B_SPLINE_CURVE_WITH_KNOTS ( ( 3, 2, 2, 3 ),
 ( 0.6388888888888888395, 0.6481481481481481399, 0.6574074074074075513, 0.6666666666666667407 ),
 .UNSPECIFIED. ) 
 CURVE ( )  GEOMETRIC_REPRESENTATION_ITEM ( )  RATIONAL_B_SPLINE_CURVE ( ( 1.000000000000000000, 0.8660254037844387076, 1.000000000000000000, 0.8660254037844387076, 1.000000000000000000, 0.8660254037844371533, 1.000000000000001554 ) ) 
 REPRESENTATION_ITEM ( '' )  );
#6175 = DIRECTION ( 'NONE',  ( -0.000000000000000000, 1.059903591714612962E-16, -1.000000000000000000 ) ) ;
#6176 = CARTESIAN_POINT ( 'NONE',  ( -1.338300807568884032, 0.7726683315065839830, -4.133333333333331083 ) ) ;
#6177 = CARTESIAN_POINT ( 'NONE',  ( -2.449293598294711345E-16, -2.000000000000008882, -1.449999999999998845 ) ) ;
#6178 = CARTESIAN_POINT ( 'NONE',  ( 1.338300807568884476, 0.7726683315065826507, -4.979166666666664298 ) ) ;
#6179 = CARTESIAN_POINT ( 'NONE',  ( 1.154700538379845653, 1.999999999998975042, -8.858333333333391124 ) ) ;
#6180 = CARTESIAN_POINT ( 'NONE',  ( 4.991387529977850254E-16, 2.037888611415564544, 20.63437500000000568 ) ) ;
#6181 = CARTESIAN_POINT ( 'NONE',  ( 1.764863307568880879, 1.018944305707776943, 10.06145833333333606 ) ) ;
#6182 = ADVANCED_FACE ( 'NONE', ( #4803 ), #5835, .T. ) ;
#6183 = ORIENTED_EDGE ( 'NONE', *, *, #3986, .T. ) ;
#6184 = CARTESIAN_POINT ( 'NONE',  ( 0.8922005383792551703, -1.545336663013182621, -7.954166666666663943 ) ) ;
#6185 = EDGE_LOOP ( 'NONE', ( #306, #4451, #651, #6444 ) ) ;
#6186 = CARTESIAN_POINT ( 'NONE',  ( -1.176575538379256214, -2.037888611415580531, -4.942708333333333925 ) ) ;
#6187 = ORIENTED_EDGE ( 'NONE', *, *, #1483, .T. ) ;
#6188 = CARTESIAN_POINT ( 'NONE',  ( -0.8922005383792481759, 1.545336663013156420, 14.10833333333333961 ) ) ;
#6189 = FACE_OUTER_BOUND ( 'NONE', #2018, .T. ) ;
#6190 = CARTESIAN_POINT ( 'NONE',  ( -1.892491597964123277E-16, -1.545336663013171963, 16.41250000000000853 ) ) ;
#6191 = CARTESIAN_POINT ( 'NONE',  ( 1.732050807568875861, -1.000000000000005551, -7.545833333333329840 ) ) ;
#6192 = CARTESIAN_POINT ( 'NONE',  ( 1.176575538379254660, 2.037888611415564100, 19.91979166666667211 ) ) ;
#6193 = EDGE_CURVE ( 'NONE', #1563, #3977, #2470, .T. ) ;
#6194 = CARTESIAN_POINT ( 'NONE',  ( 1.784401076758496796, -8.193867857659506841E-15, 11.07500000000000462 ) ) ;
#6195 = ORIENTED_EDGE ( 'NONE', *, *, #6109, .F. ) ;
#6196 = DIRECTION ( 'NONE',  ( -0.000000000000000000, 1.059903591714612962E-16, -1.000000000000000000 ) ) ;
#6197 = CARTESIAN_POINT ( 'NONE',  ( 0.8922005383792477318, -1.545336663013172407, 17.87083333333340107 ) ) ;
#6198 = CARTESIAN_POINT ( 'NONE',  ( -9.698908343125953187E-13, 1.999999999999998224, -4.512499999999948663 ) ) ;
#6199 = CARTESIAN_POINT ( 'NONE',  ( 2.309401076758502480, -5.423280223155083112E-15, -4.687499999999996447 ) ) ;
#6200 = CARTESIAN_POINT ( 'NONE',  ( -1.054769024808354327, -1.129392627192826071, 19.21533666301202103 ) ) ;
#6201 = CARTESIAN_POINT ( 'NONE',  ( -1.338300807568901352, -0.7726683315066062985, 14.28333333333335631 ) ) ;
#6202 = CARTESIAN_POINT ( 'NONE',  ( 1.176575538379254882, -2.037888611415580975, -3.469791666666663499 ) ) ;
#6203 = CARTESIAN_POINT ( 'NONE',  ( 1.732050807568876749, 0.9999999999999900080, 12.09583333333333677 ) ) ;
#6204 = CARTESIAN_POINT ( 'NONE',  ( 0.8922005383792491751, 1.545336663013155754, 16.70416666666667282 ) ) ;
#6205 = ORIENTED_EDGE ( 'NONE', *, *, #3483, .F. ) ;
#6206 = CARTESIAN_POINT ( 'NONE',  ( -0.8922005383792565025, -1.545336663013182177, -4.658333333333331439 ) ) ;
#6207 = CARTESIAN_POINT ( 'NONE',  ( 0.000000000000000000, 1.999999999999999112, -2.499999999999998224 ) ) ;
#6208 = CARTESIAN_POINT ( 'NONE',  ( -1.338300807568884032, -0.7726683315065936419, -8.216666666666663232 ) ) ;
#6209 = CARTESIAN_POINT ( 'NONE',  ( 1.176575538379252661, -2.037888611415580975, 20.34270833333334139 ) ) ;
#6210 = CARTESIAN_POINT ( 'NONE',  ( -1.764863307568880213, -1.018944305707793596, 10.41145833333333748 ) ) ;
#6211 = ORIENTED_EDGE ( 'NONE', *, *, #5354, .T. ) ;
#6212 = CARTESIAN_POINT ( 'NONE',  ( -0.8922005383792565025, -1.545336663013182177, -6.058333333333330906 ) ) ;
#6213 = ORIENTED_EDGE ( 'NONE', *, *, #596, .T. ) ;
#6214 = CARTESIAN_POINT ( 'NONE',  ( 2.353151076758510651, -5.561244339121528072E-15, -6.809375000000001066 ) ) ;
#6215 = ORIENTED_EDGE ( 'NONE', *, *, #5498, .F. ) ;
#6216 = CARTESIAN_POINT ( 'NONE',  ( 0.000000000000000000, 2.000000000000000444, -9.500000000000000000 ) ) ;
#6217 = CARTESIAN_POINT ( 'NONE',  ( 2.821211540037434684, -1.835274373056267061, 0.2451974385767691500 ) ) ;
#6218 = CARTESIAN_POINT ( 'NONE',  ( -1.784401076758496574, -7.756815644250031206E-15, 12.73750000000000604 ) ) ;
#6219 = CARTESIAN_POINT ( 'NONE',  ( -0.1373937185297987862, 1.731110306476718819, -1.247256463062019760 ) ) ;
#6220 = CARTESIAN_POINT ( 'NONE',  ( 1.784401076758496574, -8.193867857659506841E-15, 8.887500000000006395 ) ) ;
#6221 = CARTESIAN_POINT ( 'NONE',  ( 0.8922005383792478428, -1.545336663013172851, 12.35833333333333783 ) ) ;
#6222 = CARTESIAN_POINT ( 'NONE',  ( -2.309401076758502924, -7.724668665772411967E-15, 12.38750000000000639 ) ) ;
#6223 = CARTESIAN_POINT ( 'NONE',  ( 1.732050807568881190, -1.000000000000011324, 12.76666666666666750 ) ) ;
#6224 = CARTESIAN_POINT ( 'NONE',  ( -1.892491597964123277E-16, -1.545336663013171963, 12.91250000000006892 ) ) ;
#6225 = CARTESIAN_POINT ( 'NONE',  ( 1.154700538379342500, -2.000000000000166978, 13.32083333333342878 ) ) ;
#6226 = CARTESIAN_POINT ( 'NONE',  ( 1.154700538378947705, 2.000000000000521361, -4.570833333333298221 ) ) ;
#6227 = EDGE_CURVE ( 'NONE', #1139, #50, #3661, .T. ) ;
#6228 = CARTESIAN_POINT ( 'NONE',  ( -1.532486854536526000, -1.288628539466823986, -9.156825542949114549 ) ) ;
#6229 = CARTESIAN_POINT ( 'NONE',  ( -2.353151076758506655, -7.721989750899276899E-15, 11.70937500000000497 ) ) ;
#6230 = CARTESIAN_POINT ( 'NONE',  ( -1.892491597964164199E-16, -1.545336663013205047, 15.80000000000002203 ) ) ;
#6231 = CARTESIAN_POINT ( 'NONE',  ( -1.764863307568883100, 1.018944305707783382, -3.761458333333330017 ) ) ;
#6232 = CARTESIAN_POINT ( 'NONE',  ( -1.988487272439301679, -0.2142857142856407493, 8.900000000000000355 ) ) ;
#6233 = CARTESIAN_POINT ( 'NONE',  ( -0.8922005383792488420, -1.545336663013171519, 16.35416666666667496 ) ) ;
#6234 = ORIENTED_EDGE ( 'NONE', *, *, #2098, .T. ) ;
#6235 = CARTESIAN_POINT ( 'NONE',  ( -1.892491597964140040E-16, -1.545336663013182621, -1.799999999999997824 ) ) ;
#6236 = DIRECTION ( 'NONE',  ( -0.000000000000000000, 1.059903591714612962E-16, -1.000000000000000000 ) ) ;
#6237 = CARTESIAN_POINT ( 'NONE',  ( 1.338300807568884476, 0.7726683315065828728, -1.479166666666663410 ) ) ;
#6238 = CARTESIAN_POINT ( 'NONE',  ( -1.784401076758511895, -5.195183369850121484E-15, -9.674999999999997158 ) ) ;
#6239 = CARTESIAN_POINT ( 'NONE',  ( 4.991387529977850254E-16, 2.037888611415564544, 16.43437500000000639 ) ) ;
#6240 = CARTESIAN_POINT ( 'NONE',  ( 1.784401076758496574, -8.193867857659506841E-15, 20.17500000000000071 ) ) ;
#6241 = VERTEX_POINT ( 'NONE', #138 ) ;
#6242 = CARTESIAN_POINT ( 'NONE',  ( 1.784401076758511895, -5.310765798483420511E-15, -4.424999999999997158 ) ) ;
#6243 = VERTEX_POINT ( 'NONE', #4769 ) ;
#6244 = CARTESIAN_POINT ( 'NONE',  ( 2.353151076758510651, -5.475519063181213783E-15, -5.409375000000001599 ) ) ;
#6245 = ORIENTED_EDGE ( 'NONE', *, *, #4396, .T. ) ;
#6246 = CARTESIAN_POINT ( 'NONE',  ( -2.449293598294699019E-16, -2.000000000000001776, 10.46250000000000391 ) ) ;
#6247 = CARTESIAN_POINT ( 'NONE',  ( 0.000000000000000000, 2.000000000000000444, -9.500000000000000000 ) ) ;
#6248 = CARTESIAN_POINT ( 'NONE',  ( -1.419429971439116089, -1.313028997777642370, 19.59838414915117610 ) ) ;
#6249 = CARTESIAN_POINT ( 'NONE',  ( -0.8922005383792488420, -1.545336663013171519, 13.55416666666667069 ) ) ;
#6250 = CARTESIAN_POINT ( 'NONE',  ( -8.969070611497017880E-12, -2.000000000000001776, 9.762499999999548095 ) ) ;
#6251 = CARTESIAN_POINT ( 'NONE',  ( 1.176575538379252661, -2.037888611415580975, 16.18645833333333783 ) ) ;
#6252 = CARTESIAN_POINT ( 'NONE',  ( 1.338300807568872264, -0.7726683315065907554, 11.71666666666667034 ) ) ;
#6253 = CARTESIAN_POINT ( 'NONE',  ( -0.8922005383792488420, -1.545336663013171519, 14.25416666666673393 ) ) ;
#6254 = CARTESIAN_POINT ( 'NONE',  ( 0.000000000000000000, 1.999999999999998668, -9.500000000000000000 ) ) ;
#6255 = FACE_OUTER_BOUND ( 'NONE', #795, .T. ) ;
#6256 = CARTESIAN_POINT ( 'NONE',  ( -0.8922005383792481759, 1.545336663013156420, 10.60833333333333783 ) ) ;
#6257 = CARTESIAN_POINT ( 'NONE',  ( -1.988487272439301679, -0.2142857142856407771, 8.900000000000000355 ) ) ;
#6258 = CARTESIAN_POINT ( 'NONE',  ( 1.764863307568880879, 1.018944305707776943, 9.317708333333341031 ) ) ;
#6259 = ADVANCED_FACE ( 'NONE', ( #734 ), #2228, .T. ) ;
#6260 = CARTESIAN_POINT ( 'NONE',  ( 1.338300807568901796, 0.7726683315065896451, 11.13333333333335595 ) ) ;
#6261 = CARTESIAN_POINT ( 'NONE',  ( 2.353151076758510651, -5.563923253994663140E-15, -6.853124999999996803 ) ) ;
#6262 = CARTESIAN_POINT ( 'NONE',  ( -2.976317332162835783, 1.615423337259355385, 19.74292499065373008 ) ) ;
#6263 = CARTESIAN_POINT ( 'NONE',  ( -1.338300807568872486, 0.7726683315065743241, 15.47916666666667318 ) ) ;
#6264 = EDGE_CURVE ( 'NONE', #5072, #1577, #5192, .T. ) ;
#6265 = ORIENTED_EDGE ( 'NONE', *, *, #4427, .F. ) ;
#6266 = CARTESIAN_POINT ( 'NONE',  ( 1.338300807568884698, 0.7726683315065829838, -1.566666666666664209 ) ) ;
#6267 =( BOUNDED_CURVE ( )  B_SPLINE_CURVE ( 2, ( #3777, #5815, #1244, #4816, #4319, #5847, #3437 ),
 .UNSPECIFIED., .F., .T. ) 
 B_SPLINE_CURVE_WITH_KNOTS ( ( 3, 2, 2, 3 ),
 ( 0.4722222222222224874, 0.4814814814814817323, 0.4907407407407409772, 0.5000000000000002220 ),
 .UNSPECIFIED. ) 
 CURVE ( )  GEOMETRIC_REPRESENTATION_ITEM ( )  RATIONAL_B_SPLINE_CURVE ( ( 0.9999999999999960032, 0.8660254037844427044, 1.000000000000000000, 0.8660254037844387076, 1.000000000000000000, 0.8660254037844354880, 1.000000000000003109 ) ) 
 REPRESENTATION_ITEM ( '' )  );
#6268 = EDGE_CURVE ( 'NONE', #2154, #4150, #1659, .T. ) ;
#6269 = CARTESIAN_POINT ( 'NONE',  ( 1.784401076758511895, -5.567941626304364953E-15, -8.624999999999996447 ) ) ;
#6270 = CARTESIAN_POINT ( 'NONE',  ( -1.338300807568884032, -0.7726683315065931978, -1.829166666666663055 ) ) ;
#6271 = CARTESIAN_POINT ( 'NONE',  ( -2.744999999999999662, 1.879275126212228031, -9.165151389911683211 ) ) ;
#6272 = CARTESIAN_POINT ( 'NONE',  ( 1.176575538379252661, -2.037888611415580975, 17.54270833333334068 ) ) ;
#6273 = CARTESIAN_POINT ( 'NONE',  ( -2.449293598294711345E-16, -2.000000000000009326, -6.349999999999998757 ) ) ;
#6274 = ORIENTED_EDGE ( 'NONE', *, *, #4717, .T. ) ;
#6275 = CARTESIAN_POINT ( 'NONE',  ( 1.338300807568884698, 0.7726683315065826507, -5.766666666666664831 ) ) ;
#6276 = CARTESIAN_POINT ( 'NONE',  ( -2.353151076758510651, -4.920594595353800677E-15, -5.759375000000001243 ) ) ;
#6277 = ORIENTED_EDGE ( 'NONE', *, *, #1889, .F. ) ;
#6278 = DIRECTION ( 'NONE',  ( 0.000000000000000000, 1.000000000000000000, 0.000000000000000000 ) ) ;
#6279 = CARTESIAN_POINT ( 'NONE',  ( -2.449293598294712824E-16, -2.000000000000012879, 13.35000000000000142 ) ) ;
#6280 = CARTESIAN_POINT ( 'NONE',  ( 0.8922005383792477318, -1.545336663013172407, 14.37083333333333890 ) ) ;
#6281 = CARTESIAN_POINT ( 'NONE',  ( 1.176575538379254660, 2.037888611415564100, 16.41979166666666856 ) ) ;
#6282 = CARTESIAN_POINT ( 'NONE',  ( 0.8922005383792492861, 1.545336663013156198, 9.791666666666669627 ) ) ;
#6283 = CARTESIAN_POINT ( 'NONE',  ( 0.000000000000000000, 5.246303815928974609E-16, -9.500000000000000000 ) ) ;
#6284 = CARTESIAN_POINT ( 'NONE',  ( 1.338300807568872042, -0.7726683315065906443, 11.62916666666673571 ) ) ;
#6285 = DIRECTION ( 'NONE',  ( -0.000000000000000000, 1.059903591714612962E-16, -1.000000000000000000 ) ) ;
#6286 = CARTESIAN_POINT ( 'NONE',  ( 2.309401076758508697, -8.290308793092364557E-15, 9.325000000000001066 ) ) ;
#6287 = CARTESIAN_POINT ( 'NONE',  ( 1.338300807568872042, -0.7726683315065906443, 10.31666666666666998 ) ) ;
#6288 = DIRECTION ( 'NONE',  ( -0.000000000000000000, -0.000000000000000000, -1.000000000000000000 ) ) ;
#6289 = CARTESIAN_POINT ( 'NONE',  ( 3.784983195928247540E-16, 1.545336663013156642, 19.65000000000000568 ) ) ;
#6290 = CARTESIAN_POINT ( 'NONE',  ( 1.338300807568901796, 0.7726683315065896451, 11.83333333333335524 ) ) ;
#6291 = CARTESIAN_POINT ( 'NONE',  ( 0.8922005383792552813, -1.545336663013182621, -3.054166666666663588 ) ) ;
#6292 = CARTESIAN_POINT ( 'NONE',  ( -2.495693764988929564E-16, -2.037888611415580975, -4.928124999999996980 ) ) ;
#6293 = DIRECTION ( 'NONE',  ( 0.000000000000000000, 1.000000000000000000, 0.000000000000000000 ) ) ;
#6294 = CARTESIAN_POINT ( 'NONE',  ( -0.8922005383792488420, -1.545336663013171519, 15.65416666666667389 ) ) ;
#6295 = EDGE_LOOP ( 'NONE', ( #5734, #3932, #5424, #3771 ) ) ;
#6296 = CARTESIAN_POINT ( 'NONE',  ( -0.8922005383792555033, 1.545336663013171963, -8.304166666666663588 ) ) ;
#6297 = EDGE_CURVE ( 'NONE', #598, #5915, #1167, .T. ) ;
#6298 = CARTESIAN_POINT ( 'NONE',  ( 0.8922005383792568356, 1.545336663013171741, -8.508333333333331083 ) ) ;
#6299 = CARTESIAN_POINT ( 'NONE',  ( -2.449293598294712824E-16, -2.000000000000012879, 15.45000000000000107 ) ) ;
#6300 = CARTESIAN_POINT ( 'NONE',  ( 0.000000000000000000, 1.545336663013172407, -7.049999999999997158 ) ) ;
#6301 = CARTESIAN_POINT ( 'NONE',  ( 1.176575538379254660, 2.037888611415564100, 16.37604166666667638 ) ) ;
#6302 = CARTESIAN_POINT ( 'NONE',  ( -1.338300807568872486, 0.7726683315065743241, 18.36666666666667069 ) ) ;
#6303 = EDGE_LOOP ( 'NONE', ( #6517, #6586, #575, #1342 ) ) ;
#6304 = CARTESIAN_POINT ( 'NONE',  ( 0.8922005383792568356, 1.545336663013172185, -3.608333333333331172 ) ) ;
#6305 =( BOUNDED_CURVE ( )  B_SPLINE_CURVE ( 2, ( #2691, #6179, #3229, #4737, #2091, #4639, #3598 ),
 .UNSPECIFIED., .F., .F. ) 
 B_SPLINE_CURVE_WITH_KNOTS ( ( 3, 2, 2, 3 ),
 ( 0.8688698022411083244, 0.8807745641458701868, 0.8926793260506321603, 0.9045840879553940228 ),
 .UNSPECIFIED. ) 
 CURVE ( )  GEOMETRIC_REPRESENTATION_ITEM ( )  RATIONAL_B_SPLINE_CURVE ( ( 0.9999999999998813172, 0.8660254037845573905, 1.000000000000000000, 0.8660254037844387076, 1.000000000000000000, 0.8660254037843200248, 1.000000000000118794 ) ) 
 REPRESENTATION_ITEM ( '' )  );
#6306 = CARTESIAN_POINT ( 'NONE',  ( -1.892491597964140040E-16, -1.545336663013183065, -9.499999999999998224 ) ) ;
#6307 = VERTEX_POINT ( 'NONE', #1231 ) ;
#6308 = CARTESIAN_POINT ( 'NONE',  ( 0.000000000000000000, 1.999999999999998668, -9.500000000000000000 ) ) ;
#6309 = CARTESIAN_POINT ( 'NONE',  ( -2.449293598294699019E-16, -2.000000000000002665, 11.16250000000000142 ) ) ;
#6310 = CARTESIAN_POINT ( 'NONE',  ( -2.872626649075819913E-11, -1.999999999999997780, -9.062500000001442402 ) ) ;
#6311 = CARTESIAN_POINT ( 'NONE',  ( 1.784401076758496574, -8.193867857659506841E-15, 13.78750000000000675 ) ) ;
#6312 = CARTESIAN_POINT ( 'NONE',  ( -2.449293598294711345E-16, -2.000000000000009326, -7.749999999999998224 ) ) ;
#6313 = CARTESIAN_POINT ( 'NONE',  ( 1.176575538379254660, 2.037888611415564100, 18.51979166666666998 ) ) ;
#6314 = CARTESIAN_POINT ( 'NONE',  ( 0.2550000000103331277, 3.316877296488431881, 19.77675886009537010 ) ) ;
#6315 = CARTESIAN_POINT ( 'NONE',  ( 3.784983195928246554E-16, 1.545336663013156420, 11.86250000000006999 ) ) ;
#6316 = CYLINDRICAL_SURFACE ( 'NONE', #5892, 2.000000000000000000 ) ;
#6317 = CARTESIAN_POINT ( 'NONE',  ( -1.338300807568872708, -0.7726683315065896451, 10.08333333333333570 ) ) ;
#6318 = VECTOR ( 'NONE', #1929, 1000.000000000000000 ) ;
#6319 = LINE ( 'NONE', #5823, #4614 ) ;
#6320 = CARTESIAN_POINT ( 'NONE',  ( 1.338300807568873374, 0.7726683315065732138, 19.53333333333333499 ) ) ;
#6321 = CARTESIAN_POINT ( 'NONE',  ( -0.6647898579268002317, 3.080285011709180676, 19.88305305545372548 ) ) ;
#6322 = CARTESIAN_POINT ( 'NONE',  ( -1.892491597964164199E-16, -1.545336663013205047, 11.60000000000002274 ) ) ;
#6323 = CARTESIAN_POINT ( 'NONE',  ( -0.8922005383792563915, -1.545336663013181733, -3.170833333333330284 ) ) ;
#6324 = CARTESIAN_POINT ( 'NONE',  ( -1.176575538379256214, -2.037888611415580531, -4.286458333333330373 ) ) ;
#6325 = TOROIDAL_SURFACE ( 'NONE', #3871, 1.895336663013172052, 0.3499999999999995337 ) ;
#6326 = CARTESIAN_POINT ( 'NONE',  ( -1.892491597964140040E-16, -1.545336663013182621, -3.199999999999997957 ) ) ;
#6327 = CARTESIAN_POINT ( 'NONE',  ( -2.976610138295869401, 1.614620497850519421, 0.2570025121014958280 ) ) ;
#6328 = CARTESIAN_POINT ( 'NONE',  ( 0.8922005383792491751, 1.545336663013155754, 13.90416666666667389 ) ) ;
#6329 = EDGE_LOOP ( 'NONE', ( #5512, #6215, #2003, #5172 ) ) ;
#6330 = B_SPLINE_CURVE_WITH_KNOTS ( 'NONE', 3,
 ( #4021, #6553, #1971, #5918, #1638, #5618, #551, #584, #3611, #5719, #55, #2070, #1014, #4121, #2640, #5080, #6219, #3679 ),
 .UNSPECIFIED., .F., .F.,
 ( 4, 2, 2, 2, 2, 2, 2, 2, 4 ),
 ( 5.743816192234769102E-17, 0.0004075435365382602294, 0.0008150870730764629962, 0.001222630609614665763, 0.001630174146152868530, 0.002037717682691070429, 0.002445261219229273413, 0.002852804755767475529, 0.003260348292305678079 ),
 .UNSPECIFIED. ) ;
#6331 = CARTESIAN_POINT ( 'NONE',  ( -1.338300807568883588, 0.7726683315065836499, -6.145833333333330373 ) ) ;
#6332 = CARTESIAN_POINT ( 'NONE',  ( 1.338300807568884698, 0.7726683315065824287, -9.266666666666663943 ) ) ;
#6333 = CARTESIAN_POINT ( 'NONE',  ( -0.8922005383792557254, 1.545336663013172851, -2.004166666666663765 ) ) ;
#6334 = CARTESIAN_POINT ( 'NONE',  ( -0.8922005383792565025, -1.545336663013182177, -7.458333333333330373 ) ) ;
#6335 = CARTESIAN_POINT ( 'NONE',  ( 1.764863307568880879, 1.018944305707776943, 17.71770833333333783 ) ) ;
#6336 = CARTESIAN_POINT ( 'NONE',  ( 1.784401076758496574, -8.193867857659506841E-15, 18.77500000000000568 ) ) ;
#6337 = EDGE_LOOP ( 'NONE', ( #3268, #1597, #3450, #1192 ) ) ;
#6338 = ADVANCED_FACE ( 'NONE', ( #3392 ), #4470, .T. ) ;
#6339 = CARTESIAN_POINT ( 'NONE',  ( 0.000000000000000000, 1.545336663013172629, -2.849999999999997424 ) ) ;
#6340 = CARTESIAN_POINT ( 'NONE',  ( -2.353151076758510651, -4.663418767532857024E-15, -1.559375000000001732 ) ) ;
#6341 = ORIENTED_EDGE ( 'NONE', *, *, #4835, .F. ) ;
#6342 = CARTESIAN_POINT ( 'NONE',  ( -2.449293598294712824E-16, -2.000000000000012879, 9.150000000000002132 ) ) ;
#6343 = CYLINDRICAL_SURFACE ( 'NONE', #4200, 1.999999999999998224 ) ;
#6344 = CARTESIAN_POINT ( 'NONE',  ( -1.154700538379104691, -2.000000000000265565, -3.520833333333316162 ) ) ;
#6345 = CARTESIAN_POINT ( 'NONE',  ( 1.338300807568873152, 0.7726683315065731028, 11.04583333333333961 ) ) ;
#6346 = FACE_OUTER_BOUND ( 'NONE', #4016, .T. ) ;
#6347 = CARTESIAN_POINT ( 'NONE',  ( 1.764863307568879547, -1.018944305707794928, 16.24479166666666785 ) ) ;
#6348 = EDGE_CURVE ( 'NONE', #5072, #4896, #798, .T. ) ;
#6349 = CYLINDRICAL_SURFACE ( 'NONE', #5059, 2.000000000000000000 ) ;
#6350 = CARTESIAN_POINT ( 'NONE',  ( 0.8922005383792477318, -1.545336663013172407, 14.37083333333340107 ) ) ;
#6351 = CARTESIAN_POINT ( 'NONE',  ( -1.338300807568901352, -0.7726683315066062985, 19.18333333333335489 ) ) ;
#6352 = CARTESIAN_POINT ( 'NONE',  ( 1.394698401907470243E-11, 1.833581668492929362, -9.316418331507074768 ) ) ;
#6353 =( BOUNDED_SURFACE ( )  B_SPLINE_SURFACE ( 1, 2, ( 
 ( #1967, #2503, #5613, #6579, #6115, #3035, #3537, #6487, #4017, #3507, #6079, #3948, #3002, #4948, #5046, #488, #3476, #12, #1499, #910, #2409, #3573, #4548, #4579, #1907, #5578, #1008, #5513, #5075, #514, #5982, #1409, #3444, #5478, #2939, #456, #4983, #2443, #4487, #6518, #1936, #3982, #1442, #945, #2971, #184, #3100, #1598, #4247, #4178, #4679, #1043, #3606, #1108, #1142, #2201, #578, #6214, #5234, #2132, #3136, #4710, #1075, #1632, #84, #3672, #3166, #2166, #5743, #2665, #5713, #5203, #5138, #146, #4149, #6276, #4213, #2633, #642, #5171, #2567, #6244, #1666, #116, #3703, #1173, #3068, #4115, #3199, #6186, #611, #672, #1696, #2603, #2696, #4743, #3734, #4613, #5107, #546, #49, #2063, #6150, #4646, #1568, #5644, #2099, #3640, #5678, #1237, #773, #2858, #3335, #2730, #4374, #1830, #4313, #1203, #1766, #4810, #5334, #2361, #4345, #4775, #1335, #706, #5369, #3234, #3870, #5810, #4844, #4903, #286, #3805, #5267, #5775, #3839, #5400, #3303, #2331, #2794, #2301, #803, #5301, #3267, #341, #740, #6340, #213, #4406, #6436, #2761, #3770, #248, #5842, #2268, #1270, #1300, #5905, #2828, #2234 ),
 ( #1865, #6373, #4279, #6403, #1800, #5874, #6306, #4873, #313, #3366, #832, #1731, #2395, #506, #411, #5065, #1368, #1894, #1955, #4506, #2928, #4036, #4441, #4005, #4972, #2890, #5533, #865, #5467, #5939, #2959, #5502, #6538, #1986, #3527, #998, #934, #2491, #3497, #2432, #4935, #3938, #3025, #6476, #5005, #898, #2525, #443, #4570, #4538, #6004, #4473, #2, #967, #1926, #6038, #3904, #476, #6571, #2462, #3431, #1461, #6506, #2990, #5035, #6070, #3397, #1490, #5430, #5565, #377, #5970, #1397, #3465, #3968, #1432, #1588, #2020, #3630, #3126, #2592, #5735, #5704, #37, #4734, #3189, #600, #1657, #1164, #6206, #5226, #2623, #5668, #4068, #5098, #1133, #5128, #4136, #6176, #664, #1556, #2120, #1096, #3156, #5601, #2687, #6104, #3695, #5162, #1523, #6139, #2655, #135, #3562, #1032, #3595, #4103, #4668, #3058, #1622, #537, #631, #4700, #569, #2557, #4637, #1064, #105, #4603, #4168, #2053, #4203, #5634, #3663, #3090, #2155, #73, #5193, #6235, #2088, #4239, #2722, #6266, #1688, #175, #2193, #3725, #3224, #5258, #698, #5765, #1193, #1934, #1965, #6577, #3505, #5441, #3535, #1994, #419, #5014 ) ),
 .UNSPECIFIED., .F., .F., .T. ) 
 B_SPLINE_SURFACE_WITH_KNOTS ( ( 2, 2 ),
 ( 3, 2, 2, 2, 2, 2, 2, 2, 2, 2, 2, 2, 2, 2, 2, 2, 2, 2, 2, 2, 2, 2, 2, 2, 2, 2, 2, 2, 2, 2, 2, 2, 2, 2, 2, 2, 2, 2, 2, 2, 2, 2, 2, 2, 2, 2, 2, 2, 2, 2, 2, 2, 2, 2, 2, 2, 2, 2, 2, 2, 2, 2, 2, 2, 2, 2, 2, 2, 2, 2, 2, 2, 2, 2, 2, 2, 2, 2, 2, 2, 3 ),
 ( 0.000000000000000000, 1.000000000000000000 ),
 ( 0.000000000000000000, 0.01190476190476190410, 0.02380952380952380820, 0.03571428571428571230, 0.04761904761904761640, 0.05952380952380952051, 0.07142857142857142461, 0.08333333333333332871, 0.09523809523809523281, 0.1071428571428571369, 0.1190476190476190410, 0.1309523809523809590, 0.1428571428571428492, 0.1547619047619047672, 0.1666666666666666574, 0.1785714285714285754, 0.1904761904761904656, 0.2023809523809523836, 0.2142857142857142738, 0.2261904761904761918, 0.2380952380952380820, 0.2500000000000000000, 0.2619047619047619180, 0.2738095238095238360, 0.2857142857142856984, 0.2976190476190476164, 0.3095238095238095344, 0.3214285714285714524, 0.3333333333333333148, 0.3452380952380952328, 0.3571428571428571508, 0.3690476190476190688, 0.3809523809523809312, 0.3928571428571428492, 0.4047619047619047672, 0.4166666666666666852, 0.4285714285714285476, 0.4404761904761904656, 0.4523809523809523836, 0.4642857142857143016, 0.4761904761904761640, 0.4880952380952380820, 0.5000000000000000000, 0.5119047619047618625, 0.5238095238095238360, 0.5357142857142856984, 0.5476190476190476719, 0.5595238095238095344, 0.5714285714285713969, 0.5833333333333333703, 0.5952380952380952328, 0.6071428571428570953, 0.6190476190476190688, 0.6309523809523809312, 0.6428571428571429047, 0.6547619047619047672, 0.6666666666666666297, 0.6785714285714286031, 0.6904761904761904656, 0.7023809523809523281, 0.7142857142857143016, 0.7261904761904761640, 0.7380952380952381375, 0.7500000000000000000, 0.7619047619047618625, 0.7738095238095238360, 0.7857142857142856984, 0.7976190476190476719, 0.8095238095238095344, 0.8214285714285713969, 0.8333333333333333703, 0.8452380952380952328, 0.8571428571428570953, 0.8690476190476190688, 0.8809523809523809312, 0.8928571428571429047, 0.9047619047619047672, 0.9166666666666666297, 0.9285714285714286031, 0.9402984054253892277, 0.9497013894796431099 ),
 .UNSPECIFIED. ) 
 GEOMETRIC_REPRESENTATION_ITEM ( )  RATIONAL_B_SPLINE_SURFACE ( (
 ( 1.000000000000000000, 0.8660254037844387076, 1.000000000000000000, 0.8660254037844387076, 1.000000000000000000, 0.8660254037844387076, 1.000000000000000000, 0.8660254037844387076, 1.000000000000000000, 0.8660254037844387076, 1.000000000000000000, 0.8660254037844387076, 1.000000000000000000, 0.8660254037844387076, 1.000000000000000000, 0.8660254037844387076, 1.000000000000000000, 0.8660254037844387076, 1.000000000000000000, 0.8660254037844387076, 1.000000000000000000, 0.8660254037844387076, 1.000000000000000000, 0.8660254037844387076, 1.000000000000000000, 0.8660254037844387076, 1.000000000000000000, 0.8660254037844387076, 1.000000000000000000, 0.8660254037844387076, 1.000000000000000000, 0.8660254037844387076, 1.000000000000000000, 0.8660254037844387076, 1.000000000000000000, 0.8660254037844387076, 1.000000000000000000, 0.8660254037844387076, 1.000000000000000000, 0.8660254037844387076, 1.000000000000000000, 0.8660254037844387076, 1.000000000000000000, 0.8660254037844387076, 1.000000000000000000, 0.8660254037844387076, 1.000000000000000000, 0.8660254037844387076, 1.000000000000000000, 0.8660254037844387076, 1.000000000000000000, 0.8660254037844387076, 1.000000000000000000, 0.8660254037844387076, 1.000000000000000000, 0.8660254037844387076, 1.000000000000000000, 0.8660254037844387076, 1.000000000000000000, 0.8660254037844387076, 1.000000000000000000, 0.8660254037844387076, 1.000000000000000000, 0.8660254037844387076, 1.000000000000000000, 0.8660254037844387076, 1.000000000000000000, 0.8660254037844387076, 1.000000000000000000, 0.8660254037844387076, 1.000000000000000000, 0.8660254037844387076, 1.000000000000000000, 0.8660254037844387076, 1.000000000000000000, 0.8660254037844387076, 1.000000000000000000, 0.8660254037844387076, 1.000000000000000000, 0.8660254037844387076, 1.000000000000000000, 0.8660254037844387076, 1.000000000000000000, 0.8660254037844387076, 1.000000000000000000, 0.8660254037844387076, 1.000000000000000000, 0.8660254037844387076, 1.000000000000000000, 0.8660254037844387076, 1.000000000000000000, 0.8660254037844387076, 1.000000000000000000, 0.8660254037844387076, 1.000000000000000000, 0.8660254037844387076, 1.000000000000000000, 0.8660254037844387076, 1.000000000000000000, 0.8660254037844387076, 1.000000000000000000, 0.8660254037844387076, 1.000000000000000000, 0.8660254037844387076, 1.000000000000000000, 0.8660254037844387076, 1.000000000000000000, 0.8660254037844387076, 1.000000000000000000, 0.8660254037844387076, 1.000000000000000000, 0.8660254037844387076, 1.000000000000000000, 0.8660254037844387076, 1.000000000000000000, 0.8660254037844387076, 1.000000000000000000, 0.8660254037844387076, 1.000000000000000000, 0.8660254037844387076, 1.000000000000000000, 0.8660254037844387076, 1.000000000000000000, 0.8660254037844387076, 1.000000000000000000, 0.8660254037844387076, 1.000000000000000000, 0.8660254037844387076, 1.000000000000000000, 0.8660254037844387076, 1.000000000000000000, 0.8660254037844387076, 1.000000000000000000, 0.8660254037844387076, 1.000000000000000000, 0.8660254037844387076, 1.000000000000000000, 0.8660254037844387076, 1.000000000000000000, 0.8660254037844387076, 1.000000000000000000, 0.8660254037844387076, 1.000000000000000000, 0.8660254037844387076, 1.000000000000000000, 0.8660254037844387076, 1.000000000000000000, 0.8660254037844387076, 1.000000000000000000, 0.8660254037844387076, 1.000000000000000000, 0.8660254037844387076, 1.000000000000000000, 0.8660254037844387076, 1.000000000000000000, 0.8660254037844387076, 1.000000000000000000, 0.8680261729375564617, 0.9960582204438133136, 0.9960582204438133136, 0.9960582204438133136),
 ( 1.000000000000000000, 0.8660254037844387076, 1.000000000000000000, 0.8660254037844387076, 1.000000000000000000, 0.8660254037844387076, 1.000000000000000000, 0.8660254037844387076, 1.000000000000000000, 0.8660254037844387076, 1.000000000000000000, 0.8660254037844387076, 1.000000000000000000, 0.8660254037844387076, 1.000000000000000000, 0.8660254037844387076, 1.000000000000000000, 0.8660254037844387076, 1.000000000000000000, 0.8660254037844387076, 1.000000000000000000, 0.8660254037844387076, 1.000000000000000000, 0.8660254037844387076, 1.000000000000000000, 0.8660254037844387076, 1.000000000000000000, 0.8660254037844387076, 1.000000000000000000, 0.8660254037844387076, 1.000000000000000000, 0.8660254037844387076, 1.000000000000000000, 0.8660254037844387076, 1.000000000000000000, 0.8660254037844387076, 1.000000000000000000, 0.8660254037844387076, 1.000000000000000000, 0.8660254037844387076, 1.000000000000000000, 0.8660254037844387076, 1.000000000000000000, 0.8660254037844387076, 1.000000000000000000, 0.8660254037844387076, 1.000000000000000000, 0.8660254037844387076, 1.000000000000000000, 0.8660254037844387076, 1.000000000000000000, 0.8660254037844387076, 1.000000000000000000, 0.8660254037844387076, 1.000000000000000000, 0.8660254037844387076, 1.000000000000000000, 0.8660254037844387076, 1.000000000000000000, 0.8660254037844387076, 1.000000000000000000, 0.8660254037844387076, 1.000000000000000000, 0.8660254037844387076, 1.000000000000000000, 0.8660254037844387076, 1.000000000000000000, 0.8660254037844387076, 1.000000000000000000, 0.8660254037844387076, 1.000000000000000000, 0.8660254037844387076, 1.000000000000000000, 0.8660254037844387076, 1.000000000000000000, 0.8660254037844387076, 1.000000000000000000, 0.8660254037844387076, 1.000000000000000000, 0.8660254037844387076, 1.000000000000000000, 0.8660254037844387076, 1.000000000000000000, 0.8660254037844387076, 1.000000000000000000, 0.8660254037844387076, 1.000000000000000000, 0.8660254037844387076, 1.000000000000000000, 0.8660254037844387076, 1.000000000000000000, 0.8660254037844387076, 1.000000000000000000, 0.8660254037844387076, 1.000000000000000000, 0.8660254037844387076, 1.000000000000000000, 0.8660254037844387076, 1.000000000000000000, 0.8660254037844387076, 1.000000000000000000, 0.8660254037844387076, 1.000000000000000000, 0.8660254037844387076, 1.000000000000000000, 0.8660254037844387076, 1.000000000000000000, 0.8660254037844387076, 1.000000000000000000, 0.8660254037844387076, 1.000000000000000000, 0.8660254037844387076, 1.000000000000000000, 0.8660254037844387076, 1.000000000000000000, 0.8660254037844387076, 1.000000000000000000, 0.8660254037844387076, 1.000000000000000000, 0.8660254037844387076, 1.000000000000000000, 0.8660254037844387076, 1.000000000000000000, 0.8660254037844387076, 1.000000000000000000, 0.8660254037844387076, 1.000000000000000000, 0.8660254037844387076, 1.000000000000000000, 0.8660254037844387076, 1.000000000000000000, 0.8660254037844387076, 1.000000000000000000, 0.8660254037844387076, 1.000000000000000000, 0.8660254037844387076, 1.000000000000000000, 0.8660254037844387076, 1.000000000000000000, 0.8660254037844387076, 1.000000000000000000, 0.8660254037844387076, 1.000000000000000000, 0.8660254037844387076, 1.000000000000000000, 0.8660254037844387076, 1.000000000000000000, 0.8660254037844387076, 1.000000000000000000, 0.8660254037844387076, 1.000000000000000000, 0.8660254037844387076, 1.000000000000000000, 0.8660254037844387076, 1.000000000000000000, 0.8660254037844387076, 1.000000000000000000, 0.8680261729375564617, 0.9960582204438133136, 0.9960582204438133136, 0.9960582204438133136) ) ) 
 REPRESENTATION_ITEM ( '' )  SURFACE ( )  );
#6354 = EDGE_CURVE ( 'NONE', #5741, #2836, #2588, .T. ) ;
#6355 = CARTESIAN_POINT ( 'NONE',  ( 1.338300807568873152, 0.7726683315065731028, 9.733333333333336057 ) ) ;
#6356 = DIRECTION ( 'NONE',  ( 0.000000000000000000, 0.8660254037844404840, -0.4999999999999967248 ) ) ;
#6357 = CARTESIAN_POINT ( 'NONE',  ( 0.8922005383792492861, 1.545336663013156198, 20.99166666666666714 ) ) ;
#6358 = CARTESIAN_POINT ( 'NONE',  ( 0.000000000000000000, 1.999999999999999112, -4.599999999999997868 ) ) ;
#6359 = CARTESIAN_POINT ( 'NONE',  ( -0.8922005383792672717, 1.545336663013189504, 13.40833333333335631 ) ) ;
#6360 = CARTESIAN_POINT ( 'NONE',  ( -1.338300807568884032, -0.7726683315065931978, -3.229166666666662966 ) ) ;
#6361 = CARTESIAN_POINT ( 'NONE',  ( 0.000000000000000000, 1.999999999999999112, -3.899999999999998579 ) ) ;
#6362 = CARTESIAN_POINT ( 'NONE',  ( 1.338300807568883588, -0.7726683315065944191, -3.783333333333331439 ) ) ;
#6363 = DIRECTION ( 'NONE',  ( -0.000000000000000000, 1.059903591714612962E-16, -1.000000000000000000 ) ) ;
#6364 = CARTESIAN_POINT ( 'NONE',  ( 0.8922005383792477318, -1.545336663013172407, 12.27083333333334103 ) ) ;
#6365 = CARTESIAN_POINT ( 'NONE',  ( 0.8922005383792551703, -1.545336663013182177, -2.354166666666662966 ) ) ;
#6366 = ORIENTED_EDGE ( 'NONE', *, *, #247, .F. ) ;
#6367 = CARTESIAN_POINT ( 'NONE',  ( -1.892491597964140040E-16, -1.545336663013182843, -5.299999999999997158 ) ) ;
#6368 = CARTESIAN_POINT ( 'NONE',  ( 1.008008438990367850, -1.236981695466285336, 19.26235442511564244 ) ) ;
#6369 = CARTESIAN_POINT ( 'NONE',  ( -1.764863307568880213, -1.018944305707793596, 17.36770833333333997 ) ) ;
#6370 = CARTESIAN_POINT ( 'NONE',  ( 1.338300807568873152, 0.7726683315065731028, 17.43333333333333712 ) ) ;
#6371 = ORIENTED_EDGE ( 'NONE', *, *, #4963, .T. ) ;
#6372 = CARTESIAN_POINT ( 'NONE',  ( 1.338300807568883366, -0.7726683315065945301, -8.595833333333329662 ) ) ;
#6373 = CARTESIAN_POINT ( 'NONE',  ( -0.8922005383792558364, 1.545336663013172185, -9.791666666666664298 ) ) ;
#6374 = ADVANCED_FACE ( 'NONE', ( #1826 ), #3833, .T. ) ;
#6375 = CARTESIAN_POINT ( 'NONE',  ( -1.732050807568878747, -1.000000000000007994, 18.74583333333334068 ) ) ;
#6376 = CARTESIAN_POINT ( 'NONE',  ( 0.8922005383792567246, 1.545336663013171963, -7.720833333333330550 ) ) ;
#6377 = CARTESIAN_POINT ( 'NONE',  ( 0.000000000000000000, 1.999999999999998224, -3.812499999999998668 ) ) ;
#6378 = CARTESIAN_POINT ( 'NONE',  ( 0.8922005383792491751, 1.545336663013155754, 9.004166666666671759 ) ) ;
#6379 = CARTESIAN_POINT ( 'NONE',  ( -1.892491597964140040E-16, -1.545336663013183065, -9.499999999999998224 ) ) ;
#6380 = CARTESIAN_POINT ( 'NONE',  ( -1.764863307568880213, -1.018944305707793596, 16.01145833333333712 ) ) ;
#6381 = CARTESIAN_POINT ( 'NONE',  ( 1.075448163429696624, -2.843191328482133962, 0.03492860593104474276 ) ) ;
#6382 = CARTESIAN_POINT ( 'NONE',  ( 2.939999999999999503, -4.063933977075649852E-15, 20.00000000000000000 ) ) ;
#6383 =( BOUNDED_CURVE ( )  B_SPLINE_CURVE ( 1, ( #5205, #186 ),
 .UNSPECIFIED., .F., .F. ) 
 B_SPLINE_CURVE_WITH_KNOTS ( ( 2, 2 ),
 ( 0.000000000000000000, 0.0005249999999998936073 ),
 .UNSPECIFIED. ) 
 CURVE ( )  GEOMETRIC_REPRESENTATION_ITEM ( )  RATIONAL_B_SPLINE_CURVE ( ( 0.9388448616260627322, 0.9388448616260627322 ) ) 
 REPRESENTATION_ITEM ( '' )  );
#6384 = CARTESIAN_POINT ( 'NONE',  ( -1.481934787033727829, -0.6582983141136008465, -9.500000000000017764 ) ) ;
#6385 = EDGE_CURVE ( 'NONE', #5843, #81, #6567, .T. ) ;
#6386 = CARTESIAN_POINT ( 'NONE',  ( 0.8922005383792491751, 1.545336663013155754, 11.89166666666667105 ) ) ;
#6387 = CARTESIAN_POINT ( 'NONE',  ( 0.7470856207961583673, 1.686216162316793277, -9.345227805668178789 ) ) ;
#6388 = CARTESIAN_POINT ( 'NONE',  ( -1.338300807568872708, 0.7726683315065744351, 17.66666666666667140 ) ) ;
#6389 = CARTESIAN_POINT ( 'NONE',  ( -0.8922005383792672717, 1.545336663013189504, 12.70833333333335702 ) ) ;
#6390 = LINE ( 'NONE', #2844, #3200 ) ;
#6391 =( BOUNDED_CURVE ( )  B_SPLINE_CURVE ( 2, ( #677, #1769, #3773, #743, #4813, #251, #1635 ),
 .UNSPECIFIED., .F., .T. ) 
 B_SPLINE_CURVE_WITH_KNOTS ( ( 3, 2, 2, 3 ),
 ( 0.6944444444444445308, 0.7037037037037038312, 0.7129629629629631316, 0.7222222222222224319 ),
 .UNSPECIFIED. ) 
 CURVE ( )  GEOMETRIC_REPRESENTATION_ITEM ( )  RATIONAL_B_SPLINE_CURVE ( ( 0.9999999999999984457, 0.8660254037844402619, 1.000000000000000000, 0.8660254037844387076, 1.000000000000000000, 0.8660254037844354880, 1.000000000000003109 ) ) 
 REPRESENTATION_ITEM ( '' )  );
#6392 = CARTESIAN_POINT ( 'NONE',  ( 1.764863307568882655, -1.018944305707793374, -0.6114583333333302173 ) ) ;
#6393 = CARTESIAN_POINT ( 'NONE',  ( 1.154700538379255903, 1.999999999999997113, 10.84166666666667034 ) ) ;
#6394 = CARTESIAN_POINT ( 'NONE',  ( -2.999999999999999112, 1.437602170282158642, 0.2232411399076045244 ) ) ;
#6395 = CARTESIAN_POINT ( 'NONE',  ( -1.784401076758496574, -7.756815644250031206E-15, 12.73750000000000604 ) ) ;
#6396 = CARTESIAN_POINT ( 'NONE',  ( 0.8922005383792566136, 1.545336663013171963, -3.520833333333330817 ) ) ;
#6397 = ORIENTED_EDGE ( 'NONE', *, *, #239, .T. ) ;
#6398 = CARTESIAN_POINT ( 'NONE',  ( 0.8922005383792568356, 1.545336663013171963, -7.108333333333330728 ) ) ;
#6399 = CARTESIAN_POINT ( 'NONE',  ( 0.04304026672369493101, -1.544737174244490863, 19.21533666301299448 ) ) ;
#6400 = CARTESIAN_POINT ( 'NONE',  ( 2.353151076758506655, -8.298345537711768183E-15, 15.55937500000000639 ) ) ;
#6401 = EDGE_LOOP ( 'NONE', ( #3671, #2604, #350, #6148 ) ) ;
#6402 = CARTESIAN_POINT ( 'NONE',  ( 0.8922005383792552813, -1.545336663013183065, -9.354166666666662522 ) ) ;
#6403 = CARTESIAN_POINT ( 'NONE',  ( -1.784401076758511895, -5.195183369850121484E-15, -9.674999999999997158 ) ) ;
#6404 = CARTESIAN_POINT ( 'NONE',  ( 2.754172377628038194E-11, -2.000000000000003553, 18.86250000000139693 ) ) ;
#6405 = CARTESIAN_POINT ( 'NONE',  ( -1.892491597964139794E-16, -1.545336663013182399, -7.312499999999997335 ) ) ;
#6406 = DIRECTION ( 'NONE',  ( -0.000000000000000000, 1.059903591714612962E-16, -1.000000000000000000 ) ) ;
#6407 = APPLICATION_PROTOCOL_DEFINITION ( 'international standard', 'config_control_design', 1994, #2085 ) ;
#6408 = CARTESIAN_POINT ( 'NONE',  ( 1.604121564228834229, -1.109039603068274760, -1.372087203169424230 ) ) ;
#6409 = CARTESIAN_POINT ( 'NONE',  ( -1.176575538379253105, 2.037888611415564544, 13.73645833333333677 ) ) ;
#6410 = VERTEX_POINT ( 'NONE', #5395 ) ;
#6411 = CARTESIAN_POINT ( 'NONE',  ( 3.784983195928246554E-16, 1.545336663013156420, 9.062500000000069278 ) ) ;
#6412 = EDGE_LOOP ( 'NONE', ( #4773, #2293, #5542, #3099 ) ) ;
#6413 = DIRECTION ( 'NONE',  ( 0.000000000000000000, 0.000000000000000000, -1.000000000000000000 ) ) ;
#6414 = CARTESIAN_POINT ( 'NONE',  ( -1.338300807568872486, 0.7726683315065743241, 9.266666666666669272 ) ) ;
#6415 = CARTESIAN_POINT ( 'NONE',  ( -1.732050807568881856, -1.000000000000009992, 15.33333333333333393 ) ) ;
#6416 = CARTESIAN_POINT ( 'NONE',  ( -1.892491597964123770E-16, -1.545336663013172185, 20.00000000000000355 ) ) ;
#6417 = VECTOR ( 'NONE', #4493, 1000.000000000000000 ) ;
#6418 = CARTESIAN_POINT ( 'NONE',  ( 1.919503833847594931, 2.355875559955324494, 19.94810379478157003 ) ) ;
#6419 = CARTESIAN_POINT ( 'NONE',  ( -0.8922005383792480648, 1.545336663013156642, 18.92083333333340178 ) ) ;
#6420 = EDGE_CURVE ( 'NONE', #1016, #4765, #2654, .T. ) ;
#6421 = CARTESIAN_POINT ( 'NONE',  ( -1.732050807569008866, 1.000000000000071054, -2.995833333333417059 ) ) ;
#6422 = CARTESIAN_POINT ( 'NONE',  ( 0.000000000000000000, 2.037888611415571205, -0.3781249999999964917 ) ) ;
#6423 = CIRCLE ( 'NONE', #4627, 2.330000000000000071 ) ;
#6424 = CARTESIAN_POINT ( 'NONE',  ( 4.898587196589425648E-16, 1.999999999999997335, 10.90000000000000213 ) ) ;
#6425 = CARTESIAN_POINT ( 'NONE',  ( 0.6960658081182818924, 1.595363343923117183, 19.40675998628172749 ) ) ;
#6426 = CARTESIAN_POINT ( 'NONE',  ( -1.892491597964123277E-16, -1.545336663013171963, 13.61250000000000604 ) ) ;
#6427 = AXIS2_PLACEMENT_3D ( 'NONE', #4867, #5362, #4898 ) ;
#6428 = CARTESIAN_POINT ( 'NONE',  ( 1.154700538379252572, 1.999999999999991340, 18.45416666666666927 ) ) ;
#6429 = CARTESIAN_POINT ( 'NONE',  ( -1.338300807568883810, -0.7726683315065931978, -3.929166666666663144 ) ) ;
#6430 = ORIENTED_EDGE ( 'NONE', *, *, #4145, .F. ) ;
#6431 = CARTESIAN_POINT ( 'NONE',  ( 1.784401076758511895, -5.396491074423735588E-15, -5.824999999999998401 ) ) ;
#6432 = CARTESIAN_POINT ( 'NONE',  ( 2.309401076758501592, -5.551868137065554545E-15, -6.787499999999997868 ) ) ;
#6433 = CARTESIAN_POINT ( 'NONE',  ( 1.176575538379252661, -2.037888611415580975, 15.44270833333333925 ) ) ;
#6434 = EDGE_LOOP ( 'NONE', ( #4741, #6011 ) ) ;
#6435 = CARTESIAN_POINT ( 'NONE',  ( 0.000000000000000000, 1.545336663013172851, -0.7499999999999972244 ) ) ;
#6436 = CARTESIAN_POINT ( 'NONE',  ( -2.495693764988929564E-16, -2.037888611415580975, -1.384375000000001910 ) ) ;
#6437 = AXIS2_PLACEMENT_3D ( 'NONE', #3787, #5825, #2345 ) ;
#6438 = CYLINDRICAL_SURFACE ( 'NONE', #899, 1.999999999999998224 ) ;
#6439 = CARTESIAN_POINT ( 'NONE',  ( 0.000000000000000000, 1.545336663013172185, -9.062499999999998224 ) ) ;
#6440 = CARTESIAN_POINT ( 'NONE',  ( 1.453277528059210510, -1.331564729207576958, 19.63701190935826446 ) ) ;
#6441 = CARTESIAN_POINT ( 'NONE',  ( 0.8922005383792477318, -1.545336663013172407, 8.770833333333337478 ) ) ;
#6442 = CARTESIAN_POINT ( 'NONE',  ( 1.657557513602458288, -1.018419464190754686, -1.369339110822886951 ) ) ;
#6443 = CARTESIAN_POINT ( 'NONE',  ( 2.353151076758506655, -8.298345537711768183E-15, 12.10312500000000213 ) ) ;
#6444 = ORIENTED_EDGE ( 'NONE', *, *, #2516, .F. ) ;
#6445 = B_SPLINE_CURVE_WITH_KNOTS ( 'NONE', 3,
 ( #6232, #5124, #3691, #5731, #4663, #6132, #1128, #3052, #3152, #101, #5189, #627, #4697, #1161, #5093, #3591, #1060, #3086 ),
 .UNSPECIFIED., .F., .F.,
 ( 4, 2, 2, 2, 2, 2, 2, 2, 4 ),
 ( 0.0002407730029000349284, 0.0007628984144583903773, 0.001285023826016745826, 0.001807149237575101167, 0.002329274649133456724, 0.002851400060691812281, 0.003373525472250167405, 0.003895650883808522962, 0.004417776295366878520 ),
 .UNSPECIFIED. ) ;
#6446 = DIRECTION ( 'NONE',  ( -0.8660254037844384856, 0.5000000000000002220, 0.000000000000000000 ) ) ;
#6447 = CARTESIAN_POINT ( 'NONE',  ( 1.732050807568902950, 1.000000000000005329, 12.79583333333335560 ) ) ;
#6448 = VERTEX_POINT ( 'NONE', #4402 ) ;
#6449 = AXIS2_PLACEMENT_3D ( 'NONE', #69, #3185, #3555 ) ;
#6450 = CARTESIAN_POINT ( 'NONE',  ( 0.000000000000000000, 5.246303815928974609E-16, -9.500000000000000000 ) ) ;
#6451 = CARTESIAN_POINT ( 'NONE',  ( 1.338300807568872042, -0.7726683315065906443, 20.02916666666667567 ) ) ;
#6452 = DIRECTION ( 'NONE',  ( 0.000000000000000000, 1.000000000000000000, 1.084202172485505174E-16 ) ) ;
#6453 = VECTOR ( 'NONE', #1787, 1000.000000000000114 ) ;
#6454 = CARTESIAN_POINT ( 'NONE',  ( 0.8922005383792492861, 1.545336663013156198, 14.69166666666666998 ) ) ;
#6455 = EDGE_LOOP ( 'NONE', ( #3097, #4079, #1733, #1966 ) ) ;
#6456 = CYLINDRICAL_SURFACE ( 'NONE', #2708, 1.999999999999998224 ) ;
#6457 = CARTESIAN_POINT ( 'NONE',  ( -1.892491597964123277E-16, -1.545336663013171963, 19.21250000000006963 ) ) ;
#6458 = CARTESIAN_POINT ( 'NONE',  ( -1.732050807568960238, 1.000000000000040412, 17.22916666666672825 ) ) ;
#6459 = CARTESIAN_POINT ( 'NONE',  ( 1.176575538379256658, 2.037888611415570317, -2.536458333333330373 ) ) ;
#6460 = CIRCLE ( 'NONE', #5280, 1.545336663013172629 ) ;
#6461 = CARTESIAN_POINT ( 'NONE',  ( 0.8348461526235905206, -1.817424524278700160, -1.402500000000027836 ) ) ;
#6462 = CARTESIAN_POINT ( 'NONE',  ( 0.8922005383792492861, 1.545336663013156198, 9.091666666666670338 ) ) ;
#6463 = EDGE_CURVE ( 'NONE', #5509, #13, #1304, .T. ) ;
#6464 = CARTESIAN_POINT ( 'NONE',  ( 1.338300807568873152, 0.7726683315065731028, 11.04583333333333961 ) ) ;
#6465 = CARTESIAN_POINT ( 'NONE',  ( -1.429720487974607934, 1.385908890423919182, 8.900000000000007461 ) ) ;
#6466 = CARTESIAN_POINT ( 'NONE',  ( 0.8922005383792566136, 1.545336663013171963, -4.220833333333329662 ) ) ;
#6467 = ORIENTED_EDGE ( 'NONE', *, *, #452, .T. ) ;
#6468 = EDGE_CURVE ( 'NONE', #3861, #5961, #5869, .T. ) ;
#6469 = CARTESIAN_POINT ( 'NONE',  ( -1.784401076758511895, -4.938007542029177041E-15, -5.474999999999997868 ) ) ;
#6470 = CARTESIAN_POINT ( 'NONE',  ( -2.449293598294711345E-16, -2.000000000000008882, -4.249999999999998224 ) ) ;
#6471 = CARTESIAN_POINT ( 'NONE',  ( 1.764863307568879547, -1.018944305707794928, 13.40104166666667318 ) ) ;
#6472 = ORIENTED_EDGE ( 'NONE', *, *, #2226, .F. ) ;
#6473 = CARTESIAN_POINT ( 'NONE',  ( -1.784401076758511673, -5.146962902133694204E-15, -8.887499999999995737 ) ) ;
#6474 = EDGE_CURVE ( 'NONE', #2454, #4965, #3225, .T. ) ;
#6475 = DESIGN_CONTEXT ( 'detailed design', #3115, 'design' ) ;
#6476 = CARTESIAN_POINT ( 'NONE',  ( 0.8922005383792555033, -1.545336663013183287, -7.341666666666665009 ) ) ;
#6477 = CARTESIAN_POINT ( 'NONE',  ( -2.449293598294698033E-16, -1.999999999999998224, -6.262499999999993072 ) ) ;
#6478 = CARTESIAN_POINT ( 'NONE',  ( -0.8922005383792557254, 1.545336663013172185, -9.004166666666664653 ) ) ;
#6479 = CARTESIAN_POINT ( 'NONE',  ( 4.898587196589428606E-16, 1.999999999999999112, 10.11250000000000604 ) ) ;
#6480 =( LENGTH_UNIT ( ) NAMED_UNIT ( * ) SI_UNIT ( .MILLI., .METRE. ) );
#6481 = CARTESIAN_POINT ( 'NONE',  ( -1.154700538379844987, -1.999999999998985034, -2.908333333333391835 ) ) ;
#6482 = CARTESIAN_POINT ( 'NONE',  ( 1.764863307568879547, -1.018944305707794928, 14.14479166666666998 ) ) ;
#6483 = EDGE_LOOP ( 'NONE', ( #1537, #610, #1005, #5839 ) ) ;
#6484 = CARTESIAN_POINT ( 'NONE',  ( 3.000000000000000000, 1.732050807568874085, -9.165151389911683211 ) ) ;
#6485 = LINE ( 'NONE', #5947, #5693 ) ;
#6486 = ORIENTED_EDGE ( 'NONE', *, *, #4266, .T. ) ;
#6487 = CARTESIAN_POINT ( 'NONE',  ( 1.176575538379254882, -2.037888611415581863, -9.726041666666667140 ) ) ;
#6488 =( BOUNDED_CURVE ( )  B_SPLINE_CURVE ( 2, ( #344, #1770, #3842, #2894, #4444, #4409, #4847 ),
 .UNSPECIFIED., .F., .F. ) 
 B_SPLINE_CURVE_WITH_KNOTS ( ( 3, 2, 2, 3 ),
 ( 0.8331555165268226260, 0.8450602784315844884, 0.8569650403363463509, 0.8688698022411083244 ),
 .UNSPECIFIED. ) 
 CURVE ( )  GEOMETRIC_REPRESENTATION_ITEM ( )  RATIONAL_B_SPLINE_CURVE ( ( 0.9999999999998813172, 0.8660254037845573905, 1.000000000000000000, 0.8660254037844387076, 1.000000000000000000, 0.8660254037843200248, 1.000000000000118794 ) ) 
 REPRESENTATION_ITEM ( '' )  );
#6489 = CARTESIAN_POINT ( 'NONE',  ( 1.784401076758496574, -8.193867857659506841E-15, 20.08750000000000568 ) ) ;
#6490 = FACE_OUTER_BOUND ( 'NONE', #2666, .T. ) ;
#6491 = CARTESIAN_POINT ( 'NONE',  ( 0.8922005383792492861, 1.545336663013156198, 16.79166666666667140 ) ) ;
#6492 = ORIENTED_EDGE ( 'NONE', *, *, #3903, .F. ) ;
#6493 = CARTESIAN_POINT ( 'NONE',  ( 1.080496166152406401, -2.840276862751306641, 19.94810379478157003 ) ) ;
#6494 = CARTESIAN_POINT ( 'NONE',  ( -1.784401076758496352, -7.756815644250031206E-15, 18.33750000000006608 ) ) ;
#6495 = CARTESIAN_POINT ( 'NONE',  ( -1.732050807568881856, -1.000000000000009992, 9.733333333333334281 ) ) ;
#6496 = CARTESIAN_POINT ( 'NONE',  ( -1.176575538379255104, 2.037888611415571205, -1.019791666666663543 ) ) ;
#6497 = CARTESIAN_POINT ( 'NONE',  ( 1.338300807568883144, -0.7726683315065945301, -9.295833333333328952 ) ) ;
#6498 = CARTESIAN_POINT ( 'NONE',  ( 3.784983195928246554E-16, 1.545336663013156420, 10.46250000000000568 ) ) ;
#6499 = CARTESIAN_POINT ( 'NONE',  ( -1.919503833847595153, 2.355875559955323162, 0.05189620521843150286 ) ) ;
#6500 = CARTESIAN_POINT ( 'NONE',  ( 1.784401076758511451, -5.305407968737151163E-15, -4.337499999999996803 ) ) ;
#6501 = VERTEX_POINT ( 'NONE', #6470 ) ;
#6502 = CARTESIAN_POINT ( 'NONE',  ( -1.892491597964140040E-16, -1.545336663013182843, -5.999999999999997335 ) ) ;
#6503 = CARTESIAN_POINT ( 'NONE',  ( -2.353151076758506655, -7.721989750899276899E-15, 14.50937500000000568 ) ) ;
#6504 = CARTESIAN_POINT ( 'NONE',  ( 0.8922005383792552813, -1.545336663013182843, -7.954166666666663943 ) ) ;
#6505 = EDGE_CURVE ( 'NONE', #420, #2298, #3775, .T. ) ;
#6506 = CARTESIAN_POINT ( 'NONE',  ( -1.338300807568884032, 0.7726683315065838720, -6.233333333333331616 ) ) ;
#6507 = PRODUCT_RELATED_PRODUCT_CATEGORY ( 'detail', '', ( #4194 ) ) ;
#6508 = CARTESIAN_POINT ( 'NONE',  ( -2.449293598294712824E-16, -2.000000000000012879, 17.55000000000000071 ) ) ;
#6509 = CARTESIAN_POINT ( 'NONE',  ( -1.892491597964139794E-16, -1.545336663013182399, -6.612499999999997158 ) ) ;
#6510 = DIRECTION ( 'NONE',  ( -0.000000000000000000, 1.059903591714612962E-16, -1.000000000000000000 ) ) ;
#6511 = CARTESIAN_POINT ( 'NONE',  ( -1.892491597964123277E-16, -1.545336663013171963, 10.11250000000000604 ) ) ;
#6512 = CARTESIAN_POINT ( 'NONE',  ( 0.000000000000000000, 1.999999999999999112, -3.199999999999998845 ) ) ;
#6513 = CARTESIAN_POINT ( 'NONE',  ( -2.495693764988925127E-16, -2.037888611415580531, 11.92812500000000320 ) ) ;
#6514 = ORIENTED_EDGE ( 'NONE', *, *, #3563, .T. ) ;
#6515 = CARTESIAN_POINT ( 'NONE',  ( -1.784401076758496352, -7.756815644250031206E-15, 9.237500000000069988 ) ) ;
#6516 = CARTESIAN_POINT ( 'NONE',  ( 1.732050807568876971, 0.9999999999999900080, 14.89583333333333748 ) ) ;
#6517 = ORIENTED_EDGE ( 'NONE', *, *, #438, .F. ) ;
#6518 = CARTESIAN_POINT ( 'NONE',  ( -2.353151076758510651, -5.049182509264272898E-15, -7.859375000000001776 ) ) ;
#6519 = CARTESIAN_POINT ( 'NONE',  ( 1.338300807568873152, 0.7726683315065731028, 9.033333333333338544 ) ) ;
#6520 = CARTESIAN_POINT ( 'NONE',  ( 0.000000000000000000, -3.336265517980108137E-16, -1.402499999999995861 ) ) ;
#6521 = CARTESIAN_POINT ( 'NONE',  ( -0.8922005383792489530, -1.545336663013171741, 15.74166666666667247 ) ) ;
#6522 = VERTEX_POINT ( 'NONE', #3462 ) ;
#6523 = CARTESIAN_POINT ( 'NONE',  ( 0.1893710496379814867, -2.000000000000016875, 19.65956667481745868 ) ) ;
#6524 = CYLINDRICAL_SURFACE ( 'NONE', #4078, 2.000000000000000000 ) ;
#6525 = DIRECTION ( 'NONE',  ( -0.000000000000000000, 1.059903591714612962E-16, -1.000000000000000000 ) ) ;
#6526 = LINE ( 'NONE', #4091, #2899 ) ;
#6527 =( BOUNDED_CURVE ( )  B_SPLINE_CURVE ( 2, ( #89, #2540, #6191, #1604, #3142, #4684, #3074 ),
 .UNSPECIFIED., .F., .T. ) 
 B_SPLINE_CURVE_WITH_KNOTS ( ( 3, 2, 2, 3 ),
 ( 0.02663284049671183623, 0.02872330462659802158, 0.03081376875648420693, 0.03290423288637038535 ),
 .UNSPECIFIED. ) 
 CURVE ( )  GEOMETRIC_REPRESENTATION_ITEM ( )  RATIONAL_B_SPLINE_CURVE ( ( 1.000000000000000222, 0.8660254037844382635, 1.000000000000000000, 0.8660254037844387076, 1.000000000000000000, 0.8660254037844387076, 1.000000000000000000 ) ) 
 REPRESENTATION_ITEM ( '' )  );
#6528 = CARTESIAN_POINT ( 'NONE',  ( -1.154700538379257901, 2.000000000000060396, -5.854166666666686503 ) ) ;
#6529 = CARTESIAN_POINT ( 'NONE',  ( 0.8922005383792478428, -1.545336663013172851, 8.858333333333336057 ) ) ;
#6530 = CARTESIAN_POINT ( 'NONE',  ( -1.338300807568872486, 0.7726683315065743241, 9.879166666666673535 ) ) ;
#6531 = CARTESIAN_POINT ( 'NONE',  ( -1.708303692459371748, 2.477812018438700914, 0.03449857085619185276 ) ) ;
#6532 = CARTESIAN_POINT ( 'NONE',  ( 1.338300807568883144, -0.7726683315065939750, -1.595833333333330994 ) ) ;
#6533 = ORIENTED_EDGE ( 'NONE', *, *, #6064, .T. ) ;
#6534 = AXIS2_PLACEMENT_3D ( 'NONE', #5951, #3413, #1347 ) ;
#6535 = FACE_OUTER_BOUND ( 'NONE', #5680, .T. ) ;
#6536 = CARTESIAN_POINT ( 'NONE',  ( -1.764863307568879991, 1.018944305707778719, 9.551041666666673535 ) ) ;
#6537 = CARTESIAN_POINT ( 'NONE',  ( 0.000000000000000000, 1.545336663013172407, -6.962499999999996803 ) ) ;
#6538 = CARTESIAN_POINT ( 'NONE',  ( 1.338300807568883588, -0.7726683315065946411, -7.983333333333331616 ) ) ;
#6539 = AXIS2_PLACEMENT_3D ( 'NONE', #3329, #2295, #1295 ) ;
#6540 = CARTESIAN_POINT ( 'NONE',  ( 1.154700538379845653, 1.999999999998975042, -4.658333333333390947 ) ) ;
#6541 = CARTESIAN_POINT ( 'NONE',  ( 1.338300807568883366, -0.7726683315065943081, -5.095833333333330550 ) ) ;
#6542 = PERSON_AND_ORGANIZATION ( #3859, #6112 ) ;
#6543 = CARTESIAN_POINT ( 'NONE',  ( 1.414694341326514726, -1.364506852384802293, -1.380955640923956063 ) ) ;
#6544 = CARTESIAN_POINT ( 'NONE',  ( -1.764863307568880213, -1.018944305707793596, 12.51145833333333712 ) ) ;
#6545 = EDGE_CURVE ( 'NONE', #863, #2851, #3087, .T. ) ;
#6546 = VERTEX_POINT ( 'NONE', #5094 ) ;
#6547 = CARTESIAN_POINT ( 'NONE',  ( 1.536441142686956418, 0.1655717883924041067, 8.900000000231749198 ) ) ;
#6548 = CYLINDRICAL_SURFACE ( 'NONE', #4730, 1.999999999999998224 ) ;
#6549 = VERTEX_POINT ( 'NONE', #5125 ) ;
#6550 = CARTESIAN_POINT ( 'NONE',  ( -1.732050807568879636, 0.9999999999999937828, 10.92916666666667247 ) ) ;
#6551 = CARTESIAN_POINT ( 'NONE',  ( 0.3714651495908905532, 1.715130887248447866, 19.42109350662311584 ) ) ;
#6552 = CARTESIAN_POINT ( 'NONE',  ( 1.338300807568872042, -0.7726683315065906443, 20.72916666666667496 ) ) ;
#6553 = CARTESIAN_POINT ( 'NONE',  ( -1.474927052218654833, -0.5069483775521216318, -1.144739898213699369 ) ) ;
#6554 = ADVANCED_FACE ( 'NONE', ( #6535 ), #3017, .F. ) ;
#6555 = CARTESIAN_POINT ( 'NONE',  ( -0.8922005383792482869, 1.545336663013156420, 14.80833333333333712 ) ) ;
#6556 = EDGE_LOOP ( 'NONE', ( #4519, #2133, #6122, #1798 ) ) ;
#6557 = VECTOR ( 'NONE', #3583, 1000.000000000000000 ) ;
#6558 = FACE_OUTER_BOUND ( 'NONE', #6185, .T. ) ;
#6559 = CARTESIAN_POINT ( 'NONE',  ( 1.338300807568901796, 0.7726683315065896451, 9.033333333333356308 ) ) ;
#6560 = CARTESIAN_POINT ( 'NONE',  ( 0.000000000000000000, 1.999999999999998668, -9.500000000000000000 ) ) ;
#6561 = LINE ( 'NONE', #3586, #2156 ) ;
#6562 = ADVANCED_FACE ( 'NONE', ( #4502 ), #5492, .T. ) ;
#6563 = CARTESIAN_POINT ( 'NONE',  ( 0.000000000000000000, -4.063933977075649852E-15, 20.00000000000000000 ) ) ;
#6564 = DIRECTION ( 'NONE',  ( -0.000000000000000000, 1.059903591714612962E-16, -1.000000000000000000 ) ) ;
#6565 = LINE ( 'NONE', #4031, #2263 ) ;
#6566 = CARTESIAN_POINT ( 'NONE',  ( 0.8922005383792551703, -1.545336663013182177, -1.654166666666663232 ) ) ;
#6567 =( BOUNDED_CURVE ( )  B_SPLINE_CURVE ( 2, ( #5901, #277, #337, #6432, #861, #2822, #308 ),
 .UNSPECIFIED., .F., .T. ) 
 B_SPLINE_CURVE_WITH_KNOTS ( ( 3, 2, 2, 3 ),
 ( 0.03917408523227394052, 0.04126449540765263213, 0.04335490558303133762, 0.04544531575841004312 ),
 .UNSPECIFIED. ) 
 CURVE ( )  GEOMETRIC_REPRESENTATION_ITEM ( )  RATIONAL_B_SPLINE_CURVE ( ( 1.000000000001220801, 0.8660254037832180174, 1.000000000000000000, 0.8660254037844387076, 1.000000000000000000, 0.8660254037844387076, 1.000000000000000000 ) ) 
 REPRESENTATION_ITEM ( '' )  );
#6568 = CARTESIAN_POINT ( 'NONE',  ( -1.892491597964123277E-16, -1.545336663013171963, 18.51250000000000639 ) ) ;
#6569 = CARTESIAN_POINT ( 'NONE',  ( -2.353151076758506655, -7.721989750899276899E-15, 11.00937500000000746 ) ) ;
#6570 = CARTESIAN_POINT ( 'NONE',  ( 1.338300807568883366, -0.7726683315065944191, -5.795833333333329840 ) ) ;
#6571 = CARTESIAN_POINT ( 'NONE',  ( 1.338300807568884698, 0.7726683315065826507, -6.466666666666664121 ) ) ;
#6572 = CARTESIAN_POINT ( 'NONE',  ( -0.8922005383792557254, 1.545336663013172851, -2.704166666666663943 ) ) ;
#6573 = DATE_AND_TIME ( #1990, #3550 ) ;
#6574 = CARTESIAN_POINT ( 'NONE',  ( -1.732050807568881634, 0.9999999999999950040, 19.41666666666666785 ) ) ;
#6575 = CARTESIAN_POINT ( 'NONE',  ( -1.764863307568879991, 1.018944305707778719, 8.894791666666668206 ) ) ;
#6576 = ORIENTED_EDGE ( 'NONE', *, *, #4589, .F. ) ;
#6577 = CARTESIAN_POINT ( 'NONE',  ( 1.338300807568884698, 0.7726683315065829838, -0.8666666666666649199 ) ) ;
#6578 = ORIENTED_EDGE ( 'NONE', *, *, #4483, .T. ) ;
#6579 = CARTESIAN_POINT ( 'NONE',  ( -2.353151076758510651, -5.177770423174745119E-15, -9.959375000000003197 ) ) ;
#6580 = VERTEX_POINT ( 'NONE', #6273 ) ;
#6581 = CARTESIAN_POINT ( 'NONE',  ( -0.8922005383792481759, 1.545336663013156420, 14.80833333333333712 ) ) ;
#6582 = CARTESIAN_POINT ( 'NONE',  ( -1.154700538379271002, -1.999999999999985345, 9.091666666666668561 ) ) ;
#6583 = CARTESIAN_POINT ( 'NONE',  ( 0.8922005383792477318, -1.545336663013172407, 15.07083333333333997 ) ) ;
#6584 = CARTESIAN_POINT ( 'NONE',  ( 1.732050807568881190, 0.9999999999999954481, -6.116666666666664476 ) ) ;
#6585 = CARTESIAN_POINT ( 'NONE',  ( -1.338300807568872930, -0.7726683315065897562, 17.08333333333333570 ) ) ;
#6586 = ORIENTED_EDGE ( 'NONE', *, *, #763, .T. ) ;
#6587 = CARTESIAN_POINT ( 'NONE',  ( 0.000000000000000000, -4.451814048259732527E-16, -0.3499999999999996447 ) ) ;
#6588 = CARTESIAN_POINT ( 'NONE',  ( 0.8922005383792491751, 1.545336663013156198, 16.00416666666673748 ) ) ;
#6589 = CARTESIAN_POINT ( 'NONE',  ( 1.154700538379514141, 2.000000000001330047, -8.770833333333818871 ) ) ;
#6590 = CARTESIAN_POINT ( 'NONE',  ( 2.744999999989667483, -1.879275126218199254, 19.77675886009537010 ) ) ;
#6591 = ADVANCED_FACE ( 'NONE', ( #5230 ), #4599, .T. ) ;
#6592 = CARTESIAN_POINT ( 'NONE',  ( 2.449293598294706414E-16, -1.999999999999999556, -9.500000000000000000 ) ) ;
#6593 = CARTESIAN_POINT ( 'NONE',  ( -1.280390047106972684, 0.8729727109315359446, 8.559094091784016811 ) ) ;
#6594 = CARTESIAN_POINT ( 'NONE',  ( 3.784983195928328398E-16, 1.545336663013189504, 14.75000000000002132 ) ) ;
#6595 = CARTESIAN_POINT ( 'NONE',  ( -1.338300807568883810, -0.7726683315065929758, -1.129166666666663765 ) ) ;
#6596 = CARTESIAN_POINT ( 'NONE',  ( -0.8922005383792488420, -1.545336663013171519, 19.85416666666667140 ) ) ;
#6597 = CARTESIAN_POINT ( 'NONE',  ( -0.8888806362404113592, 2.153864570375658705, 8.775124991593772350 ) ) ;
#6598 = CARTESIAN_POINT ( 'NONE',  ( -1.338300807568884032, -0.7726683315065933089, -4.629166666666663765 ) ) ;
ENDSEC;
END-ISO-10303-21;
